barangay_id,municipality_id,name
108594,6459,Zone 1 Poblacion
108595,6459,Zone 2 Poblacion
108596,6459,Zone 3 Poblacion
108597,6459,Zone 4 Poblacion
108598,6459,Zone 5 Poblacion
108599,6459,Zone 6 Poblacion
108600,6459,Zone 7 Poblacion
108601,6466,Benben
108602,6466,Bulbulala
108603,6466,Buli
108604,6466,Canan
108605,6466,Liguis
108606,6466,Malabbaga
108607,6466,Mudeng
108608,6466,Pidipid
108609,6466,Poblacion
108610,6466,San Gregorio
108611,6466,Toon
108612,6466,Udangan
108613,5763,Bolbolo
108614,5763,Brookside
108615,5763,Dalit
108616,5763,Dintan
108617,5763,Gapang
108618,5763,Kinabiti
108619,5763,Maliplipit
108620,5763,Nagcanasan
108621,5763,Nanangduan
108622,5763,Narnara
108623,5763,Ocup
108624,5763,Pang-ot
108625,5763,Patad
108626,5763,Poblacion
108627,5763,San Juan East
108628,5763,San Juan West
108629,5763,South Balioag
108630,5763,Tikitik
108631,5763,Villavieja
108632,5999,Abualan
108633,5999,Ba-ug
108634,5999,Badas
108635,5999,Cabcaborao
108636,5999,Colabaoan
108637,5999,Culiong
108638,5999,Daoidao
108639,5999,Guimba
108640,5999,Lam-ag
108641,5999,Lumobang
108642,5999,Nangobongan
108643,5999,Pattaoig
108644,5999,Poblacion North
108645,5999,Poblacion South
108646,5999,Quidaoen
108647,5999,Sabangan
108648,5999,Silet
108649,5999,Supi-il
108650,5999,Tagaytay
108651,5410,Abilan
108652,5410,Agong-ong
108653,5410,Alubijid
108654,5410,Guinabsan
108655,5410,Lower Olave
108656,5410,Macalang
108657,5410,Malapong
108658,5410,Malpoc
108659,5410,Manapa
108660,5410,Matabao
108661,5410,Poblacion 1
108662,5410,Poblacion 10
108663,5410,Poblacion 2
108664,5410,Poblacion 3
108665,5410,Poblacion 4
108666,5410,Poblacion 5
108667,5410,Poblacion 6
108668,5410,Poblacion 7
108669,5410,Poblacion 8
108670,5410,Poblacion 9
108671,5410,Rizal
108672,5410,Sacol
108673,5410,Sangay
108674,5410,Simbalan
108675,5410,Talo-ao
108676,6222,Cahayagan
108677,6222,Gosoon
108678,6222,Manoligao
108679,6222,Poblacion
108680,6222,Rojales
108681,6222,San Agustin
108682,6222,Tagcatong
108683,6222,Vinapor
108684,6466,Angeles
108685,6466,Bataan
108686,6466,Comota
108687,6466,Halapitan
108688,6466,Kasapa II
108689,6466,Langasian
108690,6466,Lydia
108691,6466,"Osmeña, Sr."
108692,6466,Panagangan
108693,6466,Poblacion
108694,6466,Sabang Adgawan
108695,6466,Sagunto
108696,6466,San Patricio
108697,6466,Valentina
108698,6466,Villa Paz
108699,6284,Bayugan 3
108700,6284,Cabantao
108701,6284,Cabawan
108702,6284,Libuac
108703,6284,Maligaya
108704,6284,Marfil
108705,6284,Novele
108706,6284,Poblacion
108707,6284,Santa Cruz
108708,6284,Tagbayagan
108709,6284,Wasi-an
108710,5388,Alegria
108711,5388,Barangay 1
108712,5388,Barangay 2
108713,5388,Barangay 3
108714,5388,Barangay 4
108715,5388,Barangay 5
108716,5388,Bayugan 2
108717,5388,Bitan-agan
108718,5388,Borbon
108719,5388,Buenasuerte
108720,5388,Caimpugan
108721,5388,Das-agan
108722,5388,Ebro
108723,5388,Hubang
108724,5388,Karaus
108725,5388,Ladgadan
108726,5388,Lapinigan
108727,5388,Lucac
108728,5388,Mate
108729,5388,New Visayas
108730,5388,Ormaca
108731,5388,Pasta
108732,5388,Pisa-an
108733,5388,Rizal
108734,5388,San Isidro
108735,5388,Santa Ana
108736,5388,Tagapua
108737,5290,Anislagan
108738,5290,Balit
108739,5290,Baylo
108740,5290,Binicalan
108741,5290,Cecilia
108742,5290,Coalicion
108743,5290,Culi
108744,5290,Dimasalang
108745,5290,Don Alejandro
108746,5290,Don Pedro
108747,5290,Doña Flavia
108748,5290,Doña Maxima
108749,5290,Mahagsay
108750,5290,Mahapag
108751,5290,Mahayahay
108752,5290,Muritula
108753,5290,Nuevo Trabajo
108754,5290,Poblacion
108755,5290,Policarpo
108756,5290,San Isidro
108757,5290,San Pedro
108758,5290,Santa Ines
108759,5290,Santa Rita
108760,5290,Santiago
108761,5290,Wegguam
108762,5597,Aranas
108763,5597,Arcangel
108764,5597,Calizo
108765,5597,Cortes
108766,5597,Feliciano
108767,5597,Fulgencio
108768,5597,Guanko
108769,5597,Morales
108770,5597,Oquendo
108771,5597,Poblacion
108772,6242,Agbanawan
108773,6242,Bacan
108774,6242,Badiangan
108775,6242,Cerrudo
108776,6242,Cupang
108777,6242,Daguitan
108778,6242,Daja Norte
108779,6242,Daja Sur
108780,6242,Dingle
108781,6242,Jumarap
108782,6242,Lapnag
108783,6242,Libas
108784,6242,Linabuan Sur
108785,6242,Mambog
108786,6242,Mangan
108787,6242,Muguing
108788,6242,Pagsanghan
108789,6242,Palale
108790,6242,Poblacion
108791,6242,Polo
108792,6242,Polocate
108793,6242,San Isidro
108794,6242,Sibalew
108795,6242,Sigcay
108796,6242,Taba-ao
108797,6242,Tabayon
108798,6242,Tinapuay
108799,6242,Torralba
108800,6242,Ugsod
108801,6242,Venturanza
108802,5485,Ilawod Area Poblacion
108803,5485,Market Area Poblacion
108804,5487,Aurora Poblacion
108805,5487,Calzada Poblacion
108806,5487,Mabini Poblacion
108807,5487,Magsaysay Poblacion
108808,5487,Mercado Poblacion
108809,5487,Plaza Poblacion
108810,5487,Quitinday Poblacion
108811,5487,Rizal Poblacion
108812,5487,White Deer Poblacion
108813,500506000,Barangay 1-Em's Barrio
108814,500506000,Barangay 10-Cabugao
108815,500506000,Barangay 11-Maoyod Poblacion
108816,500506000,Barangay 12-Tula-tula
108817,500506000,Barangay 13-Ilawod West Poblacion
108818,500506000,Barangay 14-Ilawod Poblacion
108819,500506000,Barangay 15-Ilawod East Poblacion
108820,500506000,Barangay 16-Kawit-East Washington Drive
108821,500506000,"Barangay 17-Rizal Street, Ilawod"
108822,500506000,Barangay 18-Cabagñan West
108823,500506000,Barangay 19-Cabagñan
108824,500506000,Barangay 2-Em's Barrio South
108825,500506000,Barangay 20-Cabagñan East
108826,500506000,Barangay 21-Binanuahan West
108827,500506000,Barangay 22-Binanuahan East
108828,500506000,Barangay 23-Imperial Court Subd.
108829,500506000,Barangay 24-Rizal Street
108830,500506000,Barangay 25-Lapu-lapu
108831,500506000,Barangay 26-Dinagaan
108832,500506000,Barangay 27-Victory Village South
108833,500506000,Barangay 28-Victory Village North
108834,500506000,Barangay 29-Sabang
108835,500506000,Barangay 3-Em's Barrio East
108836,500506000,Barangay 30-Pigcale
108837,500506000,Barangay 31-Centro-Baybay
108838,500506000,Barangay 32-San Roque
108839,500506000,Barangay 33-PNR-Peñaranda St.-Iraya
108840,500506000,Barangay 34-Oro Site-Magallanes St.
108841,500506000,Barangay 35-Tinago
108842,500506000,Barangay 36-Kapantawan
108843,500506000,Barangay 37-Bitano
108844,500506000,Barangay 38-Gogon
108845,500506000,Barangay 39-Bonot
108846,500506000,Barangay 4-Sagpon Poblacion
108847,500506000,Barangay 40-Cruzada
108848,500506000,Barangay 41-Bogtong
108849,500506000,Barangay 42-Rawis
108850,500506000,Barangay 43-Tamaoyan
108851,500506000,Barangay 44-Pawa
108852,500506000,Barangay 45-Dita
108853,500506000,Barangay 46-San Joaquin
108854,500506000,Barangay 47-Arimbay
108855,500506000,Barangay 48-Bagong Abre
108856,500506000,Barangay 49-Bigaa
108857,500506000,Barangay 5-Sagmin Poblacion
108858,500506000,Barangay 50-Padang
108859,500506000,Barangay 51-Buyuan
108860,500506000,Barangay 52-Matanag
108861,500506000,Barangay 53-Bonga
108862,500506000,Barangay 54-Mabinit
108863,500506000,Barangay 55-Estanza
108864,500506000,Barangay 56-Taysan
108865,500506000,Barangay 57-Dap-dap
108866,500506000,Barangay 58-Buragwis
108867,500506000,Barangay 59-Puro
108868,500506000,Barangay 6-Bañadero Poblacion
108869,500506000,Barangay 60-Lamba
108870,500506000,Barangay 61-Maslog
108871,500506000,Barangay 62-Homapon
108872,500506000,Barangay 63-Mariawa
108873,500506000,Barangay 64-Bagacay
108874,500506000,Barangay 65-Imalnod
108875,500506000,Barangay 66-Banquerohan
108876,500506000,Barangay 67-Bariis
108877,500506000,Barangay 68-San Francisco
108878,500506000,Barangay 69-Buenavista
108879,500506000,Barangay 7-Baño
108880,500506000,Barangay 70-Cagbacong
108881,500506000,Barangay 8-Bagumbayan
108882,500506000,Barangay 9-Pinaric
108883,5494,Agol
108884,5494,Alabangpuro
108885,5494,Banawan
108886,5494,Barangay I
108887,5494,Barangay II
108888,5494,Barangay III
108889,5494,Barangay IV
108890,5494,Barangay V
108891,5494,Basicao Coastal
108892,5494,Basicao Interior
108893,5494,Binodegahan
108894,5494,Buenavista
108895,5494,Buyo
108896,5494,Caratagan
108897,5494,Cuyaoyao
108898,5494,Flores
108899,5494,La Medalla
108900,5494,Lawinon
108901,5494,Macasitas
108902,5494,Malapay
108903,5494,Malidong
108904,5494,Mamlad
108905,5494,Marigondon
108906,5494,Matanglad
108907,5494,Nablangbulod
108908,5494,Oringon
108909,5494,Palapas
108910,5494,Panganiran
108911,5494,Rawis
108912,5494,Salvacion
108913,5494,Santo Cristo
108914,5494,Sukip
108915,5494,Tibabo
108916,5495,Agos
108917,5495,Alnay
108918,5495,Alomon
108919,5495,Amoguis
108920,5495,Anopol
108921,5495,Apad
108922,5495,Balaba
108923,5495,Balangibang
108924,5495,Balinad
108925,5495,Basud
108926,5495,Binagbangan
108927,5495,Buyo
108928,5495,Centro Occidental
108929,5495,Centro Oriental
108930,5495,Cepres
108931,5495,Cotmon
108932,5495,Cotnogan
108933,5495,Danao
108934,5495,Gabon
108935,5495,Gamot
108936,5495,Itaran
108937,5495,Kinale
108938,5495,Kinuartilan
108939,5495,La Medalla
108940,5495,La Purisima
108941,5495,Lanigay
108942,5495,Lidong
108943,5495,Lourdes
108944,5495,Magpanambo
108945,5495,Magurang
108946,5495,Matacon
108947,5495,Maynaga
108948,5495,Maysua
108949,5495,Mendez
108950,5495,Napo
108951,5495,Pinagdapugan
108952,5495,Ponso
108953,5495,Salvacion
108954,5495,San Roque
108955,5495,Santa Cruz
108956,5495,Santa Teresita
108957,5495,Santicon
108958,5495,Sugcad
108959,5495,Ubaliw
108960,5496,Bagaobawan
108961,5496,Batan
108962,5496,Bilbao
108963,5496,Binosawan
108964,5496,Bogtong
108965,5496,Buenavista
108966,5496,Buhatan
108967,5496,Calanaga
108968,5496,Caracaran
108969,5496,Carogcog
108970,5496,Dap-dap
108971,5496,Gaba
108972,5496,Galicia
108973,5496,Guadalupe
108974,5496,Hamorawon
108975,5496,Lagundi
108976,5496,Liguan
108977,5496,Linao
108978,5496,Malobago
108979,5496,Mananao
108980,5496,Mancao
108981,5496,Manila
108982,5496,Masaga
108983,5496,Morocborocan
108984,5496,Nagcalsot
108985,5496,Pagcolbon
108986,5496,Poblacion
108987,5496,Sagrada
108988,5496,San Ramon
108989,5496,Santa Barbara
108990,5496,Tinocawan
108991,5496,Tinopan
108992,5496,Viga
108993,5496,Villahermosa
108994,4969,Alimsog
108995,4969,Bagong San Roque
108996,4969,Buhatan
108997,4969,Calayucay
108998,4969,Del Rosario Poblacion
108999,4969,Fidel Surtida
109000,4969,Lidong
109001,4969,Market Site Poblacion
109002,4969,Nagsiya Poblacion
109003,4969,Pandayan Poblacion
109004,4969,Salvacion
109005,4969,San Andres
109006,4969,San Fernando
109007,4969,San Francisco Poblacion
109008,4969,San Isidro
109009,4969,San Juan Poblacion
109010,4969,San Pedro Poblacion
109011,4969,San Rafael Poblacion
109012,4969,San Roque
109013,4969,San Vicente Poblacion
109014,4969,Santa Misericordia
109015,4969,Santo Domingo Poblacion
109016,4969,Santo Niño
109017,5498,Agnas
109018,5498,Bacolod
109019,5498,Bangkilingan
109020,5498,Bantayan
109021,5498,Baranghawon
109022,5498,Basagan
109023,5498,Basud
109024,5498,Bogñabong
109025,5498,Bombon
109026,5498,Bonot
109027,5498,Buang
109028,5498,Buhian
109029,5498,Cabagñan
109030,5498,Cobo
109031,5498,Comon
109032,5498,Cormidal
109033,5498,Divino Rostro
109034,5498,Fatima
109035,5498,Guinobat
109036,5498,Hacienda
109037,5498,Magapo
109038,5498,Mariroc
109039,5498,Matagbac
109040,5498,Oras
109041,5498,Oson
109042,5498,Panal
109043,5498,Pawa
109044,5498,Pinagbobong
109045,5498,Quinale Cabasan
109046,5498,Quinastillojan
109047,5498,Rawis
109048,5498,Sagurong
109049,5498,Salvacion
109050,5498,San Antonio
109051,5498,San Carlos
109052,5498,San Isidro
109053,5498,San Juan
109054,5498,San Lorenzo
109055,5498,San Ramon
109056,5498,San Roque
109057,5498,San Vicente
109058,5498,Santo Cristo
109059,5498,Sua-Igot
109060,5498,Tabiguian
109061,5498,Tagas
109062,5498,Tayhi
109063,5498,Visita
109064,5499,Bagumbayan
109065,5499,Bariis
109066,5499,Baybay
109067,5499,Belen
109068,5499,Biyong
109069,5499,Bolo
109070,5499,Cale
109071,5499,Cararayan
109072,5499,Coro-coro
109073,5499,Dap-dap
109074,5499,Gajo
109075,5499,Joroan
109076,5499,Libjo
109077,5499,Libtong
109078,5499,Matalibong
109079,5499,Maynonong
109080,5499,Mayong
109081,5499,Misibis
109082,5499,Naga
109083,5499,Nagas
109084,5499,Oyama
109085,5499,Putsan
109086,5499,San Bernardo
109087,5499,Sogod
109088,5499,Tigbi
109089,6156,Barusbus
109090,6156,Bulanao
109091,6156,Centro Este
109092,6156,Centro Weste
109093,6156,Codiong
109094,6156,Cubay
109095,6156,Igcagay
109096,6156,Inyawan
109097,6156,Lindero
109098,6156,Maramig
109099,6156,Pajo
109100,6156,Panangkilon
109101,6156,Paz
109102,6156,Pucio
109103,6156,San Roque
109104,6156,Taboc
109105,6156,Tinigbas
109106,6156,Tinindugan
109107,6156,Union
109108,5622,Aracay
109109,5622,Badiangan
109110,5622,Bagumbayan
109111,5622,Baybay
109112,5622,Botbot
109113,5622,Buang
109114,5622,Cabugao
109115,5622,Candari
109116,5622,Carmen
109117,5622,Centro Norte
109118,5622,Centro Sur
109119,5622,Dionela
109120,5622,Dumrog
109121,5622,Duyong
109122,5622,Fragante
109123,5622,Guia
109124,5622,Idiacacan
109125,5622,Jinalinan
109126,5622,Luhod-Bayang
109127,5622,Maadios
109128,5622,Mag-aba
109129,5622,Napuid
109130,5622,Nauring
109131,5622,Patria
109132,5622,Perfecta
109133,5622,San Andres
109134,5622,San Joaquin
109135,5622,Santa Ana
109136,5622,Santa Cruz
109137,5622,Santa Fe
109138,5622,Santo Rosario
109139,5622,Talisay
109140,5622,Tingib
109141,5622,Zaldivar
109142,1907003001,Atabay
109143,1907003001,Badiang
109144,1907003001,Barangay 1
109145,1907003001,Barangay 2
109146,1907003001,Barangay 3
109147,1907003001,Barangay 4
109148,1907003001,Barangay 5
109149,1907003001,Barangay 6
109150,1907003001,Barangay 7
109151,1907003001,Barangay 8
109152,1907003001,Bariri
109153,1907003001,Bugarot
109154,1907003001,Cansadan
109155,1907003001,Durog
109156,1907003001,Funda-Dalipe
109157,1907003001,Igbonglo
109158,1907003001,Inabasan
109159,1907003001,Madrangca
109160,1907003001,Magcalon
109161,1907003001,Malaiba
109162,1907003001,Maybato Norte
109163,1907003001,Maybato Sur
109164,1907003001,Mojon
109165,1907003001,Pantao
109166,1907003001,San Angel
109167,1907003001,San Fernando
109168,1907003001,San Pedro
109169,1907003001,Supa
109170,6490,Bacsay
109171,6490,Cagandungan
109172,6490,Calabigan
109173,6490,Cangisitan
109174,6490,Capagaypayan
109175,6490,Dagupan
109176,6490,Lappa
109177,6490,Luyon
109178,6490,Marag
109179,6490,Poblacion
109180,6490,Quirino
109181,6490,Salvacion
109182,6490,San Francisco
109183,6490,San Gregorio
109184,6490,San Isidro Norte
109185,6490,San Isidro Sur
109186,6490,San Sebastian
109187,6490,Santa Lina
109188,6490,Shalom
109189,6490,Tumog
109190,6490,Turod
109191,6490,Zumigui
109192,6491,Lt. Balag
109193,5584,Barangay 1
109194,5584,Barangay 2
109195,5584,Barangay 3
109196,5584,Barangay 4
109197,5584,Barangay 5
109198,5584,Barangay 6
109199,5584,Barangay 7
109200,5584,Barangay 8
109201,5584,Bianuan
109202,5584,Calabgan
109203,5584,Calangcuasan
109204,5584,Calantas
109205,5584,Cozo
109206,5584,Culat
109207,5584,Dibacong
109208,5584,Dibet
109209,5584,Ditinagyan
109210,5584,Esperanza
109211,5584,Esteves
109212,5584,Lual
109213,5584,Marikit
109214,5584,San Ildefonso
109215,5584,Tabas
109216,5584,Tinib
109217,5290,Bacong
109218,5290,Barangay I
109219,5290,Barangay II
109220,5290,Barangay III
109221,5290,Barangay IV
109222,5290,Dibalo
109223,5290,Dibayabay
109224,5290,Dibut
109225,5290,Dikapinisan
109226,5290,Dimanayat
109227,5290,Diteki
109228,5290,Ditumabo
109229,5290,L. Pimentel
109230,5290,Nonong Senior
109231,5290,Real
109232,5290,San Isidro
109233,5290,San Jose
109234,5290,Zarah
109235,5710,Aguada
109236,5710,Balatanay
109237,5710,Baluno
109238,5710,Begang
109239,5710,Binuangan
109240,5710,Busay
109241,5710,Cabunbata
109242,5710,Calvario
109243,5710,Carbon
109244,5710,Diki
109245,5710,Doña Ramona T. Alano
109246,5710,Isabela Eastside
109247,5710,Isabela Proper
109248,5710,Kapatagan Grande
109249,5710,Kapayawan
109250,5710,Kaumpurnah Zone I
109251,5710,Kaumpurnah Zone II
109252,5710,Kaumpurnah Zone III
109253,5710,Kumalarang
109254,5710,La Piedad
109255,5710,Lampinigan
109256,5710,Lanote
109257,5710,Lukbuton
109258,5710,Lumbang
109259,5710,Makiri
109260,5710,Maligue
109261,5710,Marang-marang
109262,5710,Marketsite
109263,5710,Masula
109264,5710,Menzi
109265,5710,Panigayan
109266,5710,Panunsulan
109267,5710,Port Area
109268,5710,San Rafael
109269,5710,Santa Barbara
109270,5710,Santa Cruz
109271,5710,Seaside
109272,5710,Small Kapatagan
109273,5710,Sumagdang
109274,5710,Sunrise Village
109275,5710,Tabiawan
109276,5710,Tabuk
109277,5710,Tampalan
109278,5710,Timpul
109279,6346,Port Holland Zone I Poblacion
109280,6346,Port Holland Zone II Poblacion
109281,6346,Port Holland Zone III Poblacion
109282,5149,Mambog-Mandama
109283,5150,Kitang 2 & Luz
109284,5150,Saint Francis II
109285,5763,Ala-uli
109286,5763,Bagumbayan
109287,5763,Balut I
109288,5763,Balut II
109289,5763,Bantan Munti
109290,5763,Burgos
109291,5763,Del Rosario
109292,5763,Diwa
109293,5763,Landing
109294,5763,Liyang
109295,5763,Nagwaling
109296,5763,Panilao
109297,5763,Pantingan
109298,5763,Poblacion
109299,5763,Rizal
109300,5763,Santa Rosa
109301,5763,Wakas North
109302,5763,Wakas South
109303,5763,Wawa
109304,5047,Hañib
109305,5597,Alangilan
109306,5597,Calawit
109307,5597,Looc
109308,5597,Magapi
109309,5597,Makina
109310,5597,Malabanan
109311,5597,Paligawan
109312,5597,Palsara
109313,5597,Poblacion
109314,5597,Sala
109315,5597,Sampalocan
109316,5597,San Sebastian
109317,5597,Solis
109318,5678,Anak-Dagat
109319,5678,Arumahan
109320,5678,Ayao-iyao
109321,5678,Bagong Pook
109322,5678,Bagong Sikat
109323,5678,Balanga
109324,5678,Bukal
109325,5678,Cahilan I
109326,5678,Cahilan II
109327,5678,Dayapan
109328,5678,District I
109329,5678,District II
109330,5678,District III
109331,5678,District IV
109332,5678,Dita
109333,5678,Gulod
109334,5678,Lucky
109335,5678,Maguihan
109336,5678,Mahabang Dahilig
109337,5678,Mahayahay
109338,5678,Maigsing Dahilig
109339,5678,Maligaya
109340,5678,Malinis
109341,5678,Masalisi
109342,5678,Mataas na Bayan
109343,5678,Matingain I
109344,5678,Matingain II
109345,5678,Mayasang
109346,5678,Niugan
109347,5678,Nonong Casto
109348,5678,Palanas
109349,5678,Payapa Ibaba
109350,5678,Payapa Ilaya
109351,5678,Rizal
109352,5678,Sambal Ibaba
109353,5678,Sambal Ilaya
109354,5678,San Isidro Ibaba
109355,5678,San Isidro Itaas
109356,5678,Sangalang
109357,5678,Sinisian East
109358,5678,Sinisian West
109359,5678,Talaga
109360,5678,Tubigan
109361,5678,Tubuan
109362,5678,Wawa Ibaba
109363,5678,Wawa Ilaya
109364,6170,Anilao East
109365,6170,Anilao Proper
109366,6170,Bagalangit
109367,6170,Bulacan
109368,6170,Calamias
109369,6170,Estrella
109370,6170,Gasang
109371,6170,Laurel
109372,6170,Ligaya
109373,6170,Mainaga
109374,6170,Mainit
109375,6170,Majuben
109376,6170,Malimatoc I
109377,6170,Malimatoc II
109378,6170,Nag-iba
109379,6170,Pilahan
109380,6170,Poblacion
109381,6170,Pulang Lupa
109382,6170,Pulong Anahao
109383,6170,Pulong Balibaguhan
109384,6170,Pulong Niogan
109385,6170,Saguing
109386,6170,Sampaguita
109387,6170,San Francisco
109388,6170,San Jose
109389,6170,San Juan
109390,6170,San Teodoro
109391,6170,Santa Ana
109392,6170,Santa Mesa
109393,6170,Santo Niño
109394,6170,Santo Tomas
109395,6170,Solo
109396,6170,Talaga East
109397,6170,Talaga Proper
109398,401018000,Barangay II-A
109399,401018000,Bayorbor
109400,401018000,Bubuyan
109401,401018000,Calingatan
109402,401018000,District I
109403,401018000,District II
109404,401018000,District III
109405,401018000,District IV
109406,401018000,Kinalaglagan
109407,401018000,Loob
109408,401018000,Lumang Lipa
109409,401018000,Manggahan
109410,401018000,Nangkaan
109411,401018000,San Sebastian
109412,401018000,Santol
109413,401018000,Upa
109414,6284,Alupay
109415,6284,Antipolo
109416,6284,Bagong Pook
109417,6284,Balibago
109418,6284,Barangay A
109419,6284,Barangay B
109420,6284,Barangay C
109421,6284,Barangay D
109422,6284,Barangay E
109423,6284,Bayawang
109424,6284,Baybayin
109425,6284,Bulihan
109426,6284,Cahigam
109427,6284,Calantas
109428,6284,Colongan
109429,6284,Itlugan
109430,6284,Leviste
109431,6284,Lumbangan
109432,6284,Maalas-as
109433,6284,Mabato
109434,6284,Mabunga
109435,6284,Macalamcam A
109436,6284,Macalamcam B
109437,6284,Malaya
109438,6284,Maligaya
109439,6284,Marilag
109440,6284,Masaya
109441,6284,Matamis
109442,6284,Mavalor
109443,6284,Mayuro
109444,6284,Namuco
109445,6284,Namunga
109446,6284,Nasi
109447,6284,Natu
109448,6284,Palakpak
109449,6284,Pinagsibaan
109450,6284,Putingkahoy
109451,6284,Quilib
109452,6284,Salao
109453,6284,San Carlos
109454,6284,San Ignacio
109455,6284,San Isidro
109456,6284,San Jose
109457,6284,San Roque
109458,6284,Santa Cruz
109459,6284,Timbugan
109460,6284,Tiquiwan
109461,6284,Tulos
109462,5846,Aguila
109463,5846,Anus
109464,5846,Aya
109465,5846,Bagong Pook
109466,5846,Balagtasin
109467,5846,Balagtasin I
109468,5846,Banaybanay I
109469,5846,Banaybanay II
109470,5846,Bigain I
109471,5846,Bigain II
109472,5846,Bigain South
109473,5846,Calansayan
109474,5846,Dagatan
109475,5846,Don Luis
109476,5846,Galamay-Amo
109477,5846,Lalayat
109478,5846,Lapolapo I
109479,5846,Lapolapo II
109480,5846,Lepute
109481,5846,Lumil
109482,5846,Mojon-Tampoy
109483,5846,Natunuan
109484,5846,Palanca
109485,5846,Pinagtung-ulan
109486,5846,Poblacion Barangay I
109487,5846,Poblacion Barangay II
109488,5846,Poblacion Barangay III
109489,5846,Poblacion Barangay IV
109490,5846,Sabang
109491,5846,Salaban
109492,5846,Santo Cristo
109493,5846,Taysan
109494,5846,Tugtug
109495,5999,Abung
109496,5999,Balagbag
109497,5999,Barualte
109498,5999,Bataan
109499,5999,Buhay na Sapa
109500,5999,Bulsa
109501,5999,Calicanto
109502,5999,Calitcalit
109503,5999,Calubcub I
109504,5999,Calubcub II
109505,5999,Catmon
109506,5999,Coloconto
109507,5999,Escribano
109508,5999,Hugom
109509,5999,Imelda
109510,5999,Janaojanao
109511,5999,Laiya-Aplaya
109512,5999,Laiya-Ibabao
109513,5999,Libato
109514,5999,Lipahan
109515,5999,Mabalanoy
109516,5999,Maraykit
109517,5999,Muzon
109518,5999,Nagsaulay
109519,5999,Palahanan I
109520,5999,Palahanan II
109521,5999,Palingowak
109522,5999,Pinagbayanan
109523,5999,Poblacion
109524,5999,Poctol
109525,5999,Pulangbato
109526,5999,Putingbuhangin
109527,5999,Quipot
109528,5999,Sampiro
109529,5999,Sapangan
109530,5999,Sico I
109531,5999,Sico II
109532,5999,Subukin
109533,5999,Talahiban I
109534,5999,Talahiban II
109535,5999,Ticalan
109536,5999,Tipaz
109537,5290,Abiacao
109538,5290,Bagong Tubig
109539,5290,Balagtasin
109540,5290,Balite
109541,5290,Banoyo
109542,5290,Boboy
109543,5290,Bonliw
109544,5290,Calumpang East
109545,5290,Calumpang West
109546,5290,Dulangan
109547,5290,Durungao
109548,5290,Locloc
109549,5290,Luya
109550,5290,Mahabang Parang
109551,5290,Manggahan
109552,5290,Muzon
109553,5290,Poblacion
109554,5290,San Antonio
109555,5290,San Isidro
109556,5290,San Jose
109557,5290,San Martin
109558,5290,Santa Monica
109559,5290,Taliba
109560,5290,Talon
109561,5290,Tejero
109562,5290,Tungal
109563,5293,Antipolo
109564,5293,Bihis
109565,5293,Burol
109566,5293,Calayaan
109567,5293,Calumala
109568,5293,Cuta East
109569,5293,Cutang Cawayan
109570,5293,Irukan
109571,5293,Pacifico
109572,5293,Poblacion I
109573,5293,Poblacion II
109574,5293,Poblacion III
109575,5293,Saimsim
109576,5293,Sampa
109577,5293,Sinipian
109578,5293,Tambo Ibaba
109579,5293,Tambo Ilaya
109580,5233,Barangay I
109581,5233,Barangay II
109582,5233,Barangay III
109583,5233,Barangay IV
109584,5233,San Agustin
109585,5233,San Antonio
109586,5233,San Bartolome
109587,5233,San Felix
109588,5233,San Fernando
109589,5233,San Francisco
109590,5233,San Isidro Norte
109591,5233,San Isidro Sur
109592,5233,San Joaquin
109593,5233,San Jose
109594,5233,San Juan
109595,5233,San Luis
109596,5233,San Miguel
109597,5233,San Pablo
109598,5233,San Pedro
109599,5233,San Rafael
109600,5233,San Roque
109601,5233,San Vicente
109602,5233,Santa Ana
109603,5233,Santa Anastacia
109604,5233,Santa Clara
109605,5233,Santa Cruz
109606,5233,Santa Elena
109607,5233,Santa Maria
109608,5233,Santa Teresita
109609,5233,Santiago
109610,5868,Santissimo Rosario Poblacion
109611,5731,Almaria
109612,5731,Bacong
109613,5731,Badiang
109614,5731,Buenasuerte
109615,5731,Candabong
109616,5731,Casica
109617,5731,Katipunan
109618,5731,Linawan
109619,5731,Lundag
109620,5731,Poblacion
109621,5731,Santa Cruz
109622,5731,Suba
109623,5731,Talisay
109624,5731,Tanod
109625,5731,Tawid
109626,5731,Virgen
109627,5410,Anonang
109628,5410,Asinan
109629,5410,Bago
109630,5410,Baluarte
109631,5410,Bantuan
109632,5410,Bato
109633,5410,Bonotbonot
109634,5410,Bugaong
109635,5410,Cambuhat
109636,5410,Cambus-oc
109637,5410,Cangawa
109638,5410,Cantomugcad
109639,5410,Cantores
109640,5410,Cantuba
109641,5410,Catigbian
109642,5410,Cawag
109643,5410,Cruz
109644,5410,Dait
109645,5410,Eastern Cabul-an
109646,5410,Hunan
109647,5410,Lapacan Norte
109648,5410,Lapacan Sur
109649,5410,Lubang
109650,5410,Lusong
109651,5410,Magkaya
109652,5410,Merryland
109653,5410,Nueva Granada
109654,5410,Nueva Montana
109655,5410,Overland
109656,5410,Panghagban
109657,5410,Poblacion
109658,5410,Puting Bato
109659,5410,Rufo Hill
109660,5410,Sweetland
109661,5410,Western Cabul-an
109662,6222,Alegria
109663,6222,Bicao
109664,6222,Buenavista
109665,6222,Buenos Aires
109666,6222,Calatrava
109667,6222,El Progreso
109668,6222,El Salvador
109669,6222,Guadalupe
109670,6222,Katipunan
109671,6222,La Libertad
109672,6222,La Paz
109673,6222,La Salvacion
109674,6222,La Victoria
109675,6222,Matin-ao
109676,6222,Montehermoso
109677,6222,Montesuerte
109678,6222,Montesunting
109679,6222,Montevideo
109680,6222,Nueva Fuerza
109681,6222,Nueva Vida Este
109682,6222,Nueva Vida Norte
109683,6222,Nueva Vida Sur
109684,6222,Poblacion Norte
109685,6222,Poblacion Sur
109686,6222,Tambo-an
109687,6222,Vallehermoso
109688,6222,Villaflor
109689,6222,Villafuerte
109690,6222,Villarcayo
109691,5799,Cabatuan
109692,5799,Cantubod
109693,5799,Carbon
109694,5799,Concepcion
109695,5799,Dagohoy
109696,5799,Hibale
109697,5799,Magtangtang
109698,5799,Nahud
109699,5799,Remedios
109700,5799,San Carlos
109701,5799,San Miguel
109702,5799,Santa Fe
109703,5799,Santo Niño
109704,5799,Tabok
109705,5799,Taming
109706,5799,Villa Anunciado
109707,701226000,Alumar
109708,701226000,Banacon
109709,701226000,Buyog
109710,701226000,Cabasakan
109711,701226000,Campao Occidental
109712,701226000,Campao Oriental
109713,701226000,Cangmundo
109714,701226000,Carlos P. Garcia
109715,701226000,Corte Baud
109716,701226000,Handumon
109717,701226000,Jagoliao
109718,701226000,Jandayan Norte
109719,701226000,Jandayan Sur
109720,701226000,Mahanay
109721,701226000,Nasingin
109722,701226000,Pandanon
109723,701226000,Poblacion
109724,701226000,Saguise
109725,701226000,Salog
109726,701226000,San Jose
109727,701226000,Santo Niño
109728,701226000,Taytay
109729,701226000,Tugas
109730,701226000,Tulang
109731,6170,Abaca
109732,6170,Abad Santos
109733,6170,Aguipo
109734,6170,Baybayon
109735,6170,Bulawan
109736,6170,Cabidian
109737,6170,Cawayanan
109738,6170,Concepcion
109739,6170,Del Mar
109740,6170,Lungsoda-an
109741,6170,Marcelo
109742,6170,Minol
109743,6170,Paraiso
109744,6170,Poblacion I
109745,6170,Poblacion II
109746,6170,San Isidro
109747,6170,San Jose
109748,6170,San Rafael
109749,6170,San Roque
109750,6170,Tambo
109751,6170,Tangkigan
109752,6170,Valaga
109753,5763,Aurora
109754,5763,Bagacay
109755,5763,Bagumbayan
109756,5763,Bayong
109757,5763,Buenasuerte
109758,5763,Cagawasan
109759,5763,Cansungay
109760,5763,Catagda-an
109761,5763,Del Pilar
109762,5763,Estaca
109763,5763,Ilaud
109764,5763,Inaghuban
109765,5763,La Suerte
109766,5763,Lumbay
109767,5763,Lundag
109768,5763,Pamacsalan
109769,5763,Poblacion
109770,5763,Rizal
109771,5763,San Carlos
109772,5763,San Isidro
109773,5763,San Vicente
109774,701235000,Aguining
109775,701235000,Basiao
109776,701235000,Baud
109777,701235000,Bayog
109778,701235000,Bogo
109779,701235000,Bonbonon
109780,701235000,Butan
109781,701235000,Campamanog
109782,701235000,Canmangao
109783,701235000,Gaus
109784,701235000,Kabangkalan
109785,701235000,Lapinig
109786,701235000,Lipata
109787,701235000,Poblacion
109788,701235000,Popoo
109789,701235000,Saguise
109790,701235000,San Jose
109791,701235000,San Vicente
109792,701235000,Santo Rosario
109793,701235000,Tilmobo
109794,701235000,Tugas
109795,701235000,Tugnao
109796,701235000,Villa Milagrosa
109797,701236000,Calangahan
109798,701236000,Canmano
109799,701236000,Canmaya Centro
109800,701236000,Canmaya Diot
109801,701236000,Dagnawan
109802,701236000,Kabasacan
109803,701236000,Kagawasan
109804,701236000,Katipunan
109805,701236000,Langtad
109806,701236000,Libertad Norte
109807,701236000,Libertad Sur
109808,701236000,Mantalongon
109809,701236000,Poblacion
109810,701236000,Sagbayan Sur
109811,701236000,San Agustin
109812,701236000,San Antonio
109813,701236000,San Isidro
109814,701236000,San Ramon
109815,701236000,San Roque
109816,701236000,San Vicente Norte
109817,701236000,San Vicente Sur
109818,701236000,Santa Catalina
109819,701236000,Santa Cruz
109820,701236000,Ubojan
109821,6335,Bayongan
109822,6335,Bugang
109823,6335,Cabangahan
109824,6335,Caluasan
109825,6335,Camanaga
109826,6335,Cambangay Norte
109827,6335,Capayas
109828,6335,Corazon
109829,6335,Garcia
109830,6335,Hagbuyo
109831,6335,Kagawasan
109832,6335,Mahayag
109833,6335,Poblacion
109834,6335,San Isidro
109835,6335,San Jose
109836,6335,San Vicente
109837,6335,Santo Niño
109838,6335,Tomoc
109839,6096,Adlawan
109840,6096,Anas
109841,6096,Anonang
109842,6096,Anoyon
109843,6096,Balingasao
109844,6096,Banderahan
109845,6096,Botong
109846,6096,Buyog
109847,6096,Canduao Occidental
109848,6096,Canduao Oriental
109849,6096,Canlusong
109850,6096,Canmanico
109851,6096,Cansibao
109852,6096,Catug-a
109853,6096,Cutcutan
109854,6096,Danao
109855,6096,Genoveva
109856,6096,Ginopolan
109857,6096,La Victoria
109858,6096,Lantang
109859,6096,Limocon
109860,6096,Loctob
109861,6096,Magsaysay
109862,6096,Marawis
109863,6096,Maubo
109864,6096,Nailo
109865,6096,Omjon
109866,6096,Pangi-an
109867,6096,Poblacion Occidental
109868,6096,Poblacion Oriental
109869,6096,Simang
109870,6096,Taug
109871,6096,Tausion
109872,6096,Taytay
109873,6096,Ticum
109874,1907003002,Bontongon
109875,1907003002,Bulonay
109876,1907003002,Capitan Bayong
109877,1907003002,Cawayan
109878,1907003002,Dumalaguing
109879,1907003002,Guihean
109880,1907003002,Hagpa
109881,1907003002,Impalutao
109882,1907003002,Kalabugao
109883,1907003002,Kibenton
109884,1907003002,La Fortuna
109885,1907003002,Poblacion
109886,1907003002,Sayawan
109887,6092,Butong
109888,6092,C-Handumanan
109889,6092,Cawayan
109890,6092,Cebole
109891,6092,Delapa
109892,6092,Dumalama
109893,6092,Kiburiao
109894,6092,Kipaypayon
109895,6092,Libertad
109896,6092,Linabo
109897,6092,Lipa
109898,6092,Lumintao
109899,6092,Magsaysay
109900,6092,Mahayag
109901,6092,Manuto
109902,6092,Merangerang
109903,6092,Mibantang
109904,6092,Minongan
109905,6092,Minsalirak
109906,6092,Minsamongan
109907,6092,Paitan
109908,6092,Palacapao
109909,6092,Pinilayan
109910,6092,Poblacion
109911,6092,Puntian
109912,6092,Salawagan
109913,6092,San Isidro
109914,6092,San Jose
109915,6092,San Roque
109916,6092,Santa Cruz
109917,6092,Santa Filomena
109918,5577,Bonacao
109919,5577,Bulalang
109920,5577,Cabuling
109921,5577,Candelaria
109922,5577,Cayaga
109923,5577,Dao
109924,5577,Durian
109925,5577,Halapitan
109926,5577,Iglugsad
109927,5577,Kalagangan
109928,5577,Kawayan
109929,5577,Kibongcog
109930,5577,Little Baguio
109931,5577,Mabuhay
109932,5577,Magkalungay
109933,5577,Malayanan
109934,5577,Matupe
109935,5577,Nacabuklad
109936,5577,Namnam
109937,5577,Palacpacan
109938,5577,Sacramento Valley
109939,5577,San Jose
109940,5577,Santo Domingo
109941,5577,Tugop
109942,1907003003,Bagong Nayon
109943,1907003003,Barangca
109944,1907003003,Calantipay
109945,1907003003,Catulinan
109946,1907003003,Concepcion
109947,1907003003,Hinukay
109948,1907003003,Makinabang
109949,1907003003,Matangtubig
109950,1907003003,Pagala
109951,1907003003,Paitan
109952,1907003003,Piel
109953,1907003003,Pinagbarilan
109954,1907003003,Poblacion
109955,1907003003,Sabang
109956,1907003003,San Jose
109957,1907003003,San Roque
109958,1907003003,Santa Barbara
109959,1907003003,Santo Cristo
109960,1907003003,Santo Niño
109961,1907003003,Subic
109962,1907003003,Sulivan
109963,1907003003,Tangos
109964,1907003003,Tarcan
109965,1907003003,Tiaong
109966,1907003003,Tibag
109967,1907003003,Tilapayong
109968,1907003003,Virgen delas Flores
109969,1907003003,Bagumbayan
109970,1907003003,Balubad
109971,1907003003,Bambang
109972,1907003003,Matungao
109973,1907003003,Maysantol
109974,1907003003,Perez
109975,1907003003,Pitpitan
109976,1907003003,San Francisco
109977,1907003003,San Jose
109978,1907003003,San Nicolas
109979,1907003003,Santa Ana
109980,1907003003,Santa Ines
109981,1907003003,Taliptip
109982,1907003003,Tibig
109983,6193,Abulalas
109984,6193,Carillo
109985,6193,Iba
109986,6193,Iba-Ibayo
109987,6193,Mercado
109988,6193,Palapat
109989,6193,Pugad
109990,6193,Sagrada Familia
109991,6193,San Agustin
109992,6193,San Isidro
109993,6193,San Jose
109994,6193,San Juan
109995,6193,San Miguel
109996,6193,San Nicolas
109997,6193,San Pablo
109998,6193,San Pascual
109999,6193,San Pedro
110000,6193,San Roque
110001,6193,San Sebastian
110002,6193,Santa Cruz
110003,6193,Santa Elena
110004,6193,Santa Monica
110005,6193,Santo Niño
110006,6193,Santo Rosario
110007,6193,Tampok
110008,6193,Tibaguin
110009,301412000,Bagbaguin
110010,301412000,Bahay Pare
110011,301412000,Bancal
110012,301412000,Banga
110013,301412000,Bayugo
110014,301412000,Caingin
110015,301412000,Calvario
110016,301412000,Camalig
110017,301412000,Hulo
110018,301412000,Iba
110019,301412000,Langka
110020,301412000,Lawa
110021,301412000,Libtong
110022,301412000,Liputan
110023,301412000,Longos
110024,301412000,Malhacan
110025,301412000,Pajo
110026,301412000,Pandayan
110027,301412000,Pantoc
110028,301412000,Perez
110029,301412000,Poblacion
110030,301412000,Saint Francis
110031,301412000,Saluysoy
110032,301412000,Tugatog
110033,301412000,Ubihan
110034,301412000,Zamora
110035,5381,Agnaya
110036,5381,Bagong Silang
110037,5381,Banga I
110038,5381,Banga II
110039,5381,Bintog
110040,5381,Bulihan
110041,5381,Culianin
110042,5381,Dampol
110043,5381,Lagundi
110044,5381,Lalangan
110045,5381,Lumang Bayan
110046,5381,Parulan
110047,5381,Poblacion
110048,5381,Rueda
110049,5381,San Jose
110050,5381,Santa Ines
110051,5381,Santo Niño
110052,5381,Sipat
110053,5381,Tabang
110054,5176,Akle
110055,5176,Alagao
110056,5176,Anyatam
110057,5176,Bagong Barrio
110058,5176,Basuit
110059,5176,Bubulong Malaki
110060,5176,Bubulong Munti
110061,5176,Buhol na Mangga
110062,5176,Bulusukan
110063,5176,Calasag
110064,5176,Calawitan
110065,5176,Casalat
110066,5176,Gabihan
110067,5176,Garlang
110068,5176,Lapnit
110069,5176,Maasim
110070,5176,Makapilapil
110071,5176,Malipampang
110072,5176,Mataas na Parang
110073,5176,Matimbubong
110074,5176,Nabaong Garlang
110075,5176,Palapala
110076,5176,Pasong Bangkal
110077,5176,Pinaod
110078,5176,Poblacion
110079,5176,Pulong Tamo
110080,5176,San Juan
110081,5176,Santa Catalina Bata
110082,5176,Santa Catalina Matanda
110083,5176,Sapang Dayap
110084,5176,Sapang Putik
110085,5176,Sapang Putol
110086,5176,Sumandig
110087,5176,Telepatio
110088,5176,Umpucan
110089,5176,Upig
110090,5177,Saint Martin de Porres
110091,6335,Bagong Pag-asa
110092,6335,Bagong Silang
110093,6335,Balaong
110094,6335,Balite
110095,6335,Bantog
110096,6335,Bardias
110097,6335,Baritan
110098,6335,Batasan Bata
110099,6335,Batasan Matanda
110100,6335,Biak-na-Bato
110101,6335,Biclat
110102,6335,Buga
110103,6335,Buliran
110104,6335,Bulualto
110105,6335,Calumpang
110106,6335,Cambio
110107,6335,Camias
110108,6335,Ilog-Bulo
110109,6335,King Kabayo
110110,6335,Labne
110111,6335,Lambakin
110112,6335,Magmarale
110113,6335,Malibay
110114,6335,Maligaya
110115,6335,Mandile
110116,6335,Masalipit
110117,6335,Pacalag
110118,6335,Paliwasan
110119,6335,Partida
110120,6335,Pinambaran
110121,6335,Poblacion
110122,6335,Pulong Bayabas
110123,6335,Pulong Duhat
110124,6335,Sacdalan
110125,6335,Salacot
110126,6335,Salangan
110127,6335,San Agustin
110128,6335,San Jose
110129,6335,San Juan
110130,6335,San Vicente
110131,6335,Santa Ines
110132,6335,Santa Lucia
110133,6335,Santa Rita Bata
110134,6335,Santa Rita Matanda
110135,6335,Sapang
110136,6335,Sibul
110137,6335,Tartaro
110138,6335,Tibagan
110139,6335,Tigpalas
110140,5691,BMA-Balagtas
110141,5691,Banca-banca
110142,5691,Caingin
110143,5691,Capihan
110144,5691,Coral na Bato
110145,5691,Cruz na Daan
110146,5691,Dagat-dagatan
110147,5691,Diliman I
110148,5691,Diliman II
110149,5691,Libis
110150,5691,Lico
110151,5691,Maasim
110152,5691,Mabalas-balas
110153,5691,Maguinao
110154,5691,Maronguillo
110155,5691,Paco
110156,5691,Pansumaloc
110157,5691,Pantubig
110158,5691,Pasong Bangkal
110159,5691,Pasong Callos
110160,5691,Pasong Intsik
110161,5691,Pinacpinacan
110162,5691,Poblacion
110163,5691,Pulo
110164,5691,Pulong Bayabas
110165,5691,Salapungan
110166,5691,Sampaloc
110167,5691,San Agustin
110168,5691,San Roque
110169,5691,Sapang Pahalang
110170,5691,Talacsan
110171,5691,Tambubong
110172,5691,Tukod
110173,5691,Ulingao
110174,5113,Bagbaguin
110175,5113,Balasing
110176,5113,Buenavista
110177,5113,Bulac
110178,5113,Camangyanan
110179,5113,Catmon
110180,5113,Cay Pombo
110181,5113,Caysio
110182,5113,Guyong
110183,5113,Lalakhan
110184,5113,Mag-asawang Sapa
110185,5113,Mahabang Parang
110186,5113,Manggahan
110187,5113,Parada
110188,5113,Poblacion
110189,5113,Pulong Buhangin
110190,5113,San Gabriel
110191,5113,San Jose Patag
110192,5113,San Vicente
110193,5113,Santa Clara
110194,5113,Santa Cruz
110195,5113,Silangan
110196,5113,Tabing Bakod
110197,5113,Tumana
110198,5051,Abbeg
110199,5051,Afusing Bato
110200,5051,Afusing Daga
110201,5051,Agani
110202,5051,Baculod
110203,5051,Baybayog
110204,5051,Cabuluan
110205,5051,Calantac
110206,5051,Carallangan
110207,5051,Centro Norte
110208,5051,Centro Sur
110209,5051,Dalaoig
110210,5051,Damurog
110211,5051,Jurisdiction
110212,5051,Malalatan
110213,5051,Maraburab
110214,5051,Masin
110215,5051,Pagbangkeruan
110216,5051,Pared
110217,5051,Piggatan
110218,5051,Pinopoc
110219,5051,Pussian
110220,5051,San Esteban
110221,5051,Tamban
110222,5051,Tupang
110223,5065,Magallungon
110224,5845,Abanqueruan
110225,5845,Allasitan
110226,5845,Bagu
110227,5845,Balingit
110228,5845,Bidduang
110229,5845,Cabaggan
110230,5845,Capalalian
110231,5845,Casitan
110232,5845,Centro
110233,5845,Curva
110234,5845,Gattu
110235,5845,Masi
110236,5845,Nagattatan
110237,5845,Nagtupacan
110238,5845,San Juan
110239,5845,Santa Cruz
110240,5845,Tabba
110241,5845,Tupanna
110242,5231,Batu-Parada
110243,5231,Casagan
110244,5231,Casambalangan
110245,5231,Centro
110246,5231,Diora-Zinungan
110247,5231,Dungeg
110248,5231,Kapanikian
110249,5231,Marede
110250,5231,Palawig
110251,5231,Patunungan
110252,5231,Rapuli
110253,5231,San Vicente
110254,5231,Santa Clara
110255,5231,Santa Cruz
110256,5231,Tangatan
110257,5231,Visitacion
110258,5293,Alucao
110259,5293,Aridawen
110260,5293,Buyun
110261,5293,Caniugan
110262,5293,Centro East
110263,5293,Centro West
110264,5293,Dungeg
110265,5293,Luga
110266,5293,Masi
110267,5293,Mission
110268,5293,Simbaluca
110269,5293,Simpatuyo
110270,5293,Villa
110271,5500,Angas
110272,5500,Bactas
110273,5500,Binatagan
110274,5500,Caayunan
110275,5500,Guinatungan
110276,5500,Hinampacan
110277,5500,Langa
110278,5500,Laniton
110279,5500,Lidong
110280,5500,Mampili
110281,5500,Mandazo
110282,5500,Mangcamagong
110283,5500,Manmuntay
110284,5500,Mantugawe
110285,5500,Matnog
110286,5500,Mocong
110287,5500,Oliva
110288,5500,Pagsangahan
110289,5500,Pinagwarasan
110290,5500,Plaridel
110291,5500,Poblacion 1
110292,5500,Poblacion 2
110293,5500,San Felipe
110294,5500,San Jose
110295,5500,San Pascual
110296,5500,Taba-taba
110297,5500,Tacad
110298,5500,Taisan
110299,5500,Tuaca
110300,5501,Alayao
110301,5501,Binawangan
110302,5501,Calabaca
110303,5501,Camagsaan
110304,5501,Catabaguangan
110305,5501,Catioan
110306,5501,Del Pilar
110307,5501,Itok
110308,5501,Lucbanan
110309,5501,Mabini
110310,5501,Mactang
110311,5501,Magsaysay
110312,5501,Mataque
110313,5501,Old Camp
110314,5501,Poblacion
110315,5501,San Antonio
110316,5501,San Isidro
110317,5501,San Roque
110318,5501,Tanawan
110319,5501,Ubang
110320,5501,Villa Aurora
110321,5501,Villa Belen
110322,5502,Alawihao
110323,5502,Awitan
110324,5502,Bagasbas
110325,5502,Barangay I
110326,5502,Barangay II
110327,5502,Barangay III
110328,5502,Barangay IV
110329,5502,Barangay V
110330,5502,Barangay VI
110331,5502,Barangay VII
110332,5502,Barangay VIII
110333,5502,Bibirao
110334,5502,Borabod
110335,5502,Calasgasan
110336,5502,Camambugan
110337,5502,Cobangbang
110338,5502,Dogongan
110339,5502,Gahonon
110340,5502,Gubat
110341,5502,Lag-on
110342,5502,Magang
110343,5502,Mambalite
110344,5502,Mancruz
110345,5502,Pamorangon
110346,5502,San Isidro
110347,5503,Bagong Bayan
110348,5503,Calero
110349,5503,Dahican
110350,5503,Dayhagan
110351,5503,Larap
110352,5503,Luklukan Norte
110353,5503,Luklukan Sur
110354,5503,Motherlode
110355,5503,Nakalaya
110356,5503,North Poblacion
110357,5503,Osmeña
110358,5503,Pag-asa
110359,5503,Parang
110360,5503,Plaridel
110361,5503,Salvacion
110362,5503,San Isidro
110363,5503,San Jose
110364,5503,San Martin
110365,5503,San Pedro
110366,5503,San Rafael
110367,5503,Santa Cruz
110368,5503,Santa Elena
110369,5503,Santa Milagrosa
110370,5503,Santa Rosa Norte
110371,5503,Santa Rosa Sur
110372,5503,South Poblacion
110373,5503,Tamisan
110374,5504,Anahaw
110375,5504,Anameam
110376,5504,Awitan
110377,5504,Baay
110378,5504,Bagacay
110379,5504,Bagong Silang I
110380,5504,Bagong Silang II
110381,5504,Bagong Silang III
110382,5504,Bakiad
110383,5504,Bautista
110384,5504,Bayabas
110385,5504,Bayan-bayan
110386,5504,Benit
110387,5504,Bulhao
110388,5504,Cabatuhan
110389,5504,Cabusay
110390,5504,Calabasa
110391,5504,Canapawan
110392,5504,Daguit
110393,5504,Dalas
110394,5504,Dumagmang
110395,5504,Exciban
110396,5504,Fundado
110397,5504,Guinacutan
110398,5504,Guisican
110399,5504,Gumamela
110400,5504,Iberica
110401,5504,Kalamunding
110402,5504,Lugui
110403,5504,Mabilo I
110404,5504,Mabilo II
110405,5504,Macogon
110406,5504,Mahawan-hawan
110407,5504,Malangcao-Basud
110408,5504,Malasugui
110409,5504,Malatap
110410,5504,Malaya
110411,5504,Malibago
110412,5504,Maot
110413,5504,Masalong
110414,5504,Matanlang
110415,5504,Napaod
110416,5504,Pag-asa
110417,5504,Pangpang
110418,5504,Pinya
110419,5504,San Antonio
110420,5504,San Francisco
110421,5504,Santa Cruz
110422,5504,Submakin
110423,5504,Talobatib
110424,5504,Tigbinan
110425,5504,Tulay na Lupa
110426,5884,Apuao
110427,5884,Barangay I
110428,5884,Barangay II
110429,5884,Barangay III
110430,5884,Barangay IV
110431,5884,Barangay V
110432,5884,Barangay VI
110433,5884,Barangay VII
110434,5884,Caringo
110435,5884,Catandunganon
110436,5884,Cayucyucan
110437,5884,Colasi
110438,5884,Del Rosario
110439,5884,Gaboc
110440,5884,Hamoraon
110441,5884,Hinipaan
110442,5884,Lalawigan
110443,5884,Lanot
110444,5884,Mambungalon
110445,5884,Manguisoc
110446,5884,Masalongsalong
110447,5884,Matoogtoog
110448,5884,Pambuhan
110449,5884,Quinapaguian
110450,5884,San Roque
110451,5884,Tarum
110452,5506,Awitan
110453,5506,Bagumbayan
110454,5506,Bakal
110455,5506,Batobalani
110456,5506,Calaburnay
110457,5506,Capacuan
110458,5506,Casalugan
110459,5506,Dagang
110460,5506,Dalnac
110461,5506,Dancalan
110462,5506,Gumaus
110463,5506,Labnig
110464,5506,Macolabo Island
110465,5506,Malacbang
110466,5506,Malaguit
110467,5506,Mampungo
110468,5506,Mangkasay
110469,5506,Maybato
110470,5506,Palanas
110471,5506,Pinagbirayan Malaki
110472,5506,Pinagbirayan Munti
110473,5506,Poblacion Norte
110474,5506,Poblacion Sur
110475,5506,Tabas
110476,5506,Talusan
110477,5506,Tawig
110478,5506,Tugos
110479,501604000,Daculang Bolo
110480,501604000,Dagotdotan
110481,501604000,Langga
110482,501604000,Laniton
110483,501604000,Maisog
110484,501604000,Mampurog
110485,501604000,Manlimonsito
110486,501604000,Matacong
110487,501604000,Salvacion
110488,501604000,San Antonio
110489,501604000,San Isidro
110490,501604000,San Ramon
110491,5508,Asdum
110492,5508,Cabanbanan
110493,5508,Calabagas
110494,5508,Fabrica
110495,5508,Iraya Sur
110496,5508,Man-ogob
110497,5508,Poblacion District I
110498,5508,Poblacion District II
110499,5508,San Jose
110500,5509,Basiad
110501,5509,Bulala
110502,5509,Don Tomas
110503,5509,Guitol
110504,5509,Kabuluan
110505,5509,Kagtalaba
110506,5509,Maulawin
110507,5509,Patag Ibaba
110508,5509,Patag Iraya
110509,5509,Plaridel
110510,5509,Polungguitguit
110511,5509,Rizal
110512,5509,Salvacion
110513,5509,San Lorenzo
110514,5509,San Pedro
110515,5509,San Vicente
110516,5509,Santa Elena
110517,5509,Tabugon
110518,5509,Villa San Isidro
110519,5296,Binanuaan
110520,5296,Caawigan
110521,5296,Cahabaan
110522,5296,Calintaan
110523,5296,Del Carmen
110524,5296,Gabon
110525,5296,Itomang
110526,5296,Poblacion
110527,5296,San Francisco
110528,5296,San Isidro
110529,5296,San Jose
110530,5296,San Nicolas
110531,5296,Santa Cruz
110532,5296,Santa Elena
110533,5296,Santo Niño
110534,5511,Aguit-it
110535,5511,Banocboc
110536,5511,Barangay I
110537,5511,Barangay II
110538,5511,Barangay III
110539,5511,Cagbalogo
110540,5511,Calangcawan Norte
110541,5511,Calangcawan Sur
110542,5511,Guinacutan
110543,5511,Mangcawayan
110544,5511,Mangcayo
110545,5511,Manlucugan
110546,5511,Matango
110547,5511,Napilihan
110548,5511,Pinagtigasan
110549,5511,Sabang
110550,5511,Santo Domingo
110551,5511,Singi
110552,5511,Sula
110553,5512,Agdangan Poblacion
110554,5897,Agos
110555,5897,Bacolod
110556,5897,Buluang
110557,5897,Caricot
110558,5897,Cawacagan
110559,5897,Cotmon
110560,5897,Cristo Rey
110561,5897,Del Rosario
110562,5897,Divina Pastora
110563,5897,Goyudan
110564,5897,Lobong
110565,5897,Lubigan
110566,5897,Mainit
110567,5897,Manga
110568,5897,Masoli
110569,5897,Neighborhood
110570,5897,Niño Jesus
110571,5897,Pagatpatan
110572,5897,Palo
110573,5897,Payak
110574,5897,Sagrada
110575,5897,Salvacion
110576,5897,San Isidro
110577,5897,San Juan
110578,5897,San Miguel
110579,5897,San Rafael
110580,5897,San Roque
110581,5897,San Vicente
110582,5897,Santa Cruz
110583,5897,Santiago
110584,5897,Sooc
110585,5897,Tagpolo
110586,5897,Tres Reyes
110587,5535,Concepcion Pequeña
110588,5845,Batang
110589,5845,Burabod
110590,5845,Cagbibi
110591,5845,Cagbunga
110592,5845,Calawat
110593,5845,Del Rosario
110594,5845,Patong
110595,5845,Poblacion
110596,5845,Salvacion
110597,5845,San Gabriel
110598,5845,San Isidro
110599,5845,San Rafael
110600,5845,San Ramon
110601,5845,San Vicente
110602,5845,Tambo
110603,5845,Tampadong
110604,5845,Veneracion
110605,5577,Alianza
110606,5577,Beberon
110607,5577,Bical
110608,5577,Bocal
110609,5577,Bonifacio
110610,5577,Buenavista
110611,5577,Calascagas
110612,5577,Cotmo
110613,5577,Daculang Tubig
110614,5577,Del Pilar
110615,5577,Grijalvo
110616,5577,Gñaran
110617,5577,Lupi
110618,5577,Maragñi
110619,5577,Pamukid
110620,5577,Pinamasagan
110621,5577,Pipian
110622,5577,Planza
110623,5577,Rizal
110624,5577,San Joaquin
110625,5577,Santa Cruz
110626,5577,Tagpocol
110627,5846,Adiangao
110628,5846,Bagacay
110629,5846,Bahay
110630,5846,Boclod
110631,5846,Calalahan
110632,5846,Calawit
110633,5846,Camagong
110634,5846,Catalotoan
110635,5846,Danlog
110636,5846,Del Carmen
110637,5846,Dolo
110638,5846,Kinalansan
110639,5846,Mampirao
110640,5846,Manzana
110641,5846,Minoro
110642,5846,Palale
110643,5846,Ponglon
110644,5846,Pugay
110645,5846,Sabang
110646,5846,Salogon
110647,5846,San Antonio
110648,5846,San Juan
110649,5846,San Vicente
110650,5846,Santa Cruz
110651,5846,Soledad
110652,5846,Tagas
110653,5846,Tambangan
110654,5846,Telegrafo
110655,5846,Tominawog
110656,6097,Alga
110657,6097,Bonbon
110658,6097,Bura
110659,6097,Catibac
110660,6097,Compol
110661,6097,Lawigan
110662,6097,Liloan
110663,6097,Looc
110664,6097,Mainit
110665,6097,Manduao
110666,6097,Panghiawan
110667,6097,Poblacion
110668,6097,Santo Niño
110669,6097,Tangaro
110670,1907003005,Aglimocon
110671,1907003005,Alasaging
110672,1907003005,Alayunan
110673,1907003005,Balighot
110674,1907003005,Batabat
110675,1907003005,Bongbongan
110676,1907003005,Cabungahan
110677,1907003005,Canapian
110678,1907003005,Carataya
110679,1907003005,Duluan
110680,1907003005,East Villaflores
110681,1907003005,Fernandez
110682,1907003005,Guinbi-alan
110683,1907003005,Indayagan
110684,1907003005,Jebaca
110685,1907003005,Maalan
110686,1907003005,Manayupit
110687,1907003005,New Guia
110688,1907003005,Old Guia
110689,1907003005,Palaguian
110690,1907003005,Parallan
110691,1907003005,Piña
110692,1907003005,Poblacion Ilawod
110693,1907003005,Poblacion Ilaya
110694,1907003005,Poblacion Tabuc
110695,1907003005,Quevedo
110696,1907003005,Quinabonglan
110697,1907003005,Quinat-uyan
110698,1907003005,Salgan
110699,1907003005,Tapulang
110700,1907003005,Tuburan
110701,1907003005,West Villaflores
110702,5763,Balogo
110703,5763,Binaobawan
110704,5763,Blasco
110705,5763,Casanayan
110706,5763,Cayus
110707,5763,Dayhagan
110708,5763,Dulangan
110709,5763,Monteflor
110710,5763,Natividad
110711,5763,Olalo
110712,5763,Poblacion
110713,5763,Rosario
110714,5763,San Antonio
110715,5763,San Blas
110716,5763,San Esteban
110717,5763,San Fernando
110718,5763,San Nicolas
110719,5763,San Pedro
110720,5763,San Ramon
110721,5763,San Silvestre
110722,5763,Santa Fe
110723,5763,Sinamongan
110724,5763,Tabun-acan
110725,5763,Yating
110726,5717,Agbanog
110727,5717,Agdalipe
110728,5717,Ameligan
110729,5717,Bailan
110730,5717,Banate
110731,5717,Bantigue
110732,5717,Binuntucan
110733,5717,Cabugao
110734,5717,Gabuc
110735,5717,Guba
110736,5717,Hipona
110737,5717,Ilawod
110738,5717,Ilaya
110739,5717,Intungcan
110740,5717,Jolongajog
110741,5717,Lantangan
110742,5717,Linampongan
110743,5717,Malag-it
110744,5717,Manapao
110745,5717,Rizal
110746,5717,San Pedro
110747,5717,Solo
110748,5717,Sublangon
110749,5717,Tabuc
110750,5717,Tacas
110751,5717,Yatingan
110752,6233,Aranguel
110753,6233,Badiangon
110754,6233,Bayuyan
110755,6233,Cabugcabug
110756,6233,Carmencita
110757,6233,Cubay
110758,6233,Culilang
110759,6233,Goce
110760,6233,Hanglid
110761,6233,Ibaca
110762,6233,Madulano
110763,6233,Manoling
110764,6233,Marita
110765,6233,Pandan
110766,6233,Pantalan Cabugcabug
110767,6233,Pinamihagan
110768,6233,Poblacion
110769,6233,Pondol
110770,6233,Quiajo
110771,6233,Sangkal
110772,6233,Santo Niño
110773,6233,Vizcaya
110774,5105,Adlawan
110775,5105,Bago
110776,5105,Balijuagan
110777,5105,Banica
110778,5105,Barra
110779,5105,Bato
110780,5105,Baybay
110781,5105,Bolo
110782,5105,Cabugao
110783,5105,Cagay
110784,5105,Cogon
110785,5105,Culajao
110786,5105,Culasi
110787,5105,Dayao
110788,5105,Dinginan
110789,5105,Dumolog
110790,5105,Gabu-an
110791,5105,Inzo Arnaldo Village
110792,5105,Jumaguicjic
110793,5105,Lanot
110794,5105,Lawa-an
110795,5105,Libas
110796,5105,Liong
110797,5105,Loctugan
110798,5105,Lonoy
110799,5105,Milibili
110800,5105,Mongpong
110801,5105,Olotayan
110802,5105,Poblacion I
110803,5105,Poblacion II
110804,5105,Poblacion III
110805,5105,Poblacion IV
110806,5105,Poblacion IX
110807,5105,Poblacion V
110808,5105,Poblacion VI
110809,5105,Poblacion VII
110810,5105,Poblacion VIII
110811,5105,Poblacion X
110812,5105,Poblacion XI
110813,5105,Punta Cogon
110814,5105,Punta Tabuc
110815,5105,Sibaguan
110816,5105,Talon
110817,5105,Tanque
110818,5105,Tanza
110819,5105,Tiza
110820,1907003005,Agsilab
110821,1907003005,Agtatacay Norte
110822,1907003005,Agtatacay Sur
110823,1907003005,Bilao
110824,1907003005,Damayan
110825,1907003005,Dapdapan
110826,1907003005,Lonoy
110827,1907003005,Majanlud
110828,1907003005,Maninang
110829,1907003005,Poblacion
110830,5550,Abihao
110831,5550,Agban
110832,5550,Bagong Sirang
110833,5550,Batolinao
110834,5550,Benticayan
110835,5550,Buenavista
110836,5550,Caragumihan
110837,5550,Danao
110838,5550,Eastern Poblacion
110839,5550,Ginitligan
110840,5550,Guinsaanan
110841,5550,J. M. Alberto
110842,5550,Macutal
110843,5550,Moning
110844,5550,Nagbarorong
110845,5550,Osmeña
110846,5550,P. Teston
110847,5550,Paniquihan
110848,5550,Puraran
110849,5550,Putsan
110850,5550,Quezon
110851,5550,Rizal
110852,5550,Sagrada
110853,5550,Salvacion
110854,5550,San Lorenzo
110855,5550,San Miguel
110856,5550,Santa Maria
110857,5550,Tilod
110858,5550,Western Poblacion
110859,5897,Aroyao Pequeño
110860,5897,Bagumbayan
110861,5897,Banawang
110862,5897,Batalay
110863,5897,Binanuahan
110864,5897,Bote
110865,5897,Buenavista
110866,5897,Cabugao
110867,5897,Cagraray
110868,5897,Carorian
110869,5897,Guinobatan
110870,5897,Ilawod
110871,5897,Libjo
110872,5897,Libod Poblacion
110873,5897,Marinawa
110874,5897,Mintay
110875,5897,Oguis
110876,5897,Pananaogan
110877,5897,San Andres
110878,5897,San Pedro
110879,5897,San Roque
110880,5897,Santa Isabel
110881,5897,Sibacungan
110882,5897,Sipi
110883,5897,Talisay
110884,5897,Tamburan
110885,5897,Tilis
110886,5622,Bagawang
110887,5622,Balagñonan
110888,5622,Baldoc
110889,5622,Canlubi
110890,5622,Catamban
110891,5622,Cobo
110892,5622,Hiyop
110893,5622,Libod
110894,5622,Lourdes
110895,5622,Lumabao
110896,5622,Marambong
110897,5622,Napo
110898,5622,Oga
110899,5622,Pandan del Norte
110900,5622,Pandan del Sur
110901,5622,Panuto
110902,5622,Porot
110903,5622,Salvacion
110904,5622,San Andres
110905,5622,San Isidro
110906,5622,San Rafael
110907,5622,San Roque
110908,5622,Santa Cruz
110909,5622,Tabugoc
110910,5622,Tokio
110911,5622,Wagdas
110912,502007000,Alinawan
110913,502007000,Babaguan
110914,502007000,Bagong Bayan
110915,502007000,Burabod
110916,502007000,Cabuyoan
110917,502007000,Cagdarao
110918,502007000,Mabini
110919,502007000,Maculiw
110920,502007000,Panay
110921,502007000,Salvacion
110922,502007000,San Antonio
110923,502007000,San Joaquin
110924,502007000,San Jose
110925,502007000,San Juan
110926,502007000,San Miguel
110927,502007000,San Nicolas
110928,502007000,San Pedro
110929,502007000,San Vicente
110930,502007000,Santa Ana
110931,502007000,Santa Maria
110932,502007000,Santo Santiago
110933,502007000,Taopon
110934,502007000,Tibo
110935,6335,Atsan
110936,6335,Balatohan
110937,6335,Boton
110938,6335,Buhi
110939,6335,Dayawa
110940,6335,J. M. Alberto
110941,6335,Katipunan
110942,6335,Kilikilihan
110943,6335,Mabato
110944,6335,Obo
110945,6335,Pacogon
110946,6335,Pagsangahan
110947,6335,Pangilao
110948,6335,Paraiso
110949,6335,Poblacion District II
110950,6335,Poblacion District III
110951,6335,Progreso
110952,6335,Salvacion
110953,6335,San Juan
110954,6335,San Marcos
110955,6335,Santa Elena
110956,6335,Siay
110957,6335,Solong
110958,6335,Tobrehon
110959,402103000,Alima
110960,402103000,Aniban I
110961,402103000,Aniban II
110962,402103000,Aniban III
110963,402103000,Aniban IV
110964,402103000,Aniban V
110965,402103000,Banalo
110966,402103000,Bayanan
110967,402103000,Campo Santo
110968,402103000,Daang Bukid
110969,402103000,Digman
110970,402103000,Dulong Bayan
110971,402103000,Habay I
110972,402103000,Habay II
110973,402103000,Kaingin
110974,402103000,Ligas I
110975,402103000,Ligas II
110976,402103000,Ligas III
110977,402103000,Mabolo I
110978,402103000,Mabolo II
110979,402103000,Mabolo III
110980,402103000,Maliksi I
110981,402103000,Maliksi II
110982,402103000,Maliksi III
110983,402103000,Mambog I
110984,402103000,Mambog II
110985,402103000,Mambog III
110986,402103000,Mambog IV
110987,402103000,Mambog V
110988,402103000,Molino I
110989,402103000,Molino II
110990,402103000,Molino III
110991,402103000,Molino IV
110992,402103000,Molino V
110993,402103000,Molino VI
110994,402103000,Molino VII
110995,402103000,Niog I
110996,402103000,Niog II
110997,402103000,Niog III
110998,402103000,P. F. Espiritu I
110999,402103000,P. F. Espiritu II
111000,402103000,P. F. Espiritu III
111001,402103000,P. F. Espiritu IV
111002,402103000,P. F. Espiritu V
111003,402103000,P. F. Espiritu VI
111004,402103000,P. F. Espiritu VII
111005,402103000,P. F. Espiritu VIII
111006,402103000,Queens Row Central
111007,402103000,Queens Row East
111008,402103000,Queens Row West
111009,402103000,Real I
111010,402103000,Real II
111011,402103000,Salinas I
111012,402103000,Salinas II
111013,402103000,Salinas III
111014,402103000,Salinas IV
111015,402103000,San Nicolas I
111016,402103000,San Nicolas II
111017,402103000,San Nicolas III
111018,402103000,Sineguelasan
111019,402103000,Tabing Dagat
111020,402103000,Talaba I
111021,402103000,Talaba II
111022,402103000,Talaba III
111023,402103000,Talaba IV
111024,402103000,Talaba V
111025,402103000,Talaba VI
111026,402103000,Talaba VII
111027,402103000,Zapote I
111028,402103000,Zapote II
111029,402103000,Zapote III
111030,402103000,Zapote IV
111031,402103000,Zapote V
111032,1907003006,Aldiano Olaes
111033,1907003006,Barangay 1 Poblacion
111034,1907003006,Barangay 2 Poblacion
111035,1907003006,Barangay 3 Poblacion
111036,1907003006,Barangay 4 Poblacion
111037,1907003006,Barangay 5 Poblacion
111038,1907003006,Benjamin Tirona
111039,1907003006,Bernardo Pulido
111040,1907003006,Epifanio Malia
111041,1907003006,Fiorello Calimag
111042,1907003006,Francisco Reyes
111043,1907003006,Francisco de Castro
111044,1907003006,Gavino Maderan
111045,1907003006,Gregoria de Jesus
111046,1907003006,Inocencio Salud
111047,1907003006,Jacinto Lumbreras
111048,1907003006,Kapitan Kua
111049,1907003006,Koronel Jose P. Elises
111050,1907003006,Macario Dacon
111051,1907003006,Marcelino Memije
111052,1907003006,Nicolasa Virata
111053,1907003006,Pantaleon Granados
111054,1907003006,Ramon Cruz
111055,1907003006,San Gabriel
111056,1907003006,San Jose
111057,1907003006,Severino de Las Alas
111058,1907003006,Tiniente Tiago
111059,5309,Arnaldo Poblacion
111060,5309,Bagumbayan Poblacion
111061,5309,Corregidor Poblacion
111062,5309,Dulong Bayan Poblacion
111063,5309,Gov. Ferrer Poblacion
111064,5309,Ninety Sixth Poblacion
111065,5309,Prinza Poblacion
111066,5309,Sampalucan Poblacion
111067,5309,San Gabriel Poblacion
111068,5309,Vibora Poblacion
111069,5314,Caingin Poblacion
111070,5316,Palangue 2 & 3
111071,6284,Bagbag I
111072,6284,Bagbag II
111073,6284,Kanluran
111074,6284,Ligtong I
111075,6284,Ligtong II
111076,6284,Ligtong III
111077,6284,Ligtong IV
111078,6284,Muzon I
111079,6284,Muzon II
111080,6284,Poblacion
111081,6284,Sapa I
111082,6284,Sapa II
111083,6284,Sapa III
111084,6284,Sapa IV
111085,6284,Silangan I
111086,6284,Silangan II
111087,6284,Tejeros Convention
111088,6284,Wawa I
111089,6284,Wawa II
111090,6284,Wawa III
111091,402122000,Aguado
111092,402122000,Cabezas
111093,402122000,Cabuco
111094,402122000,Conchu
111095,402122000,De Ocampo
111096,402122000,Gregorio
111097,402122000,Inocencio
111098,402122000,Lallana
111099,402122000,Lapidario
111100,402122000,Luciano
111101,402122000,Osorio
111102,402122000,Perez
111103,402122000,San Agustin
111104,5777,Cabadiangan
111105,5777,Cabil-isan
111106,5777,Candabong
111107,5777,Lawaan
111108,5777,Manga
111109,5777,Palanas
111110,5777,Poblacion
111111,5777,Polo
111112,5777,Salagmaya
111113,6222,Baring
111114,6222,Cantipay
111115,6222,Cantukong
111116,6222,Cantumog
111117,6222,Caurasan
111118,6222,Cogon East
111119,6222,Cogon West
111120,6222,Corte
111121,6222,Dawis Norte
111122,6222,Dawis Sur
111123,6222,Hagnaya
111124,6222,Ipil
111125,6222,Lanipga
111126,6222,Liboron
111127,6222,Lower Natimao-an
111128,6222,Luyang
111129,6222,Poblacion
111130,6222,Puente
111131,6222,Sac-on
111132,6222,Triumfo
111133,6222,Upper Natimao-an
111134,5792,San Jose Poblacion
111135,702220000,Alegria
111136,702220000,Bangbang
111137,702220000,Buagsong
111138,702220000,Catarman
111139,702220000,Cogon
111140,702220000,Dapitan
111141,702220000,Day-as
111142,702220000,Gabi
111143,702220000,Gilutongan
111144,702220000,Ibabao
111145,702220000,Pilipog
111146,702220000,Poblacion
111147,702220000,San Miguel
111148,5763,Biasong
111149,5763,Cawit
111150,5763,Dapdap
111151,5763,Esperanza
111152,5763,Imelda
111153,5763,Lanao
111154,5763,Lower Poblacion
111155,5763,Moabog
111156,5763,Montserrat
111157,5763,San Isidro
111158,5763,San Juan
111159,5763,Upper Poblacion
111160,5763,Villahermosa
111161,702237000,Anislag
111162,702237000,Anopog
111163,702237000,Binabag
111164,702237000,Buhingtubig
111165,702237000,Busay
111166,702237000,Butong
111167,702237000,Cabiangon
111168,702237000,Camugao
111169,702237000,Duangan
111170,702237000,Guimbawian
111171,702237000,Lamac
111172,702237000,Lut-od
111173,702237000,Mangoto
111174,702237000,Opao
111175,702237000,Pandacan
111176,702237000,Poblacion
111177,702237000,Punod
111178,702237000,Rizal
111179,702237000,Sacsac
111180,702237000,Sambagon
111181,702237000,Sibago
111182,702237000,Tajao
111183,702237000,Tangub
111184,702237000,Tanibag
111185,702237000,Tupas
111186,702237000,Tutay
111187,5577,Balud
111188,5577,Balungag
111189,5577,Basak
111190,5577,Bugho
111191,5577,Cabatbatan
111192,5577,Greenhills
111193,5577,Ilaya
111194,5577,Lantawan
111195,5577,Liburon
111196,5577,Magsico
111197,5577,Panadtaran
111198,5577,Pitalo
111199,5577,Poblacion North
111200,5577,Poblacion South
111201,5577,San Isidro
111202,5577,Sangat
111203,5577,Tabionan
111204,5577,Tananas
111205,5577,Tinubdan
111206,5577,Tonggo
111207,5577,Tubod
111208,5388,Cabunga-an
111209,5388,Campo
111210,5388,Consuelo
111211,5388,Esperanza
111212,5388,Himensulan
111213,5388,Montealegre
111214,5388,Northern Poblacion
111215,5388,San Isidro
111216,5388,Santa Cruz
111217,5388,Santiago
111218,5388,Sonog
111219,5388,Southern Poblacion
111220,5388,Unidos
111221,5388,Union
111222,5388,Western Poblacion
111223,5296,Biasong
111224,5296,Bulacao
111225,5296,Cadulawan
111226,5296,Camp IV
111227,5296,Cansojong
111228,5296,Dumlog
111229,5296,Jaclupan
111230,5296,Lagtang
111231,5296,Lawaan I
111232,5296,Lawaan II
111233,5296,Lawaan III
111234,5296,Linao
111235,5296,Maghaway
111236,5296,Manipis
111237,5296,Mohon
111238,5296,Poblacion
111239,5296,Pooc
111240,5296,San Isidro
111241,5296,San Roque
111242,5296,Tabunoc
111243,5296,Tangke
111244,5296,Tapul
111245,702251000,Awihao
111246,702251000,Bagakay
111247,702251000,Bato
111248,702251000,Biga
111249,702251000,Bulongan
111250,702251000,Bunga
111251,702251000,Cabitoonan
111252,702251000,Calongcalong
111253,702251000,Cambang-ug
111254,702251000,Camp 8
111255,702251000,Canlumampao
111256,702251000,Cantabaco
111257,702251000,Capitan Claudio
111258,702251000,Carmen
111259,702251000,Daanglungsod
111260,702251000,Don Andres Soriano
111261,702251000,Dumlog
111262,702251000,Gen. Climaco
111263,702251000,Ibo
111264,702251000,Ilihan
111265,702251000,"Juan Climaco, Sr."
111266,702251000,Landahan
111267,702251000,Loay
111268,702251000,Luray II
111269,702251000,Matab-ang
111270,702251000,Media Once
111271,702251000,Pangamihan
111272,702251000,Poblacion
111273,702251000,Poog
111274,702251000,Putingbato
111275,702251000,Sagay
111276,702251000,Sam-ang
111277,702251000,Sangi
111278,702251000,Santo Niño
111279,702251000,Subayon
111280,702251000,Talavera
111281,702251000,Tubod
111282,702251000,Tungkay
111283,6222,Aroman
111284,6222,Bentangan
111285,6222,Cadiis
111286,6222,General Luna
111287,6222,Katanayanan
111288,6222,Kib-ayao
111289,6222,Kibenes
111290,6222,Kibugtongan
111291,6222,Kilala
111292,6222,Kimadzil
111293,6222,Kitulaan
111294,6222,Langogan
111295,6222,Lanoon
111296,6222,Liliongan
111297,6222,Macabenban
111298,6222,Malapag
111299,6222,Manarapan
111300,6222,Manili
111301,6222,Nasapian
111302,6222,Palanggalan
111303,6222,Pebpoloan
111304,6222,Poblacion
111305,6222,Ranzo
111306,6222,Tacupan
111307,6222,Tambad
111308,6222,Tonganon
111309,6222,Tupig
111310,6222,Ugalingan
111311,1907003007,Anick
111312,1907003007,Balacayon
111313,1907003007,Balogo
111314,1907003007,Banucagon
111315,1907003007,Buluan
111316,1907003007,Bulucaon
111317,1907003007,Buricain
111318,1907003007,Cabpangi
111319,1907003007,Capayuran
111320,1907003007,Central Panatan
111321,1907003007,Datu Binasing
111322,1907003007,Datu Mantil
111323,1907003007,Kadingilan
111324,1907003007,Kimarayang
111325,1907003007,Libungan Torreta
111326,1907003007,Lower Baguer
111327,1907003007,Lower Pangangkalan
111328,1907003007,Malagakit
111329,1907003007,Maluao
111330,1907003007,Matilac
111331,1907003007,Midpapan I
111332,1907003007,Midpapan II
111333,1907003007,Mulok
111334,1907003007,New Culasi
111335,1907003007,New Igbaras
111336,1907003007,New Panay
111337,1907003007,North Manuangan
111338,1907003007,Patot
111339,1907003007,Payong-payong
111340,1907003007,Poblacion I
111341,1907003007,Poblacion II
111342,1907003007,Poblacion III
111343,1907003007,Presbitero
111344,1907003007,Renibon
111345,1907003007,Simsiman
111346,1907003007,South Manuangan
111347,1907003007,Tigbawan
111348,1907003007,Tubon
111349,1907003007,Upper Baguer
111350,1907003007,Upper Pangangkalan
111351,6233,Alegria
111352,6233,Bato-bato
111353,6233,Cabangbangan
111354,6233,Camasi
111355,6233,Datu Indang
111356,6233,Datu Sandongan
111357,6233,Del Carmen
111358,6233,F. Cajelo
111359,6233,Greenhill
111360,6233,Idaoman
111361,6233,Ilustre
111362,6233,Kamarahan
111363,6233,Kimaruhing
111364,6233,Kisupaan
111365,6233,La Esperanza
111366,6233,Labu-o
111367,6233,Lamalama
111368,6233,Lomonay
111369,6233,Mabuhay
111370,6233,New Cebu
111371,6233,Poblacion
111372,6233,Sagcungan
111373,6233,Salat
111374,6233,Sarayan
111375,6233,Tuael
111376,6172,New Manay
111377,6172,Tupas
111378,6176,Antequera
111379,6180,Cabayangan
111380,6222,Alejal
111381,6222,Anibongan
111382,6222,Asuncion
111383,6222,Cebulano
111384,6222,Guadalupe
111385,6222,Ising
111386,6222,La Paz
111387,6222,Mabaus
111388,6222,Mabuhay
111389,6222,Magsaysay
111390,6222,Mangalcal
111391,6222,Minda
111392,6222,New Camiling
111393,6222,Salvacion
111394,6222,San Isidro
111395,6222,Santo Niño
111396,6222,Taba
111397,6222,Tibulao
111398,6222,Tubod
111399,6222,Tuganay
111400,6186,J. P. Laurel
111401,5156,Adecor
111402,5156,Anonang
111403,5156,Aumbay
111404,5156,Aundanao
111405,5156,Balet
111406,5156,Bandera
111407,5156,Caliclic
111408,5156,Camudmud
111409,5156,Catagman
111410,5156,Cawag
111411,5156,Cogon
111412,5156,Cogon (Talicod)
111413,5156,Dadatan
111414,5156,Del Monte
111415,5156,Guilon
111416,5156,Kanaan
111417,5156,Kinawitnon
111418,5156,Libertad
111419,5156,Libuak
111420,5156,Licup
111421,5156,Limao
111422,5156,Linosutan
111423,5156,Mambago-A
111424,5156,Mambago-B
111425,5156,Miranda
111426,5156,Moncado
111427,5156,Pangubatan
111428,5156,Peñaplata
111429,5156,Poblacion
111430,5156,San Agustin
111431,5156,San Antonio
111432,5156,San Isidro (Babak)
111433,5156,San Isidro (Kaputian)
111434,5156,San Jose
111435,5156,San Miguel
111436,5156,San Remigio
111437,5156,Santa Cruz
111438,5156,Santo Niño
111439,5156,Sion
111440,5156,Tagbaobo
111441,5156,Tagbay
111442,5156,Tagbitan-ag
111443,5156,Tagdaliao
111444,5156,Tagpopongan
111445,5156,Tambo
111446,5156,Toril
111447,5233,Balagunan
111448,5233,Bobongon
111449,5233,Casig-ang
111450,5233,Esperanza
111451,5233,Kimamon
111452,5233,Kinamayan
111453,5233,La Libertad
111454,5233,Lungaog
111455,5233,Magwawa
111456,5233,New Katipunan
111457,5233,New Visayas
111458,5233,Pantaron
111459,5233,Salvacion
111460,5233,San Jose
111461,5233,San Miguel
111462,5233,San Vicente
111463,5233,Talomo
111464,5233,Tibal-og
111465,5233,Tulalian
111466,6193,Balutakay
111467,6193,Clib
111468,6193,Guihing
111469,6193,Guihing Aplaya
111470,6193,Hagonoy Crossing
111471,6193,Kibuaya
111472,6193,La Union
111473,6193,Lanuro
111474,6193,Lapulabao
111475,6193,Leling
111476,6193,Mahayahay
111477,6193,Malabang Damsite
111478,6193,Maliit Digos
111479,6193,New Quezon
111480,6193,Paligue
111481,6193,Poblacion
111482,6193,Sacub
111483,6193,San Guillermo
111484,6193,San Isidro
111485,6193,Sinayawan
111486,6193,Tologan
111487,5456,Bacungan
111488,5456,Balnate
111489,5456,Barayong
111490,5456,Blocon
111491,5456,Dalawinon
111492,5456,Dalumay
111493,5456,Glamang
111494,5456,Kanapulo
111495,5456,Kasuga
111496,5456,Lower Bala
111497,5456,Mabini
111498,5456,Maibo
111499,5456,Malawanit
111500,5456,Malongon
111501,5456,New Ilocos
111502,5456,New Opon
111503,5456,Poblacion
111504,5456,San Isidro
111505,5456,San Miguel
111506,5456,Tacul
111507,5456,Tagaytay
111508,5456,Upper Bala
111509,6196,Lapu-Lapu
111510,5349,Astorga
111511,5349,Bato
111512,5349,Coronon
111513,5349,Darong
111514,5349,Inawayan
111515,5349,Jose Rizal
111516,5349,Matutungan
111517,5349,Melilia
111518,5349,Saliducon
111519,5349,Sibulan
111520,5349,Sinoron
111521,5349,Tagabuli
111522,5349,Tibolo
111523,5349,Tuban
111524,5349,Zone I
111525,5349,Zone II
111526,5349,Zone III
111527,5349,Zone IV
111528,1108602000,Balangonan
111529,1108602000,Buguis
111530,1108602000,Bukid
111531,1108602000,Butuan
111532,1108602000,Butulan
111533,1108602000,Caburan Big
111534,1108602000,Caburan Small
111535,1108602000,Camalian
111536,1108602000,Carahayan
111537,1108602000,Cayaponga
111538,1108602000,Culaman
111539,1108602000,Kalbay
111540,1108602000,Kitayo
111541,1108602000,Magulibas
111542,1108602000,Malalan
111543,1108602000,Mangile
111544,1108602000,Marabutuan
111545,1108602000,Meybio
111546,1108602000,Molmol
111547,1108602000,Nuing
111548,1108602000,Patulang
111549,1108602000,Quiapo
111550,1108602000,San Isidro
111551,1108602000,Sugal
111552,1108602000,Tabayon
111553,1108602000,Tanuman
111554,5113,Basiawan
111555,5113,Buca
111556,5113,Cadaatan
111557,5113,Datu Daligasao
111558,5113,Datu Intan
111559,5113,Kidadan
111560,5113,Kinilidan
111561,5113,Kisulad
111562,5113,Malalag Tubig
111563,5113,Mamacao
111564,5113,Ogpao
111565,5113,Poblacion
111566,5113,Pongpong
111567,5113,San Agustin
111568,5113,San Antonio
111569,5113,San Isidro
111570,5113,San Juan
111571,5113,San Pedro
111572,5113,San Roque
111573,5113,Santo Niño
111574,5113,Santo Rosario
111575,5113,Tanglad
111576,1608504000,Albor
111577,1608504000,Arellano
111578,1608504000,Bayanihan
111579,1608504000,Doña Helen
111580,1608504000,Garcia
111581,1608504000,General Aguinaldo
111582,1608504000,Kanihaan
111583,1608504000,Llamera
111584,1608504000,Magsaysay
111585,1608504000,Osmeña
111586,1608504000,Plaridel
111587,1608504000,Quezon
111588,1608504000,Rosita
111589,1608504000,San Antonio
111590,1608504000,San Jose
111591,1608504000,Santo Niño
111592,5846,Aurelio
111593,5846,Cuarinta
111594,5846,Don Ruben Ecleo
111595,5846,Jacquez
111596,5846,Justiniana Edera
111597,5846,Luna
111598,5846,Mahayahay
111599,5846,Matingbe
111600,5846,San Jose
111601,5846,San Juan
111602,5846,Santa Cruz
111603,5846,Wilson
111604,5884,Anuron
111605,5884,Banuyo
111606,5884,Barangay 1 Poblacion
111607,5884,Barangay 2 Poblacion
111608,5884,Barangay 3 Poblacion
111609,5884,Barangay 4 Poblacion
111610,5884,Bobon
111611,5884,Busay
111612,5884,Buyayawon
111613,5884,Cabunga-an
111614,5884,Cambante
111615,5884,Palamrag
111616,5884,Port Kennedy
111617,5884,San Jose
111618,5884,San Roque
111619,5884,Sung-an
111620,4957,Abejao
111621,4957,Alog
111622,4957,Asgad
111623,4957,Bagtong
111624,4957,Balud
111625,4957,Barangay 1
111626,4957,Barangay 10
111627,4957,Barangay 11
111628,4957,Barangay 12
111629,4957,Barangay 13
111630,4957,Barangay 2
111631,4957,Barangay 3
111632,4957,Barangay 4
111633,4957,Barangay 5
111634,4957,Barangay 6
111635,4957,Barangay 7
111636,4957,Barangay 8
111637,4957,Barangay 9
111638,4957,Buabua
111639,4957,Burak
111640,4957,Butig
111641,4957,Cagaut
111642,4957,Camanga
111643,4957,Cantomoja
111644,4957,Carapdapan
111645,4957,Caridad
111646,4957,Casili-on
111647,4957,Iberan
111648,4957,Jagnaya
111649,4957,Lusod
111650,4957,Malbog
111651,4957,Maliwaliw
111652,4957,Matarinao
111653,4957,Naparaan
111654,4957,Palanas
111655,4957,San Roque
111656,4957,Santa Cruz
111657,4957,Seguinon
111658,4957,Tacla-on
111659,4957,Tagbacan
111660,4957,Talangdawan
111661,5410,Agsanayan
111662,5410,Avila
111663,5410,Bacjao
111664,5410,Banban
111665,5410,Cansilayan
111666,5410,Dagsa-an
111667,5410,Daragan
111668,5410,East Valencia
111669,5410,Getulio
111670,5410,Mabini
111671,5410,Magsaysay
111672,5410,Mclain
111673,5410,Montpiller
111674,5410,Navalas
111675,5410,Nazaret
111676,5410,New Poblacion
111677,5410,Old Poblacion
111678,5410,Piña
111679,5410,Rizal
111680,5410,Salvacion
111681,5410,San Fernando
111682,5410,San Isidro
111683,5410,San Miguel
111684,5410,San Nicolas
111685,5410,San Pedro
111686,5410,San Roque
111687,5410,Santo Rosario
111688,5410,Sawang
111689,5410,Supang
111690,5410,Tacay
111691,5410,Taminla
111692,5410,Tanag
111693,5410,Tastasan
111694,5410,Tinadtaran
111695,5410,Umilig
111696,5410,Zaldivar
111697,5652,Concordia Norte
111698,5652,Oracon Norte
111699,6507,Majlong
111700,6507,Mongayang
111701,6507,Posnaan
111702,6507,Ta-ang
111703,6507,Talite
111704,6507,Ubao
111705,1402707000,Bangar
111706,1402707000,Busilac
111707,1402707000,Calimag
111708,1402707000,Calupaan
111709,1402707000,Caragasan
111710,1402707000,Dolowog
111711,1402707000,Kiling
111712,1402707000,Laya
111713,1402707000,Little Tadian
111714,1402707000,Namillangan
111715,1402707000,Namnama
111716,1402707000,Ngileb
111717,1402707000,Pinto
111718,1402707000,Poblacion
111719,1402707000,San Jose
111720,1402707000,San Juan
111721,1402707000,San Marcos
111722,1402707000,San Quintin
111723,1402707000,Santa Maria
111724,1402707000,Santo Domingo
111725,6509,Amduntog
111726,6509,Antipolo
111727,6509,Camandag
111728,6509,Cawayan
111729,6509,Hallap
111730,6509,Liwon
111731,6509,Namal
111732,6509,Nungawa
111733,6509,Panubtuban
111734,6509,Pula
111735,6510,Amganad
111736,6510,Anaba
111737,6510,Balawis
111738,6510,Banao
111739,6510,Bangaan
111740,6510,Batad
111741,6510,Bocos
111742,6510,Cambulo
111743,6510,Ducligan
111744,6510,Gohang
111745,6510,Kinakin
111746,6510,Ohaj
111747,6510,Poblacion
111748,6510,Poitan
111749,6510,Pula
111750,6510,San Fernando
111751,6510,Tam-an
111752,6510,View Point
111753,6511,Anao
111754,6511,Bangtinon
111755,6511,Bitu
111756,6511,Cababuyan
111757,6511,Mompolia
111758,6511,Namulditan
111759,6511,Northern Cababuyan
111760,6511,O-ong
111761,6511,Piwong
111762,6511,Poblacion
111763,6511,Ubuag
111764,6511,Umalbong
111765,6512,Abatan
111766,6512,Ba-ang
111767,6512,Bangbang
111768,6512,Bokiawan
111769,6512,Hapao
111770,6512,Lubo-ong
111771,6512,Maggok
111772,6512,Nungulunan
111773,6512,Poblacion
111774,6513,Ambabag
111775,6513,Baguinge
111776,6513,Bokiawan
111777,6513,Bolog
111778,6513,Dalligan
111779,6513,Duit
111780,6513,Hucab
111781,6513,Julongan
111782,6513,Lingay
111783,6513,Mungayang
111784,6513,Nagacadan
111785,6513,Pindongan
111786,6513,Poblacion
111787,6513,Tuplac
111788,6514,Abinuan
111789,6514,Banga
111790,6514,Boliwong
111791,6514,Burnay
111792,6514,Buyabuyan
111793,6514,Caba
111794,6514,Cudog
111795,6514,Dulao
111796,6514,Jucbong
111797,6514,Luta
111798,6514,Montabiong
111799,6514,Olilicon
111800,6514,Poblacion East
111801,6514,Poblacion North
111802,6514,Poblacion South
111803,6514,Poblacion West
111804,6514,Ponghal
111805,6514,Pullaan
111806,6514,Tungngod
111807,6514,Tupaya
111808,6515,Ambasa
111809,6515,Bimpal
111810,6515,Hapid
111811,6515,Holowon
111812,6515,Lawig
111813,6515,Lucban
111814,6515,Mabatobato
111815,6515,Magulon
111816,6515,Nayon
111817,6515,Panopdopan
111818,6515,Payawan
111819,6515,Pieza
111820,6515,Poblacion East
111821,6515,Poblacion West
111822,6515,Pugol
111823,6515,Salamague
111824,6515,Sanafe
111825,6515,Umilag
111826,6516,Aduyongan
111827,6516,Alimit
111828,6516,Ayangan
111829,6516,Balangbang
111830,6516,Banao
111831,6516,Banhal
111832,6516,Bato-Alatbang
111833,6516,Bongan
111834,6516,Buninan
111835,6516,Chaya
111836,6516,Chumang
111837,6516,Epeng
111838,6516,Guinihon
111839,6516,Inwaloy
111840,6516,Langayan
111841,6516,Liwo
111842,6516,Maga
111843,6516,Magulon
111844,6516,Mapawoy
111845,6516,Mayoyao Proper
111846,6516,Mongol
111847,6516,Nalbu
111848,6516,Nattum
111849,6516,Palaad
111850,6516,Poblacion
111851,6516,Talboc
111852,6516,Tulaed
111853,6517,Ahin
111854,6517,Ap-apid
111855,6517,Binablayan
111856,6517,Danggo
111857,6517,Eheb
111858,6517,Gumhang
111859,6517,Impugong
111860,6517,Luhong
111861,6517,Tinoc
111862,6517,Tukucan
111863,6517,Tulludan
111864,6517,Wangwang
111865,4921,Alay-Nangbabaan
111866,4921,Alogoog
111867,4921,Ar-arusip
111868,4921,Aring
111869,4921,Balbaldez
111870,4921,Bato
111871,4921,Camanga
111872,4921,Canaan
111873,4921,Caraitan
111874,4921,Gabut Norte
111875,4921,Gabut Sur
111876,4921,Garreta
111877,4921,La Virgen Milagrosa
111878,4921,Labut
111879,4921,Lacuben
111880,4921,Lubigan
111881,4921,Mabusag Norte
111882,4921,Mabusag Sur
111883,4921,Madupayas
111884,4921,Morong
111885,4921,Nagrebcan
111886,4921,Napu
111887,4921,Pagsanahan Norte
111888,4921,Pagsanahan Sur
111889,4921,Paltit
111890,4921,Parang
111891,4921,Pasuc
111892,4921,Santa Cruz Norte
111893,4921,Santa Cruz Sur
111894,4921,Saud
111895,4921,Turod
111896,4922,Abaca
111897,4922,Bacsil
111898,4922,Banban
111899,4922,Baruyen
111900,4922,Dadaor
111901,4922,Lanao
111902,4922,Malasin
111903,4922,Manayon
111904,4922,Masikil
111905,4922,Nagbalagan
111906,4922,Payac
111907,4922,San Lorenzo
111908,4922,Taguiporo
111909,4922,Utol
111910,102811000,Balioeg
111911,102811000,Bangsar
111912,102811000,Barbarangay
111913,102811000,Binacag
111914,102811000,Bomitog
111915,102811000,Bugasi
111916,102811000,Caestebanan
111917,102811000,Caribquib
111918,102811000,Catagtaguen
111919,102811000,Crispina
111920,102811000,Hilario
111921,102811000,Imelda
111922,102811000,Lorenzo
111923,102811000,Macayepyep
111924,102811000,Marcos
111925,102811000,Nagpatayan
111926,102811000,Sinamar
111927,102811000,Tabtabagan
111928,102811000,Valdez
111929,102811000,Valenciano
111930,102805000,Ablan Poblacion
111931,102805000,Acosta Poblacion
111932,102805000,Aglipay
111933,102805000,Baay
111934,102805000,Baligat
111935,102805000,Baoa East
111936,102805000,Baoa West
111937,102805000,Barani
111938,102805000,Ben-agan
111939,102805000,Bil-loca
111940,102805000,Biningan
111941,102805000,Bungon
111942,102805000,Callaguip
111943,102805000,Camandingan
111944,102805000,Camguidan
111945,102805000,Cangrunaan
111946,102805000,Capacuan
111947,102805000,Caunayan
111948,102805000,Colo
111949,102805000,Dariwdiw
111950,102805000,Lacub
111951,102805000,Mabaleng
111952,102805000,Magnuang
111953,102805000,Maipalig
111954,102805000,Nagbacalan
111955,102805000,Naguirangan
111956,102805000,Palongpong
111957,102805000,Palpalicong
111958,102805000,Parangopong
111959,102805000,Payao
111960,102805000,Pimentel
111961,102805000,Quiling Norte
111962,102805000,Quiling Sur
111963,102805000,Quiom
111964,102805000,Rayuray
111965,102805000,Ricarte Poblacion
111966,102805000,San Julian
111967,102805000,San Mateo
111968,102805000,San Pedro
111969,102805000,Suabit
111970,102805000,Sumader
111971,102805000,Tabug
111972,102805000,Valdez Poblacion
111973,6301,Ablan Sarat
111974,6301,Agaga
111975,6301,Bayog
111976,6301,Bobon
111977,6301,Buduan
111978,6301,Nagsurot
111979,6301,Paayas
111980,6301,Pagali
111981,6301,Poblacion
111982,6301,Saoit
111983,6301,Tanap
111984,4926,Angset
111985,4926,Barbaqueso
111986,4926,Virbira
111987,4927,Anggapang Norte
111988,4927,Anggapang Sur
111989,4927,Bimmanga
111990,4927,Cabuusan
111991,4927,Comcomloong
111992,4927,Gaang
111993,4927,Lang-ayan-Baramban
111994,4927,Lioes
111995,4927,Maglaoi Centro
111996,4927,Maglaoi Norte
111997,4927,Maglaoi Sur
111998,4927,Paguludan-Salindeg
111999,4927,Pangil
112000,4927,Pias Norte
112001,4927,Pias Sur
112002,4927,Poblacion I
112003,4927,Poblacion II
112004,4927,Salugan
112005,4927,San Simeon
112006,4927,Santa Cruz
112007,4927,Tapao-Tigue
112008,4927,Torre
112009,4927,Victoria
112010,4928,Albano
112011,4928,Bacsil
112012,4928,Bagut
112013,4928,Baresbes
112014,4928,Barong
112015,4928,Bungcag
112016,4928,Cali
112017,4928,Capasan
112018,4928,Dancel
112019,4928,Elizabeth
112020,4928,Espiritu
112021,4928,Foz
112022,4928,Guerrero
112023,4928,Lanas
112024,4928,Lumbad
112025,4928,Madamba
112026,4928,Mandaloque
112027,4928,Medina
112028,4928,Parado
112029,4928,Peralta
112030,4928,Puruganan
112031,4928,Root
112032,4928,Sagpatan
112033,4928,Saludares
112034,4928,San Esteban
112035,4928,San Francisco
112036,4928,San Marcelino
112037,4928,San Marcos
112038,4928,Sulquiano
112039,4928,Suyo
112040,4928,Ver
112041,4929,Cabaritan
112042,4929,Kalaw
112043,4929,Quibel
112044,4929,San Isidro
112045,4930,"Barangay No. 1, San Lorenzo"
112046,4930,"Barangay No. 10, San Jose"
112047,4930,"Barangay No. 11, Santa Balbina"
112048,4930,"Barangay No. 12, San Isidro"
112049,4930,"Barangay No. 13, Nuestra Señora de Visitacion"
112050,4930,"Barangay No. 14, Santo Tomas"
112051,4930,"Barangay No. 15, San Guillermo"
112052,4930,"Barangay No. 16, San Jacinto"
112053,4930,"Barangay No. 17, San Francisco"
112054,4930,"Barangay No. 18, San Quirino"
112055,4930,"Barangay No. 19, Santa Marcela"
112056,4930,"Barangay No. 2, Santa Joaquina"
112057,4930,"Barangay No. 20, San Miguel"
112058,4930,"Barangay No. 21, San Pedro"
112059,4930,"Barangay No. 22, San Andres"
112060,4930,"Barangay No. 23, San Matias"
112061,4930,"Barangay No. 24, Nuestra Señora de Consolacion"
112062,4930,"Barangay No. 25, Santa Cayetana"
112063,4930,"Barangay No. 26, San Marcelino"
112064,4930,"Barangay No. 27, Nuestra Señora de Soledad"
112065,4930,"Barangay No. 28, San Bernardo"
112066,4930,"Barangay No. 29, Santo Tomas"
112067,4930,"Barangay No. 3, Nuestra Señora del Rosario"
112068,4930,"Barangay No. 30-A, Suyo"
112069,4930,"Barangay No. 30-B, Santa Maria"
112070,4930,"Barangay No. 31, Talingaan"
112071,4930,"Barangay No. 32-A, La Paz East"
112072,4930,"Barangay No. 32-B, La Paz West"
112073,4930,Barangay No. 32-C La Paz East
112074,4930,"Barangay No. 33-A, La Paz Proper"
112075,4930,"Barangay No. 33-B, La Paz Proper"
112076,4930,"Barangay No. 34-A, Gabu Norte West"
112077,4930,"Barangay No. 34-B, Gabu Norte East"
112078,4930,"Barangay No. 35, Gabu Sur"
112079,4930,"Barangay No. 36, Araniw"
112080,4930,"Barangay No. 37, Calayab"
112081,4930,"Barangay No. 38-A, Mangato East"
112082,4930,"Barangay No. 38-B, Mangato West"
112083,4930,"Barangay No. 39, Santa Rosa"
112084,4930,"Barangay No. 4, San Guillermo"
112085,4930,"Barangay No. 40, Balatong"
112086,4930,"Barangay No. 41, Balacad"
112087,4930,"Barangay No. 42, Apaya"
112088,4930,"Barangay No. 43, Cavit"
112089,4930,"Barangay No. 44, Zamboanga"
112090,4930,"Barangay No. 45, Tangid"
112091,4930,"Barangay No. 46, Nalbo"
112092,4930,"Barangay No. 47, Bengcag"
112093,4930,"Barangay No. 48-A, Cabungaan North"
112094,4930,"Barangay No. 48-B, Cabungaan South"
112095,4930,"Barangay No. 49-A, Darayday"
112096,4930,"Barangay No. 49-B, Raraburan"
112097,4930,"Barangay No. 5, San Pedro"
112098,4930,"Barangay No. 50, Buttong"
112099,4930,"Barangay No. 51-A, Nangalisan East"
112100,4930,"Barangay No. 51-B, Nangalisan West"
112101,4930,"Barangay No. 52-A, San Mateo"
112102,4930,"Barangay No. 52-B, Lataag"
112103,4930,"Barangay No. 53, Rioeng"
112104,4930,"Barangay No. 54-A, Lagui-Sail"
112105,4930,"Barangay No. 54-B, Camangaan"
112106,4930,"Barangay No. 55-A, Barit-Pandan"
112107,4930,"Barangay No. 55-B, Salet-Bulangon"
112108,4930,"Barangay No. 55-C, Vira"
112109,4930,"Barangay No. 56-A, Bacsil North"
112110,4930,"Barangay No. 56-B, Bacsil South"
112111,4930,"Barangay No. 57, Pila"
112112,4930,"Barangay No. 58, Casili"
112113,4930,"Barangay No. 59-A, Dibua South"
112114,4930,"Barangay No. 59-B, Dibua North"
112115,4930,"Barangay No. 6, San Agustin"
112116,4930,"Barangay No. 60-A, Caaoacan"
112117,4930,"Barangay No. 60-B, Madiladig"
112118,4930,"Barangay No. 61, Cataban"
112119,4930,"Barangay No. 62-A, Navotas North"
112120,4930,"Barangay No. 62-B, Navotas South"
112121,4930,"Barangay No. 7-A, Nuestra Señora de Natividad"
112122,4930,"Barangay No. 7-B, Nuestra Señora de Natividad"
112123,4930,"Barangay No. 8, San Vicente"
112124,4930,"Barangay No. 9, Santa Angela"
112125,4931,Cacafean
112126,4931,Daquioag
112127,4931,Elizabeth
112128,4931,Escoda
112129,4931,Ferdinand
112130,4931,Fortuna
112131,4931,Imelda
112132,4931,Lydia
112133,4931,Mabuti
112134,4931,Pacifico
112135,4931,Santiago
112136,4931,Tabucbuc
112137,4931,Valdez
112138,4932,Acnam
112139,4932,Barangobong
112140,4932,Barikir
112141,4932,Bugayong
112142,4932,Cabittauran
112143,4932,Caray
112144,4932,Garnaden
112145,4932,Naguillan
112146,4932,Poblacion
112147,4932,Santo Niño
112148,4932,Uguis
112149,4933,Aggasi
112150,4933,Baduang
112151,4933,Balaoi
112152,4933,Burayoc
112153,4933,Caparispisan
112154,4933,Caunayan
112155,4933,Dampig
112156,4933,Ligaya
112157,4933,Pancian
112158,4933,Pasaleng
112159,4933,Poblacion 1
112160,4933,Poblacion 2
112161,4933,Saguigui
112162,4933,Saud
112163,4933,Subec
112164,4933,Tarrag
112165,4934,Bacsil
112166,4934,Cabagoan
112167,4934,Cabangaran
112168,4934,Callaguip
112169,4934,Cayubog
112170,4934,Dolores
112171,4934,Laoa
112172,4934,Masintoc
112173,4934,Monte
112174,4934,Mumulaan
112175,4934,Nagbacalan
112176,4934,Nalasin
112177,4934,Nanguyudan
112178,4934,Oaig-Upay-Abulao
112179,4934,Pambaran
112180,4934,Pannaratan
112181,4934,Paratong
112182,4934,Pasil
112183,4934,Salbang
112184,4934,San Agustin
112185,4934,San Blas
112186,4934,San Juan
112187,4934,San Pedro
112188,4934,San Roque
112189,4934,Sangladan Poblacion
112190,4934,Santa Rita
112191,4934,Sideg
112192,4934,Suba
112193,4934,Sungadan
112194,4934,Surgui
112195,4934,Veronica
112196,4935,Batuli
112197,4935,Binsang
112198,4935,Caruan
112199,4935,Carusikis
112200,4935,Carusipan
112201,4935,Dadaeman
112202,4935,Darupidip
112203,4935,Davila
112204,4935,Dilanis
112205,4935,Dilavo
112206,4935,Estancia
112207,4935,Naglicuan
112208,4935,Nagsanga
112209,4935,Nalvo
112210,4935,Ngabangab
112211,4935,Pangil
112212,4935,Poblacion 1
112213,4935,Poblacion 2
112214,4935,Poblacion 3
112215,4935,Poblacion 4
112216,4935,Pragata
112217,4935,Puyupuyan
112218,4935,Salpad
112219,4935,San Juan
112220,4935,Santa Catalina
112221,4935,Santa Matilde
112222,4935,Sapat
112223,4935,Sulbec
112224,4935,Sulongan
112225,4935,Surong
112226,4935,Susugaen
112227,4935,Tabungao
112228,4935,Tadao
112229,4936,Ab-abut
112230,4936,Abucay
112231,4936,Anao
112232,4936,Arua-ay
112233,4936,Bimmanga
112234,4936,Boyboy
112235,4936,Cabaroan
112236,4936,Calambeg
112237,4936,Callusa
112238,4936,Dupitac
112239,4936,Estancia
112240,4936,Gayamat
112241,4936,Lagandit
112242,4936,Libnaoan
112243,4936,Loing
112244,4936,Maab-abaca
112245,4936,Mangitayag
112246,4936,Maruaya
112247,4936,San Antonio
112248,4936,Santa Maria
112249,4936,Sucsuquen
112250,4936,Tangaoan
112251,4936,Tonoton
112252,4937,Aglipay
112253,4937,Apatut-Lubong
112254,4937,Badio
112255,4937,Barbar
112256,4937,Buanga
112257,4937,Bulbulala
112258,4937,Bungro
112259,4937,Cabaroan
112260,4937,Capangdanan
112261,4937,Dalayap
112262,4937,Darat
112263,4937,Gulpeng
112264,4937,Liliputen
112265,4937,Lumbaan-Bicbica
112266,4937,Nagtrigoan
112267,4937,Pagdilao
112268,4937,Pugaoan
112269,4937,Puritac
112270,4937,Puzol
112271,4937,Sacritan
112272,4937,Salanap
112273,4937,Santo Tomas
112274,4937,Tartarabang
112275,4937,Upon
112276,4937,Valbuena
112277,4938,San Agustin
112278,4938,San Baltazar
112279,4938,San Bartolome
112280,4938,San Cayetano
112281,4938,San Eugenio
112282,4938,San Fernando
112283,4938,San Francisco
112284,4938,San Gregorio
112285,4938,San Guillermo
112286,4938,San Ildefonso
112287,4938,San Jose
112288,4938,San Juan Bautista
112289,4938,San Lorenzo
112290,4938,San Lucas
112291,4938,San Marcos
112292,4938,San Miguel
112293,4938,San Pablo
112294,4938,San Paulo
112295,4938,San Pedro
112296,4938,San Rufino
112297,4938,San Silvestre
112298,4938,Santa Asuncion
112299,4938,Santa Cecilia
112300,4938,Santa Monica
112301,4939,San Agustin
112302,4939,San Andres
112303,4939,San Antonio
112304,4939,San Bernabe
112305,4939,San Cristobal
112306,4939,San Felipe
112307,4939,San Francisco
112308,4939,San Isidro
112309,4939,San Joaquin
112310,4939,San Jose
112311,4939,San Juan
112312,4939,San Leandro
112313,4939,San Lorenzo
112314,4939,San Manuel
112315,4939,San Marcos
112316,4939,San Nicolas
112317,4939,San Pedro
112318,4939,San Roque
112319,4939,San Vicente
112320,4939,Santa Barbara
112321,4939,Santa Magdalena
112322,4939,Santa Rosa
112323,4939,Santo Santiago
112324,4939,Santo Tomas
112325,4940,Aguitap
112326,4940,Bagbag
112327,4940,Bagbago
112328,4940,Barcelona
112329,4940,Bubuos
112330,4940,Capurictan
112331,4940,Catangraran
112332,4940,Darasdas
112333,4940,Juan
112334,4940,Laureta
112335,4940,Lipay
112336,4940,Maananteng
112337,4940,Manalpac
112338,4940,Mariquet
112339,4940,Nagpatpatan
112340,4940,Nalasin
112341,4940,Puttao
112342,4940,San Juan
112343,4940,San Julian
112344,4940,Santa Ana
112345,4940,Santiago
112346,4940,Talugtog
112347,4941,Abkir
112348,4941,Alejo Malasig
112349,4941,Alsem
112350,4941,Bago
112351,4941,Bulbulala
112352,4941,Cabangaran
112353,4941,Cabayo
112354,4941,Cabisocolan
112355,4941,Canaam
112356,4941,Columbia
112357,4941,Dagupan
112358,4941,Dipilat
112359,4941,Esperanza
112360,4941,Ester
112361,4941,Isic Isic
112362,4941,Lubnac
112363,4941,Mabanbanag
112364,4941,Malampa
112365,4941,Manarang
112366,4941,Margaay
112367,4941,Namoroc
112368,4941,Parparoroc
112369,4941,Parut
112370,4941,Pedro F. Alviar
112371,4941,Salsalamagui
112372,4941,San Jose
112373,4941,San Nicolas
112374,4941,San Pedro
112375,4941,San Ramon
112376,4941,San Roque
112377,4941,Santa Maria
112378,4941,Tamdagan
112379,4941,Visaya
112380,4942,Alilem Daya
112381,4942,Amilongan
112382,4942,Anaao
112383,4942,Apang
112384,4942,Apaya
112385,4942,Batbato
112386,4942,Daddaay
112387,4942,Dalawa
112388,4942,Kiat
112389,4943,Bagbagotot
112390,4943,Banbanaal
112391,4943,Bisangol
112392,4943,Cadanglaan
112393,4943,Casilagan Norte
112394,4943,Casilagan Sur
112395,4943,Elefante
112396,4943,Guardia
112397,4943,Lintic
112398,4943,Lopez
112399,4943,Montero
112400,4943,Naguimba
112401,4943,Pila
112402,4943,Poblacion
112403,4944,Aggay
112404,4944,An-annam
112405,4944,Balaleng
112406,4944,Banaoang
112407,4944,Barangay 1
112408,4944,Barangay 2
112409,4944,Barangay 3
112410,4944,Barangay 4
112411,4944,Barangay 5
112412,4944,Barangay 6
112413,4944,Bulag
112414,4944,Buquig
112415,4944,Cabalanggan
112416,4944,Cabaroan
112417,4944,Cabusligan
112418,4944,Capangdanan
112419,4944,Guimod
112420,4944,Lingsat
112421,4944,Malingeb
112422,4944,Mira
112423,4944,Naguiddayan
112424,4944,Ora
112425,4944,Paing
112426,4944,Puspus
112427,4944,Quimmarayan
112428,4944,Sagneb
112429,4944,Sagpat
112430,4944,San Isidro
112431,4944,San Julian
112432,4944,San Mariano
112433,4944,Sinabaan
112434,4944,Taguiporo
112435,4944,Taleb
112436,4944,Tay-ac
112437,6301,Ambugat
112438,6301,Balugang
112439,6301,Bangbangar
112440,6301,Bessang
112441,6301,Cabcaburao
112442,6301,Cadacad
112443,6301,Callitong
112444,6301,Dayanki
112445,6301,Dirdirig
112446,6301,Lesseb
112447,6301,Lubing
112448,6301,Lucaban
112449,6301,Luna
112450,6301,Macaoayan
112451,6301,Mambug
112452,6301,Manaboc
112453,6301,Mapanit
112454,6301,Nagpanaoan
112455,6301,Paduros
112456,6301,Patac
112457,6301,Poblacion Norte
112458,6301,Poblacion Sur
112459,6301,Sabangan Pinggan
112460,6301,Subadi Norte
112461,6301,Subadi Sur
112462,6301,Taliao
112463,4946,Alinaay
112464,4946,Aragan
112465,4946,Arnap
112466,4946,Baclig
112467,4946,Bato
112468,4946,Bonifacio
112469,4946,Bungro
112470,4946,Cacadiran
112471,4946,Caellayan
112472,4946,Carusipan
112473,4946,Catucdaan
112474,4946,Cuancabal
112475,4946,Cuantacla
112476,4946,Daclapan
112477,4946,Dardarat
112478,4946,Lipit
112479,4946,Maradodon
112480,4946,Margaay
112481,4946,Nagsantaan
112482,4946,Nagsincaoan
112483,4946,Namruangan
112484,4946,Pila
112485,4946,Pug-os
112486,4946,Quezon
112487,4946,Reppaac
112488,4946,Rizal
112489,4946,Sabang
112490,4946,Sagayaden
112491,4946,Salapasap
112492,4946,Salomague
112493,4946,Sisim
112494,4946,Turod
112495,4946,Turod-Patac
112496,4947,Allangigan Primero
112497,4947,Allangigan Segundo
112498,4947,Amguid
112499,4947,Ayudante
112500,4947,Bagani Camposanto
112501,4947,Bagani Gabor
112502,4947,Bagani Tocgo
112503,4947,Bagani Ubbog
112504,4947,Bagar
112505,4947,Balingaoan
112506,4947,Bugnay
112507,4947,Calaoaan
112508,4947,Calongbuyan
112509,4947,Caterman
112510,4947,Cubcubboot
112511,4947,Darapidap
112512,4947,Langlangca Primero
112513,4947,Langlangca Segundo
112514,4947,Oaig-Daya
112515,4947,Palacapac
112516,4947,Paras
112517,4947,Parioc Primero
112518,4947,Parioc Segundo
112519,4947,Patpata Primero
112520,4947,Patpata Segundo
112521,4947,Paypayad
112522,4947,Salvador Primero
112523,4947,Salvador Segundo
112524,4947,San Agustin
112525,4947,San Andres
112526,4947,San Antonio
112527,4947,San Isidro
112528,4947,San Jose
112529,4947,San Juan
112530,4947,San Nicolas
112531,4947,San Pedro
112532,4947,Santo Tomas
112533,4947,Tablac
112534,4947,Talogtog
112535,4947,Tamurong Primero
112536,4947,Tamurong Segundo
112537,4947,Villarica
112538,4948,Anonang Mayor
112539,4948,Anonang Menor
112540,4948,Baggoc
112541,4948,Callaguip
112542,4948,Caparacadan
112543,4948,Don Alejandro Quirolgico
112544,4948,Don Dimas Querubin
112545,4948,Don Lorenzo Querubin
112546,4948,Fuerte
112547,4948,Manangat
112548,4948,Naguilian
112549,4948,Nansuagao
112550,4948,Pandan
112551,4948,Pantay Tamurong
112552,4948,Pantay-Quitiquit
112553,4948,Puro
112554,4948,Villamar
112555,4949,Aluling
112556,4949,Comillas North
112557,4949,Comillas South
112558,4949,Concepcion
112559,4949,Dinwede East
112560,4949,Dinwede West
112561,4949,Libang
112562,4949,Malaya
112563,4949,Pilipil
112564,4949,Remedios
112565,4949,Rosario
112566,4949,San Juan
112567,4949,San Luis
112568,4950,Abaya
112569,4950,Baracbac
112570,4950,Bidbiday
112571,4950,Bitong
112572,4950,Borobor
112573,4950,Calimugtong
112574,4950,Calongbuyan
112575,4950,Calumbaya
112576,4950,Daldagan
112577,4950,Kilang
112578,4950,Legaspi
112579,4950,Mabayag
112580,4950,Matanubong
112581,4950,Mckinley
112582,4950,Nagsingcaoan
112583,4950,Oaig-Daya
112584,4950,Pagangpang
112585,4950,Patac
112586,4950,Poblacion
112587,4950,Rubio
112588,4950,Sabangan-Bato
112589,4950,Sacaang
112590,4950,San Vicente
112591,4950,Sapang
112592,4951,Alfonso
112593,4951,Bussot
112594,4951,Concepcion
112595,4951,Dapdappig
112596,4951,Matue-Butarag
112597,4951,Poblacion Norte
112598,4951,Poblacion Sur
112599,4952,Banucal
112600,4952,Bequi-Walin
112601,4952,Bugui
112602,4952,Calungbuyan
112603,4952,Carcarabasa
112604,4952,Labut
112605,4952,Poblacion Norte
112606,4952,Poblacion Sur
112607,4952,San Vicente
112608,4952,Suysuyan
112609,4952,Tay-ac
112610,4953,Alangan
112611,4953,Bacar
112612,4953,Barbarit
112613,4953,Bungro
112614,4953,Cabaroan
112615,4953,Cadanglaan
112616,4953,Caraisan
112617,4953,Dacutan
112618,4953,Labut
112619,4953,Maas-asin
112620,4953,Macatcatud
112621,4953,Manzante
112622,4953,Maratudo
112623,4953,Miramar
112624,4953,Namalpalan
112625,4953,Napo
112626,4953,Pagsanaan Norte
112627,4953,Pagsanaan Sur
112628,4953,Panay Norte
112629,4953,Panay Sur
112630,4953,Patong
112631,4953,Puro
112632,4953,San Basilio
112633,4953,San Clemente
112634,4953,San Julian
112635,4953,San Lucas
112636,4953,San Ramon
112637,4953,San Vicente
112638,4953,Santa Monica
112639,4953,Sarsaracat
112640,4954,Balaweg
112641,4954,Bandril
112642,4954,Bantugo
112643,4954,Cadacad
112644,4954,Casilagan
112645,4954,Casocos
112646,4954,Lapting
112647,4954,Mapisi
112648,4954,Mission
112649,4954,Poblacion East
112650,4954,Poblacion West
112651,4954,Taleb
112652,4955,Abuor
112653,4955,Ambulogan
112654,4955,Aquib
112655,4955,Banglayan
112656,4955,Bantay Abot
112657,4955,Bulanos
112658,4955,Cadacad
112659,4955,Cagayungan
112660,4955,Camarao
112661,4955,Casilagan
112662,4955,Codoog
112663,4955,Dasay
112664,4955,Dinalaoan
112665,4955,Estancia
112666,4955,Lanipao
112667,4955,Lungog
112668,4955,Margaay
112669,4955,Marozo
112670,4955,Naguneg
112671,4955,Orence
112672,4955,Pantoc
112673,4955,Paratong
112674,4955,Parparia
112675,4955,Quinarayan
112676,4955,Rivadavia
112677,4955,San Antonio
112678,4955,San Jose
112679,4955,San Pablo
112680,4955,San Pedro
112681,4955,Santa Lucia
112682,4955,Sarmingan
112683,4955,Sucoc
112684,4955,Sulvec
112685,4955,Turod
112686,4956,Banoen
112687,4956,Cayus
112688,4956,Lamag
112689,4956,Legleg
112690,4956,Malideg
112691,4956,Namitpit
112692,4956,Patiacan
112693,4956,Patungcaleo
112694,4956,Suagayan
112695,4957,Atabay
112696,4957,Balidbid
112697,4957,Baluarte
112698,4957,Baybayading
112699,4957,Boguibog
112700,4957,Bulala-Leguey
112701,4957,Calangcuasan
112702,4957,Culiong
112703,4957,Dinaratan
112704,4957,Kaliwakiw
112705,4957,Kinmarin
112706,4957,Lucbuban
112707,4957,Madarang
112708,4957,Maligcong
112709,4957,Pias
112710,4957,Poblacion Norte
112711,4957,Poblacion Sur
112712,4957,San Gaspar
112713,4957,San Tiburcio
112714,4957,Sorioan
112715,4957,Ubbog
112716,4958,Cabaroan
112717,4958,Kalumsing
112718,4958,Lancuas
112719,4958,Matibuey
112720,4958,Paltoc
112721,4958,San Miliano
112722,4958,Sibsibbu
112723,4958,Tiagan
112724,4959,Ansad
112725,4959,Apatot
112726,4959,Bateria
112727,4959,Cabaroan
112728,4959,Cappa-cappa
112729,4959,Poblacion
112730,4959,San Nicolas
112731,4959,San Pablo
112732,4959,San Rafael
112733,4959,Villa Quirino
112734,5176,Arnap
112735,5176,Bahet
112736,5176,Belen
112737,5176,Bungro
112738,5176,Busiing Norte
112739,5176,Busiing Sur
112740,5176,Dongalo
112741,5176,Gongogong
112742,5176,Iboy
112743,5176,Kinamantirisan
112744,5176,Otol-Patac
112745,5176,Poblacion East
112746,5176,Poblacion West
112747,5176,Sagneb
112748,5176,Sagsagat
112749,5999,Asilang
112750,5999,Bacsil
112751,5999,Baliw
112752,5999,Bannuar
112753,5999,Barbar
112754,5999,Cabanglotan
112755,5999,Cacandongan
112756,5999,Camanggaan
112757,5999,Camindoroan
112758,5999,Caronoan
112759,5999,Darao
112760,5999,Dardarat
112761,5999,Guimod Norte
112762,5999,Guimod Sur
112763,5999,Immayos Norte
112764,5999,Immayos Sur
112765,5999,Labnig
112766,5999,Lapting
112767,5999,Lira
112768,5999,Malamin
112769,5999,Muraya
112770,5999,Nagsabaran
112771,5999,Nagsupotan
112772,5999,Pandayan
112773,5999,Refaro
112774,5999,Resurreccion
112775,5999,Sabangan
112776,5999,San Isidro
112777,5999,Saoang
112778,5999,Solotsolot
112779,5999,Sunggiam
112780,5999,Surngit
112781,5508,Bantaoay
112782,5508,Bayubay Norte
112783,5508,Bayubay Sur
112784,5508,Lubong
112785,5508,Poblacion
112786,5508,Pudoc
112787,5508,San Sebastian
112788,4963,Ampandula
112789,4963,Banaoang
112790,4963,Basug
112791,4963,Bucalag
112792,4963,Cabangaran
112793,4963,Calungboyan
112794,4963,Casiber
112795,4963,Dammay
112796,4963,Labut Norte
112797,4963,Labut Sur
112798,4963,Mabilbila Norte
112799,4963,Mabilbila Sur
112800,4963,Magsaysay District
112801,4963,Manueva
112802,4963,Marcos
112803,4963,Nagpanaoan
112804,4963,Namalangan
112805,4963,Oribi
112806,4963,Pasungol
112807,4963,Quezon
112808,4963,Quirino
112809,4963,Rancho
112810,4963,Rizal
112811,4963,Sacuyya Norte
112812,4963,Sacuyya Sur
112813,4963,Tabucolan
112814,5847,Cabaroan
112815,5847,Cabittaogan
112816,5847,Cabuloan
112817,5847,Pangada
112818,5847,Paratong
112819,5847,Poblacion
112820,5847,Sinabaan
112821,5847,Subec
112822,5847,Tamorong
112823,5349,Amarao
112824,5349,Babayoan
112825,5349,Bacsayan
112826,5349,Banay
112827,5349,Bayugao Este
112828,5349,Bayugao Oeste
112829,5349,Besalan
112830,5349,Bugbuga
112831,5349,Calaoaan
112832,5349,Camanggaan
112833,5349,Candalican
112834,5349,Capariaan
112835,5349,Casilagan
112836,5349,Coscosnong
112837,5349,Daligan
112838,5349,Dili
112839,5349,Gabor Norte
112840,5349,Gabor Sur
112841,5349,Lalong
112842,5349,Lantag
112843,5349,Las-ud
112844,5349,Mambog
112845,5349,Mantanas
112846,5349,Nagtengnga
112847,5349,Padaoil
112848,5349,Paratong
112849,5349,Pattiqui
112850,5349,Pidpid
112851,5349,Pilar
112852,5349,Pinipin
112853,5349,Poblacion Este
112854,5349,Poblacion Norte
112855,5349,Poblacion Sur
112856,5349,Poblacion Weste
112857,5349,Quinfermin
112858,5349,Quinsoriano
112859,5349,Sagat
112860,5349,San Antonio
112861,5349,San Jose
112862,5349,San Pedro
112863,5349,Saoat
112864,5349,Sevilla
112865,5349,Sidaoen
112866,5349,Suyo
112867,5349,Tampugo
112868,5349,Turod
112869,5349,Villa Garcia
112870,5349,Villa Hermosa
112871,5349,Villa Laurencia
112872,4966,Alincaoeg
112873,4966,Angkileng
112874,4966,Arangin
112875,4966,Ayusan
112876,4966,Banbanaba
112877,4966,Bani
112878,4966,Bao-as
112879,4966,Barangobong
112880,4966,Buliclic
112881,4966,Burgos
112882,4966,Cabaritan
112883,4966,Catayagan
112884,4966,Conconig East
112885,4966,Conconig West
112886,4966,Damacuag
112887,4966,Luba
112888,4966,Lubong
112889,4966,Nagrebcan
112890,4966,Nagtablaan
112891,4966,Namatican
112892,4966,Nangalisan
112893,4966,Palali Norte
112894,4966,Palali Sur
112895,4966,Paoc Norte
112896,4966,Paoc Sur
112897,4966,Paratong
112898,4966,Pila East
112899,4966,Pila West
112900,4966,Quinabalayangan
112901,4966,Ronda
112902,4966,Sabuanan
112903,4966,San Juan
112904,4966,San Pedro
112905,4966,Sapang
112906,4966,Suagayan
112907,4966,Vical
112908,5113,Ag-agrao
112909,5113,Ampuagan
112910,5113,Baballasioan
112911,5113,Baliw Daya
112912,5113,Baliw Laud
112913,5113,Bia-o
112914,5113,Butir
112915,5113,Cabaroan
112916,5113,Danuman East
112917,5113,Danuman West
112918,5113,Dunglayan
112919,5113,Gusing
112920,5113,Langaoan
112921,5113,Laslasong Norte
112922,5113,Laslasong Sur
112923,5113,Laslasong West
112924,5113,Lesseb
112925,5113,Lingsat
112926,5113,Lubong
112927,5113,Maynganay Norte
112928,5113,Maynganay Sur
112929,5113,Nagsayaoan
112930,5113,Nagtupacan
112931,5113,Nalvo
112932,5113,Pacang
112933,5113,Penned
112934,5113,Poblacion Norte
112935,5113,Poblacion Sur
112936,5113,Silag
112937,5113,Sumagui
112938,5113,Suso
112939,5113,Tangaoan
112940,5113,Tinaan
112941,4968,Al-aludig
112942,4968,Ambucao
112943,4968,Baybayabas
112944,4968,Bigbiga
112945,4968,Bulbulala
112946,4968,Busel-busel
112947,4968,Butol
112948,4968,Caburao
112949,4968,Dan-ar
112950,4968,Gabao
112951,4968,Guinabang
112952,4968,Imus
112953,4968,Lang-ayan
112954,4968,Mambug
112955,4968,Nalasin
112956,4968,Olo-olo Norte
112957,4968,Olo-olo Sur
112958,4968,Poblacion Norte
112959,4968,Poblacion Sur
112960,4968,Sabangan
112961,4968,Salincub
112962,4968,San Jose
112963,4968,San Roque
112964,4968,Ubbog
112965,4969,Binalayangan
112966,4969,Binongan
112967,4969,Borobor
112968,4969,Cabaritan
112969,4969,Cabigbigaan
112970,4969,Calautit
112971,4969,Calay-ab
112972,4969,Camestizoan
112973,4969,Casili
112974,4969,Flora
112975,4969,Lagatit
112976,4969,Laoingen
112977,4969,Lussoc
112978,4969,Nagbettedan
112979,4969,Naglaoa-an
112980,4969,Nalasin
112981,4969,Nambaran
112982,4969,Nanerman
112983,4969,Napo
112984,4969,Padu Chico
112985,4969,Padu Grande
112986,4969,Paguraper
112987,4969,Panay
112988,4969,Pangpangdan
112989,4969,Parada
112990,4969,Paras
112991,4969,Puerta Real
112992,4969,Pussuac
112993,4969,Quimmarayan
112994,4969,San Pablo
112995,4969,Santa Cruz
112996,4969,Santo Tomas
112997,4969,Sived
112998,4969,Suksukit
112999,4969,Vacunero
113000,4970,Abaccan
113001,4970,Mabileg
113002,4970,Matallucod
113003,4970,Poblacion
113004,4970,San Elias
113005,4970,San Ramon
113006,4970,Santo Rosario
113007,4971,Aguing
113008,4971,Baliw
113009,4971,Ballaigui
113010,4971,Baracbac
113011,4971,Barikir
113012,4971,Battog
113013,4971,Binacud
113014,4971,Cabangtalan
113015,4971,Cabarambanan
113016,4971,Cabulalaan
113017,4971,Cadanglaan
113018,4971,Calanutian
113019,4971,Calingayan
113020,4971,Curtin
113021,4971,Dadalaquiten Norte
113022,4971,Dadalaquiten Sur
113023,4971,Dean Leopoldo Yabes
113024,4971,Duyayyat
113025,4971,Jordan
113026,4971,Katipunan
113027,4971,Macabiag
113028,4971,Magsaysay
113029,4971,Marnay
113030,4971,Masadag
113031,4971,Nagbalioartian
113032,4971,Nagcullooban
113033,4971,Nagongburan
113034,4971,Namnama
113035,4971,Pacis
113036,4971,Paratong
113037,4971,Purag
113038,4971,Quibit-quibit
113039,4971,Quimmallogong
113040,4971,Rang-ay
113041,4971,Ricudo
113042,4971,Sabañgan
113043,4971,Sallacapo
113044,4971,Santa Cruz
113045,4971,Sapriana
113046,4971,Tapao
113047,4971,Teppeng
113048,4971,Tubigay
113049,4971,Ubbog
113050,4971,Zapat
113051,4972,Balbalayang
113052,4972,Banga
113053,4972,Caoayan
113054,4972,Danac
113055,4972,Licungan
113056,4972,Pangotan
113057,4973,Baringcucurong
113058,4973,Cabugao
113059,4973,Man-atong
113060,4973,Patoc-ao
113061,4973,Poblacion
113062,4973,Suyo Proper
113063,4973,Urzadan
113064,4973,Uso
113065,4974,Ag-aguman
113066,4974,Ambalayat
113067,4974,Baracbac
113068,4974,Bario-an
113069,4974,Baritao
113070,4974,Becques
113071,4974,Bimmanga
113072,4974,Bio
113073,4974,Bitalag
113074,4974,Borono
113075,4974,Bucao East
113076,4974,Bucao West
113077,4974,Cabaroan
113078,4974,Cabugbugan
113079,4974,Cabulanglangan
113080,4974,Dacutan
113081,4974,Dardarat
113082,4974,Del Pilar
113083,4974,Farola
113084,4974,Gabur
113085,4974,Garitan
113086,4974,Jardin
113087,4974,Lacong
113088,4974,Lantag
113089,4974,Las-ud
113090,4974,Libtong
113091,4974,Lubnac
113092,4974,Magsaysay
113093,4974,Malacañang
113094,4974,Pacac
113095,4974,Pallogan
113096,4974,Pudoc East
113097,4974,Pudoc West
113098,4974,Pula
113099,4974,Quirino
113100,4974,Ranget
113101,4974,Rizal
113102,4974,Salvacion
113103,4974,San Miguel
113104,4974,Sawat
113105,4974,Tallaoen
113106,4974,Tampugo
113107,4974,Tarangotong
113108,4975,Ayusan Norte
113109,4975,Ayusan Sur
113110,4975,Barangay I
113111,4975,Barangay II
113112,4975,Barangay III
113113,4975,Barangay IV
113114,4975,Barangay IX
113115,4975,Barangay V
113116,4975,Barangay VI
113117,4975,Barangay VII
113118,4975,Barangay VIII
113119,4975,Barraca
113120,4975,Beddeng Daya
113121,4975,Beddeng Laud
113122,4975,Bongtolan
113123,4975,Bulala
113124,4975,Cabalangegan
113125,4975,Cabaroan Daya
113126,4975,Cabaroan Laud
113127,4975,Camangaan
113128,4975,Capangpangan
113129,4975,Mindoro
113130,4975,Nagsangalan
113131,4975,Pantay Daya
113132,4975,Pantay Fatima
113133,4975,Pantay Laud
113134,4975,Paoa
113135,4975,Paratong
113136,4975,Pong-ol
113137,4975,Purok-a-bassit
113138,4975,Purok-a-dackel
113139,4975,Raois
113140,4975,Rugsuanan
113141,4975,Salindeg
113142,4975,San Jose
113143,4975,San Julian Norte
113144,4975,San Julian Sur
113145,4975,San Pedro
113146,4975,Tamag
113147,5658,Fuentes
113148,5663,Acao
113149,5663,Amerang
113150,5663,Amurao
113151,5663,Anuang
113152,5663,Ayaman
113153,5663,Ayong
113154,5663,Bacan
113155,5663,Balabag
113156,5663,Baluyan
113157,5663,Banguit
113158,5663,Bulay
113159,5663,Cadoldolan
113160,5663,Cagban
113161,5663,Calawagan
113162,5663,Calayo
113163,5663,Duyanduyan
113164,5663,Gaub
113165,5663,Gines Interior
113166,5663,Gines Patag
113167,5663,Guibuangan Tigbauan
113168,5663,Inabasan
113169,5663,Inaca
113170,5663,Inaladan
113171,5663,Ingas
113172,5663,Ito Norte
113173,5663,Ito Sur
113174,5663,Janipaan Central
113175,5663,Janipaan Este
113176,5663,Janipaan Oeste
113177,5663,Janipaan Olo
113178,5663,Jelicuon Lusaya
113179,5663,Jelicuon Montinola
113180,5663,Lag-an
113181,5663,Leong
113182,5663,Lutac
113183,5663,Manguna
113184,5663,Maraguit
113185,5663,Morubuan
113186,5663,Pacatin
113187,5663,Pagotpot
113188,5663,Pamul-ogan
113189,5663,Pamuringao Garrido
113190,5663,Pamuringao Proper
113191,5663,Pungtod
113192,5663,Puyas
113193,5663,Salacay
113194,5663,Sulanga
113195,5663,Tabucan
113196,5663,Tacdangan
113197,5663,Talanghauan
113198,5663,Tigbauan Road
113199,5663,Tinio-an
113200,5663,Tiring
113201,5663,Tupol Central
113202,5663,Tupol Este
113203,5663,Tupol Oeste
113204,5663,Tuy-an
113205,5663,Zone I Poblacion
113206,5663,Zone II Poblacion
113207,5663,Zone III Poblacion
113208,5663,Zone IV Poblacion
113209,5663,Zone IX Poblacion
113210,5663,Zone V Poblacion
113211,5663,Zone VI Poblacion
113212,5663,Zone VII Poblacion
113213,5663,Zone VIII Poblacion
113214,5663,Zone X Poblacion
113215,5663,Zone XI Poblacion
113216,6130,Aglosong
113217,6130,Agnaga
113218,6130,Bacjawan Norte
113219,6130,Bacjawan Sur
113220,6130,Bagongon
113221,6130,Batiti
113222,6130,Botlog
113223,6130,Calamigan
113224,6130,Dungon
113225,6130,Igbon
113226,6130,Jamul-awon
113227,6130,Lo-ong
113228,6130,Macalbang
113229,6130,Macatunao
113230,6130,Malangabang
113231,6130,Maliogliog
113232,6130,Nipa
113233,6130,Niño
113234,6130,Plandico
113235,6130,Poblacion
113236,6130,Polopina
113237,6130,Salvacion
113238,6130,Talotu-an
113239,6130,Tambaliza
113240,6130,Tamis-ac
113241,5670,Lopez Jaena-Rizal
113242,5672,Bagumbayan Poblacion
113243,5675,Concepcion Poblacion
113244,5675,Don T. Lutero West Poblacion
113245,5677,M. V. Hechanova
113246,5678,Agpipili
113247,5678,Alcantara
113248,5678,Almeñana
113249,5678,Anabo
113250,5678,Bankal
113251,5678,Buenavista
113252,5678,Cabantohan
113253,5678,Capiñahan
113254,5678,Dalipe
113255,5678,Dapdapan
113256,5678,Gerongan
113257,5678,Imbaulan
113258,5678,Layogbato
113259,5678,Marapal
113260,5678,Milan
113261,5678,Nagsulang
113262,5678,Nasapahan
113263,5678,Omio
113264,5678,Pacuan
113265,5678,Poblacion NW Zone
113266,5678,Poblacion SE Zone
113267,5678,Pontoc
113268,5678,San Antonio
113269,5678,San Diego
113270,5678,San Jose Moto
113271,5678,Sepanton
113272,5678,Sincua
113273,5678,Tabunan
113274,5678,Tugas
113275,5678,Velasco
113276,5678,Yawyawan
113277,5992,AGROCEL Poblacion
113278,5992,Abay
113279,5992,Abilay
113280,5992,Amerang
113281,5992,Bagacay East
113282,5992,Bagacay West
113283,5992,Bolo
113284,5992,Bug-ot
113285,5992,Bulay
113286,5992,Buntalan
113287,5992,Burak
113288,5992,Cabangcalan
113289,5992,Cabatac
113290,5992,Caigon
113291,5992,Cananghan
113292,5992,Canawili
113293,5992,DELCAR Poblacion
113294,5992,Dagami
113295,5992,Daja
113296,5992,Dalusan
113297,5992,Inabasan
113298,5992,Layog
113299,5992,Linab
113300,5992,Liñagan Calsada
113301,5992,Liñagan Tacas
113302,5992,MARI Poblacion
113303,5992,Magsaysay
113304,5992,Mandog
113305,5992,Miapa
113306,5992,Nagba
113307,5992,Nasaka
113308,5992,Naslo-Bucao
113309,5992,Nasuli
113310,5992,Panalian
113311,5992,Piandaan East
113312,5992,Piandaan West
113313,5992,Pispis
113314,5992,Punong
113315,5992,Santa Rita
113316,5992,Sinubsuban
113317,5992,Siwalo
113318,5992,Subog
113319,5992,THTP Poblacion
113320,5992,Tigbauan
113321,5992,Trangka
113322,5992,Tubang
113323,5992,Tulahong
113324,5992,Tuy-an East
113325,5992,Tuy-an West
113326,5992,Ubian
113327,6335,Barangay 1 Poblacion
113328,6335,Barangay 10
113329,6335,Barangay 11 Poblacion
113330,6335,Barangay 12 Poblacion
113331,6335,Barangay 13 Poblacion
113332,6335,Barangay 14 Poblacion
113333,6335,Barangay 15 Poblacion
113334,6335,Barangay 16 Poblacion
113335,6335,Barangay 2 Poblacion
113336,6335,Barangay 3 Poblacion
113337,6335,Barangay 4 Poblacion
113338,6335,Barangay 5 Poblacion
113339,6335,Barangay 6 Poblacion
113340,6335,Barangay 7 Poblacion
113341,6335,Barangay 8 Poblacion
113342,6335,Barangay 9 Poblacion
113343,6335,Consolacion
113344,6335,Igtambo
113345,6335,San Antonio
113346,6335,San Jose
113347,6335,Santa Cruz
113348,6335,Santa Teresa
113349,6335,Santo Angel
113350,6335,Santo Niño
113351,5691,Aripdip
113352,5691,Bagacay
113353,5691,Calaigang
113354,5691,Ilongbukid
113355,5691,Poblacion
113356,5691,Poscolon
113357,5691,San Andres
113358,5691,San Dionisio
113359,5691,San Florentino
113360,5079,M. H. del Pilar
113361,6301,Bacnor East
113362,6301,Bacnor West
113363,6301,Caliguian
113364,6301,Catabban
113365,6301,Cullalabo San Antonio
113366,6301,Cullalabo del Norte
113367,6301,Cullalabo del Sur
113368,6301,Dalig
113369,6301,Malasin
113370,6301,Masigun
113371,6301,Raniag
113372,6301,San Bonifacio
113373,6301,San Miguel
113374,6301,San Roque
113375,5663,Calaocan
113376,5663,Canan
113377,5663,Centro
113378,5663,Culing Centro
113379,5663,Culing East
113380,5663,Culing West
113381,5663,Del Corpuz
113382,5663,Del Pilar
113383,5663,Diamantina
113384,5663,La Paz
113385,5663,Luzon
113386,5663,Macalaoat
113387,5663,Magdalena
113388,5663,Magsaysay
113389,5663,Namnama
113390,5663,Nueva Era
113391,5663,Paraiso
113392,5663,Rang-ay
113393,5663,Sampaloc
113394,5663,San Andres
113395,5663,Saranay
113396,5663,Tandul
113397,5088,Osmeña
113398,5088,Roxas Poblacion
113399,203114000,Aggasian
113400,203114000,Alibagu
113401,203114000,Allinguigan 1st
113402,203114000,Allinguigan 2nd
113403,203114000,Allinguigan 3rd
113404,203114000,Arusip
113405,203114000,Baculod
113406,203114000,Bagong Silang
113407,203114000,Bagumbayan
113408,203114000,Baligatan
113409,203114000,Ballacong
113410,203114000,Bangag
113411,203114000,Batong-Labang
113412,203114000,Bigao
113413,203114000,Cabannungan 1st
113414,203114000,Cabannungan 2nd
113415,203114000,Cabeseria 10
113416,203114000,Cabeseria 14 and 16
113417,203114000,Cabeseria 17 and 21
113418,203114000,Cabeseria 19
113419,203114000,Cabeseria 2
113420,203114000,Cabeseria 22
113421,203114000,Cabeseria 23
113422,203114000,Cabeseria 25
113423,203114000,Cabeseria 27
113424,203114000,Cabeseria 3
113425,203114000,Cabeseria 4
113426,203114000,Cabeseria 5
113427,203114000,Cabeseria 6 & 24
113428,203114000,Cabeseria 7
113429,203114000,Cabeseria 9 and 11
113430,203114000,Cadu
113431,203114000,Calamagui 1st
113432,203114000,Calamagui 2nd
113433,203114000,Camunatan
113434,203114000,Capellan
113435,203114000,Capo
113436,203114000,Carikkikan Norte
113437,203114000,Carikkikan Sur
113438,203114000,Centro Poblacion
113439,203114000,Centro-San Antonio
113440,203114000,Fugu
113441,203114000,Fuyo
113442,203114000,Gayong-Gayong Norte
113443,203114000,Gayong-Gayong Sur
113444,203114000,Guinatan
113445,203114000,Imelda Bliss Village
113446,203114000,Lullutan
113447,203114000,Malalam
113448,203114000,Malasin
113449,203114000,Manaring
113450,203114000,Mangcuram
113451,203114000,Marana I
113452,203114000,Marana II
113453,203114000,Marana III
113454,203114000,Minabang
113455,203114000,Morado
113456,203114000,Naguilian Norte
113457,203114000,Naguilian Sur
113458,203114000,Namnama
113459,203114000,Nanaguan
113460,203114000,Osmeña
113461,203114000,Paliueg
113462,203114000,Pasa
113463,203114000,Pilar
113464,203114000,Quimalabasa
113465,203114000,Rang-ayan
113466,203114000,Rugao
113467,203114000,Salindingan
113468,203114000,San Andres
113469,203114000,San Felipe
113470,203114000,San Ignacio
113471,203114000,San Isidro
113472,203114000,San Juan
113473,203114000,San Lorenzo
113474,203114000,San Pablo
113475,203114000,San Rodrigo
113476,203114000,San Vicente
113477,203114000,Santa Barbara
113478,203114000,Santa Catalina
113479,203114000,Santa Isabel Norte
113480,203114000,Santa Isabel Sur
113481,203114000,Santa Maria
113482,203114000,Santa Victoria
113483,203114000,Santo Tomas
113484,203114000,Siffu
113485,203114000,Sindon Bayabo
113486,203114000,Sindon Maride
113487,203114000,Sipay
113488,203114000,Tangcul
113489,203114000,Villa Imelda
113490,6490,Bustamante
113491,6490,Centro 1
113492,6490,Centro 2
113493,6490,Centro 3
113494,6490,Concepcion
113495,6490,Dadap
113496,6490,Harana
113497,6490,Lalog 1
113498,6490,Lalog 2
113499,6490,Luyao
113500,6490,Macañao
113501,6490,Macugay
113502,6490,Mambabanga
113503,6490,Pulay
113504,6490,Puroc
113505,6490,San Isidro
113506,6490,San Miguel
113507,6490,Santo Domingo
113508,6490,Union Kalinga
113509,6092,Abut
113510,6092,Alunan
113511,6092,Arellano
113512,6092,Aurora
113513,6092,Barucboc Norte
113514,6092,Calangigan
113515,6092,Dunmon
113516,6092,Estrada
113517,6092,Lepanto
113518,6092,Mangga
113519,6092,Minagbag
113520,6092,Samonte
113521,6092,San Juan
113522,6092,Santos
113523,6092,Turod
113524,4956,Binarzang
113525,4956,Cabaruan
113526,4956,Camaal
113527,4956,Dolores
113528,4956,Luna
113529,4956,Manaoag
113530,4956,Rizal
113531,4956,San Isidro
113532,4956,San Jose
113533,4956,San Juan
113534,4956,San Mateo
113535,4956,San Vicente
113536,4956,Santa Catalina
113537,4956,Santa Lucia
113538,4956,Santiago
113539,4956,Santo Domingo
113540,4956,Sinait
113541,4956,Suerte
113542,4956,Villa Bulusan
113543,4956,Villa Miguel
113544,4956,Vintar
113545,6334,Bautista
113546,6334,Calaocan
113547,6334,Dabubu Grande
113548,6334,Dabubu Pequeño
113549,6334,Dappig
113550,6334,Laoag
113551,6334,Mapalad
113552,6334,Masaya Centro
113553,6334,Masaya Norte
113554,6334,Masaya Sur
113555,6334,Nemmatan
113556,6334,Palacian
113557,6334,Panang
113558,6334,Quimalabasa Norte
113559,6334,Quimalabasa Sur
113560,6334,Rang-ay
113561,6334,Salay
113562,6334,San Antonio
113563,6334,Santo Niño
113564,6334,Santos
113565,6334,Sinaoangan Norte
113566,6334,Sinaoangan Sur
113567,6334,Virgoneza
113568,5250,Agliam
113569,5250,Babanuang
113570,5250,Cabaritan
113571,5250,Caraniogan
113572,5250,District 1
113573,5250,District 2
113574,5250,District 3
113575,5250,District 4
113576,5250,Eden
113577,5250,Malalinta
113578,5250,Mararigue
113579,5250,Nueva Era
113580,5250,Pisang
113581,5250,San Francisco
113582,5250,Sandiat Centro
113583,5250,Sandiat East
113584,5250,Sandiat West
113585,5250,Santa Cruz
113586,5250,Villanueva
113587,5405,Bacareña
113588,5405,Bagong Sikat
113589,5405,Barangay I
113590,5405,Barangay II
113591,5405,Barangay III
113592,5405,Barangay IV
113593,5405,Bella Luz
113594,5405,Dagupan
113595,5405,Daramuangan Norte
113596,5405,Daramuangan Sur
113597,5405,Estrella
113598,5405,Gaddanan
113599,5405,Malasin
113600,5405,Mapuroc
113601,5405,Marasat Grande
113602,5405,Marasat Pequeño
113603,5405,Old Centro I
113604,5405,Old Centro II
113605,5405,Salinungan East
113606,5405,Salinungan West
113607,5405,San Andres
113608,5405,San Antonio
113609,5405,San Ignacio
113610,5405,San Manuel
113611,5405,San Marcos
113612,5405,San Roque
113613,5405,Sinamar Norte
113614,5405,Sinamar Sur
113615,5405,Victoria
113616,5405,Villa Cruz
113617,5405,Villa Gamiao
113618,5405,Villa Magat
113619,5405,Villafuerte
113620,5113,Bangad
113621,5113,Buenavista
113622,5113,Calamagui East
113623,5113,Calamagui North
113624,5113,Calamagui West
113625,5113,Divisoria
113626,5113,Lingaling
113627,5113,Mozzozzin North
113628,5113,Mozzozzin Sur
113629,5113,Naganacan
113630,5113,Poblacion 1
113631,5113,Poblacion 2
113632,5113,Poblacion 3
113633,5113,Quinagabian
113634,5113,San Antonio
113635,5113,San Isidro East
113636,5113,San Isidro West
113637,5113,San Rafael East
113638,5113,San Rafael West
113639,5113,Villabuena
113640,4968,Abra
113641,4968,Ambalatungan
113642,4968,Balintocatoc
113643,4968,Baluarte
113644,4968,Bannawag Norte
113645,4968,Batal
113646,4968,Buenavista
113647,4968,Cabulay
113648,4968,Calao East
113649,4968,Calao West
113650,4968,Calaocan
113651,4968,Centro East
113652,4968,Centro West
113653,4968,Divisoria
113654,4968,Dubinan East
113655,4968,Dubinan West
113656,4968,Luna
113657,4968,Mabini
113658,4968,Malvar
113659,4968,Nabbuan
113660,4968,Naggasican
113661,4968,Patul
113662,4968,Plaridel
113663,4968,Rizal
113664,4968,Rosario
113665,4968,Sagana
113666,4968,Salvador
113667,4968,San Andres
113668,4968,San Jose
113669,4968,Santa Rosa
113670,4968,Sinili
113671,4968,Sinsayon
113672,4968,Victory Norte
113673,4968,Victory Sur
113674,4968,Villa Gonzaga
113675,4968,Villasis
113676,5233,Ammugauan
113677,5233,Antagan
113678,5233,Bagabag
113679,5233,Bagutari
113680,5233,Balelleng
113681,5233,Barumbong
113682,5233,Biga Occidental
113683,5233,Biga Oriental
113684,5233,Bolinao-Culalabo
113685,5233,Bubug
113686,5233,Calanigan Norte
113687,5233,Calanigan Sur
113688,5233,Calinaoan Centro
113689,5233,Calinaoan Malasin
113690,5233,Calinaoan Norte
113691,5233,Cañogan Abajo Norte
113692,5233,Cañogan Abajo Sur
113693,5233,Cañogan Alto
113694,5233,Centro
113695,5233,Colunguan
113696,5233,Malapagay
113697,5233,San Rafael Abajo
113698,5233,San Rafael Alto
113699,5233,San Roque
113700,5233,San Vicente
113701,5233,Uauang-Galicia
113702,5233,Uauang-Tuliao
113703,6518,Ababa-an
113704,6518,Balantoy
113705,6518,Balbalan Proper
113706,6518,Balbalasang
113707,6518,Buaya
113708,6518,Dao-angan
113709,6518,Gawa-an
113710,6518,Mabaca
113711,6518,Maling
113712,6518,Pantikian
113713,6518,Poblacion
113714,6518,Poswoy
113715,6518,Talalang
113716,6518,Tawang
113717,6519,Antonio Canao
113718,6519,Dangoy
113719,6519,Lower Uma
113720,6519,Mabilong
113721,6519,Mabongtot
113722,6519,Poblacion
113723,6519,Tanglag
113724,6519,Uma del Norte
113725,6519,Upper Uma
113726,6520,Ableg
113727,6520,Bagtayan
113728,6520,Balatoc
113729,6520,Balenciagao Sur
113730,6520,Balinciagao Norte
113731,6520,Cagaluan
113732,6520,Colayo
113733,6520,Dalupa
113734,6520,Dangtalan
113735,6520,Galdang
113736,6520,Guina-ang
113737,6520,Magsilay
113738,6520,Malucsad
113739,6520,Pugong
113740,6521,Aciga
113741,6521,Allaguia
113742,6521,Ammacian
113743,6521,Apatan
113744,6521,Asibanglan
113745,6521,Ba-ay
113746,6521,Ballayangon
113747,6521,Bayao
113748,6521,Camalog
113749,6521,Cawagayan
113750,6521,Dugpa
113751,6521,Katabbogan
113752,6521,Limos
113753,6521,Magaogao
113754,6521,Malagnat
113755,6521,Mapaco
113756,6521,Pakawit
113757,6521,Pinococ
113758,6521,Pinukpuk Junction
113759,6521,Socbot
113760,6521,Taga
113761,6521,Taggay
113762,6521,Wagud
113763,5070,Babalag East
113764,5070,Babalag West
113765,5070,Bulbol
113766,5070,Calaocan
113767,5070,Kinama
113768,5070,Liwan East
113769,5070,Liwan West
113770,5070,Macutay
113771,5070,Romualdez
113772,5070,San Francisco
113773,5070,San Pascual
113774,5070,San Quintin
113775,5070,Santor
113776,1403213000,Agbannawag
113777,1403213000,Amlao
113778,1403213000,Appas
113779,1403213000,Bado Dangwa
113780,1403213000,Bagumbayan
113781,1403213000,Balawag
113782,1403213000,Balong
113783,1403213000,Bantay
113784,1403213000,Bulanao
113785,1403213000,Bulanao Norte
113786,1403213000,Bulo
113787,1403213000,Cabaritan
113788,1403213000,Cabaruan
113789,1403213000,Calaccad
113790,1403213000,Calanan
113791,1403213000,Casigayan
113792,1403213000,Cudal
113793,1403213000,Dagupan Centro
113794,1403213000,Dagupan Weste
113795,1403213000,Dilag
113796,1403213000,Dupag
113797,1403213000,Gobgob
113798,1403213000,Guilayon
113799,1403213000,Ipil
113800,1403213000,Lacnog
113801,1403213000,Lacnog West
113802,1403213000,Lanna
113803,1403213000,Laya East
113804,1403213000,Laya West
113805,1403213000,Lucog
113806,1403213000,Magnao
113807,1403213000,Magsaysay
113808,1403213000,Malalao
113809,1403213000,Malin-awa
113810,1403213000,Masablang
113811,1403213000,Nambaran
113812,1403213000,Nambucayan
113813,1403213000,Naneng
113814,1403213000,New Tanglag
113815,1403213000,San Juan
113816,1403213000,San Julian
113817,1403213000,Suyang
113818,1403213000,Tuga
113819,6524,Anggacan
113820,6524,Anggacan Sur
113821,6524,Babbanoy
113822,6524,Dacalan
113823,6524,Dupligan
113824,6524,Gaang
113825,6524,Lay-asan
113826,6524,Lower Lubo
113827,6524,Lower Mangali
113828,6524,Lower Taloctoc
113829,6524,Mabaca
113830,6524,Mangali Centro
113831,6524,Pangol
113832,6524,Poblacion
113833,6524,Upper Lubo
113834,6524,Upper Taloctoc
113835,6525,Ambato Legleg
113836,6525,Bangad Centro
113837,6525,Basao
113838,6525,Belong Manubal
113839,6525,Bugnay
113840,6525,Buscalan
113841,6525,Butbut
113842,6525,Dananao
113843,6525,Loccong
113844,6525,Lower Bangad
113845,6525,Luplupa
113846,6525,Mallango
113847,6525,Ngibat
113848,6525,Old Tinglayan
113849,6525,Poblacion
113850,6525,Sumadel 1
113851,6525,Sumadel 2
113852,6525,Tulgao East
113853,6525,Tulgao West
113854,6525,Upper Bangad
113855,5070,Paule 2
113856,5112,Atisan
113857,5112,Bagong Bayan II-A
113858,5112,Bagong Pook VI-C
113859,5112,Barangay I-A
113860,5112,Barangay I-B
113861,5112,Barangay II-A
113862,5112,Barangay II-B
113863,5112,Barangay II-C
113864,5112,Barangay II-D
113865,5112,Barangay II-E
113866,5112,Barangay II-F
113867,5112,Barangay III-A
113868,5112,Barangay III-B
113869,5112,Barangay III-C
113870,5112,Barangay III-D
113871,5112,Barangay III-E
113872,5112,Barangay III-F
113873,5112,Barangay IV-A
113874,5112,Barangay IV-B
113875,5112,Barangay IV-C
113876,5112,Barangay V-A
113877,5112,Barangay V-B
113878,5112,Barangay V-C
113879,5112,Barangay V-D
113880,5112,Barangay VI-A
113881,5112,Barangay VI-B
113882,5112,Barangay VI-D
113883,5112,Barangay VI-E
113884,5112,Barangay VII-A
113885,5112,Barangay VII-B
113886,5112,Barangay VII-C
113887,5112,Barangay VII-D
113888,5112,Barangay VII-E
113889,5112,Bautista
113890,5112,Concepcion
113891,5112,Del Remedio
113892,5112,Dolores
113893,5112,San Antonio 1
113894,5112,San Antonio 2
113895,5112,San Bartolome
113896,5112,San Buenaventura
113897,5112,San Crispin
113898,5112,San Cristobal
113899,5112,San Diego
113900,5112,San Francisco
113901,5112,San Gabriel
113902,5112,San Gregorio
113903,5112,San Ignacio
113904,5112,San Isidro
113905,5112,San Joaquin
113906,5112,San Lorenzo
113907,5112,San Lucas 1
113908,5112,San Lucas 2
113909,5112,San Marcos
113910,5112,San Mateo
113911,5112,San Miguel
113912,5112,San Nicolas
113913,5112,San Pedro
113914,5112,San Rafael
113915,5112,San Roque
113916,5112,San Vicente
113917,5112,Santa Ana
113918,5112,Santa Catalina
113919,5112,Santa Cruz
113920,5112,Santa Elena
113921,5112,Santa Felomina
113922,5112,Santa Isabel
113923,5112,Santa Maria
113924,5112,Santa Maria Magdalena
113925,5112,Santa Monica
113926,5112,Santa Veronica
113927,5112,Santiago I
113928,5112,Santiago II
113929,5112,Santisimo Rosario
113930,5112,Santo Angel
113931,5112,Santo Cristo
113932,5112,Santo Niño
113933,5112,Soledad
113934,5349,Alipit
113935,5349,Bagumbayan
113936,5349,Barangay I
113937,5349,Barangay II
113938,5349,Barangay III
113939,5349,Barangay IV
113940,5349,Barangay V
113941,5349,Bubukal
113942,5349,Calios
113943,5349,Duhat
113944,5349,Gatid
113945,5349,Jasaan
113946,5349,Labuin
113947,5349,Malinao
113948,5349,Oogong
113949,5349,Pagsawitan
113950,5349,Palasan
113951,5349,Patimbao
113952,5349,San Jose
113953,5349,San Juan
113954,5349,San Pablo Norte
113955,5349,San Pablo Sur
113956,5349,Santisima Cruz
113957,5349,Santo Angel Central
113958,5349,Santo Angel Norte
113959,5349,Santo Angel Sur
113960,5113,Adia
113961,5113,Bagong Pook
113962,5113,Bagumbayan
113963,5113,Barangay I
113964,5113,Barangay II
113965,5113,Barangay III
113966,5113,Barangay IV
113967,5113,Bubukal
113968,5113,Cabooan
113969,5113,Calangay
113970,5113,Cambuja
113971,5113,Coralan
113972,5113,Cueva
113973,5113,Inayapan
113974,5113,"Jose Laurel, Sr."
113975,5113,Jose Rizal
113976,5113,Kayhakat
113977,5113,Macasipac
113978,5113,Masinao
113979,5113,Mataling-ting
113980,5113,Pao-o
113981,5113,Parang ng Buho
113982,5113,Santiago
113983,5113,Talangka
113984,5113,Tungkod
113985,5207,Aplaya
113986,5207,Balibago
113987,5207,Caingin
113988,5207,Dila
113989,5207,Dita
113990,5207,Don Jose
113991,5207,Ibaba
113992,5207,Kanluran
113993,5207,Labas
113994,5207,Macabling
113995,5207,Malitlit
113996,5207,Malusak
113997,5207,Market Area
113998,5207,Pook
113999,5207,Pulong Santa Cruz
114000,5207,Santo Domingo
114001,5207,Sinalhan
114002,5207,Tagapo
114003,5353,Banca-banca
114004,5353,Daniw
114005,5353,Masapang
114006,5353,Nanhaya
114007,5353,Pagalangan
114008,5353,San Benito
114009,5353,San Felix
114010,5353,San Francisco
114011,5353,San Roque
114012,5697,Alegria
114013,5697,Babalaya
114014,5697,Babalayan Townsite
114015,5697,Binuni
114016,5697,Delabayan West
114017,5697,Demologan
114018,5697,Dimarao
114019,5697,Esperanza
114020,5697,Kahayag
114021,5697,Liangan East
114022,5697,Mati
114023,5697,Minaulon
114024,5697,Pagayawan
114025,5697,Poblacion Bacolod
114026,5697,Punod
114027,5697,Rupagan
114028,6365,Bagong Badian
114029,6365,Bagong Silang
114030,6365,Balili
114031,6365,Bansarvil
114032,6365,Belis
114033,6365,Buenavista
114034,6365,Butadon
114035,6365,Cathedral Falls
114036,6365,Concepcion
114037,6365,Curvada
114038,6365,De Asis
114039,6365,Donggoan
114040,6365,Durano
114041,6365,Kahayagan
114042,6365,Kidalos
114043,6365,La Libertad
114044,6365,Lapinig
114045,6365,Mahayahay
114046,6365,Malinas
114047,6365,Maranding
114048,6365,Margos
114049,6365,Poblacion
114050,6365,Pulang Yuta
114051,6365,San Isidro
114052,6365,San Vicente
114053,6365,Santa Cruz
114054,6365,Santo Tomas
114055,6365,Suso
114056,6365,Taguitic
114057,6365,Tiacongan
114058,6365,Tipolo
114059,6365,Tulatulahan
114060,6365,Waterfalls
114061,5456,Babasalon
114062,5456,Baguiguicon
114063,5456,Daan Campo
114064,5456,Durianon
114065,5456,Ilihan
114066,5456,Lamigadato
114067,5456,Lemoncret
114068,5456,Lower Caningag
114069,5456,Lubo
114070,5456,Lumbac
114071,5456,Malabaogan
114072,5456,Mapantao
114073,5456,Olango
114074,5456,Pangao
114075,5456,Pelingkingan
114076,5456,Poblacion
114077,5456,Rarab
114078,5456,Somiorang
114079,5456,Talambo
114080,5456,Tambacon
114081,5456,Tawinian
114082,5456,Tipaan
114083,5456,Tombador
114084,5456,Upper Caningag
114085,6112,Segapod
114086,1003506000,Bangaan
114087,1003506000,Bangco
114088,1003506000,Bansarvil II
114089,1003506000,Bauyan
114090,1003506000,Cabongbongan
114091,1003506000,Calibao
114092,1003506000,Calipapa
114093,1003506000,Calube
114094,1003506000,Campo Islam
114095,1003506000,Capocao
114096,1003506000,Dabliston
114097,1003506000,Dalama
114098,1003506000,Dangulaan
114099,1003506000,Ditago
114100,1003506000,Ilian
114101,1003506000,Kauswagan
114102,1003506000,Kirapan
114103,1003506000,Koreo
114104,1003506000,Lantawan
114105,1003506000,Mabuhay
114106,1003506000,Maguindanao
114107,1003506000,Mahayahay
114108,1003506000,Mamagum
114109,1003506000,Mina
114110,1003506000,Pandanan
114111,1003506000,Payong
114112,1003506000,Pikalawag
114113,1003506000,Pikinit
114114,1003506000,Piraka
114115,1003506000,Poblacion
114116,1003506000,Ramain
114117,1003506000,Rebucon
114118,1003506000,Sigayan
114119,1003506000,Sugod
114120,1003506000,Tagulo
114121,1003506000,Tantaon
114122,1003506000,Topocon
114123,6165,Dalamas
114124,6165,Darimbang
114125,6165,Dimayon
114126,6165,Inagongan
114127,6165,Kiazar
114128,6165,Malimbato
114129,6165,Panalawan
114130,6319,Barakanas
114131,6319,Baris
114132,6319,Bualan
114133,6319,Bulod
114134,6319,Camp V
114135,6319,Candis
114136,6319,Caniogan
114137,6319,Dalama
114138,6319,Kakai Renabor
114139,6319,Kalilangan
114140,6319,Licapao
114141,6319,Malingao
114142,6319,Palao
114143,6319,Patudan
114144,6319,Pigcarangan
114145,6319,Pinpin
114146,6319,Poblacion
114147,6319,Pualas
114148,6319,San Antonio
114149,6319,Santo Niño
114150,6319,Taden
114151,6319,Taguranao
114152,6319,Tangueguiron
114153,6319,Tubaran
114154,6356,Condaraan Poblacion
114155,6365,Bakikis
114156,6365,Barao
114157,6365,Bongabong
114158,6365,Daguan
114159,6365,Inudaran
114160,6365,Kabaniakawan
114161,6365,Kapatagan
114162,6365,Lusain
114163,6365,Matimos
114164,6365,Minimao
114165,6365,Pinantao
114166,6365,Salaman
114167,6365,Sigayan
114168,6365,Tabuan
114169,6365,Upper Igabay
114170,6367,Lumbac Dilausan
114171,6375,Marinaut West
114172,1903638000,Bagoaingud
114173,1903638000,Bantalan
114174,1903638000,Bayog
114175,1903638000,Cadayonan
114176,1903638000,Dagonalan
114177,1903638000,Dimalama
114178,1903638000,Gayakay
114179,1903638000,Inodaran
114180,1903638000,Kalilangan
114181,1903638000,Kianibong
114182,1903638000,Kingan
114183,1903638000,Kitaon
114184,1903638000,Maimbaguiang
114185,1903638000,Malinao
114186,1903638000,Malingon
114187,1903638000,Mama-an Pagalongan
114188,1903638000,Marawi
114189,1903638000,Sigayan
114190,1903638000,Tagoloan Poblacion
114191,4976,Ambitacay
114192,4976,Balawarte
114193,4976,Capas
114194,4976,Consolacion
114195,4976,Macalva Central
114196,4976,Macalva Norte
114197,4976,Macalva Sur
114198,4976,Nazareno
114199,4976,Purok
114200,4976,San Agustin East
114201,4976,San Agustin Norte
114202,4976,San Agustin Sur
114203,4976,San Antonino
114204,4976,San Antonio
114205,4976,San Francisco
114206,4976,San Isidro
114207,4976,San Joaquin Norte
114208,4976,San Joaquin Sur
114209,4976,San Jose Norte
114210,4976,San Jose Sur
114211,4976,San Juan
114212,4976,San Julian Central
114213,4976,San Julian East
114214,4976,San Julian Norte
114215,4976,San Julian West
114216,4976,San Manuel Norte
114217,4976,San Manuel Sur
114218,4976,San Marcos
114219,4976,San Miguel
114220,4976,San Nicolas Central
114221,4976,San Nicolas East
114222,4976,San Nicolas Norte
114223,4976,San Nicolas Sur
114224,4976,San Nicolas West
114225,4976,San Pedro
114226,4976,San Roque East
114227,4976,San Roque West
114228,4976,San Vicente Norte
114229,4976,San Vicente Sur
114230,4976,Santa Ana
114231,4976,Santa Barbara
114232,4976,Santa Fe
114233,4976,Santa Maria
114234,4976,Santa Monica
114235,4976,Santa Rita
114236,4976,Santa Rita East
114237,4976,Santa Rita Norte
114238,4976,Santa Rita Sur
114239,4976,Santa Rita West
114240,4977,Alaska
114241,4977,Basca
114242,4977,Dulao
114243,4977,Gallano
114244,4977,Macabato
114245,4977,Manga
114246,4977,Pangao-aoan East
114247,4977,Pangao-aoan West
114248,4977,Poblacion
114249,4977,Samara
114250,4977,San Antonio
114251,4977,San Benito Norte
114252,4977,San Benito Sur
114253,4977,San Eugenio
114254,4977,San Juan East
114255,4977,San Juan West
114256,4977,San Simon East
114257,4977,San Simon West
114258,4977,Santa Cecilia
114259,4977,Santa Lucia
114260,4977,Santa Rita East
114261,4977,Santa Rita West
114262,4977,Santo Rosario East
114263,4977,Santo Rosario West
114264,4978,Agtipal
114265,4978,Arosip
114266,4978,Bacqui
114267,4978,Bacsil
114268,4978,Bagutot
114269,4978,Ballogo
114270,4978,Baroro
114271,4978,Bitalag
114272,4978,Bulala
114273,4978,Burayoc
114274,4978,Bussaoit
114275,4978,Cabaroan
114276,4978,Cabarsican
114277,4978,Cabugao
114278,4978,Calautit
114279,4978,Carcarmay
114280,4978,Casiaman
114281,4978,Galongen
114282,4978,Guinabang
114283,4978,Legleg
114284,4978,Lisqueb
114285,4978,Mabanengbeng 1st
114286,4978,Mabanengbeng 2nd
114287,4978,Maragayap
114288,4978,Nagatiran
114289,4978,Nagsaraboan
114290,4978,Nagsimbaanan
114291,4978,Nangalisan
114292,4978,Narra
114293,4978,Ortega
114294,4978,Oya-oy
114295,4978,Paagan
114296,4978,Pandan
114297,4978,Pang-pang
114298,4978,Poblacion
114299,4978,Quirino
114300,4978,Raois
114301,4978,Salincob
114302,4978,San Martin
114303,4978,Santa Cruz
114304,4978,Santa Rita
114305,4978,Sapilang
114306,4978,Sayoan
114307,4978,Sipulo
114308,4978,Tammocalao
114309,4978,Ubbog
114310,4978,Zaragosa
114311,4979,Alibangsay
114312,4979,Baay
114313,4979,Cambaly
114314,4979,Cardiz
114315,4979,Dagup
114316,4979,Libbo
114317,4979,Suyo
114318,4979,Tagudtud
114319,4979,Tio-angan
114320,4979,Wallayan
114321,4980,Almieda
114322,4980,Antonino
114323,4980,Apatut
114324,4980,Ar-arampang
114325,4980,Baracbac Este
114326,4980,Baracbac Oeste
114327,4980,Bet-ang
114328,4980,Bulbulala
114329,4980,Bungol
114330,4980,Butubut Este
114331,4980,Butubut Norte
114332,4980,Butubut Oeste
114333,4980,Butubut Sur
114334,4980,Cabuaan Oeste
114335,4980,Calliat
114336,4980,Calungbuyan
114337,4980,Camiling
114338,4980,Dr. Camilo Osias Poblacion
114339,4980,Guinaburan
114340,4980,Masupe
114341,4980,Nagsabaran Norte
114342,4980,Nagsabaran Sur
114343,4980,Nalasin
114344,4980,Napaset
114345,4980,Pa-o
114346,4980,Pagbennecan
114347,4980,Pagleddegan
114348,4980,Pantar Norte
114349,4980,Pantar Sur
114350,4980,Paraoir
114351,4980,Patpata
114352,4980,Sablut
114353,4980,San Pablo
114354,4980,Sinapangan Norte
114355,4980,Sinapangan Sur
114356,4980,Tallipugo
114357,4981,Agdeppa
114358,4981,Alzate
114359,4981,Bangaoilan East
114360,4981,Bangaoilan West
114361,4981,Barraca
114362,4981,Cadapli
114363,4981,Caggao
114364,4981,Central East No. 1
114365,4981,Central East No. 2
114366,4981,Central West No. 1
114367,4981,Central West No. 2
114368,4981,Central West No. 3
114369,4981,Consuegra
114370,4981,General Prim East
114371,4981,General Prim West
114372,4981,General Terrero
114373,4981,Luzong Norte
114374,4981,Luzong Sur
114375,4981,Maria Cristina East
114376,4981,Maria Cristina West
114377,4981,Mindoro
114378,4981,Nagsabaran
114379,4981,Paratong No. 3
114380,4981,Paratong No. 4
114381,4981,Paratong Norte
114382,4981,Quintarong
114383,4981,Reyna Regente
114384,4981,Rissing
114385,4981,San Blas
114386,4981,San Cristobal
114387,4981,Sinapangan Norte
114388,4981,Sinapangan Sur
114389,4981,Ubbog
114390,4982,Acao
114391,4982,Baccuit Norte
114392,4982,Baccuit Sur
114393,4982,Bagbag
114394,4982,Ballay
114395,4982,Bawanta
114396,4982,Boy-utan
114397,4982,Bucayab
114398,4982,Cabalayangan
114399,4982,Cabisilan
114400,4982,Calumbaya
114401,4982,Carmay
114402,4982,Casilagan
114403,4982,Central East
114404,4982,Central West
114405,4982,Dili
114406,4982,Disso-or
114407,4982,Guerrero
114408,4982,Lower San Agustin
114409,4982,Nagrebcan
114410,4982,Pagdalagan Sur
114411,4982,Palintucang
114412,4982,Palugsi-Limmansangan
114413,4982,Parian Este
114414,4982,Parian Oeste
114415,4982,Paringao
114416,4982,Payocpoc Norte Este
114417,4982,Payocpoc Norte Oeste
114418,4982,Payocpoc Sur
114419,4982,Pilar
114420,4982,Pottot
114421,4982,Pudoc
114422,4982,Pugo
114423,4982,Quinavite
114424,4982,Santa Monica
114425,4982,Santiago
114426,4982,Taberna
114427,4982,Upper San Agustin
114428,4982,Urayong
114429,6301,Agpay
114430,6301,Bilis
114431,6301,Caoayan
114432,6301,Dalacdac
114433,6301,Delles
114434,6301,Imelda
114435,6301,Libtong
114436,6301,Linuan
114437,6301,Lower Tumapoc
114438,6301,New Poblacion
114439,6301,Old Poblacion
114440,6301,Upper Tumapoc
114441,4984,Bautista
114442,4984,Gana
114443,4984,Juan Cartas
114444,4984,Las-ud
114445,4984,Liquicia
114446,4984,Poblacion Norte
114447,4984,Poblacion Sur
114448,4984,San Carlos
114449,4984,San Cornelio
114450,4984,San Fermin
114451,4984,San Gregorio
114452,4984,San Jose
114453,4984,Santiago Norte
114454,4984,Santiago Sur
114455,4984,Sobredillo
114456,4984,Urayong
114457,4984,Wenceslao
114458,6490,Alcala
114459,6490,Ayaoan
114460,6490,Barangobong
114461,6490,Barrientos
114462,6490,Bungro
114463,6490,Buselbusel
114464,6490,Cabalitocan
114465,6490,Cantoria No. 1
114466,6490,Cantoria No. 2
114467,6490,Cantoria No. 3
114468,6490,Cantoria No. 4
114469,6490,Carisquis
114470,6490,Darigayos
114471,6490,Magallanes
114472,6490,Magsiping
114473,6490,Mamay
114474,6490,Nagrebcan
114475,6490,Nalvo Norte
114476,6490,Nalvo Sur
114477,6490,Napaset
114478,6490,Oaqui No. 1
114479,6490,Oaqui No. 2
114480,6490,Oaqui No. 3
114481,6490,Oaqui No. 4
114482,6490,Pila
114483,6490,Pitpitac
114484,6490,Rimos No. 1
114485,6490,Rimos No. 2
114486,6490,Rimos No. 3
114487,6490,Rimos No. 4
114488,6490,Rimos No. 5
114489,6490,Rissing
114490,6490,Salcedo
114491,6490,Santo Domingo Norte
114492,6490,Santo Domingo Sur
114493,6490,Sucoc Norte
114494,6490,Sucoc Sur
114495,6490,Suyo
114496,6490,Tallaoen
114497,6490,Victoria
114498,4987,Aguioas
114499,4987,Al-alinao Norte
114500,4987,Al-alinao Sur
114501,4987,Ambaracao Norte
114502,4987,Ambaracao Sur
114503,4987,Angin
114504,4987,Balecbec
114505,4987,Bancagan
114506,4987,Baraoas Norte
114507,4987,Baraoas Sur
114508,4987,Bariquir
114509,4987,Bato
114510,4987,Bimmotobot
114511,4987,Cabaritan Norte
114512,4987,Cabaritan Sur
114513,4987,Casilagan
114514,4987,Dal-lipaoen
114515,4987,Daramuangan
114516,4987,Guesset
114517,4987,Gusing Norte
114518,4987,Gusing Sur
114519,4987,Imelda
114520,4987,Lioac Norte
114521,4987,Lioac Sur
114522,4987,Magungunay
114523,4987,Mamat-ing Norte
114524,4987,Mamat-ing Sur
114525,4987,Nagsidorisan
114526,4987,Natividad
114527,4987,Ortiz
114528,4987,Ribsuan
114529,4987,San Antonio
114530,4987,San Isidro
114531,4987,Sili
114532,4987,Suguidan Norte
114533,4987,Suguidan Sur
114534,4987,Tuddingan
114535,4988,Ambalite
114536,4988,Ambangonan
114537,4988,Cares
114538,4988,Cuenca
114539,4988,Duplas
114540,4988,Maoasoas Norte
114541,4988,Maoasoas Sur
114542,4988,Palina
114543,4988,Poblacion East
114544,4988,Poblacion West
114545,4988,San Luis
114546,4988,Saytan
114547,4988,Tavora East
114548,4988,Tavora Proper
114549,6284,Alipang
114550,6284,Ambangonan
114551,6284,Amlang
114552,6284,Bacani
114553,6284,Bangar
114554,6284,Bani
114555,6284,Benteng-Sapilang
114556,6284,Cadumanian
114557,6284,Camp One
114558,6284,Carunuan East
114559,6284,Carunuan West
114560,6284,Casilagan
114561,6284,Cataguingtingan
114562,6284,Concepcion
114563,6284,Damortis
114564,6284,Gumot-Nagcolaran
114565,6284,Inabaan Norte
114566,6284,Inabaan Sur
114567,6284,Marcos
114568,6284,Nagtagaan
114569,6284,Nangcamotian
114570,6284,Parasapas
114571,6284,Poblacion East
114572,6284,Poblacion West
114573,6284,Puzon
114574,6284,Rabon
114575,6284,San Jose
114576,6284,Subusub
114577,6284,Tabtabungao
114578,6284,Tanglag
114579,6284,Tay-ac
114580,6284,Udiao
114581,6284,Vila
114582,5577,Abut
114583,5577,Apaleng
114584,5577,Bacsil
114585,5577,Bangbangolan
114586,5577,Bangcusay
114587,5577,Barangay I
114588,5577,Barangay II
114589,5577,Barangay III
114590,5577,Barangay IV
114591,5577,Baraoas
114592,5577,Bato
114593,5577,Biday
114594,5577,Birunget
114595,5577,Bungro
114596,5577,Cabaroan
114597,5577,Cabarsican
114598,5577,Cadaclan
114599,5577,Calabugao
114600,5577,Camansi
114601,5577,Canaoay
114602,5577,Carlatan
114603,5577,Catbangen
114604,5577,Dallangayan Este
114605,5577,Dallangayan Oeste
114606,5577,Dalumpinas Este
114607,5577,Dalumpinas Oeste
114608,5577,Ilocanos Norte
114609,5577,Ilocanos Sur
114610,5577,Langcuas
114611,5577,Lingsat
114612,5577,Madayegdeg
114613,5577,Mameltac
114614,5577,Masicong
114615,5577,Nagyubuyuban
114616,5577,Namtutan
114617,5577,Narra Este
114618,5577,Narra Oeste
114619,5577,Pacpaco
114620,5577,Pagdalagan
114621,5577,Pagdaraoan
114622,5577,Pagudpud
114623,5577,Pao Norte
114624,5577,Pao Sur
114625,5577,Parian
114626,5577,Pias
114627,5577,Poro
114628,5577,Puspus
114629,5577,Sacyud
114630,5577,Sagayad
114631,5577,San Agustin
114632,5577,San Francisco
114633,5577,San Vicente
114634,5577,Santiago Norte
114635,5577,Santiago Sur
114636,5577,Saoay
114637,5577,Sevilla
114638,5577,Siboan-Otong
114639,5577,Tanqui
114640,5577,Tanquigan
114641,4990,Amontoc
114642,4990,Apayao
114643,4990,Balbalayang
114644,4990,Bayabas
114645,4990,Bucao
114646,4990,Bumbuneg
114647,4990,Daking
114648,4990,Lacong
114649,4990,Lipay Este
114650,4990,Lipay Norte
114651,4990,Lipay Proper
114652,4990,Lipay Sur
114653,4990,Lon-oy
114654,4990,Poblacion
114655,4990,Polipol
114656,5999,Allangigan
114657,5999,Aludaid
114658,5999,Bacsayan
114659,5999,Balballosa
114660,5999,Bambanay
114661,5999,Bugbugcao
114662,5999,Caarusipan
114663,5999,Cabaroan
114664,5999,Cabugnayan
114665,5999,Cacapian
114666,5999,Caculangan
114667,5999,Calincamasan
114668,5999,Casilagan
114669,5999,Catdongan
114670,5999,Dangdangla
114671,5999,Dasay
114672,5999,Dinanum
114673,5999,Duplas
114674,5999,Guinguinabang
114675,5999,Ili Norte
114676,5999,Ili Sur
114677,5999,Legleg
114678,5999,Lubing
114679,5999,Nadsaag
114680,5999,Nagsabaran
114681,5999,Naguirangan
114682,5999,Naguituban
114683,5999,Nagyubuyuban
114684,5999,Oaquing
114685,5999,Pacpacac
114686,5999,Pagdildilan
114687,5999,Panicsican
114688,5999,Quidem
114689,5999,San Felipe
114690,5999,Santa Rosa
114691,5999,Santo Rosario
114692,5999,Saracat
114693,5999,Sinapangan
114694,5999,Taboc
114695,5999,Talogtog
114696,5999,Urbiztondo
114697,5233,Ambitacay
114698,5233,Bail
114699,5233,Balaoc
114700,5233,Balsaan
114701,5233,Baybay
114702,5233,Cabaruan
114703,5233,Casantaan
114704,5233,Casilagan
114705,5233,Cupang
114706,5233,Damortis
114707,5233,Fernando
114708,5233,Linong
114709,5233,Lomboy
114710,5233,Malabago
114711,5233,Namboongan
114712,5233,Namonitan
114713,5233,Narvacan
114714,5233,Patac
114715,5233,Poblacion
114716,5233,Pongpong
114717,5233,Raois
114718,5233,Tococ
114719,5233,Tubod
114720,5233,Ubagan
114721,4993,Corrooy
114722,4993,Lettac Norte
114723,4993,Lettac Sur
114724,4993,Mangaan
114725,4993,Paagan
114726,4993,Poblacion
114727,4993,Puguil
114728,4993,Ramot
114729,4993,Sapdaan
114730,4993,Sasaba
114731,4993,Tubaday
114732,4994,Bigbiga
114733,4994,Bulalaan
114734,4994,Castro
114735,4994,Duplas
114736,4994,Ilocano
114737,4994,Ipet
114738,4994,Maliclico
114739,4994,Namaltugan
114740,4994,Old Central
114741,4994,Poblacion
114742,4994,Porporiket
114743,4994,San Francisco Norte
114744,4994,San Francisco Sur
114745,4994,San Jose
114746,4994,Sengngat
114747,4994,Turod
114748,4994,Up-uplas
114749,4995,Amallapay
114750,4995,Anduyan
114751,4995,Caoigue
114752,4995,Francia Sur
114753,4995,Francia West
114754,4995,Garcia
114755,4995,Gonzales
114756,4995,Halog East
114757,4995,Halog West
114758,4995,Leones East
114759,4995,Leones West
114760,4995,Linapew
114761,4995,Lloren
114762,4995,Magsaysay
114763,4995,Pideg
114764,4995,Poblacion
114765,4995,Rizal
114766,4995,Santa Teresa
114767,5893,San Antonio Poblacion
114768,5897,Alegria
114769,5897,Alejos
114770,5897,Amagos
114771,5897,Anahawan
114772,5897,Bago
114773,5897,Bagong Bayan District
114774,5897,Buli
114775,5897,Cebuana
114776,5897,Daan Lungsod
114777,5897,Dawahon
114778,5897,Dolho
114779,5897,Domagocdoc
114780,5897,Guerrero District
114781,5897,Himamaa
114782,5897,Imelda
114783,5897,Iniguihan District
114784,5897,Kalanggaman District
114785,5897,Katipunan
114786,5897,Liberty
114787,5897,Mabini
114788,5897,Marcelo
114789,5897,Naga
114790,5897,Osmeña
114791,5897,Plaridel
114792,5897,Ponong
114793,5897,Rivilla
114794,5897,San Agustin
114795,5897,Santo Niño
114796,5897,Tabunok
114797,5897,Tagaytay
114798,5897,Tinago District
114799,5897,Tugas
114800,5903,Lapu-lapu Poblacion
114801,5903,Lusad Poblacion
114802,5903,Sampao East Poblacion
114803,5903,Sampao West Poblacion
114804,5903,San Antonio Poblacion
114805,5903,San Jose Poblacion
114806,5903,San Roque Poblacion
114807,5903,Santa Mesa Poblacion
114808,5903,Tunga Poblacion
114809,6466,Bagacay East
114810,6466,Bagacay West
114811,6466,Bocawon
114812,6466,Bongtod
114813,6466,Buracan
114814,6466,Caabangan
114815,6466,Cacao
114816,6466,Cagngaran
114817,6466,Calabnian
114818,6466,Calaghusan
114819,6466,Caltayan
114820,6466,Canbañez
114821,6466,Cogon
114822,6466,Duyog
114823,6466,Gimenarat East
114824,6466,Gimenarat West
114825,6466,Limba
114826,6466,Lubi-lubi
114827,6466,Luneta
114828,6466,Mag-aso
114829,6466,Moroboro
114830,6466,Pansud
114831,6466,Pawa
114832,6466,Piliway
114833,6466,Poblacion District 1
114834,6466,Poblacion District 2
114835,6466,Poblacion District 3
114836,6466,Poblacion District 4
114837,6466,Quiong
114838,6466,Rizal
114839,6466,San Victoray
114840,6466,Santa Ana
114841,6466,Santa Elena
114842,6466,Tabang
114843,6466,Tarugan
114844,5923,Bitaog Poblacion
114845,5923,Hinablayan Poblacion
114846,5923,Mazawalo Poblacion
114847,5923,Pinagdait Poblacion
114848,5923,Pinaghi-usa Poblacion
114849,6335,Bagacay
114850,6335,Bahay
114851,6335,Bairan
114852,6335,Cabatianuhan
114853,6335,Canap
114854,6335,Capilihan
114855,6335,Caraycaray
114856,6335,Cayare
114857,6335,Guinciaman
114858,6335,Impo
114859,6335,Kinalumsan
114860,6335,Libtong
114861,6335,Lukay
114862,6335,Malaguinabot
114863,6335,Malpag
114864,6335,Mawodpawod
114865,6335,Patong
114866,6335,Pinarigusan
114867,6335,San Andres
114868,6335,Santa Cruz
114869,6335,Santol
114870,5128,Zone 4 Poblacion
114871,5929,District I Poblacion
114872,5929,District II Poblacion
114873,5929,District III Poblacion
114874,5929,District IV Poblacion
114875,5297,Ada
114876,5297,Amanluran
114877,5297,Arado
114878,5297,Atipolo
114879,5297,Balud
114880,5297,Bangon
114881,5297,Bantagan
114882,5297,Baras
114883,5297,Binolo
114884,5297,Binongto-an
114885,5297,Bislig
114886,5297,Buntay
114887,5297,Cabalagnan
114888,5297,Cabarasan Guti
114889,5297,Cabonga-an
114890,5297,Cabuynan
114891,5297,Cahumayhumayan
114892,5297,Calogcog
114893,5297,Calsadahay
114894,5297,Camire
114895,5297,Canbalisara
114896,5297,Canramos
114897,5297,Catigbian
114898,5297,Catmon
114899,5297,Cogon
114900,5297,Guindag-an
114901,5297,Guingawan
114902,5297,Hilagpad
114903,5297,Kiling
114904,5297,Lapay
114905,5297,Licod
114906,5297,Limbuhan Daku
114907,5297,Limbuhan Guti
114908,5297,Linao
114909,5297,Magay
114910,5297,Maghulod
114911,5297,Malaguicay
114912,5297,Maribi
114913,5297,Mohon
114914,5297,Pago
114915,5297,Pasil
114916,5297,Pikas
114917,5297,Sacme
114918,5297,Salvador
114919,5297,San Isidro
114920,5297,San Miguel
114921,5297,San Roque
114922,5297,San Victor
114923,5297,Santa Cruz
114924,5297,Santa Elena
114925,5297,Santo Niño Poblacion
114926,5297,Solano
114927,5297,Talolora
114928,5297,Tugop
114929,6397,Dimampao
114930,1907003011,Balatungkayo
114931,1907003011,Bulit
114932,1907003011,Bulod
114933,1907003011,Dungguan
114934,1907003011,Limbalud
114935,1907003011,Maridagao
114936,1907003011,Nabundas
114937,1907003011,Pagagawan
114938,1907003011,Talapas
114939,1907003011,Talitay
114940,1907003011,Tunggol
114941,1907003011,Dapiawan
114942,1907003011,Elian
114943,1907003011,Gawang
114944,1907003011,Kabengi
114945,1907003011,Kitango
114946,1907003011,Kitapok
114947,1907003011,Madia
114948,1907003011,Salbu
114949,1907003010,Badak
114950,1907003010,Bulod
114951,1907003010,Kaladturan
114952,1907003010,Kulasi
114953,1907003010,Lao-lao
114954,1907003010,Lasangan
114955,1907003010,Lower Idtig
114956,1907003010,Lumabao
114957,1907003010,Makainis
114958,1907003010,Midconding
114959,1907003010,Midpandacan
114960,1907003010,Panosolen
114961,1907003010,Pidtiguian
114962,1907003010,Quipolot
114963,1907003010,Ramcor
114964,1907003010,Sadangen
114965,1907003010,Sumakubay
114966,1907003010,Tonggol
114967,1907003010,Upper Lasangan
114968,6408,Tambunan II
114969,6417,Lower Dilag
114970,6417,Upper Dilag
114971,6441,Bongo Island
114972,6441,Campo Islam
114973,6441,Cotongan
114974,6441,Datu Macarimbang Biruar
114975,6441,Gadungan
114976,6441,Gadunganpedpandaran
114977,6441,Guiday T. Biruar
114978,6441,Gumagadong Calawag
114979,6441,Kabuan
114980,6441,Landasan
114981,6441,Limbayan
114982,6441,Macasandag
114983,6441,Magsaysay
114984,6441,Making
114985,6441,Manion
114986,6441,Moro Point
114987,6441,Nituan
114988,6441,Orandang
114989,6441,Pinantao
114990,6441,Poblacion
114991,6441,Poblacion II
114992,6441,Polloc
114993,6441,Samberen
114994,6441,Tagudtongan
114995,6441,Tuca-Maror
114996,1907003011,Bintan
114997,1907003011,Gadungan
114998,1907003011,Kiladap
114999,1907003011,Kilalan
115000,1907003011,Kuden
115001,1907003011,Makadayon
115002,1907003011,Manggay
115003,1907003011,Pageda
115004,1907003011,Talitay
115005,5409,Isok II Poblacion
115006,5410,Bagacay
115007,5410,Bagtingon
115008,5410,Barangay I
115009,5410,Barangay II
115010,5410,Barangay III
115011,5410,Barangay IV
115012,5410,Bicas-bicas
115013,5410,Caigangan
115014,5410,Daykitin
115015,5410,Libas
115016,5410,Malbog
115017,5410,Sihi
115018,5410,Timbo
115019,5410,Tungib-Lipata
115020,5410,Yook
115021,5349,Alobo
115022,5349,Angas
115023,5349,Aturan
115024,5349,Bagong Silang Poblacion
115025,5349,Baguidbirin
115026,5349,Baliis
115027,5349,Balogo
115028,5349,Banahaw Poblacion
115029,5349,Bangcuangan
115030,5349,Banogbog
115031,5349,Biga
115032,5349,Botilao
115033,5349,Buyabod
115034,5349,Dating Bayan
115035,5349,Devilla
115036,5349,Dolores
115037,5349,Haguimit
115038,5349,Hupi
115039,5349,Ipil
115040,5349,Jolo
115041,5349,Kaganhao
115042,5349,Kalangkang
115043,5349,Kamandugan
115044,5349,Kasily
115045,5349,Kilo-kilo
115046,5349,Kiñaman
115047,5349,Labo
115048,5349,Lamesa
115049,5349,Landy
115050,5349,Lapu-lapu Poblacion
115051,5349,Libjo
115052,5349,Lipa
115053,5349,Lusok
115054,5349,Maharlika Poblacion
115055,5349,Makulapnit
115056,5349,Maniwaya
115057,5349,Manlibunan
115058,5349,Masaguisi
115059,5349,Masalukot
115060,5349,Matalaba
115061,5349,Mongpong
115062,5349,Morales
115063,5349,Napo
115064,5349,Pag-asa Poblacion
115065,5349,Pantayin
115066,5349,Polo
115067,5349,Pulong-Parang
115068,5349,Punong
115069,5349,San Antonio
115070,5349,San Isidro
115071,5349,Tagum
115072,5349,Tamayo
115073,5349,Tambangan
115074,5349,Tawiran
115075,5349,Taytay
115076,5560,Amotag
115077,5560,Matongog
115078,5565,R. M. Magbalon
115079,5567,T. R. Yangco
115080,6310,Aguada
115081,6310,Ban-ao
115082,6310,Burabod
115083,6310,Cabangcalan
115084,6310,Calumpang
115085,6310,Camayabsan
115086,6310,Daanlungsod
115087,6310,Dangpanan
115088,6310,Daraga
115089,6310,Guin-awayan
115090,6310,Guinhan-ayan
115091,6310,Katipunan
115092,6310,Libas
115093,6310,Locso-an
115094,6310,Luna
115095,6310,Mahayag
115096,6310,Mahayahay
115097,6310,Manlut-od
115098,6310,Matagantang
115099,6310,Naboctot
115100,6310,Nagarao
115101,6310,Nainday
115102,6310,Naocondiot
115103,6310,Pasiagon
115104,6310,Pili
115105,6310,Poblacion
115106,6310,Puro
115107,6310,Quibrada
115108,6310,San Marcos
115109,6310,Santa Cruz
115110,6310,Taboc
115111,6310,Tan-awan
115112,6310,Taverna
115113,6310,Tubod
115114,6310,Villa Inocencio
115115,5577,Altavista
115116,5577,Bayanihan Poblacion
115117,5577,Baybaydagat Poblacion
115118,5577,Benitinan
115119,5577,Buenasuerte
115120,5577,Buenavista
115121,5577,Buenos Aires
115122,5577,Buyo
115123,5577,Cañelas
115124,5577,Corbada
115125,5577,Daplian
115126,5577,Del Rosario
115127,5577,Ipil
115128,5577,Lahong
115129,5577,Lumbia
115130,5577,Magkaipit
115131,5577,Magsasaka Poblacion
115132,5577,Minio
115133,5577,Pinamoghaan
115134,5577,Progreso
115135,5577,Resurreccion
115136,5577,Salvacion
115137,5577,Silangan Poblacion
115138,5577,Sowa
115139,5577,Talisay
115140,5577,Valparaiso
115141,5578,Almiñe
115142,5578,Bagacay
115143,5578,Bagahanglad
115144,5578,Bartolabac
115145,5578,Burgos
115146,5578,Calipat-an
115147,5578,Danao
115148,5578,District I
115149,5578,District II
115150,5578,District III
115151,5578,District IV
115152,5578,Dorong-an Daplian
115153,5578,Interior
115154,5578,Jagna-an
115155,5578,Luna
115156,5578,Mabini
115157,5578,Piña
115158,5578,Roosevelt
115159,5578,San Isidro
115160,5578,Santa Rosa
115161,5578,Washington
115162,5327,Bonifacio
115163,5327,Bunawan
115164,5327,Calaran
115165,5327,Dapacan Alto
115166,5327,Dapacan Bajo
115167,5327,Don Bernardo Nery Poblacion
115168,5327,Langub
115169,5327,Libertad
115170,5327,Magcamiguing
115171,5327,Mamalad
115172,5327,Mauswagon
115173,5327,Northern Poblacion
115174,5327,Salvador
115175,5327,San Isidro
115176,5327,Siloy
115177,5327,Singalat
115178,5327,Solinog
115179,5327,Southwestern Poblacion
115180,5327,Sulipat
115181,6130,Bagong Nayon
115182,6130,Capule
115183,6130,Guiban
115184,6130,Laya-an
115185,6130,Lingatongan
115186,6130,Maligubaan
115187,6130,Mantukoy
115188,6130,Marugang
115189,6130,New Casul
115190,6130,Poblacion
115191,6130,Pogan
115192,6130,Small Potongan
115193,6130,Soso-on
115194,6130,Upper Dapitan
115195,6130,Upper Dioyo
115196,6130,Upper Potongan
115197,6130,Upper Salimpono
115198,6130,Virayan
115199,1004209000,Apil
115200,1004209000,Binuangan
115201,1004209000,Bolibol
115202,1004209000,Buenavista
115203,1004209000,Bunga
115204,1004209000,Buntawan
115205,1004209000,Burgos
115206,1004209000,Canubay
115207,1004209000,Ciriaco C. Pastrano
115208,1004209000,Clarin Settlement
115209,1004209000,Dolipos Alto
115210,1004209000,Dolipos Bajo
115211,1004209000,Dulapo
115212,1004209000,Dullan Norte
115213,1004209000,Dullan Sur
115214,1004209000,Lamac Lower
115215,1004209000,Lamac Upper
115216,1004209000,Langcangan Lower
115217,1004209000,Langcangan Proper
115218,1004209000,Langcangan Upper
115219,1004209000,Layawan
115220,1004209000,Loboc Lower
115221,1004209000,Loboc Upper
115222,1004209000,Malindang
115223,1004209000,Mialen
115224,1004209000,Mobod
115225,1004209000,Paypayan
115226,1004209000,Pines
115227,1004209000,Poblacion I
115228,1004209000,Poblacion II
115229,1004209000,Rizal Lower
115230,1004209000,Rizal Upper
115231,1004209000,San Vicente Alto
115232,1004209000,San Vicente Bajo
115233,1004209000,Sebucal
115234,1004209000,Senote
115235,1004209000,Taboc Norte
115236,1004209000,Taboc Sur
115237,1004209000,Talairon
115238,1004209000,Talic
115239,1004209000,Tipan
115240,1004209000,Toliyok
115241,1004209000,Tuyabang Alto
115242,1004209000,Tuyabang Bajo
115243,1004209000,Tuyabang Proper
115244,1004209000,Victoria
115245,1004209000,Villaflor
115246,1004210000,50th District
115247,1004210000,Aguada
115248,1004210000,Bacolod
115249,1004210000,Bagakay
115250,1004210000,Balintawak
115251,1004210000,Banadero
115252,1004210000,Baybay San Roque
115253,1004210000,Baybay Santa Cruz
115254,1004210000,Baybay Triunfo
115255,1004210000,Bongbong
115256,1004210000,Calabayan
115257,1004210000,Capucao C.
115258,1004210000,Capucao P.
115259,1004210000,Carangan
115260,1004210000,Carmen
115261,1004210000,Catadman-Manabay
115262,1004210000,Cavinte
115263,1004210000,Cogon
115264,1004210000,Dalapang
115265,1004210000,Diguan
115266,1004210000,Dimaluna
115267,1004210000,Doña Consuelo
115268,1004210000,Embargo
115269,1004210000,Gala
115270,1004210000,Gango
115271,1004210000,Gotokan Daku
115272,1004210000,Gotokan Diot
115273,1004210000,Guimad
115274,1004210000,Guingona
115275,1004210000,Kinuman Norte
115276,1004210000,Kinuman Sur
115277,1004210000,Labinay
115278,1004210000,Labo
115279,1004210000,Lam-an
115280,1004210000,Liposong
115281,1004210000,Litapan
115282,1004210000,Malaubang
115283,1004210000,Manaka
115284,1004210000,Maningcol
115285,1004210000,Mentering
115286,1004210000,Molicay
115287,1004210000,Pantaon
115288,1004210000,Pulot
115289,1004210000,San Antonio
115290,1004210000,Sangay Daku
115291,1004210000,Sangay Diot
115292,1004210000,Sinuza
115293,1004210000,Stimson Abordo
115294,1004210000,Tabid
115295,1004210000,Tinago
115296,1004210000,Trigos
115297,5381,Agunod
115298,5381,Bato
115299,5381,Buena Voluntad
115300,5381,Calaca-an
115301,5381,Cartagena Proper
115302,5381,Catarman
115303,5381,Cebulin
115304,5381,Clarin
115305,5381,Danao
115306,5381,Deboloc
115307,5381,Divisoria
115308,5381,Eastern Looc
115309,5381,Ilisan
115310,5381,Katipunan
115311,5381,Kauswagan
115312,5381,Lao Proper
115313,5381,Lao Santa Cruz
115314,5381,Looc Proper
115315,5381,Mamanga Daku
115316,5381,Mamanga Gamay
115317,5381,Mangidkid
115318,5381,New Cartagena
115319,5381,New Look
115320,5381,Northern Poblacion
115321,5381,Panalsalan
115322,5381,Puntod
115323,5381,Quirino
115324,5381,Santa Cruz
115325,5381,Southern Looc
115326,5381,Southern Poblacion
115327,5381,Tipolo
115328,5381,Unidos
115329,5381,Usocan
115330,1004215000,Aquino
115331,1004215000,Balatacan
115332,1004215000,Baluk
115333,1004215000,Banglay
115334,1004215000,Barangay I-City Hall
115335,1004215000,Barangay II-Marilou Annex
115336,1004215000,Barangay III-Market Kalubian
115337,1004215000,Barangay IV-Saint Michael
115338,1004215000,Barangay V-Malubog
115339,1004215000,Barangay VI-Lower Polao
115340,1004215000,Barangay VII-Upper Polao
115341,1004215000,Bintana
115342,1004215000,Bocator
115343,1004215000,Bongabong
115344,1004215000,Caniangan
115345,1004215000,Capalaran
115346,1004215000,Catagan
115347,1004215000,Garang
115348,1004215000,Guinabot
115349,1004215000,Guinalaban
115350,1004215000,Huyohoy
115351,1004215000,Isidro D. Tan
115352,1004215000,Kauswagan
115353,1004215000,Kimat
115354,1004215000,Labuyo
115355,1004215000,Lorenzo Tan
115356,1004215000,Lumban
115357,1004215000,Maloro
115358,1004215000,Manga
115359,1004215000,Mantic
115360,1004215000,Maquilao
115361,1004215000,Matugnaw
115362,1004215000,Migcanaway
115363,1004215000,Minsubong
115364,1004215000,Owayan
115365,1004215000,Paiton
115366,1004215000,Panalsalan
115367,1004215000,Pangabuan
115368,1004215000,Prenza
115369,1004215000,Salimpuno
115370,1004215000,San Antonio
115371,1004215000,San Apolinario
115372,1004215000,San Vicente
115373,1004215000,Santa Cruz
115374,1004215000,Santa Maria
115375,1004215000,Santo Niño
115376,1004215000,Sicot
115377,1004215000,Silanga
115378,1004215000,Silangit
115379,1004215000,Simasay
115380,1004215000,Sumirap
115381,1004215000,Taguite
115382,1004215000,Tituron
115383,1004215000,Tugas
115384,1004215000,Villaba
115385,6144,Baukbauk Poblacion
115386,6156,Dulong
115387,6156,Gimaylan
115388,6156,Kimalok
115389,6156,Lubluban
115390,6156,Poblacion
115391,6156,Retablo
115392,6156,Santo Niño
115393,6156,Tangcub
115394,6156,Taytayan
115395,5456,Abunda
115396,5456,Artadi
115397,5456,Bonifacio Aquino
115398,5456,Cabalawan
115399,5456,Cabantian
115400,5456,Cabubuhan
115401,5456,Candiis
115402,5456,Consuelo
115403,5456,Damayuhan
115404,5456,Gumabon
115405,5456,Katipunan
115406,5456,Kauswagan
115407,5456,Kibungsod
115408,5456,Mahayahay
115409,5456,Mindulao
115410,5456,Pag-asa
115411,5456,Poblacion
115412,5456,San Isidro
115413,5456,San Vicente
115414,5456,Santa Cruz
115415,5456,Tama
115416,5456,Tibon-tibon
115417,5456,Tinaan
115418,5456,Tulang
115419,5456,Villa Felipa
115420,6165,Baluarte
115421,6165,Casinglot
115422,6165,Gracia
115423,6165,Mohon
115424,6165,Natumolan
115425,6165,Poblacion
115426,6165,Rosario
115427,6165,Santa Ana
115428,6165,Santa Cruz
115429,6165,Sugbongcogon
115430,6526,Chupac
115431,6526,Fiangtin
115432,6526,Gawana
115433,6526,Kaleo
115434,6526,Latang
115435,6526,Lias Kanluran
115436,6526,Lias Silangan
115437,6526,Lingoy
115438,6526,Lunas
115439,6526,Macalana
115440,6526,Ogoog
115441,6527,Abatan
115442,6527,Bagnen Oriente
115443,6527,Bagnen Proper
115444,6527,Balintaugan
115445,6527,Banao
115446,6527,Bila
115447,6527,Guinzadan Central
115448,6527,Guinzadan Norte
115449,6527,Guinzadan Sur
115450,6527,Lagawa
115451,6527,Leseb
115452,6527,Mabaay
115453,6527,Mayag
115454,6527,Monamon Norte
115455,6527,Monamon Sur
115456,6527,Mount Data
115457,6527,Otucan Norte
115458,6527,Otucan Sur
115459,6527,Poblacion
115460,6527,Sadsadan
115461,6527,Sinto
115462,6527,Tapapan
115463,6528,Agawa
115464,6528,Ambaguio
115465,6528,Banguitan
115466,6528,Besao East
115467,6528,Besao West
115468,6528,Catengan
115469,6528,Gueday
115470,6528,Kin-iway
115471,6528,Lacmaan
115472,6528,Laylaya
115473,6528,Padangan
115474,6528,Payeo
115475,6528,Suquib
115476,6528,Tamboan
115477,5986,Alab Oriente
115478,5986,Alab Proper
115479,5986,Balili
115480,5986,Bayyo
115481,5986,Bontoc Ili
115482,5986,Calutit
115483,5986,Caneo
115484,5986,Dalican
115485,5986,Gonogon
115486,5986,Guinaang
115487,5986,Mainit
115488,5986,Maligcong
115489,5986,Samoki
115490,5986,Talubin
115491,5986,Tocucan
115492,6530,Alunogan
115493,6530,Balangao
115494,6530,Banao
115495,6530,Banawal
115496,6530,Butac
115497,6530,Maducayan
115498,6530,Poblacion
115499,6530,Pudo
115500,6530,Saliok
115501,6530,Santa Isabel
115502,6530,Tonglayan
115503,6531,Anonat
115504,6531,Bacarni
115505,6531,Bananao
115506,6531,Bantay
115507,6531,Bunot
115508,6531,Buringal
115509,6531,Butigue
115510,6531,Palitod
115511,6531,Poblacion
115512,6532,Bao-angan
115513,6532,Bun-ayan
115514,6532,Busa
115515,6532,Camatagan
115516,6532,Capinitan
115517,6532,Data
115518,6532,Gayang
115519,6532,Lagan
115520,6532,Losad
115521,6532,Namatec
115522,6532,Napua
115523,6532,Pingad
115524,6532,Poblacion
115525,6532,Supang
115526,6532,Tambingan
115527,6533,Anabel
115528,6533,Bekigan
115529,6533,Belwang
115530,6533,Betwagan
115531,6533,Demang
115532,6533,Poblacion
115533,6533,Sacasacan
115534,6533,Saclit
115535,6534,Aguid
115536,6534,Ambasing
115537,6534,Angkeling
115538,6534,Antadao
115539,6534,Balugan
115540,6534,Bangaan
115541,6534,Dagdag
115542,6534,Demang
115543,6534,Fidelisan
115544,6534,Kilong
115545,6534,Madongo
115546,6534,Nacagang
115547,6534,Pide
115548,6534,Poblacion
115549,6534,Suyo
115550,6534,Taccong
115551,6534,Tanulong
115552,6534,Tetepan Norte
115553,6534,Tetepan Sur
115554,6535,Balaoa
115555,6535,Banaao
115556,6535,Bantey
115557,6535,Batayan
115558,6535,Bunga
115559,6535,Cadad-anan
115560,6535,Cagubatan
115561,6535,Dacudac
115562,6535,Duagan
115563,6535,Kayan East
115564,6535,Kayan West
115565,6535,Lenga
115566,6535,Lubon
115567,6535,Mabalite
115568,6535,Masla
115569,6535,Pandayan
115570,6535,Poblacion
115571,6535,Sumadel
115572,6535,Tue
115573,604502000,Abuanan
115574,604502000,Alianza
115575,604502000,Atipuluan
115576,604502000,Bacong-Montilla
115577,604502000,Bagroy
115578,604502000,Balingasag
115579,604502000,Binubuhan
115580,604502000,Busay
115581,604502000,Calumangan
115582,604502000,Caridad
115583,604502000,Dulao
115584,604502000,Ilijan
115585,604502000,Jorge L. Araneta
115586,604502000,Lag-asan
115587,604502000,Ma-ao Barrio
115588,604502000,Mailum
115589,604502000,Malingin
115590,604502000,Napoles
115591,604502000,Pacol
115592,604502000,Poblacion
115593,604502000,Sagasa
115594,604502000,Sampinit
115595,604502000,Tabunan
115596,604502000,Taloc
115597,5700,Barangay 1 Poblacion
115598,5700,Barangay 2 Poblacion
115599,5700,Barangay 3 Poblacion
115600,5700,Barangay 4 Poblacion
115601,5700,Barangay 5 Poblacion
115602,5700,Barangay 6 Poblacion
115603,5086,Abaca
115604,5086,Baclao
115605,5086,Basak
115606,5086,Bulata
115607,5086,Caliling
115608,5086,Camalanda-an
115609,5086,Camindangan
115610,5086,Elihan
115611,5086,Guiljungan
115612,5086,Inayawan
115613,5086,Isio
115614,5086,Linaon
115615,5086,Lumbia
115616,5086,Mambugsay
115617,5086,Man-Uling
115618,5086,Masaling
115619,5086,Molobolo
115620,5086,Poblacion
115621,5086,Sura
115622,5086,Talacdan
115623,5086,Tambad
115624,5086,Tiling
115625,5086,Tomina
115626,5086,Tuyom
115627,5086,Yao-yao
115628,604508000,Alacaygan
115629,604508000,Alicante
115630,604508000,Batea
115631,604508000,Canlusong
115632,604508000,Consing
115633,604508000,Cudangdang
115634,604508000,Damgo
115635,604508000,Gahit
115636,604508000,Latasan
115637,604508000,Madalag
115638,604508000,Manta-angan
115639,604508000,Nanca
115640,604508000,Pasil
115641,604508000,Poblacion I
115642,604508000,Poblacion II
115643,604508000,Poblacion III
115644,604508000,San Isidro
115645,604508000,San Jose
115646,604508000,Santo Niño
115647,604508000,Tabigue
115648,604508000,Tanza
115649,604508000,Tomongtong
115650,604508000,Tuburan
115651,604509000,Alimango
115652,604509000,Balintawak
115653,604509000,Binaguiohan
115654,604509000,Buenavista
115655,604509000,Cervantes
115656,604509000,Dian-ay
115657,604509000,Hacienda Fe
115658,604509000,Japitan
115659,604509000,Jonobjonob
115660,604509000,Langub
115661,604509000,Libertad
115662,604509000,Mabini
115663,604509000,Magsaysay
115664,604509000,Malasibog
115665,604509000,Old Poblacion
115666,604509000,Paitan
115667,604509000,Pinapugasan
115668,604509000,Rizal
115669,604509000,Tamlang
115670,604509000,Udtongan
115671,604509000,Washington
115672,604512000,Alim
115673,604512000,Asia
115674,604512000,Bacuyangan
115675,604512000,Barangay I
115676,604512000,Barangay II
115677,604512000,Bulwangan
115678,604512000,Culipapa
115679,604512000,Damutan
115680,604512000,Daug
115681,604512000,Po-ok
115682,604512000,San Rafael
115683,604512000,Sangke
115684,604512000,Talacagay
115685,604516000,Ara-al
115686,604516000,Ayungon
115687,604516000,Balabag
115688,604516000,Barangay I
115689,604516000,Barangay II
115690,604516000,Barangay III
115691,604516000,Batuan
115692,604516000,Cubay
115693,604516000,Haguimit
115694,604516000,La Granja
115695,604516000,Nagasi
115696,604516000,Roberto S. Benedicto
115697,604516000,San Miguel
115698,604516000,Yubo
115699,5717,Antipolo
115700,5717,Barangay I
115701,5717,Barangay II
115702,5717,Barangay III
115703,5717,Buenavista Gibong
115704,5717,Buenavista Rizal
115705,5717,Burgos
115706,5717,Cambarus
115707,5717,Canroma
115708,5717,Don Salvador Benedicto
115709,5717,General Malvar
115710,5717,Gomez
115711,5717,M. H. del Pilar
115712,5717,Mabini
115713,5717,Miranda
115714,5717,Pandan
115715,5717,Recreo
115716,5717,San Isidro
115717,5717,San Juan
115718,5717,Zamora
115719,6101,Andres Bonifacio
115720,6101,Bato
115721,6101,Baviera
115722,6101,Bulanon
115723,6101,Campo Himoga-an
115724,6101,Campo Santiago
115725,6101,Colonia Divina
115726,6101,Fabrica
115727,6101,General Luna
115728,6101,Himoga-an Baybay
115729,6101,Lopez Jaena
115730,6101,Makiling
115731,6101,Malubon
115732,6101,Molocaboc
115733,6101,Old Sagay
115734,6101,Paraiso
115735,6101,Plaridel
115736,6101,Poblacion I
115737,6101,Poblacion II
115738,6101,Puey
115739,6101,Rafaela Barrera
115740,6101,Rizal
115741,6101,Taba-ao
115742,6101,Tadlong
115743,6101,Vito
115744,604524000,Bagonbon
115745,604524000,Barangay I
115746,604524000,Barangay II
115747,604524000,Barangay III
115748,604524000,Barangay IV
115749,604524000,Barangay V
115750,604524000,Barangay VI
115751,604524000,Buluangan
115752,604524000,Codcod
115753,604524000,Ermita
115754,604524000,Guadalupe
115755,604524000,Nataban
115756,604524000,Palampas
115757,604524000,Prosperidad
115758,604524000,Punao
115759,604524000,Quezon
115760,604524000,Rizal
115761,604524000,San Juan
115762,5723,Barangay VI Poblacion
115763,5296,Bubog
115764,5296,Cabatangan
115765,5296,Concepcion
115766,5296,Dos Hermanas
115767,5296,Efigenio Lizares
115768,5296,Katilingban
115769,5296,Matab-ang
115770,5296,San Fernando
115771,5296,Zone 1
115772,5296,Zone 10
115773,5296,Zone 11
115774,5296,Zone 12
115775,5296,Zone 12-A
115776,5296,Zone 14
115777,5296,Zone 14-A
115778,5296,Zone 14-B
115779,5296,Zone 15
115780,5296,Zone 16
115781,5296,Zone 2
115782,5296,Zone 3
115783,5296,Zone 4
115784,5296,Zone 4-A
115785,5296,Zone 5
115786,5296,Zone 6
115787,5296,Zone 7
115788,5296,Zone 8
115789,5296,Zone 9
115790,704611000,Bakid
115791,704611000,Balogo
115792,704611000,Banwaque
115793,704611000,Basak
115794,704611000,Binobohan
115795,704611000,Buenavista
115796,704611000,Bulado
115797,704611000,Calamba
115798,704611000,Calupa-an
115799,704611000,Hibaiyo
115800,704611000,Hilaitan
115801,704611000,Hinakpan
115802,704611000,Humayhumay
115803,704611000,Imelda
115804,704611000,Kagawasan
115805,704611000,Linantuyan
115806,704611000,Luz
115807,704611000,Mabunga
115808,704611000,Magsaysay
115809,704611000,Malusay
115810,704611000,Maniak
115811,704611000,Mckinley
115812,704611000,Nagsaha
115813,704611000,Padre Zamora
115814,704611000,Plagatasanon
115815,704611000,Planas
115816,704611000,Poblacion
115817,704611000,Sandayao
115818,704611000,Tacpao
115819,704611000,Tinayunan Beach
115820,704611000,Tinayunan Hill
115821,704611000,Trinidad
115822,704611000,Villegas
115823,6013,Aniniaw
115824,6013,Aya
115825,6013,Bagtic
115826,6013,Biga-a
115827,6013,Busilak
115828,6013,Cangabo
115829,6013,Cantupa
115830,6013,Elecia
115831,6013,Eli
115832,6013,Guihob
115833,6013,Kansumandig
115834,6013,Mambulod
115835,6013,Mandapaton
115836,6013,Manghulyawon
115837,6013,Manluminsag
115838,6013,Mapalasan
115839,6013,Maragondong
115840,6013,Martilo
115841,6013,Nasungan
115842,6013,Pacuan
115843,6013,Pangca
115844,6013,Pisong
115845,6013,Pitogo
115846,6013,Poblacion North
115847,6013,Poblacion South
115848,6013,San Jose
115849,6013,Solongon
115850,6013,Tala-on
115851,6013,Talayong
115852,5845,Abante
115853,5845,Balayong
115854,5845,Banawe
115855,5845,Calicanan
115856,5845,Datagon
115857,5845,Fatima
115858,5845,Inawasan
115859,5845,Magsusunog
115860,5845,Malalangsi
115861,5845,Mamburao
115862,5845,Mangoto
115863,5845,Poblacion
115864,5845,San Isidro
115865,5845,Santa Agueda
115866,5845,Simborio
115867,5845,Yupisan
115868,5846,Basak
115869,5846,Basiao
115870,5846,Cambaloctot
115871,5846,Cancawas
115872,5846,Janayjanay
115873,5846,Jilocon
115874,5846,Naiba
115875,5846,Poblacion
115876,5846,San Roque
115877,5846,Santo Niño
115878,5846,Señora Ascion
115879,5846,Siapo
115880,5846,Tampi
115881,5846,Tapon Norte
115882,5847,Alangilan
115883,5847,Amio
115884,5847,Buenavista
115885,5847,Caigangan
115886,5847,Caranoche
115887,5847,Cawitan
115888,5847,Fatima
115889,5847,Kabulacan
115890,5847,Mabuhay
115891,5847,Manalongon
115892,5847,Mansagomayon
115893,5847,Milagrosa
115894,5847,Nagbalaye
115895,5847,Nagbinlod
115896,5847,Obat
115897,5847,Poblacion
115898,5847,San Francisco
115899,5847,San Jose
115900,5847,San Miguel
115901,5847,San Pedro
115902,5847,Santo Rosario
115903,5847,Talalak
115904,6096,Apolong
115905,6096,Balabag East
115906,6096,Balabag West
115907,6096,Balayagmanok
115908,6096,Balili
115909,6096,Balugo
115910,6096,Bong-ao
115911,6096,Bongbong
115912,6096,Caidiocan
115913,6096,Calayugan
115914,6096,Cambucad
115915,6096,Dobdob
115916,6096,Jawa
115917,6096,Liptong
115918,6096,Lunga
115919,6096,Malabo
115920,6096,Malaunay
115921,6096,Mampas
115922,6096,North Poblacion
115923,6096,Palinpinon
115924,6096,Puhagan
115925,6096,Pulangbato
115926,6096,Sagbang
115927,6096,South Poblacion
115928,6097,Acacia
115929,6097,Aguinaldo
115930,6097,Airport Village
115931,6097,Bangkerohan
115932,6097,Baybay
115933,6097,Bocsol
115934,6097,Cabayhan
115935,6097,Cag-abaca
115936,6097,Cal-igang
115937,6097,Calachuchi
115938,6097,Cawayan
115939,6097,Cervantes
115940,6097,Cularima
115941,6097,Daganas
115942,6097,Dalakit
115943,6097,Doña Pulqueria
115944,6097,Galutan
115945,6097,Gebalagnan
115946,6097,Gebulwangan
115947,6097,General Malvar
115948,6097,Guba
115949,6097,Hinatad
115950,6097,Imelda
115951,6097,Ipil-ipil
115952,6097,Jose Abad Santos
115953,6097,Jose P. Rizal
115954,6097,Kasoy
115955,6097,Lapu-lapu
115956,6097,Liberty
115957,6097,Libjo
115958,6097,Mabini
115959,6097,Mabolo
115960,6097,Macagtas
115961,6097,Mckinley
115962,6097,Molave
115963,6097,Narra
115964,6097,New Rizal
115965,6097,Old Rizal
115966,6097,Paticua
115967,6097,Polangi
115968,6097,Quezon
115969,6097,Salvacion
115970,6097,Sampaguita
115971,6097,San Julian
115972,6097,San Pascual
115973,6097,Santol
115974,6097,Somoge
115975,6097,Talisay
115976,6097,Tinowaran
115977,6097,Trangue
115978,6097,UEP I
115979,6097,UEP II
115980,6097,UEP III
115981,6097,Washington
115982,6097,Yakal
115983,5942,Calintaan Poblacion
115984,6284,Aguada
115985,6284,Bantolinao
115986,6284,Buenavista
115987,6284,Commonwealth
115988,6284,Guindaulan
115989,6284,Jamoog
115990,6284,Kailingan
115991,6284,Ligaya
115992,6284,Poblacion
115993,6284,Salhag
115994,6284,San Lorenzo
115995,5952,Burabod
115996,5952,Dalupirit
115997,5952,Manraya
115998,5952,Pilar
115999,5952,Rizal
116000,5952,San Nicolas
116001,5952,Vinisitahan
116002,5952,Ward I
116003,5952,Ward II
116004,5952,Ward III
116005,5846,Aguadahan
116006,5846,Bagong Sabang
116007,5846,Balite
116008,5846,Barangay East
116009,5846,Barangay North
116010,5846,Barangay South
116011,5846,Barangay West
116012,5846,Bonglas
116013,5846,Da-o
116014,5846,Gengarog
116015,5846,Geratag
116016,5846,Layuhan
116017,5846,Mandugang
116018,5846,P. Tingzon
116019,5846,San Lorenzo
116020,5846,Tubigdanao
116021,5508,Destacado Poblacion
116022,5508,Maragat
116023,5508,Mongol Bongol Poblacion
116024,5508,Punta Poblacion
116025,5508,Sangputan
116026,5508,Sila
116027,5508,Tarnate
116028,5353,Acedillo
116029,5353,Buenasuerte
116030,5353,Buenos Aires
116031,5353,Colab-og
116032,5353,Erenas
116033,5353,Libertad
116034,5353,Luisita
116035,5353,Lungib
116036,5353,Maxvilla
116037,5353,Pasabuena
116038,5353,San Lazaro
116039,5353,San Miguel
116040,5353,San Roman
116041,5353,Zone I
116042,5353,Zone II
116043,5353,Zone III
116044,5183,San Juan Poblacion
116045,5185,D. L. Maglanoc Poblacion
116046,5185,F. C. Otic Poblacion
116047,5185,G. S. Rosario Poblacion
116048,5185,R. A. Padilla
116049,5185,T. L. Padilla Poblacion
116050,5191,Tampac II & III
116051,5192,Imelda Poblacion
116052,6092,Barangay I
116053,6092,Barangay II
116054,6092,Bertese
116055,6092,Doña Lucia
116056,6092,Dulong Bayan
116057,6092,Ilog Baliwag
116058,6092,Pulong Bahay
116059,6092,San Alejandro
116060,6092,San Andres I
116061,6092,San Andres II
116062,6092,San Manuel
116063,6092,San Miguel
116064,6092,Santa Clara
116065,6092,Santa Rita
116066,6092,Santo Cristo
116067,6092,Santo Tomas Feria
116068,5952,Buliran
116069,5952,Cama Juan
116070,5952,Julo
116071,5952,Lawang Kupang
116072,5952,Luyos
116073,5952,Maugat
116074,5952,Panabingan
116075,5952,Papaya
116076,5952,Poblacion
116077,5952,San Francisco
116078,5952,San Jose
116079,5952,San Mariano
116080,5952,Santa Barbara
116081,5952,Santa Cruz
116082,5952,Santo Cristo
116083,5952,Tikiw
116084,5846,A. Pascual
116085,5846,Abar 2nd
116086,5846,Abar Ist
116087,5846,Bagong Sikat
116088,5846,Caanawan
116089,5846,Calaocan
116090,5846,Camanacsacan
116091,5846,Canuto Ramos Poblacion
116092,5846,Crisanto Sanchez Poblacion
116093,5846,Culaylay
116094,5846,Dizol
116095,5846,Ferdinand E. Marcos Poblacion
116096,5846,Kaliwanagan
116097,5846,Kita-Kita
116098,5846,Malasin
116099,5846,Manicla
116100,5846,Palestina
116101,5846,Parang Mangga
116102,5846,Pinili
116103,5846,Porais
116104,5846,"Rafael Rueda, Sr. Poblacion"
116105,5846,Raymundo Eugenio Poblacion
116106,5846,San Agustin
116107,5846,San Juan
116108,5846,San Mauricio
116109,5846,Santo Niño 1st
116110,5846,Santo Niño 2nd
116111,5846,Santo Niño 3rd
116112,5846,Santo Tomas
116113,5846,Sibut
116114,5846,Sinipit Bubon
116115,5846,Tabulac
116116,5846,Tayabo
116117,5846,Tondod
116118,5846,Tulat
116119,5846,Villa Floresca
116120,5846,Villa Joson
116121,5846,Villa Marina
116122,1907003012,Abuyo
116123,1907003012,Cauayan
116124,1907003012,Galintuja
116125,1907003012,Lipuga
116126,1907003012,Lublub
116127,1907003012,Pelaway
116128,5121,District III Poblacion
116129,5121,Don Domingo Maddela Poblacion
116130,5121,Don Tomas Maddela Poblacion
116131,6092,Aurora
116132,6092,Baresbes
116133,6092,Bonifacio
116134,6092,Buliwao
116135,6092,Calaocan
116136,6092,Caliat
116137,6092,Dagupan
116138,6092,Darubba
116139,6092,Maasin
116140,6092,Maddiangat
116141,6092,Nalubbunan
116142,6092,Runruno
116143,5415,Santa Maria
116144,5456,Alibog
116145,5456,Caguray
116146,5456,Calawag
116147,5456,Gapasan
116148,5456,Laste
116149,5456,Lourdes
116150,5456,Nicolas
116151,5456,Paclolo
116152,5456,Poblacion
116153,5456,Purnaga
116154,5456,Santa Teresa
116155,5456,Sibalat
116156,5421,Bagong Silang Poblacion
116157,5421,Handang Tumulong Poblacion
116158,5421,Mapalad Poblacion
116159,5421,Pag-asa ng Bayan Poblacion
116160,5421,San Jose Poblacion
116161,5421,Silahis ng Pag-asa Poblacion
116162,5846,Ambulong
116163,5846,Ansiray
116164,5846,Bagong Sikat
116165,5846,Bangkal
116166,5846,Barangay 1
116167,5846,Barangay 2
116168,5846,Barangay 3
116169,5846,Barangay 4
116170,5846,Barangay 5
116171,5846,Barangay 6
116172,5846,Barangay 7
116173,5846,Barangay 8
116174,5846,Batasan
116175,5846,Bayotbot
116176,5846,Bubog
116177,5846,Buri
116178,5846,Camburay
116179,5846,Caminawit
116180,5846,Catayungan
116181,5846,Central
116182,5846,Iling Proper
116183,5846,Inasakan
116184,5846,Ipil
116185,5846,La Curva
116186,5846,Labangan Iling
116187,5846,Labangan Poblacion
116188,5846,Mabini
116189,5846,Magbay
116190,5846,Mangarin
116191,5846,Mapaya
116192,5846,Monte Claro
116193,5846,Murtha
116194,5846,Naibuan
116195,5846,Natandol
116196,5846,Pag-asa
116197,5846,Pawican
116198,5846,San Agustin
116199,5846,San Isidro
116200,5846,San Roque
116201,5349,Alacaak
116202,5349,Barahan
116203,5349,Casague
116204,5349,Dayap
116205,5349,Kurtinganan
116206,5349,Lumangbayan
116207,5349,Mulawin
116208,5349,Pinagturilan
116209,5349,Poblacion I
116210,5349,Poblacion II
116211,5349,San Vicente
116212,5353,Alcate
116213,5353,Antonino
116214,5353,Babangonan
116215,5353,Bagong Buhay
116216,5353,Bagong Silang
116217,5353,Bambanin
116218,5353,Bethel
116219,5353,Canaan
116220,5353,Concepcion
116221,5353,Duongan
116222,5353,Jose Leido Jr.
116223,5353,Loyal
116224,5353,Mabini
116225,5353,Macatoc
116226,5353,Malabo
116227,5353,Merit
116228,5353,Ordovilla
116229,5353,Pakyas
116230,5353,Poblacion I
116231,5353,Poblacion II
116232,5353,Poblacion III
116233,5353,Poblacion IV
116234,5353,Sampaguita
116235,5353,San Antonio
116236,5353,San Cristobal
116237,5353,San Gabriel
116238,5353,San Gelacio
116239,5353,San Isidro
116240,5353,San Juan
116241,5353,San Narciso
116242,5353,Urdaneta
116243,5353,Villa Cerveza
116244,5453,Buena Suerte Poblacion
116245,5453,Corong-corong Poblacion
116246,5453,Maligaya Poblacion
116247,5453,Masagana Poblacion
116248,5456,Alcoba
116249,5456,Balaguen
116250,5456,Canipo
116251,5456,Cocoro
116252,5456,Danawan
116253,5456,Emilod
116254,5456,Igabas
116255,5456,Lacaren
116256,5456,Los Angeles
116257,5456,Lucbuan
116258,5456,Rizal
116259,6092,Alfonso XIII
116260,6092,Aramaywan
116261,6092,Berong
116262,6092,Calatagbak
116263,6092,Calumpang
116264,6092,Isugod
116265,6092,Maasin
116266,6092,Malatgao
116267,6092,Panitian
116268,6092,Pinaglabanan
116269,6092,Quinlogan
116270,6092,Sowangan
116271,6092,Tabon
116272,6092,Tagusao
116273,5070,Bunog
116274,5070,Campong Ulay
116275,5070,Candawaga
116276,5070,Canipaan
116277,5070,Culasian
116278,5070,Iraan
116279,5070,Latud
116280,5070,Panalingaan
116281,5070,Punta Baja
116282,5070,Ransang
116283,5070,Taburi
116284,5105,Barangay V Poblacion
116285,5105,Barangay VI Poblacion
116286,5508,Alimanguan
116287,5508,Binga
116288,5508,Caruray
116289,5508,Kemdeng
116290,5508,New Agutaya
116291,5508,New Canipo
116292,5508,Poblacion
116293,5508,Port Barton
116294,5508,San Isidro
116295,5508,Santo Niño
116296,5577,Alasas
116297,5577,Baliti
116298,5577,Bulaon
116299,5577,Calulut
116300,5577,Del Carmen
116301,5577,Del Pilar
116302,5577,Del Rosario
116303,5577,Dela Paz Norte
116304,5577,Dela Paz Sur
116305,5577,Dolores
116306,5577,Juliana
116307,5577,Lara
116308,5577,Lourdes
116309,5577,Magliman
116310,5577,Maimpis
116311,5577,Malino
116312,5577,Malpitic
116313,5577,Pandaras
116314,5577,Panipuan
116315,5577,Pulung Bulu
116316,5577,Quebiauan
116317,5577,Saguin
116318,5577,San Agustin
116319,5577,San Felipe
116320,5577,San Isidro
116321,5577,San Jose
116322,5577,San Juan
116323,5577,San Nicolas
116324,5577,San Pedro
116325,5577,Santa Lucia
116326,5577,Santa Teresita
116327,5577,Santo Niño
116328,5577,Santo Rosario
116329,5577,Sindalan
116330,5577,Telabastagan
116331,5290,San Agustin
116332,5290,San Carlos
116333,5290,San Isidro
116334,5290,San Jose
116335,5290,San Juan
116336,5290,San Nicolas
116337,5290,San Roque
116338,5290,San Sebastian
116339,5290,Santa Catalina
116340,5290,Santa Cruz Pambilog
116341,5290,Santa Cruz Poblacion
116342,5290,Santa Lucia
116343,5290,Santa Monica
116344,5290,Santa Rita
116345,5290,Santo Niño
116346,5290,Santo Rosario
116347,5290,Santo Tomas
116348,5231,San Agustin
116349,5231,San Bartolome
116350,5231,San Isidro
116351,5231,San Joaquin
116352,5231,San Jose
116353,5231,San Juan
116354,5231,San Nicolas
116355,5231,San Pablo
116356,5231,San Pedro
116357,5231,San Roque
116358,5231,Santa Lucia
116359,5231,Santa Maria
116360,5231,Santiago
116361,5231,Santo Rosario
116362,5233,Moras de La Paz
116363,5233,Poblacion
116364,5233,San Bartolome
116365,5233,San Matias
116366,5233,San Vicente
116367,5233,Santo Rosario
116368,5233,Sapa
116369,305422000,Batang 1st
116370,305422000,Batang 2nd
116371,305422000,Mabuanbuan
116372,305422000,Malusac
116373,305422000,Sabitanan
116374,305422000,San Antonio
116375,305422000,San Nicolas 1st
116376,305422000,San Nicolas 2nd
116377,305422000,San Pedro
116378,305422000,Santa Lucia
116379,305422000,Santa Monica
116380,305422000,Santo Tomas
116381,4996,Allabon
116382,4996,Aloleng
116383,4996,Bangan-Oda
116384,4996,Baruan
116385,4996,Boboy
116386,4996,Cayungnan
116387,4996,Dangley
116388,4996,Gayusan
116389,4996,Macaboboni
116390,4996,Magsaysay
116391,4996,Namatucan
116392,4996,Patar
116393,4996,Poblacion East
116394,4996,Poblacion West
116395,4996,San Juan
116396,4996,Tupa
116397,4996,Viga
116398,4997,Bayaoas
116399,4997,Baybay
116400,4997,Bocacliw
116401,4997,Bocboc East
116402,4997,Bocboc West
116403,4997,Buer
116404,4997,Calsib
116405,4997,Laoag
116406,4997,Manlocboc
116407,4997,Ninoy
116408,4997,Panacol
116409,4997,Poblacion
116410,4997,Pogomboa
116411,4997,Pogonsili
116412,4997,San Jose
116413,4997,Tampac
116414,5324,Alos
116415,5324,Amandiego
116416,5324,Amangbangan
116417,5324,Balangobong
116418,5324,Balayang
116419,5324,Baleyadaan
116420,5324,Bisocol
116421,5324,Bolaney
116422,5324,Bued
116423,5324,Cabatuan
116424,5324,Cayucay
116425,5324,Dulacac
116426,5324,Inerangan
116427,5324,Landoc
116428,5324,Linmansangan
116429,5324,Lucap
116430,5324,Maawi
116431,5324,Macatiw
116432,5324,Magsaysay
116433,5324,Mona
116434,5324,Palamis
116435,5324,Pandan
116436,5324,Pangapisan
116437,5324,Poblacion
116438,5324,Pocalpocal
116439,5324,Pogo
116440,5324,Polo
116441,5324,Quibuar
116442,5324,Sabangan
116443,5324,San Antonio
116444,5324,San Jose
116445,5324,San Vicente
116446,5324,Santa Maria
116447,5324,Tanaytay
116448,5324,Tangcarang
116449,5324,Tawintawin
116450,5324,Telbang
116451,5324,Victoria
116452,5051,Anulid
116453,5051,Atainan
116454,5051,Bersamin
116455,5051,Canarvacanan
116456,5051,Caranglaan
116457,5051,Curareng
116458,5051,Gualsic
116459,5051,Kasikis
116460,5051,Laoac
116461,5051,Macayo
116462,5051,Pindangan Centro
116463,5051,Pindangan East
116464,5051,Pindangan West
116465,5051,Poblacion East
116466,5051,Poblacion West
116467,5051,San Juan
116468,5051,San Nicolas
116469,5051,San Pedro Apartado
116470,5051,San Pedro IlI
116471,5051,San Vicente
116472,5051,Vacante
116473,5731,Awag
116474,5731,Awile
116475,5731,Batiarao
116476,5731,Cabungan
116477,5731,Carot
116478,5731,Dolaoan
116479,5731,Imbo
116480,5731,Macaleeng
116481,5731,Macandocandong
116482,5731,Mal-ong
116483,5731,Namagbagan
116484,5731,Poblacion
116485,5731,Roxas
116486,5731,Sablig
116487,5731,San Jose
116488,5731,Siapar
116489,5731,Tondol
116490,5731,Toritori
116491,5001,Ariston Este
116492,5001,Ariston Weste
116493,5001,Bantog
116494,5001,Baro
116495,5001,Bobonan
116496,5001,Cabalitian
116497,5001,Calepaan
116498,5001,Carosucan Norte
116499,5001,Carosucan Sur
116500,5001,Coldit
116501,5001,Domanpot
116502,5001,Dupac
116503,5001,Macalong
116504,5001,Palaris
116505,5001,Poblacion East
116506,5001,Poblacion West
116507,5001,San Vicente Este
116508,5001,San Vicente Weste
116509,5001,Sanchez
116510,5001,Sobol
116511,5001,Toboy
116512,5002,Angayan Norte
116513,5002,Angayan Sur
116514,5002,Capulaan
116515,5002,Esmeralda
116516,5002,Kita-kita
116517,5002,Mabini
116518,5002,Mauban
116519,5002,Poblacion
116520,5002,Pugaro
116521,5002,Rajal
116522,5002,San Andres
116523,5002,San Aurelio 1st
116524,5002,San Aurelio 2nd
116525,5002,San Aurelio 3rd
116526,5002,San Joaquin
116527,5002,San Julian
116528,5002,San Leon
116529,5002,San Marcelino
116530,5002,San Miguel
116531,5002,San Raymundo
116532,5003,Ambabaay
116533,5003,Aporao
116534,5003,Arwas
116535,5003,Ballag
116536,5003,Banog Norte
116537,5003,Banog Sur
116538,5003,Calabeng
116539,5003,Centro Toma
116540,5003,Colayo
116541,5003,Dacap Norte
116542,5003,Dacap Sur
116543,5003,Garrita
116544,5003,Luac
116545,5003,Macabit
116546,5003,Masidem
116547,5003,Poblacion
116548,5003,Quinaoayanan
116549,5003,Ranao
116550,5003,Ranom Iloco
116551,5003,San Jose
116552,5003,San Miguel
116553,5003,San Simon
116554,5003,San Vicente
116555,5003,Tiep
116556,5003,Tipor
116557,5003,Tugui Grande
116558,5003,Tugui Norte
116559,5004,Anambongan
116560,5004,Bayoyong
116561,5004,Cabeldatan
116562,5004,Dumpay
116563,5004,Malimpec East
116564,5004,Mapolopolo
116565,5004,Nalneran
116566,5004,Navatat
116567,5004,Obong
116568,5004,Osmeña Sr.
116569,5004,Palma
116570,5004,Patacbo
116571,5004,Poblacion
116572,5005,Artacho
116573,5005,Baluyot
116574,5005,Cabuaan
116575,5005,Cacandongan
116576,5005,Diaz
116577,5005,Ketegan
116578,5005,Nandacan
116579,5005,Nibaliw Norte
116580,5005,Nibaliw Sur
116581,5005,Palisoc
116582,5005,Poblacion East
116583,5005,Poblacion West
116584,5005,Pogo
116585,5005,Poponto
116586,5005,Primicias
116587,5005,Sinabaan
116588,5005,Vacante
116589,5005,Villanueva
116590,5006,Alinggan
116591,5006,Amamperez
116592,5006,Amancosiling Norte
116593,5006,Amancosiling Sur
116594,5006,Ambayat I
116595,5006,Ambayat II
116596,5006,Apalen
116597,5006,Asin
116598,5006,Ataynan
116599,5006,Bacnono
116600,5006,Balaybuaya
116601,5006,Banaban
116602,5006,Bani
116603,5006,Batangcawa
116604,5006,Beleng
116605,5006,Bical Norte
116606,5006,Bical Sur
116607,5006,Bongato East
116608,5006,Bongato West
116609,5006,Buayaen
116610,5006,Buenlag 1st
116611,5006,Buenlag 2nd
116612,5006,Cadre Site
116613,5006,Carungay
116614,5006,Caturay
116615,5006,Darawey
116616,5006,Duera
116617,5006,Dusoc
116618,5006,Hermoza
116619,5006,Idong
116620,5006,Inanlorenzana
116621,5006,Inirangan
116622,5006,Iton
116623,5006,Langiran
116624,5006,Ligue
116625,5006,M. H. del Pilar
116626,5006,Macayocayo
116627,5006,Magsaysay
116628,5006,Maigpa
116629,5006,Malimpec
116630,5006,Malioer
116631,5006,Managos
116632,5006,Manambong Norte
116633,5006,Manambong Parte
116634,5006,Manambong Sur
116635,5006,Mangayao
116636,5006,Nalsian Norte
116637,5006,Nalsian Sur
116638,5006,Pangdel
116639,5006,Pantol
116640,5006,Paragos
116641,5006,Poblacion Sur
116642,5006,Pugo
116643,5006,Reynado
116644,5006,San Gabriel 1st
116645,5006,San Gabriel 2nd
116646,5006,San Vicente
116647,5006,Sangcagulis
116648,5006,Sanlibo
116649,5006,Sapang
116650,5006,Tamaro
116651,5006,Tambac
116652,5006,Tampog
116653,5006,Tanolong
116654,5006,Tatarao
116655,5006,Telbang
116656,5006,Tococ East
116657,5006,Tococ West
116658,5006,Warding
116659,5006,Wawa
116660,5006,Zone I
116661,5006,Zone II
116662,5006,Zone III
116663,5006,Zone IV
116664,5006,Zone V
116665,5006,Zone VI
116666,5006,Zone VII
116667,5007,Balangobong
116668,5007,Bued
116669,5007,Bugayong
116670,5007,Camangaan
116671,5007,Canarvacanan
116672,5007,Capas
116673,5007,Cili
116674,5007,Dumayat
116675,5007,Linmansangan
116676,5007,Mangcasuy
116677,5007,Moreno
116678,5007,Pasileng Norte
116679,5007,Pasileng Sur
116680,5007,Poblacion
116681,5007,San Felipe Central
116682,5007,San Felipe Sur
116683,5007,San Pablo
116684,5007,Santa Catalina
116685,5007,Santa Maria Norte
116686,5007,Santiago
116687,5007,Santo Niño
116688,5007,Sumabnit
116689,5007,Tabuyoc
116690,5007,Vacante
116691,5008,Amancoro
116692,5008,Balagan
116693,5008,Balogo
116694,5008,Basing
116695,5008,Baybay Lopez
116696,5008,Baybay Polong
116697,5008,Biec
116698,5008,Buenlag
116699,5008,Calit
116700,5008,Caloocan Dupo
116701,5008,Caloocan Norte
116702,5008,Caloocan Sur
116703,5008,Camaley
116704,5008,Canaoalan
116705,5008,Dulag
116706,5008,Gayaman
116707,5008,Linoc
116708,5008,Lomboy
116709,5008,Malindong
116710,5008,Manat
116711,5008,Nagpalangan
116712,5008,Naguilayan
116713,5008,Pallas
116714,5008,Papagueyan
116715,5008,Parayao
116716,5008,Poblacion
116717,5008,Pototan
116718,5008,Sabangan
116719,5008,Salapingao
116720,5008,San Isidro Norte
116721,5008,San Isidro Sur
116722,5008,Santa Rosa
116723,5008,Tombor
116724,5009,Arnedo
116725,5009,Balingasay
116726,5009,Binabalian
116727,5009,Cabuyao
116728,5009,Catuday
116729,5009,Catungi
116730,5009,Concordia
116731,5009,Culang
116732,5009,Dewey
116733,5009,Estanza
116734,5009,Germinal
116735,5009,Goyoden
116736,5009,Ilogmalino
116737,5009,Lambes
116738,5009,Liwa-liwa
116739,5009,Lucero
116740,5009,Luciente 1.0
116741,5009,Luciente 2.0
116742,5009,Luna
116743,5009,Patar
116744,5009,Pilar
116745,5009,Salud
116746,5009,Samang Norte
116747,5009,Samang Sur
116748,5009,Sampaloc
116749,5009,San Roque
116750,5009,Tara
116751,5009,Tupa
116752,5009,Victory
116753,5009,Zaragoza
116754,5010,Angarian
116755,5010,Asinan
116756,5010,Bacabac
116757,5010,Banaga
116758,5010,Bolaoen
116759,5010,Buenlag
116760,5010,Cabayaoasan
116761,5010,Cayanga
116762,5010,Gueset
116763,5010,Hacienda
116764,5010,Laguit Centro
116765,5010,Laguit Padilla
116766,5010,Magtaking
116767,5010,Pangascasan
116768,5010,Pantal
116769,5010,Poblacion
116770,5010,Polong
116771,5010,Portic
116772,5010,Salasa
116773,5010,Salomague Norte
116774,5010,Salomague Sur
116775,5010,Samat
116776,5010,San Francisco
116777,5010,Umanday
116778,6301,Anapao
116779,6301,Cacayasen
116780,6301,Concordia
116781,6301,Don Matias
116782,6301,Ilio-ilio
116783,6301,Papallasen
116784,6301,Poblacion
116785,6301,Pogoruac
116786,6301,San Miguel
116787,6301,San Pascual
116788,6301,San Vicente
116789,6301,Sapa Grande
116790,6301,Sapa Pequeña
116791,6301,Tambacan
116792,5012,Ambonao
116793,5012,Ambuetel
116794,5012,Banaoang
116795,5012,Bued
116796,5012,Buenlag
116797,5012,Cabilocaan
116798,5012,Dinalaoan
116799,5012,Doyong
116800,5012,Gabon
116801,5012,Lasip
116802,5012,Longos
116803,5012,Lumbang
116804,5012,Macabito
116805,5012,Malabago
116806,5012,Mancup
116807,5012,Nagsaing
116808,5012,Nalsian
116809,5012,Poblacion East
116810,5012,Poblacion West
116811,5012,Quesban
116812,5012,San Miguel
116813,5012,San Vicente
116814,5012,Songkoy
116815,5012,Talibaew
116816,5013,Bacayao Norte
116817,5013,Bacayao Sur
116818,5013,Barangay I
116819,5013,Barangay II
116820,5013,Barangay IV
116821,5013,Bolosan
116822,5013,Bonuan Binloc
116823,5013,Bonuan Boquig
116824,5013,Bonuan Gueset
116825,5013,Calmay
116826,5013,Carael
116827,5013,Caranglaan
116828,5013,Herrero
116829,5013,Lasip Chico
116830,5013,Lasip Grande
116831,5013,Lomboy
116832,5013,Lucao
116833,5013,Malued
116834,5013,Mamalingling
116835,5013,Mangin
116836,5013,Mayombo
116837,5013,Pantal
116838,5013,Poblacion Oeste
116839,5013,Pogo Chico
116840,5013,Pogo Grande
116841,5013,Pugaro Suit
116842,5013,Salapingao
116843,5013,Salisay
116844,5013,Tambac
116845,5013,Tapuac
116846,5013,Tebeng
116847,5014,Alilao
116848,5014,Amalbalan
116849,5014,Bobonot
116850,5014,Eguia
116851,5014,Gais-Guipe
116852,5014,Hermosa
116853,5014,Macalang
116854,5014,Magsaysay
116855,5014,Malacapas
116856,5014,Malimpin
116857,5014,Osmeña
116858,5014,Petal
116859,5014,Poblacion
116860,5014,San Vicente
116861,5014,Tambac
116862,5014,Tambobong
116863,5014,Uli
116864,5014,Viga
116865,5367,Babuyan
116866,5367,Bamban
116867,5367,Batang
116868,5367,Bayambang
116869,5367,Cato
116870,5367,Doliman
116871,5367,Fatima
116872,5367,Maya
116873,5367,Nangalisan
116874,5367,Nayom
116875,5367,Pita
116876,5367,Poblacion
116877,5367,Potol
116878,5016,Bolo
116879,5016,Bongalon
116880,5016,Dulig
116881,5016,Laois
116882,5016,Magsaysay
116883,5016,Poblacion
116884,5016,San Gonzalo
116885,5016,San Jose
116886,5016,Tobuan
116887,5016,Uyong
116888,5017,Anis
116889,5017,Balligi
116890,5017,Banuar
116891,5017,Botique
116892,5017,Caaringayan
116893,5017,Cabilaoan West
116894,5017,Cabulalaan
116895,5017,Calaoagan
116896,5017,Calmay
116897,5017,Casampagaan
116898,5017,Casanestebanan
116899,5017,Casantiagoan
116900,5017,Domingo Alarcio
116901,5017,Inmanduyan
116902,5017,Lebueg
116903,5017,Maraboc
116904,5017,Nanbagatan
116905,5017,Panaga
116906,5017,Poblacion
116907,5017,Talogtog
116908,5017,Turko
116909,5017,Yatyat
116910,5018,Aliwekwek
116911,5018,Baay
116912,5018,Balangobong
116913,5018,Balococ
116914,5018,Bantayan
116915,5018,Basing
116916,5018,Capandanan
116917,5018,Domalandan Center
116918,5018,Domalandan East
116919,5018,Domalandan West
116920,5018,Dorongan
116921,5018,Dulag
116922,5018,Estanza
116923,5018,Lasip
116924,5018,Libsong East
116925,5018,Libsong West
116926,5018,Malawa
116927,5018,Malimpuec
116928,5018,Maniboc
116929,5018,Matalava
116930,5018,Naguelguel
116931,5018,Namolan
116932,5018,Pangapisan North
116933,5018,Pangapisan Sur
116934,5018,Poblacion
116935,5018,Quibaol
116936,5018,Rosario
116937,5018,Sabangan
116938,5018,Talogtog
116939,5018,Tonton
116940,5018,Tumbar
116941,5018,Wawa
116942,6170,Bacnit
116943,6170,Barlo
116944,6170,Caabiangaan
116945,6170,Cabanaetan
116946,6170,Cabinuangan
116947,6170,Calzada
116948,6170,Caranglaan
116949,6170,De Guzman
116950,6170,Luna
116951,6170,Magalong
116952,6170,Nibaliw
116953,6170,Patar
116954,6170,Poblacion
116955,6170,San Pedro
116956,6170,Tagudin
116957,6170,Villacorta
116958,5020,Abonagan
116959,5020,Agdao
116960,5020,Alacan
116961,5020,Aliaga
116962,5020,Amacalan
116963,5020,Anolid
116964,5020,Apaya
116965,5020,Asin Este
116966,5020,Asin Weste
116967,5020,Bacundao Este
116968,5020,Bacundao Weste
116969,5020,Bakitiw
116970,5020,Balite
116971,5020,Banawang
116972,5020,Barang
116973,5020,Bawer
116974,5020,Binalay
116975,5020,Bobon
116976,5020,Bolaoit
116977,5020,Bongar
116978,5020,Butao
116979,5020,Cabatling
116980,5020,Cabueldatan
116981,5020,Calbueg
116982,5020,Canan Norte
116983,5020,Canan Sur
116984,5020,Cawayan Bogtong
116985,5020,Don Pedro
116986,5020,Gatang
116987,5020,Goliman
116988,5020,Gomez
116989,5020,Guilig
116990,5020,Ican
116991,5020,Ingalagala
116992,5020,Lareg-lareg
116993,5020,Lasip
116994,5020,Lepa
116995,5020,Loqueb Este
116996,5020,Loqueb Norte
116997,5020,Loqueb Sur
116998,5020,Lunec
116999,5020,Mabulitec
117000,5020,Malimpec
117001,5020,Manggan-Dampay
117002,5020,Nalsian Norte
117003,5020,Nalsian Sur
117004,5020,Nancapian
117005,5020,Nansangaan
117006,5020,Olea
117007,5020,Pacuan
117008,5020,Palapar Norte
117009,5020,Palapar Sur
117010,5020,Palong
117011,5020,Pamaranum
117012,5020,Pasima
117013,5020,Payar
117014,5020,Poblacion
117015,5020,Polong Norte
117016,5020,Polong Sur
117017,5020,Potiocan
117018,5020,San Julian
117019,5020,Tabo-Sili
117020,5020,Talospatang
117021,5020,Taloy
117022,5020,Taloyan
117023,5020,Tambac
117024,5020,Tobor
117025,5020,Tolonguat
117026,5020,Tomling
117027,5020,Umando
117028,5020,Viado
117029,5020,Waig
117030,5020,Warey
117031,5021,Babasit
117032,5021,Baguinay
117033,5021,Baritao
117034,5021,Bisal
117035,5021,Bucao
117036,5021,Cabanbanan
117037,5021,Calaocan
117038,5021,Inamotan
117039,5021,Lelemaan
117040,5021,Licsi
117041,5021,Lipit Norte
117042,5021,Lipit Sur
117043,5021,Matolong
117044,5021,Mermer
117045,5021,Nalsian
117046,5021,Oraan East
117047,5021,Oraan West
117048,5021,Pantal
117049,5021,Pao
117050,5021,Parian
117051,5021,Poblacion
117052,5021,Pugaro
117053,5021,San Ramon
117054,5021,Santa Ines
117055,5021,Sapang
117056,5021,Tebuel
117057,5022,Alitaya
117058,5022,Amansabina
117059,5022,Anolid
117060,5022,Banaoang
117061,5022,Bantayan
117062,5022,Bari
117063,5022,Bateng
117064,5022,Buenlag
117065,5022,David
117066,5022,Embarcadero
117067,5022,Gueguesangen
117068,5022,Guesang
117069,5022,Guiguilonen
117070,5022,Guilig
117071,5022,Inlambo
117072,5022,Lanas
117073,5022,Landas
117074,5022,Maasin
117075,5022,Macayug
117076,5022,Malabago
117077,5022,Navaluan
117078,5022,Nibaliw
117079,5022,Osiem
117080,5022,Palua
117081,5022,Poblacion
117082,5022,Pogo
117083,5022,Salaan
117084,5022,Salay
117085,5022,Talogtog
117086,5022,Tebag
117087,5023,Andangin
117088,5023,Arellano Street
117089,5023,Bantay
117090,5023,Bantocaling
117091,5023,Baracbac
117092,5023,Bogtong Bolo
117093,5023,Bogtong Bunao
117094,5023,Bogtong Centro
117095,5023,Bogtong Niog
117096,5023,Bogtong Silag
117097,5023,Buaya
117098,5023,Buenlag
117099,5023,Bueno
117100,5023,Bunagan
117101,5023,Bunlalacao
117102,5023,Burgos Street
117103,5023,Cabaluyan 1st
117104,5023,Cabaluyan 2nd
117105,5023,Cabarabuan
117106,5023,Cabaruan
117107,5023,Cabayaoasan
117108,5023,Cabayugan
117109,5023,Cacaoiten
117110,5023,Calumboyan Norte
117111,5023,Calumboyan Sur
117112,5023,Calvo
117113,5023,Casilagan
117114,5023,Catarataraan
117115,5023,Caturay Norte
117116,5023,Caturay Sur
117117,5023,Caviernesan
117118,5023,Dorongan Ketaket
117119,5023,Dorongan Linmansangan
117120,5023,Dorongan Punta
117121,5023,Dorongan Sawat
117122,5023,Dorongan Valerio
117123,5023,General Luna
117124,5023,Historia
117125,5023,Lawak Langka
117126,5023,Linmansangan
117127,5023,Lopez
117128,5023,Mabini
117129,5023,Macarang
117130,5023,Malabobo
117131,5023,Malibong
117132,5023,Malunec
117133,5023,Maravilla
117134,5023,Maravilla-Arellano Ext.
117135,5023,Muelang
117136,5023,Naguilayan East
117137,5023,Naguilayan West
117138,5023,Nancasalan
117139,5023,Niog-Cabison-Bulaney
117140,5023,Olegario-Caoile
117141,5023,Olo Cacamposan
117142,5023,Olo Cafabrosan
117143,5023,Olo Cagarlitan
117144,5023,Osmeña
117145,5023,Pacalat
117146,5023,Pampano
117147,5023,Parian
117148,5023,Paul
117149,5023,Peania Pedania
117150,5023,Pogon-Aniat
117151,5023,Pogon-Lomboy
117152,5023,Ponglo-Baleg
117153,5023,Ponglo-Muelag
117154,5023,Quetegan
117155,5023,Quezon
117156,5023,Salavante
117157,5023,Sapang
117158,5023,Sonson Ongkit
117159,5023,Suaco
117160,5023,Tagac
117161,5023,Takipan
117162,5023,Talogtog
117163,5023,Tococ Barikir
117164,5023,Torre 1st
117165,5023,Torre 2nd
117166,5023,Torres Bugallon
117167,5023,Umangan
117168,5023,Zamora
117169,5024,Amanoaoac
117170,5024,Apaya
117171,5024,Aserda
117172,5024,Baloling
117173,5024,Coral
117174,5024,Golden
117175,5024,Jimenez
117176,5024,Lambayan
117177,5024,Luyan
117178,5024,Nilombot
117179,5024,Pias
117180,5024,Poblacion
117181,5024,Primicias
117182,5024,Santa Maria
117183,5024,Torres
117184,5025,Barangobong
117185,5025,Batchelor East
117186,5025,Batchelor West
117187,5025,Burgos
117188,5025,Cacandungan
117189,5025,Calapugan
117190,5025,Canarem
117191,5025,Luna
117192,5025,Poblacion East
117193,5025,Poblacion West
117194,5025,Rizal
117195,5025,Salud
117196,5025,San Eugenio
117197,5025,San Macario Norte
117198,5025,San Macario Sur
117199,5025,San Maximo
117200,5025,San Miguel
117201,5025,Silag
117202,5026,Alipangpang
117203,5026,Amagbagan
117204,5026,Balacag
117205,5026,Banding
117206,5026,Bantugan
117207,5026,Batakil
117208,5026,Bobonan
117209,5026,Buneg
117210,5026,Cablong
117211,5026,Casanfernandoan
117212,5026,Castaño
117213,5026,Dilan
117214,5026,Don Benito
117215,5026,Haway
117216,5026,Imbalbalatong
117217,5026,Inoman
117218,5026,Laoac
117219,5026,Maambal
117220,5026,Malasin
117221,5026,Malokiat
117222,5026,Manaol
117223,5026,Nama
117224,5026,Nantangalan
117225,5026,Palacpalac
117226,5026,Palguyod
117227,5026,Poblacion I
117228,5026,Poblacion II
117229,5026,Poblacion III
117230,5026,Poblacion IV
117231,5026,Rosario
117232,5026,Sugcong
117233,5026,Talogtog
117234,5026,Tulnac
117235,5026,Villegas
117236,5027,Acop
117237,5027,Bakitbakit
117238,5027,Balingcanaway
117239,5027,Cabalaoangan Norte
117240,5027,Cabalaoangan Sur
117241,5027,Calanutan
117242,5027,Camangaan
117243,5027,Capitan Tomas
117244,5027,Carmay East
117245,5027,Carmay West
117246,5027,Carmen East
117247,5027,Carmen West
117248,5027,Casanicolasan
117249,5027,Coliling
117250,5027,Don Antonio Village
117251,5027,Guiling
117252,5027,Palakipak
117253,5027,Pangaoan
117254,5027,Rabago
117255,5027,Rizal
117256,5027,Salvacion
117257,5027,San Angel
117258,5027,San Antonio
117259,5027,San Bartolome
117260,5027,San Isidro
117261,5027,San Luis
117262,5027,San Pedro East
117263,5027,San Pedro West
117264,5027,San Vicente
117265,5027,Station District
117266,5027,Tomana East
117267,5027,Tomana West
117268,5027,Zone I
117269,5027,Zone II
117270,5027,Zone III
117271,5027,Zone IV
117272,5027,Zone V
117273,604524000,Abanon
117274,604524000,Agdao
117275,604524000,Anando
117276,604524000,Ano
117277,604524000,Antipangol
117278,604524000,Aponit
117279,604524000,Bacnar
117280,604524000,Balaya
117281,604524000,Balayong
117282,604524000,Baldog
117283,604524000,Balite Sur
117284,604524000,Balococ
117285,604524000,Bani
117286,604524000,Bega
117287,604524000,Bocboc
117288,604524000,Bogaoan
117289,604524000,Bolingit
117290,604524000,Bolosan
117291,604524000,Bonifacio
117292,604524000,Buenglat
117293,604524000,Bugallon-Posadas Street
117294,604524000,Burgos Padlan
117295,604524000,Cacaritan
117296,604524000,Caingal
117297,604524000,Calobaoan
117298,604524000,Calomboyan
117299,604524000,Caoayan-Kiling
117300,604524000,Capataan
117301,604524000,Cobol
117302,604524000,Coliling
117303,604524000,Cruz
117304,604524000,Doyong
117305,604524000,Gamata
117306,604524000,Guelew
117307,604524000,Ilang
117308,604524000,Inerangan
117309,604524000,Isla
117310,604524000,Libas
117311,604524000,Lilimasan
117312,604524000,Longos
117313,604524000,Lucban
117314,604524000,M. Soriano
117315,604524000,Mabalbalino
117316,604524000,Mabini
117317,604524000,Magtaking
117318,604524000,Malacañang
117319,604524000,Maliwara
117320,604524000,Mamarlao
117321,604524000,Manzon
117322,604524000,Matagdem
117323,604524000,Mestizo Norte
117324,604524000,Naguilayan
117325,604524000,Nilentap
117326,604524000,PNR Station Site
117327,604524000,Padilla-Gomez
117328,604524000,Pagal
117329,604524000,Paitan-Panoypoy
117330,604524000,Palaming
117331,604524000,Palaris
117332,604524000,Palospos
117333,604524000,Pangalangan
117334,604524000,Pangoloan
117335,604524000,Pangpang
117336,604524000,Parayao
117337,604524000,Payapa
117338,604524000,Payar
117339,604524000,Perez Boulevard
117340,604524000,Polo
117341,604524000,Quezon Boulevard
117342,604524000,Quintong
117343,604524000,Rizal
117344,604524000,Roxas Boulevard
117345,604524000,Salinap
117346,604524000,San Juan
117347,604524000,San Pedro-Taloy
117348,604524000,Sapinit
117349,604524000,Supo
117350,604524000,Talang
117351,604524000,Tamayo
117352,604524000,Tandang Sora
117353,604524000,Tandoc
117354,604524000,Tarece
117355,604524000,Tarectec
117356,604524000,Tayambani
117357,604524000,Tebag
117358,604524000,Turac
117359,5029,Alacan
117360,5029,Ambalangan-Dalin
117361,5029,Angio
117362,5029,Anonang
117363,5029,Aramal
117364,5029,Bigbiga
117365,5029,Binday
117366,5029,Bolaoen
117367,5029,Bolasi
117368,5029,Cabaruan
117369,5029,Cayanga
117370,5029,Colisao
117371,5029,Gomot
117372,5029,Inmalog
117373,5029,Inmalog Norte
117374,5029,Lekep-Butao
117375,5029,Lipit-Tomeeng
117376,5029,Longos
117377,5029,Longos Proper
117378,5029,Longos-Amangonan-Parac-Parac Fabrica
117379,5029,Mabilao
117380,5029,Nibaliw Central
117381,5029,Nibaliw East
117382,5029,Nibaliw Magliba
117383,5029,Nibaliw Narvarte
117384,5029,Nibaliw Vidal
117385,5029,Palapad
117386,5029,Poblacion
117387,5029,Rabon
117388,5029,Sagud-Bahley
117389,5029,Sobol
117390,5029,Tempra-Guilig
117391,5029,Tiblong
117392,5029,Tocok
117393,5578,Awai
117394,5578,Bagong Pag-asa
117395,5578,Bolo
117396,5578,Capaoay
117397,5578,Casibong
117398,5578,Guibel
117399,5578,Imelda
117400,5578,Labney
117401,5578,Lobong
117402,5578,Macayug
117403,5578,Magsaysay
117404,5578,San Guillermo
117405,5578,San Jose
117406,5578,San Juan
117407,5578,San Roque
117408,5578,San Vicente
117409,5578,Santa Cruz
117410,5578,Santa Maria
117411,5578,Santo Tomas
117412,5250,Cabacaraan
117413,5250,Cabaritan
117414,5250,Flores
117415,5250,Guiset Norte
117416,5250,Guiset Sur
117417,5250,Lapalo
117418,5250,Nagsaag
117419,5250,Narra
117420,5250,San Antonio-Arzadon
117421,5250,San Bonifacio
117422,5250,San Juan
117423,5250,San Roque
117424,5250,San Vicente
117425,5250,Santo Domingo
117426,4938,Bensican
117427,4938,Cabitnongan
117428,4938,Caboloan
117429,4938,Cacabugaoan
117430,4938,Calanutian
117431,4938,Calaocan
117432,4938,Camanggaan
117433,4938,Camindoroan
117434,4938,Casaratan
117435,4938,Dalumpinas
117436,4938,Fianza
117437,4938,Lungao
117438,4938,Malico
117439,4938,Malilion
117440,4938,Nagkaysa
117441,4938,Nining
117442,4938,Poblacion East
117443,4938,Poblacion West
117444,4938,Salingcob
117445,4938,Salpad
117446,4938,San Felipe East
117447,4938,San Felipe West
117448,4938,San Isidro
117449,4938,San Jose
117450,4938,San Rafael Centro
117451,4938,San Rafael East
117452,4938,San Rafael West
117453,4938,San Roque
117454,4938,Santa Maria East
117455,4938,Santa Maria West
117456,4938,Santo Tomas
117457,4938,Siblot
117458,4938,Sobol
117459,5033,Alac
117460,5033,Baligayan
117461,5033,Bantog
117462,5033,Bolintaguen
117463,5033,Cabalaoangan
117464,5033,Cabangaran
117465,5033,Calomboyan
117466,5033,Carayacan
117467,5033,Casantamarian
117468,5033,Gonzalo
117469,5033,Labuan
117470,5033,Lagasit
117471,5033,Lumayao
117472,5033,Mabini
117473,5033,Mantacdang
117474,5033,Nangapugan
117475,5033,Poblacion Zone I
117476,5033,Poblacion Zone II
117477,5033,Poblacion Zone III
117478,5033,San Pedro
117479,5033,Ungib
117480,5034,Alibago
117481,5034,Balingueo
117482,5034,Banaoang
117483,5034,Banzal
117484,5034,Botao
117485,5034,Cablong
117486,5034,Carusocan
117487,5034,Dalongue
117488,5034,Erfe
117489,5034,Gueguesangen
117490,5034,Leet
117491,5034,Malanay
117492,5034,Maningding
117493,5034,Maronong
117494,5034,Maticmatic
117495,5034,Minien East
117496,5034,Minien West
117497,5034,Nilombot
117498,5034,Patayac
117499,5034,Payas
117500,5034,Poblacion Norte
117501,5034,Poblacion Sur
117502,5034,Primicias
117503,5034,Sapang
117504,5034,Sonquil
117505,5034,Tebag East
117506,5034,Tebag West
117507,5034,Tuliao
117508,5034,Ventinilla
117509,5113,Bal-loy
117510,5113,Bantog
117511,5113,Caboluan
117512,5113,Cal-litang
117513,5113,Capandanan
117514,5113,Cauplasan
117515,5113,Dalayap
117516,5113,Libsong
117517,5113,Namagbagan
117518,5113,Paitan
117519,5113,Pataquid
117520,5113,Pilar
117521,5113,Poblacion East
117522,5113,Poblacion West
117523,5113,Pugot
117524,5113,Samon
117525,5113,San Alejandro
117526,5113,San Mariano
117527,5113,San Pablo
117528,5113,San Patricio
117529,5113,San Vicente
117530,5113,Santa Cruz
117531,5113,Santa Rosa
117532,5233,La Luna
117533,5233,Poblacion East
117534,5233,Poblacion West
117535,5233,Salvacion
117536,5233,San Agustin
117537,5233,San Antonio
117538,5233,San Jose
117539,5233,San Marcos
117540,5233,Santo Domingo
117541,5233,Santo Niño
117542,6315,Agat
117543,6315,Alibeng
117544,6315,Amagbagan
117545,6315,Artacho
117546,6315,Asan Norte
117547,6315,Asan Sur
117548,6315,Bantay Insik
117549,6315,Bila
117550,6315,Binmeckeg
117551,6315,Bulaoen East
117552,6315,Bulaoen West
117553,6315,Cabaritan
117554,6315,Calunetan
117555,6315,Camangaan
117556,6315,Cauringan
117557,6315,Dungon
117558,6315,Esperanza
117559,6315,Inmalog
117560,6315,Killo
117561,6315,Labayug
117562,6315,Paldit
117563,6315,Pindangan
117564,6315,Pinmilapil
117565,6315,Poblacion Central
117566,6315,Poblacion Norte
117567,6315,Poblacion Sur
117568,6315,Sagunto
117569,6315,Tara-tara
117570,5038,Baquioen
117571,5038,Baybay Norte
117572,5038,Baybay Sur
117573,5038,Bolaoen
117574,5038,Cabalitian
117575,5038,Calumbuyan
117576,5038,Camagsingalan
117577,5038,Caoayan
117578,5038,Capantolan
117579,5038,Macaycayawan
117580,5038,Paitan East
117581,5038,Paitan West
117582,5038,Pangascasan
117583,5038,Poblacion
117584,5038,Santo Domingo
117585,5038,Seselangen
117586,5038,Sioasio East
117587,5038,Sioasio West
117588,5038,Victoria
117589,5039,Agno
117590,5039,Amistad
117591,5039,Barangay A
117592,5039,Barangay B
117593,5039,Barangay C
117594,5039,Barangay D
117595,5039,Barangobong
117596,5039,C. Lichauco
117597,5039,Carriedo
117598,5039,Evangelista
117599,5039,Guzon
117600,5039,Lawak
117601,5039,Legaspi
117602,5039,Libertad
117603,5039,Magallanes
117604,5039,Panganiban
117605,5039,Saleng
117606,5039,Santo Domingo
117607,5039,Toketec
117608,5039,Trenchera
117609,5039,Zamora
117610,5040,Abot Molina
117611,5040,Alo-o
117612,5040,Amaronan
117613,5040,Annam
117614,5040,Bantug
117615,5040,Baracbac
117616,5040,Barat
117617,5040,Buenavista
117618,5040,Cabalitian
117619,5040,Cabangaran
117620,5040,Cabaruan
117621,5040,Cabatuan
117622,5040,Cadiz
117623,5040,Calitlitan
117624,5040,Capas
117625,5040,Carayungan Sur
117626,5040,Carosalesan
117627,5040,Casilan
117628,5040,Caurdanetaan
117629,5040,Concepcion
117630,5040,Decreto
117631,5040,Del Rosario
117632,5040,Diaz
117633,5040,Diket
117634,5040,Don Justo Abalos
117635,5040,Don Montano
117636,5040,Esperanza
117637,5040,Evangelista
117638,5040,Flores
117639,5040,Fulgosino
117640,5040,Gonzales
117641,5040,La Paz
117642,5040,Labuan
117643,5040,Lauren
117644,5040,Lubong
117645,5040,Luna Este
117646,5040,Luna Weste
117647,5040,Mantacdang
117648,5040,Maseil-seil
117649,5040,Nampalcan
117650,5040,Nancalabasaan
117651,5040,Pangangaan
117652,5040,Papallasen
117653,5040,Pemienta
117654,5040,Poblacion East
117655,5040,Poblacion West
117656,5040,Prado
117657,5040,Resurreccion
117658,5040,Ricos
117659,5040,San Andres
117660,5040,San Juan
117661,5040,San Leon
117662,5040,San Pablo
117663,5040,San Vicente
117664,5040,Santa Maria
117665,5040,Santa Rosa
117666,5040,Sinabaan
117667,5040,Tanggal Sawang
117668,5041,Angatel
117669,5041,Balangay
117670,5041,Batangcaoa
117671,5041,Baug
117672,5041,Bayaoas
117673,5041,Bituag
117674,5041,Camambugan
117675,5041,Dalangiring
117676,5041,Duplac
117677,5041,Galarin
117678,5041,Gueteb
117679,5041,Malaca
117680,5041,Malayo
117681,5041,Malibong
117682,5041,Pasibi East
117683,5041,Pasibi West
117684,5041,Pisuac
117685,5041,Poblacion
117686,5041,Real
117687,5041,Salavante
117688,5041,Sawat
117689,5042,Anonas
117690,5042,Bactad East
117691,5042,Bayaoas
117692,5042,Bolaoen
117693,5042,Cabaruan
117694,5042,Cabuloan
117695,5042,Camanang
117696,5042,Camantiles
117697,5042,Casantaan
117698,5042,Catablan
117699,5042,Cayambanan
117700,5042,Consolacion
117701,5042,Dilan Paurido
117702,5042,Dr. Pedro T. Orata
117703,5042,Labit Proper
117704,5042,Labit West
117705,5042,Mabanogbog
117706,5042,Macalong
117707,5042,Nancalobasaan
117708,5042,Nancamaliran East
117709,5042,Nancamaliran West
117710,5042,Nancayasan
117711,5042,Oltama
117712,5042,Palina East
117713,5042,Palina West
117714,5042,Pinmaludpod
117715,5042,Poblacion
117716,5042,San Jose
117717,5042,San Vicente
117718,5042,Santa Lucia
117719,5042,Santo Domingo
117720,5042,Sugcong
117721,5042,Tipuso
117722,5042,Tulong
117723,5043,Amamperez
117724,5043,Bacag
117725,5043,Barangobong
117726,5043,Barraca
117727,5043,Capulaan
117728,5043,Caramutan
117729,5043,La Paz
117730,5043,Labit
117731,5043,Lipay
117732,5043,Lomboy
117733,5043,Piaz
117734,5043,Puelay
117735,5043,San Blas
117736,5043,San Nicolas
117737,5043,Tombod
117738,5043,Unzad
117739,5043,Zone I
117740,5043,Zone II
117741,5043,Zone III
117742,5043,Zone IV
117743,5043,Zone V
117744,5410,Bagong Silang
117745,5410,Batabat Norte
117746,5410,Batabat Sur
117747,5410,Buenavista
117748,5410,Bukal
117749,5410,Bulo
117750,5410,Cabong
117751,5410,Cadlit
117752,5410,Catulin
117753,5410,Cawa
117754,5410,De La Paz
117755,5410,Del Rosario
117756,5410,Hagonghong
117757,5410,Ibabang Wasay
117758,5410,Ilayang Wasay
117759,5410,Lilukin
117760,5410,Mabini
117761,5410,Mabutag
117762,5410,Magallanes
117763,5410,Maligaya
117764,5410,Manlana
117765,5410,Masaya
117766,5410,Poblacion
117767,5410,Rizal
117768,5410,Sabang Pinamasagan
117769,5410,Sabang Piris
117770,5410,San Diego
117771,5410,San Isidro Ibaba
117772,5410,San Isidro Ilaya
117773,5410,San Pablo
117774,5410,San Pedro
117775,5410,San Vicente
117776,5410,Siain
117777,5410,Villa Aurora
117778,5410,Villa Batabat
117779,5410,Villa Magsaysay
117780,5410,Villa Veronica
117781,5360,Buenavista East
117782,5360,Buenavista West
117783,5360,Bukal Norte
117784,5360,Bukal Sur
117785,5360,Kinatihan I
117786,5360,Kinatihan II
117787,5360,Malabanban Norte
117788,5360,Malabanban Sur
117789,5360,Mangilag Norte
117790,5360,Mangilag Sur
117791,5360,Masalukot I
117792,5360,Masalukot II
117793,5360,Masalukot III
117794,5360,Masalukot IV
117795,5360,Masalukot V
117796,5360,Masin Norte
117797,5360,Masin Sur
117798,5360,Mayabobo
117799,5360,Pahinga Norte
117800,5360,Pahinga Sur
117801,5360,Poblacion
117802,5360,San Andres
117803,5360,San Isidro
117804,5360,Santa Catalina Norte
117805,5360,Santa Catalina Sur
117806,5367,Abiawin
117807,5367,Agos-agos
117808,5367,Alitas
117809,5367,Amolongin
117810,5367,Anibong
117811,5367,Antikin
117812,5367,Bacong
117813,5367,Balobo
117814,5367,Bantilan
117815,5367,Banugao
117816,5367,Batican
117817,5367,Binonoan
117818,5367,Binulasan
117819,5367,Boboin
117820,5367,Catambungan
117821,5367,Cawaynin
117822,5367,Comon
117823,5367,Dinahican
117824,5367,Gumian
117825,5367,Ilog
117826,5367,Ingas
117827,5367,Langgas
117828,5367,Libjo
117829,5367,Lual
117830,5367,Magsaysay
117831,5367,Maypulot
117832,5367,Miswa
117833,5367,Pilaway
117834,5367,Pinaglapatan
117835,5367,Poblacion 1
117836,5367,Poblacion 38
117837,5367,Poblacion 39
117838,5367,Pulo
117839,5367,Silangan
117840,5367,Tongohin
117841,5367,Tudturan
117842,5379,Bagong Pag-asa Poblacion
117843,5379,Bagong Silang Poblacion
117844,5379,Mapagmahal Poblacion
117845,5379,Pagkakaisa Poblacion
117846,5381,Central
117847,5381,Concepcion
117848,5381,Duhat
117849,5381,Ilaya
117850,5381,Ilosong
117851,5381,M. L. Tumagay Poblacion
117852,5381,Paang Bundok
117853,5381,Pampaaralan
117854,5381,Tanauan
117855,6092,Apad
117856,6092,Argosino
117857,6092,Barangay I
117858,6092,Barangay II
117859,6092,Barangay III
117860,6092,Barangay IV
117861,6092,Barangay V
117862,6092,Barangay VI
117863,6092,Cagbalogo
117864,6092,Caridad
117865,6092,Cometa
117866,6092,Del Pilar
117867,6092,Guinhawa
117868,6092,Gumubat
117869,6092,Magsino
117870,6092,Mascariña
117871,6092,Montaña
117872,6092,Sabang
117873,6092,Silangan
117874,6092,Tagkawa
117875,6092,Villa Belen
117876,6092,Villa Francia
117877,6092,Villa Gomez
117878,6092,Villa Mercedes
117879,5556,Alibihaban
117880,5556,Camflora
117881,5556,Mangero
117882,5556,Pansoy
117883,5556,Poblacion
117884,5556,Tala
117885,5556,Talisay
117886,5952,Arawan
117887,5952,Bagong Niing
117888,5952,Balat Atis
117889,5952,Briones
117890,5952,Bulihan
117891,5952,Buliran
117892,5952,Callejon
117893,5952,Corazon
117894,5952,Loob
117895,5952,Magsaysay
117896,5952,"Manuel del Valle, Sr."
117897,5952,Matipunso
117898,5952,Niing
117899,5952,Poblacion
117900,5952,Pulo
117901,5952,Pury
117902,5952,Sampaga
117903,5952,Sampaguita
117904,5952,San Jose
117905,5952,Sinturisan
117906,5550,Concepcion
117907,5550,Evangelista
117908,5550,Mabini
117909,5550,Pinugay
117910,5550,Rizal
117911,5550,San Jose
117912,5550,San Juan
117913,5550,San Miguel
117914,5550,San Salvador
117915,5550,Santiago
117916,1907003013,Bagumbong
117917,1907003013,Bayugo
117918,1907003013,Lubo
117919,1907003013,Paalaman
117920,1907003013,Pagkalinawan
117921,1907003013,Palaypalay
117922,1907003013,Punta
117923,1907003013,Second District
117924,1907003013,Sipsipin
117925,1907003013,Special District
117926,1907003013,Third District
117927,5405,Ampid I
117928,5405,Ampid II
117929,5405,Banaba
117930,5405,Dulong Bayan 1
117931,5405,Dulong Bayan 2
117932,5405,Guinayang
117933,5405,Guitnang Bayan I
117934,5405,Guitnang Bayan II
117935,5405,Gulod Malaya
117936,5405,Malanday
117937,5405,Maly
117938,5405,Pintong Bocawe
117939,5405,Santa Ana
117940,5405,Santo Niño
117941,5405,Silangan
117942,5777,Bagsik
117943,5777,Bonlao
117944,5777,Calagonsao
117945,5777,Camili
117946,5777,Camod-om
117947,5777,Gui-ob
117948,5777,Lawan
117949,5777,Madalag
117950,5777,Poblacion
117951,5777,San Isidro
117952,5777,San Roque
117953,5777,Tugdan
117954,6130,Bachawan
117955,6130,Calabasahan
117956,6130,Dalajican
117957,6130,Masadya
117958,6130,Masudsud
117959,6130,Poblacion
117960,6130,Sampong
117961,6130,San Pedro
117962,6130,San Vicente
117963,6334,Bachawan
117964,6334,Binongahan
117965,6334,Binugusan
117966,6334,Buli
117967,6334,Cabolutan
117968,6334,Cagbuaya
117969,6334,Camantaya
117970,6334,Carmen
117971,6334,Cawayan
117972,6334,Doña Juana
117973,6334,Dubduban
117974,6334,Lusong
117975,6334,Mahabang Baybay
117976,6334,Poblacion
117977,6334,Sugod
117978,5556,Agpudlos
117979,5556,Calunacon
117980,5556,Doña Trinidad
117981,5556,Juncarlo
117982,5556,Linawan
117983,5556,Mabini
117984,5556,Marigondon Norte
117985,5556,Marigondon Sur
117986,5556,Matutuna
117987,5556,Pag-alad
117988,5556,Poblacion
117989,5556,Tan-agan
117990,5556,Victoria
117991,5577,Agtiwa
117992,5577,Azarga
117993,5577,Campalingo
117994,5577,Canjalon
117995,5577,España
117996,5577,Mabini
117997,5577,Mabulo
117998,5577,Otod
117999,5577,Panangcalan
118000,5577,Pili
118001,5577,Poblacion
118002,5577,Taclobo
118003,5846,Busay
118004,5846,Combot
118005,5846,Lanas
118006,5846,Pinamihagan
118007,5846,Poblacion
118008,5113,Bonga
118009,5113,Concepcion Norte
118010,5113,Concepcion Sur
118011,5113,Paroyhog
118012,5113,San Isidro
118013,5113,Santo Niño
118014,5968,Catato Poblacion
118015,5968,Santo Niño Poblacion
118016,5969,Mabuligon Poblacion
118017,5969,Maduroto Poblacion
118018,5232,Bokinggan Poblacion
118019,5232,Bougainvilla Poblacion
118020,5232,Gumamela Poblacion
118021,5232,Rosal Poblacion
118022,5232,Santan Poblacion
118023,5075,Balatguti
118024,5075,Baras
118025,5075,Basud
118026,5075,Buenavista
118027,5075,Cabunga-an
118028,5075,Corocawayan
118029,5075,Ilijan
118030,5075,Ilo
118031,5075,Lobelobe
118032,5075,Pinanangnan
118033,5075,Sevilla
118034,5075,Takut
118035,5075,Villahermosa
118036,5982,Imelda Poblacion
118037,5982,Oeste-A
118038,5982,Oeste-B
118039,5983,Villarosa Poblacion
118040,6241,J. P. Laurel
118041,5999,Canasagan
118042,5999,Candura
118043,5999,Cangmunag
118044,5999,Cansayang
118045,5999,Catulayan
118046,5999,Lala-o
118047,5999,Maite
118048,5999,Napo
118049,5999,Paliton
118050,5999,Poblacion
118051,5999,Solangon
118052,5999,Tag-ibo
118053,5999,Tambisan
118054,5999,Timbaon
118055,5999,Tubod
118056,5582,J. P. Laurel
118057,5582,Zone I Poblacion
118058,5582,Zone II Poblacion
118059,5582,Zone III Poblacion
118060,5582,Zone IV Poblacion
118061,5582,Zone V Poblacion
118062,5582,Zone VI Poblacion
118063,5582,Zone VII Poblacion
118064,5582,Zone VIII Poblacion
118065,5584,Adovis
118066,5584,Boton
118067,5584,Burgos
118068,5584,Casay
118069,5584,Cawit
118070,5584,Central
118071,5584,Cogon
118072,5584,Colambis
118073,5584,Escuala
118074,5584,Inlagadian
118075,5584,Lungib
118076,5584,Mabini
118077,5584,Ponong
118078,5584,Rizal
118079,5584,San Antonio
118080,5584,San Isidro
118081,5584,San Juan
118082,5584,San Pascual
118083,5584,Santa Cruz
118084,5584,Somal-ot
118085,5584,Tigbao
118086,5584,Timbayog
118087,5584,Tiris
118088,5584,Trece Martirez
118089,5584,Tulay
118090,5586,Poso Poblacion
118091,5586,Punta Waling-Waling Poblacion
118092,5763,Abas
118093,5763,Abucay
118094,5763,Bantayan
118095,5763,Banuyo
118096,5763,Bayasong
118097,5763,Bayawas
118098,5763,Binanuahan
118099,5763,Cabiguan
118100,5763,Cagdongon
118101,5763,Calongay
118102,5763,Calpi
118103,5763,Catamlangan
118104,5763,Comapo-capo
118105,5763,Danlog
118106,5763,Dao
118107,5763,Dapdap
118108,5763,Del Rosario
118109,5763,Esmerada
118110,5763,Esperanza
118111,5763,Ginablan
118112,5763,Guiron
118113,5763,Inang
118114,5763,Inapugan
118115,5763,Leona
118116,5763,Lipason
118117,5763,Lourdes
118118,5763,Lubiano
118119,5763,Lumbang
118120,5763,Lungib
118121,5763,Mabanate
118122,5763,Malbog
118123,5763,Marifosque
118124,5763,Mercedes
118125,5763,Migabod
118126,5763,Naspi
118127,5763,Palanas
118128,5763,Pangpang
118129,5763,Pinagsalog
118130,5763,Pineda
118131,5763,Poctol
118132,5763,Pudo
118133,5763,Putiao
118134,5763,Sacnangan
118135,5763,Salvacion
118136,5763,San Antonio (Millabas)
118137,5763,San Antonio (Sapa)
118138,5763,San Jose
118139,5763,San Rafael
118140,5763,Santa Fe
118141,506216000,Abuyog
118142,506216000,Almendras-Cogon
118143,506216000,Balete
118144,506216000,Balogo (Bacon District)
118145,506216000,Balogo (Sorsogon East District)
118146,506216000,Barayong
118147,506216000,Basud
118148,506216000,Bato
118149,506216000,Bibincahan
118150,506216000,Bitan-o/Dalipay
118151,506216000,Bogña
118152,506216000,Bon-ot
118153,506216000,Bucalbucalan
118154,506216000,Buenavista
118155,506216000,Buenavista (Bacon District)
118156,506216000,Buhatan
118157,506216000,Bulabog
118158,506216000,Burabod
118159,506216000,Cabarbuhan
118160,506216000,Cabid-an
118161,506216000,Cambulaga
118162,506216000,Capuy
118163,506216000,Caricaran
118164,506216000,Del Rosario
118165,506216000,Gatbo
118166,506216000,Gimaloto
118167,506216000,Guinlajon
118168,506216000,Jamislagan
118169,506216000,Macabog
118170,506216000,Maricrum
118171,506216000,Marinas
118172,506216000,Osiao
118173,506216000,Pamurayan
118174,506216000,Pangpang
118175,506216000,Panlayaan
118176,506216000,Peñafrancia
118177,506216000,Piot
118178,506216000,Poblacion
118179,506216000,Polvorista
118180,506216000,Rawis
118181,506216000,Rizal
118182,506216000,Salog
118183,506216000,Salvacion
118184,506216000,Salvacion (Bacon District)
118185,506216000,Sampaloc
118186,506216000,San Isidro
118187,506216000,San Isidro (Bacon District)
118188,506216000,San Juan (Bacon District)
118189,506216000,San Juan (Roro)
118190,506216000,San Pascual
118191,506216000,San Ramon
118192,506216000,San Roque
118193,506216000,San Vicente
118194,506216000,Santa Cruz
118195,506216000,Santa Lucia
118196,506216000,Santo Domingo
118197,506216000,Santo Niño
118198,506216000,Sawanga
118199,506216000,Sirangan
118200,506216000,Sugod
118201,506216000,Sulucan
118202,506216000,Talisay
118203,506216000,Ticol
118204,506216000,Tugos
118205,6242,Benitez
118206,6242,Cabudian
118207,6242,Cabuling
118208,6242,Cinco
118209,6242,Derilon
118210,6242,El Nonok
118211,6242,Improgo Village
118212,6242,Kusan
118213,6242,Lam-apos
118214,6242,Lamba
118215,6242,Lambingi
118216,6242,Lampari
118217,6242,Liwanay
118218,6242,Malaya
118219,6242,Punong Grande
118220,6242,Rang-ay
118221,6242,Reyes
118222,6242,Rizal
118223,6242,Rizal Poblacion
118224,6242,San Jose
118225,6242,San Vicente
118226,6242,Yangco Poblacion
118227,5075,Ambalgan
118228,5075,Guinsang-an
118229,5075,Katipunan
118230,5075,Manuel Roxas
118231,5075,Panay
118232,5075,Poblacion
118233,5075,Sajaneba
118234,5075,San Isidro
118235,5075,San Vicente
118236,5075,Teresita
118237,1206316000,Aflek
118238,1206316000,Afus
118239,1206316000,Basag
118240,1206316000,Datal Bob
118241,1206316000,Desawo
118242,1206316000,Dlanag
118243,1206316000,Edwards
118244,1206316000,Kematu
118245,1206316000,Laconon
118246,1206316000,Lambangan
118247,1206316000,Lambuling
118248,1206316000,Lamhako
118249,1206316000,Lamsalome
118250,1206316000,Lemsnolon
118251,1206316000,Maan
118252,1206316000,Malugong
118253,1206316000,Mongocayo
118254,1206316000,New Dumangas
118255,1206316000,Poblacion
118256,1206316000,Salacafe
118257,1206316000,Sinolon
118258,1206316000,T'bolok
118259,1206316000,Talcon
118260,1206316000,Talufo
118261,1206316000,Tudok
118262,5388,Anislagon
118263,5388,Bongawisan
118264,5388,Bongbong
118265,5388,Cahayag
118266,5388,Causi
118267,5388,Central
118268,5388,Dakit
118269,5388,Gabi
118270,5388,Habay
118271,5388,Malico
118272,5388,Marayag
118273,5388,Napantao
118274,5388,Pasanon
118275,5388,Pinamudlan
118276,5388,Punta
118277,5388,Santa Cruz
118278,5388,Santa Paz Norte
118279,5388,Santa Paz Sur
118280,5388,Sudmon
118281,5388,Tinaan
118282,5388,Tuno
118283,5388,Ubos
118284,6001,Poblacion District I
118285,6001,Poblacion District II
118286,6003,Iniguihan Poblacion
118287,1206508000,Caridad
118288,1206508000,Didtaras
118289,1206508000,Gansing
118290,1206508000,Kabulakan
118291,1206508000,Kapingkong
118292,1206508000,Katitisan
118293,1206508000,Lagao
118294,1206508000,Lilit
118295,1206508000,Madanding
118296,1206508000,Maligaya
118297,1206508000,Mamali
118298,1206508000,Matiompong
118299,1206508000,Midtapok
118300,1206508000,New Cebu
118301,1206508000,Palumbi
118302,1206508000,Pidtiguian
118303,1206508000,Pimbalayan
118304,1206508000,Pinguiaman
118305,1206508000,Poblacion
118306,1206508000,Sadsalan
118307,1206508000,Seneben
118308,1206508000,Sigayan
118309,1206508000,Tambak
118310,1206508000,Tinumigues
118311,1206508000,Tumiao
118312,1206508000,Udtong
118313,6260,Aurelio F. Freires
118314,1907003014,Banali
118315,1907003014,Basag
118316,1907003014,Buenaflores
118317,1907003014,Bugso
118318,1907003014,Buklod
118319,1907003014,Gapok
118320,1907003014,Kadi
118321,1907003014,Kapatagan
118322,1907003014,Kiadsam
118323,1907003014,Kuden
118324,1907003014,Kulaman
118325,1907003014,Lagubang
118326,1907003014,Langgal
118327,1907003014,Limuhay
118328,1907003014,Malegdeg
118329,1907003014,Midtungok
118330,1907003014,Nati
118331,1907003014,Sewod
118332,1907003014,Tacupis
118333,1907003014,Tinalon
118334,6265,Enrique JC Montilla
118335,6265,Virginia Griño
118336,1907003015,Bakkaan
118337,1907003015,Bangalaw
118338,1907003015,Danao
118339,1907003015,Dungon
118340,1907003015,Kahikukuk
118341,1907003015,Luuk
118342,1907003015,North Paarol
118343,1907003015,Sigumbal
118344,1907003015,South Paarol
118345,1907003015,Tabialan
118346,1907003015,Tainga-Bakkao
118347,1907003015,Tambun-bun
118348,1907003015,Tattalan
118349,1907003015,Tinutungan
118350,6441,Alu Layag-Layag
118351,6441,Alu Pangkoh
118352,6441,Bagsak
118353,6441,Bawisan
118354,6441,Biid
118355,6441,Bukid
118356,6441,Buli Bawang
118357,6441,Buton
118358,6441,Buton Mahablo
118359,6441,Danapa
118360,6441,Duyan Kabao
118361,6441,Gimba Lagasan
118362,6441,Kaha
118363,6441,Kahoy Sinah
118364,6441,Kanaway
118365,6441,Kutah Sairap
118366,6441,Lagasan Higad
118367,6441,Lanao Dakula
118368,6441,Laum Buwahan
118369,6441,Laum Suwah
118370,6441,Liang
118371,6441,Linuho
118372,6441,Lipunos
118373,6441,Lower Sampunay
118374,6441,Lumbaan Mahaba
118375,6441,Lungan Gitong
118376,6441,Lupa Abu
118377,6441,Nonokan
118378,6441,Paugan
118379,6441,Payuhan
118380,6441,Piyahan
118381,6441,Poblacion
118382,6441,Saldang
118383,6441,Sampunay
118384,6441,Silangkan
118385,6441,Taingting
118386,6441,Tikong
118387,6441,Tukay
118388,6441,Tumangas
118389,6441,Wanni Piyanjihan
118390,6301,Baybay
118391,6301,Bitaug
118392,6301,Matin-ao
118393,6301,Poblacion 1
118394,6301,Poblacion 2
118395,6301,San Mateo
118396,5763,Asinan
118397,5763,Caridad
118398,5763,Centro
118399,5763,Consolacion
118400,5763,Datu
118401,5763,Dayaohay
118402,5763,Jaboy
118403,5763,Katipunan
118404,5763,Maasin
118405,5763,Mabini
118406,5763,Mabuhay
118407,5763,Pilaring
118408,5763,Punta
118409,5763,Salvacion
118410,5763,San Roque
118411,6310,Amoslog
118412,6310,Anislagan
118413,6310,Bad-as
118414,6310,Boyongan
118415,6310,Bugas-bugas
118416,6310,Central
118417,6310,Ellaperal
118418,6310,Ipil
118419,6310,Lakandula
118420,6310,Mabini
118421,6310,Macalaya
118422,6310,Magsaysay
118423,6310,Magupange
118424,6310,Pananay-an
118425,6310,Panhutongan
118426,6310,San Isidro
118427,6310,Sani-sani
118428,6310,Santa Cruz
118429,6310,Suyoc
118430,6310,Tagbongabong
118431,5388,Amontay
118432,5388,Balite
118433,5388,Banbanon
118434,5388,Diaz
118435,5388,Honrado
118436,5388,Jubgan
118437,5388,Linongganan
118438,5388,Macopa
118439,5388,Magtangale
118440,5388,Oslao
118441,6315,Biyabid
118442,6315,Gacepan
118443,6315,Ima
118444,6315,Lower Patag
118445,6315,Mabuhay
118446,6315,Mayag
118447,6315,Poblacion
118448,6315,San Isidro
118449,6315,San Pablo
118450,6315,Tagbayani
118451,6315,Tinogpahan
118452,6315,Upper Patag
118453,6319,Capayahan
118454,6319,Cawilan
118455,6319,Del Rosario
118456,6319,Marga
118457,6319,Motorpool
118458,6319,Poblacion
118459,6319,San Isidro
118460,6319,San Pablo
118461,6319,Timamana
118462,6222,Antao
118463,6222,Cancavan
118464,6222,Carmen
118465,6222,Esperanza
118466,6222,Hinapoyan
118467,6222,Puyat
118468,6222,San Vicente
118469,6222,Santa Cruz
118470,6328,Benigno Aquino
118471,6334,Bretania
118472,6334,Buatong
118473,6334,Buhisan
118474,6334,Gata
118475,6334,Hornasan
118476,6334,Janipaan
118477,6334,Kauswagan
118478,6334,Oteiza
118479,6334,Poblacion
118480,6334,Pong-on
118481,6334,Pongtod
118482,6334,Salvacion
118483,6334,Santo Niño
118484,6335,Bagyang
118485,6335,Baras
118486,6335,Bitaugan
118487,6335,Bolhoon
118488,6335,Calatngan
118489,6335,Carromata
118490,6335,Castillo
118491,6335,Libas Gua
118492,6335,Libas Sud
118493,6335,Magroyong
118494,6335,Mahayag
118495,6335,Patong
118496,6335,Poblacion
118497,6335,Sagbayan
118498,6335,San Roque
118499,6335,Siagao
118500,6335,Tina
118501,6335,Umalag
118502,6338,Bongtod Poblacion
118503,5237,San Isidro
118504,6130,Alfonso
118505,6130,Balutu
118506,6130,Cafe
118507,6130,Calius Gueco
118508,6130,Caluluan
118509,6130,Castillo
118510,6130,Corazon de Jesus
118511,6130,Culatingan
118512,6130,Dungan
118513,6130,Dutung-A-Matas
118514,6130,Green Village
118515,6130,Lilibangan
118516,6130,Mabilog
118517,6130,Magao
118518,6130,Malupa
118519,6130,Minane
118520,6130,Panalicsian
118521,6130,Pando
118522,6130,Parang
118523,6130,Parulung
118524,6130,Pitabunan
118525,6130,San Agustin
118526,6130,San Antonio
118527,6130,San Bartolome
118528,6130,San Francisco
118529,6130,San Isidro
118530,6130,San Jose
118531,6130,San Juan
118532,6130,San Martin
118533,6130,San Nicolas
118534,6130,San Nicolas Balas
118535,6130,San Vicente
118536,6130,Santa Cruz
118537,6130,Santa Maria
118538,6130,Santa Monica
118539,6130,Santa Rita
118540,6130,Santa Rosa
118541,6130,Santiago
118542,6130,Santo Cristo
118543,6130,Santo Niño
118544,6130,Santo Rosario
118545,6130,Talimunduc Marimla
118546,6130,Talimunduc San Miguel
118547,6130,Telabanca
118548,6130,Tinang
118549,6466,Balanoy
118550,6466,Bantog-Caricutan
118551,6466,Caramutan
118552,6466,Caut
118553,6466,Comillas
118554,6466,Dumarais
118555,6466,Guevarra
118556,6466,Kapanikian
118557,6466,La Purisima
118558,6466,Lara
118559,6466,Laungcupang
118560,6466,Lomboy
118561,6466,Macalong
118562,6466,Matayumtayum
118563,6466,Mayang
118564,6466,Motrico
118565,6466,Paludpud
118566,6466,Rizal
118567,6466,San Isidro
118568,6466,San Roque
118569,6466,Sierra
118570,5244,Camposanto 1-Norte
118571,5244,Camposanto 1-Sur
118572,5846,Burgos
118573,5846,David
118574,5846,Iba
118575,5846,Labney
118576,5846,Lawacamulag
118577,5846,Lubigan
118578,5846,Maamot
118579,5846,Mababanaba
118580,5846,Moriones
118581,5846,Pao
118582,5846,San Juan de Valdez
118583,5846,Sula
118584,5846,Villa Aglipay
118585,5250,Colubot
118586,5250,Lanat
118587,5250,Legaspi
118588,5250,Mangandingay
118589,5250,Matarannoc
118590,5250,Pacpaco
118591,5250,Poblacion
118592,5250,Salcedo
118593,5250,San Agustin
118594,5250,San Felipe
118595,5250,San Jacinto
118596,5250,San Miguel
118597,5250,San Narciso
118598,5250,San Vicente
118599,5250,Santa Maria
118600,5353,Baculong
118601,5353,Balayang
118602,5353,Balbaloto
118603,5353,Bangar
118604,5353,Bantog
118605,5353,Batangbatang
118606,5353,Bulo
118607,5353,Cabuluan
118608,5353,Calibungan
118609,5353,Canarem
118610,5353,Cruz
118611,5353,Lalapac
118612,5353,Maluid
118613,5353,Mangolago
118614,5353,Masalasa
118615,5353,Palacpalac
118616,5353,San Agustin
118617,5353,San Andres
118618,5353,San Fernando
118619,5353,San Francisco
118620,5353,San Gavino
118621,5353,San Jacinto
118622,5353,San Nicolas
118623,5353,San Vicente
118624,5353,Santa Barbara
118625,5353,Santa Lucia
118626,1907003000,Boki
118627,1907003000,Duhul Batu
118628,1907003000,Erok-erok
118629,1907003000,Guppah
118630,1907003000,Kompang
118631,1907003000,Liyubud
118632,1907003000,Lubbak Parang
118633,1907003000,Lupa Pula
118634,1907003000,Mahalo
118635,1907003000,Pawan
118636,1907003000,Sapa
118637,1907003000,Sikub
118638,1907003000,Tabulian
118639,1907003000,Tanduan
118640,1907003000,Umus Mataha
118641,1907001000,Balimbing Proper
118642,1907001000,Batu-batu
118643,1907001000,Bauno Garing
118644,1907001000,Belatan Halu
118645,1907001000,Buan
118646,1907001000,Dungon
118647,1907001000,Karaha
118648,1907001000,Kulape
118649,1907001000,Liyaburan
118650,1907001000,Luuk Buntal
118651,1907001000,Magsaggaw
118652,1907001000,Malacca
118653,1907001000,Parangan
118654,1907001000,Sumangday
118655,1907001000,Tabunan
118656,1907001000,Tundon
118657,1907001000,Tungbangkaw
118658,6452,Kohec
118659,6454,Bagid
118660,5360,Babancal
118661,5360,Binabalian
118662,5360,Catol
118663,5360,Dampay
118664,5360,Lauis
118665,5360,Libertador
118666,5360,Malabon
118667,5360,Malimanga
118668,5360,Pamibian
118669,5360,Panayonan
118670,5360,Pinagrealan
118671,5360,Poblacion
118672,5360,Sinabacan
118673,5360,Taposo
118674,5360,Uacon
118675,5360,Yamot
118676,5257,Zone 1 Poblacion
118677,5257,Zone 2 Poblacion
118678,5257,Zone 3 Poblacion
118679,5257,Zone 4 Poblacion
118680,5257,Zone 5 Poblacion
118681,5257,Zone 6 Poblacion
118682,5952,Angeles
118683,5952,Antipolo
118684,5952,Burgos
118685,5952,East Dirita
118686,5952,Luna
118687,5952,Pundaquit
118688,5952,Rizal
118689,5952,San Esteban
118690,5952,San Gregorio
118691,5952,San Juan
118692,5952,San Miguel
118693,5952,San Nicolas
118694,5952,Santiago
118695,5952,West Dirita
118696,5349,Babuyan
118697,5349,Bangcol
118698,5349,Bayto
118699,5349,Biay
118700,5349,Bolitoc
118701,5349,Bulawon
118702,5349,Canaynayan
118703,5349,Gama
118704,5349,Guinabon
118705,5349,Guisguis
118706,5349,Lipay
118707,5349,Lomboy
118708,5349,Lucapon North
118709,5349,Lucapon South
118710,5349,Malabago
118711,5349,Naulo
118712,5349,Pagatpat
118713,5349,Pamonoran
118714,5349,Poblacion North
118715,5349,Poblacion South
118716,5349,Sabang
118717,5349,San Fernando
118718,5349,Tabalong
118719,5349,Tubotubo North
118720,5349,Tubotubo South
118721,907201000,Aliguay
118722,907201000,Antipolo
118723,907201000,Aseniero
118724,907201000,Ba-ao
118725,907201000,Bagting
118726,907201000,Banbanan
118727,907201000,Banonong
118728,907201000,Barcelona
118729,907201000,Baylimango
118730,907201000,Burgos
118731,907201000,Canlucani
118732,907201000,Carang
118733,907201000,Cawa-cawa
118734,907201000,Dampalan
118735,907201000,Daro
118736,907201000,Dawo
118737,907201000,Diwa-an
118738,907201000,Guimputlan
118739,907201000,Hilltop
118740,907201000,Ilaya
118741,907201000,Kauswagan
118742,907201000,Larayan
118743,907201000,Linabo
118744,907201000,Liyang
118745,907201000,Maria Cristina
118746,907201000,Maria Uray
118747,907201000,Masidlakon
118748,907201000,Matagobtob Poblacion
118749,907201000,Napo
118750,907201000,Opao
118751,907201000,Oro
118752,907201000,Owaon
118753,907201000,Oyan
118754,907201000,Polo
118755,907201000,Potol
118756,907201000,Potungan
118757,907201000,San Francisco
118758,907201000,San Nicolas
118759,907201000,San Pedro
118760,907201000,San Vicente
118761,907201000,Santa Cruz
118762,907201000,Santo Niño
118763,907201000,Selinog
118764,907201000,Sicayab-Bucana
118765,907201000,Sigayan
118766,907201000,Sinonoc
118767,907201000,Sulangon
118768,907201000,Tag-ulo
118769,907201000,Taguilon
118770,907201000,Tamion
118771,907222000,Balatakan
118772,907222000,Bitoon
118773,907222000,Dinasan
118774,907222000,Ilihan
118775,907222000,Labakid
118776,907222000,Lipay
118777,907222000,Litalip
118778,907222000,Lopero
118779,907222000,Lumanping
118780,907222000,Madalag
118781,907222000,Manawan
118782,907222000,Marupay
118783,907222000,Poblacion
118784,907222000,Sigamok
118785,907222000,Siparok
118786,907222000,Tabon
118787,907222000,Tamarok
118788,907222000,Tamil
118789,6013,El Paraiso
118790,6013,La Union
118791,6013,La Victoria
118792,6013,Mauswagon
118793,6013,Mercedes
118794,6013,New Argao
118795,6013,New Bataan
118796,6013,New Carcar
118797,6013,Poblacion
118798,6013,San Jose
118799,6013,Santa Catalina
118800,6013,Santa Cruz
118801,6013,Singaran
118802,1907003018,Bacungan
118803,1907003018,Bogabongan
118804,1907003018,Delusom
118805,1907003018,Mangop
118806,1907003018,Manil
118807,1907003018,Mawal
118808,1907003018,Midatag
118809,1907003018,Morob
118810,1907003018,Nasibac
118811,1907003018,Rizon
118812,1907003018,Santa Maria
118813,1907003018,Sipacong
118814,1907003018,Talinga
118815,1907003018,Tinaplan
118816,1907003018,Tiniguiban
118817,1907003018,Tinuyop
118818,1907003018,Tiogan
118819,1907003018,Titik
118820,1907003018,Balubo
118821,1907003018,Banbanan
118822,1907003018,Canibongan
118823,1907003018,Capase
118824,1907003018,Cape
118825,1907003018,Denoman
118826,1907003018,Dohinob
118827,1907003018,Galokso
118828,1907003018,Gubat
118829,1907003018,Irasan
118830,1907003018,Labakid
118831,1907003018,Langatian
118832,1907003018,Lipakan
118833,1907003018,Marupay
118834,1907003018,Moliton
118835,1907003018,Nabilid
118836,1907003018,Panampalay
118837,1907003018,Pangologon
118838,1907003018,Piao
118839,1907003018,Piñalan
118840,1907003018,Piñamar
118841,1907003018,Pongolan
118842,1907003018,Salisig
118843,1907003018,Sebod
118844,1907003018,Sibatog
118845,1907003018,Situbo
118846,1907003018,Tanayan
118847,1907003018,Tantingon
118848,1907003018,Upper Irasan
118849,1907003018,Upper Minang
118850,1907003018,Villahermoso
118851,1907003018,Antonino
118852,1907003018,Bagong Baguio
118853,1907003018,Bagumbayan
118854,1907003018,Biayon
118855,1907003018,Buenavista
118856,1907003018,Dampalan
118857,1907003018,Danao
118858,1907003018,Don Eleno
118859,1907003018,Kauswagan
118860,1907003018,Labiray
118861,1907003018,Liwanag
118862,1907003018,Mabuhay
118863,1907003018,Macalibre
118864,1907003018,Mahayahay
118865,1907003018,Marapong
118866,1907003018,Nazareth
118867,1907003018,Nebo
118868,1907003018,New Rizal
118869,1907003018,New Tangub
118870,1907003018,Nuevavista
118871,1907003018,Pedagan
118872,1907003018,Penacio
118873,1907003018,Poblacion Alto
118874,1907003018,Poblacion Bajo
118875,1907003018,Princesa Freshia
118876,1907003018,Princesa Lamaya
118877,1907003018,San Antonio
118878,1907003018,San Francisco
118879,1907003018,San Isidro
118880,1907003018,San Jose
118881,1907003018,San Juan
118882,1907003018,Sinaad
118883,1907003018,Sinai
118884,1907003018,Situbo
118885,1907003018,Tinago
118886,1907003018,Tinindugan
118887,1907003018,Tuburan
118888,1907003018,Venus
118889,1907003018,Wilben
118890,6044,Limbatong
118891,6044,Tulapok
118892,6335,Betinan
118893,6335,Bulawan
118894,6335,Calube
118895,6335,Concepcion
118896,6335,Dao-an
118897,6335,Dumalian
118898,6335,Fatima
118899,6335,Langilan
118900,6335,Lantawan
118901,6335,Laperian
118902,6335,Libuganan
118903,6335,Limonan
118904,6335,Mati
118905,6335,Ocapan
118906,6335,Poblacion
118907,6335,San Isidro
118908,6335,Sayog
118909,6335,Tapian
118910,907340000,Bag-ong Baroy
118911,907340000,Bag-ong Oroquieta
118912,907340000,Barubuhan
118913,907340000,Bulanay
118914,907340000,Datagan
118915,907340000,Eastern Poblacion
118916,907340000,Lantawan
118917,907340000,Libertad
118918,907340000,Lumangoy
118919,907340000,New Carmen
118920,907340000,Picturan
118921,907340000,Poblacion
118922,907340000,Rizal
118923,907340000,San Miguel
118924,907340000,Santo Niño
118925,907340000,Sawa
118926,907340000,Tungawan
118927,907340000,Upper Sicpao
118928,5535,Aguinaldo
118929,5535,Baga
118930,5535,Baluno
118931,5535,Bangkaw-bangkaw
118932,5535,Cabong
118933,5535,Crossing Santa Clara
118934,5535,Gubawang
118935,5535,Guintoloan
118936,5535,Kaliantana
118937,5535,La Paz
118938,5535,Lower Sulitan
118939,5535,Mamagon
118940,5535,Marsolo
118941,5535,Poblacion
118942,5535,Sandayong
118943,5535,Santa Clara
118944,5535,Sulo
118945,5535,Tambanan
118946,5535,Taytay Manubo
118947,5535,Tilubog
118948,5535,Tipan
118949,5535,Upper Sulitan
118950,6560,Barangay 1
118951,6560,Barangay 10
118952,6560,Barangay 100
118953,6560,Barangay 101
118954,6560,Barangay 102
118955,6560,Barangay 103
118956,6560,Barangay 104
118957,6560,Barangay 105
118958,6560,Barangay 106
118959,6560,Barangay 107
118960,6560,Barangay 108
118961,6560,Barangay 109
118962,6560,Barangay 11
118963,6560,Barangay 110
118964,6560,Barangay 111
118965,6560,Barangay 112
118966,6560,Barangay 113
118967,6560,Barangay 114
118968,6560,Barangay 115
118969,6560,Barangay 116
118970,6560,Barangay 117
118971,6560,Barangay 118
118972,6560,Barangay 119
118973,6560,Barangay 12
118974,6560,Barangay 120
118975,6560,Barangay 121
118976,6560,Barangay 122
118977,6560,Barangay 123
118978,6560,Barangay 124
118979,6560,Barangay 125
118980,6560,Barangay 126
118981,6560,Barangay 127
118982,6560,Barangay 128
118983,6560,Barangay 129
118984,6560,Barangay 13
118985,6560,Barangay 130
118986,6560,Barangay 131
118987,6560,Barangay 132
118988,6560,Barangay 133
118989,6560,Barangay 134
118990,6560,Barangay 135
118991,6560,Barangay 136
118992,6560,Barangay 137
118993,6560,Barangay 138
118994,6560,Barangay 139
118995,6560,Barangay 14
118996,6560,Barangay 140
118997,6560,Barangay 141
118998,6560,Barangay 142
118999,6560,Barangay 143
119000,6560,Barangay 144
119001,6560,Barangay 145
119002,6560,Barangay 146
119003,6560,Barangay 147
119004,6560,Barangay 148
119005,6560,Barangay 149
119006,6560,Barangay 15
119007,6560,Barangay 150
119008,6560,Barangay 151
119009,6560,Barangay 152
119010,6560,Barangay 153
119011,6560,Barangay 154
119012,6560,Barangay 155
119013,6560,Barangay 156
119014,6560,Barangay 157
119015,6560,Barangay 158
119016,6560,Barangay 159
119017,6560,Barangay 16
119018,6560,Barangay 160
119019,6560,Barangay 161
119020,6560,Barangay 162
119021,6560,Barangay 163
119022,6560,Barangay 164
119023,6560,Barangay 165
119024,6560,Barangay 166
119025,6560,Barangay 167
119026,6560,Barangay 168
119027,6560,Barangay 169
119028,6560,Barangay 17
119029,6560,Barangay 170
119030,6560,Barangay 171
119031,6560,Barangay 172
119032,6560,Barangay 173
119033,6560,Barangay 174
119034,6560,Barangay 175
119035,6560,Barangay 176
119036,6560,Barangay 177
119037,6560,Barangay 178
119038,6560,Barangay 179
119039,6560,Barangay 18
119040,6560,Barangay 180
119041,6560,Barangay 181
119042,6560,Barangay 182
119043,6560,Barangay 183
119044,6560,Barangay 184
119045,6560,Barangay 185
119046,6560,Barangay 186
119047,6560,Barangay 187
119048,6560,Barangay 188
119049,6560,Barangay 19
119050,6560,Barangay 2
119051,6560,Barangay 20
119052,6560,Barangay 21
119053,6560,Barangay 22
119054,6560,Barangay 23
119055,6560,Barangay 24
119056,6560,Barangay 25
119057,6560,Barangay 26
119058,6560,Barangay 27
119059,6560,Barangay 28
119060,6560,Barangay 29
119061,6560,Barangay 3
119062,6560,Barangay 30
119063,6560,Barangay 31
119064,6560,Barangay 32
119065,6560,Barangay 33
119066,6560,Barangay 34
119067,6560,Barangay 35
119068,6560,Barangay 36
119069,6560,Barangay 37
119070,6560,Barangay 38
119071,6560,Barangay 39
119072,6560,Barangay 4
119073,6560,Barangay 40
119074,6560,Barangay 41
119075,6560,Barangay 42
119076,6560,Barangay 43
119077,6560,Barangay 44
119078,6560,Barangay 45
119079,6560,Barangay 46
119080,6560,Barangay 47
119081,6560,Barangay 48
119082,6560,Barangay 49
119083,6560,Barangay 5
119084,6560,Barangay 50
119085,6560,Barangay 51
119086,6560,Barangay 52
119087,6560,Barangay 53
119088,6560,Barangay 54
119089,6560,Barangay 55
119090,6560,Barangay 56
119091,6560,Barangay 57
119092,6560,Barangay 58
119093,6560,Barangay 59
119094,6560,Barangay 6
119095,6560,Barangay 60
119096,6560,Barangay 61
119097,6560,Barangay 62
119098,6560,Barangay 63
119099,6560,Barangay 64
119100,6560,Barangay 65
119101,6560,Barangay 66
119102,6560,Barangay 67
119103,6560,Barangay 68
119104,6560,Barangay 69
119105,6560,Barangay 7
119106,6560,Barangay 70
119107,6560,Barangay 71
119108,6560,Barangay 72
119109,6560,Barangay 73
119110,6560,Barangay 74
119111,6560,Barangay 75
119112,6560,Barangay 76
119113,6560,Barangay 77
119114,6560,Barangay 78
119115,6560,Barangay 79
119116,6560,Barangay 8
119117,6560,Barangay 80
119118,6560,Barangay 81
119119,6560,Barangay 82
119120,6560,Barangay 83
119121,6560,Barangay 84
119122,6560,Barangay 85
119123,6560,Barangay 86
119124,6560,Barangay 87
119125,6560,Barangay 88
119126,6560,Barangay 89
119127,6560,Barangay 9
119128,6560,Barangay 90
119129,6560,Barangay 91
119130,6560,Barangay 92
119131,6560,Barangay 93
119132,6560,Barangay 94
119133,6560,Barangay 95
119134,6560,Barangay 96
119135,6560,Barangay 97
119136,6560,Barangay 98
119137,6560,Barangay 99
119138,6536,Almanza Dos
119139,6536,Almanza Uno
119140,6536,B. F. International Village
119141,6536,Daniel Fajardo
119142,6536,Elias Aldana
119143,6536,Ilaya
119144,6536,Manuyo Dos
119145,6536,Manuyo Uno
119146,6536,Pamplona Dos
119147,6536,Pamplona Tres
119148,6536,Pamplona Uno
119149,6536,Pilar
119150,6536,Pulang Lupa Dos
119151,6536,Pulang Lupa Uno
119152,6536,Talon Dos
119153,6536,Talon Kuatro
119154,6536,Talon Singko
119155,6536,Talon Tres
119156,6536,Talon Uno
119157,6536,Zapote
119158,6537,Bangkal
119159,6537,Bel-Air
119160,6537,Carmona
119161,6537,Cembo
119162,6537,Comembo
119163,6537,Dasmariñas
119164,6537,East Rembo
119165,6537,Forbes Park
119166,6537,Guadalupe Nuevo
119167,6537,Guadalupe Viejo
119168,6537,Kasilawan
119169,6537,La Paz
119170,6537,Magallanes
119171,6537,Olympia
119172,6537,Palanan
119173,6537,Pembo
119174,6537,Pinagkaisahan
119175,6537,Pio del Pilar
119176,6537,Pitogo
119177,6537,Poblacion
119178,6537,Post Proper Northside
119179,6537,Post Proper Southside
119180,6537,Rizal
119181,6537,San Antonio
119182,6537,San Isidro
119183,6537,San Lorenzo
119184,6537,Santa Cruz
119185,6537,Singkamas
119186,6537,South Cembo
119187,6537,Tejeros
119188,6537,Urdaneta
119189,6537,Valenzuela
119190,6537,West Rembo
119191,6562,Acacia
119192,6562,Baritan
119193,6562,Bayan-bayanan
119194,6562,Catmon
119195,6562,Concepcion
119196,6562,Dampalit
119197,6562,Flores
119198,6562,Hulong Duhat
119199,6562,Ibaba
119200,6562,Longos
119201,6562,Maysilo
119202,6562,Muzon
119203,6562,Niugan
119204,6562,Panghulo
119205,6562,Potrero
119206,6562,San Agustin
119207,6562,Santolan
119208,6562,Tañong
119209,6562,Tinajeros
119210,6562,Tonsuya
119211,6562,Tugatog
119212,6555,Addition Hills
119213,6555,Bagong Silang
119214,6555,Barangka Drive
119215,6555,Barangka Ibaba
119216,6555,Barangka Ilaya
119217,6555,Barangka Itaas
119218,6555,Buayang Bato
119219,6555,Burol
119220,6555,Daang Bakal
119221,6555,Hagdang Bato Itaas
119222,6555,Hagdang Bato Libis
119223,6555,Harapin Ang Bukas
119224,6555,Highway Hills
119225,6555,Hulo
119226,6555,Mabini-J. Rizal
119227,6555,Malamig
119228,6555,Mauway
119229,6555,Namayan
119230,6555,New Zañiga
119231,6555,Old Zañiga
119232,6555,Pag-asa
119233,6555,Plainview
119234,6555,Pleasant Hills
119235,6555,Poblacion
119236,6555,San Jose
119237,6555,Vergara
119238,6555,Wack-wack Greenhills
119239,1907003019,Barangay 1
119240,1907003019,Barangay 10
119241,1907003019,Barangay 100
119242,1907003019,Barangay 101
119243,1907003019,Barangay 102
119244,1907003019,Barangay 103
119245,1907003019,Barangay 104
119246,1907003019,Barangay 105
119247,1907003019,Barangay 106
119248,1907003019,Barangay 107
119249,1907003019,Barangay 108
119250,1907003019,Barangay 109
119251,1907003019,Barangay 11
119252,1907003019,Barangay 110
119253,1907003019,Barangay 111
119254,1907003019,Barangay 112
119255,1907003019,Barangay 116
119256,1907003019,Barangay 117
119257,1907003019,Barangay 118
119258,1907003019,Barangay 119
119259,1907003019,Barangay 12
119260,1907003019,Barangay 120
119261,1907003019,Barangay 121
119262,1907003019,Barangay 122
119263,1907003019,Barangay 123
119264,1907003019,Barangay 124
119265,1907003019,Barangay 125
119266,1907003019,Barangay 126
119267,1907003019,Barangay 127
119268,1907003019,Barangay 128
119269,1907003019,Barangay 129
119270,1907003019,Barangay 13
119271,1907003019,Barangay 130
119272,1907003019,Barangay 131
119273,1907003019,Barangay 132
119274,1907003019,Barangay 133
119275,1907003019,Barangay 134
119276,1907003019,Barangay 135
119277,1907003019,Barangay 136
119278,1907003019,Barangay 137
119279,1907003019,Barangay 138
119280,1907003019,Barangay 139
119281,1907003019,Barangay 14
119282,1907003019,Barangay 140
119283,1907003019,Barangay 141
119284,1907003019,Barangay 142
119285,1907003019,Barangay 143
119286,1907003019,Barangay 144
119287,1907003019,Barangay 145
119288,1907003019,Barangay 146
119289,1907003019,Barangay 147
119290,1907003019,Barangay 148
119291,1907003019,Barangay 149
119292,1907003019,Barangay 15
119293,1907003019,Barangay 150
119294,1907003019,Barangay 151
119295,1907003019,Barangay 152
119296,1907003019,Barangay 153
119297,1907003019,Barangay 154
119298,1907003019,Barangay 155
119299,1907003019,Barangay 156
119300,1907003019,Barangay 157
119301,1907003019,Barangay 158
119302,1907003019,Barangay 159
119303,1907003019,Barangay 16
119304,1907003019,Barangay 160
119305,1907003019,Barangay 161
119306,1907003019,Barangay 162
119307,1907003019,Barangay 163
119308,1907003019,Barangay 164
119309,1907003019,Barangay 165
119310,1907003019,Barangay 166
119311,1907003019,Barangay 167
119312,1907003019,Barangay 168
119313,1907003019,Barangay 169
119314,1907003019,Barangay 17
119315,1907003019,Barangay 170
119316,1907003019,Barangay 171
119317,1907003019,Barangay 172
119318,1907003019,Barangay 173
119319,1907003019,Barangay 174
119320,1907003019,Barangay 175
119321,1907003019,Barangay 176
119322,1907003019,Barangay 177
119323,1907003019,Barangay 178
119324,1907003019,Barangay 179
119325,1907003019,Barangay 18
119326,1907003019,Barangay 180
119327,1907003019,Barangay 181
119328,1907003019,Barangay 182
119329,1907003019,Barangay 183
119330,1907003019,Barangay 184
119331,1907003019,Barangay 185
119332,1907003019,Barangay 186
119333,1907003019,Barangay 187
119334,1907003019,Barangay 188
119335,1907003019,Barangay 189
119336,1907003019,Barangay 19
119337,1907003019,Barangay 190
119338,1907003019,Barangay 191
119339,1907003019,Barangay 192
119340,1907003019,Barangay 193
119341,1907003019,Barangay 194
119342,1907003019,Barangay 195
119343,1907003019,Barangay 196
119344,1907003019,Barangay 197
119345,1907003019,Barangay 198
119346,1907003019,Barangay 199
119347,1907003019,Barangay 2
119348,1907003019,Barangay 20
119349,1907003019,Barangay 200
119350,1907003019,Barangay 201
119351,1907003019,Barangay 202
119352,1907003019,Barangay 202-A
119353,1907003019,Barangay 203
119354,1907003019,Barangay 204
119355,1907003019,Barangay 205
119356,1907003019,Barangay 206
119357,1907003019,Barangay 207
119358,1907003019,Barangay 208
119359,1907003019,Barangay 209
119360,1907003019,Barangay 210
119361,1907003019,Barangay 211
119362,1907003019,Barangay 212
119363,1907003019,Barangay 213
119364,1907003019,Barangay 214
119365,1907003019,Barangay 215
119366,1907003019,Barangay 216
119367,1907003019,Barangay 217
119368,1907003019,Barangay 218
119369,1907003019,Barangay 219
119370,1907003019,Barangay 220
119371,1907003019,Barangay 221
119372,1907003019,Barangay 222
119373,1907003019,Barangay 223
119374,1907003019,Barangay 224
119375,1907003019,Barangay 225
119376,1907003019,Barangay 226
119377,1907003019,Barangay 227
119378,1907003019,Barangay 228
119379,1907003019,Barangay 229
119380,1907003019,Barangay 230
119381,1907003019,Barangay 231
119382,1907003019,Barangay 232
119383,1907003019,Barangay 233
119384,1907003019,Barangay 234
119385,1907003019,Barangay 235
119386,1907003019,Barangay 236
119387,1907003019,Barangay 237
119388,1907003019,Barangay 238
119389,1907003019,Barangay 239
119390,1907003019,Barangay 240
119391,1907003019,Barangay 241
119392,1907003019,Barangay 242
119393,1907003019,Barangay 243
119394,1907003019,Barangay 244
119395,1907003019,Barangay 245
119396,1907003019,Barangay 246
119397,1907003019,Barangay 247
119398,1907003019,Barangay 248
119399,1907003019,Barangay 249
119400,1907003019,Barangay 25
119401,1907003019,Barangay 250
119402,1907003019,Barangay 251
119403,1907003019,Barangay 252
119404,1907003019,Barangay 253
119405,1907003019,Barangay 254
119406,1907003019,Barangay 255
119407,1907003019,Barangay 256
119408,1907003019,Barangay 257
119409,1907003019,Barangay 258
119410,1907003019,Barangay 259
119411,1907003019,Barangay 26
119412,1907003019,Barangay 260
119413,1907003019,Barangay 261
119414,1907003019,Barangay 262
119415,1907003019,Barangay 263
119416,1907003019,Barangay 264
119417,1907003019,Barangay 265
119418,1907003019,Barangay 266
119419,1907003019,Barangay 267
119420,1907003019,Barangay 268
119421,1907003019,Barangay 269
119422,1907003019,Barangay 270
119423,1907003019,Barangay 271
119424,1907003019,Barangay 272
119425,1907003019,Barangay 273
119426,1907003019,Barangay 274
119427,1907003019,Barangay 275
119428,1907003019,Barangay 276
119429,1907003019,Barangay 28
119430,1907003019,Barangay 281
119431,1907003019,Barangay 282
119432,1907003019,Barangay 283
119433,1907003019,Barangay 284
119434,1907003019,Barangay 285
119435,1907003019,Barangay 286
119436,1907003019,Barangay 287
119437,1907003019,Barangay 288
119438,1907003019,Barangay 289
119439,1907003019,Barangay 29
119440,1907003019,Barangay 290
119441,1907003019,Barangay 291
119442,1907003019,Barangay 292
119443,1907003019,Barangay 293
119444,1907003019,Barangay 294
119445,1907003019,Barangay 295
119446,1907003019,Barangay 296
119447,1907003019,Barangay 297
119448,1907003019,Barangay 298
119449,1907003019,Barangay 299
119450,1907003019,Barangay 3
119451,1907003019,Barangay 30
119452,1907003019,Barangay 300
119453,1907003019,Barangay 301
119454,1907003019,Barangay 302
119455,1907003019,Barangay 303
119456,1907003019,Barangay 304
119457,1907003019,Barangay 305
119458,1907003019,Barangay 306
119459,1907003019,Barangay 307
119460,1907003019,Barangay 308
119461,1907003019,Barangay 309
119462,1907003019,Barangay 31
119463,1907003019,Barangay 310
119464,1907003019,Barangay 311
119465,1907003019,Barangay 312
119466,1907003019,Barangay 313
119467,1907003019,Barangay 314
119468,1907003019,Barangay 315
119469,1907003019,Barangay 316
119470,1907003019,Barangay 317
119471,1907003019,Barangay 318
119472,1907003019,Barangay 319
119473,1907003019,Barangay 32
119474,1907003019,Barangay 320
119475,1907003019,Barangay 321
119476,1907003019,Barangay 322
119477,1907003019,Barangay 323
119478,1907003019,Barangay 324
119479,1907003019,Barangay 325
119480,1907003019,Barangay 326
119481,1907003019,Barangay 327
119482,1907003019,Barangay 328
119483,1907003019,Barangay 329
119484,1907003019,Barangay 33
119485,1907003019,Barangay 330
119486,1907003019,Barangay 331
119487,1907003019,Barangay 332
119488,1907003019,Barangay 333
119489,1907003019,Barangay 334
119490,1907003019,Barangay 335
119491,1907003019,Barangay 336
119492,1907003019,Barangay 337
119493,1907003019,Barangay 338
119494,1907003019,Barangay 339
119495,1907003019,Barangay 34
119496,1907003019,Barangay 340
119497,1907003019,Barangay 341
119498,1907003019,Barangay 342
119499,1907003019,Barangay 343
119500,1907003019,Barangay 344
119501,1907003019,Barangay 345
119502,1907003019,Barangay 346
119503,1907003019,Barangay 347
119504,1907003019,Barangay 348
119505,1907003019,Barangay 349
119506,1907003019,Barangay 35
119507,1907003019,Barangay 350
119508,1907003019,Barangay 351
119509,1907003019,Barangay 352
119510,1907003019,Barangay 353
119511,1907003019,Barangay 354
119512,1907003019,Barangay 355
119513,1907003019,Barangay 356
119514,1907003019,Barangay 357
119515,1907003019,Barangay 358
119516,1907003019,Barangay 359
119517,1907003019,Barangay 36
119518,1907003019,Barangay 360
119519,1907003019,Barangay 361
119520,1907003019,Barangay 362
119521,1907003019,Barangay 363
119522,1907003019,Barangay 364
119523,1907003019,Barangay 365
119524,1907003019,Barangay 366
119525,1907003019,Barangay 367
119526,1907003019,Barangay 368
119527,1907003019,Barangay 369
119528,1907003019,Barangay 37
119529,1907003019,Barangay 370
119530,1907003019,Barangay 371
119531,1907003019,Barangay 372
119532,1907003019,Barangay 373
119533,1907003019,Barangay 374
119534,1907003019,Barangay 375
119535,1907003019,Barangay 376
119536,1907003019,Barangay 377
119537,1907003019,Barangay 378
119538,1907003019,Barangay 379
119539,1907003019,Barangay 38
119540,1907003019,Barangay 380
119541,1907003019,Barangay 381
119542,1907003019,Barangay 382
119543,1907003019,Barangay 383
119544,1907003019,Barangay 384
119545,1907003019,Barangay 385
119546,1907003019,Barangay 386
119547,1907003019,Barangay 387
119548,1907003019,Barangay 388
119549,1907003019,Barangay 389
119550,1907003019,Barangay 39
119551,1907003019,Barangay 390
119552,1907003019,Barangay 391
119553,1907003019,Barangay 392
119554,1907003019,Barangay 393
119555,1907003019,Barangay 394
119556,1907003019,Barangay 395
119557,1907003019,Barangay 396
119558,1907003019,Barangay 397
119559,1907003019,Barangay 398
119560,1907003019,Barangay 399
119561,1907003019,Barangay 4
119562,1907003019,Barangay 400
119563,1907003019,Barangay 401
119564,1907003019,Barangay 402
119565,1907003019,Barangay 403
119566,1907003019,Barangay 404
119567,1907003019,Barangay 405
119568,1907003019,Barangay 406
119569,1907003019,Barangay 407
119570,1907003019,Barangay 408
119571,1907003019,Barangay 409
119572,1907003019,Barangay 41
119573,1907003019,Barangay 410
119574,1907003019,Barangay 411
119575,1907003019,Barangay 412
119576,1907003019,Barangay 413
119577,1907003019,Barangay 414
119578,1907003019,Barangay 415
119579,1907003019,Barangay 416
119580,1907003019,Barangay 417
119581,1907003019,Barangay 418
119582,1907003019,Barangay 419
119583,1907003019,Barangay 42
119584,1907003019,Barangay 420
119585,1907003019,Barangay 421
119586,1907003019,Barangay 422
119587,1907003019,Barangay 423
119588,1907003019,Barangay 424
119589,1907003019,Barangay 425
119590,1907003019,Barangay 426
119591,1907003019,Barangay 427
119592,1907003019,Barangay 428
119593,1907003019,Barangay 429
119594,1907003019,Barangay 43
119595,1907003019,Barangay 430
119596,1907003019,Barangay 431
119597,1907003019,Barangay 432
119598,1907003019,Barangay 433
119599,1907003019,Barangay 434
119600,1907003019,Barangay 435
119601,1907003019,Barangay 436
119602,1907003019,Barangay 437
119603,1907003019,Barangay 438
119604,1907003019,Barangay 439
119605,1907003019,Barangay 44
119606,1907003019,Barangay 440
119607,1907003019,Barangay 441
119608,1907003019,Barangay 442
119609,1907003019,Barangay 443
119610,1907003019,Barangay 444
119611,1907003019,Barangay 445
119612,1907003019,Barangay 446
119613,1907003019,Barangay 447
119614,1907003019,Barangay 448
119615,1907003019,Barangay 449
119616,1907003019,Barangay 45
119617,1907003019,Barangay 450
119618,1907003019,Barangay 451
119619,1907003019,Barangay 452
119620,1907003019,Barangay 453
119621,1907003019,Barangay 454
119622,1907003019,Barangay 455
119623,1907003019,Barangay 456
119624,1907003019,Barangay 457
119625,1907003019,Barangay 458
119626,1907003019,Barangay 459
119627,1907003019,Barangay 46
119628,1907003019,Barangay 460
119629,1907003019,Barangay 461
119630,1907003019,Barangay 462
119631,1907003019,Barangay 463
119632,1907003019,Barangay 464
119633,1907003019,Barangay 465
119634,1907003019,Barangay 466
119635,1907003019,Barangay 467
119636,1907003019,Barangay 468
119637,1907003019,Barangay 469
119638,1907003019,Barangay 47
119639,1907003019,Barangay 470
119640,1907003019,Barangay 471
119641,1907003019,Barangay 472
119642,1907003019,Barangay 473
119643,1907003019,Barangay 474
119644,1907003019,Barangay 475
119645,1907003019,Barangay 476
119646,1907003019,Barangay 477
119647,1907003019,Barangay 478
119648,1907003019,Barangay 479
119649,1907003019,Barangay 48
119650,1907003019,Barangay 480
119651,1907003019,Barangay 481
119652,1907003019,Barangay 482
119653,1907003019,Barangay 483
119654,1907003019,Barangay 484
119655,1907003019,Barangay 485
119656,1907003019,Barangay 486
119657,1907003019,Barangay 487
119658,1907003019,Barangay 488
119659,1907003019,Barangay 489
119660,1907003019,Barangay 49
119661,1907003019,Barangay 490
119662,1907003019,Barangay 491
119663,1907003019,Barangay 492
119664,1907003019,Barangay 493
119665,1907003019,Barangay 494
119666,1907003019,Barangay 495
119667,1907003019,Barangay 496
119668,1907003019,Barangay 497
119669,1907003019,Barangay 498
119670,1907003019,Barangay 499
119671,1907003019,Barangay 5
119672,1907003019,Barangay 50
119673,1907003019,Barangay 500
119674,1907003019,Barangay 501
119675,1907003019,Barangay 502
119676,1907003019,Barangay 503
119677,1907003019,Barangay 504
119678,1907003019,Barangay 505
119679,1907003019,Barangay 506
119680,1907003019,Barangay 507
119681,1907003019,Barangay 508
119682,1907003019,Barangay 509
119683,1907003019,Barangay 51
119684,1907003019,Barangay 510
119685,1907003019,Barangay 511
119686,1907003019,Barangay 512
119687,1907003019,Barangay 513
119688,1907003019,Barangay 514
119689,1907003019,Barangay 515
119690,1907003019,Barangay 516
119691,1907003019,Barangay 517
119692,1907003019,Barangay 518
119693,1907003019,Barangay 519
119694,1907003019,Barangay 52
119695,1907003019,Barangay 520
119696,1907003019,Barangay 521
119697,1907003019,Barangay 522
119698,1907003019,Barangay 523
119699,1907003019,Barangay 524
119700,1907003019,Barangay 525
119701,1907003019,Barangay 526
119702,1907003019,Barangay 527
119703,1907003019,Barangay 528
119704,1907003019,Barangay 529
119705,1907003019,Barangay 53
119706,1907003019,Barangay 530
119707,1907003019,Barangay 531
119708,1907003019,Barangay 532
119709,1907003019,Barangay 533
119710,1907003019,Barangay 534
119711,1907003019,Barangay 535
119712,1907003019,Barangay 536
119713,1907003019,Barangay 537
119714,1907003019,Barangay 538
119715,1907003019,Barangay 539
119716,1907003019,Barangay 54
119717,1907003019,Barangay 540
119718,1907003019,Barangay 541
119719,1907003019,Barangay 542
119720,1907003019,Barangay 543
119721,1907003019,Barangay 544
119722,1907003019,Barangay 545
119723,1907003019,Barangay 546
119724,1907003019,Barangay 547
119725,1907003019,Barangay 548
119726,1907003019,Barangay 549
119727,1907003019,Barangay 55
119728,1907003019,Barangay 550
119729,1907003019,Barangay 551
119730,1907003019,Barangay 552
119731,1907003019,Barangay 553
119732,1907003019,Barangay 554
119733,1907003019,Barangay 555
119734,1907003019,Barangay 556
119735,1907003019,Barangay 557
119736,1907003019,Barangay 558
119737,1907003019,Barangay 559
119738,1907003019,Barangay 56
119739,1907003019,Barangay 560
119740,1907003019,Barangay 561
119741,1907003019,Barangay 562
119742,1907003019,Barangay 563
119743,1907003019,Barangay 564
119744,1907003019,Barangay 565
119745,1907003019,Barangay 566
119746,1907003019,Barangay 567
119747,1907003019,Barangay 568
119748,1907003019,Barangay 569
119749,1907003019,Barangay 57
119750,1907003019,Barangay 570
119751,1907003019,Barangay 571
119752,1907003019,Barangay 572
119753,1907003019,Barangay 573
119754,1907003019,Barangay 574
119755,1907003019,Barangay 575
119756,1907003019,Barangay 576
119757,1907003019,Barangay 577
119758,1907003019,Barangay 578
119759,1907003019,Barangay 579
119760,1907003019,Barangay 58
119761,1907003019,Barangay 580
119762,1907003019,Barangay 581
119763,1907003019,Barangay 582
119764,1907003019,Barangay 583
119765,1907003019,Barangay 584
119766,1907003019,Barangay 585
119767,1907003019,Barangay 586
119768,1907003019,Barangay 587
119769,1907003019,Barangay 587-A
119770,1907003019,Barangay 588
119771,1907003019,Barangay 589
119772,1907003019,Barangay 59
119773,1907003019,Barangay 590
119774,1907003019,Barangay 591
119775,1907003019,Barangay 592
119776,1907003019,Barangay 593
119777,1907003019,Barangay 594
119778,1907003019,Barangay 595
119779,1907003019,Barangay 596
119780,1907003019,Barangay 597
119781,1907003019,Barangay 598
119782,1907003019,Barangay 599
119783,1907003019,Barangay 6
119784,1907003019,Barangay 60
119785,1907003019,Barangay 600
119786,1907003019,Barangay 601
119787,1907003019,Barangay 602
119788,1907003019,Barangay 603
119789,1907003019,Barangay 604
119790,1907003019,Barangay 605
119791,1907003019,Barangay 606
119792,1907003019,Barangay 607
119793,1907003019,Barangay 608
119794,1907003019,Barangay 609
119795,1907003019,Barangay 61
119796,1907003019,Barangay 610
119797,1907003019,Barangay 611
119798,1907003019,Barangay 612
119799,1907003019,Barangay 613
119800,1907003019,Barangay 614
119801,1907003019,Barangay 615
119802,1907003019,Barangay 616
119803,1907003019,Barangay 617
119804,1907003019,Barangay 618
119805,1907003019,Barangay 619
119806,1907003019,Barangay 62
119807,1907003019,Barangay 620
119808,1907003019,Barangay 621
119809,1907003019,Barangay 622
119810,1907003019,Barangay 623
119811,1907003019,Barangay 624
119812,1907003019,Barangay 625
119813,1907003019,Barangay 626
119814,1907003019,Barangay 627
119815,1907003019,Barangay 628
119816,1907003019,Barangay 629
119817,1907003019,Barangay 63
119818,1907003019,Barangay 630
119819,1907003019,Barangay 631
119820,1907003019,Barangay 632
119821,1907003019,Barangay 633
119822,1907003019,Barangay 634
119823,1907003019,Barangay 635
119824,1907003019,Barangay 636
119825,1907003019,Barangay 637
119826,1907003019,Barangay 638
119827,1907003019,Barangay 639
119828,1907003019,Barangay 64
119829,1907003019,Barangay 640
119830,1907003019,Barangay 641
119831,1907003019,Barangay 642
119832,1907003019,Barangay 643
119833,1907003019,Barangay 644
119834,1907003019,Barangay 645
119835,1907003019,Barangay 646
119836,1907003019,Barangay 647
119837,1907003019,Barangay 648
119838,1907003019,Barangay 649
119839,1907003019,Barangay 65
119840,1907003019,Barangay 650
119841,1907003019,Barangay 651
119842,1907003019,Barangay 652
119843,1907003019,Barangay 653
119844,1907003019,Barangay 654
119845,1907003019,Barangay 655
119846,1907003019,Barangay 656
119847,1907003019,Barangay 657
119848,1907003019,Barangay 658
119849,1907003019,Barangay 659
119850,1907003019,Barangay 659-A
119851,1907003019,Barangay 66
119852,1907003019,Barangay 660
119853,1907003019,Barangay 660-A
119854,1907003019,Barangay 661
119855,1907003019,Barangay 662
119856,1907003019,Barangay 663
119857,1907003019,Barangay 663-A
119858,1907003019,Barangay 664
119859,1907003019,Barangay 664-A
119860,1907003019,Barangay 666
119861,1907003019,Barangay 667
119862,1907003019,Barangay 668
119863,1907003019,Barangay 669
119864,1907003019,Barangay 67
119865,1907003019,Barangay 670
119866,1907003019,Barangay 671
119867,1907003019,Barangay 672
119868,1907003019,Barangay 673
119869,1907003019,Barangay 674
119870,1907003019,Barangay 675
119871,1907003019,Barangay 676
119872,1907003019,Barangay 677
119873,1907003019,Barangay 678
119874,1907003019,Barangay 679
119875,1907003019,Barangay 68
119876,1907003019,Barangay 680
119877,1907003019,Barangay 681
119878,1907003019,Barangay 682
119879,1907003019,Barangay 683
119880,1907003019,Barangay 684
119881,1907003019,Barangay 685
119882,1907003019,Barangay 686
119883,1907003019,Barangay 687
119884,1907003019,Barangay 688
119885,1907003019,Barangay 689
119886,1907003019,Barangay 69
119887,1907003019,Barangay 690
119888,1907003019,Barangay 691
119889,1907003019,Barangay 692
119890,1907003019,Barangay 693
119891,1907003019,Barangay 694
119892,1907003019,Barangay 695
119893,1907003019,Barangay 696
119894,1907003019,Barangay 697
119895,1907003019,Barangay 698
119896,1907003019,Barangay 699
119897,1907003019,Barangay 7
119898,1907003019,Barangay 70
119899,1907003019,Barangay 700
119900,1907003019,Barangay 701
119901,1907003019,Barangay 702
119902,1907003019,Barangay 703
119903,1907003019,Barangay 704
119904,1907003019,Barangay 705
119905,1907003019,Barangay 706
119906,1907003019,Barangay 707
119907,1907003019,Barangay 708
119908,1907003019,Barangay 709
119909,1907003019,Barangay 71
119910,1907003019,Barangay 710
119911,1907003019,Barangay 711
119912,1907003019,Barangay 712
119913,1907003019,Barangay 713
119914,1907003019,Barangay 714
119915,1907003019,Barangay 715
119916,1907003019,Barangay 716
119917,1907003019,Barangay 717
119918,1907003019,Barangay 718
119919,1907003019,Barangay 719
119920,1907003019,Barangay 72
119921,1907003019,Barangay 720
119922,1907003019,Barangay 721
119923,1907003019,Barangay 722
119924,1907003019,Barangay 723
119925,1907003019,Barangay 724
119926,1907003019,Barangay 725
119927,1907003019,Barangay 726
119928,1907003019,Barangay 727
119929,1907003019,Barangay 728
119930,1907003019,Barangay 729
119931,1907003019,Barangay 73
119932,1907003019,Barangay 730
119933,1907003019,Barangay 731
119934,1907003019,Barangay 732
119935,1907003019,Barangay 733
119936,1907003019,Barangay 734
119937,1907003019,Barangay 735
119938,1907003019,Barangay 736
119939,1907003019,Barangay 737
119940,1907003019,Barangay 738
119941,1907003019,Barangay 739
119942,1907003019,Barangay 74
119943,1907003019,Barangay 740
119944,1907003019,Barangay 741
119945,1907003019,Barangay 742
119946,1907003019,Barangay 743
119947,1907003019,Barangay 744
119948,1907003019,Barangay 745
119949,1907003019,Barangay 746
119950,1907003019,Barangay 747
119951,1907003019,Barangay 748
119952,1907003019,Barangay 749
119953,1907003019,Barangay 75
119954,1907003019,Barangay 750
119955,1907003019,Barangay 751
119956,1907003019,Barangay 752
119957,1907003019,Barangay 753
119958,1907003019,Barangay 754
119959,1907003019,Barangay 755
119960,1907003019,Barangay 756
119961,1907003019,Barangay 757
119962,1907003019,Barangay 758
119963,1907003019,Barangay 759
119964,1907003019,Barangay 76
119965,1907003019,Barangay 760
119966,1907003019,Barangay 761
119967,1907003019,Barangay 762
119968,1907003019,Barangay 763
119969,1907003019,Barangay 764
119970,1907003019,Barangay 765
119971,1907003019,Barangay 766
119972,1907003019,Barangay 767
119973,1907003019,Barangay 768
119974,1907003019,Barangay 769
119975,1907003019,Barangay 77
119976,1907003019,Barangay 770
119977,1907003019,Barangay 771
119978,1907003019,Barangay 772
119979,1907003019,Barangay 773
119980,1907003019,Barangay 774
119981,1907003019,Barangay 775
119982,1907003019,Barangay 776
119983,1907003019,Barangay 777
119984,1907003019,Barangay 778
119985,1907003019,Barangay 779
119986,1907003019,Barangay 78
119987,1907003019,Barangay 780
119988,1907003019,Barangay 781
119989,1907003019,Barangay 782
119990,1907003019,Barangay 783
119991,1907003019,Barangay 784
119992,1907003019,Barangay 785
119993,1907003019,Barangay 786
119994,1907003019,Barangay 787
119995,1907003019,Barangay 788
119996,1907003019,Barangay 789
119997,1907003019,Barangay 79
119998,1907003019,Barangay 790
119999,1907003019,Barangay 791
120000,1907003019,Barangay 792
120001,1907003019,Barangay 793
120002,1907003019,Barangay 794
120003,1907003019,Barangay 795
120004,1907003019,Barangay 796
120005,1907003019,Barangay 797
120006,1907003019,Barangay 798
120007,1907003019,Barangay 799
120008,1907003019,Barangay 8
120009,1907003019,Barangay 80
120010,1907003019,Barangay 800
120011,1907003019,Barangay 801
120012,1907003019,Barangay 802
120013,1907003019,Barangay 803
120014,1907003019,Barangay 804
120015,1907003019,Barangay 805
120016,1907003019,Barangay 806
120017,1907003019,Barangay 807
120018,1907003019,Barangay 808
120019,1907003019,Barangay 809
120020,1907003019,Barangay 81
120021,1907003019,Barangay 810
120022,1907003019,Barangay 811
120023,1907003019,Barangay 812
120024,1907003019,Barangay 813
120025,1907003019,Barangay 814
120026,1907003019,Barangay 815
120027,1907003019,Barangay 816
120028,1907003019,Barangay 817
120029,1907003019,Barangay 818
120030,1907003019,Barangay 818-A
120031,1907003019,Barangay 819
120032,1907003019,Barangay 82
120033,1907003019,Barangay 820
120034,1907003019,Barangay 821
120035,1907003019,Barangay 822
120036,1907003019,Barangay 823
120037,1907003019,Barangay 824
120038,1907003019,Barangay 825
120039,1907003019,Barangay 826
120040,1907003019,Barangay 827
120041,1907003019,Barangay 828
120042,1907003019,Barangay 829
120043,1907003019,Barangay 83
120044,1907003019,Barangay 830
120045,1907003019,Barangay 831
120046,1907003019,Barangay 832
120047,1907003019,Barangay 833
120048,1907003019,Barangay 834
120049,1907003019,Barangay 835
120050,1907003019,Barangay 836
120051,1907003019,Barangay 837
120052,1907003019,Barangay 838
120053,1907003019,Barangay 839
120054,1907003019,Barangay 84
120055,1907003019,Barangay 840
120056,1907003019,Barangay 841
120057,1907003019,Barangay 842
120058,1907003019,Barangay 843
120059,1907003019,Barangay 844
120060,1907003019,Barangay 845
120061,1907003019,Barangay 846
120062,1907003019,Barangay 847
120063,1907003019,Barangay 848
120064,1907003019,Barangay 849
120065,1907003019,Barangay 85
120066,1907003019,Barangay 850
120067,1907003019,Barangay 851
120068,1907003019,Barangay 852
120069,1907003019,Barangay 853
120070,1907003019,Barangay 855
120071,1907003019,Barangay 856
120072,1907003019,Barangay 857
120073,1907003019,Barangay 858
120074,1907003019,Barangay 859
120075,1907003019,Barangay 86
120076,1907003019,Barangay 860
120077,1907003019,Barangay 861
120078,1907003019,Barangay 862
120079,1907003019,Barangay 863
120080,1907003019,Barangay 864
120081,1907003019,Barangay 865
120082,1907003019,Barangay 866
120083,1907003019,Barangay 867
120084,1907003019,Barangay 868
120085,1907003019,Barangay 869
120086,1907003019,Barangay 87
120087,1907003019,Barangay 870
120088,1907003019,Barangay 871
120089,1907003019,Barangay 872
120090,1907003019,Barangay 873
120091,1907003019,Barangay 874
120092,1907003019,Barangay 875
120093,1907003019,Barangay 876
120094,1907003019,Barangay 877
120095,1907003019,Barangay 878
120096,1907003019,Barangay 879
120097,1907003019,Barangay 88
120098,1907003019,Barangay 880
120099,1907003019,Barangay 881
120100,1907003019,Barangay 882
120101,1907003019,Barangay 883
120102,1907003019,Barangay 884
120103,1907003019,Barangay 885
120104,1907003019,Barangay 886
120105,1907003019,Barangay 887
120106,1907003019,Barangay 888
120107,1907003019,Barangay 889
120108,1907003019,Barangay 89
120109,1907003019,Barangay 890
120110,1907003019,Barangay 891
120111,1907003019,Barangay 892
120112,1907003019,Barangay 893
120113,1907003019,Barangay 894
120114,1907003019,Barangay 895
120115,1907003019,Barangay 896
120116,1907003019,Barangay 897
120117,1907003019,Barangay 898
120118,1907003019,Barangay 899
120119,1907003019,Barangay 9
120120,1907003019,Barangay 90
120121,1907003019,Barangay 900
120122,1907003019,Barangay 901
120123,1907003019,Barangay 902
120124,1907003019,Barangay 903
120125,1907003019,Barangay 904
120126,1907003019,Barangay 905
120127,1907003019,Barangay 91
120128,1907003019,Barangay 92
120129,1907003019,Barangay 93
120130,1907003019,Barangay 94
120131,1907003019,Barangay 95
120132,1907003019,Barangay 96
120133,1907003019,Barangay 97
120134,1907003019,Barangay 98
120135,1907003019,Barangay 99
120136,6556,Barangka
120137,6556,Calumpang
120138,6556,Concepcion Dos
120139,6556,Concepcion Uno
120140,6556,Fortune
120141,6556,Industrial Valley
120142,6556,Jesus de La Peña
120143,6556,Malanday
120144,6556,Marikina Heights
120145,6556,Nangka
120146,6556,Parang
120147,6556,San Roque
120148,6556,Santa Elena
120149,6556,Santo Niño
120150,6556,Tañong
120151,6556,Tumana
120152,6538,Alabang
120153,6538,Bayanan
120154,6538,Buli
120155,6538,Cupang
120156,6538,New Alabang Village
120157,6538,Poblacion
120158,6538,Putatan
120159,6538,Sucat
120160,6538,Tunasan
120161,6563,Bagumbayan North
120162,6563,Bagumbayan South
120163,6563,Bangculasi
120164,6563,Daanghari
120165,6563,NBBS Dagat-dagatan
120166,6563,NBBS Kaunlaran
120167,6563,NBBS Proper
120168,6563,Navotas East
120169,6563,Navotas West
120170,6563,North Bay Boulevard North
120171,6563,San Jose
120172,6563,San Rafael Village
120173,6563,San Roque
120174,6563,Sipac-Almacen
120175,6563,Tangos North
120176,6563,Tangos South
120177,6563,Tanza 1
120178,6563,Tanza 2
120179,6539,B. F. Homes
120180,6539,Baclaran
120181,6539,Don Bosco
120182,6539,Don Galo
120183,6539,La Huerta
120184,6539,Marcelo Green Village
120185,6539,Merville
120186,6539,Moonwalk
120187,6539,San Antonio
120188,6539,San Dionisio
120189,6539,San Isidro
120190,6539,San Martin de Porres
120191,6539,Santo Niño
120192,6539,Sun Valley
120193,6539,Tambo
120194,6539,Vitalez
120195,6540,Barangay 1
120196,6540,Barangay 10
120197,6540,Barangay 100
120198,6540,Barangay 101
120199,6540,Barangay 102
120200,6540,Barangay 103
120201,6540,Barangay 104
120202,6540,Barangay 105
120203,6540,Barangay 106
120204,6540,Barangay 107
120205,6540,Barangay 108
120206,6540,Barangay 109
120207,6540,Barangay 11
120208,6540,Barangay 110
120209,6540,Barangay 111
120210,6540,Barangay 112
120211,6540,Barangay 113
120212,6540,Barangay 114
120213,6540,Barangay 115
120214,6540,Barangay 116
120215,6540,Barangay 117
120216,6540,Barangay 118
120217,6540,Barangay 119
120218,6540,Barangay 12
120219,6540,Barangay 120
120220,6540,Barangay 121
120221,6540,Barangay 122
120222,6540,Barangay 123
120223,6540,Barangay 124
120224,6540,Barangay 125
120225,6540,Barangay 126
120226,6540,Barangay 127
120227,6540,Barangay 128
120228,6540,Barangay 129
120229,6540,Barangay 13
120230,6540,Barangay 130
120231,6540,Barangay 131
120232,6540,Barangay 132
120233,6540,Barangay 133
120234,6540,Barangay 134
120235,6540,Barangay 135
120236,6540,Barangay 136
120237,6540,Barangay 137
120238,6540,Barangay 138
120239,6540,Barangay 139
120240,6540,Barangay 14
120241,6540,Barangay 140
120242,6540,Barangay 141
120243,6540,Barangay 142
120244,6540,Barangay 143
120245,6540,Barangay 144
120246,6540,Barangay 145
120247,6540,Barangay 146
120248,6540,Barangay 147
120249,6540,Barangay 148
120250,6540,Barangay 149
120251,6540,Barangay 15
120252,6540,Barangay 150
120253,6540,Barangay 151
120254,6540,Barangay 152
120255,6540,Barangay 153
120256,6540,Barangay 154
120257,6540,Barangay 155
120258,6540,Barangay 156
120259,6540,Barangay 157
120260,6540,Barangay 158
120261,6540,Barangay 159
120262,6540,Barangay 16
120263,6540,Barangay 160
120264,6540,Barangay 161
120265,6540,Barangay 162
120266,6540,Barangay 163
120267,6540,Barangay 164
120268,6540,Barangay 165
120269,6540,Barangay 166
120270,6540,Barangay 167
120271,6540,Barangay 168
120272,6540,Barangay 169
120273,6540,Barangay 17
120274,6540,Barangay 170
120275,6540,Barangay 171
120276,6540,Barangay 172
120277,6540,Barangay 173
120278,6540,Barangay 174
120279,6540,Barangay 175
120280,6540,Barangay 176
120281,6540,Barangay 177
120282,6540,Barangay 178
120283,6540,Barangay 179
120284,6540,Barangay 18
120285,6540,Barangay 180
120286,6540,Barangay 181
120287,6540,Barangay 182
120288,6540,Barangay 183
120289,6540,Barangay 184
120290,6540,Barangay 185
120291,6540,Barangay 186
120292,6540,Barangay 187
120293,6540,Barangay 188
120294,6540,Barangay 189
120295,6540,Barangay 19
120296,6540,Barangay 190
120297,6540,Barangay 191
120298,6540,Barangay 192
120299,6540,Barangay 193
120300,6540,Barangay 194
120301,6540,Barangay 195
120302,6540,Barangay 196
120303,6540,Barangay 197
120304,6540,Barangay 198
120305,6540,Barangay 199
120306,6540,Barangay 2
120307,6540,Barangay 20
120308,6540,Barangay 200
120309,6540,Barangay 201
120310,6540,Barangay 21
120311,6540,Barangay 22
120312,6540,Barangay 23
120313,6540,Barangay 24
120314,6540,Barangay 25
120315,6540,Barangay 26
120316,6540,Barangay 27
120317,6540,Barangay 28
120318,6540,Barangay 29
120319,6540,Barangay 3
120320,6540,Barangay 30
120321,6540,Barangay 31
120322,6540,Barangay 32
120323,6540,Barangay 33
120324,6540,Barangay 34
120325,6540,Barangay 35
120326,6540,Barangay 36
120327,6540,Barangay 37
120328,6540,Barangay 38
120329,6540,Barangay 39
120330,6540,Barangay 4
120331,6540,Barangay 40
120332,6540,Barangay 41
120333,6540,Barangay 42
120334,6540,Barangay 43
120335,6540,Barangay 44
120336,6540,Barangay 45
120337,6540,Barangay 46
120338,6540,Barangay 47
120339,6540,Barangay 48
120340,6540,Barangay 49
120341,6540,Barangay 5
120342,6540,Barangay 50
120343,6540,Barangay 51
120344,6540,Barangay 52
120345,6540,Barangay 53
120346,6540,Barangay 54
120347,6540,Barangay 55
120348,6540,Barangay 56
120349,6540,Barangay 57
120350,6540,Barangay 58
120351,6540,Barangay 59
120352,6540,Barangay 6
120353,6540,Barangay 60
120354,6540,Barangay 61
120355,6540,Barangay 62
120356,6540,Barangay 63
120357,6540,Barangay 64
120358,6540,Barangay 65
120359,6540,Barangay 66
120360,6540,Barangay 67
120361,6540,Barangay 68
120362,6540,Barangay 69
120363,6540,Barangay 7
120364,6540,Barangay 70
120365,6540,Barangay 71
120366,6540,Barangay 72
120367,6540,Barangay 73
120368,6540,Barangay 74
120369,6540,Barangay 75
120370,6540,Barangay 76
120371,6540,Barangay 77
120372,6540,Barangay 78
120373,6540,Barangay 79
120374,6540,Barangay 8
120375,6540,Barangay 80
120376,6540,Barangay 81
120377,6540,Barangay 82
120378,6540,Barangay 83
120379,6540,Barangay 84
120380,6540,Barangay 85
120381,6540,Barangay 86
120382,6540,Barangay 87
120383,6540,Barangay 88
120384,6540,Barangay 89
120385,6540,Barangay 9
120386,6540,Barangay 90
120387,6540,Barangay 91
120388,6540,Barangay 92
120389,6540,Barangay 93
120390,6540,Barangay 94
120391,6540,Barangay 95
120392,6540,Barangay 96
120393,6540,Barangay 97
120394,6540,Barangay 98
120395,6540,Barangay 99
120396,6557,Bagong Ilog
120397,6557,Bagong Katipunan
120398,6557,Bambang
120399,6557,Buting
120400,6557,Caniogan
120401,6557,Dela Paz
120402,6557,Kalawaan
120403,6557,Kapasigan
120404,6557,Kapitolyo
120405,6557,Malinao
120406,6557,Manggahan
120407,6557,Maybunga
120408,6557,Oranbo
120409,6557,Palatiw
120410,6557,Pinagbuhatan
120411,6557,Pineda
120412,6557,Rosario
120413,6557,Sagad
120414,6557,San Antonio
120415,6557,San Joaquin
120416,6557,San Jose
120417,6557,San Miguel
120418,6557,San Nicolas
120419,6557,Santa Cruz
120420,6557,Santa Lucia
120421,6557,Santa Rosa
120422,6557,Santo Tomas
120423,6557,Santolan
120424,6557,Sumilang
120425,6557,Ugong
120426,6564,Aguho
120427,6564,Magtanggol
120428,6564,Martires del 96
120429,6564,Poblacion
120430,6564,San Pedro
120431,6564,San Roque
120432,6564,Santa Ana
120433,6564,Santo Rosario-Kanluran
120434,6564,Santo Rosario-Silangan
120435,6564,Tabacalera
120436,6092,Alicia
120437,6092,Amihan
120438,6092,Apolonio Samson
120439,6092,Aurora
120440,6092,Baesa
120441,6092,Bagbag
120442,6092,Bagong Lipunan ng Crame
120443,6092,Bagong Pag-asa
120444,6092,Bagong Silangan
120445,6092,Bagumbayan
120446,6092,Bagumbuhay
120447,6092,Bahay Toro
120448,6092,Balingasa
120449,6092,Balong Bato
120450,6092,Batasan Hills
120451,6092,Bayanihan
120452,6092,Blue Ridge A
120453,6092,Blue Ridge B
120454,6092,Botocan
120455,6092,Bungad
120456,6092,Camp Aguinaldo
120457,6092,Capri
120458,6092,Central
120459,6092,Claro
120460,6092,Commonwealth
120461,6092,Culiat
120462,6092,Damar
120463,6092,Damayan
120464,6092,Damayang Lagi
120465,6092,Del Monte
120466,6092,Dioquino Zobel
120467,6092,Don Manuel
120468,6092,Doña Imelda
120469,6092,Doña Josefa
120470,6092,Duyan-duyan
120471,6092,E. Rodriguez
120472,6092,East Kamias
120473,6092,Escopa I
120474,6092,Escopa II
120475,6092,Escopa III
120476,6092,Escopa IV
120477,6092,Fairview
120478,6092,Greater Lagro
120479,6092,Gulod
120480,6092,Holy Spirit
120481,6092,Horseshoe
120482,6092,Immaculate Concepcion
120483,6092,Kaligayahan
120484,6092,Kalusugan
120485,6092,Kamuning
120486,6092,Katipunan
120487,6092,Kaunlaran
120488,6092,Kristong Hari
120489,6092,Krus na Ligas
120490,6092,Laging Handa
120491,6092,Libis
120492,6092,Lourdes
120493,6092,Loyola Heights
120494,6092,Maharlika
120495,6092,Malaya
120496,6092,Mangga
120497,6092,Manresa
120498,6092,Mariana
120499,6092,Mariblo
120500,6092,Marilag
120501,6092,Masagana
120502,6092,Masambong
120503,6092,Matandang Balara
120504,6092,Milagrosa
120505,6092,N. S. Amoranto
120506,6092,Nagkaisang Nayon
120507,6092,Nayong Kanluran
120508,6092,New Era
120509,6092,North Fairview
120510,6092,Novaliches Proper
120511,6092,Obrero
120512,6092,Old Capitol Site
120513,6092,Paang Bundok
120514,6092,Pag-ibig sa Nayon
120515,6092,Paligsahan
120516,6092,Paltok
120517,6092,Pansol
120518,6092,Paraiso
120519,6092,Pasong Putik Proper
120520,6092,Pasong Tamo
120521,6092,Payatas
120522,6092,Phil-Am
120523,6092,Pinagkaisahan
120524,6092,Pinyahan
120525,6092,Project 6
120526,6092,Quirino 2-A
120527,6092,Quirino 2-B
120528,6092,Quirino 2-C
120529,6092,Quirino 3-A
120530,6092,Ramon Magsaysay
120531,6092,Roxas
120532,6092,Sacred Heart
120533,6092,Saint Ignatius
120534,6092,Saint Peter
120535,6092,Salvacion
120536,6092,San Agustin
120537,6092,San Antonio
120538,6092,San Bartolome
120539,6092,San Isidro
120540,6092,San Isidro Labrador
120541,6092,San Jose
120542,6092,San Martin de Porres
120543,6092,San Roque
120544,6092,San Vicente
120545,6092,Sangandaan
120546,6092,Santa Cruz
120547,6092,Santa Lucia
120548,6092,Santa Monica
120549,6092,Santa Teresita
120550,6092,Santo Cristo
120551,6092,Santo Domingo
120552,6092,Santo Niño
120553,6092,Santol
120554,6092,Sauyo
120555,6092,Sienna
120556,6092,Sikatuna Village
120557,6092,Silangan
120558,6092,Socorro
120559,6092,South Triangle
120560,6092,Tagumpay
120561,6092,Talayan
120562,6092,Talipapa
120563,6092,Tandang Sora
120564,6092,Tatalon
120565,6092,Teachers Village East
120566,6092,Teachers Village West
120567,6092,U.P. Campus
120568,6092,U.P. Village
120569,6092,Ugong Norte
120570,6092,Unang Sigaw
120571,6092,Valencia
120572,6092,Vasra
120573,6092,Veterans Village
120574,6092,Villa Maria Clara
120575,6092,West Kamias
120576,6092,West Triangle
120577,6092,White Plains
120578,5999,Addition Hills
120579,5999,Balong-Bato
120580,5999,Batis
120581,5999,Corazon de Jesus
120582,5999,Ermitaño
120583,5999,Greenhills
120584,5999,Halo-halo
120585,5999,Isabelita
120586,5999,Kabayanan
120587,5999,Little Baguio
120588,5999,Maytunas
120589,5999,Onse
120590,5999,Pasadeña
120591,5999,Pedro Cruz
120592,5999,Progreso
120593,5999,Rivera
120594,5999,Salapan
120595,5999,San Perfecto
120596,5999,Santa Lucia
120597,5999,Tibagan
120598,5999,West Crame
120599,6565,Bagumbayan
120600,6565,Bambang
120601,6565,Calzada
120602,6565,Central Bicutan
120603,6565,Central Signal Village
120604,6565,Fort Bonifacio
120605,6565,Hagonoy
120606,6565,Ibayo-Tipas
120607,6565,Katuparan
120608,6565,Ligid-Tipas
120609,6565,Lower Bicutan
120610,6565,Maharlika Village
120611,6565,Napindan
120612,6565,New Lower Bicutan
120613,6565,North Daang Hari
120614,6565,North Signal Village
120615,6565,Palingon
120616,6565,Pinagsama
120617,6565,San Miguel
120618,6565,Santa Ana
120619,6565,South Daang Hari
120620,6565,South Signal Village
120621,6565,Tanyag
120622,6565,Tuktukan
120623,6565,Upper Bicutan
120624,6565,Ususan
120625,6565,Wawa
120626,6565,Western Bicutan
120627,6561,Arkong Bato
120628,6561,Bagbaguin
120629,6561,Balangkas
120630,6561,Bignay
120631,6561,Bisig
120632,6561,Canumay East
120633,6561,Canumay West
120634,6561,Coloong
120635,6561,Dalandanan
120636,6561,Gen. T. de Leon
120637,6561,Isla
120638,6561,Karuhatan
120639,6561,Lawang Bato
120640,6561,Lingunan
120641,6561,Mabolo
120642,6561,Malanday
120643,6561,Malinta
120644,6561,Mapulang Lupa
120645,6561,Marulas
120646,6561,Maysan
120647,6561,Palasan
120648,6561,Parada
120649,6561,Pariancillo Villa
120650,6561,Paso de Blas
120651,6561,Pasolo
120652,6561,Poblacion
120653,6561,Pulo
120654,6561,Punturin
120655,6561,Rincon
120656,6561,Tagalag
120657,6561,Ugong
120658,6561,Viente Reales
120659,6561,Wawang Pulo
