source_pdf,detected_category
06_2024_lvm_grid_gross_generation_per_region_per_technology_and_per_ownershiprev_table_002_p2.csv,general
06_2024_lvm_grid_gross_generation_per_region_per_technology_and_per_ownershiprev_table_002_p2.csv,general
06_2024_lvm_grid_gross_generation_per_region_per_technology_and_per_ownershiprev_table_002_p2.csv,general
06_2024_lvm_grid_gross_generation_per_region_per_technology_and_per_ownershiprev_table_002_p2.csv,general
06_2024_lvm_grid_gross_generation_per_region_per_technology_and_per_ownershiprev_table_002_p2.csv,general
06_2024_lvm_grid_gross_generation_per_region_per_technology_and_per_ownershiprev_table_002_p2.csv,general
06_2024_lvm_grid_gross_generation_per_region_per_technology_and_per_ownershiprev_table_002_p2.csv,general
06_2024_lvm_grid_gross_generation_per_region_per_technology_and_per_ownershiprev_table_002_p2.csv,general
06_2024_lvm_grid_gross_generation_per_region_per_technology_and_per_ownershiprev_table_002_p2.csv,general
06_2024_lvm_grid_gross_generation_per_region_per_technology_and_per_ownershiprev_table_002_p2.csv,general
06_2024_lvm_grid_gross_generation_per_region_per_technology_and_per_ownershiprev_table_002_p2.csv,general
06_2024_lvm_grid_gross_generation_per_region_per_technology_and_per_ownershiprev_table_002_p2.csv,general
06_2024_lvm_grid_gross_generation_per_region_per_technology_and_per_ownershiprev_table_002_p2.csv,general
06_2024_lvm_grid_gross_generation_per_region_per_technology_and_per_ownershiprev_table_002_p2.csv,general
06_2024_lvm_grid_gross_generation_per_region_per_technology_and_per_ownershiprev_table_002_p2.csv,general
06_2024_lvm_grid_gross_generation_per_region_per_technology_and_per_ownershiprev_table_002_p2.csv,general
06_2024_lvm_grid_gross_generation_per_region_per_technology_and_per_ownershiprev_table_005_p1.csv,general
06_2024_lvm_grid_gross_generation_per_region_per_technology_and_per_ownershiprev_table_005_p1.csv,general
06_2024_lvm_grid_gross_generation_per_region_per_technology_and_per_ownershiprev_table_005_p1.csv,general
06_2024_lvm_grid_gross_generation_per_region_per_technology_and_per_ownershiprev_table_005_p1.csv,general
06_2024_lvm_grid_gross_generation_per_region_per_technology_and_per_ownershiprev_table_005_p1.csv,general
06_2024_lvm_grid_gross_generation_per_region_per_technology_and_per_ownershiprev_table_005_p1.csv,general
06_2024_lvm_grid_gross_generation_per_region_per_technology_and_per_ownershiprev_table_005_p1.csv,general
06_2024_lvm_grid_gross_generation_per_region_per_technology_and_per_ownershiprev_table_005_p1.csv,general
06_2024_lvm_grid_gross_generation_per_region_per_technology_and_per_ownershiprev_table_005_p1.csv,general
06_2024_lvm_grid_gross_generation_per_region_per_technology_and_per_ownershiprev_table_005_p1.csv,general
06_2024_lvm_grid_gross_generation_per_region_per_technology_and_per_ownershiprev_table_005_p1.csv,general
06_2024_lvm_grid_gross_generation_per_region_per_technology_and_per_ownershiprev_table_005_p1.csv,general
06_2024_lvm_grid_gross_generation_per_region_per_technology_and_per_ownershiprev_table_005_p1.csv,general
06_2024_lvm_grid_gross_generation_per_region_per_technology_and_per_ownershiprev_table_005_p1.csv,general
06_2024_lvm_grid_gross_generation_per_region_per_technology_and_per_ownershiprev_table_005_p1.csv,general
06_2024_lvm_grid_gross_generation_per_region_per_technology_and_per_ownershiprev_table_005_p1.csv,general
06_2024_lvm_grid_gross_generation_per_region_per_technology_and_per_ownershiprev_table_005_p1.csv,general
06_2024_lvm_grid_gross_generation_per_region_per_technology_and_per_ownershiprev_table_005_p1.csv,general
06_2024_lvm_grid_gross_generation_per_region_per_technology_and_per_ownershiprev_table_005_p1.csv,general
06_2024_lvm_grid_gross_generation_per_region_per_technology_and_per_ownershiprev_table_005_p1.csv,general
06_2024_lvm_grid_gross_generation_per_region_per_technology_and_per_ownershiprev_table_005_p1.csv,general
06_2024_lvm_grid_gross_generation_per_region_per_technology_and_per_ownershiprev_table_005_p1.csv,general
06_2024_lvm_grid_gross_generation_per_region_per_technology_and_per_ownershiprev_table_005_p1.csv,general
06_2024_lvm_grid_gross_generation_per_region_per_technology_and_per_ownershiprev_table_005_p1.csv,general
06_2024_lvm_grid_gross_generation_per_region_per_technology_and_per_ownershiprev_table_005_p1.csv,general
06_2024_lvm_grid_gross_generation_per_region_per_technology_and_per_ownershiprev_table_005_p1.csv,general
06_2024_lvm_grid_gross_generation_per_region_per_technology_and_per_ownershiprev_table_005_p1.csv,general
06_2024_lvm_grid_gross_generation_per_region_per_technology_and_per_ownershiprev_table_005_p1.csv,general
06_2024_lvm_grid_gross_generation_per_region_per_technology_and_per_ownershiprev_table_005_p1.csv,general
06_2024_lvm_grid_gross_generation_per_region_per_technology_and_per_ownershiprev_table_005_p1.csv,general
06_2024_lvm_grid_gross_generation_per_region_per_technology_and_per_ownershiprev_table_006_p2.csv,general
06_2024_lvm_grid_gross_generation_per_region_per_technology_and_per_ownershiprev_table_006_p2.csv,general
06_2024_lvm_grid_gross_generation_per_region_per_technology_and_per_ownershiprev_table_006_p2.csv,general
06_2024_lvm_grid_gross_generation_per_region_per_technology_and_per_ownershiprev_table_006_p2.csv,general
06_2024_lvm_grid_gross_generation_per_region_per_technology_and_per_ownershiprev_table_006_p2.csv,general
06_2024_lvm_grid_gross_generation_per_region_per_technology_and_per_ownershiprev_table_006_p2.csv,general
06_2024_lvm_grid_gross_generation_per_region_per_technology_and_per_ownershiprev_table_006_p2.csv,general
06_2024_lvm_grid_gross_generation_per_region_per_technology_and_per_ownershiprev_table_006_p2.csv,general
06_2024_lvm_grid_gross_generation_per_region_per_technology_and_per_ownershiprev_table_006_p2.csv,general
06_2024_lvm_grid_gross_generation_per_region_per_technology_and_per_ownershiprev_table_006_p2.csv,general
06_2024_lvm_grid_gross_generation_per_region_per_technology_and_per_ownershiprev_table_006_p2.csv,general
06_2024_lvm_grid_gross_generation_per_region_per_technology_and_per_ownershiprev_table_006_p2.csv,general
06_2024_lvm_grid_gross_generation_per_region_per_technology_and_per_ownershiprev_table_006_p2.csv,general
06_2024_lvm_grid_gross_generation_per_region_per_technology_and_per_ownershiprev_table_006_p2.csv,general
06_2024_lvm_grid_gross_generation_per_region_per_technology_and_per_ownershiprev_table_006_p2.csv,general
2024_philippine_energy_situationer_and_key_energy_statistics_table_001_p7.csv,general
2024_philippine_energy_situationer_and_key_energy_statistics_table_003_p10.csv,general
2024_philippine_energy_situationer_and_key_energy_statistics_table_003_p10.csv,general
2024_philippine_energy_situationer_and_key_energy_statistics_table_004_p10.csv,general
2024_philippine_energy_situationer_and_key_energy_statistics_table_005_p10.csv,general
2024_philippine_energy_situationer_and_key_energy_statistics_table_005_p10.csv,general
2024_philippine_energy_situationer_and_key_energy_statistics_table_007_p12.csv,general
2024_philippine_energy_situationer_and_key_energy_statistics_table_007_p12.csv,general
2024_philippine_energy_situationer_and_key_energy_statistics_table_007_p12.csv,general
2024_philippine_energy_situationer_and_key_energy_statistics_table_008_p12.csv,general
2024_philippine_energy_situationer_and_key_energy_statistics_table_008_p12.csv,general
2024_philippine_energy_situationer_and_key_energy_statistics_table_008_p12.csv,general
2024_philippine_energy_situationer_and_key_energy_statistics_table_010_p14.csv,general
2024_philippine_energy_situationer_and_key_energy_statistics_table_010_p14.csv,general
2024_philippine_energy_situationer_and_key_energy_statistics_table_010_p14.csv,general
2024_philippine_energy_situationer_and_key_energy_statistics_table_011_p14.csv,general
2024_philippine_energy_situationer_and_key_energy_statistics_table_011_p14.csv,general
2024_philippine_energy_situationer_and_key_energy_statistics_table_012_p15.csv,general
2024_philippine_energy_situationer_and_key_energy_statistics_table_015_p21.csv,general
2024_philippine_energy_situationer_and_key_energy_statistics_table_015_p21.csv,general
2024_philippine_energy_situationer_and_key_energy_statistics_table_015_p21.csv,general
2024_philippine_energy_situationer_and_key_energy_statistics_table_015_p21.csv,general
2024_philippine_energy_situationer_and_key_energy_statistics_table_015_p21.csv,general
2024_philippine_energy_situationer_and_key_energy_statistics_table_016_p21.csv,general
2024_philippine_energy_situationer_and_key_energy_statistics_table_016_p21.csv,general
2024_philippine_energy_situationer_and_key_energy_statistics_table_016_p21.csv,general
2024_philippine_energy_situationer_and_key_energy_statistics_table_017_p23.csv,general
2024_philippine_energy_situationer_and_key_energy_statistics_table_017_p23.csv,general
2024_philippine_energy_situationer_and_key_energy_statistics_table_017_p23.csv,general
2024_philippine_energy_situationer_and_key_energy_statistics_table_017_p23.csv,general
2024_philippine_energy_situationer_and_key_energy_statistics_table_017_p23.csv,general
2024_philippine_energy_situationer_and_key_energy_statistics_table_017_p23.csv,general
2024_philippine_energy_situationer_and_key_energy_statistics_table_017_p23.csv,general
2024_philippine_energy_situationer_and_key_energy_statistics_table_017_p23.csv,general
2024_philippine_energy_situationer_and_key_energy_statistics_table_017_p23.csv,general
2024_philippine_energy_situationer_and_key_energy_statistics_table_017_p23.csv,general
2024_philippine_energy_situationer_and_key_energy_statistics_table_017_p23.csv,general
2024_philippine_energy_situationer_and_key_energy_statistics_table_017_p23.csv,general
2024_philippine_energy_situationer_and_key_energy_statistics_table_017_p23.csv,general
2024_philippine_energy_situationer_and_key_energy_statistics_table_017_p23.csv,general
2024_philippine_energy_situationer_and_key_energy_statistics_table_019_p25.csv,general
2024_philippine_energy_situationer_and_key_energy_statistics_table_019_p25.csv,general
2024_philippine_energy_situationer_and_key_energy_statistics_table_019_p25.csv,general
2024_philippine_energy_situationer_and_key_energy_statistics_table_019_p25.csv,general
2024_philippine_energy_situationer_and_key_energy_statistics_table_019_p25.csv,general
2024_philippine_energy_situationer_and_key_energy_statistics_table_019_p25.csv,general
2024_philippine_energy_situationer_and_key_energy_statistics_table_019_p25.csv,general
2024_philippine_energy_situationer_and_key_energy_statistics_table_019_p25.csv,general
2024_philippine_energy_situationer_and_key_energy_statistics_table_019_p25.csv,general
2024_philippine_energy_situationer_and_key_energy_statistics_table_031_p40.csv,general
2024_philippine_energy_situationer_and_key_energy_statistics_table_031_p40.csv,general
2024_philippine_energy_situationer_and_key_energy_statistics_table_031_p40.csv,general
2024_philippine_energy_situationer_and_key_energy_statistics_table_031_p40.csv,general
2024_philippine_energy_situationer_and_key_energy_statistics_table_031_p40.csv,general
2024_philippine_energy_situationer_and_key_energy_statistics_table_031_p40.csv,general
2024_philippine_energy_situationer_and_key_energy_statistics_table_032_p40.csv,general
2024_philippine_energy_situationer_and_key_energy_statistics_table_032_p40.csv,general
2024_philippine_energy_situationer_and_key_energy_statistics_table_032_p40.csv,general
2024_philippine_energy_situationer_and_key_energy_statistics_table_032_p40.csv,general
2024_philippine_energy_situationer_and_key_energy_statistics_table_032_p40.csv,general
2024_philippine_energy_situationer_and_key_energy_statistics_table_032_p40.csv,general
2024_philippine_energy_situationer_and_key_energy_statistics_table_037_p43.csv,general
2024_philippine_energy_situationer_and_key_energy_statistics_table_037_p43.csv,general
2024_philippine_energy_situationer_and_key_energy_statistics_table_037_p43.csv,general
2024_philippine_energy_situationer_and_key_energy_statistics_table_037_p43.csv,general
2024_philippine_energy_situationer_and_key_energy_statistics_table_037_p43.csv,general
2024_philippine_energy_situationer_and_key_energy_statistics_table_037_p43.csv,general
2024_philippine_energy_situationer_and_key_energy_statistics_table_038_p43.csv,general
2024_philippine_energy_situationer_and_key_energy_statistics_table_038_p43.csv,general
2024_philippine_energy_situationer_and_key_energy_statistics_table_038_p43.csv,general
2024_philippine_energy_situationer_and_key_energy_statistics_table_038_p43.csv,general
2024_philippine_energy_situationer_and_key_energy_statistics_table_038_p43.csv,general
2024_philippine_energy_situationer_and_key_energy_statistics_table_038_p43.csv,general
2024_philippine_energy_situationer_and_key_energy_statistics_table_041_p44.csv,general
2024_philippine_energy_situationer_and_key_energy_statistics_table_042_p44.csv,general
2024_philippine_energy_situationer_and_key_energy_statistics_table_053_p53.csv,general
2024_philippine_energy_situationer_and_key_energy_statistics_table_053_p53.csv,general
2024_philippine_energy_situationer_and_key_energy_statistics_table_053_p53.csv,general
2024_philippine_energy_situationer_and_key_energy_statistics_table_053_p53.csv,general
2024_philippine_energy_situationer_and_key_energy_statistics_table_053_p53.csv,general
2024_philippine_energy_situationer_and_key_energy_statistics_table_053_p53.csv,general
2024_philippine_energy_situationer_and_key_energy_statistics_table_053_p53.csv,general
2024_philippine_energy_situationer_and_key_energy_statistics_table_053_p53.csv,general
2024_philippine_energy_situationer_and_key_energy_statistics_table_053_p53.csv,general
2024_philippine_energy_situationer_and_key_energy_statistics_table_053_p53.csv,general
2024_philippine_energy_situationer_and_key_energy_statistics_table_054_p53.csv,general
2024_philippine_energy_situationer_and_key_energy_statistics_table_054_p53.csv,general
2024_philippine_energy_situationer_and_key_energy_statistics_table_054_p53.csv,general
2024_philippine_energy_situationer_and_key_energy_statistics_table_054_p53.csv,general
2024_philippine_energy_situationer_and_key_energy_statistics_table_054_p53.csv,general
2024_philippine_energy_situationer_and_key_energy_statistics_table_054_p53.csv,general
2024_philippine_energy_situationer_and_key_energy_statistics_table_054_p53.csv,general
2024_philippine_energy_situationer_and_key_energy_statistics_table_054_p53.csv,general
2024_philippine_energy_situationer_and_key_energy_statistics_table_054_p53.csv,general
2024_philippine_energy_situationer_and_key_energy_statistics_table_054_p53.csv,general
2024_philippine_energy_situationer_and_key_energy_statistics_table_054_p53.csv,general
2024_philippine_energy_situationer_and_key_energy_statistics_table_057_p55.csv,general
2024_philippine_energy_situationer_and_key_energy_statistics_table_057_p55.csv,general
2024_philippine_energy_situationer_and_key_energy_statistics_table_057_p55.csv,general
2024_philippine_energy_situationer_and_key_energy_statistics_table_057_p55.csv,general
2024_philippine_energy_situationer_and_key_energy_statistics_table_057_p55.csv,general
2024_philippine_energy_situationer_and_key_energy_statistics_table_057_p55.csv,general
2024_philippine_energy_situationer_and_key_energy_statistics_table_057_p55.csv,general
2024_philippine_energy_situationer_and_key_energy_statistics_table_057_p55.csv,general
2024_philippine_energy_situationer_and_key_energy_statistics_table_057_p55.csv,general
2024_philippine_energy_situationer_and_key_energy_statistics_table_057_p55.csv,general
2024_philippine_energy_situationer_and_key_energy_statistics_table_057_p55.csv,general
2024_philippine_energy_situationer_and_key_energy_statistics_table_057_p55.csv,general
2024_philippine_energy_situationer_and_key_energy_statistics_table_057_p55.csv,general
2024_philippine_energy_situationer_and_key_energy_statistics_table_057_p55.csv,general
2024_philippine_energy_situationer_and_key_energy_statistics_table_057_p55.csv,general
2024_philippine_energy_situationer_and_key_energy_statistics_table_057_p55.csv,general
2024_philippine_energy_situationer_and_key_energy_statistics_table_057_p55.csv,general
2024_philippine_energy_situationer_and_key_energy_statistics_table_057_p55.csv,general
2024_philippine_energy_situationer_and_key_energy_statistics_table_057_p55.csv,general
2024_philippine_energy_situationer_and_key_energy_statistics_table_057_p55.csv,general
2024_philippine_energy_situationer_and_key_energy_statistics_table_057_p55.csv,general
2024_philippine_energy_situationer_and_key_energy_statistics_table_057_p55.csv,general
2024_philippine_energy_situationer_and_key_energy_statistics_table_057_p55.csv,general
2024_philippine_energy_situationer_and_key_energy_statistics_table_057_p55.csv,general
2024_philippine_energy_situationer_and_key_energy_statistics_table_057_p55.csv,general
2024_philippine_energy_situationer_and_key_energy_statistics_table_057_p55.csv,general
2024_philippine_energy_situationer_and_key_energy_statistics_table_057_p55.csv,general
2024_philippine_energy_situationer_and_key_energy_statistics_table_057_p55.csv,general
2024_philippine_energy_situationer_and_key_energy_statistics_table_057_p55.csv,general
2024_philippine_energy_situationer_and_key_energy_statistics_table_058_p56.csv,general
2024_philippine_energy_situationer_and_key_energy_statistics_table_058_p56.csv,general
2024_philippine_energy_situationer_and_key_energy_statistics_table_058_p56.csv,general
2024_philippine_energy_situationer_and_key_energy_statistics_table_058_p56.csv,general
2024_philippine_energy_situationer_and_key_energy_statistics_table_058_p56.csv,general
2024_philippine_energy_situationer_and_key_energy_statistics_table_058_p56.csv,general
2024_philippine_energy_situationer_and_key_energy_statistics_table_058_p56.csv,general
2024_philippine_energy_situationer_and_key_energy_statistics_table_058_p56.csv,general
2024_philippine_energy_situationer_and_key_energy_statistics_table_058_p56.csv,general
2024_philippine_energy_situationer_and_key_energy_statistics_table_058_p56.csv,general
2024_philippine_energy_situationer_and_key_energy_statistics_table_058_p56.csv,general
2024_philippine_energy_situationer_and_key_energy_statistics_table_058_p56.csv,general
2024_philippine_energy_situationer_and_key_energy_statistics_table_058_p56.csv,general
2024_philippine_energy_situationer_and_key_energy_statistics_table_058_p56.csv,general
2024_philippine_energy_situationer_and_key_energy_statistics_table_058_p56.csv,general
2024_philippine_energy_situationer_and_key_energy_statistics_table_058_p56.csv,general
2024_philippine_energy_situationer_and_key_energy_statistics_table_058_p56.csv,general
2024_philippine_energy_situationer_and_key_energy_statistics_table_058_p56.csv,general
2024_philippine_energy_situationer_and_key_energy_statistics_table_058_p56.csv,general
2024_philippine_energy_situationer_and_key_energy_statistics_table_058_p56.csv,general
2024_philippine_energy_situationer_and_key_energy_statistics_table_058_p56.csv,general
2024_philippine_energy_situationer_and_key_energy_statistics_table_058_p56.csv,general
2024_philippine_energy_situationer_and_key_energy_statistics_table_058_p56.csv,general
2024_philippine_energy_situationer_and_key_energy_statistics_table_058_p56.csv,general
2024_philippine_energy_situationer_and_key_energy_statistics_table_058_p56.csv,general
2024_philippine_energy_situationer_and_key_energy_statistics_table_058_p56.csv,general
2024_philippine_energy_situationer_and_key_energy_statistics_table_059_p57.csv,general
2024_philippine_energy_situationer_and_key_energy_statistics_table_059_p57.csv,general
2024_philippine_energy_situationer_and_key_energy_statistics_table_059_p57.csv,general
2024_philippine_energy_situationer_and_key_energy_statistics_table_059_p57.csv,general
2024_philippine_energy_situationer_and_key_energy_statistics_table_059_p57.csv,general
2024_philippine_energy_situationer_and_key_energy_statistics_table_059_p57.csv,general
2024_philippine_energy_situationer_and_key_energy_statistics_table_059_p57.csv,general
2024_philippine_energy_situationer_and_key_energy_statistics_table_059_p57.csv,general
2024_philippine_energy_situationer_and_key_energy_statistics_table_059_p57.csv,general
2024_philippine_energy_situationer_and_key_energy_statistics_table_059_p57.csv,general
2024_philippine_energy_situationer_and_key_energy_statistics_table_059_p57.csv,general
2024_philippine_energy_situationer_and_key_energy_statistics_table_059_p57.csv,general
2024_philippine_energy_situationer_and_key_energy_statistics_table_059_p57.csv,general
2024_philippine_energy_situationer_and_key_energy_statistics_table_059_p57.csv,general
2024_philippine_energy_situationer_and_key_energy_statistics_table_059_p57.csv,general
2024_philippine_energy_situationer_and_key_energy_statistics_table_059_p57.csv,general
2024_philippine_energy_situationer_and_key_energy_statistics_table_060_p57.csv,general
2024_philippine_energy_situationer_and_key_energy_statistics_table_060_p57.csv,general
2024_philippine_energy_situationer_and_key_energy_statistics_table_060_p57.csv,general
2024_philippine_energy_situationer_and_key_energy_statistics_table_060_p57.csv,general
2024_philippine_energy_situationer_and_key_energy_statistics_table_060_p57.csv,general
2024_philippine_energy_situationer_and_key_energy_statistics_table_060_p57.csv,general
2024_philippine_energy_situationer_and_key_energy_statistics_table_060_p57.csv,general
2024_philippine_energy_situationer_and_key_energy_statistics_table_060_p57.csv,general
2024_philippine_energy_situationer_and_key_energy_statistics_table_060_p57.csv,general
2024_philippine_energy_situationer_and_key_energy_statistics_table_060_p57.csv,general
2024_philippine_energy_situationer_and_key_energy_statistics_table_060_p57.csv,general
2024_philippine_energy_situationer_and_key_energy_statistics_table_060_p57.csv,general
2024_philippine_energy_situationer_and_key_energy_statistics_table_060_p57.csv,general
2024_philippine_energy_situationer_and_key_energy_statistics_table_060_p57.csv,general
2024_philippine_energy_situationer_and_key_energy_statistics_table_060_p57.csv,general
2024_philippine_energy_situationer_and_key_energy_statistics_table_060_p57.csv,general
2024_philippine_energy_situationer_and_key_energy_statistics_table_060_p57.csv,general
2024_philippine_energy_situationer_and_key_energy_statistics_table_060_p57.csv,general
2024_philippine_energy_situationer_and_key_energy_statistics_table_060_p57.csv,general
2024_philippine_energy_situationer_and_key_energy_statistics_table_067_p61.csv,general
2024_philippine_energy_situationer_and_key_energy_statistics_table_067_p61.csv,general
2024_philippine_energy_situationer_and_key_energy_statistics_table_067_p61.csv,general
2024_philippine_energy_situationer_and_key_energy_statistics_table_067_p61.csv,general
2024_philippine_energy_situationer_and_key_energy_statistics_table_067_p61.csv,general
2024_philippine_energy_situationer_and_key_energy_statistics_table_067_p61.csv,general
2024_philippine_energy_situationer_and_key_energy_statistics_table_067_p61.csv,general
2024_philippine_energy_situationer_and_key_energy_statistics_table_067_p61.csv,general
2024_philippine_energy_situationer_and_key_energy_statistics_table_068_p61.csv,general
2024_philippine_energy_situationer_and_key_energy_statistics_table_068_p61.csv,general
2024_philippine_energy_situationer_and_key_energy_statistics_table_068_p61.csv,general
2024_philippine_energy_situationer_and_key_energy_statistics_table_068_p61.csv,general
2024_philippine_energy_situationer_and_key_energy_statistics_table_068_p61.csv,general
2024_philippine_energy_situationer_and_key_energy_statistics_table_068_p61.csv,general
2024_philippine_energy_situationer_and_key_energy_statistics_table_068_p61.csv,general
2024_philippine_energy_situationer_and_key_energy_statistics_table_068_p61.csv,general
2024_philippine_energy_situationer_and_key_energy_statistics_table_070_p62.csv,general
2024_philippine_energy_situationer_and_key_energy_statistics_table_070_p62.csv,general
2024_philippine_energy_situationer_and_key_energy_statistics_table_070_p62.csv,general
2024_philippine_energy_situationer_and_key_energy_statistics_table_070_p62.csv,general
2024_philippine_energy_situationer_and_key_energy_statistics_table_070_p62.csv,general
2024_philippine_energy_situationer_and_key_energy_statistics_table_070_p62.csv,general
2024_philippine_energy_situationer_and_key_energy_statistics_table_070_p62.csv,general
2024_philippine_energy_situationer_and_key_energy_statistics_table_070_p62.csv,general
2024_philippine_energy_situationer_and_key_energy_statistics_table_070_p62.csv,general
2024_philippine_energy_situationer_and_key_energy_statistics_table_071_p62.csv,general
2024_philippine_energy_situationer_and_key_energy_statistics_table_071_p62.csv,general
2024_philippine_energy_situationer_and_key_energy_statistics_table_071_p62.csv,general
2024_philippine_energy_situationer_and_key_energy_statistics_table_071_p62.csv,general
2024_philippine_energy_situationer_and_key_energy_statistics_table_071_p62.csv,general
2024_philippine_energy_situationer_and_key_energy_statistics_table_071_p62.csv,general
2024_philippine_energy_situationer_and_key_energy_statistics_table_071_p62.csv,general
2024_philippine_energy_situationer_and_key_energy_statistics_table_071_p62.csv,general
2024_philippine_energy_situationer_and_key_energy_statistics_table_071_p62.csv,general
2024_philippine_energy_situationer_and_key_energy_statistics_table_071_p62.csv,general
2024_philippine_energy_situationer_and_key_energy_statistics_table_072_p63.csv,general
2024_philippine_energy_situationer_and_key_energy_statistics_table_072_p63.csv,general
2024_philippine_energy_situationer_and_key_energy_statistics_table_072_p63.csv,general
2024_philippine_energy_situationer_and_key_energy_statistics_table_072_p63.csv,general
2024_philippine_energy_situationer_and_key_energy_statistics_table_072_p63.csv,general
2024_philippine_energy_situationer_and_key_energy_statistics_table_072_p63.csv,general
2024_philippine_energy_situationer_and_key_energy_statistics_table_073_p63.csv,general
2024_philippine_energy_situationer_and_key_energy_statistics_table_073_p63.csv,general
2024_philippine_energy_situationer_and_key_energy_statistics_table_073_p63.csv,general
2024_philippine_energy_situationer_and_key_energy_statistics_table_073_p63.csv,general
2024_philippine_energy_situationer_and_key_energy_statistics_table_073_p63.csv,general
2024_philippine_energy_situationer_and_key_energy_statistics_table_073_p63.csv,general
2024_philippine_energy_situationer_and_key_energy_statistics_table_074_p64.csv,general
2024_philippine_energy_situationer_and_key_energy_statistics_table_074_p64.csv,general
2024_philippine_energy_situationer_and_key_energy_statistics_table_074_p64.csv,general
2024_philippine_energy_situationer_and_key_energy_statistics_table_074_p64.csv,general
2024_philippine_energy_situationer_and_key_energy_statistics_table_074_p64.csv,general
2024_philippine_energy_situationer_and_key_energy_statistics_table_074_p64.csv,general
2024_philippine_energy_situationer_and_key_energy_statistics_table_074_p64.csv,general
2024_philippine_energy_situationer_and_key_energy_statistics_table_074_p64.csv,general
2024_philippine_energy_situationer_and_key_energy_statistics_table_075_p64.csv,general
2024_philippine_energy_situationer_and_key_energy_statistics_table_075_p64.csv,general
2024_philippine_energy_situationer_and_key_energy_statistics_table_075_p64.csv,general
2024_philippine_energy_situationer_and_key_energy_statistics_table_075_p64.csv,general
2024_philippine_energy_situationer_and_key_energy_statistics_table_075_p64.csv,general
2024_philippine_energy_situationer_and_key_energy_statistics_table_075_p64.csv,general
2024_philippine_energy_situationer_and_key_energy_statistics_table_075_p64.csv,general
2024_philippine_energy_situationer_and_key_energy_statistics_table_075_p64.csv,general
2024_philippine_energy_situationer_and_key_energy_statistics_table_075_p64.csv,general
2024_philippine_energy_situationer_and_key_energy_statistics_table_076_p65.csv,general
2024_philippine_energy_situationer_and_key_energy_statistics_table_076_p65.csv,general
2024_philippine_energy_situationer_and_key_energy_statistics_table_076_p65.csv,general
2024_philippine_energy_situationer_and_key_energy_statistics_table_076_p65.csv,general
2024_philippine_energy_situationer_and_key_energy_statistics_table_077_p65.csv,general
2024_philippine_energy_situationer_and_key_energy_statistics_table_077_p65.csv,general
2024_philippine_energy_situationer_and_key_energy_statistics_table_077_p65.csv,general
2024_philippine_energy_situationer_and_key_energy_statistics_table_077_p65.csv,general
2024_philippine_energy_situationer_and_key_energy_statistics_table_081_p67.csv,general
2024_philippine_energy_situationer_and_key_energy_statistics_table_081_p67.csv,general
2024_philippine_energy_situationer_and_key_energy_statistics_table_081_p67.csv,general
2024_philippine_energy_situationer_and_key_energy_statistics_table_082_p67.csv,general
2024_philippine_energy_situationer_and_key_energy_statistics_table_082_p67.csv,general
2024_philippine_energy_situationer_and_key_energy_statistics_table_082_p67.csv,general
2024_philippine_energy_situationer_and_key_energy_statistics_table_083_p67.csv,general
2024_philippine_energy_situationer_and_key_energy_statistics_table_083_p67.csv,general
2024_philippine_energy_situationer_and_key_energy_statistics_table_083_p67.csv,general
2024_philippine_energy_situationer_and_key_energy_statistics_table_084_p67.csv,general
2024_philippine_energy_situationer_and_key_energy_statistics_table_084_p67.csv,general
2024_philippine_energy_situationer_and_key_energy_statistics_table_084_p67.csv,general
2024_philippine_energy_situationer_and_key_energy_statistics_table_085_p67.csv,general
2024_philippine_energy_situationer_and_key_energy_statistics_table_085_p67.csv,general
2024_philippine_energy_situationer_and_key_energy_statistics_table_085_p67.csv,general
2024_philippine_energy_situationer_and_key_energy_statistics_table_086_p67.csv,general
2024_philippine_energy_situationer_and_key_energy_statistics_table_086_p67.csv,general
2024_philippine_energy_situationer_and_key_energy_statistics_table_086_p67.csv,general
2024_philippine_energy_situationer_and_key_energy_statistics_table_087_p68.csv,general
2024_philippine_energy_situationer_and_key_energy_statistics_table_087_p68.csv,general
2024_philippine_energy_situationer_and_key_energy_statistics_table_087_p68.csv,general
2024_philippine_energy_situationer_and_key_energy_statistics_table_088_p68.csv,general
2024_philippine_energy_situationer_and_key_energy_statistics_table_088_p68.csv,general
2024_philippine_energy_situationer_and_key_energy_statistics_table_088_p68.csv,general
2024_philippine_energy_situationer_and_key_energy_statistics_table_089_p68.csv,general
2024_philippine_energy_situationer_and_key_energy_statistics_table_089_p68.csv,general
2024_philippine_energy_situationer_and_key_energy_statistics_table_089_p68.csv,general
2024_philippine_energy_situationer_and_key_energy_statistics_table_090_p68.csv,general
2024_philippine_energy_situationer_and_key_energy_statistics_table_090_p68.csv,general
2024_philippine_energy_situationer_and_key_energy_statistics_table_090_p68.csv,general
2024_philippine_energy_situationer_and_key_energy_statistics_table_104_p72.csv,general
2024_philippine_energy_situationer_and_key_energy_statistics_table_104_p72.csv,general
2024_philippine_energy_situationer_and_key_energy_statistics_table_104_p72.csv,general
2024_philippine_energy_situationer_and_key_energy_statistics_table_104_p72.csv,general
2024_philippine_energy_situationer_and_key_energy_statistics_table_104_p72.csv,general
2024_philippine_energy_situationer_and_key_energy_statistics_table_104_p72.csv,general
2024_philippine_energy_situationer_and_key_energy_statistics_table_104_p72.csv,general
2024_philippine_energy_situationer_and_key_energy_statistics_table_105_p72.csv,general
2024_philippine_energy_situationer_and_key_energy_statistics_table_105_p72.csv,general
2024_philippine_energy_situationer_and_key_energy_statistics_table_105_p72.csv,general
2024_philippine_energy_situationer_and_key_energy_statistics_table_105_p72.csv,general
2024_philippine_energy_situationer_and_key_energy_statistics_table_105_p72.csv,general
2024_philippine_energy_situationer_and_key_energy_statistics_table_105_p72.csv,general
2024_philippine_energy_situationer_and_key_energy_statistics_table_105_p72.csv,general
2024_philippine_energy_situationer_and_key_energy_statistics_table_106_p73.csv,general
2024_philippine_energy_situationer_and_key_energy_statistics_table_106_p73.csv,general
2024_philippine_energy_situationer_and_key_energy_statistics_table_106_p73.csv,general
2024_philippine_energy_situationer_and_key_energy_statistics_table_106_p73.csv,general
2024_philippine_energy_situationer_and_key_energy_statistics_table_106_p73.csv,general
2024_philippine_energy_situationer_and_key_energy_statistics_table_106_p73.csv,general
2024_philippine_energy_situationer_and_key_energy_statistics_table_106_p73.csv,general
2024_philippine_energy_situationer_and_key_energy_statistics_table_106_p73.csv,general
2024_philippine_energy_situationer_and_key_energy_statistics_table_106_p73.csv,general
2024_philippine_energy_situationer_and_key_energy_statistics_table_106_p73.csv,general
2024_philippine_energy_situationer_and_key_energy_statistics_table_106_p73.csv,general
2024_philippine_energy_situationer_and_key_energy_statistics_table_106_p73.csv,general
2024_philippine_energy_situationer_and_key_energy_statistics_table_106_p73.csv,general
2024_philippine_energy_situationer_and_key_energy_statistics_table_106_p73.csv,general
2024_philippine_energy_situationer_and_key_energy_statistics_table_106_p73.csv,general
2024_philippine_energy_situationer_and_key_energy_statistics_table_106_p73.csv,general
2024_philippine_energy_situationer_and_key_energy_statistics_table_106_p73.csv,general
2024_philippine_energy_situationer_and_key_energy_statistics_table_106_p73.csv,general
2024_philippine_energy_situationer_and_key_energy_statistics_table_106_p73.csv,general
2024_philippine_energy_situationer_and_key_energy_statistics_table_106_p73.csv,general
2024_philippine_energy_situationer_and_key_energy_statistics_table_106_p73.csv,general
2024_philippine_energy_situationer_and_key_energy_statistics_table_106_p73.csv,general
2024_philippine_energy_situationer_and_key_energy_statistics_table_110_p78.csv,general
2024_philippine_energy_situationer_and_key_energy_statistics_table_117_p14.csv,general
2024_philippine_energy_situationer_and_key_energy_statistics_table_120_p21.csv,general
2024_philippine_energy_situationer_and_key_energy_statistics_table_121_p23.csv,general
2024_philippine_energy_situationer_and_key_energy_statistics_table_121_p23.csv,general
2024_philippine_energy_situationer_and_key_energy_statistics_table_121_p23.csv,general
2024_philippine_energy_situationer_and_key_energy_statistics_table_121_p23.csv,general
2024_philippine_energy_situationer_and_key_energy_statistics_table_121_p23.csv,general
2024_philippine_energy_situationer_and_key_energy_statistics_table_121_p23.csv,general
2024_philippine_energy_situationer_and_key_energy_statistics_table_121_p23.csv,general
2024_philippine_energy_situationer_and_key_energy_statistics_table_121_p23.csv,general
2024_philippine_energy_situationer_and_key_energy_statistics_table_121_p23.csv,general
2024_philippine_energy_situationer_and_key_energy_statistics_table_121_p23.csv,general
2024_philippine_energy_situationer_and_key_energy_statistics_table_121_p23.csv,general
2024_philippine_energy_situationer_and_key_energy_statistics_table_121_p23.csv,general
2024_philippine_energy_situationer_and_key_energy_statistics_table_121_p23.csv,general
2024_philippine_energy_situationer_and_key_energy_statistics_table_121_p23.csv,general
2024_philippine_energy_situationer_and_key_energy_statistics_table_123_p25.csv,general
2024_philippine_energy_situationer_and_key_energy_statistics_table_123_p25.csv,general
2024_philippine_energy_situationer_and_key_energy_statistics_table_123_p25.csv,general
2024_philippine_energy_situationer_and_key_energy_statistics_table_123_p25.csv,general
2024_philippine_energy_situationer_and_key_energy_statistics_table_123_p25.csv,general
2024_philippine_energy_situationer_and_key_energy_statistics_table_123_p25.csv,general
2024_philippine_energy_situationer_and_key_energy_statistics_table_123_p25.csv,general
2024_philippine_energy_situationer_and_key_energy_statistics_table_123_p25.csv,general
2024_philippine_energy_situationer_and_key_energy_statistics_table_123_p25.csv,general
2024_philippine_energy_situationer_and_key_energy_statistics_table_124_p27.csv,general
2024_philippine_energy_situationer_and_key_energy_statistics_table_124_p27.csv,general
2024_philippine_energy_situationer_and_key_energy_statistics_table_133_p40.csv,general
2024_philippine_energy_situationer_and_key_energy_statistics_table_134_p40.csv,general
2024_philippine_energy_situationer_and_key_energy_statistics_table_158_p56.csv,general
2024_philippine_energy_situationer_and_key_energy_statistics_table_158_p56.csv,general
2024_philippine_energy_situationer_and_key_energy_statistics_table_158_p56.csv,general
2024_philippine_energy_situationer_and_key_energy_statistics_table_158_p56.csv,general
2024_philippine_energy_situationer_and_key_energy_statistics_table_158_p56.csv,general
2024_philippine_energy_situationer_and_key_energy_statistics_table_158_p56.csv,general
2024_philippine_energy_situationer_and_key_energy_statistics_table_158_p56.csv,general
2024_philippine_energy_situationer_and_key_energy_statistics_table_158_p56.csv,general
2024_philippine_energy_situationer_and_key_energy_statistics_table_158_p56.csv,general
2024_philippine_energy_situationer_and_key_energy_statistics_table_158_p56.csv,general
2024_philippine_energy_situationer_and_key_energy_statistics_table_158_p56.csv,general
2024_philippine_energy_situationer_and_key_energy_statistics_table_158_p56.csv,general
2024_philippine_energy_situationer_and_key_energy_statistics_table_158_p56.csv,general
2024_philippine_energy_situationer_and_key_energy_statistics_table_158_p56.csv,general
2024_philippine_energy_situationer_and_key_energy_statistics_table_158_p56.csv,general
2024_philippine_energy_situationer_and_key_energy_statistics_table_158_p56.csv,general
2024_philippine_energy_situationer_and_key_energy_statistics_table_158_p56.csv,general
2024_philippine_energy_situationer_and_key_energy_statistics_table_158_p56.csv,general
2024_philippine_energy_situationer_and_key_energy_statistics_table_158_p56.csv,general
2024_philippine_energy_situationer_and_key_energy_statistics_table_158_p56.csv,general
2024_philippine_energy_situationer_and_key_energy_statistics_table_158_p56.csv,general
2024_philippine_energy_situationer_and_key_energy_statistics_table_158_p56.csv,general
2024_philippine_energy_situationer_and_key_energy_statistics_table_158_p56.csv,general
2024_philippine_energy_situationer_and_key_energy_statistics_table_158_p56.csv,general
2024_philippine_energy_situationer_and_key_energy_statistics_table_158_p56.csv,general
2024_philippine_energy_situationer_and_key_energy_statistics_table_158_p56.csv,general
2024_philippine_energy_situationer_and_key_energy_statistics_table_160_p57.csv,general
2024_philippine_energy_situationer_and_key_energy_statistics_table_160_p57.csv,general
2024_philippine_energy_situationer_and_key_energy_statistics_table_160_p57.csv,general
2024_philippine_energy_situationer_and_key_energy_statistics_table_160_p57.csv,general
2024_philippine_energy_situationer_and_key_energy_statistics_table_160_p57.csv,general
2024_philippine_energy_situationer_and_key_energy_statistics_table_160_p57.csv,general
2024_philippine_energy_situationer_and_key_energy_statistics_table_160_p57.csv,general
2024_philippine_energy_situationer_and_key_energy_statistics_table_160_p57.csv,general
2024_philippine_energy_situationer_and_key_energy_statistics_table_160_p57.csv,general
2024_philippine_energy_situationer_and_key_energy_statistics_table_160_p57.csv,general
2024_philippine_energy_situationer_and_key_energy_statistics_table_160_p57.csv,general
2024_philippine_energy_situationer_and_key_energy_statistics_table_160_p57.csv,general
2024_philippine_energy_situationer_and_key_energy_statistics_table_160_p57.csv,general
2024_philippine_energy_situationer_and_key_energy_statistics_table_161_p58.csv,general
2024_philippine_energy_situationer_and_key_energy_statistics_table_162_p59.csv,general
2024_philippine_energy_situationer_and_key_energy_statistics_table_169_p67.csv,general
2024_philippine_energy_situationer_and_key_energy_statistics_table_170_p67.csv,general
2024_philippine_energy_situationer_and_key_energy_statistics_table_173_p3.csv,general
2024_philippine_energy_situationer_and_key_energy_statistics_table_173_p3.csv,general
2024_philippine_energy_situationer_and_key_energy_statistics_table_173_p3.csv,general
2024_philippine_energy_situationer_and_key_energy_statistics_table_173_p3.csv,general
2024_philippine_energy_situationer_and_key_energy_statistics_table_173_p3.csv,general
2024_philippine_energy_situationer_and_key_energy_statistics_table_173_p3.csv,general
2024_philippine_energy_situationer_and_key_energy_statistics_table_173_p3.csv,general
2024_philippine_energy_situationer_and_key_energy_statistics_table_173_p3.csv,general
2024_philippine_energy_situationer_and_key_energy_statistics_table_177_p7.csv,general
2024_philippine_energy_situationer_and_key_energy_statistics_table_177_p7.csv,general
2024_philippine_energy_situationer_and_key_energy_statistics_table_177_p7.csv,general
2024_philippine_energy_situationer_and_key_energy_statistics_table_177_p7.csv,general
2024_philippine_energy_situationer_and_key_energy_statistics_table_177_p7.csv,general
2024_philippine_energy_situationer_and_key_energy_statistics_table_177_p7.csv,general
2024_philippine_energy_situationer_and_key_energy_statistics_table_177_p7.csv,general
2024_philippine_energy_situationer_and_key_energy_statistics_table_177_p7.csv,general
2024_philippine_energy_situationer_and_key_energy_statistics_table_177_p7.csv,general
2024_philippine_energy_situationer_and_key_energy_statistics_table_177_p7.csv,general
2024_philippine_energy_situationer_and_key_energy_statistics_table_177_p7.csv,general
2024_philippine_energy_situationer_and_key_energy_statistics_table_177_p7.csv,general
2024_philippine_energy_situationer_and_key_energy_statistics_table_177_p7.csv,general
2024_philippine_energy_situationer_and_key_energy_statistics_table_177_p7.csv,general
2024_philippine_energy_situationer_and_key_energy_statistics_table_177_p7.csv,general
2024_philippine_energy_situationer_and_key_energy_statistics_table_177_p7.csv,general
2024_philippine_energy_situationer_and_key_energy_statistics_table_177_p7.csv,general
2024_philippine_energy_situationer_and_key_energy_statistics_table_177_p7.csv,general
2024_philippine_energy_situationer_and_key_energy_statistics_table_177_p7.csv,general
2024_philippine_energy_situationer_and_key_energy_statistics_table_177_p7.csv,general
2024_philippine_energy_situationer_and_key_energy_statistics_table_177_p7.csv,general
2024_philippine_energy_situationer_and_key_energy_statistics_table_177_p7.csv,general
2024_philippine_energy_situationer_and_key_energy_statistics_table_177_p7.csv,general
2024_philippine_energy_situationer_and_key_energy_statistics_table_177_p7.csv,general
2024_philippine_energy_situationer_and_key_energy_statistics_table_177_p7.csv,general
2024_philippine_energy_situationer_and_key_energy_statistics_table_177_p7.csv,general
2024_philippine_energy_situationer_and_key_energy_statistics_table_177_p7.csv,general
2024_philippine_energy_situationer_and_key_energy_statistics_table_177_p7.csv,general
2024_philippine_energy_situationer_and_key_energy_statistics_table_177_p7.csv,general
2024_philippine_energy_situationer_and_key_energy_statistics_table_177_p7.csv,general
2024_philippine_energy_situationer_and_key_energy_statistics_table_177_p7.csv,general
2024_philippine_energy_situationer_and_key_energy_statistics_table_177_p7.csv,general
2024_philippine_energy_situationer_and_key_energy_statistics_table_177_p7.csv,general
2024_philippine_energy_situationer_and_key_energy_statistics_table_177_p7.csv,general
2024_philippine_energy_situationer_and_key_energy_statistics_table_177_p7.csv,general
2024_philippine_energy_situationer_and_key_energy_statistics_table_177_p7.csv,general
2024_philippine_energy_situationer_and_key_energy_statistics_table_177_p7.csv,general
2024_philippine_energy_situationer_and_key_energy_statistics_table_177_p7.csv,general
2024_philippine_energy_situationer_and_key_energy_statistics_table_177_p7.csv,general
2024_philippine_energy_situationer_and_key_energy_statistics_table_177_p7.csv,general
2024_philippine_energy_situationer_and_key_energy_statistics_table_177_p7.csv,general
2024_philippine_energy_situationer_and_key_energy_statistics_table_177_p7.csv,general
2024_philippine_energy_situationer_and_key_energy_statistics_table_177_p7.csv,general
2024_philippine_energy_situationer_and_key_energy_statistics_table_177_p7.csv,general
2024_philippine_energy_situationer_and_key_energy_statistics_table_177_p7.csv,general
2024_philippine_energy_situationer_and_key_energy_statistics_table_177_p7.csv,general
2024_philippine_energy_situationer_and_key_energy_statistics_table_177_p7.csv,general
2024_philippine_energy_situationer_and_key_energy_statistics_table_177_p7.csv,general
2024_philippine_energy_situationer_and_key_energy_statistics_table_177_p7.csv,general
2024_philippine_energy_situationer_and_key_energy_statistics_table_177_p7.csv,general
2024_philippine_energy_situationer_and_key_energy_statistics_table_177_p7.csv,general
2024_philippine_energy_situationer_and_key_energy_statistics_table_177_p7.csv,general
2024_philippine_energy_situationer_and_key_energy_statistics_table_177_p7.csv,general
2024_philippine_energy_situationer_and_key_energy_statistics_table_177_p7.csv,general
2024_philippine_energy_situationer_and_key_energy_statistics_table_177_p7.csv,general
2024_philippine_energy_situationer_and_key_energy_statistics_table_177_p7.csv,general
2024_philippine_energy_situationer_and_key_energy_statistics_table_177_p7.csv,general
2024_philippine_energy_situationer_and_key_energy_statistics_table_177_p7.csv,general
2024_philippine_energy_situationer_and_key_energy_statistics_table_177_p7.csv,general
2024_philippine_energy_situationer_and_key_energy_statistics_table_177_p7.csv,general
2024_philippine_energy_situationer_and_key_energy_statistics_table_179_p8.csv,general
2024_philippine_energy_situationer_and_key_energy_statistics_table_179_p8.csv,general
2024_philippine_energy_situationer_and_key_energy_statistics_table_179_p8.csv,general
2024_philippine_energy_situationer_and_key_energy_statistics_table_179_p8.csv,general
2024_philippine_energy_situationer_and_key_energy_statistics_table_179_p8.csv,general
2024_philippine_energy_situationer_and_key_energy_statistics_table_179_p8.csv,general
2024_philippine_energy_situationer_and_key_energy_statistics_table_179_p8.csv,general
2024_philippine_energy_situationer_and_key_energy_statistics_table_179_p8.csv,general
2024_philippine_energy_situationer_and_key_energy_statistics_table_179_p8.csv,general
2024_philippine_energy_situationer_and_key_energy_statistics_table_179_p8.csv,general
2024_philippine_energy_situationer_and_key_energy_statistics_table_179_p8.csv,general
2024_philippine_energy_situationer_and_key_energy_statistics_table_179_p8.csv,general
2024_philippine_energy_situationer_and_key_energy_statistics_table_179_p8.csv,general
2024_philippine_energy_situationer_and_key_energy_statistics_table_179_p8.csv,general
2024_philippine_energy_situationer_and_key_energy_statistics_table_179_p8.csv,general
2024_philippine_energy_situationer_and_key_energy_statistics_table_179_p8.csv,general
2024_philippine_energy_situationer_and_key_energy_statistics_table_179_p8.csv,general
2024_philippine_energy_situationer_and_key_energy_statistics_table_179_p8.csv,general
2024_philippine_energy_situationer_and_key_energy_statistics_table_179_p8.csv,general
2024_philippine_energy_situationer_and_key_energy_statistics_table_179_p8.csv,general
2024_philippine_energy_situationer_and_key_energy_statistics_table_179_p8.csv,general
2024_philippine_energy_situationer_and_key_energy_statistics_table_181_p10.csv,general
2024_philippine_energy_situationer_and_key_energy_statistics_table_181_p10.csv,general
2024_philippine_energy_situationer_and_key_energy_statistics_table_181_p10.csv,general
2024_philippine_energy_situationer_and_key_energy_statistics_table_181_p10.csv,general
2024_philippine_energy_situationer_and_key_energy_statistics_table_181_p10.csv,general
2024_philippine_energy_situationer_and_key_energy_statistics_table_181_p10.csv,general
2024_philippine_energy_situationer_and_key_energy_statistics_table_182_p10.csv,general
2024_philippine_energy_situationer_and_key_energy_statistics_table_182_p10.csv,general
2024_philippine_energy_situationer_and_key_energy_statistics_table_182_p10.csv,general
2024_philippine_energy_situationer_and_key_energy_statistics_table_182_p10.csv,general
2024_philippine_energy_situationer_and_key_energy_statistics_table_183_p10.csv,general
2024_philippine_energy_situationer_and_key_energy_statistics_table_183_p10.csv,general
2024_philippine_energy_situationer_and_key_energy_statistics_table_183_p10.csv,general
2024_philippine_energy_situationer_and_key_energy_statistics_table_183_p10.csv,general
2024_philippine_energy_situationer_and_key_energy_statistics_table_183_p10.csv,general
2024_philippine_energy_situationer_and_key_energy_statistics_table_185_p12.csv,general
2024_philippine_energy_situationer_and_key_energy_statistics_table_185_p12.csv,general
2024_philippine_energy_situationer_and_key_energy_statistics_table_185_p12.csv,general
2024_philippine_energy_situationer_and_key_energy_statistics_table_185_p12.csv,general
2024_philippine_energy_situationer_and_key_energy_statistics_table_185_p12.csv,general
2024_philippine_energy_situationer_and_key_energy_statistics_table_185_p12.csv,general
2024_philippine_energy_situationer_and_key_energy_statistics_table_185_p12.csv,general
2024_philippine_energy_situationer_and_key_energy_statistics_table_185_p12.csv,general
2024_philippine_energy_situationer_and_key_energy_statistics_table_185_p12.csv,general
2024_philippine_energy_situationer_and_key_energy_statistics_table_185_p12.csv,general
2024_philippine_energy_situationer_and_key_energy_statistics_table_185_p12.csv,general
2024_philippine_energy_situationer_and_key_energy_statistics_table_185_p12.csv,general
2024_philippine_energy_situationer_and_key_energy_statistics_table_185_p12.csv,general
2024_philippine_energy_situationer_and_key_energy_statistics_table_185_p12.csv,general
2024_philippine_energy_situationer_and_key_energy_statistics_table_185_p12.csv,general
2024_philippine_energy_situationer_and_key_energy_statistics_table_185_p12.csv,general
2024_philippine_energy_situationer_and_key_energy_statistics_table_185_p12.csv,general
2024_philippine_energy_situationer_and_key_energy_statistics_table_185_p12.csv,general
2024_philippine_energy_situationer_and_key_energy_statistics_table_185_p12.csv,general
2024_philippine_energy_situationer_and_key_energy_statistics_table_185_p12.csv,general
2024_philippine_energy_situationer_and_key_energy_statistics_table_185_p12.csv,general
2024_philippine_energy_situationer_and_key_energy_statistics_table_185_p12.csv,general
2024_philippine_energy_situationer_and_key_energy_statistics_table_185_p12.csv,general
2024_philippine_energy_situationer_and_key_energy_statistics_table_185_p12.csv,general
2024_philippine_energy_situationer_and_key_energy_statistics_table_185_p12.csv,general
2024_philippine_energy_situationer_and_key_energy_statistics_table_185_p12.csv,general
2024_philippine_energy_situationer_and_key_energy_statistics_table_185_p12.csv,general
2024_philippine_energy_situationer_and_key_energy_statistics_table_185_p12.csv,general
2024_philippine_energy_situationer_and_key_energy_statistics_table_185_p12.csv,general
2024_philippine_energy_situationer_and_key_energy_statistics_table_185_p12.csv,general
2024_philippine_energy_situationer_and_key_energy_statistics_table_185_p12.csv,general
2024_philippine_energy_situationer_and_key_energy_statistics_table_185_p12.csv,general
2024_philippine_energy_situationer_and_key_energy_statistics_table_185_p12.csv,general
2024_philippine_energy_situationer_and_key_energy_statistics_table_185_p12.csv,general
2024_philippine_energy_situationer_and_key_energy_statistics_table_185_p12.csv,general
2024_philippine_energy_situationer_and_key_energy_statistics_table_185_p12.csv,general
2024_philippine_energy_situationer_and_key_energy_statistics_table_185_p12.csv,general
2024_philippine_energy_situationer_and_key_energy_statistics_table_185_p12.csv,general
2024_philippine_energy_situationer_and_key_energy_statistics_table_185_p12.csv,general
2024_philippine_energy_situationer_and_key_energy_statistics_table_185_p12.csv,general
2024_philippine_energy_situationer_and_key_energy_statistics_table_185_p12.csv,general
2024_philippine_energy_situationer_and_key_energy_statistics_table_185_p12.csv,general
2024_philippine_energy_situationer_and_key_energy_statistics_table_185_p12.csv,general
2024_philippine_energy_situationer_and_key_energy_statistics_table_185_p12.csv,general
2024_philippine_energy_situationer_and_key_energy_statistics_table_185_p12.csv,general
2024_philippine_energy_situationer_and_key_energy_statistics_table_185_p12.csv,general
2024_philippine_energy_situationer_and_key_energy_statistics_table_185_p12.csv,general
2024_philippine_energy_situationer_and_key_energy_statistics_table_185_p12.csv,general
2024_philippine_energy_situationer_and_key_energy_statistics_table_185_p12.csv,general
2024_philippine_energy_situationer_and_key_energy_statistics_table_187_p13.csv,general
2024_philippine_energy_situationer_and_key_energy_statistics_table_187_p13.csv,general
2024_philippine_energy_situationer_and_key_energy_statistics_table_187_p13.csv,general
2024_philippine_energy_situationer_and_key_energy_statistics_table_187_p13.csv,general
2024_philippine_energy_situationer_and_key_energy_statistics_table_187_p13.csv,general
2024_philippine_energy_situationer_and_key_energy_statistics_table_187_p13.csv,general
2024_philippine_energy_situationer_and_key_energy_statistics_table_187_p13.csv,general
2024_philippine_energy_situationer_and_key_energy_statistics_table_187_p13.csv,general
2024_philippine_energy_situationer_and_key_energy_statistics_table_187_p13.csv,general
2024_philippine_energy_situationer_and_key_energy_statistics_table_187_p13.csv,general
2024_philippine_energy_situationer_and_key_energy_statistics_table_187_p13.csv,general
2024_philippine_energy_situationer_and_key_energy_statistics_table_187_p13.csv,general
2024_philippine_energy_situationer_and_key_energy_statistics_table_187_p13.csv,general
2024_philippine_energy_situationer_and_key_energy_statistics_table_187_p13.csv,general
2024_philippine_energy_situationer_and_key_energy_statistics_table_187_p13.csv,general
2024_philippine_energy_situationer_and_key_energy_statistics_table_188_p14.csv,general
2024_philippine_energy_situationer_and_key_energy_statistics_table_188_p14.csv,general
2024_philippine_energy_situationer_and_key_energy_statistics_table_188_p14.csv,general
2024_philippine_energy_situationer_and_key_energy_statistics_table_188_p14.csv,general
2024_philippine_energy_situationer_and_key_energy_statistics_table_188_p14.csv,general
2024_philippine_energy_situationer_and_key_energy_statistics_table_188_p14.csv,general
2024_philippine_energy_situationer_and_key_energy_statistics_table_188_p14.csv,general
2024_philippine_energy_situationer_and_key_energy_statistics_table_188_p14.csv,general
2024_philippine_energy_situationer_and_key_energy_statistics_table_188_p14.csv,general
2024_philippine_energy_situationer_and_key_energy_statistics_table_188_p14.csv,general
2024_philippine_energy_situationer_and_key_energy_statistics_table_188_p14.csv,general
2024_philippine_energy_situationer_and_key_energy_statistics_table_188_p14.csv,general
2024_philippine_energy_situationer_and_key_energy_statistics_table_188_p14.csv,general
2024_philippine_energy_situationer_and_key_energy_statistics_table_188_p14.csv,general
2024_philippine_energy_situationer_and_key_energy_statistics_table_188_p14.csv,general
2024_philippine_energy_situationer_and_key_energy_statistics_table_188_p14.csv,general
2024_philippine_energy_situationer_and_key_energy_statistics_table_188_p14.csv,general
2024_philippine_energy_situationer_and_key_energy_statistics_table_188_p14.csv,general
2024_philippine_energy_situationer_and_key_energy_statistics_table_188_p14.csv,general
2024_philippine_energy_situationer_and_key_energy_statistics_table_188_p14.csv,general
2024_philippine_energy_situationer_and_key_energy_statistics_table_188_p14.csv,general
2024_philippine_energy_situationer_and_key_energy_statistics_table_188_p14.csv,general
2024_philippine_energy_situationer_and_key_energy_statistics_table_188_p14.csv,general
2024_philippine_energy_situationer_and_key_energy_statistics_table_188_p14.csv,general
2024_philippine_energy_situationer_and_key_energy_statistics_table_188_p14.csv,general
2024_philippine_energy_situationer_and_key_energy_statistics_table_188_p14.csv,general
2024_philippine_energy_situationer_and_key_energy_statistics_table_188_p14.csv,general
2024_philippine_energy_situationer_and_key_energy_statistics_table_188_p14.csv,general
2024_philippine_energy_situationer_and_key_energy_statistics_table_188_p14.csv,general
2024_philippine_energy_situationer_and_key_energy_statistics_table_188_p14.csv,general
2024_philippine_energy_situationer_and_key_energy_statistics_table_188_p14.csv,general
2024_philippine_energy_situationer_and_key_energy_statistics_table_188_p14.csv,general
2024_philippine_energy_situationer_and_key_energy_statistics_table_188_p14.csv,general
2024_philippine_energy_situationer_and_key_energy_statistics_table_188_p14.csv,general
2024_philippine_energy_situationer_and_key_energy_statistics_table_188_p14.csv,general
2024_philippine_energy_situationer_and_key_energy_statistics_table_188_p14.csv,general
2024_philippine_energy_situationer_and_key_energy_statistics_table_188_p14.csv,general
2024_philippine_energy_situationer_and_key_energy_statistics_table_188_p14.csv,general
2024_philippine_energy_situationer_and_key_energy_statistics_table_188_p14.csv,general
2024_philippine_energy_situationer_and_key_energy_statistics_table_188_p14.csv,general
2024_philippine_energy_situationer_and_key_energy_statistics_table_192_p16.csv,general
2024_philippine_energy_situationer_and_key_energy_statistics_table_192_p16.csv,general
2024_philippine_energy_situationer_and_key_energy_statistics_table_203_p23.csv,general
2024_philippine_energy_situationer_and_key_energy_statistics_table_203_p23.csv,general
2024_philippine_energy_situationer_and_key_energy_statistics_table_203_p23.csv,general
2024_philippine_energy_situationer_and_key_energy_statistics_table_203_p23.csv,general
2024_philippine_energy_situationer_and_key_energy_statistics_table_203_p23.csv,general
2024_philippine_energy_situationer_and_key_energy_statistics_table_203_p23.csv,general
2024_philippine_energy_situationer_and_key_energy_statistics_table_203_p23.csv,general
2024_philippine_energy_situationer_and_key_energy_statistics_table_203_p23.csv,general
2024_philippine_energy_situationer_and_key_energy_statistics_table_203_p23.csv,general
2024_philippine_energy_situationer_and_key_energy_statistics_table_203_p23.csv,general
2024_philippine_energy_situationer_and_key_energy_statistics_table_203_p23.csv,general
2024_philippine_energy_situationer_and_key_energy_statistics_table_203_p23.csv,general
2024_philippine_energy_situationer_and_key_energy_statistics_table_203_p23.csv,general
2024_philippine_energy_situationer_and_key_energy_statistics_table_203_p23.csv,general
2024_philippine_energy_situationer_and_key_energy_statistics_table_203_p23.csv,general
2024_philippine_energy_situationer_and_key_energy_statistics_table_204_p24.csv,general
2024_philippine_energy_situationer_and_key_energy_statistics_table_204_p24.csv,general
2024_philippine_energy_situationer_and_key_energy_statistics_table_204_p24.csv,general
2024_philippine_energy_situationer_and_key_energy_statistics_table_204_p24.csv,general
2024_philippine_energy_situationer_and_key_energy_statistics_table_204_p24.csv,general
2024_philippine_energy_situationer_and_key_energy_statistics_table_204_p24.csv,general
2024_philippine_energy_situationer_and_key_energy_statistics_table_204_p24.csv,general
2024_philippine_energy_situationer_and_key_energy_statistics_table_204_p24.csv,general
2024_philippine_energy_situationer_and_key_energy_statistics_table_204_p24.csv,general
2024_philippine_energy_situationer_and_key_energy_statistics_table_204_p24.csv,general
2024_philippine_energy_situationer_and_key_energy_statistics_table_204_p24.csv,general
2024_philippine_energy_situationer_and_key_energy_statistics_table_204_p24.csv,general
2024_philippine_energy_situationer_and_key_energy_statistics_table_205_p24.csv,general
2024_philippine_energy_situationer_and_key_energy_statistics_table_205_p24.csv,general
2024_philippine_energy_situationer_and_key_energy_statistics_table_205_p24.csv,general
2024_philippine_energy_situationer_and_key_energy_statistics_table_205_p24.csv,general
2024_philippine_energy_situationer_and_key_energy_statistics_table_205_p24.csv,general
2024_philippine_energy_situationer_and_key_energy_statistics_table_205_p24.csv,general
2024_philippine_energy_situationer_and_key_energy_statistics_table_205_p24.csv,general
2024_philippine_energy_situationer_and_key_energy_statistics_table_205_p24.csv,general
2024_philippine_energy_situationer_and_key_energy_statistics_table_205_p24.csv,general
2024_philippine_energy_situationer_and_key_energy_statistics_table_205_p24.csv,general
2024_philippine_energy_situationer_and_key_energy_statistics_table_205_p24.csv,general
2024_philippine_energy_situationer_and_key_energy_statistics_table_205_p24.csv,general
2024_philippine_energy_situationer_and_key_energy_statistics_table_205_p24.csv,general
2024_philippine_energy_situationer_and_key_energy_statistics_table_205_p24.csv,general
2024_philippine_energy_situationer_and_key_energy_statistics_table_205_p24.csv,general
2024_philippine_energy_situationer_and_key_energy_statistics_table_205_p24.csv,general
2024_philippine_energy_situationer_and_key_energy_statistics_table_205_p24.csv,general
2024_philippine_energy_situationer_and_key_energy_statistics_table_205_p24.csv,general
2024_philippine_energy_situationer_and_key_energy_statistics_table_205_p24.csv,general
2024_philippine_energy_situationer_and_key_energy_statistics_table_205_p24.csv,general
2024_philippine_energy_situationer_and_key_energy_statistics_table_205_p24.csv,general
2024_philippine_energy_situationer_and_key_energy_statistics_table_205_p24.csv,general
2024_philippine_energy_situationer_and_key_energy_statistics_table_205_p24.csv,general
2024_philippine_energy_situationer_and_key_energy_statistics_table_205_p24.csv,general
2024_philippine_energy_situationer_and_key_energy_statistics_table_206_p25.csv,general
2024_philippine_energy_situationer_and_key_energy_statistics_table_206_p25.csv,general
2024_philippine_energy_situationer_and_key_energy_statistics_table_206_p25.csv,general
2024_philippine_energy_situationer_and_key_energy_statistics_table_206_p25.csv,general
2024_philippine_energy_situationer_and_key_energy_statistics_table_206_p25.csv,general
2024_philippine_energy_situationer_and_key_energy_statistics_table_206_p25.csv,general
2024_philippine_energy_situationer_and_key_energy_statistics_table_206_p25.csv,general
2024_philippine_energy_situationer_and_key_energy_statistics_table_206_p25.csv,general
2024_philippine_energy_situationer_and_key_energy_statistics_table_206_p25.csv,general
2024_philippine_energy_situationer_and_key_energy_statistics_table_206_p25.csv,general
2024_philippine_energy_situationer_and_key_energy_statistics_table_206_p25.csv,general
2024_philippine_energy_situationer_and_key_energy_statistics_table_207_p25.csv,general
2024_philippine_energy_situationer_and_key_energy_statistics_table_207_p25.csv,general
2024_philippine_energy_situationer_and_key_energy_statistics_table_207_p25.csv,general
2024_philippine_energy_situationer_and_key_energy_statistics_table_207_p25.csv,general
2024_philippine_energy_situationer_and_key_energy_statistics_table_207_p25.csv,general
2024_philippine_energy_situationer_and_key_energy_statistics_table_207_p25.csv,general
2024_philippine_energy_situationer_and_key_energy_statistics_table_207_p25.csv,general
2024_philippine_energy_situationer_and_key_energy_statistics_table_207_p25.csv,general
2024_philippine_energy_situationer_and_key_energy_statistics_table_207_p25.csv,general
2024_philippine_energy_situationer_and_key_energy_statistics_table_207_p25.csv,general
2024_philippine_energy_situationer_and_key_energy_statistics_table_207_p25.csv,general
2024_philippine_energy_situationer_and_key_energy_statistics_table_209_p26.csv,general
2024_philippine_energy_situationer_and_key_energy_statistics_table_209_p26.csv,general
2024_philippine_energy_situationer_and_key_energy_statistics_table_209_p26.csv,general
2024_philippine_energy_situationer_and_key_energy_statistics_table_209_p26.csv,general
2024_philippine_energy_situationer_and_key_energy_statistics_table_209_p26.csv,general
2024_philippine_energy_situationer_and_key_energy_statistics_table_209_p26.csv,general
2024_philippine_energy_situationer_and_key_energy_statistics_table_209_p26.csv,general
2024_philippine_energy_situationer_and_key_energy_statistics_table_209_p26.csv,general
2024_philippine_energy_situationer_and_key_energy_statistics_table_209_p26.csv,general
2024_philippine_energy_situationer_and_key_energy_statistics_table_217_p37.csv,general
2024_philippine_energy_situationer_and_key_energy_statistics_table_218_p39.csv,general
2024_philippine_energy_situationer_and_key_energy_statistics_table_218_p39.csv,general
2024_philippine_energy_situationer_and_key_energy_statistics_table_218_p39.csv,general
2024_philippine_energy_situationer_and_key_energy_statistics_table_218_p39.csv,general
2024_philippine_energy_situationer_and_key_energy_statistics_table_218_p39.csv,general
2024_philippine_energy_situationer_and_key_energy_statistics_table_218_p39.csv,general
2024_philippine_energy_situationer_and_key_energy_statistics_table_218_p39.csv,general
2024_philippine_energy_situationer_and_key_energy_statistics_table_218_p39.csv,general
2024_philippine_energy_situationer_and_key_energy_statistics_table_218_p39.csv,general
2024_philippine_energy_situationer_and_key_energy_statistics_table_218_p39.csv,general
2024_philippine_energy_situationer_and_key_energy_statistics_table_218_p39.csv,general
2024_philippine_energy_situationer_and_key_energy_statistics_table_218_p39.csv,general
2024_philippine_energy_situationer_and_key_energy_statistics_table_218_p39.csv,general
2024_philippine_energy_situationer_and_key_energy_statistics_table_218_p39.csv,general
2024_philippine_energy_situationer_and_key_energy_statistics_table_218_p39.csv,general
2024_philippine_energy_situationer_and_key_energy_statistics_table_218_p39.csv,general
2024_philippine_energy_situationer_and_key_energy_statistics_table_218_p39.csv,general
2024_philippine_energy_situationer_and_key_energy_statistics_table_218_p39.csv,general
2024_philippine_energy_situationer_and_key_energy_statistics_table_218_p39.csv,general
2024_philippine_energy_situationer_and_key_energy_statistics_table_218_p39.csv,general
2024_philippine_energy_situationer_and_key_energy_statistics_table_218_p39.csv,general
2024_philippine_energy_situationer_and_key_energy_statistics_table_218_p39.csv,general
2024_philippine_energy_situationer_and_key_energy_statistics_table_218_p39.csv,general
2024_philippine_energy_situationer_and_key_energy_statistics_table_218_p39.csv,general
2024_philippine_energy_situationer_and_key_energy_statistics_table_218_p39.csv,general
2024_philippine_energy_situationer_and_key_energy_statistics_table_218_p39.csv,general
2024_philippine_energy_situationer_and_key_energy_statistics_table_218_p39.csv,general
2024_philippine_energy_situationer_and_key_energy_statistics_table_218_p39.csv,general
2024_philippine_energy_situationer_and_key_energy_statistics_table_218_p39.csv,general
2024_philippine_energy_situationer_and_key_energy_statistics_table_218_p39.csv,general
2024_philippine_energy_situationer_and_key_energy_statistics_table_218_p39.csv,general
2024_philippine_energy_situationer_and_key_energy_statistics_table_218_p39.csv,general
2024_philippine_energy_situationer_and_key_energy_statistics_table_218_p39.csv,general
2024_philippine_energy_situationer_and_key_energy_statistics_table_218_p39.csv,general
2024_philippine_energy_situationer_and_key_energy_statistics_table_218_p39.csv,general
2024_philippine_energy_situationer_and_key_energy_statistics_table_218_p39.csv,general
2024_philippine_energy_situationer_and_key_energy_statistics_table_219_p40.csv,general
2024_philippine_energy_situationer_and_key_energy_statistics_table_219_p40.csv,general
2024_philippine_energy_situationer_and_key_energy_statistics_table_219_p40.csv,general
2024_philippine_energy_situationer_and_key_energy_statistics_table_219_p40.csv,general
2024_philippine_energy_situationer_and_key_energy_statistics_table_219_p40.csv,general
2024_philippine_energy_situationer_and_key_energy_statistics_table_219_p40.csv,general
2024_philippine_energy_situationer_and_key_energy_statistics_table_219_p40.csv,general
2024_philippine_energy_situationer_and_key_energy_statistics_table_219_p40.csv,general
2024_philippine_energy_situationer_and_key_energy_statistics_table_219_p40.csv,general
2024_philippine_energy_situationer_and_key_energy_statistics_table_219_p40.csv,general
2024_philippine_energy_situationer_and_key_energy_statistics_table_219_p40.csv,general
2024_philippine_energy_situationer_and_key_energy_statistics_table_219_p40.csv,general
2024_philippine_energy_situationer_and_key_energy_statistics_table_220_p42.csv,general
2024_philippine_energy_situationer_and_key_energy_statistics_table_220_p42.csv,general
2024_philippine_energy_situationer_and_key_energy_statistics_table_220_p42.csv,general
2024_philippine_energy_situationer_and_key_energy_statistics_table_220_p42.csv,general
2024_philippine_energy_situationer_and_key_energy_statistics_table_220_p42.csv,general
2024_philippine_energy_situationer_and_key_energy_statistics_table_220_p42.csv,general
2024_philippine_energy_situationer_and_key_energy_statistics_table_220_p42.csv,general
2024_philippine_energy_situationer_and_key_energy_statistics_table_220_p42.csv,general
2024_philippine_energy_situationer_and_key_energy_statistics_table_220_p42.csv,general
2024_philippine_energy_situationer_and_key_energy_statistics_table_220_p42.csv,general
2024_philippine_energy_situationer_and_key_energy_statistics_table_221_p43.csv,general
2024_philippine_energy_situationer_and_key_energy_statistics_table_221_p43.csv,general
2024_philippine_energy_situationer_and_key_energy_statistics_table_221_p43.csv,general
2024_philippine_energy_situationer_and_key_energy_statistics_table_221_p43.csv,general
2024_philippine_energy_situationer_and_key_energy_statistics_table_221_p43.csv,general
2024_philippine_energy_situationer_and_key_energy_statistics_table_221_p43.csv,general
2024_philippine_energy_situationer_and_key_energy_statistics_table_221_p43.csv,general
2024_philippine_energy_situationer_and_key_energy_statistics_table_221_p43.csv,general
2024_philippine_energy_situationer_and_key_energy_statistics_table_221_p43.csv,general
2024_philippine_energy_situationer_and_key_energy_statistics_table_221_p43.csv,general
2024_philippine_energy_situationer_and_key_energy_statistics_table_221_p43.csv,general
2024_philippine_energy_situationer_and_key_energy_statistics_table_221_p43.csv,general
2024_philippine_energy_situationer_and_key_energy_statistics_table_221_p43.csv,general
2024_philippine_energy_situationer_and_key_energy_statistics_table_221_p43.csv,general
2024_philippine_energy_situationer_and_key_energy_statistics_table_221_p43.csv,general
2024_philippine_energy_situationer_and_key_energy_statistics_table_222_p44.csv,general
2024_philippine_energy_situationer_and_key_energy_statistics_table_222_p44.csv,general
2024_philippine_energy_situationer_and_key_energy_statistics_table_222_p44.csv,general
2024_philippine_energy_situationer_and_key_energy_statistics_table_222_p44.csv,general
2024_philippine_energy_situationer_and_key_energy_statistics_table_222_p44.csv,general
2024_philippine_energy_situationer_and_key_energy_statistics_table_222_p44.csv,general
2024_philippine_energy_situationer_and_key_energy_statistics_table_222_p44.csv,general
2024_philippine_energy_situationer_and_key_energy_statistics_table_225_p46.csv,general
2024_philippine_energy_situationer_and_key_energy_statistics_table_225_p46.csv,general
2024_philippine_energy_situationer_and_key_energy_statistics_table_225_p46.csv,general
2024_philippine_energy_situationer_and_key_energy_statistics_table_225_p46.csv,general
2024_philippine_energy_situationer_and_key_energy_statistics_table_225_p46.csv,general
2024_philippine_energy_situationer_and_key_energy_statistics_table_225_p46.csv,general
2024_philippine_energy_situationer_and_key_energy_statistics_table_225_p46.csv,general
2024_philippine_energy_situationer_and_key_energy_statistics_table_225_p46.csv,general
2024_philippine_energy_situationer_and_key_energy_statistics_table_225_p46.csv,general
2024_philippine_energy_situationer_and_key_energy_statistics_table_225_p46.csv,general
2024_philippine_energy_situationer_and_key_energy_statistics_table_225_p46.csv,general
2024_philippine_energy_situationer_and_key_energy_statistics_table_225_p46.csv,general
2024_philippine_energy_situationer_and_key_energy_statistics_table_225_p46.csv,general
2024_philippine_energy_situationer_and_key_energy_statistics_table_225_p46.csv,general
2024_philippine_energy_situationer_and_key_energy_statistics_table_225_p46.csv,general
2024_philippine_energy_situationer_and_key_energy_statistics_table_225_p46.csv,general
2024_philippine_energy_situationer_and_key_energy_statistics_table_225_p46.csv,general
2024_philippine_energy_situationer_and_key_energy_statistics_table_225_p46.csv,general
2024_philippine_energy_situationer_and_key_energy_statistics_table_225_p46.csv,general
2024_philippine_energy_situationer_and_key_energy_statistics_table_225_p46.csv,general
2024_philippine_energy_situationer_and_key_energy_statistics_table_225_p46.csv,general
2024_philippine_energy_situationer_and_key_energy_statistics_table_225_p46.csv,general
2024_philippine_energy_situationer_and_key_energy_statistics_table_225_p46.csv,general
2024_philippine_energy_situationer_and_key_energy_statistics_table_225_p46.csv,general
2024_philippine_energy_situationer_and_key_energy_statistics_table_225_p46.csv,general
2024_philippine_energy_situationer_and_key_energy_statistics_table_225_p46.csv,general
2024_philippine_energy_situationer_and_key_energy_statistics_table_225_p46.csv,general
2024_philippine_energy_situationer_and_key_energy_statistics_table_225_p46.csv,general
2024_philippine_energy_situationer_and_key_energy_statistics_table_225_p46.csv,general
2024_philippine_energy_situationer_and_key_energy_statistics_table_225_p46.csv,general
2024_philippine_energy_situationer_and_key_energy_statistics_table_225_p46.csv,general
2024_philippine_energy_situationer_and_key_energy_statistics_table_225_p46.csv,general
2024_philippine_energy_situationer_and_key_energy_statistics_table_225_p46.csv,general
2024_philippine_energy_situationer_and_key_energy_statistics_table_225_p46.csv,general
2024_philippine_energy_situationer_and_key_energy_statistics_table_225_p46.csv,general
2024_philippine_energy_situationer_and_key_energy_statistics_table_225_p46.csv,general
2024_philippine_energy_situationer_and_key_energy_statistics_table_225_p46.csv,general
2024_philippine_energy_situationer_and_key_energy_statistics_table_225_p46.csv,general
2024_philippine_energy_situationer_and_key_energy_statistics_table_225_p46.csv,general
2024_philippine_energy_situationer_and_key_energy_statistics_table_225_p46.csv,general
2024_philippine_energy_situationer_and_key_energy_statistics_table_230_p53.csv,general
2024_philippine_energy_situationer_and_key_energy_statistics_table_230_p53.csv,general
2024_philippine_energy_situationer_and_key_energy_statistics_table_230_p53.csv,general
2024_philippine_energy_situationer_and_key_energy_statistics_table_230_p53.csv,general
2024_philippine_energy_situationer_and_key_energy_statistics_table_230_p53.csv,general
2024_philippine_energy_situationer_and_key_energy_statistics_table_230_p53.csv,general
2024_philippine_energy_situationer_and_key_energy_statistics_table_230_p53.csv,general
2024_philippine_energy_situationer_and_key_energy_statistics_table_230_p53.csv,general
2024_philippine_energy_situationer_and_key_energy_statistics_table_230_p53.csv,general
2024_philippine_energy_situationer_and_key_energy_statistics_table_230_p53.csv,general
2024_philippine_energy_situationer_and_key_energy_statistics_table_230_p53.csv,general
2024_philippine_energy_situationer_and_key_energy_statistics_table_230_p53.csv,general
2024_philippine_energy_situationer_and_key_energy_statistics_table_230_p53.csv,general
2024_philippine_energy_situationer_and_key_energy_statistics_table_230_p53.csv,general
2024_philippine_energy_situationer_and_key_energy_statistics_table_230_p53.csv,general
2024_philippine_energy_situationer_and_key_energy_statistics_table_230_p53.csv,general
2024_philippine_energy_situationer_and_key_energy_statistics_table_230_p53.csv,general
2024_philippine_energy_situationer_and_key_energy_statistics_table_230_p53.csv,general
2024_philippine_energy_situationer_and_key_energy_statistics_table_230_p53.csv,general
2024_philippine_energy_situationer_and_key_energy_statistics_table_230_p53.csv,general
2024_philippine_energy_situationer_and_key_energy_statistics_table_230_p53.csv,general
2024_philippine_energy_situationer_and_key_energy_statistics_table_230_p53.csv,general
2024_philippine_energy_situationer_and_key_energy_statistics_table_230_p53.csv,general
2024_philippine_energy_situationer_and_key_energy_statistics_table_230_p53.csv,general
2024_philippine_energy_situationer_and_key_energy_statistics_table_232_p55.csv,general
2024_philippine_energy_situationer_and_key_energy_statistics_table_232_p55.csv,general
2024_philippine_energy_situationer_and_key_energy_statistics_table_232_p55.csv,general
2024_philippine_energy_situationer_and_key_energy_statistics_table_232_p55.csv,general
2024_philippine_energy_situationer_and_key_energy_statistics_table_232_p55.csv,general
2024_philippine_energy_situationer_and_key_energy_statistics_table_232_p55.csv,general
2024_philippine_energy_situationer_and_key_energy_statistics_table_232_p55.csv,general
2024_philippine_energy_situationer_and_key_energy_statistics_table_232_p55.csv,general
2024_philippine_energy_situationer_and_key_energy_statistics_table_232_p55.csv,general
2024_philippine_energy_situationer_and_key_energy_statistics_table_232_p55.csv,general
2024_philippine_energy_situationer_and_key_energy_statistics_table_232_p55.csv,general
2024_philippine_energy_situationer_and_key_energy_statistics_table_232_p55.csv,general
2024_philippine_energy_situationer_and_key_energy_statistics_table_232_p55.csv,general
2024_philippine_energy_situationer_and_key_energy_statistics_table_232_p55.csv,general
2024_philippine_energy_situationer_and_key_energy_statistics_table_232_p55.csv,general
2024_philippine_energy_situationer_and_key_energy_statistics_table_232_p55.csv,general
2024_philippine_energy_situationer_and_key_energy_statistics_table_232_p55.csv,general
2024_philippine_energy_situationer_and_key_energy_statistics_table_232_p55.csv,general
2024_philippine_energy_situationer_and_key_energy_statistics_table_232_p55.csv,general
2024_philippine_energy_situationer_and_key_energy_statistics_table_232_p55.csv,general
2024_philippine_energy_situationer_and_key_energy_statistics_table_232_p55.csv,general
2024_philippine_energy_situationer_and_key_energy_statistics_table_232_p55.csv,general
2024_philippine_energy_situationer_and_key_energy_statistics_table_232_p55.csv,general
2024_philippine_energy_situationer_and_key_energy_statistics_table_232_p55.csv,general
2024_philippine_energy_situationer_and_key_energy_statistics_table_232_p55.csv,general
2024_philippine_energy_situationer_and_key_energy_statistics_table_232_p55.csv,general
2024_philippine_energy_situationer_and_key_energy_statistics_table_232_p55.csv,general
2024_philippine_energy_situationer_and_key_energy_statistics_table_232_p55.csv,general
2024_philippine_energy_situationer_and_key_energy_statistics_table_233_p56.csv,general
2024_philippine_energy_situationer_and_key_energy_statistics_table_233_p56.csv,general
2024_philippine_energy_situationer_and_key_energy_statistics_table_233_p56.csv,general
2024_philippine_energy_situationer_and_key_energy_statistics_table_233_p56.csv,general
2024_philippine_energy_situationer_and_key_energy_statistics_table_233_p56.csv,general
2024_philippine_energy_situationer_and_key_energy_statistics_table_233_p56.csv,general
2024_philippine_energy_situationer_and_key_energy_statistics_table_233_p56.csv,general
2024_philippine_energy_situationer_and_key_energy_statistics_table_233_p56.csv,general
2024_philippine_energy_situationer_and_key_energy_statistics_table_233_p56.csv,general
2024_philippine_energy_situationer_and_key_energy_statistics_table_233_p56.csv,general
2024_philippine_energy_situationer_and_key_energy_statistics_table_233_p56.csv,general
2024_philippine_energy_situationer_and_key_energy_statistics_table_233_p56.csv,general
2024_philippine_energy_situationer_and_key_energy_statistics_table_233_p56.csv,general
2024_philippine_energy_situationer_and_key_energy_statistics_table_233_p56.csv,general
2024_philippine_energy_situationer_and_key_energy_statistics_table_233_p56.csv,general
2024_philippine_energy_situationer_and_key_energy_statistics_table_233_p56.csv,general
2024_philippine_energy_situationer_and_key_energy_statistics_table_233_p56.csv,general
2024_philippine_energy_situationer_and_key_energy_statistics_table_233_p56.csv,general
2024_philippine_energy_situationer_and_key_energy_statistics_table_233_p56.csv,general
2024_philippine_energy_situationer_and_key_energy_statistics_table_233_p56.csv,general
2024_philippine_energy_situationer_and_key_energy_statistics_table_234_p57.csv,general
2024_philippine_energy_situationer_and_key_energy_statistics_table_234_p57.csv,general
2024_philippine_energy_situationer_and_key_energy_statistics_table_234_p57.csv,general
2024_philippine_energy_situationer_and_key_energy_statistics_table_234_p57.csv,general
2024_philippine_energy_situationer_and_key_energy_statistics_table_234_p57.csv,general
2024_philippine_energy_situationer_and_key_energy_statistics_table_234_p57.csv,general
2024_philippine_energy_situationer_and_key_energy_statistics_table_234_p57.csv,general
2024_philippine_energy_situationer_and_key_energy_statistics_table_234_p57.csv,general
2024_philippine_energy_situationer_and_key_energy_statistics_table_234_p57.csv,general
2024_philippine_energy_situationer_and_key_energy_statistics_table_234_p57.csv,general
2024_philippine_energy_situationer_and_key_energy_statistics_table_234_p57.csv,general
2024_philippine_energy_situationer_and_key_energy_statistics_table_234_p57.csv,general
2024_philippine_energy_situationer_and_key_energy_statistics_table_234_p57.csv,general
2024_philippine_energy_situationer_and_key_energy_statistics_table_234_p57.csv,general
2024_philippine_energy_situationer_and_key_energy_statistics_table_234_p57.csv,general
2024_philippine_energy_situationer_and_key_energy_statistics_table_234_p57.csv,general
2024_philippine_energy_situationer_and_key_energy_statistics_table_234_p57.csv,general
2024_philippine_energy_situationer_and_key_energy_statistics_table_234_p57.csv,general
2024_philippine_energy_situationer_and_key_energy_statistics_table_234_p57.csv,general
2024_philippine_energy_situationer_and_key_energy_statistics_table_234_p57.csv,general
2024_philippine_energy_situationer_and_key_energy_statistics_table_234_p57.csv,general
2024_philippine_energy_situationer_and_key_energy_statistics_table_234_p57.csv,general
2024_philippine_energy_situationer_and_key_energy_statistics_table_234_p57.csv,general
2024_philippine_energy_situationer_and_key_energy_statistics_table_234_p57.csv,general
2024_philippine_energy_situationer_and_key_energy_statistics_table_234_p57.csv,general
2024_philippine_energy_situationer_and_key_energy_statistics_table_234_p57.csv,general
2024_philippine_energy_situationer_and_key_energy_statistics_table_234_p57.csv,general
2024_philippine_energy_situationer_and_key_energy_statistics_table_234_p57.csv,general
2024_philippine_energy_situationer_and_key_energy_statistics_table_234_p57.csv,general
2024_philippine_energy_situationer_and_key_energy_statistics_table_234_p57.csv,general
2024_philippine_energy_situationer_and_key_energy_statistics_table_234_p57.csv,general
2024_philippine_energy_situationer_and_key_energy_statistics_table_234_p57.csv,general
2024_philippine_energy_situationer_and_key_energy_statistics_table_234_p57.csv,general
2024_philippine_energy_situationer_and_key_energy_statistics_table_234_p57.csv,general
2024_philippine_energy_situationer_and_key_energy_statistics_table_234_p57.csv,general
2024_philippine_energy_situationer_and_key_energy_statistics_table_234_p57.csv,general
2024_philippine_energy_situationer_and_key_energy_statistics_table_234_p57.csv,general
2024_philippine_energy_situationer_and_key_energy_statistics_table_234_p57.csv,general
2024_philippine_energy_situationer_and_key_energy_statistics_table_238_p61.csv,general
2024_philippine_energy_situationer_and_key_energy_statistics_table_238_p61.csv,general
2024_philippine_energy_situationer_and_key_energy_statistics_table_238_p61.csv,general
2024_philippine_energy_situationer_and_key_energy_statistics_table_238_p61.csv,general
2024_philippine_energy_situationer_and_key_energy_statistics_table_238_p61.csv,general
2024_philippine_energy_situationer_and_key_energy_statistics_table_238_p61.csv,general
2024_philippine_energy_situationer_and_key_energy_statistics_table_238_p61.csv,general
2024_philippine_energy_situationer_and_key_energy_statistics_table_238_p61.csv,general
2024_philippine_energy_situationer_and_key_energy_statistics_table_238_p61.csv,general
2024_philippine_energy_situationer_and_key_energy_statistics_table_238_p61.csv,general
2024_philippine_energy_situationer_and_key_energy_statistics_table_238_p61.csv,general
2024_philippine_energy_situationer_and_key_energy_statistics_table_238_p61.csv,general
2024_philippine_energy_situationer_and_key_energy_statistics_table_238_p61.csv,general
2024_philippine_energy_situationer_and_key_energy_statistics_table_238_p61.csv,general
2024_philippine_energy_situationer_and_key_energy_statistics_table_238_p61.csv,general
2024_philippine_energy_situationer_and_key_energy_statistics_table_238_p61.csv,general
2024_philippine_energy_situationer_and_key_energy_statistics_table_238_p61.csv,general
2024_philippine_energy_situationer_and_key_energy_statistics_table_239_p62.csv,general
2024_philippine_energy_situationer_and_key_energy_statistics_table_239_p62.csv,general
2024_philippine_energy_situationer_and_key_energy_statistics_table_239_p62.csv,general
2024_philippine_energy_situationer_and_key_energy_statistics_table_239_p62.csv,general
2024_philippine_energy_situationer_and_key_energy_statistics_table_239_p62.csv,general
2024_philippine_energy_situationer_and_key_energy_statistics_table_239_p62.csv,general
2024_philippine_energy_situationer_and_key_energy_statistics_table_239_p62.csv,general
2024_philippine_energy_situationer_and_key_energy_statistics_table_239_p62.csv,general
2024_philippine_energy_situationer_and_key_energy_statistics_table_239_p62.csv,general
2024_philippine_energy_situationer_and_key_energy_statistics_table_239_p62.csv,general
2024_philippine_energy_situationer_and_key_energy_statistics_table_239_p62.csv,general
2024_philippine_energy_situationer_and_key_energy_statistics_table_239_p62.csv,general
2024_philippine_energy_situationer_and_key_energy_statistics_table_239_p62.csv,general
2024_philippine_energy_situationer_and_key_energy_statistics_table_239_p62.csv,general
2024_philippine_energy_situationer_and_key_energy_statistics_table_239_p62.csv,general
2024_philippine_energy_situationer_and_key_energy_statistics_table_239_p62.csv,general
2024_philippine_energy_situationer_and_key_energy_statistics_table_239_p62.csv,general
2024_philippine_energy_situationer_and_key_energy_statistics_table_239_p62.csv,general
2024_philippine_energy_situationer_and_key_energy_statistics_table_239_p62.csv,general
2024_philippine_energy_situationer_and_key_energy_statistics_table_239_p62.csv,general
2024_philippine_energy_situationer_and_key_energy_statistics_table_240_p63.csv,general
2024_philippine_energy_situationer_and_key_energy_statistics_table_240_p63.csv,general
2024_philippine_energy_situationer_and_key_energy_statistics_table_240_p63.csv,general
2024_philippine_energy_situationer_and_key_energy_statistics_table_240_p63.csv,general
2024_philippine_energy_situationer_and_key_energy_statistics_table_240_p63.csv,general
2024_philippine_energy_situationer_and_key_energy_statistics_table_240_p63.csv,general
2024_philippine_energy_situationer_and_key_energy_statistics_table_240_p63.csv,general
2024_philippine_energy_situationer_and_key_energy_statistics_table_240_p63.csv,general
2024_philippine_energy_situationer_and_key_energy_statistics_table_240_p63.csv,general
2024_philippine_energy_situationer_and_key_energy_statistics_table_240_p63.csv,general
2024_philippine_energy_situationer_and_key_energy_statistics_table_240_p63.csv,general
2024_philippine_energy_situationer_and_key_energy_statistics_table_240_p63.csv,general
2024_philippine_energy_situationer_and_key_energy_statistics_table_240_p63.csv,general
2024_philippine_energy_situationer_and_key_energy_statistics_table_240_p63.csv,general
2024_philippine_energy_situationer_and_key_energy_statistics_table_240_p63.csv,general
2024_philippine_energy_situationer_and_key_energy_statistics_table_241_p64.csv,general
2024_philippine_energy_situationer_and_key_energy_statistics_table_241_p64.csv,general
2024_philippine_energy_situationer_and_key_energy_statistics_table_241_p64.csv,general
2024_philippine_energy_situationer_and_key_energy_statistics_table_241_p64.csv,general
2024_philippine_energy_situationer_and_key_energy_statistics_table_241_p64.csv,general
2024_philippine_energy_situationer_and_key_energy_statistics_table_241_p64.csv,general
2024_philippine_energy_situationer_and_key_energy_statistics_table_241_p64.csv,general
2024_philippine_energy_situationer_and_key_energy_statistics_table_241_p64.csv,general
2024_philippine_energy_situationer_and_key_energy_statistics_table_241_p64.csv,general
2024_philippine_energy_situationer_and_key_energy_statistics_table_241_p64.csv,general
2024_philippine_energy_situationer_and_key_energy_statistics_table_241_p64.csv,general
2024_philippine_energy_situationer_and_key_energy_statistics_table_241_p64.csv,general
2024_philippine_energy_situationer_and_key_energy_statistics_table_241_p64.csv,general
2024_philippine_energy_situationer_and_key_energy_statistics_table_241_p64.csv,general
2024_philippine_energy_situationer_and_key_energy_statistics_table_241_p64.csv,general
2024_philippine_energy_situationer_and_key_energy_statistics_table_241_p64.csv,general
2024_philippine_energy_situationer_and_key_energy_statistics_table_241_p64.csv,general
2024_philippine_energy_situationer_and_key_energy_statistics_table_241_p64.csv,general
2024_philippine_energy_situationer_and_key_energy_statistics_table_241_p64.csv,general
2024_philippine_energy_situationer_and_key_energy_statistics_table_241_p64.csv,general
2024_philippine_energy_situationer_and_key_energy_statistics_table_242_p65.csv,general
2024_philippine_energy_situationer_and_key_energy_statistics_table_242_p65.csv,general
2024_philippine_energy_situationer_and_key_energy_statistics_table_242_p65.csv,general
2024_philippine_energy_situationer_and_key_energy_statistics_table_242_p65.csv,general
2024_philippine_energy_situationer_and_key_energy_statistics_table_242_p65.csv,general
2024_philippine_energy_situationer_and_key_energy_statistics_table_242_p65.csv,general
2024_philippine_energy_situationer_and_key_energy_statistics_table_242_p65.csv,general
2024_philippine_energy_situationer_and_key_energy_statistics_table_242_p65.csv,general
2024_philippine_energy_situationer_and_key_energy_statistics_table_244_p67.csv,general
2024_philippine_energy_situationer_and_key_energy_statistics_table_244_p67.csv,general
2024_philippine_energy_situationer_and_key_energy_statistics_table_244_p67.csv,general
2024_philippine_energy_situationer_and_key_energy_statistics_table_244_p67.csv,general
2024_philippine_energy_situationer_and_key_energy_statistics_table_244_p67.csv,general
2024_philippine_energy_situationer_and_key_energy_statistics_table_245_p68.csv,general
2024_philippine_energy_situationer_and_key_energy_statistics_table_245_p68.csv,general
2024_philippine_energy_situationer_and_key_energy_statistics_table_245_p68.csv,general
2024_philippine_energy_situationer_and_key_energy_statistics_table_245_p68.csv,general
2024_philippine_energy_situationer_and_key_energy_statistics_table_245_p68.csv,general
2024_philippine_energy_situationer_and_key_energy_statistics_table_249_p72.csv,general
2024_philippine_energy_situationer_and_key_energy_statistics_table_249_p72.csv,general
2024_philippine_energy_situationer_and_key_energy_statistics_table_249_p72.csv,general
2024_philippine_energy_situationer_and_key_energy_statistics_table_249_p72.csv,general
2024_philippine_energy_situationer_and_key_energy_statistics_table_249_p72.csv,general
2024_philippine_energy_situationer_and_key_energy_statistics_table_249_p72.csv,general
2024_philippine_energy_situationer_and_key_energy_statistics_table_249_p72.csv,general
2024_philippine_energy_situationer_and_key_energy_statistics_table_249_p72.csv,general
2024_philippine_energy_situationer_and_key_energy_statistics_table_249_p72.csv,general
2024_philippine_energy_situationer_and_key_energy_statistics_table_249_p72.csv,general
2024_philippine_energy_situationer_and_key_energy_statistics_table_249_p72.csv,general
2024_philippine_energy_situationer_and_key_energy_statistics_table_249_p72.csv,general
2024_philippine_energy_situationer_and_key_energy_statistics_table_249_p72.csv,general
2024_philippine_energy_situationer_and_key_energy_statistics_table_249_p72.csv,general
2024_philippine_energy_situationer_and_key_energy_statistics_table_250_p73.csv,general
2024_philippine_energy_situationer_and_key_energy_statistics_table_250_p73.csv,general
2024_philippine_energy_situationer_and_key_energy_statistics_table_250_p73.csv,general
2024_philippine_energy_situationer_and_key_energy_statistics_table_250_p73.csv,general
2024_philippine_energy_situationer_and_key_energy_statistics_table_250_p73.csv,general
2024_philippine_energy_situationer_and_key_energy_statistics_table_250_p73.csv,general
2024_philippine_energy_situationer_and_key_energy_statistics_table_250_p73.csv,general
2024_philippine_energy_situationer_and_key_energy_statistics_table_250_p73.csv,general
2024_philippine_energy_situationer_and_key_energy_statistics_table_250_p73.csv,general
2024_philippine_energy_situationer_and_key_energy_statistics_table_250_p73.csv,general
2024_philippine_energy_situationer_and_key_energy_statistics_table_250_p73.csv,general
2024_philippine_energy_situationer_and_key_energy_statistics_table_250_p73.csv,general
2024_philippine_energy_situationer_and_key_energy_statistics_table_250_p73.csv,general
2024_philippine_energy_situationer_and_key_energy_statistics_table_250_p73.csv,general
2024_philippine_energy_situationer_and_key_energy_statistics_table_250_p73.csv,general
2024_philippine_energy_situationer_and_key_energy_statistics_table_250_p73.csv,general
2024_philippine_energy_situationer_and_key_energy_statistics_table_250_p73.csv,general
2024_philippine_energy_situationer_and_key_energy_statistics_table_250_p73.csv,general
2024_philippine_energy_situationer_and_key_energy_statistics_table_250_p73.csv,general
2024_philippine_energy_situationer_and_key_energy_statistics_table_250_p73.csv,general
2024_philippine_energy_situationer_and_key_energy_statistics_table_250_p73.csv,general
2024_philippine_energy_situationer_and_key_energy_statistics_table_251_p74.csv,general
2024_philippine_energy_situationer_and_key_energy_statistics_table_251_p74.csv,general
2024_philippine_energy_situationer_and_key_energy_statistics_table_251_p74.csv,general
2024_philippine_energy_situationer_and_key_energy_statistics_table_251_p74.csv,general
2024_philippine_energy_situationer_and_key_energy_statistics_table_251_p74.csv,general
2024_philippine_energy_situationer_and_key_energy_statistics_table_251_p74.csv,general
2024_philippine_energy_situationer_and_key_energy_statistics_table_251_p74.csv,general
2024_philippine_energy_situationer_and_key_energy_statistics_table_251_p74.csv,general
2024_philippine_energy_situationer_and_key_energy_statistics_table_251_p74.csv,general
2024_philippine_energy_situationer_and_key_energy_statistics_table_251_p74.csv,general
2024_philippine_energy_situationer_and_key_energy_statistics_table_251_p74.csv,general
2024_philippine_energy_situationer_and_key_energy_statistics_table_251_p74.csv,general
2024_philippine_energy_situationer_and_key_energy_statistics_table_251_p74.csv,general
2024_philippine_energy_situationer_and_key_energy_statistics_table_251_p74.csv,general
2024_philippine_energy_situationer_and_key_energy_statistics_table_251_p74.csv,general
2024_philippine_energy_situationer_and_key_energy_statistics_table_251_p74.csv,general
2024_philippine_energy_situationer_and_key_energy_statistics_table_251_p74.csv,general
2024_philippine_energy_situationer_and_key_energy_statistics_table_251_p74.csv,general
2024_philippine_energy_situationer_and_key_energy_statistics_table_251_p74.csv,general
2024_philippine_energy_situationer_and_key_energy_statistics_table_251_p74.csv,general
2024_philippine_energy_situationer_and_key_energy_statistics_table_251_p74.csv,general
2024_philippine_energy_situationer_and_key_energy_statistics_table_251_p74.csv,general
2024_philippine_energy_situationer_and_key_energy_statistics_table_251_p74.csv,general
2024_philippine_energy_situationer_and_key_energy_statistics_table_251_p74.csv,general
2024_philippine_energy_situationer_and_key_energy_statistics_table_251_p74.csv,general
2024_philippine_energy_situationer_and_key_energy_statistics_table_251_p74.csv,general
2024_philippine_energy_situationer_and_key_energy_statistics_table_251_p74.csv,general
2024_philippine_energy_situationer_and_key_energy_statistics_table_251_p74.csv,general
2024_philippine_energy_situationer_and_key_energy_statistics_table_251_p74.csv,general
2024_philippine_energy_situationer_and_key_energy_statistics_table_251_p74.csv,general
2024_philippine_energy_situationer_and_key_energy_statistics_table_251_p74.csv,general
2024_philippine_energy_situationer_and_key_energy_statistics_table_251_p74.csv,general
2024_philippine_energy_situationer_and_key_energy_statistics_table_251_p74.csv,general
2024_philippine_energy_situationer_and_key_energy_statistics_table_251_p74.csv,general
2024_philippine_energy_situationer_and_key_energy_statistics_table_252_p75.csv,general
2024_philippine_energy_situationer_and_key_energy_statistics_table_252_p75.csv,general
2024_philippine_energy_situationer_and_key_energy_statistics_table_252_p75.csv,general
2024_philippine_energy_situationer_and_key_energy_statistics_table_252_p75.csv,general
2024_philippine_energy_situationer_and_key_energy_statistics_table_252_p75.csv,general
2024_philippine_energy_situationer_and_key_energy_statistics_table_252_p75.csv,general
2024_philippine_energy_situationer_and_key_energy_statistics_table_252_p75.csv,general
2024_philippine_energy_situationer_and_key_energy_statistics_table_252_p75.csv,general
2024_philippine_energy_situationer_and_key_energy_statistics_table_252_p75.csv,general
2024_philippine_energy_situationer_and_key_energy_statistics_table_252_p75.csv,general
2024_philippine_energy_situationer_and_key_energy_statistics_table_252_p75.csv,general
2024_philippine_energy_situationer_and_key_energy_statistics_table_252_p75.csv,general
2024_philippine_energy_situationer_and_key_energy_statistics_table_252_p75.csv,general
2024_philippine_energy_situationer_and_key_energy_statistics_table_252_p75.csv,general
2024_philippine_energy_situationer_and_key_energy_statistics_table_252_p75.csv,general
2024_philippine_energy_situationer_and_key_energy_statistics_table_252_p75.csv,general
2024_philippine_energy_situationer_and_key_energy_statistics_table_252_p75.csv,general
2024_philippine_energy_situationer_and_key_energy_statistics_table_252_p75.csv,general
2024_philippine_energy_situationer_and_key_energy_statistics_table_252_p75.csv,general
2024_philippine_energy_situationer_and_key_energy_statistics_table_252_p75.csv,general
2024_philippine_energy_situationer_and_key_energy_statistics_table_252_p75.csv,general
2024_philippine_energy_situationer_and_key_energy_statistics_table_252_p75.csv,general
2024_philippine_energy_situationer_and_key_energy_statistics_table_252_p75.csv,general
2024_philippine_energy_situationer_and_key_energy_statistics_table_252_p75.csv,general
2024_philippine_energy_situationer_and_key_energy_statistics_table_252_p75.csv,general
2024_philippine_energy_situationer_and_key_energy_statistics_table_252_p75.csv,general
2024_philippine_energy_situationer_and_key_energy_statistics_table_252_p75.csv,general
2024_philippine_energy_situationer_and_key_energy_statistics_table_252_p75.csv,general
2024_philippine_energy_situationer_and_key_energy_statistics_table_252_p75.csv,general
2024_philippine_energy_situationer_and_key_energy_statistics_table_252_p75.csv,general
2024_philippine_energy_situationer_and_key_energy_statistics_table_252_p75.csv,general
2024_philippine_energy_situationer_and_key_energy_statistics_table_252_p75.csv,general
2024_philippine_energy_situationer_and_key_energy_statistics_table_252_p75.csv,general
final_11_20_25_doe_key_energy_stat_pocket_size_2024_table_003_p6.csv,general
final_11_20_25_doe_key_energy_stat_pocket_size_2024_table_003_p6.csv,general
final_11_20_25_doe_key_energy_stat_pocket_size_2024_table_003_p6.csv,general
final_11_20_25_doe_key_energy_stat_pocket_size_2024_table_003_p6.csv,general
final_11_20_25_doe_key_energy_stat_pocket_size_2024_table_003_p6.csv,general
final_11_20_25_doe_key_energy_stat_pocket_size_2024_table_003_p6.csv,general
final_11_20_25_doe_key_energy_stat_pocket_size_2024_table_005_p8.csv,general
final_11_20_25_doe_key_energy_stat_pocket_size_2024_table_005_p8.csv,general
final_11_20_25_doe_key_energy_stat_pocket_size_2024_table_005_p8.csv,general
final_11_20_25_doe_key_energy_stat_pocket_size_2024_table_005_p8.csv,general
final_11_20_25_doe_key_energy_stat_pocket_size_2024_table_005_p8.csv,general
final_11_20_25_doe_key_energy_stat_pocket_size_2024_table_005_p8.csv,general
final_11_20_25_doe_key_energy_stat_pocket_size_2024_table_016_p19.csv,general
final_11_20_25_doe_key_energy_stat_pocket_size_2024_table_016_p19.csv,general
final_11_20_25_doe_key_energy_stat_pocket_size_2024_table_016_p19.csv,general
final_11_20_25_doe_key_energy_stat_pocket_size_2024_table_016_p19.csv,general
final_11_20_25_doe_key_energy_stat_pocket_size_2024_table_016_p19.csv,general
final_11_20_25_doe_key_energy_stat_pocket_size_2024_table_016_p19.csv,general
final_11_20_25_doe_key_energy_stat_pocket_size_2024_table_016_p19.csv,general
final_11_20_25_doe_key_energy_stat_pocket_size_2024_table_016_p19.csv,general
final_11_20_25_doe_key_energy_stat_pocket_size_2024_table_016_p19.csv,general
final_11_20_25_doe_key_energy_stat_pocket_size_2024_table_016_p19.csv,general
final_11_20_25_doe_key_energy_stat_pocket_size_2024_table_019_p22.csv,general
final_11_20_25_doe_key_energy_stat_pocket_size_2024_table_019_p22.csv,general
final_11_20_25_doe_key_energy_stat_pocket_size_2024_table_019_p22.csv,general
final_11_20_25_doe_key_energy_stat_pocket_size_2024_table_019_p22.csv,general
final_11_20_25_doe_key_energy_stat_pocket_size_2024_table_019_p22.csv,general
final_11_20_25_doe_key_energy_stat_pocket_size_2024_table_019_p22.csv,general
final_11_20_25_doe_key_energy_stat_pocket_size_2024_table_019_p22.csv,general
final_11_20_25_doe_key_energy_stat_pocket_size_2024_table_019_p22.csv,general
final_11_20_25_doe_key_energy_stat_pocket_size_2024_table_019_p22.csv,general
final_11_20_25_doe_key_energy_stat_pocket_size_2024_table_019_p22.csv,general
final_11_20_25_doe_key_energy_stat_pocket_size_2024_table_019_p22.csv,general
final_11_20_25_doe_key_energy_stat_pocket_size_2024_table_019_p22.csv,general
final_11_20_25_doe_key_energy_stat_pocket_size_2024_table_019_p22.csv,general
final_11_20_25_doe_key_energy_stat_pocket_size_2024_table_019_p22.csv,general
final_11_20_25_doe_key_energy_stat_pocket_size_2024_table_019_p22.csv,general
final_11_20_25_doe_key_energy_stat_pocket_size_2024_table_020_p23.csv,general
final_11_20_25_doe_key_energy_stat_pocket_size_2024_table_020_p23.csv,general
final_11_20_25_doe_key_energy_stat_pocket_size_2024_table_020_p23.csv,general
final_11_20_25_doe_key_energy_stat_pocket_size_2024_table_020_p23.csv,general
final_11_20_25_doe_key_energy_stat_pocket_size_2024_table_020_p23.csv,general
final_11_20_25_doe_key_energy_stat_pocket_size_2024_table_020_p23.csv,general
final_11_20_25_doe_key_energy_stat_pocket_size_2024_table_020_p23.csv,general
final_11_20_25_doe_key_energy_stat_pocket_size_2024_table_020_p23.csv,general
final_11_20_25_doe_key_energy_stat_pocket_size_2024_table_020_p23.csv,general
final_11_20_25_doe_key_energy_stat_pocket_size_2024_table_021_p24.csv,general
final_11_20_25_doe_key_energy_stat_pocket_size_2024_table_021_p24.csv,general
final_11_20_25_doe_key_energy_stat_pocket_size_2024_table_021_p24.csv,general
final_11_20_25_doe_key_energy_stat_pocket_size_2024_table_021_p24.csv,general
final_11_20_25_doe_key_energy_stat_pocket_size_2024_table_021_p24.csv,general
final_11_20_25_doe_key_energy_stat_pocket_size_2024_table_021_p24.csv,general
final_11_20_25_doe_key_energy_stat_pocket_size_2024_table_021_p24.csv,general
final_11_20_25_doe_key_energy_stat_pocket_size_2024_table_021_p24.csv,general
final_11_20_25_doe_key_energy_stat_pocket_size_2024_table_021_p24.csv,general
final_11_20_25_doe_key_energy_stat_pocket_size_2024_table_021_p24.csv,general
final_11_20_25_doe_key_energy_stat_pocket_size_2024_table_021_p24.csv,general
final_11_20_25_doe_key_energy_stat_pocket_size_2024_table_021_p24.csv,general
final_11_20_25_doe_key_energy_stat_pocket_size_2024_table_021_p24.csv,general
final_11_20_25_doe_key_energy_stat_pocket_size_2024_table_021_p24.csv,general
final_11_20_25_doe_key_energy_stat_pocket_size_2024_table_021_p24.csv,general
final_11_20_25_doe_key_energy_stat_pocket_size_2024_table_021_p24.csv,general
final_11_20_25_doe_key_energy_stat_pocket_size_2024_table_021_p24.csv,general
final_11_20_25_doe_key_energy_stat_pocket_size_2024_table_027_p30.csv,general
final_11_20_25_doe_key_energy_stat_pocket_size_2024_table_027_p30.csv,general
final_11_20_25_doe_key_energy_stat_pocket_size_2024_table_027_p30.csv,general
final_11_20_25_doe_key_energy_stat_pocket_size_2024_table_027_p30.csv,general
final_11_20_25_doe_key_energy_stat_pocket_size_2024_table_027_p30.csv,general
final_11_20_25_doe_key_energy_stat_pocket_size_2024_table_027_p30.csv,general
final_11_20_25_doe_key_energy_stat_pocket_size_2024_table_027_p30.csv,general
final_11_20_25_doe_key_energy_stat_pocket_size_2024_table_027_p30.csv,general
final_11_20_25_doe_key_energy_stat_pocket_size_2024_table_029_p32.csv,general
final_11_20_25_doe_key_energy_stat_pocket_size_2024_table_029_p32.csv,general
final_11_20_25_doe_key_energy_stat_pocket_size_2024_table_029_p32.csv,general
final_11_20_25_doe_key_energy_stat_pocket_size_2024_table_029_p32.csv,general
final_11_20_25_doe_key_energy_stat_pocket_size_2024_table_029_p32.csv,general
final_11_20_25_doe_key_energy_stat_pocket_size_2024_table_029_p32.csv,general
final_11_20_25_doe_key_energy_stat_pocket_size_2024_table_029_p32.csv,general
final_11_20_25_doe_key_energy_stat_pocket_size_2024_table_029_p32.csv,general
final_11_20_25_doe_key_energy_stat_pocket_size_2024_table_029_p32.csv,general
final_11_20_25_doe_key_energy_stat_pocket_size_2024_table_030_p34.csv,general
final_11_20_25_doe_key_energy_stat_pocket_size_2024_table_030_p34.csv,general
final_11_20_25_doe_key_energy_stat_pocket_size_2024_table_030_p34.csv,general
final_11_20_25_doe_key_energy_stat_pocket_size_2024_table_030_p34.csv,general
final_11_20_25_doe_key_energy_stat_pocket_size_2024_table_030_p34.csv,general
final_11_20_25_doe_key_energy_stat_pocket_size_2024_table_030_p34.csv,general
final_11_20_25_doe_key_energy_stat_pocket_size_2024_table_031_p36.csv,general
final_11_20_25_doe_key_energy_stat_pocket_size_2024_table_031_p36.csv,general
final_11_20_25_doe_key_energy_stat_pocket_size_2024_table_031_p36.csv,general
final_11_20_25_doe_key_energy_stat_pocket_size_2024_table_031_p36.csv,general
final_11_20_25_doe_key_energy_stat_pocket_size_2024_table_031_p36.csv,general
final_11_20_25_doe_key_energy_stat_pocket_size_2024_table_031_p36.csv,general
final_11_20_25_doe_key_energy_stat_pocket_size_2024_table_031_p36.csv,general
final_11_20_25_doe_key_energy_stat_pocket_size_2024_table_034_p37.csv,general
final_11_20_25_doe_key_energy_stat_pocket_size_2024_table_034_p37.csv,general
final_11_20_25_doe_key_energy_stat_pocket_size_2024_table_034_p37.csv,general
final_11_20_25_doe_key_energy_stat_pocket_size_2024_table_034_p37.csv,general
final_11_20_25_doe_key_energy_stat_pocket_size_2024_table_037_p40.csv,general
final_11_20_25_doe_key_energy_stat_pocket_size_2024_table_037_p40.csv,general
final_11_20_25_doe_key_energy_stat_pocket_size_2024_table_037_p40.csv,general
final_11_20_25_doe_key_energy_stat_pocket_size_2024_table_038_p40.csv,general
final_11_20_25_doe_key_energy_stat_pocket_size_2024_table_038_p40.csv,general
final_11_20_25_doe_key_energy_stat_pocket_size_2024_table_038_p40.csv,general
final_11_20_25_doe_key_energy_stat_pocket_size_2024_table_039_p40.csv,general
final_11_20_25_doe_key_energy_stat_pocket_size_2024_table_039_p40.csv,general
final_11_20_25_doe_key_energy_stat_pocket_size_2024_table_039_p40.csv,general
final_11_20_25_doe_key_energy_stat_pocket_size_2024_table_040_p41.csv,general
final_11_20_25_doe_key_energy_stat_pocket_size_2024_table_040_p41.csv,general
final_11_20_25_doe_key_energy_stat_pocket_size_2024_table_040_p41.csv,general
final_11_20_25_doe_key_energy_stat_pocket_size_2024_table_041_p41.csv,general
final_11_20_25_doe_key_energy_stat_pocket_size_2024_table_041_p41.csv,general
final_11_20_25_doe_key_energy_stat_pocket_size_2024_table_041_p41.csv,general
final_11_20_25_doe_key_energy_stat_pocket_size_2024_table_051_p49.csv,general
final_11_20_25_doe_key_energy_stat_pocket_size_2024_table_051_p49.csv,general
final_11_20_25_doe_key_energy_stat_pocket_size_2024_table_051_p49.csv,general
final_11_20_25_doe_key_energy_stat_pocket_size_2024_table_051_p49.csv,general
final_11_20_25_doe_key_energy_stat_pocket_size_2024_table_051_p49.csv,general
final_11_20_25_doe_key_energy_stat_pocket_size_2024_table_051_p49.csv,general
final_11_20_25_doe_key_energy_stat_pocket_size_2024_table_051_p49.csv,general
final_11_20_25_doe_key_energy_stat_pocket_size_2024_table_052_p51.csv,general
final_11_20_25_doe_key_energy_stat_pocket_size_2024_table_052_p51.csv,general
final_11_20_25_doe_key_energy_stat_pocket_size_2024_table_052_p51.csv,general
final_11_20_25_doe_key_energy_stat_pocket_size_2024_table_052_p51.csv,general
final_11_20_25_doe_key_energy_stat_pocket_size_2024_table_052_p51.csv,general
final_11_20_25_doe_key_energy_stat_pocket_size_2024_table_052_p51.csv,general
final_11_20_25_doe_key_energy_stat_pocket_size_2024_table_052_p51.csv,general
final_11_20_25_doe_key_energy_stat_pocket_size_2024_table_052_p51.csv,general
final_11_20_25_doe_key_energy_stat_pocket_size_2024_table_052_p51.csv,general
final_11_20_25_doe_key_energy_stat_pocket_size_2024_table_052_p51.csv,general
final_11_20_25_doe_key_energy_stat_pocket_size_2024_table_052_p51.csv,general
final_11_20_25_doe_key_energy_stat_pocket_size_2024_table_052_p51.csv,general
final_11_20_25_doe_key_energy_stat_pocket_size_2024_table_052_p51.csv,general
final_11_20_25_doe_key_energy_stat_pocket_size_2024_table_052_p51.csv,general
final_11_20_25_doe_key_energy_stat_pocket_size_2024_table_053_p52.csv,general
final_11_20_25_doe_key_energy_stat_pocket_size_2024_table_053_p52.csv,general
final_11_20_25_doe_key_energy_stat_pocket_size_2024_table_053_p52.csv,general
final_11_20_25_doe_key_energy_stat_pocket_size_2024_table_053_p52.csv,general
final_11_20_25_doe_key_energy_stat_pocket_size_2024_table_053_p52.csv,general
final_11_20_25_doe_key_energy_stat_pocket_size_2024_table_053_p52.csv,general
final_11_20_25_doe_key_energy_stat_pocket_size_2024_table_053_p52.csv,general
final_11_20_25_doe_key_energy_stat_pocket_size_2024_table_053_p52.csv,general
final_11_20_25_doe_key_energy_stat_pocket_size_2024_table_069_p1.csv,general
final_11_20_25_doe_key_energy_stat_pocket_size_2024_table_070_p3.csv,general
final_11_20_25_doe_key_energy_stat_pocket_size_2024_table_070_p3.csv,general
final_11_20_25_doe_key_energy_stat_pocket_size_2024_table_070_p3.csv,general
final_11_20_25_doe_key_energy_stat_pocket_size_2024_table_070_p3.csv,general
final_11_20_25_doe_key_energy_stat_pocket_size_2024_table_070_p3.csv,general
final_11_20_25_doe_key_energy_stat_pocket_size_2024_table_070_p3.csv,general
final_11_20_25_doe_key_energy_stat_pocket_size_2024_table_070_p3.csv,general
final_11_20_25_doe_key_energy_stat_pocket_size_2024_table_070_p3.csv,general
final_11_20_25_doe_key_energy_stat_pocket_size_2024_table_070_p3.csv,general
final_11_20_25_doe_key_energy_stat_pocket_size_2024_table_070_p3.csv,general
final_11_20_25_doe_key_energy_stat_pocket_size_2024_table_070_p3.csv,general
final_11_20_25_doe_key_energy_stat_pocket_size_2024_table_070_p3.csv,general
final_11_20_25_doe_key_energy_stat_pocket_size_2024_table_070_p3.csv,general
final_11_20_25_doe_key_energy_stat_pocket_size_2024_table_070_p3.csv,general
final_11_20_25_doe_key_energy_stat_pocket_size_2024_table_070_p3.csv,general
final_11_20_25_doe_key_energy_stat_pocket_size_2024_table_070_p3.csv,general
final_11_20_25_doe_key_energy_stat_pocket_size_2024_table_070_p3.csv,general
final_11_20_25_doe_key_energy_stat_pocket_size_2024_table_070_p3.csv,general
final_11_20_25_doe_key_energy_stat_pocket_size_2024_table_070_p3.csv,general
final_11_20_25_doe_key_energy_stat_pocket_size_2024_table_071_p4.csv,general
final_11_20_25_doe_key_energy_stat_pocket_size_2024_table_071_p4.csv,general
final_11_20_25_doe_key_energy_stat_pocket_size_2024_table_071_p4.csv,general
final_11_20_25_doe_key_energy_stat_pocket_size_2024_table_071_p4.csv,general
final_11_20_25_doe_key_energy_stat_pocket_size_2024_table_071_p4.csv,general
final_11_20_25_doe_key_energy_stat_pocket_size_2024_table_071_p4.csv,general
final_11_20_25_doe_key_energy_stat_pocket_size_2024_table_071_p4.csv,general
final_11_20_25_doe_key_energy_stat_pocket_size_2024_table_071_p4.csv,general
final_11_20_25_doe_key_energy_stat_pocket_size_2024_table_071_p4.csv,general
final_11_20_25_doe_key_energy_stat_pocket_size_2024_table_071_p4.csv,general
final_11_20_25_doe_key_energy_stat_pocket_size_2024_table_071_p4.csv,general
final_11_20_25_doe_key_energy_stat_pocket_size_2024_table_071_p4.csv,general
final_11_20_25_doe_key_energy_stat_pocket_size_2024_table_071_p4.csv,general
final_11_20_25_doe_key_energy_stat_pocket_size_2024_table_071_p4.csv,general
final_11_20_25_doe_key_energy_stat_pocket_size_2024_table_071_p4.csv,general
final_11_20_25_doe_key_energy_stat_pocket_size_2024_table_071_p4.csv,general
final_11_20_25_doe_key_energy_stat_pocket_size_2024_table_071_p4.csv,general
final_11_20_25_doe_key_energy_stat_pocket_size_2024_table_071_p4.csv,general
final_11_20_25_doe_key_energy_stat_pocket_size_2024_table_071_p4.csv,general
final_11_20_25_doe_key_energy_stat_pocket_size_2024_table_071_p4.csv,general
final_11_20_25_doe_key_energy_stat_pocket_size_2024_table_071_p4.csv,general
final_11_20_25_doe_key_energy_stat_pocket_size_2024_table_073_p6.csv,general
final_11_20_25_doe_key_energy_stat_pocket_size_2024_table_073_p6.csv,general
final_11_20_25_doe_key_energy_stat_pocket_size_2024_table_073_p6.csv,general
final_11_20_25_doe_key_energy_stat_pocket_size_2024_table_073_p6.csv,general
final_11_20_25_doe_key_energy_stat_pocket_size_2024_table_073_p6.csv,general
final_11_20_25_doe_key_energy_stat_pocket_size_2024_table_073_p6.csv,general
final_11_20_25_doe_key_energy_stat_pocket_size_2024_table_073_p6.csv,general
final_11_20_25_doe_key_energy_stat_pocket_size_2024_table_073_p6.csv,general
final_11_20_25_doe_key_energy_stat_pocket_size_2024_table_073_p6.csv,general
final_11_20_25_doe_key_energy_stat_pocket_size_2024_table_073_p6.csv,general
final_11_20_25_doe_key_energy_stat_pocket_size_2024_table_075_p8.csv,general
final_11_20_25_doe_key_energy_stat_pocket_size_2024_table_075_p8.csv,general
final_11_20_25_doe_key_energy_stat_pocket_size_2024_table_075_p8.csv,general
final_11_20_25_doe_key_energy_stat_pocket_size_2024_table_075_p8.csv,general
final_11_20_25_doe_key_energy_stat_pocket_size_2024_table_075_p8.csv,general
final_11_20_25_doe_key_energy_stat_pocket_size_2024_table_075_p8.csv,general
final_11_20_25_doe_key_energy_stat_pocket_size_2024_table_075_p8.csv,general
final_11_20_25_doe_key_energy_stat_pocket_size_2024_table_077_p10.csv,general
final_11_20_25_doe_key_energy_stat_pocket_size_2024_table_077_p10.csv,general
final_11_20_25_doe_key_energy_stat_pocket_size_2024_table_077_p10.csv,general
final_11_20_25_doe_key_energy_stat_pocket_size_2024_table_077_p10.csv,general
final_11_20_25_doe_key_energy_stat_pocket_size_2024_table_077_p10.csv,general
final_11_20_25_doe_key_energy_stat_pocket_size_2024_table_077_p10.csv,general
final_11_20_25_doe_key_energy_stat_pocket_size_2024_table_077_p10.csv,general
final_11_20_25_doe_key_energy_stat_pocket_size_2024_table_077_p10.csv,general
final_11_20_25_doe_key_energy_stat_pocket_size_2024_table_077_p10.csv,general
final_11_20_25_doe_key_energy_stat_pocket_size_2024_table_078_p10.csv,general
final_11_20_25_doe_key_energy_stat_pocket_size_2024_table_078_p10.csv,general
final_11_20_25_doe_key_energy_stat_pocket_size_2024_table_078_p10.csv,general
final_11_20_25_doe_key_energy_stat_pocket_size_2024_table_078_p10.csv,general
final_11_20_25_doe_key_energy_stat_pocket_size_2024_table_078_p10.csv,general
final_11_20_25_doe_key_energy_stat_pocket_size_2024_table_078_p10.csv,general
final_11_20_25_doe_key_energy_stat_pocket_size_2024_table_078_p10.csv,general
final_11_20_25_doe_key_energy_stat_pocket_size_2024_table_078_p10.csv,general
final_11_20_25_doe_key_energy_stat_pocket_size_2024_table_078_p10.csv,general
final_11_20_25_doe_key_energy_stat_pocket_size_2024_table_078_p10.csv,general
final_11_20_25_doe_key_energy_stat_pocket_size_2024_table_078_p10.csv,general
final_11_20_25_doe_key_energy_stat_pocket_size_2024_table_078_p10.csv,general
final_11_20_25_doe_key_energy_stat_pocket_size_2024_table_078_p10.csv,general
final_11_20_25_doe_key_energy_stat_pocket_size_2024_table_078_p10.csv,general
final_11_20_25_doe_key_energy_stat_pocket_size_2024_table_078_p10.csv,general
final_11_20_25_doe_key_energy_stat_pocket_size_2024_table_078_p10.csv,general
final_11_20_25_doe_key_energy_stat_pocket_size_2024_table_084_p16.csv,general
final_11_20_25_doe_key_energy_stat_pocket_size_2024_table_084_p16.csv,general
final_11_20_25_doe_key_energy_stat_pocket_size_2024_table_084_p16.csv,general
final_11_20_25_doe_key_energy_stat_pocket_size_2024_table_084_p16.csv,general
final_11_20_25_doe_key_energy_stat_pocket_size_2024_table_084_p16.csv,general
final_11_20_25_doe_key_energy_stat_pocket_size_2024_table_086_p19.csv,general
final_11_20_25_doe_key_energy_stat_pocket_size_2024_table_086_p19.csv,general
final_11_20_25_doe_key_energy_stat_pocket_size_2024_table_086_p19.csv,general
final_11_20_25_doe_key_energy_stat_pocket_size_2024_table_086_p19.csv,general
final_11_20_25_doe_key_energy_stat_pocket_size_2024_table_086_p19.csv,general
final_11_20_25_doe_key_energy_stat_pocket_size_2024_table_086_p19.csv,general
final_11_20_25_doe_key_energy_stat_pocket_size_2024_table_086_p19.csv,general
final_11_20_25_doe_key_energy_stat_pocket_size_2024_table_086_p19.csv,general
final_11_20_25_doe_key_energy_stat_pocket_size_2024_table_086_p19.csv,general
final_11_20_25_doe_key_energy_stat_pocket_size_2024_table_086_p19.csv,general
final_11_20_25_doe_key_energy_stat_pocket_size_2024_table_086_p19.csv,general
final_11_20_25_doe_key_energy_stat_pocket_size_2024_table_086_p19.csv,general
final_11_20_25_doe_key_energy_stat_pocket_size_2024_table_089_p22.csv,general
final_11_20_25_doe_key_energy_stat_pocket_size_2024_table_089_p22.csv,general
final_11_20_25_doe_key_energy_stat_pocket_size_2024_table_089_p22.csv,general
final_11_20_25_doe_key_energy_stat_pocket_size_2024_table_089_p22.csv,general
final_11_20_25_doe_key_energy_stat_pocket_size_2024_table_089_p22.csv,general
final_11_20_25_doe_key_energy_stat_pocket_size_2024_table_089_p22.csv,general
final_11_20_25_doe_key_energy_stat_pocket_size_2024_table_089_p22.csv,general
final_11_20_25_doe_key_energy_stat_pocket_size_2024_table_089_p22.csv,general
final_11_20_25_doe_key_energy_stat_pocket_size_2024_table_089_p22.csv,general
final_11_20_25_doe_key_energy_stat_pocket_size_2024_table_089_p22.csv,general
final_11_20_25_doe_key_energy_stat_pocket_size_2024_table_089_p22.csv,general
final_11_20_25_doe_key_energy_stat_pocket_size_2024_table_089_p22.csv,general
final_11_20_25_doe_key_energy_stat_pocket_size_2024_table_089_p22.csv,general
final_11_20_25_doe_key_energy_stat_pocket_size_2024_table_089_p22.csv,general
final_11_20_25_doe_key_energy_stat_pocket_size_2024_table_089_p22.csv,general
final_11_20_25_doe_key_energy_stat_pocket_size_2024_table_090_p23.csv,general
final_11_20_25_doe_key_energy_stat_pocket_size_2024_table_090_p23.csv,general
final_11_20_25_doe_key_energy_stat_pocket_size_2024_table_090_p23.csv,general
final_11_20_25_doe_key_energy_stat_pocket_size_2024_table_090_p23.csv,general
final_11_20_25_doe_key_energy_stat_pocket_size_2024_table_090_p23.csv,general
final_11_20_25_doe_key_energy_stat_pocket_size_2024_table_090_p23.csv,general
final_11_20_25_doe_key_energy_stat_pocket_size_2024_table_090_p23.csv,general
final_11_20_25_doe_key_energy_stat_pocket_size_2024_table_090_p23.csv,general
final_11_20_25_doe_key_energy_stat_pocket_size_2024_table_090_p23.csv,general
final_11_20_25_doe_key_energy_stat_pocket_size_2024_table_097_p32.csv,general
final_11_20_25_doe_key_energy_stat_pocket_size_2024_table_097_p32.csv,general
final_11_20_25_doe_key_energy_stat_pocket_size_2024_table_097_p32.csv,general
final_11_20_25_doe_key_energy_stat_pocket_size_2024_table_097_p32.csv,general
final_11_20_25_doe_key_energy_stat_pocket_size_2024_table_097_p32.csv,general
final_11_20_25_doe_key_energy_stat_pocket_size_2024_table_097_p32.csv,general
final_11_20_25_doe_key_energy_stat_pocket_size_2024_table_097_p32.csv,general
final_11_20_25_doe_key_energy_stat_pocket_size_2024_table_097_p32.csv,general
final_11_20_25_doe_key_energy_stat_pocket_size_2024_table_099_p34.csv,general
final_11_20_25_doe_key_energy_stat_pocket_size_2024_table_099_p34.csv,general
final_11_20_25_doe_key_energy_stat_pocket_size_2024_table_099_p34.csv,general
final_11_20_25_doe_key_energy_stat_pocket_size_2024_table_099_p34.csv,general
final_11_20_25_doe_key_energy_stat_pocket_size_2024_table_099_p34.csv,general
final_11_20_25_doe_key_energy_stat_pocket_size_2024_table_099_p34.csv,general
final_11_20_25_doe_key_energy_stat_pocket_size_2024_table_099_p34.csv,general
final_11_20_25_doe_key_energy_stat_pocket_size_2024_table_101_p36.csv,general
final_11_20_25_doe_key_energy_stat_pocket_size_2024_table_101_p36.csv,general
final_11_20_25_doe_key_energy_stat_pocket_size_2024_table_101_p36.csv,general
final_11_20_25_doe_key_energy_stat_pocket_size_2024_table_101_p36.csv,general
final_11_20_25_doe_key_energy_stat_pocket_size_2024_table_101_p36.csv,general
final_11_20_25_doe_key_energy_stat_pocket_size_2024_table_101_p36.csv,general
final_11_20_25_doe_key_energy_stat_pocket_size_2024_table_101_p36.csv,general
final_11_20_25_doe_key_energy_stat_pocket_size_2024_table_101_p36.csv,general
final_11_20_25_doe_key_energy_stat_pocket_size_2024_table_111_p49.csv,general
final_11_20_25_doe_key_energy_stat_pocket_size_2024_table_111_p49.csv,general
final_11_20_25_doe_key_energy_stat_pocket_size_2024_table_111_p49.csv,general
final_11_20_25_doe_key_energy_stat_pocket_size_2024_table_111_p49.csv,general
final_11_20_25_doe_key_energy_stat_pocket_size_2024_table_111_p49.csv,general
final_11_20_25_doe_key_energy_stat_pocket_size_2024_table_111_p49.csv,general
final_11_20_25_doe_key_energy_stat_pocket_size_2024_table_111_p49.csv,general
final_11_20_25_doe_key_energy_stat_pocket_size_2024_table_112_p50.csv,general
final_11_20_25_doe_key_energy_stat_pocket_size_2024_table_112_p50.csv,general
final_11_20_25_doe_key_energy_stat_pocket_size_2024_table_112_p50.csv,general
final_11_20_25_doe_key_energy_stat_pocket_size_2024_table_112_p50.csv,general
final_11_20_25_doe_key_energy_stat_pocket_size_2024_table_112_p50.csv,general
final_11_20_25_doe_key_energy_stat_pocket_size_2024_table_112_p50.csv,general
final_11_20_25_doe_key_energy_stat_pocket_size_2024_table_112_p50.csv,general
final_11_20_25_doe_key_energy_stat_pocket_size_2024_table_112_p50.csv,general
final_11_20_25_doe_key_energy_stat_pocket_size_2024_table_112_p50.csv,general
final_11_20_25_doe_key_energy_stat_pocket_size_2024_table_112_p50.csv,general
final_11_20_25_doe_key_energy_stat_pocket_size_2024_table_112_p50.csv,general
final_11_20_25_doe_key_energy_stat_pocket_size_2024_table_112_p50.csv,general
final_11_20_25_doe_key_energy_stat_pocket_size_2024_table_112_p50.csv,general
final_11_20_25_doe_key_energy_stat_pocket_size_2024_table_112_p50.csv,general
final_11_20_25_doe_key_energy_stat_pocket_size_2024_table_112_p50.csv,general
final_11_20_25_doe_key_energy_stat_pocket_size_2024_table_112_p50.csv,general
final_11_20_25_doe_key_energy_stat_pocket_size_2024_table_112_p50.csv,general
final_11_20_25_doe_key_energy_stat_pocket_size_2024_table_112_p50.csv,general
final_11_20_25_doe_key_energy_stat_pocket_size_2024_table_112_p50.csv,general
final_11_20_25_doe_key_energy_stat_pocket_size_2024_table_112_p50.csv,general
final_11_20_25_doe_key_energy_stat_pocket_size_2024_table_112_p50.csv,general
final_11_20_25_doe_key_energy_stat_pocket_size_2024_table_112_p50.csv,general
final_11_20_25_doe_key_energy_stat_pocket_size_2024_table_112_p50.csv,general
final_11_20_25_doe_key_energy_stat_pocket_size_2024_table_112_p50.csv,general
final_11_20_25_doe_key_energy_stat_pocket_size_2024_table_112_p50.csv,general
final_11_20_25_doe_key_energy_stat_pocket_size_2024_table_112_p50.csv,general
final_11_20_25_doe_key_energy_stat_pocket_size_2024_table_112_p50.csv,general
final_11_20_25_doe_key_energy_stat_pocket_size_2024_table_113_p51.csv,general
final_11_20_25_doe_key_energy_stat_pocket_size_2024_table_113_p51.csv,general
final_11_20_25_doe_key_energy_stat_pocket_size_2024_table_113_p51.csv,general
final_11_20_25_doe_key_energy_stat_pocket_size_2024_table_113_p51.csv,general
final_11_20_25_doe_key_energy_stat_pocket_size_2024_table_113_p51.csv,general
final_11_20_25_doe_key_energy_stat_pocket_size_2024_table_113_p51.csv,general
final_11_20_25_doe_key_energy_stat_pocket_size_2024_table_113_p51.csv,general
final_11_20_25_doe_key_energy_stat_pocket_size_2024_table_113_p51.csv,general
final_11_20_25_doe_key_energy_stat_pocket_size_2024_table_113_p51.csv,general
final_11_20_25_doe_key_energy_stat_pocket_size_2024_table_113_p51.csv,general
final_11_20_25_doe_key_energy_stat_pocket_size_2024_table_113_p51.csv,general
final_11_20_25_doe_key_energy_stat_pocket_size_2024_table_113_p51.csv,general
final_11_20_25_doe_key_energy_stat_pocket_size_2024_table_113_p51.csv,general
final_11_20_25_doe_key_energy_stat_pocket_size_2024_table_113_p51.csv,general
final_11_20_25_doe_key_energy_stat_pocket_size_2024_table_114_p52.csv,general
final_11_20_25_doe_key_energy_stat_pocket_size_2024_table_114_p52.csv,general
final_11_20_25_doe_key_energy_stat_pocket_size_2024_table_114_p52.csv,general
final_11_20_25_doe_key_energy_stat_pocket_size_2024_table_114_p52.csv,general
final_11_20_25_doe_key_energy_stat_pocket_size_2024_table_114_p52.csv,general
final_11_20_25_doe_key_energy_stat_pocket_size_2024_table_114_p52.csv,general
final_11_20_25_doe_key_energy_stat_pocket_size_2024_table_114_p52.csv,general
final_11_20_25_doe_key_energy_stat_pocket_size_2024_table_114_p52.csv,general
final_11_20_25_doe_key_energy_stat_pocket_size_2024_table_115_p53.csv,general
final_11_20_25_doe_key_energy_stat_pocket_size_2024_table_115_p53.csv,general
final_11_20_25_doe_key_energy_stat_pocket_size_2024_table_115_p53.csv,general
final_11_20_25_doe_key_energy_stat_pocket_size_2024_table_115_p53.csv,general
final_11_20_25_doe_key_energy_stat_pocket_size_2024_table_115_p53.csv,general
final_11_20_25_doe_key_energy_stat_pocket_size_2024_table_115_p53.csv,general
final_11_20_25_doe_key_energy_stat_pocket_size_2024_table_115_p53.csv,general
final_11_20_25_doe_key_energy_stat_pocket_size_2024_table_115_p53.csv,general
final_11_20_25_doe_key_energy_stat_pocket_size_2024_table_115_p53.csv,general
final_11_20_25_doe_key_energy_stat_pocket_size_2024_table_115_p53.csv,general
final_11_20_25_doe_key_energy_stat_pocket_size_2024_table_115_p53.csv,general
final_11_20_25_doe_key_energy_stat_pocket_size_2024_table_115_p53.csv,general
final_11_20_25_doe_key_energy_stat_pocket_size_2024_table_115_p53.csv,general
final_11_20_25_doe_key_energy_stat_pocket_size_2024_table_115_p53.csv,general
final_11_20_25_doe_key_energy_stat_pocket_size_2024_table_115_p53.csv,general
final_11_20_25_doe_key_energy_stat_pocket_size_2024_table_115_p53.csv,general
final_11_20_25_doe_key_energy_stat_pocket_size_2024_table_115_p53.csv,general
final_11_20_25_doe_key_energy_stat_pocket_size_2024_table_115_p53.csv,general
final_11_20_25_doe_key_energy_stat_pocket_size_2024_table_115_p53.csv,general
final_11_20_25_doe_key_energy_stat_pocket_size_2024_table_115_p53.csv,general
final_11_20_25_doe_key_energy_stat_pocket_size_2024_table_115_p53.csv,general
final_11_20_25_doe_key_energy_stat_pocket_size_2024_table_115_p53.csv,general
final_11_20_25_doe_key_energy_stat_pocket_size_2024_table_115_p53.csv,general
final_11_20_25_doe_key_energy_stat_pocket_size_2024_table_115_p53.csv,general
final_11_20_25_doe_key_energy_stat_pocket_size_2024_table_120_p60.csv,general
final_11_20_25_doe_key_energy_stat_pocket_size_2024_table_120_p60.csv,general
final_11_20_25_doe_key_energy_stat_pocket_size_2024_table_120_p60.csv,general
final_11_20_25_doe_key_energy_stat_pocket_size_2024_table_120_p60.csv,general
