name,price,ratings,url
Discount Price RuiFa RF-11 Small Hydropower Plants Hydroelectric Water Turbine Water Generator 110-240V For Generation,US $3010.00-$3085.00,5.0/5.0,https://www.alibaba.com/product-detail/Discount-Price-Small-Hydropower-Plants-Hydroelectric_1601635237498.html
1Kw - 30Kw Micro Water Turbine Hydraulic Turbine River Hydro Generator,US $330.00-$989.00,4.2/5.0 (11),https://www.alibaba.com/product-detail/1Kw-30Kw-Micro-Water-Turbine-Hydraulic_1601378916116.html
Customized Water Hydro Power Generator Head With 10MV-50MV Francis Turbine Generator Unit Equipment Hydroelectric Power Station,US $500000.00,5.0/5.0,https://www.alibaba.com/product-detail/Customized-Water-Hydro-Power-Generator-head_1601364995698.html
1kw 2kw 3kw 4kw 5KW 10KW 15KW Mini Hydro Turbine Use Permanent Magnet Generator Low RPM High Efficiency,US $199.00-$280.00,4.6/5.0 (69),https://www.alibaba.com/product-detail/1kw-2kw-3kw-4kw-5KW-10KW_1601258958662.html
Small 300KW Pelton Water Wheel Hydro Turbine Generator Kit For Home Use Efficient Hydropower Solution,US $36800.00,4.8/5.0,https://www.alibaba.com/product-detail/300KW-Small-Pelton-Water-Wheel-Hydro_60489943826.html
Small Mini Hydroelectric Generator 15kW 30kW 40kW 50kW Hydro Water Turbine Generator for Micro Hydro Power Plant,US $6500.00,4.8/5.0,https://www.alibaba.com/product-detail/Small-Mini-Hydroelectric-Generator-15kW-30kW_1600356647085.html
Hydro Power Plants Hydroelectric Francis Water Turbine Generators Hydropower Generator Plant Water Generators,US $10000000.00,5.0/5.0,https://www.alibaba.com/product-detail/Hydro-Power-Plants-Hydroelectric-Francis-Water_11000020926061.html
20KW Brushless Induction Radial Flow Micro Water Turbine Generator 500w to 10kw Mini Hydro Turbine Generator for Sale,US $219.00-$259.00,4.6/5.0 (67),https://www.alibaba.com/product-detail/20KW-brushless-induction-radial-flow-micro_1600898482518.html
Micronewton H120 Electric Demonstration Pelton Turbine Model Adjustable Measurement Module 220V 10KG 470x330x300mm Engineering,US $1980.00-$3180.00,N/A,https://www.alibaba.com/product-detail/Demonstration-Pelton-Turbine-Model-for-Engineering_1601611725501.html
Mini Hydro Turbine Generator Stainless Steel Francis Pelton Kaplan Micro Hydro Power Micro Hydro Generator,US $50000.00-$65000.00,N/A,https://www.alibaba.com/product-detail/Mini-Hydro-Turbine-Generator-Stainless-Steel_1601047709612.html
NEW DEVELOPMENT INDUCTION TURBINE MICRO HYDRO ELECTRICITY ENERGY GENERATOR,US $19.00-$25.00,4.8/5.0 (110),https://www.alibaba.com/product-detail/NEW-DEVELOPMENT-INDUCTION-TURBINE-MICRO-HYDRO_60828191354.html
Online Low Water Head Kaplan Turbine 600W-5KW Micro Hydro Electric Generator,US $799.00,5.0/5.0,https://www.alibaba.com/product-detail/Alibaba-online-low-water-head-Kaplan_60189216250.html
Micro Plant Use Axial Flow Hydropower Electric Generator 600W 3000W Household Use Low Head Water,US $299.00,4.3/5.0,https://www.alibaba.com/product-detail/Micro-Plant-Use-Axial-Flow-Hydropower_1600921494117.html
30KW Hydro Turbine Generator Micro Hydropower System for Off-Grid Electricity Supply,US $500.00,4.8/5.0 (10),https://www.alibaba.com/product-detail/30KW-Hydro-Turbine-Generator-Micro-Hydropower_1601702729098.html
Micro Hydro Generator Water Turbine 1-15KW High Efficiency Hydro Turbine Generator Water Generator,US $329.00-$335.00,4.5/5.0 (15),https://www.alibaba.com/product-detail/micro-hydro-generator-water-turbine-10_1601108331063.html
Mini Hydro Generator Water Energy Free 3kw 5kw 7kw 10kw 20kw 30kw Hydraulic Micro Turbines Hydropower Plant,US $500.00-$5000.00,5.0/5.0,https://www.alibaba.com/product-detail/Mini-hydro-generator-water-energy-free_1600552483471.html
Mini Hydro Generator Hydraulic Micro Turbines Hydropower Plant 800w Hydro Turbine Powered Generator,US $260.00-$280.00,4.3/5.0 (107),https://www.alibaba.com/product-detail/Mini-hydro-generator-hydraulic-micro-turbines_1600899215086.html
Hydro Turbine Generator Mini Water Kaplan Turbine 50 kw,US $1000.00-$8000.00,N/A,https://www.alibaba.com/product-detail/Hydro-generator-mini-water-kaplan-turbine_62344503067.html
36W/50W Micro Hydro Turbine Generator with Built-in MPPT Solar Charge Controller and Mobile APP for Off-Grid Battery Charging,US $50.70-$56.50,5.0/5.0,https://www.alibaba.com/product-detail/36W-50W-DC-Brushless-Micro-Hydro_10000039518198.html
Customized 500KW Micro Hydro Turbine Generator 10-100KW Stainless Steel Pelton ISO9001 Certified 92%-96% Efficiency Generator,US $50000.00-$65000.00,4.3/5.0 (70),https://www.alibaba.com/product-detail/Micro-Hydro-Turbine-Generator-500kw-Stainless_1601425832695.html
Hydroelectric Free Energy Generator Micro Hydro Turbines for Sale,US $60000.00,N/A,https://www.alibaba.com/product-detail/Hydroelectric-free-energy-generator-micro-hydro_1600908159308.html
Small Micro Hydropower Plants Hydro Turbine Water Generator for Sale,US $410.00-$600.00,N/A,https://www.alibaba.com/product-detail/Small-Micro-Hydropower-Plants-Hydro-Turbine_1601364000119.html
Small Micro Hydropower Plants Hydro Turbine Water Generator for Sale,US $410.00-$600.00,4.0/5.0,https://www.alibaba.com/product-detail/Small-Micro-Hydropower-Plants-Hydro-Turbine_1601665321844.html
5KW Micro Hydro Generator for Home Use 220V Rated Mini Pelton Turbine for Water Power Generation,US $2340.38,5.0/5.0,https://www.alibaba.com/product-detail/Micro-Hydro-Generator-5KW-Pelton-Turbine_1601439060194.html
DB-268 12V Micro Hydro Generator 1/2 Inch Portable Water Turbine Hydropower Energy Harvesting for Pipeline,US $3.00-$4.18,4.5/5.0 (27),https://www.alibaba.com/product-detail/DB-268-12V-Micro-Hydro-Generator_1601761929210.html
Low RPM 3 Phase PMG 5000 Watt 5KW Micro Hydro Turbine Generator with Cheap Price,US $500.00-$1200.00,4.8/5.0 (22),https://www.alibaba.com/product-detail/low-RPM-3-phase-PMG-5000_60829857009.html
Hot Selling 1kw 3kw 5kw Water Turbine Micro Water Turbine Hydro Power Electricity Generator,US $430.00,4.7/5.0 (20),https://www.alibaba.com/product-detail/Hot-selling-1kw-3kw-5kw-water_1601267916837.html
New Design Hydro Electric Power Generator 7kw 10kw 20kw Micro Hydro Water Turbine Generator/,US $730.00-$750.00,5.0/5.0,https://www.alibaba.com/product-detail/New-Design-Hydro-Electric-Power-Generator_1601279538339.html
Complete Turbo NH/NT855 NT495 NT743 NTA855 Turbocharger T46 3026924 3018067 Micro Hydro,US $85.00-$115.00,4.5/5.0 (23),https://www.alibaba.com/product-detail/Complete-Turbo-NH-NT855-NT495-NT743_1600700103086.html
Outdoor Emergency Portable Micro Hydro Turbine Generator Dual USB Output for Photo/LED 100W Generator DC12V for Battery,US $160.00,5.0/5.0,https://www.alibaba.com/product-detail/Outdoor-emergency-portable-micro-hydro-turbine_1600859063987.html
DIY Micro Hydro Generator 80V/12V/5V10W DC water flow generator turbine generator hydroelectric Tap Water Flow Hydraulic,US $5.97-$7.28,4.7/5.0 (42),https://www.alibaba.com/product-detail/DIY-Micro-Hydro-Generator-80V-12V_1600590146198.html
DC12V Micro Hydro Turbine Generator Hydraulic Water Charging for LED Light Mini Battery,US $4.21-$4.40,4.9/5.0 (183),https://www.alibaba.com/product-detail/DC12V-Micro-Hydro-Turbine-Generator-Hydraulic_1601607910556.html
Francis Equipment 5MW Hydro Power Turbine Generator Micro Power Plant High-Efficiency Hydro Generator ISO CE TUV Certified,US $23333.00,N/A,https://www.alibaba.com/product-detail/Francis-Equipment-5MW-Hydro-Power-Turbine_1601601154364.html
3kw 5kw 8kw 10kw 15kw Factory Price Small Water Turbine Micro Water Turbine Generator,US $1380.00,N/A,https://www.alibaba.com/product-detail/3kw-5kw-8kw-10kw-15kw-Factory_1601651474053.html
10KW 20 KW 30KW Small River Hydro Power Turbine Kit for Home,US $1000.00-$8000.00,5.0/5.0,https://www.alibaba.com/product-detail/10KW-20-KW-30KW-Small-River_1600980510604.html
5V/12V/80V Micro-hydro Direct Current Water Generator Flow Pump Turbines Hydroelectric Power Energy Generator,US $3.80-$4.88,4.9/5.0 (22),https://www.alibaba.com/product-detail/5V-12V-80V-Micro-hydro-Direct_1601433168922.html
3kw Micro Hydropower Plants Hydro Turbine Water Generator,US $550.00-$650.00,5.0/5.0,https://www.alibaba.com/product-detail/3kw-Micro-Hydropower-Plants-Hydro-Turbine_1600467823055.html
Hydro Generator 600W-5KW 220V Water Micro Hydro Generator China Factory Micro Hydro Generator,US $297.00,5.0/5.0,https://www.alibaba.com/product-detail/Hydro-Generator-600W-5KW-220V-Water_1601420187137.html
Forster ZD760-LM Mini 10KW Customizable Micro Hydro Generator with Low Head 3-12m Kaplan Turbine 0.51-0.93 m/s Flow 400V,US $1350.00,4.8/5.0,https://www.alibaba.com/product-detail/Low-Head-3-12m-Mini-5kw_60504134461.html
Micro Hydro Generator 5KW Mini Hydro Power Turbine for Hydro Turbine Power Station,US $239.00-$1099.00,4.6/5.0 (69),https://www.alibaba.com/product-detail/Micro-Hydro-Generator-5KW-Mini-Hydro_1600685549319.html
8kw Brushless Induction Hydro Turbine Generator Micro Hydro Turbine Generator Home Use Water Power,US $5500.00-$5700.00,4.3/5.0 (107),https://www.alibaba.com/product-detail/8kw-brushless-induction-hydro-turbine-generator_1600918491678.html
DTEC Water Turbine and 60Hz Micro Hydro Generator for Mini Hydro Power Plant,US $1000.00-$5000.00,N/A,https://www.alibaba.com/product-detail/DTEC-Water-Turbine-and-60Hz-Micro_1600062442715.html
DB-168 Micro Hydro Generator DC5V Micro Water Turbine for Battery Charging Hydroelectric Power G1/2 Male Thread 150mA Sensor,US $2.50-$3.50,4.8/5.0 (110),https://www.alibaba.com/product-detail/DB-168-DC5V-Micro-Water-Turbine_1600556119965.html
Hot Selling 1kw 3kw 5kw Water Turbine Micro Water Turbine Hydro Power Electricity Generator,US $195.00-$268.00,4.5/5.0 (15),https://www.alibaba.com/product-detail/Hot-Selling-1kw-3kw-5kw-Water_1601393579295.html
1Kw - 5Kw Axial Flow Micro Hydro Generator Water Turbine With CE Certificate,US $368.00-$1137.00,4.2/5.0 (11),https://www.alibaba.com/product-detail/1Kw-5Kw-Axial-Flow-Micro-Hydro_1601378400689.html
Hydro Generator Micro Hydro Generator Low Head 600w 800w 500w Micro Hydro Generator 1kw 2kw 3kw 4kw 220v,US $1250.00-$1380.00,N/A,https://www.alibaba.com/product-detail/Hydro-Generator-Micro-Hydro-Generator-Low_1601566919494.html
3kw 5kw 10kw 20kw 30kw 40kw 50kw 100kw 500 kw 600kw Micro Hydro Generator Water Turbine,US $10999.00-$15999.00,N/A,https://www.alibaba.com/product-detail/3kw-5kw-10kw-20kw-30kw-40kw_1601677185778.html
Cs TH AC 0-20V Three Phase Micro Hydro Generator Hydroelectric Water Turbine New,US $7.00,4.5/5.0 (52),https://www.alibaba.com/product-detail/AC-0-20V-Three-Phase-Micro_1600847205081.html
RUIFA WSJLS-21 Water Turbine 50KW Power Horizontal Run-of-river Hydroelectric Micro Hydro Generator 480V/380V 0.06-0.22 m/s,US $19643.00,5.0/5.0,https://www.alibaba.com/product-detail/Water-Turbine-50KW-Power-Horizontal-Run_1601638457949.html
Hydroelectric Alternator Water Turbine Price / Mini Hydro Turbine / Micro Hydro Generator for Sale,US $10000.00-$50000.00,N/A,https://www.alibaba.com/product-detail/Hydroelectric-alternator-Water-Turbine-Price-Mini_60811238915.html
Hand Generator Pelton Turbine Hydro Turbine Generator 30kW 220v 380v Micro Hydro Electric Generator Standby,US $5000.00,4.7/5.0 (20),https://www.alibaba.com/product-detail/hand-generator-pelton-turbine-hydro-turbine_1601317777352.html
"2025 5000w 5kw Micro Mini Turbine Hydro Generator,hydro Electric Turbine Generator,hydro Power Generator",US $992.00,4.6/5.0 (101),https://www.alibaba.com/product-detail/2025-5000w-5kw-Micro-Mini-Turbine_1601511458509.html
30kw Free Energy Micro Hydro Generator with Water Turbine for Renewable Energy Use in Rivers,US $3266.00,N/A,https://www.alibaba.com/product-detail/30kw-Free-Energy-Micro-Hydro-Generator_1601733826997.html
100Kw Low Rpm Micro Hydro Power Generator Water Turbine Home,US $2999.00-$19999.00,4.9/5.0 (14),https://www.alibaba.com/product-detail/100Kw-Low-Rpm-Micro-Hydro-Power_1600128771687.html
Thread Connection Micro Hydro Turbines For Sale Turbine Flowmeter,US $160.00-$220.00,5.0/5.0,https://www.alibaba.com/product-detail/Thread-Connection-Micro-Hydro-Turbines-For_1601385310216.html
2025 5000W 5KW Micro Mini Turbine Hydro Generator with Bearing Core Components 1 Year Warranty Electric & Power Generator,US $992.00,4.7/5.0 (10),https://www.alibaba.com/product-detail/2025-5000w-5kw-Micro-Mini-Turbine_1601508154299.html
Hydro Turbine Generators for Mini/Medium Hydropower Plant,US $1000.00-$1200.00,5.0/5.0,https://www.alibaba.com/product-detail/Hydro-Turbine-Generators-for-Mini-Medium_1600516191057.html
120KW Micro Hydro Generator Water Turbine Generator for Renewable Energy Projects,US $2850.00,4.8/5.0 (10),https://www.alibaba.com/product-detail/120KW-Micro-Hydro-Generator-Water-Turbine_1601702753190.html
5kw Micro Turgo Turbine Generator Water Turbine Hydro Turbine 800w,US $219.00-$259.00,4.6/5.0 (67),https://www.alibaba.com/product-detail/5kw-Micro-Turgo-Turbine-Generator-water_1600898500424.html
High Conversion Rate 5kw Turgo Micro Hydro Power Turbine,US $800.00-$1200.00,N/A,https://www.alibaba.com/product-detail/High-Conversion-Rate-5kw-Turgo-Micro_1601363940445.html
Low RPM 3 Phase PMG 5000 Watt 5KW Micro Hydro Turbine Generator With Cheap Price,US $2100.00,4.8/5.0 (22),https://www.alibaba.com/product-detail/low-RPM-3-phase-PMG-5000_60556751069.html
5V Micro Hydro Turbine Generator for Sensor Faucet Smart Bathroom G1/2 G1/4 Thread 0.5W Water Powered Generator,₱510.27-529.16,4.8/5.0 (30),https://www.alibaba.com/product-detail/5V-Micro-Hydro-Turbine-Generator-for_1601671908941.html
5V/12V/80V Micro-hydro Direct Current Water Generator Flow Pump Turbines Hydroelectric Power Energy Generator,US $3.80-$4.68,4.9/5.0 (32),https://www.alibaba.com/product-detail/5V-12V-80V-Micro-hydro-Direct_1601433156875.html
DIJIANG G1/2“ DB-268 Micro Hydro Generator DC 12V Water Turbine for Charging Hydroelectric Power 150mA Sensor,US $2.50-$3.50,N/A,https://www.alibaba.com/product-detail/DIJIANG-G1-2-DB-268-Micro_1601785431123.html
5V12V DC Water Flow Generator Faucet Micro Small Hydro Turbine Pipe Tap Water Mini High Power,US $4.22-$5.35,5.0/5.0,https://www.alibaba.com/product-detail/5V12V-DC-Water-Flow-Generator-Faucet_1601738223085.html
High Quality Hot Sale Micro 20kw 30kw Power Hydro Generator Electrical Water Turbine/,US $1500.00-$5000.00,5.0/5.0,https://www.alibaba.com/product-detail/High-Quality-Hot-Sale-Micro-20kw_1601717599800.html
SHICHENG Micro Hydro Turbine Generator 5KW-Low Maintenance Turgo Water Turbine for High Head Streams & Waterfalls 220V AC Output,US $1030.00-$1089.00,4.4/5.0 (28),https://www.alibaba.com/product-detail/3kw-excitation-oblique-impact-small-hydroelectric_1601101634037.html
Solar Quantum Paint Elite Ultra Efficient Photovoltaic Coating Micro Hydro Turbine Nexus 25kW from Minimal Flow,US $99.00-$399.00,N/A,https://www.alibaba.com/product-detail/Solar-Quantum-Paint-Elite-Ultra-Efficient_10000031670446.html
3kw Solar Energy Systems Wind Charge Controller System 3000w Micro Hydro Turbine 3kw,US $0.32,5.0/5.0,https://www.alibaba.com/product-detail/3kw-Solar-Energy-Systems-Wind-Charge_1600502326890.html
High Conversion Rate 5kw Turgo Micro Hydro Power Turbine,US $800.00-$1200.00,4.0/5.0,https://www.alibaba.com/product-detail/High-Conversion-Rate-5kw-Turgo-Micro_1601665456066.html
Thread Connection Micro Hydro Turbines for Sale Turbine Flowmeter CE Approved Turbine Flow Meter,US $135.00-$155.00,N/A,https://www.alibaba.com/product-detail/Thread-connection-micro-hydro-turbines-for_1600890823499.html
Micro Hydro Turbine Omega kW from Minimal Water Flow Industrial Thermoelectric Omega kW Waste Heat Conversion,US $3.00-$30.00,N/A,https://www.alibaba.com/product-detail/Micro-Hydro-Turbine-Omega-kW-from_10000032132355.html
DB-168 OEM Plastic Micro Hydro Generator DC5V Water Turbine Battery Charging Hydroelectric Power G1/2 Male Thread 150mA Sensor,US $2.50-$3.50,4.6/5.0,https://www.alibaba.com/product-detail/DB-168-Plastic-Micro-Hydro-Generator_1601650630772.html
36W 50W 100W Micro Hydro Turbine Generator DC 18V 36V for Off-Grid Village Rural Battery Charging Stream River Power System,US $32.00-$42.00,5.0/5.0,https://www.alibaba.com/product-detail/36W-50W-Micro-Hydro-Generator-DC_10000038040872.html
Small Power Station Micro Generator Set 5KW 10KW 20kw 30kw 50KW 100KW Hydroelectric Water Turbine Generator,US $898.00-$12000.00,5.0/5.0,https://www.alibaba.com/product-detail/Small-power-station-micro-generator-set_1601247256607.html
30KW Micro Hydroelectric Power Plant Mini Hydro Power with High Efficiency Permanent Magnet Generator 50Hz Frequency Low RPM,US $40.00-$50.00,3.4/5.0,https://www.alibaba.com/product-detail/30KW-Micro-Hydroelectric-Power-Plant-Mini_1601602325096.html
3KW Pelton Mini Turbine Micro Hydropower Water Generator with 220V Rated Voltage,US $583.31,5.0/5.0,https://www.alibaba.com/product-detail/Micro-Hydropower-Turbine-3KW-Pelton-Turbine_1601433323045.html
High Quality Hot Sale Forster Micro Hydro Power Turbine Generator 1kW-5kW 88% Efficiency 220V/380V Outdoor Camping Solution,US $3880.00,4.8/5.0,https://www.alibaba.com/product-detail/Factory-Price-Quietest-Navigator-Ng2200-Power_1601322698423.html
Small Micro Hydropower Plants Hydro Turbine Water Generator for Sale,US $410.00-$600.00,4.4/5.0 (28),https://www.alibaba.com/product-detail/Small-Micro-Hydropower-Plants-Hydro-Turbine_1601101550325.html
High Quality Water Turbine Powered Generators Mini Hydro Generator 3kw 10kw 800w Hydraulic Turbine,US $276.00-$295.00,4.3/5.0 (108),https://www.alibaba.com/product-detail/High-quality-Water-Turbine-Powered-Generators_1600899000623.html
Turbine-hydro Generator Micro Water Turbine,US $1250.00-$1380.00,N/A,https://www.alibaba.com/product-detail/Turbine-hydro-Generator-Micro-Water-Turbine_1601616291844.html
10KW Water Turbine Generators Mini Hydro Generator Hydraulic Turbine,US $950.00-$1600.00,4.9/5.0 (16),https://www.alibaba.com/product-detail/10KW-Water-turbine-generators-mini-hydro_1600739725530.html
RUIFA WSJLS-19 Water Turbine Micro Hydro Generator Horizontal Run-of-river Hydroelectric Generator 380V/480V 110-240V,US $12000.00,5.0/5.0,https://www.alibaba.com/product-detail/Water-Turbine-Micro-Hydro-Generator-Horizontal_1601638440803.html
10KW 380V Low RPM Water Turbine Generator 100-500RPM Micro Hydro Power System,US $800.00,N/A,https://www.alibaba.com/product-detail/10KW-380V-Low-RPM-Water-Turbine_1601721821011.html
"DB-3682 3W 1/2"" Micro Hydro Generator AC20V Portable Water Turbine Charger 5V-20V for LED Shower Bathroom",US $5.23-$6.19,4.7/5.0 (15),https://www.alibaba.com/product-detail/DB-3682-3W-1-2-Micro_1601519169945.html
DB-268 12V Hydroelectric Power Micro-hydro Generator Portable Water Charger Micro Hydro Generator Water Flow Generator,US $2.50-$3.50,N/A,https://www.alibaba.com/product-detail/DB-268-12V-Hydroelectric-Power-Micro_1601726534605.html
"ZJ-B5 1-60L/min Large Volume G 3/4"" Micro-hydro Water Turbine Generator Liquid Meter Sensor for Water Dispenser Coffee Machine",US $2.80-$2.99,4.9/5.0 (32),https://www.alibaba.com/product-detail/1-60L-min-large-volume-G_1600589903978.html
Water Turbine Generator Water 12V DC 5W Micro-Hydro Water Charging Tool,US $4.20-$4.40,N/A,https://www.alibaba.com/product-detail/Water-Turbine-Generator-Water-12V-DC_1600135076304.html
Solar Quantum Infinity Ultra Efficient Photovoltaic Surface and the Micro Hydro Turbine Quantum of kW from Minimal Water Flow,US $99.00-$399.00,N/A,https://www.alibaba.com/product-detail/Solar-Quantum-Infinity-Ultra-Efficient-Photovoltaic_11000025699362.html
F50 5V/12V/80V Micro Hydro DC Water Generator Flow Pump Turbine Hydroelectric Power Energy Generator,US $0.50-$1.75,5.0/5.0,https://www.alibaba.com/product-detail/F50-5V-12V-80V-Micro-Hydro_1601784558313.html
China Factory 220V 500W Micro Hydro Water Turbine Generator Hydroelectric Magnet Full Copper Core Single Phase Generator,US $200.00-$239.00,4.6/5.0 (70),https://www.alibaba.com/product-detail/china-factory-220V-500W-Micro-Hydro_1600449719161.html
1Kw 2Kw 3Kw Mini Hydro Generator Hydroelectric Water Turbine Generator,US $368.00-$580.00,4.2/5.0 (11),https://www.alibaba.com/product-detail/1Kw-2Kw-3Kw-Mini-Hydro-Generator_1601420921736.html
Micro Hydro Turbine Generator 500kw Stainless Steel Pelton Hydro Turbine Hydropower Generator,US $50000.00-$65000.00,N/A,https://www.alibaba.com/product-detail/Micro-Hydro-Turbine-Generator-500kw-Stainless_62520801621.html
Hot Selling 1kw 3kw 5kw Water Turbine Micro Water Turbine Hydro Power Electricity Generator for Home,US $195.00-$268.00,4.5/5.0 (15),https://www.alibaba.com/product-detail/Hot-Selling-1kw-3kw-5kw-Water_1601536157797.html
Low Head 10KW 20KW Micro Kaplan Hydro Generator Turbine From Manufacturer,US $1680.00,4.8/5.0,https://www.alibaba.com/product-detail/Low-Head-10KW-20KW-Micro-Kaplan_1600432860034.html
40KW Micro Hydro Turbine Generator Water Turbine Generator for Small Hydro Power Plant,US $1000.00,4.8/5.0 (11),https://www.alibaba.com/product-detail/40KW-Micro-Hydro-Turbine-Generator-Water_1601702778073.html
Micro Hydro Turbine Power Generator 100kw,US $50000.00,N/A,https://www.alibaba.com/product-detail/Micro-hydro-turbine-power-generator-100kw_783899969.html
100kw High Efficiency Mini Micro Hydro Power Generator Water Turbine,US $142.00-$223.00,N/A,https://www.alibaba.com/product-detail/100kw-High-Efficiency-Mini-Micro-Hydro_1601562368451.html
10kw Water Turbine Mini Hydro Power Hydroelectric Generator for Sale/,US $750.00-$1500.00,4.3/5.0 (70),https://www.alibaba.com/product-detail/10kw-Water-Turbine-Mini-Hydro-Power_1601425881184.html
Home Used Water Power Generator 5kw Kaplan Turbine Generator hydro Power Plant Micro Turbine,US $990.48,5.0/5.0,https://www.alibaba.com/product-detail/Home-Used-Water-Power-Generator-5kw_60187610796.html
5KW Small Turbine Water Powered Generator /micro Hydro Turbines for Sale,US $1000.00-$1200.00,5.0/5.0,https://www.alibaba.com/product-detail/5KW-Small-turbine-water-powered-generator_1600516179217.html
Competitively Priced 50kW Small Micro Pelton Hydro Turbine Impact Water Wheel Electric Generator for Power Plant,US $4200.00-$9800.00,N/A,https://www.alibaba.com/product-detail/Competitively-Priced-50kW-Small-Micro-Pelton_1601673987860.html
3kw Excitation Oblique Impact Small Hydroelectric Generator Micro Flow Generator Water Turbine,US $410.00-$600.00,4.0/5.0,https://www.alibaba.com/product-detail/3kw-Excitation-Oblique-Impact-Small-Hydroelectric_1601665364609.html
1500 KW Francis Turbine Micro Hydro Generator Water Power Hydropower Equipment,US $22000.00,N/A,https://www.alibaba.com/product-detail/1500-KW-Francis-Turbine-Micro-Hydro_1601357170437.html
Water Powered 5V Micro Hydro Turbine Generator 0.5W G1/2 G1/4 Thread for Smart Bathroom Sensor Faucet Energy Harvesting,US $8.10-$8.40,4.8/5.0 (30),https://www.alibaba.com/product-detail/Water-Powered-5V-Micro-Hydro-Turbine_1601701133213.html
IMW High Quality Mini Hydro Generator Water Turbine Hydraulic Turbine Renewable Energy Product,US $8099.00,N/A,https://www.alibaba.com/product-detail/IMW-High-Quality-Mini-Hydro-Generator_1601733859837.html
3 5 10 15 20 30 50 100kw Mini Hydro Generator Micro Hydro Generator Water Turbine Micro Hydro Generator,US $10000.00,4.7/5.0 (20),https://www.alibaba.com/product-detail/3-5-10-15-20-30_1600927330756.html
"New Technology Hydro-turbine Generator 100kW Micro Hydro-generator, Water Turbine Used for Power Generation",US $17000.00-$17140.00,5.0/5.0,https://www.alibaba.com/product-detail/New-Technology-Hydro-turbine-Generator-100kW_1601638410385.html
Micro-hydro Generator DC Water Flow Pump Turbine Hydroelectric Power Energy Generators mini water turbinen generator,US $5.97-$7.28,4.7/5.0 (41),https://www.alibaba.com/product-detail/Micro-hydro-Generator-DC-Water-Flow_1600590044565.html
11mm Quick Fit Water Turbine Generator Micro Hydro Power Energy Saving for Kitchen Bathroom Faucet Tap,US $2.85-$3.33,4.7/5.0 (15),https://www.alibaba.com/product-detail/11mm-Quick-Fit-Water-Turbine-Generator_1601519244309.html
11mm Quick Fit Connection Water Turbine Micro Hydro Electricity Generator Energy Saving Application For Kitchen Bathroom Faucet,US $3.00-$3.50,4.9/5.0 (32),https://www.alibaba.com/product-detail/11mm-Quick-Fit-Connection-Water-Turbine_1601280797435.html
3kw Excitation Oblique Impact Small Hydroelectric Generator Micro Flow Generator Water Turbine,US $410.00-$600.00,N/A,https://www.alibaba.com/product-detail/3kw-excitation-oblique-impact-small-hydroelectric_1601363961437.html
DIJIANG G1/2“ DB-168 Micro Hydro Generator DC 5V Water Turbine for Battery Charging Hydroelectric Power 150mA Sensor,US $2.50-$3.50,N/A,https://www.alibaba.com/product-detail/DB-168-Micro-Hydro-Generator-DC5V_1601726411355.html
High Quality Micro Hydro Generator 10kw Hydro Turbine Generator for Sale,US $750.00-$1500.00,5.0/5.0,https://www.alibaba.com/product-detail/High-Quality-Micro-Hydro-Generator-10kw_1600316955016.html
Solar Quantum Paint Pro Ultra Efficient Photovoltaic Coating Micro Hydro Turbine Matrix kW from Minimal Flow,US $3.00-$30.00,N/A,https://www.alibaba.com/product-detail/Solar-Quantum-Paint-Pro-Ultra-Efficient_10000032139326.html
Micro turbine water flow generator (5VD-C) a new clean energy product for hydroelectric power and water flow power generation,US $11.47059,4.9/5.0 (17),https://www.alibaba.com/product-detail/Micro-turbine-water-flow-generator-5VD_1601005508433.html
Factory Generator 5kw 7kw 9kw 10kw Micro Hydro Water Turbine Generator with Good Price/,US $730.00-$750.00,5.0/5.0,https://www.alibaba.com/product-detail/Factory-Generator-5kw-7kw-9kw-10kw_1601024900652.html
20 Mw Pelton Turbine/Micro Hydro Pelton Wheel/Pelton Turbine Price,US $20000.00,N/A,https://www.alibaba.com/product-detail/20-Mw-Pelton-Turbine-Micro-Hydro_62560018366.html
Water Turbine Generator Micro Hidro vortex Hydro Power Low Speed Generator,US $50000.00,N/A,https://www.alibaba.com/product-detail/Water-turbine-generator-micro-hidro-vortex_1600120682674.html
"DB-168 Micro Hydro Generator 1/2"" Female Thread DIY Tap Water Turbine generator 12V/DC5V For Lithium Battery Charging",US $4.10-$4.25,5.0/5.0,https://www.alibaba.com/product-detail/DB-168-Micro-Hydro-Generator-1_1601567273530.html
100Kw Low Rpm Micro Hydro Power Generator Water Turbine Home,US $8999.00,4.8/5.0,https://www.alibaba.com/product-detail/100Kw-Low-Rpm-Micro-Hydro-Power_1601101128464.html
Micro-hydro Generator DC Water Flow Pump Turbine Hydroelectric Power Energy Generators Mini Water Turbinen Generator,US $6.90,5.0/5.0,https://www.alibaba.com/product-detail/Micro-hydro-Generator-DC-Water-Flow_1601362341020.html
Best Price Water Energy Axial Flow Micro Hydro Generator Water Turbine 1Kw,US $368.00-$1137.00,4.2/5.0 (11),https://www.alibaba.com/product-detail/Best-Price-Water-Energy-Axial-Flow_1601378763812.html
8kw Brushless Induction Kaplan Hydro Turbine Generator Micro Hydro Turbine Generator Home Use Water Power,US $5500.00-$5700.00,4.6/5.0 (68),https://www.alibaba.com/product-detail/8kw-brushless-induction-kaplan-hydro-turbine_1600918092147.html
DB-268 12V Hydroelectric Power Micro-hydro Generator Portable Water Charger Micro Hydro Generator Water Flow Generator,US $2.50-$3.50,4.8/5.0 (111),https://www.alibaba.com/product-detail/Hydroelectric-power-Micro-hydro-generator-Portable_1600071837882.html
Mini Hydro Generator 3kw 8kw 10kw Hydraulic Micro Turbines Hydropower Plant,US $1785.00-$1885.00,5.0/5.0,https://www.alibaba.com/product-detail/Mini-Hydro-Generator-3kw-8kw-10kw_1600929958735.html
IMW High Quality Mini Hydro Generator Water Turbine Hydraulic Turbine Renewable Energy Product,US $8099.00,4.8/5.0 (11),https://www.alibaba.com/product-detail/IMW-High-Quality-Mini-Hydro-Generator_1601569279085.html
1mw Francis Turbine Micro Hydro Generator for Water Power Stations,US $22000.00,N/A,https://www.alibaba.com/product-detail/1mw-Francis-Turbine-Micro-Hydro-Generator_1601305620268.html
500kw Bulb Water Turbine Micro Hydro Generator,US $50000.00,N/A,https://www.alibaba.com/product-detail/500kw-Water-Turbine-Micro-Hydro-Turbines_1190648153.html
Free Energy 3000w Mini Hydropower Water Turbine 1kw Hydraulic Generator for Electricity Water Turbine2000w,US $336.00-$366.00,4.6/5.0 (70),https://www.alibaba.com/product-detail/free-energy-3000w-mini-hydropower-water_1601365163802.html
5KW Vertical Micro Kaplan Turbine Generator ZD760-LM-20 with Low Water Head Hydro Turbine ISO9001 & CE Certified,US $992.83,5.0/5.0,https://www.alibaba.com/product-detail/5KW-Vertical-Micro-Kaplan-Turbine-Generator_1601611032129.html
Hydropower Plant Micro Water Turbine 1Kw 2Kw 3Kw 4Kw Water Powered Generator,US $330.00-$989.00,4.2/5.0 (11),https://www.alibaba.com/product-detail/Hydropower-Plant-Micro-Water-Turbine-1Kw_1601425131505.html
Water Electricity Generator 500W-40KW 220v Mini Water Powered Generator Turbine Water Micro Electric Generator,US $1499.00-$1849.00,4.5/5.0 (15),https://www.alibaba.com/product-detail/water-electricity-generator-500W-40KW-220v_1601090305440.html
10kW Double-jet Excitation Slash-and-burn Small Hydro Generator Set Micro Current Generator Small Hydro,US $3747.00-$3767.00,4.6/5.0 (68),https://www.alibaba.com/product-detail/10kW-double-jet-excitation-slash-and_1600913284519.html
2MW Francis Pelton Kaplan Turgo High Head Mini Micro Pelton Kaplan Impulse 200kw Hydropower Water Generator,US $10000.00-$30000.00,N/A,https://www.alibaba.com/product-detail/New-style-popular-rapeseed-sunflower-pressing_1600591762620.html
36W 50W Micro Hydro Turbine Generator DC 18V 36V for Off-Grid Village Rural Power Nepal Micro Hydropower,US $32.00-$40.00,5.0/5.0,https://www.alibaba.com/product-detail/Micro-Hydro-Generator-36W-50W-DC_10000038097007.html
30kw Free Energy Micro Hydro Generator with Water Turbine for Renewable Energy Use in Rivers,US $3266.00,4.8/5.0 (11),https://www.alibaba.com/product-detail/30kw-Free-Energy-Micro-Hydro-Generator_1601569243436.html
Water Power 10kw 20kw 30kw 50kw 70kw Micro Hydro Turbine 12m Head Hydro Turbine Generator,US $1999.00,N/A,https://www.alibaba.com/product-detail/Water-Power-10kw-20kw-30kw-50kw_1601422497889.html
5000w Mini Portable Low Water Head Hydro Turbine,US $1000.00-$1200.00,5.0/5.0,https://www.alibaba.com/product-detail/5000w-Mini-Portable-Low-Water-Head_1600516083717.html
SEA High Power Micro-hydro Water Generator Hydroelectric Water Turbine Generator,US $2.99-$45.00,4.8/5.0 (111),https://www.alibaba.com/product-detail/SEA-High-Power-Micro-hydro-Water_1600086405284.html
10kW Micro Hydro Power Generator 50Hz Frequency Water Turbine Low Head 20kW Micro Hydro Generator,US $16800.00,4.3/5.0 (70),https://www.alibaba.com/product-detail/10kW-Micro-Hydro-Power-Generator-50Hz_1601425872357.html
Hot Renewable Micro Hydro Generator 5kw/8kw/10kw Turbine Price,US $750.00-$1500.00,5.0/5.0,https://www.alibaba.com/product-detail/Hot-renewable-micro-hydro-generator-5kw_1600331510761.html
Widely Used Convenient Operation Low Pressure 5KW Micro Hydro Turbine Generator/Micro Hydro Power Generator,US $1200.00,5.0/5.0,https://www.alibaba.com/product-detail/Widely-Used-Convenient-Operation-Low-Pressure_60208747221.html
JIEZHUO 3kW High Radial Micro Hydro Turbine Generator Core Motor 220V Output 3-Year Warranty for Hydroelectric Projects,US $1100.00-$1400.00,4.0/5.0,https://www.alibaba.com/product-detail/3kw-Radial-Small-Micro-Hydro-Turbine_1601665066969.html
Mini Hydro Electric Water Turbine Generator 1kW 2kW 3kW for Small Hydro Power Plant With Voltage Regulator,US $4200.00-$9800.00,N/A,https://www.alibaba.com/product-detail/Mini-Hydro-Electric-Water-Turbine-Generator_1601673720978.html
500kw Micro Hydro Electric Hydro Turbine Generator,US $1000.00-$8000.00,N/A,https://www.alibaba.com/product-detail/500kw-micro-hydro-electric-hydro-turbine_1601153909384.html
3kw Micro Hydropower Plants Hydro Turbine Slanting Water Turbine Generator,US $705.00,4.7/5.0 (20),https://www.alibaba.com/product-detail/3kw-Micro-Hydropower-Plants-Hydro-Turbine_1601297865057.html
0.5W 5V Micro Hydro Turbine Generator Water Powered for Smart Bathroom Faucet G1/2 G1/4 Thread Sensor Energy Module,US $8.10-$8.40,4.8/5.0 (30),https://www.alibaba.com/product-detail/0-5W-5V-Micro-Hydro-Turbine_1601701108464.html
High Conversion Rate 5kw Turgo Micro Hydro Power Turbine,US $800.00-$1200.00,4.4/5.0 (28),https://www.alibaba.com/product-detail/High-Conversion-Rate-5kw-Turgo-Micro_1601101334947.html
10KW 20 KW 30KW 400V Small River Hydro Power Turbine Kit with 0.271-0.441m/s Flow Rate for Home Use,US $1000.00-$8000.00,5.0/5.0,https://www.alibaba.com/product-detail/10KW-20-KW-30KW-Small-River_1601649634768.html
FLYT 800w to 10kw 5kw Mini Water Turbine Electricity Generation by Water,US $219.00-$259.00,4.6/5.0 (70),https://www.alibaba.com/product-detail/FLYT-800w-to-10kw-5kw-mini_1601172538116.html
Forster All in One 10KW 380V Renewable Energy Small Mini Water Powered Micro Hydro Turbine Generator on Sale Competitive Price,US $13200.00,4.8/5.0,https://www.alibaba.com/product-detail/1KW-2KW-3KW-5KW-Micro-Hydropower_62371706826.html
2KW Mini Hydro Pelton Turbine Generator 2000W with 220V Rated Voltage 15-30m Water Head 0.01-0.02m/s Flow Rate Steel Auto Start,US $566.27,5.0/5.0,https://www.alibaba.com/product-detail/2KW-Mini-Hydro-Turbine-2000W-Pelton_1601433171959.html
Mini 10 Kw Water Hydro Turbine Generator for Electricity Production,US $1579.00-$1599.00,4.2/5.0 (11),https://www.alibaba.com/product-detail/Mini-10-Kw-Water-Hydro-Turbine_1601623873882.html
High Quality Water Turbine Generators Mini Hydro Generator 3kw 10kw 800w Hydraulic Turbine,US $219.00-$259.00,4.6/5.0 (68),https://www.alibaba.com/product-detail/High-Quality-Water-Turbine-Generators-Mini_1600897715044.html
DTEC Factory Supply 1 MW Hydro Generator Kaplan Micro Hydro Turbine Power Plant Hydro Generator Set,US $10000.00-$15000.00,N/A,https://www.alibaba.com/product-detail/DTEC-Factory-Supply-1-MW-Hydro_1600067647873.html
36W 50W 100W Micro Hydro Turbine Generator Supports 12V/24V Battery Charging for Off-grid and Rural Microgrid Power Systems,US $32.00-$42.60,5.0/5.0,https://www.alibaba.com/product-detail/Micro-Hydro-Generator-Compatible-with-Smart_10000037930129.html
Micro Turbina Francis/Micro Hydroelectric Generator/Electric Turbine,US $20000.00,N/A,https://www.alibaba.com/product-detail/Micro-turbina-francis-Micro-Hydroelectric-Generator_1600301216067.html
20-100K China Water Turbine Tidal Mini Hydro Turbine,US $1000.00-$8000.00,5.0/5.0,https://www.alibaba.com/product-detail/20-100K-China-water-turbine-tidal_1600980500647.html
Factory Price 500w Water Turbine Mini Water Turbine 600w Hydro Generator Pelton Turbine 500w to 50kw,US $195.00-$268.00,4.5/5.0 (15),https://www.alibaba.com/product-detail/Factory-Price-500w-Water-Turbine-Mini_1600550698192.html
RY Good Price Mini 3kw 10kw Hydro Power Water Turbine Hydroelectric Generator 800w,US $368.00-$459.00,4.3/5.0 (108),https://www.alibaba.com/product-detail/Good-price-mini-3kw-5kw-8kw_1600898999732.html
20kw 220v Micro Water Turbines for Homes Hydroelectric Generator Mini,US $4515.00-$4535.00,4.6/5.0 (68),https://www.alibaba.com/product-detail/20kw-220v-micro-water-turbines-for_1600918060281.html
China OEM Mini Hydro Power Turbine Generator,US $50000.00-$65000.00,N/A,https://www.alibaba.com/product-detail/China-OEM-mini-hydro-power-turbine_1600057513396.html
Small Horizontal Kaplan Hydroelectric Generator Set 3kW-50kW Low Head Water Turbine for River/Canal Power Plant,US $300.00,5.0/5.0,https://www.alibaba.com/product-detail/Water-Turbine-Electricity-Underwater-Turbine-Generator_60185093435.html
50kw High Efficiency Mini Micro Hydro Power Generator Water Turbine,US $10000.00-$30000.00,N/A,https://www.alibaba.com/product-detail/Manufacturing-Plant-commercial-cold-oil-press_1600584147010.html
Low Price Micro Hydro Power Mini Water Turbine Electric Generator 20kw 50kw 100kw 200kw,US $2499.00,4.8/5.0 (11),https://www.alibaba.com/product-detail/Low-Price-Micro-Hydro-Power-Mini_1601567829489.html
10kw Micro Hydropower Plants Hydro Turbine Slanting Water Turbine Generator,US $2000.00-$2500.00,5.0/5.0,https://www.alibaba.com/product-detail/10kw-Micro-Hydropower-Plants-Hydro-Turbine_1600470261876.html
5KW Turgo Turbine Generator Hydro Turgo Turbine Micro Turbine Generator,US $1899.00,N/A,https://www.alibaba.com/product-detail/5KW-Turgo-Turbine-Generator-Hydro-Turgo_1601435188208.html
Micro Hydro Kaplan Turbine Online for Sale for Hydro Power Plant China Customized Axial Flow Water Turbine AC Three Phase CN;SIC,US $19000.00-$21000.00,N/A,https://www.alibaba.com/product-detail/Micro-Hydro-Kaplan-Turbine-Online-for_62109720187.html
Factory Direct Sales of Portable Hydroelectric Generators 15KW Micro Hydro Turbine Generator for Home Use,US $6920.00-$6964.00,5.0/5.0,https://www.alibaba.com/product-detail/Factory-Direct-Sales-of-Portable-Hydroelectric_11000030332955.html
Low Price Micro Hydro Power Mini Water Turbine Electric Generator 20kw 50kw 100kw 200kw,US $2499.00,N/A,https://www.alibaba.com/product-detail/Low-Price-Micro-Hydro-Power-Mini_1601733881737.html
5 - 20m Water Head Micro Hydro Generator 10kw 20kw 30kw 40kw 50kw Factory Direct Sales of Water Generator Sets,US $1000.00-$8000.00,5.0/5.0,https://www.alibaba.com/product-detail/5-20m-water-Head-Micro-Hydro_1601246852621.html
YF-G1 1-Inch 1-100L/min Mini Water Fl-ow Meter Micro-hydro Generator Water Turbine Industrial Grade Pipe Water Pump,US $6.20-$6.24,4.9/5.0 (32),https://www.alibaba.com/product-detail/YF-G1-1-inch-1-100L_1600589672963.html
Portable 12V Micro-Hydro Power Generator Hydroelectric Water Flow Sensor Micro Hydro Generator for Water Charging,US $3.00-$4.50,4.8/5.0 (111),https://www.alibaba.com/product-detail/Portable-12V-Micro-Hydro-Power-Generator_1601346061019.html
100kw 200kw 500kw Permanent Magnet Generator Low Rpm Use for Micro Hydro Turbine Mini Water and Small Hydropower Project,US $3999.00-$5999.00,4.9/5.0 (14),https://www.alibaba.com/product-detail/100kw-200kw-500kw-permanent-magnet-generator_1600969140436.html
100kw 200kw 500kw Permanent Magnet Generator Low Rpm Use for Micro Hydro Turbine Mini Water and Small Hydropower Project,US $2999.00,4.8/5.0,https://www.alibaba.com/product-detail/100kw-200kw-500kw-permanent-magnet-generator_1601101630491.html
New Hydro Power Water Turbine Model Plastic Working Energy Device,US $1.00-$5.00,4.1/5.0,https://www.alibaba.com/product-detail/Hydro-Power-Working-energy-water-turbine_1601361358039.html
Newest DC Hydroelectric Power Hydro Generator Tap Flow Micro-hydro Piped Water Generator Pipeline Water Charger,US $5.40-$5.70,4.9/5.0 (56),https://www.alibaba.com/product-detail/Newest-DC-Hydroelectric-Power-Hydro-Generator_1601008873045.html
High Sensitivity Liquid Flow Sensor Micro Hydro Generator Turbine Ultrasonic Magnetic Flow Switch Sensor Small Water,US $50.00-$60.00,4.9/5.0 (15),https://www.alibaba.com/product-detail/High-Sensitivity-Liquid-Flow-Sensor-Micro_1601058962915.html
Enneng Alternative Energy PMG Micro Hydro & Wind Power Generator Low RPM 500W-5MW IP54/IP55/IP68 Protection,US $300.00,N/A,https://www.alibaba.com/product-detail/Enneng-Alternative-Energy-PMG-Micro-Hydro_1601671084088.html
Small Hydroelectric Turbine Generator Compact Micro Hydro Power System High Efficiency Water Unit,US $18260.00-$38660.00,4.8/5.0,https://www.alibaba.com/product-detail/Small-Hydroelectric-Turbine-Generator-Compact-Micro_1601790043663.html
5Kw Micro Hydro Generator Mini Water Turbine to Generate Electricity,US $941.00-$961.00,4.2/5.0 (11),https://www.alibaba.com/product-detail/5Kw-Micro-Hydro-Generator-Mini-Water_1601623920212.html
Hot Sale River and Streams Water Use Mini Size Turbine 10KW 8KW Hydroelectric Water Turbine Generators 15kw 25kw,US $195.00-$268.00,4.5/5.0 (15),https://www.alibaba.com/product-detail/hot-sale-River-and-Streams-Water_1601363337308.html
Mini Hydro Turbine,US $50000.00-$65000.00,N/A,https://www.alibaba.com/product-detail/Mini-Hydro-Turbine_62545010991.html
3KW Micro Hydroelectric Turbines and Generators Domestic Hydropower,US $1129.00-$1149.00,4.6/5.0 (68),https://www.alibaba.com/product-detail/3KW-Micro-hydroelectric-turbines-and-generators_1600917180097.html
Factory Price 8kw Water Turbine Hydro Turbines for Sale Micro Hydro Power Turbine,US $3000.00-$3200.00,4.3/5.0 (108),https://www.alibaba.com/product-detail/Factory-price-8kw-water-turbine-hydro_1600917938342.html
Mini Micro Axial Flow 50KW 100KW Hydropower Water Turbine Generator High Head Micro Hydro System,US $210.00-$328.00,N/A,https://www.alibaba.com/product-detail/Mini-Micro-Axial-Flow-15KW-30KW_1601472083036.html
10KW Micro Hydro Turbine Generator Set 5M-60M Head,US $998.00-$3400.00,4.8/5.0 (11),https://www.alibaba.com/product-detail/10KW-Micro-Hydro-Turbine-Generator-Set_1601701695357.html
150RPM-1000RPM 50KW-20MW Micro Turbine vortex Bulb Turbine Gnrateur Hydrolectrique,US $60000.00,N/A,https://www.alibaba.com/product-detail/150RPM-1000RPM-50KW-20MW-micro-turbine_1601153821599.html
Kaplan Turbine Permanent Magnet 500-1500r/min Axial Water Turbine Micro-hydro Generators,US $1000.00,5.0/5.0,https://www.alibaba.com/product-detail/Kaplan-turbine-Permanent-magnet-500-1500r_60188470805.html
Pelton Turbine Hydro Turbine Generator 500w-40kw 220v Micro Hydro Electric Generator Standby Generator Water Leisure,US $1250.00-$1380.00,N/A,https://www.alibaba.com/product-detail/Pelton-Turbine-Hydro-Turbine-Generator-500w_1601674733412.html
Mini Hydraulic Power Water Turbine Price / Mini Hydro Turbine / Micro Hydro Generator for Sale,US $10000.00-$50000.00,N/A,https://www.alibaba.com/product-detail/Mini-Hydraulic-Power-Water-Turbine-Price_60812284275.html
Customized Design High Quality Hot Sale Micro Power Hydro Generator Electrical Water Turbine Generator Set,US $1400.00-$1446.00,5.0/5.0,https://www.alibaba.com/product-detail/Customized-Design-High-Quality-Hot-Sale_11000030357175.html
5kW~20kW Hydro Turbine Water Generators for Small Creeks,US $6000.00,5.0/5.0,https://www.alibaba.com/product-detail/5kW-20kW-Hydro-Turbine-Water-Generators_60539380086.html
Micro Pelton Francis Impulse Hydropower Water Turbine Generator Low Head 500KW for Renewable Energy Applications,US $178.00-$279.00,N/A,https://www.alibaba.com/product-detail/Micro-Pelton-Francis-Impulse-Hydropower-Water_1601469831104.html
100kw Micro Hydro Pelton Turbine Price,US $1000.00-$8000.00,N/A,https://www.alibaba.com/product-detail/100kw-micro-hydro-pelton-turbine-price_1600987814676.html
Radial Flow High Water Head 1kw Hydro Generator Mini Water Turbine,US $780.00,5.0/5.0,https://www.alibaba.com/product-detail/Radial-Flow-High-Water-Head-1kw_60514300978.html
500w 1kw Low Head Micro Hydro Water Turbine Generator Hydroelectric Magnet 15kw Full Copper Core Single Phase Generator,US $199.00-$280.00,4.6/5.0 (70),https://www.alibaba.com/product-detail/500w-1kw-Low-Head-Micro-Hydro_1601488451291.html
DTEC Factory Supply 500kw Mini Hydro Power Plant Micro Hydro Generator Pelton Hydro Turbine Generator,US $50000.00-$65000.00,N/A,https://www.alibaba.com/product-detail/DTEC-Factory-Supply-500kw-Mini-Hydro_1600056399477.html
Micro Hydro Electric Water Turbine Flow Generator Low Head Axial Kaplan Impulse 2MW Water Flow Hydrogenerator,US $60000.00,N/A,https://www.alibaba.com/product-detail/micro-hydro-electric-water-power-turbine_1600487927756.html
3kw Slanting Micro Hydro Electrical Turbine Generators,US $450.00-$650.00,5.0/5.0,https://www.alibaba.com/product-detail/3kw-slanting-micro-hydro-electrical-turbine_1600467779928.html
Factory-priced Mini Water Turbine Equipment with High Power Generation Efficiency Integrated Hydropower Generation Equipment,US $4600.00-$4642.00,5.0/5.0,https://www.alibaba.com/product-detail/Factory-priced-Mini-Water-Turbine-Equipment_11000030370094.html
Mini Hydroelectric Generator 1kw 2kw 3kw 5kw Single Phase 220V AC Micro Pelton/Turgo Water Turbine with Alternator,US $499.00,5.0/5.0,https://www.alibaba.com/product-detail/Best-Price-Home-Used-300w-5kw_60204132001.html
120KW Micro Hydro Generator Water Turbine Generator for Renewable Energy Projects,US $3000.00,N/A,https://www.alibaba.com/product-detail/120KW-Micro-Hydro-Generator-Water-Turbine_1601721641000.html
SEA DIJIANG DB-668 Micro Power Water Turbine Generator Energy Saving DC6V Electric Hydraulic Water Generator for Basin Faucet,US $15.00-$17.00,4.8/5.0 (111),https://www.alibaba.com/product-detail/New-Power-Water-Flow-Generator-DC6V_1600070980798.html
Water Turbines for Electricity 5kw Hydroelectric Generator 1kw Mini Small Hydroelectric Generator Hydroelectric Power 220/380v,US $317.00-$996.00,4.6/5.0 (70),https://www.alibaba.com/product-detail/Water-Turbines-for-Electricity-5kw-Hydroelectric_1601524322466.html
High Quality 10kW 15kW Micro Low Head Hydro Kaplan Turbine for Water Usage Factory Supply Hot Sales Generator,US $13850.00-$27830.00,4.8/5.0,https://www.alibaba.com/product-detail/Factory-Supply-High-Quality-Hot-Sales_62132815805.html
5KW Turgo Turbine Micro Hydro Generator 220V Rated Voltage 20-40m Water Head 0.035m/s Flow Stainless Steel Runner XJ13-L-18/1X5,US $992.83,5.0/5.0,https://www.alibaba.com/product-detail/5KW-Turgo-Turbine-Generator-Hydro-Turgo_1601429784304.html
Hydropower Generator Water Turbine Low Head Mini Micro Pelton Kaplan Impulse 300kw Hydropower Water Generator,US $60000.00,N/A,https://www.alibaba.com/product-detail/min-macro-hydropower-generator-water-turbine_1600452741653.html
Hydroelectric Generator Power Hydroelectric Turbine Generator Green CE Adjustable Nozzle Micro Power Generator Pelt 3000,US $1759.00-$1779.00,4.3/5.0 (108),https://www.alibaba.com/product-detail/hydroelectric-generator-3kw-river-hydroelectric-green_1600917449025.html
High Efficiency 30kW Francis Hydro Turbine with 85% Output for Micro Hydropower,US $899.00,N/A,https://www.alibaba.com/product-detail/High-Efficiency-30kW-Francis-Hydro-Turbine_1601784316699.html
3kw 5kw 10kw 20kw Micro Water Turbine Hydro Power Plant Generator with Pump Eco-Friendly 220V Output 1 Year Warranty,US $4830.00-$4850.00,N/A,https://www.alibaba.com/product-detail/3kw-5kw-10kw-20kw-Micro-Water_1601678861305.html
High Quality Pelton Turbine Price and Micro Pelton Turbine Generator for Mini Hydro Power Plant,US $30000.00-$35000.00,N/A,https://www.alibaba.com/product-detail/High-Quality-Pelton-Turbine-Price-and_60734332721.html
Mini Hydroelectric Generator for Home Use Supplying Electricity to Households Axial-flow Turbine Generator Set,US $730.00-$770.00,5.0/5.0,https://www.alibaba.com/product-detail/Mini-Hydroelectric-Generator-for-Home-Use_11000030201028.html
10KW Micro Hydro Turbine Generator Set 5M-60M Head,US $998.00-$3400.00,N/A,https://www.alibaba.com/product-detail/10KW-Micro-Hydro-Turbine-Generator-Set_1601721802145.html
"1.0kw Axial Flow Water Turbine,Kaplan Turbine, Axial Hydroturbine",US $299.00,5.0/5.0,https://www.alibaba.com/product-detail/1-0kw-Axial-Flow-Water-Turbine_60195012121.html
10kw Slanting Micro High Water Head Water Turbine Generator,US $1800.00-$2000.00,5.0/5.0,https://www.alibaba.com/product-detail/10kw-Slanting-Micro-High-Water-Head_1600470388076.html
SEA Micro Hydro Generator Tap Water Flow Hydraulic High Power Flow Generator,US $2.99-$4.50,4.8/5.0 (111),https://www.alibaba.com/product-detail/SEA-Micro-Hydro-Generator-Tap-Water_1600086393004.html
DS Hydro Turbine Generator 10KW-200KW Turbo 50/60Hz 80%-85% Efficiency 220V/380V/400V 500-1500 R/min Flow Rate 8M-100M Design,US $2000.00,5.0/5.0,https://www.alibaba.com/product-detail/Hydro-Turbine-Generator-10KW-200KW-Turbo_1601609625957.html
Low Head Micro Hydro Water Turbine Generator Hydroelectric Magnet 1000w to 15kw Full Copper Core Single Phase Generator,US $279.00-$290.00,4.6/5.0 (70),https://www.alibaba.com/product-detail/low-head-Micro-Hydro-Water-Turbine_1600942230521.html
China Factory 10Kw Mini Turgo Water Turbine Hydro Generator for River,US $1579.00-$1599.00,4.2/5.0 (11),https://www.alibaba.com/product-detail/China-Factory-10Kw-Mini-Turgo-Water_1601623960405.html
Mini 5KW Turgo Turbine 5000W Hydro Turbine Water Generator for Electricity 220V Rated Voltage,US $992.83,5.0/5.0,https://www.alibaba.com/product-detail/Mini-Turbine-5KW-Turgo-Turbine-Water_1601433301676.html
Small Francis Pelton Kaplan Micro Hydroelectric Power System Hydro Turbine Generator Price,US $1000.00,N/A,https://www.alibaba.com/product-detail/Mini-hydro-power-plant-alternative-energy_1600938498454.html
RY Sells 800w 1000w Small Hydro Power Generator Micro Hydro Generator Water Turbine Generators,US $1400.00-$1549.00,4.3/5.0 (108),https://www.alibaba.com/product-detail/2023-sells-800w-1000w-small-hydro_1600899191113.html
100 kW Turbine Hydroélectrique Turgo Hydro Turbine Mini Hydro Power Plant Fuelless Power Generator,US $1399.00-$3999.00,N/A,https://www.alibaba.com/product-detail/100-kW-Turbine-Hydro-lectrique-Turgo_1601693431627.html
3kw 5kw 8kw 10kw 15kw Factory Price Small Water Turbine Mini Hydroelectric Generator Hydroelectric Generator,US $5100.00-$9899.00,N/A,https://www.alibaba.com/product-detail/3kw-5kw-8kw-10kw-15kw-Factory_1601763507007.html
140KW Hydro Turbine Generator Water Turbine Generator for Small Hydro Power Plant,US $1500.00,4.8/5.0 (11),https://www.alibaba.com/product-detail/140KW-Hydro-Turbine-Generator-Water-Turbine_1601702649661.html
500 KW Mini Water Power Hydro Generator Francis Turbine Micro Hydro Electric Efficient Hydro Generator,US $24200.00,N/A,https://www.alibaba.com/product-detail/500-KW-Mini-Water-Power-Hydro_1601218433282.html
Renewable Energy Water Turbine Electric Generator Water Micro Hydro Electric Generator Best Price,US $46380.00-$46428.00,5.0/5.0,https://www.alibaba.com/product-detail/Renewable-Energy-Water-Turbine-Electric-Generator_11000030352640.html
30KW Hydro Turbine Generator Micro Hydropower System for Off-Grid Electricity Supply,US $500.00,N/A,https://www.alibaba.com/product-detail/30KW-Hydro-Turbine-Generator-Micro-Hydropower_1601721725411.html
20kw-500KW Hydro Turbine,US $2000.00-$6000.00,5.0/5.0,https://www.alibaba.com/product-detail/20kw-500KW-Hydro-turbine_1600998601940.html
3kw 5kw Factory Price Small Water Turbine Mini Hydroelectric Generator Hydroelectric Generator,US $1630.00-$1890.00,4.6/5.0 (70),https://www.alibaba.com/product-detail/3kw-5kw-Factory-price-small-water_1600931560071.html
50kw Micro Francis Hydro Turbine Use Permanent Magnet Generator Low Speed High Efficiency,US $1999.00,N/A,https://www.alibaba.com/product-detail/Factory-Direct-Sell-High-Quality-Hydro_1601057778176.html
"Water Turbine Generators/1 Mw Pelton/micro Hydroelectric Generator Water Turbine Hydro , Francis 100KW-20MW",US $20000.00,N/A,https://www.alibaba.com/product-detail/Water-Turbine-Generators-1-Mw-Pelton_62514165916.html
50KW-20MW Low Head Micro Low Price Hydro Turbine Generator,US $60000.00,N/A,https://www.alibaba.com/product-detail/50KW-20MW-low-head-micro-low_1601168543487.html
500kw Small Micro Hydro Power Pelton Turbine Generator HPP,US $1000.00-$8000.00,N/A,https://www.alibaba.com/product-detail/500kw-Small-Hydro-Power-Generator-Water_1601167373042.html
50kw 200kw Mini Micro Small Hydro Generator Francis Pelton Kaplan Turgo Axial Water Turbine Low Head,US $1899.00,N/A,https://www.alibaba.com/product-detail/50kw-200kw-Mini-Micro-Small-Hydro_1601394024656.html
High Quality Efficiency Micro Small Hydroelectric Equipment Turbine Francis Price,US $60000.00,N/A,https://www.alibaba.com/product-detail/High-quality-efficiency-micro-small-hydroelectric_1601125550235.html
Small Hydro Turbine Generator Sets New Energy Power Generation Without Environmental Pollution,US $850.00-$870.00,5.0/5.0,https://www.alibaba.com/product-detail/Small-Hydro-Turbine-Generator-Sets-New_11000030371608.html
Water Turbine Generators Mini Hydro Generator Low Head 600w 800w 500w Micro Hydro Generator Water 1kw 2kw 3kw 4kw 220v,US $213.00-$338.00,4.5/5.0 (15),https://www.alibaba.com/product-detail/Water-Turbine-Generators-Mini-Hydro-Generator_1601446301882.html
10Kw Micro Hydro Power Generator Water Turbine for Charging Water,US $1579.00-$1599.00,4.2/5.0 (11),https://www.alibaba.com/product-detail/10Kw-Micro-Hydro-Power-Generator-Water_1601623876848.html
China High Low Head Mini Hydro Turbine,US $50000.00-$65000.00,N/A,https://www.alibaba.com/product-detail/China-High-Low-Head-Mini-Hydro_62585606694.html
"Micro Turgo Turbine Generator, Water Turbine, Hydro Power Generator",US $5500.00-$5700.00,4.3/5.0 (108),https://www.alibaba.com/product-detail/Micro-Turgo-Turbine-Generator-water-turbine_1600918688817.html
Hot Sale 10KW Francis Turbine 30KW Hydro Turbine 50KW Micro Hydro Turbine Generator,US $20000.00,5.0/5.0,https://www.alibaba.com/product-detail/Hot-Sale-10KW-Francis-Turbine-30KW_1601763589103.html
Mini Hydraulic Turbine Mini Water Generator Hydro Power Generator Water Turbine Hydro Water Turbine Power,US $4830.00-$4850.00,N/A,https://www.alibaba.com/product-detail/Mini-Hydraulic-Turbine-Mini-Water-Generator_1601678784818.html
Micro Water Turbine Hydro Power Generator 50kw,US $60000.00,N/A,https://www.alibaba.com/product-detail/micro-water-turbine-hydro-power-generator_60439972249.html
China Long Service Life High Water Head 5KW Micro Hydro Turbine Generator,US $1280.00-$1580.00,5.0/5.0,https://www.alibaba.com/product-detail/China-Long-Service-Life-High-Water_60198685154.html
40KW Micro Hydro Turbine Generator Water Turbine Generator for Small Hydro Power Plant,US $1000.00,N/A,https://www.alibaba.com/product-detail/40KW-Micro-Hydro-Turbine-Generator-Water_1601721719311.html
15kw Home Hydroelectric Power Kits Alternative Energy Generators Water Turbine Generators,US $3680.00-$3700.00,4.6/5.0 (68),https://www.alibaba.com/product-detail/15kw-home-hydroelectric-power-kits-alternative_1600918034301.html
Micro Hydro Turbines Dynamo Hydroturbine Generator Small Hydroelectric Power Plant Equipment for River Water Energy,US $16800.00-$22800.00,4.8/5.0,https://www.alibaba.com/product-detail/Micro-Hydro-Turbines-Dynamo-Hydroturbine-Generator_60776724591.html
High Quality Mini Water Turbine Generators 500w Water Turbine Energy Generators Hydro Turbines 500w 1000w 2000w 3000w 4000w 5000,US $205.00-$245.00,4.5/5.0 (15),https://www.alibaba.com/product-detail/High-quality-mini-water-turbine-generators_1600550094810.html
Micro Hydroelectric Turbine Generator 3Kw Turgo Water Turbine,US $656.00-$676.00,4.2/5.0 (11),https://www.alibaba.com/product-detail/Micro-Hydroelectric-Turbine-Generator-3Kw-Turgo_1601623898233.html
Micro Hydro Generator Pelton Hydro Turbine Generator,US $50000.00-$65000.00,N/A,https://www.alibaba.com/product-detail/Micro-Hydro-Generator-Pelton-Hydro-Turbine_62526669834.html
10KW Water Turbine Generators Mini Hydro Generator Hydraulic Turbine,US $1899.00,N/A,https://www.alibaba.com/product-detail/10KW-Water-Turbine-Generators-Mini-Hydro_1601404636674.html
10KW 380V Low RPM Water Turbine Generator 100-500RPM Micro Hydro Power System,US $800.00,4.8/5.0 (11),https://www.alibaba.com/product-detail/10KW-380V-Low-RPM-Water-Turbine_1601702642266.html
Mini/Micro Water Hydraulic Turbine Equipment 100kw Hydro Generator,US $60000.00,N/A,https://www.alibaba.com/product-detail/Mini-Micro-Water-hydraulic-turbine-equipment_1600863074656.html
Pelton Water Powered Turbine Generator China Hydro Turbine Micro Pelton Water Wheel Hidro Turbina Pelton CN;SIC,US $8000.00-$35000.00,N/A,https://www.alibaba.com/product-detail/Pelton-Water-Powered-Turbine-Generator-China_60733344907.html
Water Turbine Hydroelectric Turbine Mini Wheel Loader Micro Hydro Turbine Generator Full Set of Hydro Generator,US $4830.00-$4850.00,N/A,https://www.alibaba.com/product-detail/Water-Turbine-Hydroelectric-Turbine-Mini-Wheel_1601683059345.html
5 kW Micro Hydro Power Generator Water Turbine Low Head Micro Hydro Generator Factory Price,US $2280.00-$2321.00,5.0/5.0,https://www.alibaba.com/product-detail/5-kW-Micro-Hydro-Power-Generator_11000030242138.html
5KW Vertical Kaplan Turbine Hydro Turbine Low Water Head Hydraulic Kaplan Turbine,US $992.83,5.0/5.0,https://www.alibaba.com/product-detail/5KW-Vertical-Kaplan-Turbine-Hydro-Generator_1601421122935.html
1MW Hydro Turbine Generator Industrial Water Turbine Generator for Hydro Power Plant,US $1500.00,N/A,https://www.alibaba.com/product-detail/1MW-Hydro-Turbine-Generator-Industrial-Water_1601721665771.html
Cheap Price Hydro Power System Small Micro Mini Water Electricity Turbine 10kW Hydro Power Generator for Power Plant,US $13200.00,4.8/5.0,https://www.alibaba.com/product-detail/China-Hydro-Generator-Turbine-Tiger-Mini_1601211447334.html
1000w 2000w 3000w 4000w Factory Price Hydraulic Turbine Water Turbine Generators Mini Hydro Generator Home Use,US $350.00-$510.00,4.5/5.0 (15),https://www.alibaba.com/product-detail/1000w-2000w-3000w-4000w-Factory-price_1600427015086.html
CE Pmg Axial Flow Mini Hydro Generator 1 Kw Water Turbine For Sale,US $368.00-$1137.00,4.2/5.0 (11),https://www.alibaba.com/product-detail/CE-Pmg-Axial-Flow-Mini-Hydro_1601378797642.html
China OEM Micro Hydro Power Pelton Turbine Runner,US $50000.00-$65000.00,N/A,https://www.alibaba.com/product-detail/China-OEM-Micro-Hydro-Power-Pelton_1601083418290.html
50KW Water Power Generator Mini Hydro Turbine,US $60000.00,N/A,https://www.alibaba.com/product-detail/50KW-water-power-generator-mini-hydro_1600863203512.html
free energy fuelless power generator 50 kw 75 kw pelton micro hydro generator turbine free energy generator flywheel machine,US $1399.00,N/A,https://www.alibaba.com/product-detail/free-energy-fuelless-power-generator-50_1601691425165.html
Micro Hydroelectric Generator Francis Turbine 800KW EPC Project,US $60000.00,N/A,https://www.alibaba.com/product-detail/Micro-hydroelectric-generator-francis-turbine-800KW_60257482049.html
Water Power Micro Hydro Water Turbine Generator 3KW 5KW 8KW 10KW 15KW 20KW 30KW 50KW 100KW,US $3200.00-$5300.00,N/A,https://www.alibaba.com/product-detail/Water-Power-Micro-Hydro-Water-Turbine_1601674639943.html
Hot Sale Free Energy 220v 380v Hydro Turbine Francis Hydro Power Electric Turbine Generator,US $3266.00,4.8/5.0 (11),https://www.alibaba.com/product-detail/Hot-Sale-Free-Energy-20kw-220v_1601568013075.html
3KW Turgo Turbine 220V Hydro Turbine Generator with 18-40m Water Head & 0.025m/s Flow Rate for Home Use,US $500.66,5.0/5.0,https://www.alibaba.com/product-detail/3KW-Turgo-Turbine-220V-Hydro-Turbine_1601611461982.html
500w-50kw Factory Price Hydro Power Generator Water Turbine 10kw Small Water Turbine Mini Hydroelectric Generator Hydroelectric,US $195.00-$350.00,4.5/5.0 (15),https://www.alibaba.com/product-detail/500w-50kw-Factory-price-hydro-power_1601198985281.html
1MW Renewable Energy Flywheel Hydro Turbine Generator Mini Water Turbine and Generator,US $56880.00,4.8/5.0,https://www.alibaba.com/product-detail/1MW-Renewable-Energy-Flywheel-Hydro-Turbine_1601062077526.html
Micro Turbine Hydro Generator Set for Hydropower Efficient Hydro Power Plant,US $50000.00-$65000.00,N/A,https://www.alibaba.com/product-detail/Micro-Turbine-Hydro-Generator-Set-for_1601123444482.html
High Head Small Mini Crossflow Propeller Reaction 200kw Hydro Water Turbine Generator,US $60000.00,N/A,https://www.alibaba.com/product-detail/High-Head-Small-Mini-Crossflow-Propeller_1601566755771.html
Micro Mini Kaplan Axial Crossflow Customized Vertical Hydro Generator Water Turbine Units,US $10000.00-$15000.00,N/A,https://www.alibaba.com/product-detail/Micro-Mini-Kaplan-Axial-Crossflow-Customized_1601713017132.html
Microturgo Hydro Turbine / 100kw~500kw Stainless Steel 400V / 800V / 6300V / 10500V Turgo 50 HZ/60HZ ISO9001 / TUV/CE,US $2000.00-$20000.00,N/A,https://www.alibaba.com/product-detail/Microturgo-Hydro-Turbine-100kw-500kw-Stainless_1600226761099.html
15kw Water Turbine to Generate Electricity Free Energy Generator Flywheel Machine 60kw Micro Hydro Generator Water,US $4800.00-$5300.00,N/A,https://www.alibaba.com/product-detail/Quick-Delivery-Customized-Design-Mini-Size_1601674761530.html
Water Turbine Horizontal Run-of-river 100KW Power Hydroelectric Micro Hydro Generator RUIFA WSJLS-24 110-240V 0.03-0.15m/s,US $39286.00,5.0/5.0,https://www.alibaba.com/product-detail/Water-Turbine-Horizontal-Run-of-river_1601638631130.html
High Efficiency 5KW Kaplan Turbine Generator 220V 50HZ Hydro Water Turbine,US $992.83,5.0/5.0,https://www.alibaba.com/product-detail/5KW-Kaplan-Turbine-Generator-220V-50HZ_1601441583477.html
1MW Hydro Turbine Generator Industrial Water Turbine Generator for Hydro Power Plant,US $1500.00,4.8/5.0 (11),https://www.alibaba.com/product-detail/1MW-Hydro-Turbine-Generator-Industrial-Water_1601702669492.html
1000W 5KW 220V Micro Hydro Water Turbine Generator Hydroelectric Magnet Full Copper Core Water vortex Generator,US $199.00-$219.00,4.6/5.0 (70),https://www.alibaba.com/product-detail/1000W-5KW-220V-Micro-Hydro-Water_1600910076206.html
River and Streams Water Use Mini Size Turbine 10KW 8KW 500w Hydroelectric Water Turbine Generators 15kw 25kw,US $195.00-$268.00,4.5/5.0 (15),https://www.alibaba.com/product-detail/River-and-Streams-Water-Use-Mini_1600965099102.html
Hydroelectric Water Turbine 10MW for Hydraulic Power Plants Stainless Steel 3 Phase AC Permanent-magnet Generator Forster,US $56800.00,4.8/5.0,https://www.alibaba.com/product-detail/Hydroelectric-Turbine-10mw-Hydroelectric-Water-Turbine_1600273646781.html
5Kw Turgo Hydro Turbine Micro Hydroelectric Generator for Africa,US $941.00-$961.00,4.2/5.0 (11),https://www.alibaba.com/product-detail/5Kw-Turgo-Hydro-Turbine-Micro-Hydroelectric_1601623931169.html
China OEM Micro Hydro Power Francis Kaplan Pelton Turbine Runner Hydro Generator Set,US $50000.00-$65000.00,N/A,https://www.alibaba.com/product-detail/China-OEM-Micro-Hydro-Power-Francis_1600072407136.html
Micro Hydro Electric Water Power Turbine Flow Generator Francis Pelton 20kw 500kw Low Head Hydropower,US $60000.00,N/A,https://www.alibaba.com/product-detail/micro-hydro-electric-water-power-turbine_1600488055010.html
25kw Radial Small Hydroelectric Generator Micro Hydroelectric Generator Small Hydro Turbine,US $1899.00,N/A,https://www.alibaba.com/product-detail/5kw-radial-small-hydroelectric-generator-micro_1601272042908.html
100kw Micro Hydro Water Turbine Generator Turbine for Sale,US $60000.00,N/A,https://www.alibaba.com/product-detail/100kw-micro-hydro-water-turbine-generator_1601127957312.html
Micro Hydro Electric Vertical Turbine CE Certified Teaching Model for Axial/Kaplan/Propeller Turbine Hydro Generator,US $14850.00-$16500.00,N/A,https://www.alibaba.com/product-detail/Micro-Hydro-Electric-Vertical-Turbine-CE_60788780731.html
Micro Hydro Plant Water Generator with Motor and PLC Eco-Friendly Hydroelectric Turbine for River Use,US $4830.00-$4850.00,N/A,https://www.alibaba.com/product-detail/Micro-Hydro-Plant-Water-Generator-with_1601678936769.html
Small High Efficiency Hydro Turbine Generator Cheap Price Green Energy Water Turbine,US $17050.00-$17142.00,5.0/5.0,https://www.alibaba.com/product-detail/Small-High-Efficiency-Hydro-Turbine-Generator_1601638623016.html
China Factory's Mini Water Turbine 500W/110V/220V Hydro Generator Free Energy 600W/800W/1000W 500w 110v 220v,US $225.00,4.6/5.0 (70),https://www.alibaba.com/product-detail/China-Factory-s-Mini-Water-Turbine_1601385256471.html
High Quality Mini Water Turbine Generators 1000w Water Turbine Energy Generators Hydro Turbines 1000w 2000w 3000w 4000w 5000,US $195.00-$268.00,4.5/5.0 (15),https://www.alibaba.com/product-detail/High-quality-mini-water-turbine-generators_1601162200500.html
Wholesale River Micro 2Kw Hydro Power Generator Water Turbine,US $458.00-$468.00,4.2/5.0 (11),https://www.alibaba.com/product-detail/Wholesale-River-Micro-2Kw-Hydro-Power_1601460661691.html
FORSTER Automatic Hydro Power Generator 50kW Pelton Turbine 90% Efficiency Micro Hydro & Water for Mountainous Areas,US $33120.00-$48920.00,4.8/5.0,https://www.alibaba.com/product-detail/Automatic-Hydro-Power-Generator-Free-Energy_1601581740724.html
150kw Mini Hydro Electric Water Power Turbine Generator Low Head Small Micro Axial Turgo Impulse 2MW Hydrogenerator,US $60000.00,N/A,https://www.alibaba.com/product-detail/150kw-micro-hydro-electric-water-power_1600238142516.html
High Efficiency Double Nozzles Hydro Generator DTEC Factory Supply Micro Hydro Kaplan Turbine,US $50000.00-$65000.00,N/A,https://www.alibaba.com/product-detail/High-Efficiency-Double-Nozzles-hydro-generator_1601061058234.html
100kw Hydro Turbine Generator Mini 100kw Water Turbine Manufacturer,US $1999.00,N/A,https://www.alibaba.com/product-detail/30kw-Vertical-Francis-Turbine-Generator-For_1601278644413.html
150RPM-1000RPM 50KW-20MW Micro Turbine vortex Bulb Turbine Gnrateur Hydrolectrique,US $60000.00,N/A,https://www.alibaba.com/product-detail/150RPM-1000RPM-50KW-20MW-micro-turbine_1601154885689.html
Micro Hydro Generator with PLC Governor - High Output Turbine for Off-Grid Power,US $20000.00,N/A,https://www.alibaba.com/product-detail/Micro-Hydro-Generator-with-PLC-Governor_1601466955422.html
10kW Micro Hydro Power Generator 50Hz Frequency Water Turbine Low Head 20kW Micro Hydro Generator,US $7500.00-$7800.00,N/A,https://www.alibaba.com/product-detail/20kw-Hydroelectric-Generator-Set-Stainless-Steel_1601676415655.html
RUIFA WSJLS-16 Micro Horizontal Hydroelectric Water Turbine 110-240V/380V/480V 0.03-0.24 m/s Flow Rate 15-50m Generator,US $12000.00,5.0/5.0,https://www.alibaba.com/product-detail/Micro-Horizontal-Hydroelectric-Water-Turbine-Efficient_1601638461700.html
1kw 2kw Low Head Micro Hydro Water Turbine Generator Hydroelectric Magnet 220v Full Copper Core Single Phase Generator,US $330.00-$420.00,4.6/5.0 (70),https://www.alibaba.com/product-detail/1kw-2kw-Low-Head-Micro-Hydro_1601636189680.html
Water Turbine Generators Mini Hydro Generator Low Head 10kw 20kw 500w Micro Hydro Generator Water,US $195.00-$268.00,4.5/5.0 (15),https://www.alibaba.com/product-detail/Water-Turbine-Generators-Mini-Hydro-Generator_1600861442409.html
Kaplan Turbine Hydroelectric Generator Low Flow Rate Micro Kaplan Hydro Electric for Renewable Energy water,US $24824.00,4.8/5.0,https://www.alibaba.com/product-detail/Kaplan-Turbine-Hydroelectric-Generator-Low-Flow_11000023291734.html
Small 1Kw Hydro Power Generator Water Turbine for Charging Water,US $368.00-$580.00,4.2/5.0 (11),https://www.alibaba.com/product-detail/Small-1Kw-Hydro-Power-Generator-Water_1601421015273.html
High Quality Brushless Micro Small Propeller Axial Turgo Customized Hydroelectric Water Turbine Equipment,US $60000.00,N/A,https://www.alibaba.com/product-detail/High-quality-brushless-500-kw-kaplan_1600886751942.html
Micro Hydro Turbine 10kw,US $50000.00-$65000.00,N/A,https://www.alibaba.com/product-detail/Micro-Hydro-Turbine-10kw_62553881090.html
50 Kw Mini Hydro Power Station Water Turbine Generator,US $19999.00,N/A,https://www.alibaba.com/product-detail/50-Kw-Mini-Hydro-Power-Station_1601427704763.html
Micro Hydro Power Generator 1Kw Turgo Water Turbine for Electricity,US $320.00-$330.00,4.2/5.0 (11),https://www.alibaba.com/product-detail/Micro-Hydro-Power-Generator-1Kw-Turgo_1601460643380.html
20KW to 800w Factory Price Whole Sales Mini/Micro Pelton Turbine Generator Home Use Turbine New Energy for High Water Head,US $219.00-$259.00,4.6/5.0 (70),https://www.alibaba.com/product-detail/20KW-to-800w-factory-price-whole_1600889647155.html
500w 1kw Low Head Micro Hydro Water Turbine Generator Hydroelectric Magnet 15kw Full Copper Core Single Phase Generator,US $199.00-$280.00,4.6/5.0 (70),https://www.alibaba.com/product-detail/500w-1kw-Low-Head-Micro-Hydro_1601539295561.html
Hydro Turbine Generator 3kw 8kw 20kw 30kw Water Powered Micro Hydro Electric Generator,US $800.00-$5000.00,5.0/5.0,https://www.alibaba.com/product-detail/Hydro-turbine-generator-3kw-8kw-20kw_1600755407198.html
Small Power 3kw 5kw 5.5kw 8kw 10kw Micro Hydro Power Water Turbine Dynamo/Hydroelectric Generator,US $750.00-$1500.00,5.0/5.0,https://www.alibaba.com/product-detail/Small-Power-3kw-5kw-5-5kw_1600369414292.html
Easy Installation Personal Hydro-electric Genenrators Micro Hydro Power Generator Mini Hydro Power Water,US $205.00-$245.00,4.5/5.0 (15),https://www.alibaba.com/product-detail/Easy-installation-personal-hydro-electric-genenrators_1600550218146.html
Hydro Turbine Cheap Hydroelectric Generator Water Turbine Generator 8kw 10kw 5kw Small Water Turbine,US $205.00-$245.00,4.5/5.0 (15),https://www.alibaba.com/product-detail/hydro-turbine-Cheap-hydroelectric-generator-water_1601108198371.html
30KW Water Power Generator Mini Hydro Turbine,US $205.00-$245.00,4.5/5.0 (15),https://www.alibaba.com/product-detail/30KW-water-power-generator-mini-hydro_1601113554362.html
Water Turbine Hydro Turbine Generator 10kw Mini Water Generator Turbine 500w Free Energy Permanent Magnet Generator,US $205.00-$245.00,4.5/5.0 (15),https://www.alibaba.com/product-detail/water-turbine-hydro-turbine-generator-10kw_1601094148373.html
Mini Hydro Generator Hydraulic Micro Turbines Hydropower Plant Hydro Turbine Powered Generator,US $1380.00,N/A,https://www.alibaba.com/product-detail/Mini-Hydro-Generator-Hydraulic-Micro-Turbines_1601220361980.html
1000w Mini Hydro 2000w River Turbine Generator 1000va Hydro Power Generator Water Turbine 220v,US $290.00-$390.00,4.5/5.0 (15),https://www.alibaba.com/product-detail/1000w-mini-hydro-1000w-river-turbine_1601322794521.html
5kw Micro Turgo Turbine Generator Water Turbine Hydro Turbine 800w,US $219.00-$259.00,4.6/5.0 (70),https://www.alibaba.com/product-detail/5kw-Micro-Turgo-Turbine-Generator-water_1600883562658.html
Professional Water Turbine Low Head 10kw 20kw Micro Kaplan Hydro Generator Turbine Water Turbine for Sale,US $195.00-$268.00,4.5/5.0 (15),https://www.alibaba.com/product-detail/Professional-water-turbine-low-head-10kw_1600550698409.html
Micro Hydro Water Turbine Generator 1000w to 50kw 5kw Mini Water Turbine Electricity Generation by Water,US $195.00-$268.00,4.5/5.0 (15),https://www.alibaba.com/product-detail/Micro-Hydro-Water-Turbine-Generator-1000w_1601162137644.html
Hot Selling 1kw 3kw 5kw Water Turbine Micro Water Turbine Hydro Power Electricity Generator,US $195.00-$268.00,4.5/5.0 (15),https://www.alibaba.com/product-detail/Hot-selling-1kw-3kw-5kw-water_1600550694518.html
Water Turbine Turbine Hydroelectrique Generator 5kw 10kw 20kw 500w Micro Hydro Generator Water Water Pump,US $195.00-$268.00,4.5/5.0 (15),https://www.alibaba.com/product-detail/Water-Turbine-turbine-hydroelectrique-generator-5kw_1601090013796.html
Water Turbine Generators Mini Hydro Generator Low Head 3kw Micro Hydro Generator Water Turbine 4kw 220v 380v,US $465.00-$785.00,4.5/5.0 (15),https://www.alibaba.com/product-detail/Water-Turbine-Generators-Mini-Hydro-Generator_1601706988347.html
Pelton Turbine Hydro Turbine Generator 500W-40KW 220v Micro Hydro Electric Generator Standby Generator Water Leisure,US $335.00,4.5/5.0 (15),https://www.alibaba.com/product-detail/pelton-turbine-hydro-turbine-generator-500W_1601101276296.html
Water Turbine Generators Mini Hydro Generator Low Head 3kw Micro Hydro Generator Water Turbine 4kw 220v 380v,US $463.00-$785.00,4.5/5.0 (15),https://www.alibaba.com/product-detail/Water-Turbine-Generators-Mini-Hydro-Generator_1601734980703.html
Low Head 1-3m 220V 500w Micro Hydro Water Turbine Generator Hydroelectric Magnet Full Copper Core Single Phase Generator,US $199.00-$280.00,4.6/5.0 (70),https://www.alibaba.com/product-detail/low-head-1-3m-220V-500w_1600481597908.html
Customized Small Hydro Power Generator Stream Small Water Turbine Factory Price Micro Francis,US $1000.00-$20000.00,N/A,https://www.alibaba.com/product-detail/Customized-Small-Hydro-Power-Generator-Stream_1600864271400.html
Good Performance Pelton Micro Hydro Power Turbine 1mw Hydro Turbine/Pelton Wheel,US $2000.00-$30000.00,N/A,https://www.alibaba.com/product-detail/Good-Performance-Pelton-Micro-Hydro-Power_62595737108.html
Micro Plant Use Axial Flow Hydropower Electric Generator 600W 3000W Household Use Low Head Water,US $195.00-$268.00,4.5/5.0 (15),https://www.alibaba.com/product-detail/Micro-Plant-Use-Axial-Flow-Hydropower_1601103766801.html
Micro Hydro Generator Water Turbine 1-15KW High Efficiency Hydro Turbine Generator Water Generator,US $329.00-$335.00,4.5/5.0 (15),https://www.alibaba.com/product-detail/Micro-Hydro-Generator-Water-Turbine-1_1601734965729.html
100kw High Efficiency Mini Micro Hydro Power Generator Water Turbine,US $10000.00-$15000.00,N/A,https://www.alibaba.com/product-detail/100kw-High-Efficiency-Mini-Micro-Hydro_1601740602267.html
Water Turbine Generators Mini Hydro Generator Low Head 800w 1kw Micro Hydro Generator Water Turbine 2kw 220v 1500w,US $283.00-$420.00,4.5/5.0 (15),https://www.alibaba.com/product-detail/Water-Turbine-Generators-Mini-Hydro-Generator_1601706967315.html
Micro Turbine Pelton Hydro Generator Power Station Wheel Water Head: 50m to 700m 50hz / 60hz 100kw to 50mw 89% to 95% ISO9001,US $1100.00-$2300.00,N/A,https://www.alibaba.com/product-detail/Micro-Turbine-Pelton-Hydro-Generator-Power_60776023314.html
For Home Use Micro Hydro Generator 5KW Mini Hydro Power Turbine Compact and Durable,US $239.00-$1099.00,4.6/5.0 (70),https://www.alibaba.com/product-detail/For-Home-use-Micro-Hydro-Generator_1601151565751.html
500kw High Efficiency Small Mini Micro Hydro Power Generator Water Turbine,US $10000.00-$15000.00,N/A,https://www.alibaba.com/product-detail/500kw-High-Efficiency-Small-Mini-Micro_1601740993030.html
High Efficiency 1000W-50KW 220v Hydro Turbine Generator Water Powered Generator Turbine Water Electric Generator,US $219.00-$259.00,4.6/5.0 (70),https://www.alibaba.com/product-detail/high-efficiency-1000W-50KW-220v-hydro_1600937661057.html
50kw High Efficiency Mini Micro Hydro Power Generator Water Turbine,US $15000.00-$30000.00,N/A,https://www.alibaba.com/product-detail/Horizontal-Micro-Mini-Turgo-Francis-Kaplan_1601709089264.html
Micro Small Mini 200kw High Head Francis Hydro Water Turbine Power Generator,US $10000.00-$15000.00,N/A,https://www.alibaba.com/product-detail/Micro-Small-Mini-200kw-High-Head_1601731011346.html
150kw Mini Hydro Electric Water Power Turbine Generator Low Head Small Micro Axial Turgo Impulse 2MW Hydrogenerator,US $10000.00-$15000.00,N/A,https://www.alibaba.com/product-detail/Micro-Mini-Axial-Crossflow-1MW-Customized_1601709763010.html
100kw High Efficiency Mini Micro Hydro Power Generator Free Energy Water Turbine,US $25000.00-$30000.00,N/A,https://www.alibaba.com/product-detail/100kw-High-Efficiency-Mini-Micro-Hydro_1601730912980.html
Micro Mini Propeller Axial Impact 200kw Low Head Horizontal Hydrogenerator Water Turbine,US $10000.00-$15000.00,N/A,https://www.alibaba.com/product-detail/Micro-Mini-Propeller-Axial-Impact-200kw_1601712940400.html
Micro 500kw High or Low Head Francis Water Turbine Power Hydrogenerator,US $10000.00-$15000.00,N/A,https://www.alibaba.com/product-detail/Micro-500kw-High-or-Low-Head_1601708976716.html
500W-40KW 220v Water Micro Hydro Electric Generator China Factory Hydro Turbine Generator Mini Water Powered Generator,US $199.00-$219.00,4.6/5.0 (70),https://www.alibaba.com/product-detail/500W-40KW-220v-water-micro-hydro_1601113471155.html
Micro Small Mini 100kw High Head Small Mini Francis Hydro Turbine Power Generator,US $10000.00-$15000.00,N/A,https://www.alibaba.com/product-detail/Micro-Small-Mini-100kw-High-Head_1601705101667.html
Micro Small Mini 100kw High Head Francis Hydro Turbine Power Generator Free Energy,US $10000.00-$15000.00,N/A,https://www.alibaba.com/product-detail/Micro-Small-Mini-100kw-High-Head_1601730954669.html
Low Speed Micro Hydro Turbine Manufacture Micro Hydro Turbines for Power Plant,US $60000.00,N/A,https://www.alibaba.com/product-detail/low-speed-micro-hydro-turbine-manufacture_1600441328961.html
Micro Hydro Turbine 10kw Mini Hydro Generator Small Power Water Turbine Hydro Electric Turbine Generator for River,US $1190.00-$1399.00,N/A,https://www.alibaba.com/product-detail/Micro-Hydro-Turbine-10kw-Mini-Hydro_1601685941345.html
"50Hz Frequency Turbine, Low Head 20kW Micro Hydro Generator",US $1000.00,N/A,https://www.alibaba.com/product-detail/Micro-water-turbine-hydro-power-turbo_1600936492119.html
Customized 100kW Brushless Alternator Micro Hydro Hydraulic Turbine 3 Phase AC 100 kW Pelton Hydroelectric,US $66620.00-$88000.00,4.8/5.0,https://www.alibaba.com/product-detail/Customized-3-Phase-Ac-100kW-Brushless_1601526868883.html
20kw 10kw 5kw 1kw 500w Water Turbine Mini Hydro Power Hydroelectric Generator for Home Use,US $219.00-$259.00,4.6/5.0 (70),https://www.alibaba.com/product-detail/20kw-10kw-5kw-1kw-500w-water_1601269773025.html
High Silent Micro Turbine Hydro Generator Plant Engine ISO9001/CE Certified 220V Renewable Energy Water Generator,US $3199.00-$3699.00,N/A,https://www.alibaba.com/product-detail/Hydroelectric-Small-Medium-Sized-Water-Turbine_1601666207088.html
200 kw Hydro Generator Micro Small Hydro Generator Submersible Water Turbine Mini Hydro Generator,US $60000.00,N/A,https://www.alibaba.com/product-detail/200-kw-hydro-generator-micro-small_1600918430675.html
Multifunctional Renewable Micro Hydropower Plant Hydraulic Hydro Pelton Water Turbine 75kW/100kW/150kW 92% Efficiency Forster,US $54750.00-$85720.00,4.8/5.0,https://www.alibaba.com/product-detail/Multifunctional-Renewable-Micro-Hydropower-Plant-Hyrdaulic_1601588102405.html
Renewable Energy Micro Hydro Water Generator Turbine Free Energy,US $50000.00,N/A,https://www.alibaba.com/product-detail/Renewable-Energy-Micro-hydro-water-generator_1601151075263.html
High Efficiency 800W 220v Hydro Turbine Generator Water Powered Generator Turbine Water Micro Electric Generator,US $219.00-$259.00,4.6/5.0 (70),https://www.alibaba.com/product-detail/High-Efficiency-800W-220v-Hydro-Turbine_1601608268003.html
50kw Micro Hydro Turbine Generator with High Quality,US $1999.00,N/A,https://www.alibaba.com/product-detail/15kw-Micro-Hydro-Turgo-Turbine-Generator_1601282608816.html
"Low Speed Francis Turbine Generator 200kW to 500kw, Micro Hydro Turbine Alternator for Renewable Energy System",US $60000.00,N/A,https://www.alibaba.com/product-detail/Hot-Sale-Products-200kW-500kw-Hydro_1600374775109.html
800w 1000w 2000w Water Turbine Generators Mini Hydro Generator Home Use Factory Price Hydraulic,US $365.00-$1095.00,4.5/5.0 (15),https://www.alibaba.com/product-detail/800w-1000w-2000w-Water-Turbine-Generators_1601168717195.html
Micro-Hydraulic Turbine 500kW 20MW Alternative Energy Generator,US $11000.00-$12000.00,N/A,https://www.alibaba.com/product-detail/Mini-Francis-Hydro-Generator-Water-Wheel_1601674630781.html
Micro Mini Hydro Turbine 250 kW Hydro Generator Set,US $157.00-$246.00,N/A,https://www.alibaba.com/product-detail/Micro-Mini-Hydro-Turbine-250-kW_1601563933505.html
High Efficiency 800W 220v Hydro Turbine Generator Water Powered Generator Turbine Water Micro Electric Generator,US $219.00-$259.00,4.6/5.0 (70),https://www.alibaba.com/product-detail/High-Efficiency-800W-220v-Hydro-Turbine_1601575034794.html
Portable Forster 60kW Stainless Steel Micro Hydro Power Generator Water Turbine ISO9001 Certified 380V/400V Output 25-Year,US $36800.00,4.8/5.0,https://www.alibaba.com/product-detail/Portable-Hydro-Power-Generator-Water-Turbine_1601158973057.html
500w 600w 800w 1000w Mini Hydroelectric Generator Water Turbine dynamo 5kw Water Turbine Generator,US $205.00-$240.00,4.5/5.0 (15),https://www.alibaba.com/product-detail/500w-600w-800w-1000w-Mini-Hydroelectric_1600546762375.html
Pelton Turbine Hydro Turbine Generator 500w-40kw 220v Micro Hydro Electric Generator Standby Generator Water Leisure,US $1250.00-$1380.00,N/A,https://www.alibaba.com/product-detail/Pelton-Turbine-Hydro-Turbine-Generator-500w_1601361116953.html
Hydro Power Three-phase Synchronous Generator High Quality Francis Water Turbine With Micro Governor,US $20000.00,N/A,https://www.alibaba.com/product-detail/Hydro-Power-Three-phase-Synchronous-Generator_1601466417967.html
100kw 200kw High Efficiency Micro Hydro Generator Water Turbine Silent Eco-Friendly Water Turbine Generator,US $3299.00-$4999.00,N/A,https://www.alibaba.com/product-detail/Industrial-grade-Energy-Saving-French-Water_1601665770082.html
Micro Hydro Electric Francis Turbine Hydro Power Plant High Head Small Mini Crossflow Propeller Reaction,US $13566.00,N/A,https://www.alibaba.com/product-detail/Micro-hydro-electric-francis-turbine-hydro_1600913718983.html
Micro Hydro Power Francis Pelton Kaplan Turbine Runner and Hydro Generator 5000kw,US $60000.00,N/A,https://www.alibaba.com/product-detail/Micro-Hydro-Power-Francis-Pelton-kaplan_60260574189.html
800w-10kw Hydraulic Turbine High Quality Water Turbine Generators Mini Hydro Generator,US $219.00-$259.00,4.6/5.0 (70),https://www.alibaba.com/product-detail/800w-10kw-Hydraulic-Turbine-High-quality_1601197704410.html
Water Francis Turbine Hydro Turbine Generator 100kw 500kw 1000kw Pelton Turbine Synchronous Price for Sale 100kw-10mw 20m-300m,US $2000.00-$5000.00,N/A,https://www.alibaba.com/product-detail/Water-Francis-Turbine-Hydro-Turbine-Generator_60798362641.html
High Head Mini Micro Axial Turgo Impulse 600kw Hydroelectric Water Turbine,US $60000.00,N/A,https://www.alibaba.com/product-detail/High-Head-Mini-Micro-Axial-Turgo_1601563605679.html
Hidro River vapor Micro Water Turbine Hydro Generator,US $60000.00,N/A,https://www.alibaba.com/product-detail/Hidro-river-vapor-micro-water-turbine_1601167150640.html
Forster ZDK283-LM-60 Axial-flow Hydraulic Power Water Micro Turbine Free Energy Hydro Electric Generator River Flywheel System,US $29960.00-$48800.00,4.8/5.0,https://www.alibaba.com/product-detail/Manufacturer-Hydraulic-Power-Water-Micro-Turbine_1601582411573.html
Double Strick 3kw 5kw 10kw Factory Price Small Water Turbine Mini Hydroelectric Generator Hydroelectric Generator,US $1630.00-$1890.00,4.6/5.0 (70),https://www.alibaba.com/product-detail/double-strick-3kw-5kw-10kw-Factory_1600941317944.html
Good Price 3kw 5kw 8kw 10kw 50KW Water Power Generator Mini Hydro Turbine,US $195.00-$268.00,4.5/5.0 (15),https://www.alibaba.com/product-detail/Good-price-3kw-5kw-8kw-10kw_1601118602116.html
Micro Small Francis Kaplan Propeller Impulse Vertical Hydro Water Turbine,US $60000.00,N/A,https://www.alibaba.com/product-detail/Micro-Small-Francis-Kaplan-Propeller-Impulse_1601491017918.html
Quality Guaranteed Micro Hydro Electric Turbine Generators 600kw HPP,US $50000.00,N/A,https://www.alibaba.com/product-detail/Quality-Guaranteed-micro-hydro-electric-turbine_1601151071243.html
China Factory Hydro Turbine Generator Mini Water Powered Generator Turbine 500W-40KW 220v Water Electric Generator,US $195.00-$268.00,4.5/5.0 (15),https://www.alibaba.com/product-detail/China-factory-hydro-turbine-generator-mini_1601132881088.html
High Quality Mini Water Turbine Generators 1000w Water Turbine Energy Generators Hydro Turbines 1000w 2000w 3000w 4000w 5000,US $100.00-$1000.00,4.6/5.0 (70),https://www.alibaba.com/product-detail/High-quality-mini-water-turbine-generators_1600934779598.html
Eco-Friendly Micro 50 kw Hydro Turbines Generator for Hydro Power System Build a Efficient Turbine Generator,US $12960.00-$39350.00,4.8/5.0,https://www.alibaba.com/product-detail/Eco-friendly-Build-a-Micro-50_1601565552828.html
Low Head Small Mini Crossflow Propeller Reaction 200kw Hydro Water Turbine Generator,US $60000.00,N/A,https://www.alibaba.com/product-detail/Low-Head-Small-Mini-Crossflow-Propeller_1601566768711.html
High Quality China Factory 100kw Hydro River Small Jet Turbine,US $60000.00,N/A,https://www.alibaba.com/product-detail/High-Quality-China-Factory-100kw-hydro_1601128015161.html
Hydro Turbine Generator 10kw Mini Water Generator Turbine Ydro Power Generator,US $3050.00-$3769.00,4.6/5.0 (70),https://www.alibaba.com/product-detail/hydro-turbine-generator-10kw-mini-water_1600425400976.html
Forster Micro Hydro Electric Line Power Station 15KW Kaplan Horizontal Shaft Francis Turbine Generator Model GL-P-502-25 380V,US $16400.00,4.8/5.0,https://www.alibaba.com/product-detail/Micro-Hydro-Electric-In-Line-Power_1600717118185.html
1000 Micro Hydro Turbine Generator Mini 2 MW Hydro Turbine for 60 Homes Hydro Generator Product Category,US $76904.00,4.8/5.0,https://www.alibaba.com/product-detail/Micro-Hydro-Turbine-Generator-1000-Hydro_11000021532466.html
China Factory Hydro Turbine Generator 5kW 220v 380v Water Powered Generator Turbine Water Electric Generator,US $1036.00,4.6/5.0 (70),https://www.alibaba.com/product-detail/China-Factory-Hydro-Turbine-Generator-5kW_1601420259520.html
Hydroelectric Mini Hydro Power Kaplan Turbine 100kW 400V Low Waterhead River Turbine Home Use,US $28800.00,4.8/5.0,https://www.alibaba.com/product-detail/Hydroelectric-Mini-Hydro-Power-Turbine-10kva_1601061425902.html
Farm Use Mini Hydro Electric Generator Hydro Generator River Small Wind Turbine Water Pumping,US $195.00-$268.00,4.5/5.0 (15),https://www.alibaba.com/product-detail/Farm-use-mini-hydro-electric-generator_1600550731037.html
Low Speed Mini Micro Hydro Turbine Power Generator 500kw HPP,US $112500.00,N/A,https://www.alibaba.com/product-detail/Low-speed-micro-hydro-turbine-power_1601150900822.html
Mini Hydro Power Plant/1000kw Water Powered Turbine Generator/1 Mw Hydro Power Francis Turbine,US $18000.00,N/A,https://www.alibaba.com/product-detail/Mini-Hydro-Power-Plant-1000kw-Water_62025802794.html
Customized Eco-Friendly Plant Type Water Turbine Generator with Engine 380V Hydro Power Electricity Generator,US $3099.00-$3599.00,N/A,https://www.alibaba.com/product-detail/Customized-Mixed-Flow-Micro-Turbine-Plant_1601665987674.html
Hydroelectric Power Plant 100KW Micro Hydro Power Turbine Generator with Stainless Steel and 6300V for Hydropower Applications,US $68900.00,4.8/5.0,https://www.alibaba.com/product-detail/Hydroelectric-Power-Plant-100KW-Micro-Electricity_1600627071512.html
Low Price Micro Kaplan Vertical Water Turbine Generator,US $60000.00,N/A,https://www.alibaba.com/product-detail/Low-price-micro-kaplan-vertical-water_1600938402563.html
500w-50kw Factory Price Hydro Power Generator Water Turbine 5kw Small Water Turbine Mini Hydroelectric Generator Hydroelectric,US $195.00-$268.00,4.5/5.0 (15),https://www.alibaba.com/product-detail/500w-50kw-Factory-price-hydro-power_1601166268045.html
Stable Power High Quality and High Cost-effectiveness 50kw Micro Hydro Turbine,US $4830.00-$4850.00,N/A,https://www.alibaba.com/product-detail/Stable-Power-High-Quality-and-High_1601679814031.html
Mini Micro Hydro Generator Free Energy Water Turbine 10kw -200kw Hydroelectric Power Plant,US $1999.00,N/A,https://www.alibaba.com/product-detail/Mini-Micro-Hydro-Generator-Free-Energy_1601368711477.html
Hydraulic Electric Micro Kaplan Turbine Price for Hydropower,US $35800.00,4.8/5.0,https://www.alibaba.com/product-detail/Hydraulic-Electric-Micro-Kaplan-Turbine-Price_1600219906097.html
High Efficiency Hydro Power Generator of Water Turbine Small Micro Mini Hydropower Generator 50kw,US $60000.00,N/A,https://www.alibaba.com/product-detail/High-Efficiency-Hydro-Power-Generator-of_1601460334752.html
Hydro Power Plant Mini Turbine Water Generator,US $60000.00,N/A,https://www.alibaba.com/product-detail/Hydro-power-plant-mini-turbine-water_1601168570260.html
Stable Power Mini Hydro Generator Water Turbine with 2-Year Warranty,US $3200.00-$5300.00,N/A,https://www.alibaba.com/product-detail/Stable-Power-Mini-Hydro-Generator-Water_1601677295064.html
Selling a 10kW Micro Hydroelectric Generator with a Water Turbine,US $1380.00,N/A,https://www.alibaba.com/product-detail/Selling-a-10kW-Micro-Hydroelectric-Generator_1601661801498.html
High Quality Micro Pelton Water Power Turbine Generator and Small Hydro Power Plant 500KW 1000KW,US $2000.00-$5000.00,N/A,https://www.alibaba.com/product-detail/High-Quality-Micro-Pelton-Water-Power_60730469170.html
High-quality Horizontal Run-of-river Hydroelectric Power Generation Equipment Includes User Training,US $46380.00-$46428.00,5.0/5.0,https://www.alibaba.com/product-detail/High-quality-Horizontal-Run-of-river_11000030363414.html
5kw 1kw 2kw 3kw 4kw Mini Hydro Turbine Use Permanent Magnet Generator Low RPM High Efficiency 220v,US $290.00-$888.00,4.6/5.0 (70),https://www.alibaba.com/product-detail/5kw-5000w-Mini-Hydro-Turbine-Use_1601261311177.html
15KW Micro Free Energy Low Rpm Turbine Brushless Hydro Generator,US $60000.00,N/A,https://www.alibaba.com/product-detail/15KW-micro-free-energy-low-rpm_1600867299090.html
Water Power 10kW 20kW 30kW 50kW 70kW Micro Hydro Turbine 12m Head Hydro Turbine Generator,US $36800.00,4.8/5.0,https://www.alibaba.com/product-detail/Water-Power-10kW-20kW-30kW-50kW_1601363847626.html
230V 380v 400v 20kw Water Turbine Hydroelectric Generator 10kw Mini Hydro Hydroelectric Power,US $2199.00-$2549.00,4.5/5.0 (15),https://www.alibaba.com/product-detail/230V-380v-400v-20kw-water-turbine_1600546768484.html
Factory Low Price Micro Hydro Plant Water Turbine Generator Engine Hydroelectric Eco-Friendly 400V Energy-saving Precision,US $2899.00-$3299.00,N/A,https://www.alibaba.com/product-detail/Miniature-Hydroelectric-Generators-with-Eco-Friendly_1601665764479.html
Mini Micro High or Low Head High Efficiency100kw Small Micro Francis Turgo Water Turbine,US $5000.00,N/A,https://www.alibaba.com/product-detail/Mini-Micro-High-or-Low-Head_1601705089282.html
Customized Low Head Vertical Micro Kaplan Turbine Factory Priced Water Hydro Generator,US $5000.00-$9999.00,N/A,https://www.alibaba.com/product-detail/Customized-Low-Head-Vertical-Micro-Kaplan_1601282841396.html
Micro Hydro Power Plant 100KW 200KW 500KW Francis Turbine Wheel for Water Powered Generators,US $13000.00-$14000.00,N/A,https://www.alibaba.com/product-detail/micro-hydro-power-plant-100KW-200KW_60736511606.html
Professional Low-head Water Turbines Horizontal Run-of-river Hydroelectric Generator Sets for Sale,US $13880.00-$13928.00,5.0/5.0,https://www.alibaba.com/product-detail/Professional-Low-head-Water-Turbines-Horizontal_11000030409261.html
Customizable 20 KW-30 kW Micro Hydro Generator Water Turbine Generator,US $5500.00-$12000.00,4.8/5.0,https://www.alibaba.com/product-detail/Micro-Hydro-Generator-Customized-20-kW_1600918688127.html
Micro Hydro Water Power Generator 1 Mw Francis Turbine,US $60000.00,N/A,https://www.alibaba.com/product-detail/Micro-hydro-water-power-generator-1_62349369970.html
Flyt 1000w Mini Water Turbine Electricity Generation by Water River Turbine,US $325.00-$355.00,4.5/5.0 (15),https://www.alibaba.com/product-detail/Flyt-1000w-to-50kw-5kw-mini_1601167604522.html
"1MW renewable energy flywheel hydro generator, micro hydro turbine and generator",US $10000.00,N/A,https://www.alibaba.com/product-detail/1MW-renewable-energy-flywheel-hydro-generator_1601727634178.html
Water Power Micro Hydro Water Turbine Generator 10KW 15KW 20KW 30KW 50KW 100KW,US $3700.00-$4500.00,N/A,https://www.alibaba.com/product-detail/Water-Power-Micro-Hydro-Water-Turbine_1601697709940.html
500kw Francis Turbine Micro Hydro Generator for Water Power Stations,US $19999.00,N/A,https://www.alibaba.com/product-detail/Hot-Sale-Good-Quality-Hydro-Electric_1601103085487.html
High-quality Household Hydroelectric Power Generation Equipment 110-240V Voltage 12-50m Design Head for Daily Electricity Use,US $2280.00-$2321.00,5.0/5.0,https://www.alibaba.com/product-detail/High-quality-Household-Hydroelectric-Power-Generation_11000030358131.html
Vertical Powered Electric 100w Pelton Micro Water Turbine,US $60000.00,N/A,https://www.alibaba.com/product-detail/Vertical-powered-electric-100w-pelton-micro_1600270973090.html
Silent Generator Hydro Turbine Generator 500W-40KW 220v Micro Hydro Electric Generator,US $99.00-$199.00,4.5/5.0 (15),https://www.alibaba.com/product-detail/silent-generator-hydro-turbine-generator-500W_1601095982482.html
Stable Power Back Pressure Steam Turbine Micro Hydro Turbine Pump Remote Control 220V Output 100 KW Engine Motor Power Plant,US $113500.00,N/A,https://www.alibaba.com/product-detail/Stable-Power-Back-Pressure-Steam-Turbine_1601673905410.html
A Manufacturer Specializing in Providing Micro Hydroelectric Units and Generators for Small-scale Hydropower Projects,US $1000.00,N/A,https://www.alibaba.com/product-detail/A-Manufacturer-Specializing-in-Providing-Micro_1601732780136.html
Pelton Turbine Hydro Turbine Generator 500W-40KW 220v Micro Hydro Electric Generator Standby Generator Water Leisure,US $335.00,4.5/5.0 (15),https://www.alibaba.com/product-detail/Pelton-Turbine-Hydro-Turbine-Generator-500W_1601398611915.html
100kw High Efficiency Mini Micro Francis Free Energy Water Turbine Hydro Power Generator Equipment,US $25000.00-$30000.00,N/A,https://www.alibaba.com/product-detail/100kw-High-Efficiency-Mini-Micro-Francis_1601733976043.html
High Head Small Micro Mini Kaplan Francis Pelton Hydro Water Turbine Generator,US $10000.00-$15000.00,N/A,https://www.alibaba.com/product-detail/High-Head-Small-Micro-Mini-Kaplan_1601737522823.html
Micro Mini Pelton Francis Turgo Water Turbine Low Head Hydro Power Generator Plant,US $10000.00-$15000.00,N/A,https://www.alibaba.com/product-detail/Micro-Mini-Pelton-Francis-Turgo-Water_1601732704583.html
8kw Double Jet Excitation Inclined Strike Small Hydro Generator Set Micro Water Current Generator Small,US $3002.00-$3022.00,4.6/5.0 (68),https://www.alibaba.com/product-detail/8kw-double-jet-excitation-inclined-strike_1600913350018.html
China Factory 220V 3000W 5000w Micro Hydro Water Turbine Generator Hydroelectric Magnet Full Copper Core Single Phase Generator,US $1750.00-$1910.00,4.6/5.0 (70),https://www.alibaba.com/product-detail/china-factory-220V-3000W-5000w-Micro_1600449673363.html
High Efficiency Low Head Micro Hydro Turbine,US $60000.00,N/A,https://www.alibaba.com/product-detail/High-efficiency-low-head-micro-hydro_1601168564383.html
Low Speed Micro Hydro Turbine Manufacture Micro Hydro Turbines for Power Plant,US $60000.00,N/A,https://www.alibaba.com/product-detail/low-speed-micro-hydro-turbine-manufacture_1600906243040.html
Micro Hydro Turbine Manufacturer 500kw,US $60000.00,N/A,https://www.alibaba.com/product-detail/Micro-hydro-turbine-manufacturer-500kw_1600917266197.html
Hydro Turbine Electric Generator Micro Hydro Generator Pelton,US $50000.00-$65000.00,N/A,https://www.alibaba.com/product-detail/Hydro-Turbine-Electric-Generator-Micro-Hydro_1601043595062.html
100kw Micro Hydro Turbines for Sale,US $60000.00,N/A,https://www.alibaba.com/product-detail/100kw-micro-hydro-turbines-for-sale_1601168524589.html
Micro Hydro Turbine Manufacturer 500kw,US $2000.00-$8000.00,N/A,https://www.alibaba.com/product-detail/Micro-hydro-turbine-manufacturer-500kw_1601134705873.html
Factory Price Low Head Micro Hydro Power Water Turbine 200kw,US $38000.00-$40000.00,N/A,https://www.alibaba.com/product-detail/Factory-price-low-head-micro-hydro_1601127967237.html
Micro Hydro Turbine and Micro Hydro Generator / Francis Turbine Price,US $19899.00,N/A,https://www.alibaba.com/product-detail/Micro-Hydro-Turbine-and-Micro-Hydro_1601114627592.html
Stable Power High Quality and High Cost-effectiveness Micro Hydro Turbine 10kw,US $4830.00-$4850.00,N/A,https://www.alibaba.com/product-detail/Stable-Power-High-Quality-and-High_1601679729554.html
Micro Hydro Turbine with Engine for Water River Hydro Generator High Productivity Renewable Energy Power Generation Equipment,US $4499.00-$9499.00,N/A,https://www.alibaba.com/product-detail/Micro-Hydro-Turbine-with-Engine-for_1601693415891.html
High Efficiency Hydro Water Turbine Mini Small Micro Hydro Generator 50kw,US $60000.00,N/A,https://www.alibaba.com/product-detail/High-Efficiency-Hydro-Water-Turbine-Mini_1601459399786.html
1mw Hydro Turbine Micro Generator for Hydro Power Plant Brushless Rotor,US $60000.00,N/A,https://www.alibaba.com/product-detail/1mw-hydro-turbine-micro-generator-for_1601144180556.html
Micro Hydro Turbine 6000kW Pelton Turbine,US $1000.00,N/A,https://www.alibaba.com/product-detail/Micro-Hydro-Turbine-6000kW-Pelton-Turbine_1601729929220.html
Waterturbinegenerator Micro Hydro dynamo Micro Hydro Generator Water Turbine Hydro Turbine Hydroelectric System Generator,US $4830.00-$4850.00,N/A,https://www.alibaba.com/product-detail/Waterturbinegenerator-Micro-Hydro-dynamo-Micro-Hydro_1601686419899.html
Quality Guaranteed Micro Hydro Water Turbine Generator 1 Mw,US $60000.00,N/A,https://www.alibaba.com/product-detail/Quality-Guaranteed-micro-hydro-water-turbine_1600914735371.html
Micro Hydropower Plants Turbine 20kw Hydro Turbine Water Generator,US $5400.00-$6500.00,5.0/5.0,https://www.alibaba.com/product-detail/Micro-Hydropower-Plants-Turbine-20kw-Hydro_1600596681648.html
Low Rpm Hydro Generator Micro Hydro Turbines Water Power Generator,US $60000.00,N/A,https://www.alibaba.com/product-detail/Low-rpm-hydro-generator-micro-hydro_1600918491601.html
Mini Micro Low Speed Hydro Power Green Renewable Free Energy Turbine,US $50000.00,N/A,https://www.alibaba.com/product-detail/Low-speed-cheaper-price-green-renewable_1600973248999.html
Hydro Power Generator Micro Francis Turbine,US $60000.00,N/A,https://www.alibaba.com/product-detail/Hydro-power-generator-micro-francis-turbine_1601123817007.html
Micro Low Head Hydro Power Generator Turbine 2mw Francis Price,US $5000.00-$8000.00,N/A,https://www.alibaba.com/product-detail/Micro-low-head-hydro-power-generator_62349187977.html
Micro Hydro Electric Water Power Turbine Flow Generator,US $60000.00,N/A,https://www.alibaba.com/product-detail/micro-hydro-electric-water-power-turbine_1600488002406.html
Stable Power 100kw Micro Hydro Turbine for Sale PLC Controlled Mini Hydropower Plant Eco-Friendly 220V Output 1 Year Warranty,US $4830.00-$4850.00,N/A,https://www.alibaba.com/product-detail/Stable-Power-100kw-Micro-Hydro-Turbine_1601678832461.html
Micro Hydroelectric Turbine Generator,US $60000.00,N/A,https://www.alibaba.com/product-detail/micro-hydroelectric-turbine-generator_1601134779552.html
Micro Hydro Turbine Plant with PLC Control Eco-Friendly Hydro Power Generator 220V Output Stable Power,US $4830.00-$4850.00,N/A,https://www.alibaba.com/product-detail/Micro-Hydro-Turbine-Plant-with-PLC_1601678832229.html
Hydro Turbine Generator Micro Hydro Kaplan Turbine Hydro Generator Set,US $50000.00-$65000.00,N/A,https://www.alibaba.com/product-detail/Hydro-Turbine-Generator-Micro-Hydro-Kaplan_1600597862355.html
Small Hydro Power Plant Micro Electric Power Turbines System,US $60000.00,N/A,https://www.alibaba.com/product-detail/Small-hydro-power-plant-micro-electric_62411755915.html
Water Powered Micro Hydro Water Turbine Electric Generator Micro Mini 200kw High Head Horizontal Hydrogenerator,US $60000.00,N/A,https://www.alibaba.com/product-detail/Water-powered-micro-hydro-water-turbine_1600908051439.html
Small Micro Hydro Power Station Micro Water Turbine Generator Efficient Hydropower Type,US $60000.00,N/A,https://www.alibaba.com/product-detail/Small-Micro-Hydro-Power-Station-Micro_1601364779787.html
Pelton/turgo Micro Hydro Turbine,US $60000.00,N/A,https://www.alibaba.com/product-detail/pelton-turgo-micro-hydro-turbine_1601168430826.html
100kw Micro Hydro Turbine Generator Low Head,US $60000.00,N/A,https://www.alibaba.com/product-detail/100kw-micro-hydro-turbine-generator-low_1601149717448.html
Micro Hydro Generator Homemade Small Tubular Water Turbine by Hydroelectric Manufacturer,US $16900.00-$76710.00,4.8/5.0,https://www.alibaba.com/product-detail/Small-Homemade-Micro-Hydro-Generator-Tubular_1601539605012.html
Micro Hydro Power Generators 600 kw Water Turbine,US $60000.00,N/A,https://www.alibaba.com/product-detail/Micro-hydro-power-generators-600-kw_1601167276308.html
Micro Power Hydro Turbine Generator Rotor and Stator,US $60000.00,N/A,https://www.alibaba.com/product-detail/Micro-power-hydro-turbine-generator-rotor_1601149564984.html
High Efficiency Turbine Hydroelectric 5kw Hydroelectric Power Long Life Hydroelectric Generator Mini,US $129.00-$239.00,4.3/5.0 (108),https://www.alibaba.com/product-detail/High-Efficiency-Turbine-Hydroelectric-5kw-Hydroelectric_1600899007734.html
Quick Delivery Customized Design Mini Size Turbine Hydroelectric Water Turbine Generators Hydro Turbine,US $1300.00-$1800.00,N/A,https://www.alibaba.com/product-detail/Quick-Delivery-Customized-Design-Mini-Size_1601675158694.html
China Factory 100kw Micro Hydro Power Plant Vertical Kaplan Turbine Stainless,US $60000.00,N/A,https://www.alibaba.com/product-detail/China-factory-100kw-micro-hydro-power_1601168417904.html
200KW 500KW Mini Hydro Turbine Francis Turbine Hydro Power Plant,US $120000.00-$150000.00,N/A,https://www.alibaba.com/product-detail/200KW-500KW-Mini-Hydro-Turbine-Francis_60735155451.html
3KW Micro Hydroelectric Turbines and Generators Domestic Hydropower,US $7399.00-$9999.00,N/A,https://www.alibaba.com/product-detail/3KW-Micro-Hydroelectric-Turbines-and-Generators_1601668951199.html
100KW Water Generator Hydro Turbine for Small Hydro Power Plants,US $28000.00-$28800.00,4.8/5.0,https://www.alibaba.com/product-detail/100KW-Water-Generator-Hydro-Turbine-For_1600364186674.html
Micro 100kw 200kw 500kw Hydro Power Generator Stator and Rotor Manufacturer / Hydro Water Turbine,US $11000.00-$13000.00,N/A,https://www.alibaba.com/product-detail/micro-100kw-200kw-500kw-hydro-power_60737456234.html
250 KW Hydro Turbine and Inclined Turbine Price for Micro Hydro Power,US $9999.00,N/A,https://www.alibaba.com/product-detail/250-KW-Hydro-Turbine-And-Inclined_1601264682752.html
Forster 50kW Micro Turbine Water Generator with Governor Model Customizable Hydro Power Generator,US $22800.00,4.8/5.0,https://www.alibaba.com/product-detail/500-KW-Micro-Turbine-Water-Generator_1600171214706.html
50k 150kw Mini Micro Small Hydro Generator Francis Pelton Kaplan Turgo Axial Water Turbine Low Head,US $60000.00,N/A,https://www.alibaba.com/product-detail/50k-150kw-Mini-Micro-Small-Hydro_1601560764456.html
Small 100kw Turbine Hydroelectric Generator Low Rpm Micro Kaplan Hydro Electric for Renewable Energy Tube Type,US $1999.00,N/A,https://www.alibaba.com/product-detail/Hydro-Power-Equipment-Hydro-Francis-Turbine_1601282834503.html
Small Hydro Power Plant 200KW 500KW 100KW China Suppliers High Quality Inclined-jet Turbine Water,US $2000.00-$5000.00,N/A,https://www.alibaba.com/product-detail/Small-Hydro-Power-Plant-200KW-500KW_60731607640.html
High Efficiency Hydro Turbine Generator Water Powered Generator Turbine Water Micro Hydro Electric Generator,US $4400.00-$4455.00,5.0/5.0,https://www.alibaba.com/product-detail/High-Efficiency-Hydro-Turbine-Generator-Water_11000030297287.html
Good Price Mini 3kw 5kw 8kw 10kw Hydro Power Water Turbine Hydroelectric Generator,US $195.00-$268.00,4.5/5.0 (15),https://www.alibaba.com/product-detail/Good-price-mini-3kw-5kw-8kw_1601144578364.html
FORSTER Automatic Long Service Life Mini Micro 1000kW Hydro Turbine Power Generator 50/60Hz 87-96% Efficiency 220V/400V,US $65740.00-$89140.00,4.8/5.0,https://www.alibaba.com/product-detail/Automatic-Long-Service-Life-Mini-Micro_1601685438170.html
Permanent Alternator Generator Low Head Mini Micro Pelton Kaplan Impulse Hydropower Water Turbine,US $60000.00,N/A,https://www.alibaba.com/product-detail/Permanent-alternator-generator_1600936553010.html
Francis Turbine Hydro Turbine Generator Hydroelectric Power Francis Turbine Hydro Generator Set,US $50000.00-$65000.00,N/A,https://www.alibaba.com/product-detail/Francis-Turbine-Hydro-Turbine-Generator-Hydroelectric_1600597818379.html
15kw Radial Small Hydroelectric Generator Micro Hydroelectric Generator Small Hydro Turbine,US $1899.00,N/A,https://www.alibaba.com/product-detail/5kw-radial-small-hydroelectric-generator-micro_1601275485069.html
New turbine products 2025 Micro Hydro Electric Turbine Model Price Teaching Water Turbine Model Electricity Generation Hydropower Plant 500KW to 3000KW hydroturbine generator,US $49000.00-$50000.00,N/A,https://www.alibaba.com/product-detail/New-turbine-products-2025-Micro-Hydro_60822126440.html
Micro Hydro Power Plant Mini Water Turbine Generator with Motor and Pump Eco-Friendly 220V Stable Power,US $4830.00-$4850.00,N/A,https://www.alibaba.com/product-detail/Micro-Hydro-Power-Plant-Mini-Water_1601678759843.html
RUIFA 100KW Power Horizontal Run-of-river Hydroelectric Micro Hydro Generator Water Turbine Model WSJLS-22 110-240V/380V/480V,US $39286.00,5.0/5.0,https://www.alibaba.com/product-detail/RUIFA-100KW-Power-Horizontal-Run-of_1601638628028.html
Efficient 5kw Water Hydroelectric Generator 1000w-50kw Hydroelectric Generator 220v 380v Water Turbine,US $1006.00,4.6/5.0 (70),https://www.alibaba.com/product-detail/Efficient-5kw-Water-Hydroelectric-Generator-1000w_1601389831046.html
Water Turbine Turbine Hydroelectrique Generator 5kw 10kw 20kw 500w Micro Hydro Generator Water Hydropower Generator,US $195.00-$268.00,4.5/5.0 (15),https://www.alibaba.com/product-detail/Water-Turbine-turbine-hydroelectrique-generator-5kw_1601090600107.html
Low and High Head Small Mini Pelton Impulse Reaction Hydro Water Flow Turbine,US $178.00-$279.00,N/A,https://www.alibaba.com/product-detail/Low-and-High-Head-Small-Mini_1601594575704.html
Mini Micro Hydro Generator Free Energy Water Turbine 10kw -200kw Hydroelectric Power Plant,US $899.00,N/A,https://www.alibaba.com/product-detail/Mini-Micro-Hydro-Generator-Free-Energy_1601772572668.html
DTEC 30KW Kaplan Hydro Turbine - Generator Unit for Mini Hydro Power Plant,US $55000.00-$65000.00,N/A,https://www.alibaba.com/product-detail/DTEC-30KW-Kaplan-Hydro-Turbine-Generator_1600126772445.html
Water Turbine Micro Hydro Generator Horizontal Run-of-river Hydroelectric Generator RUIFA WSJLS-15 25-80m Design Head,US $8000.00,5.0/5.0,https://www.alibaba.com/product-detail/Water-Turbine-Micro-Hydro-Generator-Horizontal_1601638383958.html
500 kW Francis Turbine Hydro Generator Micro Hydro Power Turbine for Hydro Power Plant,US $86800.00,4.8/5.0,https://www.alibaba.com/product-detail/500-kW-Francis-Turbine-Hydro-Generator_11000022501018.html
Francis Pelton Mini Small Micro Pelton Kaplan Impulse Hydropower Water Turbine Generator,US $188.00-$295.00,N/A,https://www.alibaba.com/product-detail/Francis-Pelton-Kaplan-Turgo-High-Head_1601488334575.html
300KW Turgo Turbine Generator Hydro Turgo Turbine Micro Turbine Generator,US $1899.00,N/A,https://www.alibaba.com/product-detail/300KW-Turgo-Turbine-Generator-Hydro-Turgo_1601435259236.html
Hydro Electric Generator Mini Hydroelectric Generator System Micro Turbine Kw/Turgo Hydraulic,US $18000.00,N/A,https://www.alibaba.com/product-detail/Hydro-Electric-Generator-Mini-Hydroelectric-Generator_62545382818.html
DTEC 500kw Micro Hydro Power Station New Pelton Turbine Wheel with Core Components Engine Pump PLC for Hydroelectric Plants,US $200000.00,N/A,https://www.alibaba.com/product-detail/DTEC-500kw-Micro-Hydro-Power-Station_1600069766598.html
RuiFa High Efficiency Hydro Electric Turbine Water Driven Generator Vertical Hydro Power System for Home Use,US $2450.00-$2510.00,5.0/5.0,https://www.alibaba.com/product-detail/RuiFa-High-Efficiency-Hydro-Electric-Turbine_1601635232269.html
Industrial Hydro Turbine Generator ZD760-LM-20 3000W Kaplan Axial Flow 220V Rated Voltage 1.5~3m Water Head 0.008~0.15m/s Flow,US $500.66,5.0/5.0,https://www.alibaba.com/product-detail/3KW-Hydro-Turbine-3000W-Kaplan-Turbine_1601446489406.html
Water Powered Turbine Generators Electric Generator 3kw 5kw 8kw 10kw Hydraulic Generators for Sale,US $219.00-$259.00,4.6/5.0 (68),https://www.alibaba.com/product-detail/Water-powered-turbine-generators-electric-generator_1600898496435.html
5Kw 10Kw 30Kw Micro Hydro Grid-Tie Controller with Power Curve Optimization Manual Braking Overload & IP65 Protection Power,US $599.00-$2254.00,4.9/5.0 (14),https://www.alibaba.com/product-detail/5Kw-10Kw-30Kw-Micro-Hydro-Grid_1601596922214.html
Custom Precision CNC Machining Casting Service Aluminum Titanium Nickel Alloy Turbine Blades Hydro Water Wheel Impeller,US $0.90-$1.00,N/A,https://www.alibaba.com/product-detail/Custom-Precision-CNC-Machining-Casting-Service_1601582136872.html
High Precision Babbitt Bearing Shoe Tilting Pad Thrust Bearing for Heavy Duty Hydro Turbine Generator Units,US $699.00-$999.00,N/A,https://www.alibaba.com/product-detail/High-Precision-Babbitt-Bearing-Shoe-Tilting_1601769729081.html
10kw Hydro Generator Axial Turbine Generator,US $600.00,5.0/5.0,https://www.alibaba.com/product-detail/10kw-Hydro-Generator-Axial-Turbine-Generator_60514840497.html
100 Kw 200 Kw 500Kw Micro Hydro Kaplan Turbine Kaplan Turbina,US $200000.00-$220000.00,N/A,https://www.alibaba.com/product-detail/100-Kw-200-Kw-500Kw-Micro_60752988402.html
5kw Mini Water Turbine Mini Hydro Power Turbine Compact and Durable Electricity Generation by Water 24v Electric Water Generator,US $239.00-$1099.00,4.6/5.0 (70),https://www.alibaba.com/product-detail/5kw-mini-water-turbine-Mini-Hydro_1601151643765.html
Hydro Plant Free Energy Low Rpm Hydro Power 15kw Mini Water Turbine Generator Generator Set Hydraulic Generator,US $195.00-$268.00,4.5/5.0 (15),https://www.alibaba.com/product-detail/hydro-plant-free-energy-low-rpm_1601104272364.html
Micro Mini Small Hydraulic Pelton Turgo Kaplan Reaction Water Turbine Electric Generator 100kw 200kw 500kw,US $60000.00,N/A,https://www.alibaba.com/product-detail/50KW-20MW-micro-hydro-water-turbine_1600892224943.html
Customized CNC Machining Parts Milling Turning Stainless Steel Part Pelton Wheel Turbine Runner for Generator,US $14.00-$20.00,N/A,https://www.alibaba.com/product-detail/Customized-CNC-Machining-Parts-Milling-Turning_1600937465131.html
Custom Precision CNC Machining Casting Service Aluminum Titanium Nickel Alloy Turbine Blades Hydro Water Wheel Impeller,US $0.90-$1.00,5.0/5.0,https://www.alibaba.com/product-detail/Custom-Precision-CNC-Machining-Casting-Service_1601581419994.html
Micro Hydro Hydraulic Gear Motor 24V 0.8KW 4000rpm Carbon Brush DC Motor for Forklift Lifting,US $30.45-$33.60,4.7/5.0 (16),https://www.alibaba.com/product-detail/micro-hydro-turbines-for-sale_757701210.html
OEM Explosion Proof Stainless Steel IP65 Turbine Flow Meter for Gasoline Liquid Oil Water Fluid +/-1.5% Factory Manufacturer,US $240.00-$320.00,5.0/5.0,https://www.alibaba.com/product-detail/Factory-Manufacturer-Gasoline-Liquid-Explosion-Proof_1600960646514.html
Original New power supply module IC693CMM321,US $100.00-$150.00,4.1/5.0,https://www.alibaba.com/product-detail/original-new-st-controller-IC693CMM321_1600259867756.html
100 Original Unused T Motion 1700 Flow S for Sale Brand New Spot Plc,US $100.00-$800.00,4.9/5.0,https://www.alibaba.com/product-detail/100-Original-Unused-T-Motion-1700_1601711426511.html
China Factory Hydro Turbine Generator 1kw Micro Hydro Turbine Generator,US $1200.00-$1800.00,N/A,https://www.alibaba.com/product-detail/Francis-Turbine-Hydro-Turbine-Generator-Hydroelectric_1601674726259.html
8KW & 10KW Kaplan Turbine Hydro Generator 220V & 380V Rated Voltage Water Turbine Generator,US $6836.00,5.0/5.0,https://www.alibaba.com/product-detail/Hydro-Generator-8KW-10KW-Kaplan-Turbine_1601429667678.html
ESG Home Use China Factory 800W 12V Wind Turbine 3 5 Blades and Free MPPT Controller Small Wind Turbine,US $257.00-$287.00,N/A,https://www.alibaba.com/product-detail/ESG-Home-Use-China-Factory-800W_1600628275682.html
Factory Custom OEM Investment Casting Parts Jet Engine Spare Parts Inconel 713 718 Engine Turbine Wheel Disk Impeller,US $0.90-$1.00,5.0/5.0,https://www.alibaba.com/product-detail/Factory-Custom-OEM-Investment-Casting-Parts_1601581434941.html
220vac 24vdc Stainless Steel Digital OEM Volume Corrector Compressed Air LPG Natural Gas Measure Turbine Flow Meter,US $150.00-$200.00,5.0/5.0,https://www.alibaba.com/product-detail/220vac-24vdc-Stainless-Steel-Digital-OEM_1601768820552.html
FORSTER 5% Mini Smart System Hydro Turbine 500kW 162m Water Head Stainless Runner Horizontal Shaft High Generator,US $48900.00,4.8/5.0,https://www.alibaba.com/product-detail/5-Off-Mini-Smart-System-Hydro_1601033015483.html
DTC Hydro Generator Turbine Set for Small Hydro Power Plant for Water Usage,US $50000.00-$105000.00,N/A,https://www.alibaba.com/product-detail/Dtec-Hydro-Generator-Turbine-For-Small_1601104120029.html
20KW Direct-drive Hydro-turbine Generator Set Open-type Generator Water Turbine Used for Power Generation,US $10200.00-$10285.00,5.0/5.0,https://www.alibaba.com/product-detail/20KW-Direct-drive-Hydro-turbine-Generator_11000030236371.html
ESG Wind Energy System 800W 12V Wind Turbine 3 5 Blades Free MPPT Controller Windmill Small Wind,US $257.00-$287.00,N/A,https://www.alibaba.com/product-detail/ESG-Wind-Energy-System-800W-12V_1600645682294.html
Jingbo LWGY Digital Turbine Flow Meter for Liquid/Gas/Air Stainless Steel +/-1.5% Accuracy 0.5~20m/s Flow Rate Flange OEM,US $150.00-$180.00,5.0/5.0,https://www.alibaba.com/product-detail/Jingbo-LWGY-Digital-Turbine-Flow-Meter_1601735359228.html
800w-10kw Hydraulic Turbine High Quality Water Turbine Generators Mini Hydro Generator Water Generator Emergency Electricity,US $195.00-$268.00,4.5/5.0 (15),https://www.alibaba.com/product-detail/800w-10kw-Hydraulic-Turbine-High-quality_1601172362625.html
Forster 250KW Stainless Runner Micro Hydroelectric Pelton Turbine Generator ISO9001/CE/TUV Certified 50Hz/60Hz Power,US $66280.00,4.8/5.0,https://www.alibaba.com/product-detail/250KW-Micro-Hydroelectric-Turbine-Pelton-Turbine_1600128337643.html
Micro Hydro Kaplan Turbine Generator Plant 100kw,US $1000.00-$8000.00,N/A,https://www.alibaba.com/product-detail/Micro-hydro-kaplan-turbine-generator-plant_1601137787019.html
50mw Low Water Head Small Francis Turbine / Water Turbine Generator Hydro Power Project,US $9999.00,N/A,https://www.alibaba.com/product-detail/1MW-Small-Francis-Turbine-Water-Turbine_1601101873099.html
DTEC 160KW Horizontal Turgo Hydro Turbine Generator Unit for Micro Hydro Power Plant,US $5000.00-$50000.00,N/A,https://www.alibaba.com/product-detail/DTEC-160KW-Horizontal-Turgo-Hydro-Turbine_1600126677796.html
Small Horizontal Run-of-river Turbine Units Are Available for Customization Integrated Hydropower Generator,US $2280.00-$2321.00,5.0/5.0,https://www.alibaba.com/product-detail/Small-Horizontal-Run-of-river-Turbine_11000030362148.html
Industrial Stainless Steel Liquid Variable Area Petroleum Flow Meter for Water & Fluid OEM Turbine Flowmeter,US $159.00-$220.00,5.0/5.0,https://www.alibaba.com/product-detail/Industrial-SUS304-Liquid-Variable-Area-Petroleum_1600915009611.html
High Efficiency 1000W 1kw 50KW 220v Hydro Turbine Generator Water Powered Generator Turbine Water Electric Generator,US $219.00-$259.00,4.6/5.0 (70),https://www.alibaba.com/product-detail/High-Efficiency-1000W-1kw-50KW-220v_1601467335393.html
150RPM-1000RPM 50KW-20MW Micro Turbine vortex Bulb Turbine Gnrateur Hydrolectrique,US $60000.00,N/A,https://www.alibaba.com/product-detail/150RPM-1000RPM-50KW-20MW-micro-turbine_1601158618563.html
Small Mini Micro Generator Power Plant Francis Pelton Turgo Hydroelectric Hydro Kaplan Water for Electricity Plant,US $1999.00,N/A,https://www.alibaba.com/product-detail/Small-Mini-Micro-Generator-Power-Plant_1601081929401.html
Small Kaplan Vertical Water Turbine Price / Micro or Mini Water Turbine Distributor,US $13000.00-$17000.00,N/A,https://www.alibaba.com/product-detail/Small-Kaplan-Vertical-Water-Turbine-Price_60745420359.html
Hot Sale High Quality Hydro Turbine Generator with Integrated Controller Low Head Stainless Steel Water,US $5399.00-$5485.00,5.0/5.0,https://www.alibaba.com/product-detail/Hot-Sale-High-Quality-Hydro-Turbine_1601638165181.html
Industrial Digital Stainless Steel Compressed Air Gas Turbine Flowmeter 4-20Ma RS485 CO2 Pulse Output High Accuracy OEM Flange,US $180.00-$250.00,5.0/5.0,https://www.alibaba.com/product-detail/Industrial-Stainless-Steel-Compressed-Air-Gas_1601757511773.html
China Factory Hydro Turbine Generator 5000W-40KW 220v Mini Water Powered Generator Turbine Water Electric Generator,US $930.00-$989.00,4.6/5.0 (70),https://www.alibaba.com/product-detail/China-factory-hydro-turbine-generator-5000W_1601041836202.html
High Efficiency Small Water Power Generator Mini Water Wheel Hydro Turbine Generator for Electric Furnace,US $205.00-$245.00,4.5/5.0 (15),https://www.alibaba.com/product-detail/High-Efficiency-Small-Water-Power-Generator_1600884112271.html
Residential Micro Hydro Generator 35kW Francis Turbine 380V/400V 95% Efficiency Price with Long Service Life,US $35250.00,4.8/5.0,https://www.alibaba.com/product-detail/Residential-Micro-Hydro-Generator-35kW-Hydraulic_1601570141386.html
50KW Francis Pelton Kaplan Turgo High Head Mini Micro Small Impulse Hydropower Water Turbine Generator,US $60000.00,N/A,https://www.alibaba.com/product-detail/50KW-Francis-Pelton-Kaplan-Turgo-High_1601460333756.html
Mini Micro Horizontal Propeller Kaplan Pelton Francis Customized Hydro Generator Water Turbine Equipment,US $10000.00-$15000.00,N/A,https://www.alibaba.com/product-detail/Mini-Micro-Horizontal-Propeller-Kaplan-Pelton_1601717741278.html
"China Small Water Turbines and Small Water Turbine Generators for Hydropower Plants: 200kW, 500kW, 1000kW",US $19999.00,N/A,https://www.alibaba.com/product-detail/High-Quality-Hot-Sale-Micro-Hydro_1601094168015.html
Renewable Industrial Standard Low Head Micro Hydro Turbine Generator 0.5MW-5MW 380V/400V ISO9001/CE/TUV Certified Hydropower,US $49800.00,4.8/5.0,https://www.alibaba.com/product-detail/Renewable-Industrial-Standard-Low-Head-Micro_1601630219628.html
High Quality Renewable Small Hydro Electric Francis Turbine 1 Megawatt 5MW Reversible Generator for Sale,US $72440.00-$99660.00,4.8/5.0,https://www.alibaba.com/product-detail/Renewable-High-Quality-Small-Hydro-Electric_1601567045704.html
Factory Price for Horizontal Run-of-river Hydroelectric Power Generation Equipment with CE Certification,US $23180.00-$23214.00,5.0/5.0,https://www.alibaba.com/product-detail/Factory-Price-for-Horizontal-Run-of_11000030377329.html
Micro Turbine Kaplan Turbine Generator Set,US $15999.00,N/A,https://www.alibaba.com/product-detail/Micro-Turbine-Kaplan-Turbine-Generator-Set_1601730984606.html
Micro Hydraulic Electric Plant 300kw Hydro Generator Electric 100kw Water Turbine,US $1380.00,N/A,https://www.alibaba.com/product-detail/Micro-Hydraulic-Electric-Plant-300kw-Hydro_1601215693602.html
Hydrogenerator/500kw Pelton Turbine/50mw Power Plant/Micro Hydro Power Plants/Alternative Energy Generators,US $20000.00,N/A,https://www.alibaba.com/product-detail/Hydrogenerator-500kw-Pelton-Turbine-50mw-Power_62532784885.html
Generator diesel Hydro Turbine Generator 500W-40KW 220v Micro Hydro Electric Generator,US $99.00-$199.00,4.5/5.0 (15),https://www.alibaba.com/product-detail/generator-diesel-hydro-turbine-generator-500W_1601096137112.html
Forster 5% Customized Micro 50kW 75kW 100kW 500kW 1MW Hydro Power Francis Turbine Generator Stainless Steel 25 Years Warranty,US $50550.00-$86610.00,4.8/5.0,https://www.alibaba.com/product-detail/5-off-Customized-Micro-50kW-75kW_1601611590989.html
High Quality Mini Low Head Small Micro Axial Turgo Reaction 450kw Hydro Water Francis Turbine Generator,US $60000.00,N/A,https://www.alibaba.com/product-detail/High-quality-mini-hydro-water-Francis_1600922643183.html
Horizontal Micro Mini Kaplan Axial Crossflow Customized Vertical Hydro Water Turbine Free Energy Generator,US $20000.00-$25000.00,N/A,https://www.alibaba.com/product-detail/Horizontal-Micro-Mini-Kaplan-Axial-Crossflow_1601717598843.html
Hot Selling 1kw 3kw 5kw Micro Hydro Water Turbine for Home Use Farm Power Generation,US $899.00,N/A,https://www.alibaba.com/product-detail/Hot-Selling-1kw-3kw-5kw-Micro_1601772575797.html
500KW 1000KW High Quality Small Hydro Power Plant Low Speed Water Powered Turbine Generator and Hydrogen Water,US $9000.00-$10000.00,N/A,https://www.alibaba.com/product-detail/500KW-1000KW-High-Quality-Small-Hydro_60729174111.html
2MW Francis Pelton Kaplan Turgo High Head Mini Micro Pelton Kaplan Impulse 100kw Hydro Water Turbine Generator,US $60000.00,N/A,https://www.alibaba.com/product-detail/2MW-Francis-Pelton-Kaplan-Turgo-High_1601459413722.html
Micro Francis Hydraulic Turbine Hydraulic Generator Hydro Power Plant,US $60000.00,N/A,https://www.alibaba.com/product-detail/Micro-Francis-Hydraulic-Turbine-Hydraulic-Generator_62135033495.html
10kw 20kw 30kw Radial Hydro Turbine Mini Hydro Power Plant,US $1999.00,N/A,https://www.alibaba.com/product-detail/High-Quality-Mini-Water-Turbine-Generators_1601288482946.html
Francis Equipment 1200kw 3200kw 5mw Hydro Power Turbine and Generator Micro Power Plant,US $23333.00,N/A,https://www.alibaba.com/product-detail/Francis-Equipment-1200kw-3200kw-5mw-Hydro_1601166886827.html
Factory Price of Single-jet Excitation Oblique-stroke Hydroelectric Generator with Generator,US $570.00-$600.00,5.0/5.0,https://www.alibaba.com/product-detail/Factory-Price-of-Single-jet-Excitation_11000030399525.html
Eco-friendly 20kVA Hydro Electric Turbine Mini Off-grid Water Power Generator Horizontal River Hydro Power Plant,US $16900.00-$29780.00,4.8/5.0,https://www.alibaba.com/product-detail/Eco-friendly-Small-Horizontal-River-Off_1601545846329.html
Factory Wholesale Price River Mini Hydro Generator Hydraulic Micro Water Turbine Generator,US $1799.00-$2399.00,N/A,https://www.alibaba.com/product-detail/Hydro-Turbine-Generator-Hydroelectric-Power-Francis_1601665755266.html
Micro Hydro Turbines for Sale/mini Hydro Power 300kw 500kw Francis Turbine/francis Water Turbine Runner for Hydroelectricity,US $20000.00-$23000.00,N/A,https://www.alibaba.com/product-detail/Micro-Hydro-Turbines-for-Sale-mini_62571844844.html
Micro Small Mini 100kw High Head Francis Hydro Turbine Power Free Energy Generator,US $10000.00-$15000.00,N/A,https://www.alibaba.com/product-detail/Micro-Small-Mini-100kw-High-Head_1601719472412.html
Forster 5% Micro Hydro Power Generator 100kW 500kW 500kVA Stainless Steel Hydro Turbine 380V/400V 50/60Hz 25-Year Warranty,US $65740.00-$119350.00,4.8/5.0,https://www.alibaba.com/product-detail/5-off-Micro-Hydro-Power-Generator_1601607274838.html
High-quality 20kW 30kW and 40kW Micro Hydro Turbine Generator Sets for Sale Reliable Power,US $19999.00,N/A,https://www.alibaba.com/product-detail/Modern-Agricultural-Water-Turbine-Driving-Agricultural_1601275371010.html
China Price Hydro Turbine Generator for Small Hydro Power Plant,US $100000.00-$1000000.00,N/A,https://www.alibaba.com/product-detail/China-Price-Hydro-Turbine-Generator-for_60777977184.html
Hydroelectric Generating Hydropower Plant 5kw Small Water Turbine Generators 1kw,US $1400.00-$1549.00,4.6/5.0 (70),https://www.alibaba.com/product-detail/hydroelectric-generating-hydropower-plant-5kw-small_1600546666955.html
Free Energy 3000w Mini Hydro 3000w River Turbine Generator 3000va Hydro Power Generator Water,US $499.00-$506.00,4.5/5.0 (15),https://www.alibaba.com/product-detail/free-energy-3000w-mini-hydro-3000w_1601365158857.html
Hydro Power Generator Micro Impulse Type Pelton Turbine Generating Equipments,US $60000.00,N/A,https://www.alibaba.com/product-detail/Hydro-power-generator-Micro-Impulse-type_1600987827673.html
8kw Micro Hydro Turgo Turbine Generator,US $1899.00,N/A,https://www.alibaba.com/product-detail/8kw-Micro-Hydro-Turgo-Turbine-Generator_1601228500298.html
New turbine products 2025 Micro Turbine 1200kw Pelton Hydro Generator Power Station Wheel hydroturbine generator,US $1000.00-$20000.00,N/A,https://www.alibaba.com/product-detail/Micro-Turbine-1200kw-Pelton-Hydro-Generator_1600896027422.html
1.5kw3kw Low Head Micro Hydro Water Turbine Generator Hydroelectric Magnet 15kw Full Copper Core Single Phase Generator,US $404.00-$478.00,4.6/5.0 (70),https://www.alibaba.com/product-detail/1-5kw3kw-Low-Head-Micro-Hydro_1601536841277.html
FORSTER XJ1 3-W-20 220V 50Hz Small Micro Hydroelectric Pelton Turbo Generator 1000W 5000W 5kW Radial Stainless Steel,US $5500.00,4.8/5.0,https://www.alibaba.com/product-detail/220V-50Hz-Small-Micro-Hydroelectric-Turbo_11000023021056.html
Mini Hydro Electric Water Power Turbine Flow Generator Francis Pelton 20kw 500kw Low Head Hydropower,US $60000.00,N/A,https://www.alibaba.com/product-detail/Mini-Hydro-Electric-Water-Power-Turbine_1601560591085.html
STABLEPOWER 500kW Eco-Friendly Small Mini Hydro Generator Water Turbine 220V Output 1-Year Warranty,US $2899.00-$5399.00,N/A,https://www.alibaba.com/product-detail/STABLEPOWER-500kW-Eco-Friendly-Small-Mini_1601733140767.html
50kw Off Grid Mini Micro Hydrogen Powered Electricity Generator Francis Pelton Kaplan Turgo Axial Water Low Head,US $899.00,N/A,https://www.alibaba.com/product-detail/50kw-Off-Grid-Mini-Micro-Hydrogen_1601756604832.html
50KW Francis Pelton Kaplan Turgo Axial High Head Mini Micro Impulse 100KW Hydropower Water Turbine Generator,US $60000.00,N/A,https://www.alibaba.com/product-detail/50KW-Francis-Pelton-Kaplan-Turgo-Axial_1601460368326.html
Hot Sale 800w 1kw 3kw Water Turbine Generator Hydroelectric Generator Micro Water Turbine,US $219.00-$259.00,4.6/5.0 (70),https://www.alibaba.com/product-detail/Hot-Sale-800w-1kw-3kw-water_1600562027936.html
Micro Hydro Water Pelton Turbina Generator 200kw High Head Small Mini Crossflow Propeller Reaction 300kw,US $60000.00,N/A,https://www.alibaba.com/product-detail/Micro-hydro-water-pelton-turbina-generator_1600914149407.html
50kw Micro Generator Hydro Turbine Micro Pelton Turbine Generator,US $19999.00,N/A,https://www.alibaba.com/product-detail/Hydro-Water-Turbine-Hydraulic-Electric-Generator_1601052915246.html
Customizable Hydro-turbine Generator Sets High-efficiency Generator Sets Renewable Energy Hydropower,US $2180.00-$2228.00,5.0/5.0,https://www.alibaba.com/product-detail/Customizable-Hydro-turbine-Generator-Sets-High_1601635151021.html
Micro tubular hydro turbine generator 500KW 400V-10KV,US $60000.00,N/A,https://www.alibaba.com/product-detail/Micro-tubular-hydro-turbine-generator-500KW_1601664741811.html
1kW-30kW Micro Water Turbine Hydraulic Turbine River Hydro Generator,US $1250.00-$1380.00,N/A,https://www.alibaba.com/product-detail/1kW-30kW-Micro-Water-Turbine-Hydraulic_1601605678796.html
2023 Sells 800w 1000w Small Hydro Power Generator Micro Hydro Generator Water Turbine Generators,US $1400.00-$1549.00,4.6/5.0 (70),https://www.alibaba.com/product-detail/2023-sells-800w-1000w-small-hydro_1600530590224.html
Small Micro Low Rpm 100kW 200kW 250kW 5MW Hydraulic Water Hydro Power Francis Turbine Price for Hydroelectric Power Plant,US $56800.00,4.8/5.0,https://www.alibaba.com/product-detail/Small-Micro-Low-rpm-100kw-200kW_62574919484.html
Water Turbine Turbine Hydroelectrique Generator 5kw 10kw 20kw 500w Micro Hydro Generator Water,US $100.00-$1000.00,4.6/5.0 (70),https://www.alibaba.com/product-detail/Water-Turbine-turbine-hydroelectrique-generator-5kw_1601162292187.html
Mini Micro Hydro Generator Free Energy Water Turbine 700kW-13000kW Hydroelectric Power Plant,US $89600.00,4.8/5.0,https://www.alibaba.com/product-detail/Free-Energy-Mini-Micro-Hydro-Generator_11000020735873.html
Micro Mini High Low Head Francis Turgo Pelton Water Turbine Free Energy Generator,US $10000.00-$15000.00,N/A,https://www.alibaba.com/product-detail/Micro-Mini-High-Low-Head-Francis_1601730980583.html
Mini Hydro Generator Water Energy Free 3kw 5kw 7kw 10kw 20kw 30kw Hydraulic Micro Turbines Hydropower Plant,US $5000.00-$9999.00,N/A,https://www.alibaba.com/product-detail/50-kw-hydro-power-parts-of_1601287046483.html
China Factory Hydro Turbine Generator 500W-40KW 220v Mini Water Powered Generator Turbine Water Electric Generator,US $226.00-$1036.00,4.6/5.0 (70),https://www.alibaba.com/product-detail/China-factory-hydro-turbine-generator-500W_1600284147210.html
10kw Hydro Power Generator Water Turbine 500w-50kw Factory Price Small Water Turbine Mini Hydroelectric Generator Hydroelectric,US $195.00-$268.00,4.5/5.0 (15),https://www.alibaba.com/product-detail/10kw-hydro-power-generator-water-turbine_1601185100556.html
Kaplan Turbine Hydroelectric Generator Low Flow Rate Micro Kaplan Hydro Electric for Renewable Energy Tube Type,US $24824.00,4.8/5.0,https://www.alibaba.com/product-detail/Kaplan-Turbine-Hydroelectric-Generator-Low-Flow_11000023295667.html
Mini Small Hydro Electric Water Power Turbine Flow Generator Francis Pelton High Head Hydropower,US $60000.00,N/A,https://www.alibaba.com/product-detail/Mini-Small-Hydro-Electric-Water-Power_1601588595467.html
Stable Power Water Powered Mini Hydro Turbine 3kw,US $4830.00-$4850.00,N/A,https://www.alibaba.com/product-detail/Stable-Power-Water-Powered-Mini-Hydro_1601678813225.html
Water Turbine Generator Low Head Low Flow Water Turbine Fransic 20kw Micro Hydro Generator Water 20 kw,US $1369.00-$3125.00,N/A,https://www.alibaba.com/product-detail/Water-Turbine-Generator-Low-Head-Low_1601684548162.html
Hydraulic Water Generator Micro Pelton Turbine,US $60000.00,N/A,https://www.alibaba.com/product-detail/Hydraulic-water-generator-micro-pelton-turbine_1601168406967.html
500KW Small Inclined-Jet Turbine Mini Water Turbine and Water Turbine Generator Mini Hydro Generator,US $20000.00-$25000.00,N/A,https://www.alibaba.com/product-detail/500KW-Small-Inclined-Jet-Turbine-Mini_60731945833.html
Kaplan Turbine Hydro Generator Low Speed Micro Hydro Turbine,US $1999.00,N/A,https://www.alibaba.com/product-detail/Small-Hydro-Power-Generator-220v-5kw_1601059053111.html
Water Turbine Generators Mini Hydro Generator 10kw Hydraulic Turbine Automatic Voltage Regulator Leakage protection,US $3479.00-$3599.00,4.6/5.0 (70),https://www.alibaba.com/product-detail/Water-Turbine-Generators-Mini-Hydro-Generator_1600448407692.html
Hydroelectric Power Plant Micro Tubular Turbine 100kW 200kW 500Kva 500kW 92% Efficiency 380V/400V Forster Brand,US $44750.00-$98130.00,4.8/5.0,https://www.alibaba.com/product-detail/Hydroelectric-Power-Plant-Hydraulic-Power-Water_1601581598869.html
min /macro Hydropower Generator Water Turbine,US $60000.00,N/A,https://www.alibaba.com/product-detail/min-macro-hydropower-generator-water-turbine_1600488005552.html
Micro 500kw High Head Mini Turgo Francis Pelton Water Turbine Hydro Generator Equipment,US $10000.00-$15000.00,N/A,https://www.alibaba.com/product-detail/Micro-500kw-High-Head-Mini-Turgo_1601737652398.html
Mini Turbine Turgo Hydro Water Turbine Generator Turbine for Sale 300kw 500kw 1mw,US $20000.00-$50000.00,N/A,https://www.alibaba.com/product-detail/Mini-Turbine-Turgo-Hydro-Water-Turbine_1600832277494.html
Wholesale 1kW 1.5kW 2kW 3kW 5kW 10kW Water Turbine for Mini Hydro Power Plant,US $899.00,N/A,https://www.alibaba.com/product-detail/Wholesale-1kW-1-5kW-2kW-3kW_1601772547868.html
China Factory 220V 1000W 2000w Micro Hydro Water Turbine Generator Hydroelectric Magnet Full Copper Core Single Phase Generator,US $480.00-$510.00,4.6/5.0 (70),https://www.alibaba.com/product-detail/china-factory-220V-1000W-2000w-Micro_1600449623724.html
Turbine Hidroelectric Water Turbina Generator Micro Small Hydro Power Low Rpm Kaplan Turbine 100kw 200kw,US $60000.00,N/A,https://www.alibaba.com/product-detail/Turbina-hidrulica-water-turbina-generator-micro_1600922135698.html
100kw High Efficiency Mini Micro High Head Hydro Generator Free Energy Water Turbine,US $25000.00-$30000.00,N/A,https://www.alibaba.com/product-detail/100kw-High-Efficiency-Mini-Micro-High_1601733971093.html
Micro Hydro Turbine Plant 1KW-50KW Eco-Friendly Water Powered Generator with Motor & Pump,US $4830.00-$4850.00,N/A,https://www.alibaba.com/product-detail/Micro-Hydro-Turbine-Plant-1KW-50KW_1601679022179.html
Hydro Generator Mini Turbina Electrica Para O Rio Micro Hydro Generator Water 50kw 100kw Turbine Water 10kw Generator,US $1250.00-$1380.00,N/A,https://www.alibaba.com/product-detail/hydro-generator-mini-turbina-electrica-para_1601317156482.html
50KW to 500w Water Power Generator Mini Hydro Turbine,US $219.00-$259.00,4.6/5.0 (70),https://www.alibaba.com/product-detail/50KW-to-500w-water-power-generator_1600883564639.html
500KW Micro Francis Electric Water Turbine for Hydropower Renewable Energy Solution,US $68200.00-$86200.00,4.8/5.0,https://www.alibaba.com/product-detail/Micro-Francis-Hydroelectric-Electric-500KW-Water_60522306437.html
100 kW Pelton Turbine Micro Hydro Generator for Renewable Energy for Hydroelectric Power Plants,US $60000.00,N/A,https://www.alibaba.com/product-detail/100-kW-Pelton-Turbine-Micro-Hydro_1601469440365.html
Stable Power Mini Hydro Turbine Turgo Turbine with PLC Motor & Pump-Eco-Friendly 220V Water System,US $4830.00-$4850.00,N/A,https://www.alibaba.com/product-detail/Stable-Power-Mini-Hydro-Turbine-Turgo_1601678874106.html
Double Nozzle Turgo Turbine 30kW Micro Hydropower Generator OEM Custom Design,US $899.00,N/A,https://www.alibaba.com/product-detail/Double-Nozzle-Turgo-Turbine-30kW-Micro_1601784497028.html
1000 kw Water Turbine Generator and 1 Mw Kaplan Hydro Generator/hydraulic Turbine Kaplan,US $20000.00-$25000.00,N/A,https://www.alibaba.com/product-detail/1000-kw-water-turbine-generator-and_1600097082727.html
Discount 600w 800w 1000w Small Water Turbine Hydroelectric Generator Water Turbine Generator,US $2580.00-$3500.00,4.6/5.0 (70),https://www.alibaba.com/product-detail/Discount-600w-800w-1000w-small-water_1601197917270.html
China Factory's Mini Water Turbine 500W/110V/220V Hydro Generator Free Energy 600W/800W/1000W 500w 110v 220v,US $216.00-$225.00,4.5/5.0 (15),https://www.alibaba.com/product-detail/China-Factory-s-Mini-Water-Turbine_1601735003530.html
Mini Small Hydro Electric Water Power Turbine Flow Generator Francis Pelton 20kw 500kw High Head Hydropower,US $60000.00,N/A,https://www.alibaba.com/product-detail/Mini-Small-Hydro-Electric-Water-Power_1601572130641.html
High Quality Mini Power Plant Hydro Turbine Francis,US $60000.00,N/A,https://www.alibaba.com/product-detail/High-quality-mini-power-plant-hydro_1600920829919.html
Stable Power High Quality and High Cost-effectiveness Micro Hydro Generator Water Turbine 20 kw 3 Phase,US $3700.00-$4500.00,N/A,https://www.alibaba.com/product-detail/Stable-Power-High-Quality-and-High_1601677228433.html
Mini Hydro Generator Water Energy Free 250kw Hydraulic Micro Turbines Hydropower Plant,US $19999.00,N/A,https://www.alibaba.com/product-detail/Low-Head-1-3m-220v-500w_1601092836051.html
50kW 200kW Micro-sized Small Hydro-generator Francis Pelton Kaplan Turgo Axial-flow Turbine Low Head,US $1250.00-$1380.00,N/A,https://www.alibaba.com/product-detail/50kW-200kW-Micro-sized-Small-Hydro_1601616390358.html
Engine Steam 750kw Micro Water Pipe Generator Kaplan Hydro Turbine,US $22000.00-$30000.00,N/A,https://www.alibaba.com/product-detail/Engine-Steam-750kw-Micro-Water-Pipe_1600322692694.html
Pelton Hydro Turbine Customized Micro Hydro Turbine Generator 50KW-150KW Eco-Friendly Plant Use Motor & Pump,US $109999.00-$110000.00,N/A,https://www.alibaba.com/product-detail/Pelton-Hydro-Turbine-Customized-Micro-Hydro_1601667141966.html
Micro Hydro Electric Water Turbine Generator with Pump Eco-Friendly 220V Hydro Power Electricity Generator by Stable Power,US $4830.00-$4850.00,N/A,https://www.alibaba.com/product-detail/Micro-Hydro-Electric-Water-Turbine-Generator_1601678936672.html
50KW Francis Pelton Kaplan Axial Turgo High Head Mini Micro Impulse Hydropower Water Turbine Generator,US $60000.00,N/A,https://www.alibaba.com/product-detail/50KW-Francis-Pelton-Kaplan-Axial-Turgo_1601460419075.html
Stable Power 10kW Turbine Hydrolectrique Turgo Hydro Turbine Mini Hydro Power Plant Fuelless 220V Energy Saving Generator,US $6000.00-$7000.00,N/A,https://www.alibaba.com/product-detail/Stable-Power-10kW-Turbine-Hydrolectrique-Turgo_1601763391195.html
Water Turbine Generators Hydro Electric Generators China Factory 220V 500W CE Electricity Generation Synchronous,US $129.00-$239.00,4.3/5.0 (108),https://www.alibaba.com/product-detail/Water-Turbine-Generators-Hydro-Electric-Generators_1600898927977.html
Micro Hydro Generator with Pelton Wheel Small Water Pelton Turbine Wheel,US $1500.00-$3600.00,N/A,https://www.alibaba.com/product-detail/Micro-Hydro-Generator-with-Pelton-Wheel_60769918528.html
Micro Water Francis Hydro Generator with Engine Eco-Friendly for Power Plant Energy & Mineral Equipment,US $2499.00-$4499.00,N/A,https://www.alibaba.com/product-detail/Micro-Water-Francis-Hydraulic-Small-Turbine_1601664911660.html
Hot Sale Hydro Turbine Generator 500W-40KW 220v Mini Water Powered Generator Turbine Water Electric Generator,US $219.00-$259.00,4.6/5.0 (70),https://www.alibaba.com/product-detail/hot-sale-hydro-turbine-generator-500W_1600732192062.html
Hydropower Generator Water Turbine Low Head Small Micro Axial Turgo Reaction Kaplan 1MW Water Flow,US $60000.00,N/A,https://www.alibaba.com/product-detail/min-macro-hydropower-generator-water-turbine_1600478552359.html
STABLEPOWER Eco-Friendly 15kw Hydro Turbine 220V Output 1-Year Warranty,US $2899.00-$5399.00,N/A,https://www.alibaba.com/product-detail/STABLEPOWER-Eco-Friendly-15kw-Hydro-Turbine_1601733177644.html
Customized 100kw-500kw Turgo Hydro Turbine with Synchronous Technology Hydro Generator,US $3000.00-$10000.00,N/A,https://www.alibaba.com/product-detail/100kw-500kw-Turgo-Hydro-Turbine-with_62404138008.html
China Factory 5kw Micro Hydro Water Turbine Generator Hydroelectric Magnet Full Copper Core Single Phase Generator,US $930.00-$989.00,4.6/5.0 (70),https://www.alibaba.com/product-detail/china-factory-5kw-Micro-Hydro-Water_1600974068511.html
100kw Vertical River Hydro Micro Kaplan Turbine Generator,US $60000.00,N/A,https://www.alibaba.com/product-detail/100kw-vertical-river-hydro-micro-kaplan_1600938334969.html
Micro Axial Turbine/Banki Turbina 250 KW,US $20000.00,N/A,https://www.alibaba.com/product-detail/Micro-Axial-Turbine-Banki-Turbina-250_62503073436.html
STABLEPOWER Water Hydro Turbine Francis Price Prix,US $2899.00-$5399.00,N/A,https://www.alibaba.com/product-detail/STABLEPOWER-Water-Hydro-Turbine-Francis-Price_1601733862958.html
Micro Water Flow Pump Turbine Screw Hydro Generator,US $60000.00,N/A,https://www.alibaba.com/product-detail/Micro-water-flow-pump-turbine-screw_1600636038765.html
Micro Hydro Generator Water Turbine Flywheel Generator Free Energy Hydro Turbinerecallkeywordhydro Power Plant,US $1399.00,N/A,https://www.alibaba.com/product-detail/Micro-Hydro-Generator-Water-Turbine-Flywheel_1601691282870.html
STABLEPOWER Eco-Friendly Hydro Power Generator Water Turbine 220V Output 1-Year Warranty,US $2899.00-$5399.00,N/A,https://www.alibaba.com/product-detail/STABLEPOWER-Eco-Friendly-Hydro-Power-Generator_1601733225243.html
High-volume Dual-jet Excitation Impulse Hydroelectric Generator Factory Price Renewable Energy Power Generation,US $4350.00-$4457.00,5.0/5.0,https://www.alibaba.com/product-detail/High-volume-Dual-jet-Excitation-Impulse_11000030274711.html
High Quality Hot Sale Micro 20kw 30kw Power Hydro Generator Electrical Water Turbine,US $930.00-$989.00,4.6/5.0 (70),https://www.alibaba.com/product-detail/High-Quality-Hot-Sale-Micro-20kw_1600997498620.html
Hydro Turbine Generator 100-400KW Small Hydropower Generator Set High Efficiency Water Turbine Power System Plant,US $65500.00,4.8/5.0,https://www.alibaba.com/product-detail/Hydro-Turbine-Generator-150kVA-Small-Hydropower_1601761929527.html
Micro Hydro Generator Hydroelectric 50 kW 60 kW 100 kW AC Synchronous Turbine Generator Hydroelectric Power,US $1000.00,N/A,https://www.alibaba.com/product-detail/Micro-Hydro-Generator-Hydroelectric-50-kW_1601727999034.html
Affordable 30kW Micro Water Turbine Generator for Off Grid Rural Electrification,US $899.00,N/A,https://www.alibaba.com/product-detail/Affordable-30kW-Micro-Water-Turbine-Generator_1601784323871.html
DSSD Customized 1 MW/500kW Hydro Francis Turbine Generator (China),US $15000.00-$16000.00,N/A,https://www.alibaba.com/product-detail/1-mw-Francis-Turbine-500kw-Francis_62435064552.html
STABLEPOWER 500kW Eco-Friendly Hydro Turbine Generator 220V Output 1-Year Warranty,US $2899.00-$5399.00,N/A,https://www.alibaba.com/product-detail/STABLEPOWER-500kW-Eco-Friendly-Hydro-Turbine_1601733227115.html
Diy Free Energy Hydroelectric Generator Low Head 5kW 10kW 20kW Micro Hydro Water Turbine Electric Generator Renewable Energy,US $19800.00,4.8/5.0,https://www.alibaba.com/product-detail/Low-Head-Diy-Free-Energy-Hydroelectric_1601545265037.html
Free Energy 15kw 220v 380v Hydro Turbine 15000w 5000w Water Turbine 5kw Hot Sale Hydro Generator 20kw 30kw 50kw,US $996.00-$3302.00,4.6/5.0 (70),https://www.alibaba.com/product-detail/Free-Energy-15kw-220v-380v-Hydro_1601488890952.html
Water Turbine for Home Low Head Low Flow Water Turbine 20kw Micro Hydro Generator Water Turbine 20 kw Turgo Water,US $1369.00-$3125.00,N/A,https://www.alibaba.com/product-detail/Water-Turbine-for-Home-Low-Head_1601685969199.html
50kw Mini Small Francis Pelton Kaplan Turgo Kaplan Axial Hydro Power Water Turbine,US $60000.00,N/A,https://www.alibaba.com/product-detail/50kw-Mini-Small-Francis-Pelton-Kaplan_1601460360435.html
Hydroelectric Generator 500w 1000w 1kw River Hydroelectric Green Power Hydroelectric Turbine Generator,US $199.00-$280.00,4.6/5.0 (70),https://www.alibaba.com/product-detail/Hydroelectric-Generator-500w-River-Hydroelectric-Green_1601463263202.html
50kW-100kW Mini Cross Flow Turbine / Micro Banki Turbine for Sale,US $1899.00,N/A,https://www.alibaba.com/product-detail/50kW-100kW-Mini-Cross-Flow-Turbine_1601232941054.html
Solar Inverters Hydro Turbine Generator 500W-40KW 220v Micro Hydro Electric Generator,US $99.00-$199.00,4.5/5.0 (15),https://www.alibaba.com/product-detail/solar-inverters-hydro-turbine-generator-500W_1601095993370.html
High Quality Micro Hydro Generator 10kW 15kW 20kW Customized Hydro Power Hot Sale Electrical Water,US $12500.00-$22960.00,4.8/5.0,https://www.alibaba.com/product-detail/High-Quality-Hot-Sale-Micro-20kw_1601406260647.html
Micro Hydro Water Flow Generator 150kw Hydro Turbine Generator Hydro Electric Generator Water Power 250kw,US $60000.00,N/A,https://www.alibaba.com/product-detail/Micro-Hydro-Water-Flow-Generator-150kw_1601683965175.html
Free Energy 15kw 220v 380v Hydro Turbine 15000w 5000w Water Turbine 5kw Hot Sale Hydro Generator 20kw 30kw 50kw,US $990.00-$3837.00,4.6/5.0 (70),https://www.alibaba.com/product-detail/Free-Energy-15kw-220v-380v-Hydro_1601487278589.html
Offgrid Micro 500 kw Water Turbine Hydro Generator,US $5000.00-$8000.00,N/A,https://www.alibaba.com/product-detail/Offgrid-micro-500-kw-water-turbine_1601168425807.html
Micro Hydro Water Generator Turbine Jet,US $60000.00,N/A,https://www.alibaba.com/product-detail/Micro-Hydro-Water-Generator-Turbine-Jet_1601127942403.html
Alternators of Electric Power Water Turbine Micro Turbina 100kw,US $60000.00,N/A,https://www.alibaba.com/product-detail/Alternators-of-electric-power-water-turbine_1600117502594.html
Mini High Head Small Micro Axial Propeller Reaction 700kw 800kw Hydro Generator Set Hydro Turbine Pelton,US $60000.00,N/A,https://www.alibaba.com/product-detail/Mini-hidro-generator-set-hydro-turbina_1600936486200.html
1kw Factory Price Small Water Turbine Mini Hydroelectric Generator Hydroelectric Generator,US $359.00-$429.00,4.6/5.0 (70),https://www.alibaba.com/product-detail/1kw-Factory-price-small-water-turbine_1600872938186.html
Good Selling 1kw 800w 500w Water Turbine Hydroelectric Generator Turbine Water Generator 220v Single Phase,US $230.00-$295.00,4.6/5.0 (70),https://www.alibaba.com/product-detail/Good-Selling-1kw-800w-500w-Water_1601636282106.html
800w 1kw 2kw 5kw 10kw Hydraulic Turbine High Quality Water Turbine Generators Mini Hydro Generator,US $219.00-$259.00,4.6/5.0 (70),https://www.alibaba.com/product-detail/800w-10kw-Hydraulic-Turbine-High-Quality_1601463407897.html
Hydro Turbine Generator 10kw Mini Water Generator Turbine,US $750.00-$1580.00,4.6/5.0 (70),https://www.alibaba.com/product-detail/hydro-turbine-generator-10kw-mini-water_1601004716831.html
800w-10kw Hydraulic Turbine High Quality Water Turbine Generators Mini Hydro Generator,US $219.00-$259.00,4.6/5.0 (70),https://www.alibaba.com/product-detail/800w-10kw-Hydraulic-Turbine-High-quality_1601172604016.html
Good Price Mini 3kw 5kw 8kw 10kw Hydro Power Water Turbine Hydroelectric Generator,US $195.00-$268.00,4.5/5.0 (15),https://www.alibaba.com/product-detail/Good-price-mini-3kw-5kw-8kw_1601114726081.html
Renewable 100kW-150kW Micro Low Head Hydroelectric Turbine Generator Complete System,US $45740.00-$63900.00,4.8/5.0,https://www.alibaba.com/product-detail/Renewable-Micro-Low-Head-Hydroelectric-Generator_1601560560491.html
Hot Sale Residential Use 500w River Turbine Generator Mini Hydro Generator Home Use Factory Price Hydraulic 800w 1000w,US $220.00-$299.00,4.5/5.0 (15),https://www.alibaba.com/product-detail/hot-sale-residential-use-500w-river_1601323325974.html
Cheap Hydroelectric Generator Water Turbine Generator 8kw 10kw 5kw Small Water Turbine,US $2199.00-$2549.00,4.5/5.0 (15),https://www.alibaba.com/product-detail/Cheap-hydroelectric-generator-water-turbine-generator_1600488266640.html
Micro Hydro Power 50kw 100kw 200kw 300kw 400kw Pelton Turbine for Micro Hydro Power Plant,US $62800.00-$76800.00,4.8/5.0,https://www.alibaba.com/product-detail/Micro-Hydro-Power-50kw-100kw-200kw_62218145438.html
China Hydroelectric Micro Axial Flow Horizontal Kaplan Water Turbine Hydro Generator for Hydropower Plant Kaplan Generator,US $93860.00,4.8/5.0,https://www.alibaba.com/product-detail/China-Hydroelectric-Micro-Axial-Flow-Horizontal_1601563145010.html
Micro 500kw Hydropower Turbina Price Hydroelectric Pelton Water Turbine,US $95500.00,4.8/5.0,https://www.alibaba.com/product-detail/Micro-500kw-Hydropower-Turbina-Price-Hydroelectric_60484793960.html
High Quality Mini Water Turbine Generators 500w Water Turbine Energy Generators Hydro Turbines 500w 1000w 2000w 3000w 4000w 5000,US $205.00-$245.00,4.5/5.0 (15),https://www.alibaba.com/product-detail/High-quality-mini-water-turbine-generators_1600918080619.html
Hydro Power Generator Water Turbine 500w-50kw Factory Price 5kw Small Water Turbine Mini Hydroelectric Generator Hydroelectric,US $195.00-$268.00,4.5/5.0 (15),https://www.alibaba.com/product-detail/Hydro-Power-Generator-Water-Turbine-500w_1601138388292.html
Forster HL1 10-WJ-50 Low Speed Micro Hydro Power Francis Turbine Permanent Magnet Generator 84.5kW 380V/400V 50-60Hz,US $36600.00,4.8/5.0,https://www.alibaba.com/product-detail/China-Factory-Low-Speed-Micro-Hydro_60185978641.html
5kw Water Turbine Generators Mini Hydro Generator 5000w 220v Single Phase Hydraulic Turbine,US $1499.00-$1849.00,4.5/5.0 (15),https://www.alibaba.com/product-detail/5kw-Water-Turbine-Generators-Mini-Hydro_1601008579159.html
100kW Kaplan Turbine Mini Micro Hydro Generator with Automatic Control 50/60Hz 89% Efficiency 400V,US $58800.00,4.8/5.0,https://www.alibaba.com/product-detail/100kW-Hydroelectric-Water-Power-Turbine-Mini_1600902626967.html
20kw Hydro Power Generator Water Turbine 500w-50kw Factory Price Small Water Turbine Mini Hydroelectric Generator Hydroelectric,US $195.00-$268.00,4.5/5.0 (15),https://www.alibaba.com/product-detail/20kw-hydro-power-generator-water-turbine_1601175028369.html
600w Mini Hydroelectric Turbine Generator Customize 20kw Water Turbine Hydroelectric Generator 10kw,US $220.00-$274.00,4.5/5.0 (15),https://www.alibaba.com/product-detail/600w-mini-hydroelectric-turbine-generator-customize_1600546855048.html
Hydro Turbine Generator 10kw Mini Water Generator Turbine 500w Gas Generator Solar Inverters,US $205.00-$245.00,4.5/5.0 (15),https://www.alibaba.com/product-detail/hydro-turbine-generator-10kw-mini-water_1601094194264.html
Good Price Mini 500w to 50kw Hydro Power Water Turbine Hydroelectric Generator,US $195.00-$268.00,4.5/5.0 (15),https://www.alibaba.com/product-detail/Good-price-mini-500w-to-50kw_1601150016665.html
River and Streams Water Use Mini Size Turbine 10KW 8KW 800w Hydroelectric Water Turbine Generators 15kw 25kw,US $205.00-$245.00,4.5/5.0 (15),https://www.alibaba.com/product-detail/River-and-Streams-Water-Use-Mini_1601112746074.html
Micro Mini Household Power Hydro Generator Free Permanent Magnet Energy 10KVA to 20kW Water Turbine with Competitive Price,US $14580.00-$29800.00,4.8/5.0,https://www.alibaba.com/product-detail/Micro-Mini-Free-Permanent-Magnet-Energy_11000025679776.html
China Factory Hydraulic Turbine 600w Three Phase Water Powered Generators Home Use Mini Hydro Generator,US $220.00-$295.00,4.5/5.0 (15),https://www.alibaba.com/product-detail/China-Factory-Hydraulic-Turbine-600w-three_1600409010560.html
High Quality 1000kW High Head Turbulent Hydro Power Turbine Small Mini Water Turbine with 400V/6300V Voltage 50/60Hz Frequency,US $46800.00,4.8/5.0,https://www.alibaba.com/product-detail/High-Quality-Turbulent-Hydro-Power-Turbine_1600270739505.html
Forster Eco-friendly 1.5MW Pelton Hydro Turbine Generator for Micro Hydro Power Plants 92%-96% Efficiency ISO9001/CE/TUV,US $43030.00-$228000.00,4.8/5.0,https://www.alibaba.com/product-detail/Eco-friendly-1-Megawatt-Hydro-Generator_1601607181464.html
Forster Automatic 200kW 300kW Hydraulic Micro River Francis Turbine Generator 400V/6300V 50/60Hz On-grid Long Service Life,US $43620.00-$159720.00,4.8/5.0,https://www.alibaba.com/product-detail/Automatic-200kW-300kW-Hydraulic-Micro-River_1601536461083.html
Small Generator Solar Inverters Hydro Turbine Generator 500W-40KW 220v Micro Hydro Electric Generator,US $99.00-$199.00,4.5/5.0 (15),https://www.alibaba.com/product-detail/small-generator-solar-inverters-hydro-turbine_1601102562082.html
Automatic Control Small River Kaplan Turbine Hydro Power Plant 4m Head 3.2m/s Flow Rate Micro Mini Water Generator,US $48800.00,4.8/5.0,https://www.alibaba.com/product-detail/Small-River-Micro-Mini-Hydro-Power_1600693571205.html
High Head Mini Micro Pelton Axial Impulse 10MW Hydropower Water Turbine Generator,US $10000.00-$30000.00,N/A,https://www.alibaba.com/product-detail/Restaurant-domestic-mini-cold-oil-press_1600584855443.html
"1MW Alternator Renewable Energy Flywheel Hydro Generator, Micro Hydro Turbine and Generator",US $1000.00,N/A,https://www.alibaba.com/product-detail/1mw-alternator-hydro-low-head-water_1600938384760.html
Free Energy Water Turbine 220V 500W Micro Hydro Generator Electric Magnet Full Copper Core Single Phase Generator,US $195.00-$268.00,4.5/5.0 (15),https://www.alibaba.com/product-detail/Free-energy-Water-Turbine-220V-500W_1600426935501.html
150kw Micro Hydro Electric Water Power Turbine Flow Generator,US $60000.00,N/A,https://www.alibaba.com/product-detail/150kw-micro-hydro-electric-water-power_1600439677230.html
High Head Small Mini Crossflow Propeller Reaction 400kw Hydro Water Flow Turbine,US $60000.00,N/A,https://www.alibaba.com/product-detail/High-Head-Small-Mini-Crossflow-Propeller_1601563636590.html
FORSTER Automatic Magnetic Motor Hydroelectric Generator 15kW/25kW/40kW Pelton Wheel Water Energy Generator,US $13420.00-$51970.00,4.8/5.0,https://www.alibaba.com/product-detail/Automatic-Magnetic-Motor-Hydroelectric-Generator-15kW_1601612842975.html
50kw 200kw Mini Small Francis Pelton Kaplan Turgo Off-grid Micro Kaplan Hydro Power Water Turbine for Sale,US $60000.00,N/A,https://www.alibaba.com/product-detail/50kw-200kw-Mini-Small-Francis-Pelton_1601459506086.html
Small Mini Hydroelectric Generator 15kW 30kW 40kW 50kW Hydro Water Turbine Generator for Micro Hydro Power Plant,US $3000.00,N/A,https://www.alibaba.com/product-detail/Small-Mini-Hydroelectric-Generator-15kW-30kW_1601225702988.html
Small Hydro Power Plant / Mini Hydro Power Hydro Turbine Alternator Hydraulic Turbine Generator,US $11000.00-$13000.00,N/A,https://www.alibaba.com/product-detail/Small-Hydro-Power-Plant-Mini-Hydro_60735866122.html
High Quality Forster HL110-WJ-20 Mini Francis Hydroelectric Turbine 10kW 400V China Hydro Power Generator for Small Plants,US $17840.00-$39780.00,4.8/5.0,https://www.alibaba.com/product-detail/10kw-micro-hydro-turbine-generator_60832890664.html
Hydro Plant Free Energy Low Rpm Hydro Power 15kw Mini Water Turbine Generator,US $1000.00,N/A,https://www.alibaba.com/product-detail/hydro-plant-free-energy-low-rpm_1600679109331.html
Small 5kW & 10kW Electric Hydro Turbine Micro Hydraulic Generator for Sale Renewable Energy Source,US $12500.00-$15500.00,4.8/5.0,https://www.alibaba.com/product-detail/Supply-Micro-Small-5kW-10kW-20kW_1601036399387.html
High Efficiency Europe Vertical Micro 50kW 100kW Hydroelectric Francis Turbine Generator Stainless Steel 50/60Hz 87.5-98%,US $35000.00,4.8/5.0,https://www.alibaba.com/product-detail/High-Efficiency-Europe-Horizontal-Micro-50kW_1601624012111.html
Micro Vertical Opened Hydro Power Plants Hydroelectric Water Turbine Generator FORSTER XJ02-W-50/1*11 50-100KW 380V/400V,US $48500.00,4.8/5.0,https://www.alibaba.com/product-detail/Micro-Vertical-Opened-Hydro-Power-Plants_1601650059761.html
Forster GL-P-502-20 Micro Tubular Turbine Low Head Hydro Power Water Turbine Generator 100KW 50Hz/60Hz 95% Efficiency On-grid,US $46800.00,4.8/5.0,https://www.alibaba.com/product-detail/Micro-Tubular-Turbine-Low-Head-Hydro_60189764884.html
FORSTER Chinese Manufacturer's 20kW Low Speed Micro Mini Pelton Turbine Permanent Magnet Hydro Generator 85-90% Efficiency,US $18390.00-$33880.00,4.8/5.0,https://www.alibaba.com/product-detail/Chinese-Manufacturer-s-20kW-Low-Speed_1601523680128.html
China Factory Water Turbine Generator 220V 600W Micro Hydroelectric Magnet Full Copper Core Single Phase Generator,US $220.00-$274.00,4.5/5.0 (15),https://www.alibaba.com/product-detail/china-factory-Water-Turbine-Generator-220V_1600384267204.html
FORSTER XJ1 3-W-20 Free Electricity Permanent Micro Hydro Power Mini Turbine Stainless Steel Blade 20KW 40V Generator,US $15500.00,4.8/5.0,https://www.alibaba.com/product-detail/Free-Electricity-Permanent-Micro-Hydro-Power_1600830020675.html
70KW Small Horizontal Shaft Francis Hydro Turbine,US $18600.00,4.8/5.0,https://www.alibaba.com/product-detail/70KW-Small-Horizontal-Shaft-Francis-Hydro_60777811668.html
Forster HL240C-WJ-50 Francis Mini Hydro Electric Turbine Blades 250KW On-grid Hydropower Station Water,US $48500.00,4.8/5.0,https://www.alibaba.com/product-detail/Hydropower-Station-Hydro-Electric-Turbine-Blades_1600442010319.html
Low Water Head 5kW 10kW 15kW Mini Tubular Francis Hydro Generator Turbine River 10kW Micro Hydro Power Generator for Home Use,US $4880.00,4.8/5.0,https://www.alibaba.com/product-detail/Low-Water-Head-Design-5kw-15kw_1600650977840.html
50kw 200kw Mini Micro Small Hydro Generator Francis Pelton Kaplan Turgo Axial Water Turbine Low Head,US $60000.00,N/A,https://www.alibaba.com/product-detail/200kw-hydro-power-low-head-micro_1600938671099.html
Mini Water Turbine 10KW 15kW Hydro Turbine Double Nozzle with Permanent Magnet Generator 380V/400V High Efficiency 85%-93%,US $17620.00,4.8/5.0,https://www.alibaba.com/product-detail/Mini-Water-Turbine-10KW-Hydro-Turbine_60192414442.html
Hand Generator Pelton Turbine Hydro Turbine Generator 500W 40KW 220v Micro Hydro Electric Generator Standby Vawt Wind,US $99.00-$199.00,4.5/5.0 (15),https://www.alibaba.com/product-detail/Hand-Generator-Pelton-Turbine-Hydro-Turbine_1601440817160.html
Micro Hydro Power Generator Water Turbine Pelton 100 kw,US $60000.00,N/A,https://www.alibaba.com/product-detail/Micro-hydro-power-generator-water-turbine_1600945630155.html
Water Turbine Floating Hydro Electric Generator Low Head Small Micro Mini Axial Kaplan Turgo Impulse 800kw,US $50142.86,N/A,https://www.alibaba.com/product-detail/30-mw-water-turbine-floating-hydro_1600237862206.html
Low High Head Small Mini Pelton Impulse Reaction Hydro Water Flow Turbine,US $10000.00-$30000.00,N/A,https://www.alibaba.com/product-detail/Low-High-Head-Small-Mini-Pelton_1601558747542.html
High Head Small Mini Pelton Impulse Reaction Hydro Water Flow Turbine,US $10000.00-$30000.00,N/A,https://www.alibaba.com/product-detail/High-Head-Small-Mini-Pelton-Impulse_1601591432283.html
Water Turbine Generators Mini Hydro Generator Low Head 800w 1kw Micro Hydro Generator Water Turbine 2kw 220v,US $283.00-$420.00,4.5/5.0 (15),https://www.alibaba.com/product-detail/Water-Turbine-Generators-Mini-Hydro-Generator_1601706896689.html
High Efficiency Hydro Power Generator of Water Turbine Mini Hydropower Generator 50kw 600kw,US $60000.00,N/A,https://www.alibaba.com/product-detail/High-Efficiency-Hydro-Power-Generator-of_1601459532168.html
Low Head vortex Hydro Water Micro Kaplan Turbine 1000kw,US $60000.00,N/A,https://www.alibaba.com/product-detail/Low-head-vortex-hydro-water-micro_1600859066629.html
Francis Pelton Kaplan Turgo Low Head Mini Micro Pelton Kaplan Impulse 50kw Hydropower Water Generator,US $60000.00,N/A,https://www.alibaba.com/product-detail/Francis-Pelton-Kaplan-Turgo-Low-Head_1601456520164.html
Kaplan Portable Micro Hydro Vortex Turbine Generator 1-15KW 400V 3-12m Design Head ISO9001/CE/TUV Certified for Home Use,US $49840.00-$126180.00,4.8/5.0,https://www.alibaba.com/product-detail/Kaplan-Portable-Micro-Hydro-Vortex-Turbine_1600481614200.html
Customized High Efficiency FORSTER Brand Micro Hydraulic Turbines Mini Hydro Electrical Power Plant Generator Model XJ13 10-20kW,US $16800.00-$29800.00,4.8/5.0,https://www.alibaba.com/product-detail/Customized-High-Efficiency-Micro-Hydraulic-Turbines_1600108532240.html
10MW High Head Mini Micro Pelton Axial Impulse Hydro Power Water Turbine Generator Renewable Energy Source,US $210.00-$328.00,N/A,https://www.alibaba.com/product-detail/10MW-High-Head-Mini-Micro-Pelton_1601469334464.html
Automatic High Efficiency 100-500KW Stainless Steel Micro Hydro Turbine System Hydroelectric Water Generator Long Service Life,US $38800.00,4.8/5.0,https://www.alibaba.com/product-detail/Automatic-High-Efficiency-Micro-Hydro-Turbine_1601628693322.html
Francis Pelton Kaplan Turgo 50kw High Head Mini Micro Axial Impulse Hydropower Water Turbine Generator,US $60000.00,N/A,https://www.alibaba.com/product-detail/50KW-Francis-Pelton-Kaplan-Turgo-High_1601460436030.html
Low Head 15KW 20KW Micro Kaplan Turbine Hydro Generator for Low RPM,US $7600.00,4.8/5.0,https://www.alibaba.com/product-detail/Low-Head-15KW-20KW-Micro-Kaplan_1600450054290.html
Axial Flow Vertical Micro 100KW Kaplan Water Turbine for Power Station,US $28000.00-$28800.00,4.8/5.0,https://www.alibaba.com/product-detail/Axial-Flow-Vertical-Micro-100KW-Kaplan_1600364400147.html
Mini Hydro Turbine 500kw to 20mw Alternative Energy Generators,US $60000.00,N/A,https://www.alibaba.com/product-detail/mini-hydro-turbine-500kw-to-20mw_60804578146.html
Renewable Customized Small Water Turbine Experiment Mini Hydro Turbine Generator 200-500KW 240m Design Head at Competitive Price,US $48520.00-$103470.00,4.8/5.0,https://www.alibaba.com/product-detail/Renewable-Customized-Small-Water-Turbine-Experiment_1601627946414.html
Micro Alternateur Hydro dynamo Power Water Turbine,US $60000.00,N/A,https://www.alibaba.com/product-detail/Micro-alternateur-hydro-dynamo-power-water_1600236085374.html
Utility High Head Mini Small Hydro Turbine,US $60000.00,N/A,https://www.alibaba.com/product-detail/Utility-High-Head-Small-pelton-turbine_1600238187748.html
Continuous 25kW Micro Hydroelectric Generator for Home Use 2kW to 20 kW Hydro Turbine Generator,US $21800.00,4.8/5.0,https://www.alibaba.com/product-detail/Auto-Start-Portable-2-kW-5kVA_1601295496411.html
15kw Double Nozzle Brushless Induction Pelton Hydro Turbine Generator Small Hydro Power Generator Water Powered Generators 500w,US $205.00-$245.00,4.5/5.0 (15),https://www.alibaba.com/product-detail/15kw-double-nozzle-brushless-induction-pelton_1601112350949.html
150kw Micro Hydro Electric Water Power Turbine Flow Generator,US $60000.00,N/A,https://www.alibaba.com/product-detail/150kw-micro-hydro-electric-water-power_1600441725848.html
Factory Direct Sale Water Turbine Generators/micro Hydro System/diy Water Turbine,US $20000.00,N/A,https://www.alibaba.com/product-detail/Factory-Direct-Sale-Water-Turbine-Generators_1600302441912.html
Stable Power Water Powered Mini Hydro Turbine 3KW Eco-Friendly Hydro Power Plant with PLC Pump & Motor 220V,US $4830.00-$4850.00,N/A,https://www.alibaba.com/product-detail/Stable-Power-Water-Powered-Mini-Hydro_1601678713819.html
800w 1000w 500w Water Turbine Generators Mini Hydro Generator Home Use Factory Price Hydraulic,US $365.00-$1095.00,4.5/5.0 (15),https://www.alibaba.com/product-detail/800w-1000w-500w-Water-Turbine-Generators_1601187783595.html
Kaplan Turbine Hydroelectric Generator Low Flow Rate Micro 80m Runner Diameter 3-5m Head 100kW 400V/6300V Renewable Energy,US $124250.00,4.8/5.0,https://www.alibaba.com/product-detail/Kaplan-Turbine-Hydroelectric-Generator-Low-Flow_1601430270327.html
Mini 100kW Hydro Electric Turbine Generator Micro Hydro Power Water Wheel for Wind Application with 220V Output Voltage,US $35500.00,4.8/5.0,https://www.alibaba.com/product-detail/Micro-Hydro-Power-Water-Wheel-Mini_1600901166949.html
Micro Mini Francis Kaplan Impulse Reaction High Efficiency Horizontal Vertical Water Pelton Turbine Price,US $60000.00,N/A,https://www.alibaba.com/product-detail/High-efficiency-Horizontal-or-Vertical-water_1600936214940.html
Micro 10 Megawatt Hydro Turbines Water Generator for Sale,US $60000.00,N/A,https://www.alibaba.com/product-detail/Micro-10-megawatt-hydro-turbines-water_1600922280535.html
2MW High Head Mini Micro Pelton Kaplan Impulse Turgo Hydropower Water Turbine Generator 50Hz Francis Hydropower Generator,US $188.00-$295.00,N/A,https://www.alibaba.com/product-detail/2MW-High-Head-Mini-Micro-Pelton_1601459821675.html
Mini Hidroelectrica Low Rpm&high Powerful Alternator Turbine/turgo Hydro Floteur,US $60000.00,N/A,https://www.alibaba.com/product-detail/Mini-hidroelectrica-low-rpm-high-powerful_1600887948038.html
100 kW Micro Turgo Hydroelectric Turbines Generator Renewable Energy Hydropower with Low Maintenance Cost,US $54750.00,4.8/5.0,https://www.alibaba.com/product-detail/Renewable-Energy-Hydroelectric-100-kW-Micro_1601565666093.html
Electricity Generation Francis Water Turbine Alternative Energy Generators Micro Mini Propeller Axial Impulse High Low Head,US $60000.00,N/A,https://www.alibaba.com/product-detail/Quality-and-quantity-assured-home-sunflower_1600627269566.html
Hand Generator Pelton Turbine Hydro Turbine Generator 500W 40KW 220v Micro Hydro Electric Generator Standby Vawt Wind,US $99.00-$199.00,4.5/5.0 (15),https://www.alibaba.com/product-detail/Hand-Generator-Pelton-Turbine-Hydro-Turbine_1601102571067.html
High or Low Head 200kw Small Micro Francis Turgo Crossflow Water Turbine,US $15000.00-$35000.00,N/A,https://www.alibaba.com/product-detail/High-or-Low-Head-200kw-Small_1601566865305.html
Mini Hydro Electric Water Power Turbine Flow Generator Francis Pelton 200kw Low Head Hydro Power,US $60000.00,N/A,https://www.alibaba.com/product-detail/Mini-Hydro-Electric-Water-Power-Turbine_1601572193329.html
50kw Micro Kaplan Turbine Low High Head Hydropower Turbine Small Mini Crossflow Propeller Reaction,US $60000.00,N/A,https://www.alibaba.com/product-detail/50kw-Micro-Kaplan-Turbine-Low-High_1601488387281.html
Eco-friendly Mini Hydro Power Plant Water Turbina Hydropower 200kW 100kW Hydro Power Turbine,US $43030.00-$80880.00,4.8/5.0,https://www.alibaba.com/product-detail/Eco-friendly-Mini-Hydro-Power-Plant_1601609380713.html
Mini Turbo Cross Flow Hydro Power Turbine With Governor,US $22800.00,4.8/5.0,https://www.alibaba.com/product-detail/Mini-Turbo-Cross-Flow-Hydro-Power_1600167433498.html
High Head Small Mini Crossflow Propeller Reaction 200kw Hydro Water Turbine Generator,US $60000.00,N/A,https://www.alibaba.com/product-detail/High-Head-Small-Mini-Crossflow-Propeller_1601563583939.html
Micro Hydro Generator Pelton Hydro Turbine Generator,US $1000.00,N/A,https://www.alibaba.com/product-detail/Micro-Hydro-Generator-Pelton-Hydro-Turbine_1601564139335.html
Mini Hydro Electric Water Power Turbine Flow Generator Francis Pelton 20kw 500kw Low Head Hydropower,US $60000.00,N/A,https://www.alibaba.com/product-detail/Mini-Hydro-Electric-Water-Power-Turbine_1601591517203.html
Micro Mini Small 50kw Hydro Electric Water Power Turbine Flow Generator,US $60000.00,N/A,https://www.alibaba.com/product-detail/150kw-micro-hydro-electric-water-power_1600548833903.html
High Low Head Mini Micro Pelton Axial Impulse Hydropower Water Turbine Generator,US $60000.00,N/A,https://www.alibaba.com/product-detail/High-Low-Head-Mini-Micro-Pelton_1601588596476.html
Low Head Small Micro Axial Turgo Reaction 100kw 200kw 300kw 450kw Hydro Electric Flow Turbine Generator,US $60000.00,N/A,https://www.alibaba.com/product-detail/Hydro-Generator-Turbin-Preis-100Kw-Pelton_1600922289967.html
Mini Water Turbine Francis Water Generator Hydroturbine Hydroturbine Generator,US $60000.00,N/A,https://www.alibaba.com/product-detail/Mini-water-turbine-francis-water-generator_1600731514854.html
Micro Low Head Hydro Power Generator Turbine15kw 50kw 30kw 100kw Francis Price,US $5000.00-$8000.00,N/A,https://www.alibaba.com/product-detail/Micro-Low-Head-Hydro-Power-Generator_1601471688756.html
Micro 50/60kW Francis Turbine Hydroelectric Generator with 50Hz/60Hz 95% Efficiency 380V/400V Output,US $34460.00-$59550.00,4.8/5.0,https://www.alibaba.com/product-detail/Micro-50-kW-60kW-Radial-Small_1601617588309.html
100KW Micro Hydro Kaplan Turbine Generator On-grid 50/60Hz,US $46300.00,4.8/5.0,https://www.alibaba.com/product-detail/100KW-Hydro-Turbine-Generator-Micro-Hydro_60584807091.html
Micro Hydro Water Turbine dynamo Alternator Generator 1 Mw,US $60000.00,N/A,https://www.alibaba.com/product-detail/Micro-hydro-water-turbine-dynamo-alternator_1600918563702.html
500 kw Micro Generator Hydro Turbina Mini Pelton Turbine,US $5000.00-$8000.00,N/A,https://www.alibaba.com/product-detail/500-kw-micro-generator-hydro-turbina_1600131214744.html
Low Head 3-12m Micro Water Turbine 10kw-70kw Capacity for Home Use Renewable Energy Source,US $18550.00,4.8/5.0,https://www.alibaba.com/product-detail/Low-Head-3-12m-Water-Power_62405880467.html
Small Francis Micro Hydroelectric Power System Hydro Turbine Generator Price,US $1000.00,N/A,https://www.alibaba.com/product-detail/10mw-turbain-hydro-turbine-power-plant_1600938721015.html
10 Mw Reversible Francis Turbine Micro Hydro Power Generator,US $60000.00,N/A,https://www.alibaba.com/product-detail/10-mw-reversible-francis-turbine-micro_1600859460143.html
Low Peed Renewable Energy Electric Generator Micro Hydro Peleton Water Turbine,US $60000.00,N/A,https://www.alibaba.com/product-detail/Low-peed-renewable-energy-electric-generator_1600689330427.html
High Head Small Mini Micro Pelton Axial Impulse Hydropower Water Turbine Generator,US $10000.00-$30000.00,N/A,https://www.alibaba.com/product-detail/High-Head-Small-Mini-Micro-Pelton_1601560429858.html
High Head Mini Micro Pelton Axial Impulse 10MW Hydropower Water Turbine Generator,US $10000.00-$30000.00,N/A,https://www.alibaba.com/product-detail/New-design-popular-mustard-essential-press_1600591618802.html
100kw Mini Water Turbine Generator Pelton Wheel vortex Hydro Turbine for Hydroelectric Power Plant,US $10000.00-$20000.00,N/A,https://www.alibaba.com/product-detail/100kw-mini-water-turbine-generator-pelton_1600938710207.html
Mini Small Micro Francis Pelton Kaplan Turgo Hydropower Generator Water Turbine,US $60000.00,N/A,https://www.alibaba.com/product-detail/min-macro-hydropower-generator-water-turbine_1600452743635.html
"High-Efficiency Francis Water Turbine Generator for Micro Hydro Power Plants - Axial Flow Design, for High/Low Head",US $1000.00,N/A,https://www.alibaba.com/product-detail/Maintenance-friendly-cold-canola-Mini-Press_1600565725323.html
High Efficiency Hydro Power Generator of Water Turbine Mini Hydro Generator 50kw,US $10000.00-$30000.00,N/A,https://www.alibaba.com/product-detail/Wholesale-hot-sale-cold-mini-oil_1600576711626.html
High Quality Mini Hydro Generator Water Turbine Hydraulic Turbine Renewable Energy Product,US $40.00-$50.00,3.4/5.0,https://www.alibaba.com/product-detail/High-Quality-Mini-Hydro-Generator-Water_1601602290173.html
Mini Micro 3MW Propeller Kaplan Pelton Francis Customized Hydro Water Turbine,US $10000.00-$15000.00,N/A,https://www.alibaba.com/product-detail/Mini-Micro-3MW-Propeller-Kaplan-Pelton_1601709739225.html
DTEC Electricity Generation Equipment Hydro Turbine 50KW for Small Hydro Power Plant,US $50000.00-$65000.00,N/A,https://www.alibaba.com/product-detail/DTEC-Electricity-Generation-Equipment-Hydro-Turbine_1600131679733.html
High Quality Low Head Micro Hydro Turbine on Grid Alternator 1 Mw,US $50000.00,N/A,https://www.alibaba.com/product-detail/High-quality-low-head-micro-hydro_1601150993380.html
140KW Hydro Turbine Generator Water Turbine Generator for Small Hydro Power Plant,US $1500.00,N/A,https://www.alibaba.com/product-detail/140KW-Hydro-Turbine-Generator-Water-Turbine_1601721665763.html
80KW Water Turbine Generator Hydro Power Generator for Small Hydro Power Station,US $1000.00,N/A,https://www.alibaba.com/product-detail/80KW-Water-Turbine-Generator-Hydro-Power_1601721777112.html
Micro Mini Kaplan Axial Francis Pelton 300kw Horizontal Hydro Generator Water Turbine,US $10000.00-$15000.00,N/A,https://www.alibaba.com/product-detail/Micro-Mini-Kaplan-Axial-Francis-Pelton_1601732823523.html
STABLEPOWER Eco-Friendly Micro Hydro Generator Water Turbine 220V Output 1-Year Warranty,US $2899.00-$5399.00,N/A,https://www.alibaba.com/product-detail/STABLEPOWER-Eco-Friendly-Micro-Hydro-Generator_1601733143837.html
DB-3682 3W AC20V Micro Hydro Generator 1/2 Inch Portable Water Charger 5V 6V 12V 20V Customized Voltage for Led Shower Bathroom,US $10.00-$13.00,4.8/5.0 (110),https://www.alibaba.com/product-detail/DB-3682-3W-AC20V-Micro-Hydro_1600510213911.html
DB-3682 3W AC20V Micro Hydro Generator 1/2 Inch Portable Water Charger 5V 6V 12V 20V Customized Voltage for Led Shower Bathroom,US $10.00-$13.00,N/A,https://www.alibaba.com/product-detail/DB-3682-3W-AC20V-Micro-Hydro_1601727041540.html
High Performance Kaplan Micro Hydro Generator Turbines,US $60000.00,N/A,https://www.alibaba.com/product-detail/High-performance-kaplan-micro-hydro-generator_1601137837114.html
80KW Water Turbine Generator Hydro Power Generator for Small Hydro Power Station,US $1000.00,4.8/5.0 (10),https://www.alibaba.com/product-detail/80KW-Water-Turbine-Generator-Hydro-Power_1601702608788.html
180KW Hydro Turbine Generator Water Turbine Generator for Small Hydro Power Plant,US $2000.00,4.8/5.0 (10),https://www.alibaba.com/product-detail/180KW-Hydro-Turbine-Generator-Water-Turbine_1601702726468.html
150KW Hydro Turbine Generator Water Turbine Generator for Small Hydro Power Plant,US $4000.00,4.8/5.0 (10),https://www.alibaba.com/product-detail/150KW-Hydro-Turbine-Generator-Water-Turbine_1601702743246.html
High Quality Micro 50kw 1000kw Hydro Electric Francis Water Power Turbine for Hydro Power Plant,US $8000.00-$28000.00,N/A,https://www.alibaba.com/product-detail/High-quality-micro-50kw-1000kw-hydro_60805288776.html
Micro Hydro Turbine / Pelton Wheel,US $60000.00,N/A,https://www.alibaba.com/product-detail/Micro-hydro-turbine-Pelton-wheel_1600132519581.html
Mini High Head Small Micro Axial Propeller Reaction Pelton Hydro Generator Set Hydro Turbine,US $60000.00,N/A,https://www.alibaba.com/product-detail/Mini-High-Head-Small-Micro-Axial_1601488266876.html
Micro Mini Propeller Axial Francis 200kw Horizontal Hydro Generator Water Turbine,US $10000.00-$15000.00,N/A,https://www.alibaba.com/product-detail/Micro-Mini-Propeller-Axial-Francis-200kw_1601730958665.html
1.5MW Power Mini Steam Turbine Micro Steam Turbine Generator,US $100000.00-$180000.00,N/A,https://www.alibaba.com/product-detail/1-5MW-Power-mini-steam-turbine_1601060934449.html
50kw 200kw Mini Micro Francis Pelton Kaplan Turgo Off-grid Small Kaplan Hydro Power Water Turbine for Sale,US $60000.00,N/A,https://www.alibaba.com/product-detail/50kw-200kw-Mini-Micro-Francis-Pelton_1601459429520.html
200kw Hydro Turbine Generator,US $50000.00-$65000.00,N/A,https://www.alibaba.com/product-detail/200kw-Hydro-Turbine-Generator_62553226149.html
Low Head Small Micro Axial Turgo Impulse 3MW Water Flow Hydrogenerator Free Energy Generator Pelton,US $60000.00,N/A,https://www.alibaba.com/product-detail/2mw-free-energy-generator-pelton-hydro_1600922266657.html
High Quality Power Hydroelectric Generator Micro Water Hydro Pelton Turbine Price,US $56800.00,4.8/5.0,https://www.alibaba.com/product-detail/High-Quality-Power-Hydroelectric-Generator-Micro_1600383330742.html
Water Turbine 15 kw Water Turbine 15 kw Water Turbine Micro Hydro Turbine Price Water Turbine Generator Water Generator,US $4830.00-$4850.00,N/A,https://www.alibaba.com/product-detail/Water-Turbine-15-kw-Water-Turbine_1601683012485.html
Hydro Generator Electrical Water Turbine 30kW Small Hydropower Generator Set High Efficiency Micro Power System for Remote,US $28230.00-$59970.00,4.8/5.0,https://www.alibaba.com/product-detail/Hydro-Generator-Electrical-Water-Turbine-30kW_1601761953571.html
Horizontal Micro Small Francis Kaplan Propeller Mixed Flow 250kw Hydro Water Turbine,US $60000.00,N/A,https://www.alibaba.com/product-detail/Horizontal-Micro-Small-Francis-Kaplan-Propeller_1601491167247.html
Micro Hydro Water Power Turbine Flow Generator Francis Pelton 20kw 500kw Low Head Hydropower,US $60000.00,N/A,https://www.alibaba.com/product-detail/Micro-Hydro-Water-Power-Turbine-Flow_1601591287109.html
300kw Micro Water Hydro Turbine Generator Turgo Pelton Impulse Turbine,US $1000.00,N/A,https://www.alibaba.com/product-detail/High-quality-micro-hydroelectric-generator-500kw_1600938404629.html
Experienced Manufacturer Green Renewable Vertical Micro Hydro Kaplan Turbine,US $60000.00,N/A,https://www.alibaba.com/product-detail/experienced-manufacturer-green-renewable-vertical-micro_1600938669120.html
Water Powered Hydro Power Generator Micro Kaplan Turbine,US $60000.00,N/A,https://www.alibaba.com/product-detail/Water-Powered-hydro-power-generator-micro_1600938597255.html
Small Hydroelectric Power Stations Hydroelectricity Generation System Compact Hydro Unit Micro Impulse,US $34800.00,4.8/5.0,https://www.alibaba.com/product-detail/Small-Hydroelectric-Power-Stations-Hydroelectricity-Generation_1601785382721.html
Hydro Power Generator Francis Turbine Runner for Power Plant Micro High Head Horizontal Hydrogenerator Water,US $60000.00,N/A,https://www.alibaba.com/product-detail/Hydro-power-generator-francis-turbine-runner_1600908146106.html
Hydro Turbine Generator 10kw Mini Water Generator Turbine 500w Solar Inverters Generator diesel,US $205.00-$245.00,4.5/5.0 (15),https://www.alibaba.com/product-detail/hydro-turbine-generator-10kw-mini-water_1601094253101.html
Low Rpm Full Copper Core Water Wheel Generator Water Flow Pump Mini Hydro Generator Turbine,US $195.00-$268.00,4.5/5.0 (15),https://www.alibaba.com/product-detail/Low-Rpm-Full-Copper-Core-Water_1601104247337.html
Low Head Micro Kaplan Water Turbine Hydro Generator Sets,US $60000.00,N/A,https://www.alibaba.com/product-detail/Low-Head-Micro-Kaplan-Water-Turbine_1601168447700.html
Pelton Turbine for Sale Micro Mini Propeller Axial Impulse 200kw High Head Horizontal Hydrogenerator Water,US $60000.00,N/A,https://www.alibaba.com/product-detail/Hidroelectrica-turbina-de-remolino-pelton-turbine_1600938581318.html
Free Energy 15kw 220v 380v Hydro Turbine 15000w 5000w Water Turbine Hot Sale Hydro Generator 20kw 30kw 50kw,US $990.00-$3837.00,4.6/5.0 (69),https://www.alibaba.com/product-detail/Free-Energy-15kw-220v-380v-Hydro_1601452142426.html
Small Mini Horizontal 1MW Turgo Francis Kaplan Pelton Customized Hydro Water Turbine,US $10000.00-$15000.00,N/A,https://www.alibaba.com/product-detail/Small-Mini-Horizontal-1MW-Turgo-Francis_1601717592819.html
Micro Mini Propeller Axial Kaplan 100kw Low Head Horizontal Hydro Water Turbine,US $10000.00-$15000.00,N/A,https://www.alibaba.com/product-detail/Micro-Mini-Propeller-Axial-Kaplan-100kw_1601779002177.html
