name,price,ratings,url
High Static Pressure Cross Flow Fan 230V Aluminum Alloy Industrial Tangential Blower 50Hz 60Hz Low MOQ,N/A,N/A,https://www.alibaba.com/product-detail/High-Static-Pressure-Cross-Flow-Fan_1601777248238.html
Factory 1 Mw Alibaba 500Kw 48V Generator 220V 10Kw Vertical Axis Wind Turbine 100Kw,N/A,N/A,https://www.alibaba.com/product-detail/Factory-1-Mw-Alibaba-500Kw-48V_1600559622087.html
Hot Selling 5KW 10KW 15KW Vertical Axis Wind Turbine Generator 48V 96V 120V Windmills For Industry,N/A,N/A,https://www.alibaba.com/product-detail/Hot-Selling-5KW-10KW-15KW-Vertical_1601371352543.html
5KW 10KW Wind Turbine Power Generator and 5KW Solar Panels Hybrid Power System Solar System for Home Farm Use,N/A,N/A,https://www.alibaba.com/product-detail/5KW-10KW-Wind-Turbine-Power-Generator_1601081311616.html
Wind Turbine Generator With Inner Fiberglass Blades Wind Fan Recycle Machine Solution,N/A,N/A,https://www.alibaba.com/product-detail/Wind-Turbine-Generator-With-Inner-Fiberglass_1601286111262.html
Elege Roof Mount Residential 1kw 5kw 12V 24V 48V Vertical Axis Wind Mill Turbine Generator Free Power Generation System for Home,N/A,N/A,https://www.alibaba.com/product-detail/Hot-Sale-Roof-Mount-Residential-500w_1601223671367.html
10Kw for Sale Small Wind Turbine Motor Made in China,N/A,N/A,https://www.alibaba.com/product-detail/10Kw-For-Sale-Small-Wind-Turbine_1601167161485.html
Hot All in One off Grid Hybrid Solar Wind Turbine System 48V 96V 220V 380V 5kw 10kw 15kw 20kW Also Called Solar System,N/A,N/A,https://www.alibaba.com/product-detail/Hot-All-in-one-off-grid_1600609011861.html
On off Grid Hybrid Inverter Wind Generator Wind Turbine Generator Inverter,N/A,N/A,https://www.alibaba.com/product-detail/30kW-Hybrid-MPPT-Controller-and-Inverter_1601448607383.html
Wind Turbine Generator Off Grid System 2500w 3500w 1500w Complete Kit Wind Power for Home Use Solar System,N/A,N/A,https://www.alibaba.com/product-detail/Wind-Turbine-Generator-Off-Grid-System_1601107873037.html
Hybrid System 220v 380v Windmill Free Energy 5kw 10kw 20kw 30kw 50kw 100kw Vertical Axis Generator For Farm Use,N/A,N/A,https://www.alibaba.com/product-detail/Hybrid-System-220v-380v-Windmill-Free_1601639354009.html
EN24 Forged Wind Turbine Main Shaft Heavy Duty for Wind Energy Supplier,N/A,N/A,https://www.alibaba.com/product-detail/EN24-Forged-Wind-Turbine-Main-Shaft_1601735229908.html
30m 60m Galvanised Steel Tubular Guyed Mast Wind Tower,N/A,N/A,https://www.alibaba.com/product-detail/30m-60m-Galvanised-Steel-Tubular-Guyed_1601624939526.html
Nuuko Solar and Wind Hybrid Energy System 5kw Power Bank Solar Free Energy Generator Power Generation System,N/A,N/A,https://www.alibaba.com/product-detail/Nuuko-Solar-and-wind-hybrid-energy_1601322431027.html
5kw 10kw 15kw 20kw Generator Vertical Wind Turbine Solar Panels Hybrid System,N/A,N/A,https://www.alibaba.com/product-detail/5kw-10kw-15kw-20kw-Generator-Vertical_1601029991968.html
"DAH Solar 10kw Wind Turbine, 10000w Wind Energy Generator Permanent Magnet Alternator Hot Sale 20kw Hybrid Power System",N/A,N/A,https://www.alibaba.com/product-detail/DAH-Solar-10kw-Wind-Turbine-10000w_1600591886072.html
Vertical Axis Wind Turbine Generator 600W 1KW 5KW 10KW 24V/48V/96V/220V/380V 10 Year Warranty for Windmills,N/A,N/A,https://www.alibaba.com/product-detail/Vertical-Axis-Wind-Turbine-Generator-600W_1601667621056.html
Outdoor Energy Saving Charge Ip65 Hybrid Wind Turbine With Solar Street Light,N/A,N/A,https://www.alibaba.com/product-detail/Outdoor-Energy-Saving-Charge-Ip65-Hybrid_1601308216277.html
Wind Power Generation Equipment Solar Wind Hybrid System Renewable Energy Solution 300W Generator,N/A,N/A,https://www.alibaba.com/product-detail/Wind-Power-Generation-Equipment_1601766259747.html
LYJW OEM Forged Customizable 42CrMo4 Wind Turbine Main Shaft with Custom Torque Capacity Customized Structure & Coatings,N/A,N/A,https://www.alibaba.com/product-detail/LYJW-OEM-Forged-Customizable-42CrMo4-Wind_1601694002240.html
JINSUN 10-100kW Grid-Connected Hybrid Wind and Solar Power Generation System-8 for Commercial Building,N/A,N/A,https://www.alibaba.com/product-detail/JINSUN-10-100kW-Grid-Connected-Hybrid_1601669205251.html
5KW 10KW 350rpm High Efficiency High Power Wind Turbine Hydro Turbine Generator PM Generator,N/A,N/A,https://www.alibaba.com/product-detail/5KW-10KW-350rpm-High-efficiency-high_1601036993174.html
High Quality 90w Wind and Solar Wind Turbine Led Street Light With Wind,N/A,N/A,https://www.alibaba.com/product-detail/High-quality-90w-wind-and-solar_1600755219435.html
China Factory Wind Turbine 900 Generator Vertical Axis Energy Generator Wind Turbine,N/A,N/A,https://www.alibaba.com/product-detail/China-Factory-Wind-Turbine-900-Generator_1601270221965.html
Chimney Mushroom Industrial Super Speed Strong Suction Wind Turbine Air Ventilation Roof Air Mounted Exhaust Fan,N/A,N/A,https://www.alibaba.com/product-detail/Chimney-Mushroom-Industrial-Super-Speed-Strong_1600170726824.html
Special 50kVA Power for Transformers for Solar Photovoltaic Panels Wind Turbines Other New Energy Equipment,N/A,N/A,https://www.alibaba.com/product-detail/Special-50kVA-Power-for-Transformers-for_1601396988857.html
Yangtze 6KW Wind Solar Hybrid Power System 2KW Wind Turbine,N/A,N/A,https://www.alibaba.com/product-detail/Yangtze-6KW-wind-solar-hybrid-power_62435368996.html
Stainless Steel Industrial No Power High Airflow Anti-Corrosion Roof Wind Turbine Ventilator,N/A,N/A,https://www.alibaba.com/product-detail/Roof-Mounted-Wind-Turbine-Ventilator-Extractor_60467858138.html
Excalibur 5KVA Magnet Generator Free Energy Wind Turbine Generator S6500DS-1,N/A,N/A,https://www.alibaba.com/product-detail/Excalibur-5KVA-magnet-generator-free-energy_1600089707847.html
Inverter Systems for Sale N-Type Solar Wind Turbine with WiFi Module Aluminum Alloy Frame High Efficiency Energy Conversion,N/A,N/A,https://www.alibaba.com/product-detail/Inverter-Systems-For-Sale-Wifi-Module_1601633216986.html
Wind Driven Turbine Exhaust Fan Stainless Steel Wind Turbine Ventilation Air Ventilation Roof Fan,N/A,N/A,https://www.alibaba.com/product-detail/Wind-Driven-Turbine-Exhaust-Fan-stainless_1600981506877.html
Custom 1.96m 2 Meter 5kw 3kw Vertical Axis Wind Turbine Blades Wind Turbine 8 Blades,N/A,N/A,https://www.alibaba.com/product-detail/Custom-1-96m-2-meter-5kw_1600454771990.html
High-Performance 400w 12/24v Wind Turbine Horizontal Axis HAWT Wind dynamo for House Use Hot Sale,N/A,N/A,https://www.alibaba.com/product-detail/High-Performance-400w-12-24v-wind_1601247878970.html
20kw For Sale High Quality Aluminum Alloy Blades Roof Generator Windmill Vertical Axis,N/A,N/A,https://www.alibaba.com/product-detail/20kw-For-Sale-High-Quality-Aluminum_1601496895611.html
Environment Friendly Green Energy 30kw Lithium Battery Solar Wind Renewable System,N/A,N/A,https://www.alibaba.com/product-detail/Environment-Friendly-Green-Energy-30kw-Lithium_1601640171490.html
HuiJue Vertical Axis Home Wind Turbine Generators Lithium Ion Battery 48V Output Efficient Solar Power System Customizable,N/A,N/A,https://www.alibaba.com/product-detail/wind-and-solar-power-system-vertical_1600867471892.html
TONGLI N52 Coil Neodymium Magnet NdFeB Strong Permanent Rare Earth Material Industrial Application Generator Energy,N/A,N/A,https://www.alibaba.com/product-detail/N52-Arc-Segment-Neodymium-Magnet-Strong_1601522596307.html
China Factory 2000w 12/24v Vertical Axis Wind Turbine Wind Energy Generator Home Cheap,N/A,N/A,https://www.alibaba.com/product-detail/China-Factory-2000w-12-24v-Vertical_1601425209459.html
"Wind Turbine 5kw System, Stand Alone Wind Power Generation System, off Grid Single Phase Three Phase Generators",N/A,N/A,https://www.alibaba.com/product-detail/wind-turbine-5kw-system-stand-alone_1600703406618.html
Elege Wind Turbine 3kw 2kw 1kw 24V 48V Free Energy Low Rpm Wind Mill Windmill Generator Horizontal Axis,N/A,N/A,https://www.alibaba.com/product-detail/5kw-wind-turbine-price-3kw-wind_1600545765075.html
China Manufacturer SV-type Vertical Axis Wind Turbine100w 300 W 500w 1000w 2000w 3000w 5000w Windmills,N/A,N/A,https://www.alibaba.com/product-detail/China-Manufacturer-SV-type-Vertical-Axis_1601667494487.html
1kw 2kw 3kw 5kw 6kw 8kw 10kw Wind Generator Vertical Axis Wind Turbine With Solar System1200W,N/A,N/A,https://www.alibaba.com/product-detail/1kw-2kw-3kw-5kw-6kw-8kw_1601294766153.html
Wholesale Price 3MW Horizontal-Axis Wind Turbine System for Home Use Wind Power Station and Solar System Solar Supplier,N/A,N/A,https://www.alibaba.com/product-detail/Wholesale-Price-wind-power-generation-system_1601346854047.html
High Quality Low Price Wind Turbine 1200 High Efficient Small Wind Turbine Generator for Home Use,N/A,N/A,https://www.alibaba.com/product-detail/High-Quality-Low-Price-Wind-Turbine_1601269404764.html
1KW 24V/48V Wind Power System Turbine Wind Turbine Small Wind /household Generator Price,N/A,N/A,https://www.alibaba.com/product-detail/1KW-24V-48V-wind-power-system_1600500210826.html
High Efficiency Downwind Variable Pitch Wind Turbine 2kw,N/A,N/A,https://www.alibaba.com/product-detail/High-Efficiency-Downwind-Variable-Pitch-Wind_1601174681716.html
H Type Wind Turbine 48v 1kw Wind Turbine Price Wind Turbine in Pakistan,N/A,N/A,https://www.alibaba.com/product-detail/H-Type-Wind-Turbine-48v-1kw_1600802900920.html
10 Years Warranty 1-3KW Horizontal Wind Turbine H-Type Module 12m/s Rated Wind Speed 3m-50m Tower Height 12V/24V/48V/96V/120V,N/A,N/A,https://www.alibaba.com/product-detail/10-Years-Warranty-1kw-2kw-3kw_1600870768543.html
High Efficiency Wind Turbine 1mw with Wind Turbine Controller for Industrial,N/A,N/A,https://www.alibaba.com/product-detail/High-efficiency-wind-turbine-1mw-with_1600681811736.html
1kw 3kw 5kw 10kw 20kw High Efficiency and Attractive Vertical Wind Turbine with Low Operating Noise Vawt,N/A,N/A,https://www.alibaba.com/product-detail/1kw-3kw-5kw-10kw-20kw-High_11000009878776.html
High Efficiency Customized Color 1kw 24v 48v Wind Turbine Vertical Axis Wind Turbine for Farm Use Remote Areas,N/A,N/A,https://www.alibaba.com/product-detail/High-Efficiency-Customized-Color-1kw-24v_1601659533258.html
Hot Sale 10kw Wind Turbine Residential Wind Power 10000 Watt Wind Generator for Farm,N/A,N/A,https://www.alibaba.com/product-detail/Hot-Sale-10kw-Wind-Turbine-Residential_1601784366005.html
"Practical Wind Turbine, Economic 3-blade Wind and Solar Hybrid System, 500kw, 550kw",N/A,N/A,https://www.alibaba.com/product-detail/Real-Power-Wind-Turbine-Economy-3_1601102522072.html
CANARD Ca315 5kw Stand-Alone Grid Wind Power Generation System 6m Rotor Diameter 2.8m/s Start Speed 48V-380V Output Single/Three,N/A,N/A,https://www.alibaba.com/product-detail/Wind-Turbine-5kw-System-Stand-Alone_1601583880279.html
In Stock in Overseas Warehouses SM3-1500W Horizontal Axis Wind Turbine with High Energy Efficiency,N/A,N/A,https://www.alibaba.com/product-detail/In-stock-in-overseas-warehouses-SM3_1600986478648.html
3KW-8KW Wind Turbine Generator Low Cut-in Wind Speed Windmill for Home Hybrid Solar & Power Generation System,N/A,N/A,https://www.alibaba.com/product-detail/3KW-8KW-Wind-Turbine-Generator-Low_1601720395682.html
China Factory 10Kw Wind Turbine Kits 1kw 2kw 3kw 5kw Vertical Axis Wind Generator Off Grid Windmill 48v,N/A,N/A,https://www.alibaba.com/product-detail/China-Factory-10Kw-Wind-Turbine-Kits_1600843120257.html
High Quality X Type Axis Vertical Wind Turbine 20KW 5KW 10KW 220V Output Eco-Friendly,N/A,N/A,https://www.alibaba.com/product-detail/X-Type-High-Quality-Environmental-Protection_1601406242047.html
600W 1kw 1200w 3kw 5kw 10kw 20kw High Efficiency and Attractive Vertical Wind with Low Operating Noise Vawt,N/A,N/A,https://www.alibaba.com/product-detail/600W-1kw-3kw-5kw-10kw-20kw_1601043154700.html
High-Performance 400w 12/24v wind turbine horizontal axis HAWT wind dynamo for house use,N/A,N/A,https://www.alibaba.com/product-detail/High-Performance-400w-12-24v-wind_1601351877370.html
Factory Price Horizontal Wind Turbine 1kw 5kw 10kw Three-phase Permanent Magnet Synchronous Generator High Power Output 5.4m,N/A,N/A,https://www.alibaba.com/product-detail/Factory-Price-Wind-Turbine-1kw-5kw_1601009816216.html
Ce Approved Wind Turbine 1KW Wind Turbine/Wind Generator 1000w Vertical Axis,N/A,N/A,https://www.alibaba.com/product-detail/Ce-Approved-Wind-Turbine-10kw-5kw_1600217141753.html
400W Vertical Axis Wind Turbine for Sale 12/24V Small Wind Turbine Generator Reinforced Blades Spiral Shape,N/A,N/A,https://www.alibaba.com/product-detail/400W-Vertical-Axis-Wind-Turbine-for_62256322238.html
Hot Sale High Quality 10KW Horizontal Axis Wind Turbine with off Grid and on Grid System,N/A,N/A,https://www.alibaba.com/product-detail/Hot-Sale-High-Quality-10KW-Horizontal_1601659039573.html
3kW Wind Turbine Generator High Power Wind Generators,N/A,N/A,https://www.alibaba.com/product-detail/3kW-Wind-Turbine-Generator-High-Power_1601429373488.html
Most Popular 30KW Variable Pitch Wind Turbine Small Wind Generator for Farm Factory Use,N/A,N/A,https://www.alibaba.com/product-detail/Most-Popular-30KW-Variable-Pitch-Wind_60389435047.html
X-20kw High Efficiency Mini Vertical Axis Wind Turbine IP54 Protection Glass Fiber Blades 4m Rotor Diameter Unique Shockproof,N/A,N/A,https://www.alibaba.com/product-detail/X-20kw-X-20kw-Wind-Generators_1601777541329.html
100kW Wind Turbine Long Service Life for Large Farm Business Site,N/A,N/A,https://www.alibaba.com/product-detail/100kW-Wind-Turbine-Long-Service-Life_1601740611152.html
Manufacturer 10kw VAWT Windmill Wind Turbine Price Vertical Axis,N/A,N/A,https://www.alibaba.com/product-detail/Manufacturer-10kw-VAWT-Windmill-Wind-Turbine_1600082988477.html
5KW 10KW Wind Turbine Prices for Home Electric Generating Windmills System,N/A,N/A,https://www.alibaba.com/product-detail/5KW-10KW-wind-turbine-prices-for_60814342281.html
Prices Hybrid Wind Turbine 30Kw With High Quality,N/A,N/A,https://www.alibaba.com/product-detail/Prices-Hybrid-Wind-Turbine-300Kw-With_1601167190493.html
Spiral Type Wind Turbine ZT810005,N/A,N/A,https://www.alibaba.com/product-detail/Spiral-type-wind-turbine-ZT810005_1600814409124.html
Factory Wholesale Maintenance Free Easy Installation Low Price Vertical Axis Wind 10kw,N/A,N/A,https://www.alibaba.com/product-detail/Factory-Wholesale-Maintenance-Free-Easy-Installation_1601754657087.html
Tanfon 8kw 3kw 30kw 50kw 100kw 200kw 1kw Vertical Axis Wind Turbine 10kw Wind 1kw Wing,N/A,N/A,https://www.alibaba.com/product-detail/Tanfon-8kw-3kw-30kw-50kw-100kw_62343405813.html
High Efficiency 1Kw Wind Turbine Custom Small Wind Turbine,N/A,N/A,https://www.alibaba.com/product-detail/High-Efficiency-1Kw-Wind-Turbine-Custom_1601727681053.html
Small Vertical Axis Wind Turbine 100w 12v/24v,N/A,N/A,https://www.alibaba.com/product-detail/small-vertical-axis-wind-turbine-100w_1600206176662.html
China Factory 2000w 12/24v Vertical Axis Wind Turbine Wind Energy Generator Home Cheap,N/A,N/A,https://www.alibaba.com/product-detail/China-Factory-2000w-12-24v-Vertical_1601635864014.html
Horizontal Wind Turbine 1MW 2MW 3MW Wind Turbine Best Wind Power Generation System,N/A,N/A,https://www.alibaba.com/product-detail/Horizontal-wind-turbine-1MW-2MW-3MW_1600736646144.html
1000W 3KW Alternative Energy Generators Wind Turbine Price Wind Generator for Home,N/A,N/A,https://www.alibaba.com/product-detail/1000W-3KW-Alternative-Energy-Generators-Wind_11000004521765.html
Factory Direct Sale Low Rpm Wind Turbine Low Speed 15kw Wind Turbine Price,N/A,N/A,https://www.alibaba.com/product-detail/Factory-direct-sale-low-rpm-wind_1600200018254.html
"3KW 5KW 10KW 15KW 30KW High Power Wind Turbine, Horizontal Axis Wind Turbine Manufacturers, Efficient Generators",N/A,N/A,https://www.alibaba.com/product-detail/3KW-5KW-10KW-15KW-30KW-High_1601596677595.html
China Factory 500w to 1200w Vertical Axis Wind Turbine Wind Turbines for Sale Price 3kw,N/A,N/A,https://www.alibaba.com/product-detail/China-Factory-500w-to-1200w-vertical_1601075787459.html
High Quality Low Price Vertical Wind Turbines Low Noise Vertical Axis Wind 1600,N/A,N/A,https://www.alibaba.com/product-detail/High-Quality-Low-Price-Vertical-Wind_1601273035643.html
Alibaba Certified Custom Ndfeb Neodymium Magnets N30-N52 Grades Permanent Magnet with Free Samples,N/A,N/A,https://www.alibaba.com/product-detail/Alibaba-Certified-15-Years-Magnet-Factory_1601728742414.html
High Efficiency 1kw 220v Wind Turbine CE Certified Customized Start Wind Speed for Commercial Use,N/A,N/A,https://www.alibaba.com/product-detail/High-Efficiency-1kw-220v-Wind-Turbine_1601659492529.html
5Kva Wind Turbine China Factory Wind Turbine and Electronics for Wind Turbine Price 24V 48V 2000W 220v 96v 120v,N/A,N/A,https://www.alibaba.com/product-detail/5Kva-Wind-Turbine-China-factory-wind_1601159821646.html
5kw Stand-Alone Wind Power Generation System Single and Three Phase Wind Generators for Grid,N/A,N/A,https://www.alibaba.com/product-detail/Wind-Turbine-5kw-System-Stand-Alone_1601587047756.html
Luvorb High Power HAWT Wind Turbine Wind Solar Hybrid 5KW 7W 10KW Wind for Home 96v for Commercial Use,N/A,N/A,https://www.alibaba.com/product-detail/Luvorb-High-Power-HAWT-Wind-Turbine_1601689759845.html
Good Quality Horizontal 10 kw Wind Turbine 10kw Wind Turbine Generator,N/A,N/A,https://www.alibaba.com/product-detail/Good-Quality-Horizontal-10-kw-wind_60813787427.html
Wholesale Price 2.5MW Horizontal-Axis Wind Turbine System for Home Power Generation Power Station Solar System,N/A,N/A,https://www.alibaba.com/product-detail/Wholesale-Price-wind-power-generation-system_1601346749825.html
High Efficiency 5KW Wind Turbine Price System Wind Turbine 5kw for Home,N/A,N/A,https://www.alibaba.com/product-detail/High-Efficiency-5KW-Wind-Turbine-Price_1601168390571.html
Manufacturer Direct Supply Poland/Spain/Russia/USA Warehouse Good Price Vertical Axis,N/A,N/A,https://www.alibaba.com/product-detail/Manufacturer-Direct-Supply-Poland-Spain-Russia_1600438159167.html
Wholesale Price 400W 12v 3 Bladed Wind Generation Wind Turbine With Controller,N/A,N/A,https://www.alibaba.com/product-detail/Wholesale-Price-400W-12v-3-Bladed_1601525943896.html
Good Quality 1kw Vertical Axis Wind Turbine for Sale,N/A,N/A,https://www.alibaba.com/product-detail/good-quality-1kw-vertical-axis-wind_60565926181.html
Small 1kw 48v Wind Turbine Hotsale,N/A,N/A,https://www.alibaba.com/product-detail/small-1kw-48v-wind-turbine-hotsale_1601053752060.html
10m/s Rated Wind Speed 5kw Off Grid Wind Power System Horizontal Axis Wind Turbine,N/A,N/A,https://www.alibaba.com/product-detail/10m-s-Rated-Wind-Speed-5kw_1601749050248.html
20kw Vertical Axis Wind Turbine for Sale High Quality Aluminum Alloy Blades Generator Windmill,N/A,N/A,https://www.alibaba.com/product-detail/20kw-Vertical-Axis-Wind-Turbine-for_1601754357998.html
"ESG Factory Good Quality Wind Turbine Alternative Energy Generators 5Kw, 10kw Solar Hybrid Power System Generator",N/A,N/A,https://www.alibaba.com/product-detail/ESG-Factory-Good-Quality-Wind-Turbine_1600825063203.html
WREN China Alibaba Supplier 360° Swivel Anti-Reverse 3ATWS-Series Solid Square Drive Hydraulic Torque Wrench for,N/A,N/A,https://www.alibaba.com/product-detail/China-Alibaba-Supplier-Orange-Yellow-Anti_1601334763152.html
Customization New Energy Wind Turbine Generator with 12V/24V/48V Output 3/5 Blades 2000-9000mm Rotor Diameter ISO9001 Certified,N/A,N/A,https://www.alibaba.com/product-detail/Customization-New-Energy-wind-generator-With_1601332884724.html
Spiral Wind Turbine 10 kw Wind Turbine Generator,N/A,N/A,https://www.alibaba.com/product-detail/spiral-wind-turbine-10-kw-wind_1600763396181.html
ESG High Efficiency Factory Direct Sale 1kw Vertical Wind Turbine for Hybrid Wind Solar System,N/A,N/A,https://www.alibaba.com/product-detail/ESG-High-efficiency-Factory-Direct-Sale_60791899104.html
Wind Turbine/Hybrid Wind Turbine 3kw 10kw Generator/Wind and Solar Generator 110V/220V/230V/240VAC,N/A,N/A,https://www.alibaba.com/product-detail/Wind-Turbine-Hybrid-Wind-Turbine-3kw_60749637495.html
20KW 20KVA Domestic Wind Turbine 9.6-11m Fiberglass-Reinforced Plastic Blades Custom Rotor Diameter 220V/380V Output Max 25KW,N/A,N/A,https://www.alibaba.com/product-detail/Manufacturer-20kw-20kva-Domestic-Wind-Turbine_62041917650.html
5kw Wind Turbine Price/ Wind Energy Electric/ 5000w Generating Windmills for Sale,N/A,N/A,https://www.alibaba.com/product-detail/5kw-Wind-Turbine-Price-Wind-Energy_60487110170.html
"Made in China 1000w Wind Turbine, 1000w Wind Mills Price",N/A,N/A,https://www.alibaba.com/product-detail/Made-in-China-1000w-Wind-Turbine_60499498964.html
Hot Sale 1kw Wind Turbine Price Residential Wind Power Price 1000 Watt Wind Generator for Farm,N/A,N/A,https://www.alibaba.com/product-detail/Hot-sale-1kw-wind-turbine-price_1457088785.html
Factory Stock Mini Wind Turbine 5kw Wind Turbine Price Wind Turbine 10 kw,N/A,N/A,https://www.alibaba.com/product-detail/Factory-Stock-Mini-Wind-Turbine-5kw_1601424951216.html
"Top Seller 1kw,2kw,3kw, 6kw Small Wind Turbines for Sale, Wind Turbines for Home",N/A,N/A,https://www.alibaba.com/product-detail/Top-seller-1kw-2kw-3kw-6kw_60212185134.html
Hot Sale China Factory Vertical Axis Wind Turbine 600w-2kw Wind Turbine for Sale with Controller,N/A,N/A,https://www.alibaba.com/product-detail/Hot-sale-China-Factory-vertical-axis_1601061094854.html
China Wind Turbine Manufacturer 200W/400W/600W/1KW Vertical Axis Solar for Energy Powery Systems,N/A,N/A,https://www.alibaba.com/product-detail/China-Wind-Turbine-Manufacturer-200W-400W_1600661766900.html
Wind Turbine Wind Generator Wind Power 10kw-50kw,N/A,N/A,https://www.alibaba.com/product-detail/Wind-Turbine-Wind-Generator-Wind-Power_1601585410879.html
750kW Wind Turbine | 380V Renewable Wind Energy for Sustainable Power,N/A,N/A,https://www.alibaba.com/product-detail/750kW-Wind-Turbine-380V-Renewable-Wind_1601363048399.html
Vertical Axis Wind Turbine for Sale,N/A,N/A,https://www.alibaba.com/product-detail/Vertical-Axis-Wind-Turbine-for-Sale_377835739.html
Wind Energy System Wind Power Generation System Wind Turbine in Pakistan,N/A,N/A,https://www.alibaba.com/product-detail/Wind-energy-system-wind-power-generation_1600896969916.html
Wind Turbine 1kw 5kw 10kw Windmill Power Plant Vertical Axis Wind Generator System for Home Used Renewable Free Energy,N/A,N/A,https://www.alibaba.com/product-detail/Wind-Turbine-1kw-5kw-10kw-Windmill_1601610018185.html
Home Small Wind Turbine Price 500w 1kw Wind Turbine 12v 24v 48v Wind Turbine System,N/A,N/A,https://www.alibaba.com/product-detail/Home-Small-Wind-Turbine-Price-500w_1600494556028.html
1KW 2KW 5KW 10KW Turbine Wind Turbine Generator Windmill System Horizontal Wind Free Energy,N/A,N/A,https://www.alibaba.com/product-detail/1KW-2KW-5KW-10KW-turbine-wind_1601234839261.html
Cheap and Goodlooking NE-100Q1 12V/24V Vertical Axis Wind Turbine for Sale,N/A,N/A,https://www.alibaba.com/product-detail/Cheap-and-Goodlooking-NE-100Q1-12V_60695815641.html
Supply Quality 20KW Wind Turbine Blades Wind Turbine Blades,N/A,N/A,https://www.alibaba.com/product-detail/Supply-quality-20KW-wind-turbine-blades_10000010771431.html
China Factory 1kw to 100kw Horizontal Wind Turbine 3 Blades Wind Turbines for Sale 50kw,N/A,N/A,https://www.alibaba.com/product-detail/China-Factory-1kw-to-100kw-horizontal_1601052574629.html
SX-1200W Vertical Axis Wind Turbine Factory Direct Sale Low Noise High Power Home Use,N/A,N/A,https://www.alibaba.com/product-detail/SX-1200W-vertical-axis-wind-turbine_1601040533245.html
50kw Wind Turbine Price With 220v Wind Power on Grid System Windmill Power Plant for Factory,N/A,N/A,https://www.alibaba.com/product-detail/50kw-Wind-Turbine-Price-With-220v_1601780842128.html
"5KW Wind Turbine for Home Use, Reduce Electricity Bills",N/A,N/A,https://www.alibaba.com/product-detail/5KW-Wind-Turbine-for-Home-Use_1601726776660.html
Vertical Axis CE Certification 3kW 100rpm Wind Power Generator Wind Turbine 380vac Low Rpm,N/A,N/A,https://www.alibaba.com/product-detail/Vertical-Axis-CE-certification-3kW-100rpm_1600494751239.html
5KW Wind Turbine Alternative Energy Generators 3kw 5kw 10kw Wind Solar Hybrid Power System Generator,N/A,N/A,https://www.alibaba.com/product-detail/5KW-wind-turbine-alternative-energy-generators_1600521083783.html
High Quality 600W Wind Turbine Generator for Commercial Use Renewable Energy Source,N/A,N/A,https://www.alibaba.com/product-detail/High-Quality-Wind-Generator-Turbine-Commercial_1600447585857.html
Renewable Energy Residential 1000w Wind Turbine 48v Wind Turbine with Real Power,N/A,N/A,https://www.alibaba.com/product-detail/Renewable-Energy-Residential-1000w-Wind-Turbine_1601443339496.html
300w 400w 800w 1kw 2kw X Type Wind Turbine Home Wind Turbine Wind Turbine Technology for Home Use,N/A,N/A,https://www.alibaba.com/product-detail/300w-400w-800w-1kw-2kw-X_1600835352211.html
Spherical Roller Bearing NT-N 21311 21312 21313 21314 21315 21316 21317 CA/W33Heavy Duty Bearing for Mining Metallurgy Machinery,N/A,N/A,https://www.alibaba.com/product-detail/2308-2RS-2207-2RS-2313M-1314M_1601437254627.html
50 Kw Small Blades 2kw Vertical Axis Wind Turbine,N/A,N/A,https://www.alibaba.com/product-detail/50-Kw-Small-Blades-2kw-Vertical_1600447752883.html
"X-Type Vertical Axis Wind Turbine 300W-2000W, 12V/24V/48V Off-Grid Wind Generator for Home, Farm & Rooftop",N/A,N/A,https://www.alibaba.com/product-detail/X-Type-Vertical-Axis-Wind-Turbine_1601719213291.html
OEM Wind Turbine Vertical Axis Wind Turbine 12v 24v 100w Wind Complementary Outdoor Clean Energy,N/A,N/A,https://www.alibaba.com/product-detail/OEM-Wind-Turbine-Vertical-Axis-Wind_1601705050146.html
SUN-14/16K-SG01LP1-EU Grid Tie Lithium Low Voltage Single Phase 14/16KW Hybrid Solar Inverter MPPT IP65 97.6% Efficiency Home,N/A,N/A,https://www.alibaba.com/product-detail/SUN-14-16K-SG01LP1-EU-Grid_1601721796159.html
Portable USB Small Fan Desktop High-Wind Turbine Fan Fashionable Handheld Fan,N/A,N/A,https://www.alibaba.com/product-detail/Portable-USB-Small-Fan-Desktop-High_1601723272565.html
CE Hot Sale Single three phase 30kw Industrial Horizontal Wind Turbine Price 50KW 20KW farm use power free standing,N/A,N/A,https://www.alibaba.com/product-detail/Hot-sale-30kw-industrial-horizontal-wind_1600200031234.html
Big Sale 1000w Wind Turbine Price Eolienne 8 Blade Wind Turbines for Sale,N/A,N/A,https://www.alibaba.com/product-detail/Big-Sale-1000w-Wind-Turbine-Price_1601158915617.html
Commercial Wind Turbine 15kw Eolic Energy Wind Power Generator,N/A,N/A,https://www.alibaba.com/product-detail/Commercial-wind-turbine-15kw-eolic-energy_1601023627515.html
"1KW-30KW Designed High Power Wind Turbine, Horizontal Axis Wind Turbine , Efficient Generators",N/A,N/A,https://www.alibaba.com/product-detail/1KW-30KW-Designed-High-Power-Wind_1601596756542.html
New Best Selling Cheap Home Wind Turbine 3000 Wind Turbine Factory Price Wind for Sale,N/A,N/A,https://www.alibaba.com/product-detail/New-Best-Selling-Cheap-Home-Wind_1601273141145.html
High Efficiency 5KW Windmill Wind Turbine for Home Electricity,N/A,N/A,https://www.alibaba.com/product-detail/High-Efficiency-5KW-Windmill-Wind-Turbine_1601670888330.html
Hot Sell Wind Turbine 6kw/5 kw Wind Generator/6000w Wind Generator,N/A,N/A,https://www.alibaba.com/product-detail/Hot-sell-wind-turbine-6kw-5_1600544057227.html
Most Popular 1kw 48/96v Wind Turbine With CE Certificate Wind Power Generator Low Operating Noise,N/A,N/A,https://www.alibaba.com/product-detail/Most-Popular-1kw-48-96v-Wind_1601257139417.html
Factory New Discount Wind Turbine Controller Wind Generator 5kw Spiral Vertical,N/A,N/A,https://www.alibaba.com/product-detail/Factory-New-Discount-Wind-Turbine-Controller_1601511803592.html
High Quality 100kw Vertical Axis Wind Turbine with 9.5m Rotor Diameter Aluminum Alloy Blades Automatic Windward Speed Regulation,N/A,N/A,https://www.alibaba.com/product-detail/High-Quality-Electricity-Wind-Energy-System_1601635950469.html
10kw Use Wind Power Turbine Generator Solar/Wind Vertical Windmill Wind Turbine,N/A,N/A,https://www.alibaba.com/product-detail/10kw-Use-Wind-Power-Turbine-Generator_1600999570038.html
50kW Solar Wind Hybrid System Wind Turbine Generator for Home Commercial,N/A,N/A,https://www.alibaba.com/product-detail/50kW-Solar-Wind-Hybrid-System-Wind_1601749186993.html
Ce ApprovedWind Turbine1KW Wind Turbine/Wind Generator1000wVertical Axis,N/A,N/A,https://www.alibaba.com/product-detail/Ce-ApprovedWind-Turbine10kw-5kw-3kwWind-Turbine_1600217728107.html
High Efficiency 1Kw Wind Turbine Custom Small Wind Turbine,N/A,N/A,https://www.alibaba.com/product-detail/High-Efficiency-1Kw-Wind-Turbine-Custom_1601727610485.html
Horizontal Wind Turbines for Electricity Generation Wind Turbine Generators 200kw for House,N/A,N/A,https://www.alibaba.com/product-detail/Horizontal-Wind-Turbines-for-Electricity-Generation_1601748955730.html
2 kw Good Quality Wind Turbine Manufacturer,N/A,N/A,https://www.alibaba.com/product-detail/2-kw-good-quality-wind-turbine_60570115488.html
OEM ODM Custom H Type Vertical Axis Wind Turbine 5KW 10KW for Global Renewable Energy Project,N/A,N/A,https://www.alibaba.com/product-detail/OEM-ODM-Custom-H-Type-Vertical_1601756182028.html
Horizontal Axis Wind Turbine (HAWT) - 2KW 12v 24v 48v High Efficiency for Industrial & Commercial Use,N/A,N/A,https://www.alibaba.com/product-detail/Horizontal-Axis-Wind-Turbine-HAWT-2KW_1601669686650.html
Windturbine 2kw 100kw Wind Turbine Price Cheap Aerogenerador 20kw 15KW 10 kw Power System Green Energy,N/A,N/A,https://www.alibaba.com/product-detail/windturbine-2kw-100kw-wind-turbine-price_1600386107629.html
"CE APPROVED Low RPM Home Wind Turbine Vertical ,cheap Price Wind Power ,whole Unit Vertical 5kw",N/A,N/A,https://www.alibaba.com/product-detail/2020-CE-APPROVED-low-RPM-home_62519525314.html
China Factory 600w to 2000w Vertical Axis Wind Turbine Wind Turbines for Sale Price 3kw,N/A,N/A,https://www.alibaba.com/product-detail/China-Factory-600w-to-2000w-vertical_1600585859823.html
New Type 1KW 5KW 10KW 1500w Wind Turbine Price Wind Energy Generator Export Windmill,N/A,N/A,https://www.alibaba.com/product-detail/New-type-1KW-5KW-10KW-1500w_1601245684327.html
Vertical Wind Turbine.10kw Wind Turbine Price Wind Turbines for Sale,N/A,N/A,https://www.alibaba.com/product-detail/Vertical-Wind-Turbine-10kw-Wind-Turbine_1600460553551.html
Helix Windmill Wind Power System 1kw Spiral Vertical Axis Wind Turbine Generator,N/A,N/A,https://www.alibaba.com/product-detail/Helix-Windmill-Wind-Power-System-1kw_1601293135790.html
High Efficiency 20Kw Horizontal Axis Wind Turbines for Sale,N/A,N/A,https://www.alibaba.com/product-detail/High-Efficiency-20Kw-Horizontal-Axis-Wind_1601435048390.html
Solar Wind Turbine 10 Kw Wind Turbine Generator for Power Supply,N/A,N/A,https://www.alibaba.com/product-detail/Solar-Wind-Turbine-10-Kw-Wind_1601659140301.html
Best Price Horizontal Wind Turbine 1mw 2mw 3mw 5mw Wind Turbine 5mw Wind Power Generation System,N/A,N/A,https://www.alibaba.com/product-detail/Best-price-horizontal-wind-turbine-1mw_1600745394383.html
High Efficiency X Type Vertical Axis Wind Turbine Generator 1.5kW Aluminum Alloy/Fiber Glass Blades 12V-48V Output 0.62M Rotor,N/A,N/A,https://www.alibaba.com/product-detail/High-Efficiency-X-type-Wind-Turbine_1600863235654.html
"Wind Turbine 5kw System, Stand Alone Wind Power Generation System, off Grid Single Phase Three Phase Generators",N/A,N/A,https://www.alibaba.com/product-detail/wind-turbine-5kw-system-stand-alone_1601042063677.html
Factory Direct 10kw Wind Turbine Price/ Residential Wind Power Price/ 10000 Watt Generator for Farm,N/A,N/A,https://www.alibaba.com/product-detail/Factory-Direct-10kw-wind-turbine-price_1601053511651.html
1.5KW Wind Turbine Low Maintenance Cost for Long Term Operation,N/A,N/A,https://www.alibaba.com/product-detail/1-5KW-Wind-Turbine-Low-Maintenance_1601731484685.html
Manufacturer Wholesale Price 500W Free Wind Energy Electricity Small Wind Turbine With Factory Price,N/A,N/A,https://www.alibaba.com/product-detail/Manufacturer-Wholesale-Price-500W-Free-Wind_1600443257398.html
Hot Sale Wind Turbine 1000w Vertical Axis Wind Turbine 12V 24V 2000w Wind Turbine,N/A,N/A,https://www.alibaba.com/product-detail/Hot-Sale-Wind-Turbine-1000w-Vertical_1600595192851.html
HOUSEHOLD Wind Turbine 2000w Wind Power Generators 220v,N/A,N/A,https://www.alibaba.com/product-detail/HOUSEHOLD-wind-turbine-2000w-wind-power_60347052291.html
Wind Turbine Vertical Axis Wind Turbine 12V 24V 100w Environmentally Friendly 12V/24V Output Generation,N/A,N/A,https://www.alibaba.com/product-detail/Wind-Turbine-Vertical-Axis-Wind-Turbine_1601704932625.html
High Efficiency Wind Turbine L Model 1kw off Grid Wind Power System,N/A,N/A,https://www.alibaba.com/product-detail/High-efficiency-wind-turbine-L-model_62466610065.html
50kW Horizontal Axis Wind Turbine with 12.6m Rotor Diameter and 220v/380v/400v Output for Factory Farm,N/A,N/A,https://www.alibaba.com/product-detail/30kw-50kw-Windmill-Power-Plant-Horizontal_1601616464285.html
100Kw Wind Turbine Generator With Good Quality Blade Largest Wind Turbine,N/A,N/A,https://www.alibaba.com/product-detail/100Kw-Wind-Turbine-Generator-With-Good_60213142267.html
Wind Turbine 5Kw Wind Power Generation System Solar Wind Energy System Home,N/A,N/A,https://www.alibaba.com/product-detail/Wind-Turbine-5Kw-Wind-Power-Generation_1600778586561.html
Hot Sale High Efficiency Mini Wind Turbine Windmills 1kw Wind Generator Wind Turbine Household,N/A,N/A,https://www.alibaba.com/product-detail/Hot-sale-high-efficiency-mini-wind_60728546505.html
Wind Turbine 550kw 100kw 200KW 1MW 3MW 5MW Horizontal Axis Electrical Controlled Generator,N/A,N/A,https://www.alibaba.com/product-detail/Wind-Turbine-50kw-100kw-200KW-1MW_1601234363873.html
Real Factory Windmill Wind Turbine 100KW 380V 420V 480V Generator With CE Approval,N/A,N/A,https://www.alibaba.com/product-detail/Real-Factory-Windmill-Wind-Turbine-100KW_1600900112395.html
3KW High - Efficiency Horizontal Axis Wind Turbine Low Noise 20+ Years Lifespan Factory Direct Sale,N/A,N/A,https://www.alibaba.com/product-detail/3KW-High-Efficiency-Horizontal-Axis-Wind_1601577005111.html
Low Speed Wind Energy Turbine 200kw 3 Blades Horizontal Axis Wind Turbine 50kw 100kw Factory Price,N/A,N/A,https://www.alibaba.com/product-detail/Low-Speed-Wind-Energy-Turbine-200kw_1601615682245.html
ESG High Quantity 13 Years Wind Turbine Factory 1KW Vertical Axis Wind Turbine,N/A,N/A,https://www.alibaba.com/product-detail/ESG-High-Quantity-13-years-wind_1600698911396.html
AC PMSG Wind Power Generator Wind Turbine 3-phase 3kw Wind Turbine for Commercial Use,N/A,N/A,https://www.alibaba.com/product-detail/24-12v-AC-PMSG-Wind-Power_1601304104952.html
100kW 1000w power wind horizontal axis wind turbine for wind power application,N/A,N/A,https://www.alibaba.com/product-detail/100kW-1000w-power-wind-horizontal-axis_1601351699608.html
Windmill Energy Renewable Power Horizontal Axis Wind Turbine for Farm Home High Efficiency Sustainable Generation,N/A,N/A,https://www.alibaba.com/product-detail/Windmill-Energy-Renewable-Power-Horizontal-Axis_1601749031946.html
25kW Horizontal Axis Wind Turbine Low Noise Wind Turbine for Urban Distributed Power Projects,N/A,N/A,https://www.alibaba.com/product-detail/2-5MW-Horizontal-Axis-Wind-Turbine_1601737926905.html
1kw 2kw 10kw Solar Wind Turbine Price 12v Carbon Fiber Composite Blades Wind Speed Power Generator Home Streetlight,N/A,N/A,https://www.alibaba.com/product-detail/1kw-2kw-10kw-solar-wind-turbine_1600653755297.html
High Efficiency 1Kw Wind Turbine Custom Small Wind Turbine,N/A,N/A,https://www.alibaba.com/product-detail/High-Efficiency-1Kw-Wind-Turbine-Custom_1601727636325.html
Wind Turbine Wind Generator Wind Power 10kw-50kw,N/A,N/A,https://www.alibaba.com/product-detail/Wind-Turbine-Wind-Generator-Wind-Power_1601667219415.html
High Quality 20kw Vertical Axis Wind Turbine Aluminum Alloy Blades Generator Windmill for Sale,N/A,N/A,https://www.alibaba.com/product-detail/High-Quality-20kw-Vertical-Axis-Wind_1601751778083.html
New Type Wind Turbine2kw Low Speed Running Wind Generator 2kw 48v Wind Prices,N/A,N/A,https://www.alibaba.com/product-detail/New-type-wind-turbine2kw-low-speed_1600146058796.html
High Power Excellent Technical Team Manufacturing 5KW Wind Turbine 48V 220V Generator,N/A,N/A,https://www.alibaba.com/product-detail/High-Power-Excellent-technical-team-manufacturing_628545341.html
400 Watts Vertical Axis Wind Turbine Kit Price,N/A,N/A,https://www.alibaba.com/product-detail/400-watts-vertical-axis-wind-turbine_60429422585.html
Good Quality Portable 10 Kw Vertical Axis 100 Kw Wind Turbine Price,N/A,N/A,https://www.alibaba.com/product-detail/Good-Quality-Portable-10-Kw-Vertical_1600559537597.html
Horizontal Wind Turbine Generator 500W-10KW Wind Turbine for Home Off Grid Renewable Energy System,N/A,N/A,https://www.alibaba.com/product-detail/Horizontal-Wind-Turbine-Generator-500W-10KW_1601715250718.html
China Factory 600w 1000w 2000w 3000w 5000w 10kw Vertical Axis Wind Turbine Wind for Sale,N/A,N/A,https://www.alibaba.com/product-detail/China-Factory-600w-1000w-2000w-3000w_1600767107897.html
Wholesale Price Cheap Wind Turbine 1200 Vertical Windmill Power Plant Vertical Axis Generator,N/A,N/A,https://www.alibaba.com/product-detail/Wholesale-Price-Cheap-Wind-Turbine-1200_1601270498532.html
Hot Selling Wind Turbine Motor Price 12V 24V Home Vertical Axis 48V 96V 1Kw 2Kw 3Kw Vertical,N/A,N/A,https://www.alibaba.com/product-detail/Hot-Selling-Wind-Turbine-Motor-Price_1600838517730.html
X-20kw New Energy Grid Low Rpm No Noise Vertical Axis Wind Turbine 3 Blades Glass Fiber 220V-380V Output,N/A,N/A,https://www.alibaba.com/product-detail/X-20kw-20kw-New-Energy-on_1601777462865.html
China Manufacturer Renewable Highly Efficient Wind Generators 10KW 15KW 20KW Plant Power Generation System,N/A,N/A,https://www.alibaba.com/product-detail/China-Manufacturer-Renewable-Highly-Efficient-Wind_1601518135730.html
New Design Wind Turbine Portable Small Wind Turbine 900 Wind Generator for Home,N/A,N/A,https://www.alibaba.com/product-detail/New-Design-Wind-Turbine-Portable-Small_1601269094022.html
China 1KW Residential Wind Turbine 1.8KW Max Wind Power Generator with 24V-240V Options On/Off Grid & Hybrid System,N/A,N/A,https://www.alibaba.com/product-detail/Poland-1kw-Wind-Turbine-Price-1000w_1601514901373.html
5KW Commercial Wind Solar Hybrid System Wind Turbine Suitable for Industrial Projects & Large-Scale Generation,N/A,N/A,https://www.alibaba.com/product-detail/5KW-Commercial-Wind-Solar-Hybrid-System_1601671002455.html
Residential Wind Turbine 5KW 10KW Wind Turbine for House Solar Energy System,N/A,N/A,https://www.alibaba.com/product-detail/residential-wind-turbine-5KW-10KW-wind_62579832083.html
1KW 1.3m Rotor Diameter Mini Vertical Helix Wind Turbine Generator with 12V/24/48V Output for Home Use,N/A,N/A,https://www.alibaba.com/product-detail/wind-generator-mini-wind-turbine-machine_1600545822246.html
Low Speed 200kW 3 Blades Horizontal Axis Wind Turbine 50kW 100kW 22m Rotor Diameter 30m Height Factory Price,N/A,N/A,https://www.alibaba.com/product-detail/Low-Speed-Wind-Energy-Turbine-200kw_1601618239892.html
High Efficiency 3KW Horizontal Axis Wind Turbine Low Noise for Home Off Grid Use,N/A,N/A,https://www.alibaba.com/product-detail/High-Efficiency-3KW-Horizontal-Axis-Wind_1601721267895.html
100w 12v/24v High Performance Vertical Axis Wind Turbine with Low Price,N/A,N/A,https://www.alibaba.com/product-detail/100w-12v-24v-high-performance-vertical_1600205636361.html
400W small wind turbine for home use,N/A,N/A,https://www.alibaba.com/product-detail/400W-small-wind-turbine-for-home_1601283465832.html
400W Vertical Wind Turbine Free Energy Turbine 48v Wind Turbine,N/A,N/A,https://www.alibaba.com/product-detail/400W-Vertical-Wind-Turbine-Free-Energy_1601725683862.html
High Performance 1KW 5 Blades Wind Turbines for Sale,N/A,N/A,https://www.alibaba.com/product-detail/High-Performance-1KW-5-Blades-Wind_615723122.html
Hot Sale 10kw Wind Turbine Price/ Residential Wind Power Price/ 10000 Watt Generator for Farm,N/A,N/A,https://www.alibaba.com/product-detail/Hot-Sale-10kw-Wind-Turbine-Price_1601430666222.html
Low Speed Vertical Axis 1kw Wind Turbine for Sale,N/A,N/A,https://www.alibaba.com/product-detail/Low-Speed-Vertical-Axis-1kw-Wind_60597344034.html
Low-price Wholesale Wind Turbine 900 Horizontal Windmill Generator Wind Turbine for Home,N/A,N/A,https://www.alibaba.com/product-detail/Low-price-Wholesale-Wind-Turbine-900_1601269138921.html
3.5kw/4kw Domestic Variable Pitch Wind Turbine for Home Use On/Off Grid & Hybrid Systems 4m Rotor Diameter,N/A,N/A,https://www.alibaba.com/product-detail/3-5kw-Domestic-Variable-Speed-Wind_1601696218282.html
Wind Turbines Prices Electric Generator 2KW / 3KW 5KW Wind Generators / 6KW 8KW 10KW for House,N/A,N/A,https://www.alibaba.com/product-detail/Wind-turbines-prices-electric-generator-2KW_2003497084.html
1KW 5KW 10KW 1500w Wind Turbine Price Wind Energy Generator Export Turbines Windmill Flower New Type,N/A,N/A,https://www.alibaba.com/product-detail/1KW-5KW-10KW-1500w-wind-turbine_1601363643125.html
"Best Selling 1200w Vertical Axis Small Wind Turbine in UK, Germany, France, Italy, Netherlands and Spain",N/A,N/A,https://www.alibaba.com/product-detail/Best-selling-1200w-vertical-axis-small_1601046363545.html
Small Wind Energy Power Plant Generator Turbine 500W1KW 2KW 3KW Vertical Wind,N/A,N/A,https://www.alibaba.com/product-detail/Small-wind-energy-power-plant-generator_1600494448993.html
Wind Turbine 3KW Wind Electricity Generator for Home Use H Type Wind Energy System,N/A,N/A,https://www.alibaba.com/product-detail/Wind-Turbine-3KW-Wind-Electricity-Generator_1601497042460.html
China Wind Turbine Manufacturer 500w 24v/48v Wind Energy Generator Price,N/A,N/A,https://www.alibaba.com/product-detail/China-Wind-Turbine-Manufacturer-500w-24v_60595078534.html
High Quality Custom Horizontal Axis Large Wind Turbine Features Rotor Diameter Options Cold Climate Version 550Kw,N/A,N/A,https://www.alibaba.com/product-detail/High-Quality-Custom-Horizontal-Axis-Large_1601651336218.html
Hot Sale Domestic Vertical Axis Wind Turbine with CE Certificate 5kw Rated Power 10kw 20kw 5000w 2kw Options Available,N/A,N/A,https://www.alibaba.com/product-detail/Hot-Sale-Domestic-Vertical-Axis-Wind_1601167101739.html
Portable Horizontal Axis Wind Turbine 1000w 24v Made in China with Good Price,N/A,N/A,https://www.alibaba.com/product-detail/Portable-Horizontal-Axis-Wind-Turbine-1000w_60402723976.html
Wholesale Price 12v 400W 500W 1000W 3 Bladed Wind Turbine With Controller for Home,N/A,N/A,https://www.alibaba.com/product-detail/Wholesale-Price-12v-400W-500W-1000W_1601725696709.html
300W 400W 500W 1KW Wholesale HAWT Wind Turbines Fast EU Delivery Within 15 Days OEM/ODM Supported,N/A,N/A,https://www.alibaba.com/product-detail/300W-400W-500W-1KW-Wholesale-HAWT_1601417971691.html
China Manufacturer Stable Operation Free Energy Windmill Turbine Wind Power Farm 100kw,N/A,N/A,https://www.alibaba.com/product-detail/China-Manufacturer-Stable-Operation-Free-Energy_1601772291429.html
High Efficient Horizontal 3kw Wind Turbine for Sale,N/A,N/A,https://www.alibaba.com/product-detail/High-Efficient-Horizontal-3kw-Wind-Turbine_60567279324.html
Brand New High Quality 30kW Wind Turbine Three Blades Low Noise Wind Generator for Government Project and Industrial Use,N/A,N/A,https://www.alibaba.com/product-detail/Brand-New-High-Quality-300kW-Wind_1601738992169.html
China Factory Real Power 50kw Horizontal Axis Wind Turbine 50kw Hawt wind Generator,N/A,N/A,https://www.alibaba.com/product-detail/China-Factory-Real-Power-50kw-Horizontal_1601749113602.html
ESG Hot Sell Wind Turbine 1kw 2kw 3KW to 20kw Wind Turbine Generator Price Residential Power,N/A,N/A,https://www.alibaba.com/product-detail/ESG-Hot-Sell-wind-turbine-1kw_1601279961661.html
Wind Turbine Wind Generator Wind Power10kw-20kw,N/A,N/A,https://www.alibaba.com/product-detail/Wind-Turbine-Wind-Generator-Wind-Power10kw_1601559095393.html
1500w 48v Small Wind Turbine Companies New Wind Turbine Technology Vertical Wind,N/A,N/A,https://www.alibaba.com/product-detail/1500w-48v-small-wind-turbine-companies_1600832212648.html
Good Quality New Energy Technology Wind Turbine 1000kw Wind Turbine 1mw Wind Power Generation System,N/A,N/A,https://www.alibaba.com/product-detail/Good-Quality-New-energy-technology-wind_1600700467516.html
3kw Wind Turbine 24v-380v Wind Generators with Competitive Price,N/A,N/A,https://www.alibaba.com/product-detail/3kw-wind-turbine-price-with-24v_60750930821.html
200w Wind Turbine 48v Wind Turbine Price Wind Turbine Power Production,N/A,N/A,https://www.alibaba.com/product-detail/200w-wind-turbine-48v-wind-turbine_1600809944389.html
Producer 300kw Ultra-large Wind Turbine 440v Wind Generator Maximum Efficiency Mill Best Seller,N/A,N/A,https://www.alibaba.com/product-detail/Producer-300kw-Ultra-large-Wind-Turbine_1601251171513.html
Small Size and High Energy Efficiency Flower-shaped Vertical Axis Wind Turbine 1000W 12V/24V,N/A,N/A,https://www.alibaba.com/product-detail/Small-size-and-high-energy-efficiency_1601010093119.html
Factory Hot Sale 50kw Hybrid Home Wind System Vertical Axis Wind Turbine 10m Height Aluminum Alloy Blades,N/A,N/A,https://www.alibaba.com/product-detail/Factory-Hot-Sale-Power-Generator-50kw_1601638549546.html
Wind Power Energy Station 400w Wind Turbine Generator System Home Industrial Generator for Home,N/A,N/A,https://www.alibaba.com/product-detail/Wind-Power-Energy-Station-400w-Wind_1601560038240.html
3000W Wind Turbine Wind Generator for Off Grid Wind Power System,N/A,N/A,https://www.alibaba.com/product-detail/3000W-Wind-Turbine-Wind-Generator-for_60721094875.html
Many Years Factory 1kw Vertical Wind Turbine with Competitive Price,N/A,N/A,https://www.alibaba.com/product-detail/Many-Years-Factory-1kw-Vertical-Wind_1601727623360.html
Wind Turbine Wind Generator Wind Power 10kw-50kw,N/A,N/A,https://www.alibaba.com/product-detail/Wind-Turbine-Wind-Generator-Wind-Power_1601662000311.html
Best Price System Electricity Control Type Wind Engineering Vertical Axis Wind Turbine,N/A,N/A,https://www.alibaba.com/product-detail/Best-Price-System-Electricity-Control-Type_1601751556376.html
10kw Vertical Wind Turbine Magnetic Generator Free Energy Solar Generators Panels System,N/A,N/A,https://www.alibaba.com/product-detail/10kw-vertical-wind-turbine-magnetic-generator_1600642240605.html
Elege Home Wind Mill Power 400w 600w Turbine Free Energy Generator Wind 1kw Windmill Free Flywheel Eolic System,N/A,N/A,https://www.alibaba.com/product-detail/Home-wind-generators-400w-600w-turbine_1600659385694.html
Chinese Factory 2kw Wind Turbine Horizontal Wind Turbine Small Wind Turbine,N/A,N/A,https://www.alibaba.com/product-detail/Chinese-Factory-2kw-wind-turbine-horizontal_1600726935289.html
New Energy 5KW Horizontal Axis Wind Turbine Generator for Home Wind Turbine System,N/A,N/A,https://www.alibaba.com/product-detail/New-Energy-5KW-Horizontal-Axis-Wind_1601722425623.html
Hot Sales 96v 5kw Wind Power Turbine Alternative Energy Generators,N/A,N/A,https://www.alibaba.com/product-detail/HOT-SALES-96v-5kw-wind-power_60722653811.html
China Factory 1000W Vertical Axis Wind Turbine Generator 12V 24V Semi-managed Fast Shipping for Home,N/A,N/A,https://www.alibaba.com/product-detail/China-Factory-1000W-Vertical-Axis-Wind_1601069681438.html
Deming DM-1000W 1000W Home Wind Turbine Power Generator with 3 Blades 1.2m Rotor Diameter & 2.0m/s Start Speed,N/A,N/A,https://www.alibaba.com/product-detail/Wind-Turbine-Used-for-Home-1000W_1601596816551.html
Middle Wind Turbine 40kW Factory Direct Supply Competitive Price,N/A,N/A,https://www.alibaba.com/product-detail/Middle-Wind-Turbine-40kW-Factory-Direct_1601731548331.html
Hot Sale High Efficiency 5 Blades 50kw 380v Strong Wind Generator 30kw Vertical Axis,N/A,N/A,https://www.alibaba.com/product-detail/Hot-Sale-High-Efficiency-5-Blades_1601638575312.html
Chinese Low Cost 2kw Wind Turbine Price for All Family and Home Solar Power System,N/A,N/A,https://www.alibaba.com/product-detail/Chinese-low-cost-2kw-wind-turbine_1867760925.html
High Efficiency Wind Turbine 50KW 380V 420V Wind Generator Factory,N/A,N/A,https://www.alibaba.com/product-detail/High-Efficiency-Wind-Turbine-50KW-380V_1600906698022.html
Wind Turbine 220v 10kw Wind Energy Solar Hybrid Power Generation System 48V 96V Household Energy System,N/A,N/A,https://www.alibaba.com/product-detail/Wind-Turbine-220v-10kw-Wind-Energy_1601727689039.html
Wind Generator 1KW Horizontal Wind Turbine for Home Wind Generators,N/A,N/A,https://www.alibaba.com/product-detail/Wind-Generator-1KW-Horizontal-Wind-Turbine_1601740893954.html
Small Wind Turbine Low Wind Speed 12V 24V 200W 300W Vertical Axis Wind Turbine for Home Use,N/A,N/A,https://www.alibaba.com/product-detail/Small-Wind-Turbine-Low-Wind-Speed_1601733066219.html
IEC CE Certified H Type Vertical Axis Wind Turbine 30KW for Commercial and Industrial Power Supply,N/A,N/A,https://www.alibaba.com/product-detail/IEC-CE-Certified-H-Type-Vertical_1601756032939.html
Factory Best Selling New 50kw Wind Turbine Price Wind Turbines Energy Generators,N/A,N/A,https://www.alibaba.com/product-detail/Factory-best-selling-new-50kw-wind_1600200034289.html
Commercial 10kw Wind Turbine Price/ Residential Wind Power Generator / 10000 Watt Generator for Farm,N/A,N/A,https://www.alibaba.com/product-detail/Commercial-10kw-wind-turbine-price-residential_1600952247830.html
SMARAAD Spiral Vertical Axis Wind Turbine SS-1200W Low Noise and High Energy Efficiency Shipped From the Manufacturer,N/A,N/A,https://www.alibaba.com/product-detail/SMARAAD-Spiral-Vertical-Axis-Wind-Turbine_1601070641718.html
RY Hot Sale 5KW Wind Turbine Price/ Residential Wind Power Price/ 5KW Wind Generator for Farm,N/A,N/A,https://www.alibaba.com/product-detail/2024-Hot-sale-5KW-wind-turbine_1600790721237.html
Factory Price 10KW Wind Turbine 3 Blades (Reinforced Glass Fiber) 5800mm Rotor Diameter 220V/380VAC R&X RX-10KH3,N/A,N/A,https://www.alibaba.com/product-detail/Factory-Price-Wind-Turbine-10kw-With_60304259121.html
2000W Off-Grid Wind Turbine for Home Use Portable Wind Power Generation System,N/A,N/A,https://www.alibaba.com/product-detail/2000W-off-grid-wind-turbine-for_60511617482.html
60kW High Efficiency Vertical Wind Turbine Low Wind Speed for Home Commercial Use,N/A,N/A,https://www.alibaba.com/product-detail/60kW-High-Efficiency-Vertical-Wind-Turbine_1601739167747.html
High Efficiency Horizontal Wind Turbine Generator 50KW 12.6m Rotor Diameter 220V/380V/400V off on Grid System,N/A,N/A,https://www.alibaba.com/product-detail/High-Efficiency-Horizontal-Wind-Turbine-Generator_1601610817665.html
High Quality Wind Generator Turbine Commercial Use Renewable Energy 400w Generator Price,N/A,N/A,https://www.alibaba.com/product-detail/High-Quality-Wind-Generator-Turbine-Commercial_1600903183509.html
Commercial Use Vertical Axis Wind Turbine for 200kw 400v Wind Power Turbine Generator,N/A,N/A,https://www.alibaba.com/product-detail/Commercial-Use-Vertical-Axis-Wind-Turbine_1601636633001.html
off Grid 3kw Wind Turbine Price,N/A,N/A,https://www.alibaba.com/product-detail/off-grid-3kw-wind-turbine-price_60460120817.html
Factory Direct China Advanced Large Wind Turbine Powerful Wind Turbine Giant 5Mw,N/A,N/A,https://www.alibaba.com/product-detail/Factory-Direct-China-Advanced-Large-Wind_1601677984490.html
Household Wind Turbine 20 Kw With Great Price,N/A,N/A,https://www.alibaba.com/product-detail/Household-Wind-Turbine-20-Kw-With_1601167217807.html
Factory Price 1kw Wind Turbine for Home Use Wind Power Turbine Generator Hybrid,N/A,N/A,https://www.alibaba.com/product-detail/Factory-Price-1kw-Wind-Turbine-for_1601727676217.html
5kw Wind Turbine Price Wind Turbines Generator Wind Turbine System,N/A,N/A,https://www.alibaba.com/product-detail/5kw-wind-turbine-price-wind-turbines_1601046858572.html
ESG Cheapest Hot Sale 600w Off Grid Wind Turbine With Good Quality Wind Power System for Street Light,N/A,N/A,https://www.alibaba.com/product-detail/ESG-Cheapest-Hot-Sale-600w-Off_60824308066.html
China Home Use 5000 Watt Wind Turbine,N/A,N/A,https://www.alibaba.com/product-detail/China-home-use-5000-watt-wind_60622121807.html
Low Speed Wind Energy Turbine 200kw 3 Blades Horizontal Axis Wind Turbine Factory Price,N/A,N/A,https://www.alibaba.com/product-detail/Low-Speed-Wind-Energy-Turbine-200kw_1601748517226.html
120kW Medium Wind Power Turbine for Industrial Distributed Energy Project,N/A,N/A,https://www.alibaba.com/product-detail/500kW-Medium-Wind-Power-Turbine-for_1601749049509.html
High Efficiency 30kw Horizontal Axis Wind Turbine/3 Blades/Low Start-up Wind Speed,N/A,N/A,https://www.alibaba.com/product-detail/High-Efficiency-30kw-Horizontal-Axis-Wind_1601570178291.html
China Factory Price Vertical Axis Wind Turbine Wind 900 Power Generator for Sale,N/A,N/A,https://www.alibaba.com/product-detail/China-Factory-Price-Vertical-Axis-Wind_1601270301807.html
Farm 1kw Wind Turbine Price Wind Turbine 24v Wind Turbine Price,N/A,N/A,https://www.alibaba.com/product-detail/Farm-1kw-wind-turbine-Price-wind_1601241034016.html
Chinese Factory 300KW Wind Turbine Prices 100kw 200kw 400kw 500kw Wind Turbine 300kw,N/A,N/A,https://www.alibaba.com/product-detail/Chinese-factory-300KW-wind-turbine-prices_1600714559636.html
Factory Direct Supply Horizontal Axis Wind Turbine 10Kw Wind Mill for Electricity,N/A,N/A,https://www.alibaba.com/product-detail/Factory-Direct-Supply-Horizontal-Axis-Wind_1601659775349.html
Small Wind Turbine 2000w,N/A,N/A,https://www.alibaba.com/product-detail/small-wind-turbine-2000w_1600566262598.html
Commercial Large Type Wind Turbine - 3KW System for Power Plant & Commercial Energy Projects,N/A,N/A,https://www.alibaba.com/product-detail/Commercial-Large-Type-Wind-Turbine-3KW_1601670521054.html
2019 New Design Vertical Axis Style Low Start Wind Speed 2 kw Wind Turbine Magnetic,N/A,N/A,https://www.alibaba.com/product-detail/2019-New-design-vertical-Axis-style_846140124.html
1KW Home Wind Turbine Wind Generator Turbine With FRP Blades for Wind Power,N/A,N/A,https://www.alibaba.com/product-detail/1KW-Home-Wind-Turbine-Wind-Generator_60750600985.html
Factory Price Low Speed 200kW 3 Blades Horizontal Axis Wind Turbine with 22m Rotor Diameter and Direct Drive Generator,N/A,N/A,https://www.alibaba.com/product-detail/Factory-Price-Low-Speed-Wind-Energy_1601615716073.html
2.5MW 5MW 6MW 10MWHigh Efficiency Wind Turbine for Renewable Energy Power Generation,N/A,N/A,https://www.alibaba.com/product-detail/2-5MW-5MW-6MW-10MWHigh-Efficiency_1601430065400.html
China Manufacture5kw Wind Turbine Generator High Quality Residential Wind with Good Offer,N/A,N/A,https://www.alibaba.com/product-detail/China-Manufacture5kw-Wind-Turbine-Generator-High_1601653214786.html
Wind Generator 100kw Wind Turbine High Performance Tree Maglev Vertical Axis Windmill,N/A,N/A,https://www.alibaba.com/product-detail/Wind-Generator-100kw-Wind-Turbine-High_1601639255199.html
Aluminum Alloy Wind Turbine 400w 12/24v OEM/ODM 48H Low Wind Speed Start Wind,N/A,N/A,https://www.alibaba.com/product-detail/Aluminum-Alloy-Wind-Turbine-400w-12_1601406779802.html
High Altitude Adapted 75kW Wind Turbine for Low Air Pressure Strong Wind and Complex Plateau Environment,N/A,N/A,https://www.alibaba.com/product-detail/High-Altitude-Adapted-75kW-Wind-Turbine_1601735264683.html
500W Small Wind Turbine Wind Power Generator for Home Use,N/A,N/A,https://www.alibaba.com/product-detail/500W-Small-Wind-Turbine-Wind-Power_62335752359.html
Renewable Energy Horizontal Wind Turbine 3kw 5KW 10KW 20KW Wind Power Generator Windmill,N/A,N/A,https://www.alibaba.com/product-detail/Renewable-Energy-Horizontal-Wind-Turbine-3kw_1600830043330.html
Hot Sale High Quality 10KW Horizontal Axis Wind Turbine with off Grid and on Grid System,N/A,N/A,https://www.alibaba.com/product-detail/Hot-Sale-High-Quality-10KW-Horizontal_1601727520916.html
Wind Generator High Power Engineering Projects Vertical Axis Wind Turbine 100kw,N/A,N/A,https://www.alibaba.com/product-detail/Wind-Generator-High-Power-Engineering-Projects_1601751618226.html
100 Watt 12v Hot Sale Mini Vertical Axis Wind Turbine,N/A,N/A,https://www.alibaba.com/product-detail/100-watt-12v-hot-sale-mini_60444101622.html
Low Speed Wind Energy Turbine 200kw 3 Blades Horizontal Axis Wind Turbine 50kw 100kw Factory Price,N/A,N/A,https://www.alibaba.com/product-detail/Low-Speed-Wind-Energy-Turbine-200kw_1601787285128.html
70kW Horizontal Axis Wind Turbine Grid Tie Compatible Wind Turbine for Commercial and Agricultural Use,N/A,N/A,https://www.alibaba.com/product-detail/700kW-Horizontal-Axis-Wind-Turbine-Grid_1601738118416.html
80KW Electric Generating Windmills for Sale 80kw Wind Turbine Price Wind Generator 80kw,N/A,N/A,https://www.alibaba.com/product-detail/80KW-electric-generating-windmills-for-sale_11000007040482.html
Household Wind Generator 10 Kilowatt Wind Turbine with CE Certificate,N/A,N/A,https://www.alibaba.com/product-detail/Household-Wind-Generator-10-Kilowatt-Wind_1601682984047.html
Wind Turbine 1kw with 9m/s Wind Speed,N/A,N/A,https://www.alibaba.com/product-detail/wind-turbine-1kw-with-9m-s_1600113384852.html
5KW Commercial Wind Turbine Large Scale Customized Start Wind Speed for Home Off-grid Power System,N/A,N/A,https://www.alibaba.com/product-detail/5KW-Commercial-Wind-Turbine-Large-Scale_1601671108150.html
5kw Wind Turbine Price/ Residential Wind Power Price/wind Home Generators,N/A,N/A,https://www.alibaba.com/product-detail/5kw-wind-turbine-price-residential-wind_60789209056.html
380V 50kW Horizontal Axis Wind Generator 12.6m Rotor Diameter Reinforced Glass Fiber Blades for Factory Farm,N/A,N/A,https://www.alibaba.com/product-detail/380V-Windmill-Power-Plant-30kw-Horizontal_1601619542526.html
Hot Selling Wind Turbine 5kw for Home Use,N/A,N/A,https://www.alibaba.com/product-detail/Hot-Selling-Wind-Turbine-5kw-for_60825506407.html
Fast Delivery Output Large Scale Wind Turbine Capacity Large Scale Wind Turbine Megawatt Large Scale,N/A,N/A,https://www.alibaba.com/product-detail/Fast-Delivery-Output-Large-Scale-Wind_1601666155373.html
China Factory 10 Kw Vertical Axis Wind Turbine Package With Solar System Wind on Grid,N/A,N/A,https://www.alibaba.com/product-detail/China-Factory-10-Kw-Vertical-Axis_1601696025025.html
Factory Price 10kw Wind Turbine Wind Power Generator Kit 220V 380V,N/A,N/A,https://www.alibaba.com/product-detail/Factory-Price-10kw-Wind-Turbine-Wind_60722298605.html
Hot Sale 10kw Wind Turbine Price/Residential Wind Turbine Price/10000 Watt . for Farm,N/A,N/A,https://www.alibaba.com/product-detail/Hot-Sale-10kw-Wind-Turbine-Price_1601721504014.html
Good Quality NE-G 10KW Commercial Wind Turbine 120/220/240/380V Wind Mill Wind for Home,N/A,N/A,https://www.alibaba.com/product-detail/Good-quality-NE-G-10KW-commercial_1601292124831.html
High Quality Hot Sale 10kw Wind Turbine Price/ Residential Wind Power Price/ 10000 Watt Generator for Farm,N/A,N/A,https://www.alibaba.com/product-detail/High-Quality-Hot-Sale-10kw-Wind_1601658014485.html
Top Rated 1000w Vertical Wind Turbine with 5 Blades Height 2000MM for Household,N/A,N/A,https://www.alibaba.com/product-detail/Top-Rated-1000w-Vertical-Wind-Turbine_1601756512866.html
China Wholesale 330Kw Low-Noise Wind Power Plant Performance Wind Turbine for Advanced Distributed Generation Systems,N/A,N/A,https://www.alibaba.com/product-detail/China-Wholesale-330Kw-Low-Noise-Wind_1601641256902.html
High Quality Cheap Desert Environment Wind Turbine With Anti Corrosion Transportation Logistics Service 550Kw Power,N/A,N/A,https://www.alibaba.com/product-detail/High-Quality-Cheap-Desert-Environment-Wind_1601651284473.html
Home Popular China Wind Turbine for Wholesales,N/A,N/A,https://www.alibaba.com/product-detail/Home-Popular-China-Wind-Turbine-For_1601167257245.html
1kw Vertical Wind Turbine for Sale Made in China,N/A,N/A,https://www.alibaba.com/product-detail/1kw-vertical-wind-turbine-for-sale_60549305948.html
OEM Wind Turbine 2000W 20KW Vertical Axis Wind Turbine Vertical Wind Turbine 48V Tulip Spiral,N/A,N/A,https://www.alibaba.com/product-detail/OEM-Silent-Diesel-Generator-50-60Hz_1601701592051.html
Factory Price 1kw Wind Turbine for Home Use Wind Power Turbine Generator Hybrid,N/A,N/A,https://www.alibaba.com/product-detail/Factory-Price-1kw-Wind-Turbine-for_1601727603469.html
Wind Turbine 1kw 5kw 10kw Windmill Power Plant Vertical Axis Wind Generator System for Home Used Renewable Free Energy,N/A,N/A,https://www.alibaba.com/product-detail/Wind-Turbine-1kw-5kw-10kw-Windmill_1601575073706.html
300KW Electric Generating Windmills for Sale 300KW Wind Turbine Price Vertical Wind Generator,N/A,N/A,https://www.alibaba.com/product-detail/300KW-electric-generating-windmills-for-sale_1600714795554.html
Overseas Warehouse Small Wind Turbine 600w Wind Turbine Blades Aluminum Alloy Jiuli Power Technology Co EL Molino De Viento,N/A,N/A,https://www.alibaba.com/product-detail/Overseas-Warehouse-Small-Wind-Turbine-600w_1600972455125.html
CE APPROVED Wind Turbine 10kw 5kw 3kw Wind Turbine /wind Generator 1000w Vertical Axis,N/A,N/A,https://www.alibaba.com/product-detail/CE-APPROVED-wind-turbine-10kw-5kw_428064614.html
Hot Sale 5kw Wind Turbine Price Residential Wind Power Price 5kw Horizontal Wind Generator for Farm,N/A,N/A,https://www.alibaba.com/product-detail/Hot-sale-5kw-wind-turbine-price_1600784529681.html
3000 Watt Wind Turbine for Power Generation,N/A,N/A,https://www.alibaba.com/product-detail/3000-Watt-Wind-Turbine-for-Power_1601439341496.html
Factory Price Low Speed Wind Energy Turbine 200kw 3 Blades Horizontal Axis,N/A,N/A,https://www.alibaba.com/product-detail/Factory-Price-Low-Speed-Wind-Energy_1601618230907.html
Alternative Energy China Wind Turbine 5kw 220v Wind Power System Low Rpm Wind Generator,N/A,N/A,https://www.alibaba.com/product-detail/Alternative-energy-china-wind-turbine-5kw_1600151307319.html
Factory Price Horizontal 100KW Large Wind Turbine for Wind Generator Energy Systems,N/A,N/A,https://www.alibaba.com/product-detail/Factory-Price-Horizontal-100KW-Large-Wind_1601779541095.html
High Quality Brand New 500W Wind Turbine High Conversion Efficiency for Energy Saving,N/A,N/A,https://www.alibaba.com/product-detail/High-Quality-Brand-New-500W-Wind_1601731595066.html
Sells Wind Generator 1kw Price Wind Energy Generator Home Wind Turbine,N/A,N/A,https://www.alibaba.com/product-detail/Sells-wind-generator-1kw-price-wind_1600597208298.html
10KW Made-in-China Factory Direct Sales High-Quality Silent and Efficient Wind,N/A,N/A,https://www.alibaba.com/product-detail/10KW-Made-in-China-Factory-Direct_1601517662942.html
New Energy 100w 200w 300w 400w 500w 600w Wind Turbine Home Wind Turbine System Price List,N/A,N/A,https://www.alibaba.com/product-detail/New-Energy-100w-200w-300w-400w_1600673520688.html
European Standards High Efficiency Horizontal 5kw Wind Turbine Price,N/A,N/A,https://www.alibaba.com/product-detail/European-Standards-High-Efficiency-Horizontal-5kw_1601670909164.html
"Vertical Axis Wind Turbine 50w 75w CE Aluminum Alloy 5 Pcs Static Balance,dynamic Balance 80cm 3years 12V/24V CN;SHN HENRYD C.W",N/A,N/A,https://www.alibaba.com/product-detail/Vertical-Axis-Wind-Turbine-50w-75w_62507595097.html
300w/400w 12/24 Volt Mini Vertical Axis Wind Turbine with CE Made in China,N/A,N/A,https://www.alibaba.com/product-detail/300w-400w-12-24-Volt-Mini_60624861787.html
High Quality Environmental Protection Vertical Axis Wind Turbine with Glass Fiber Blades 4m Rotor Diameter for Commercial Use,N/A,N/A,https://www.alibaba.com/product-detail/High-Quality-Environmental-Protection-Vertical-Generator_1600914801879.html
Factory Price 1KW Wind Turbine 1000W Wind Generator for Wind Power Application on Sale!,N/A,N/A,https://www.alibaba.com/product-detail/Factory-Price-1KW-Wind-Turbine-1000W_1601291048310.html
Industry Electricity Wind Energy System Control Type Engineering 100kw Vertical Axis,N/A,N/A,https://www.alibaba.com/product-detail/Industry-Electricity-Wind-Energy-System-Control_1601636043041.html
High-Efficiency Spherical Wind Turbine 600W-3kW Blade-Less Design for Bird-Safe Low Maintenance,N/A,N/A,https://www.alibaba.com/product-detail/High-Efficiency-Spherical-Wind-Turbine-600W_1601385886099.html
Wholesale Price White Nylon Efficient and Low Noise Wind Turbine for Energy Windmill Power Generation,N/A,N/A,https://www.alibaba.com/product-detail/Wholesale-Price-White-Nylon-Efficient-and_1600287335209.html
Free Energy 1kw Wind Power Turbine Generator Solar Panels Windmills Wind for Home Use,N/A,N/A,https://www.alibaba.com/product-detail/Free-Energy-5kw-Wind-Power-Turbine_1601092268168.html
China Manufacturer Stable Operation Free Energy Windmill Turbine Wind Power h Type 20kw,N/A,N/A,https://www.alibaba.com/product-detail/China-Manufacturer-Stable-Operation-Free-Energy_1601754494293.html
100W-600W Customizable Wind Turbine for Engineering Project Use,N/A,N/A,https://www.alibaba.com/product-detail/100W-600W-Customizable-Wind-Turbine-for_1601731574119.html
China Factory 2000w 12/24v Vertical Axis Wind Turbine Wind Energy Generator Home Cheap,N/A,N/A,https://www.alibaba.com/product-detail/China-Factory-2000w-12-24v-Vertical_1601734223745.html
8KW High-Efficiency Horizontal Axis Wind Turbines for Clean Energy - Factory Direct Wholesale,N/A,N/A,https://www.alibaba.com/product-detail/8KW-High-Efficiency-Horizontal-Axis-Wind_1601679019233.html
600w 1kw 2kw Vertical Axis Wind Turbine China Wind Turbine Manufacturer,N/A,N/A,https://www.alibaba.com/product-detail/600w-1kw-2kw-vertical-axis-wind_1600556081941.html
10kw 30kw 50kw Wind Turbine for Project Horizontal Wind Generator and Solar Wind,N/A,N/A,https://www.alibaba.com/product-detail/10kw-30kw-50kw-wind-turbine-for_1600682046269.html
Pitch Controlled Wind Power Generation Wind Turbine 20Kw for Farm,N/A,N/A,https://www.alibaba.com/product-detail/Pitch-Controlled-Wind-Power-Generation-Wind_1601396824902.html
800W & 1000W Wind Turbines for Sale Energy Power Generator & Wind Generator,N/A,N/A,https://www.alibaba.com/product-detail/Wind-turbines-for-sale-turbine-800w_1600658490224.html
Factory Cheap Price Efficient Wind Driven Generator Spiral Wind Turbine Blades Hybrid Generator,N/A,N/A,https://www.alibaba.com/product-detail/Factory-Cheap-Price-Efficient-Wind-Driven_1601619354819.html
5000w On-Grid Wind Turbine Generator | Real Copper Core | Low-Noise Operation | for Industrial Park | CE & ISO Certified,N/A,N/A,https://www.alibaba.com/product-detail/For-Sale-5000w-Wind-Turbine-Wind_1601243405409.html
Hot Sale Residential Wind Turbine Generator Real Horizontal 400Kw Wind Turbines Windmill Generator,N/A,N/A,https://www.alibaba.com/product-detail/Hot-Sale-Residential-Wind-Turbine-Generator_1600913011309.html
High Quality Wind Turbine Controller 1000kw Wind Turbine Wind Turbine,N/A,N/A,https://www.alibaba.com/product-detail/High-quality-wind-turbine-controller-1000kw_1600715665711.html
Hot Selling 100kw Vertical Axis Wind Turbine 380v for Home Use CE Certified Renewable Energy Source,N/A,N/A,https://www.alibaba.com/product-detail/Hot-Selling-100kw-Vertical-Axis-Wind_1601628461977.html
Factory Direct Low Noise H Type VAWT Wind Turbine 20KW 30KW for Commercial on Grid Power Supply,N/A,N/A,https://www.alibaba.com/product-detail/Factory-Direct-Low-Noise-H-Type_1601754867521.html
Residential Wind Power Price Wind Turbine 200kw Horizontal Wind Generator for Farm,N/A,N/A,https://www.alibaba.com/product-detail/Residential-Wind-Power-Price-Wind-Turbine_1601778289217.html
Hot Sale High Efficiency 5 Blades 30kw Vertical Axis Wind Turbine 50kw 380v Strong Generator,N/A,N/A,https://www.alibaba.com/product-detail/Hot-Sale-High-Efficiency-5-Blades_1601751595873.html
Top Fashion Wind Turbine 48v Wind Turbine Blade 1000w Renewable Energy Wind Driven Roof Top Ventilator Fan,N/A,N/A,https://www.alibaba.com/product-detail/Top-fashion-wind-turbine-48v-wind_1601090921532.html
"SALES! Micro Vertical Axis Wind Turbine 10w 20w 30w 50w 100w 12v Aluminum Alloy 2 Years 5 Pcs Static Balance,dynamic Balance 15w",N/A,N/A,https://www.alibaba.com/product-detail/SALES-Micro-Vertical-Axis-Wind-Turbine_60500232139.html
China Manufacturer 2.5kw Wind Turbine 48/96/120/240v HAWT Renewable and Sustainable Energy Hot Sale,N/A,N/A,https://www.alibaba.com/product-detail/China-manufacturer-2-5kw-wind-turbine_1601248915434.html
Wind Turbine 220v 10kw Wind Energy Solar Hybrid Power Generation System 48V 96V Household Energy System,N/A,N/A,https://www.alibaba.com/product-detail/Wind-Turbine-220v-10kw-Wind-Energy_1601657959731.html
Most Efficient Wind Turbine 10kW 20kW 30kW Pitch Control Wind Turbine More Energy More Safety,N/A,N/A,https://www.alibaba.com/product-detail/Most-Efficient-Wind-Turbine-10kW-20kW_1601235765365.html
High Quality and High Conversion Rate 50kW Wind Turbines Suitable for in Plain Areas,N/A,N/A,https://www.alibaba.com/product-detail/High-Quality-and-High-Conversion-Rate_1601737678528.html
Power Plant Horizontal Axis Wind Generator Wind Turbine for Factory Farm 10kw Windmill,N/A,N/A,https://www.alibaba.com/product-detail/Power-Plant-Horizontal-Axis-Wind-Generator_1601749191419.html
100kW Grid Tie Wind Turbine for Large Commercial Building Use,N/A,N/A,https://www.alibaba.com/product-detail/100kW-Grid-Tie-Wind-Turbine-for_1601740407458.html
China Factory 2000w 12/24v Vertical Axis Wind Turbine Wind Energy Generator Home Cheap,N/A,N/A,https://www.alibaba.com/product-detail/China-Factory-2000w-12-24v-Vertical_1601642855412.html
Best Selling Quality New Energy Vertical Axis 1200 Wind Generator Wind Turbine,N/A,N/A,https://www.alibaba.com/product-detail/Best-Selling-Quality-New-Energy-Vertical_1601269529265.html
CE High Efficiency 150Kw Pitch Controlled Wind Turbine for Electricity,N/A,N/A,https://www.alibaba.com/product-detail/CE-High-Efficiency-150Kw-Pitch-Controlled_1601636790054.html
New Type 1KW 5KW 1500w Wind Turbine Price Wind Energy Generator Export Windmill,N/A,N/A,https://www.alibaba.com/product-detail/New-type-1KW-5KW-10KW-1500w_1601245611432.html
5KW Horizontal Axis Wind Turbine 48V Wind Turbine Factory Wind Turbine Best Price,N/A,N/A,https://www.alibaba.com/product-detail/5KW-horizontal-axis-wind-turbine-48V_1600690401617.html
1Kw Horizontal Axis Wind Turbine With High Annual Power Generation and High Wind Energy Utilization,N/A,N/A,https://www.alibaba.com/product-detail/1Kw-Horizontal-Axis-Wind-Turbine-With_1601224118333.html
CE Approved 10KW Wind Turbine Price for Wind Solar Hybrid Power Generation System,N/A,N/A,https://www.alibaba.com/product-detail/CE-Approved-Wind-Generator-10KW-Wind_60511756257.html
Wind Turbine NE-L 1KW,N/A,N/A,https://www.alibaba.com/product-detail/Wind-turbine-NE-L-1KW_1601057459561.html
Wholesale Price 10kw Wind Turbine Price/ Residential Wind Power Price/ 10000 Watt Generator for Farm,N/A,N/A,https://www.alibaba.com/product-detail/Wholesale-Price-10kw-Wind-Turbine-Price_1601657925326.html
Generators Wind Turbine 3KW Solar Hybrid Generator System Windmill Generator,N/A,N/A,https://www.alibaba.com/product-detail/Generators-Wind-Turbine-3KW-Solar-Hybrid_1601725744352.html
Hot Sale 10kw Wind Turbine Price/ Residential Wind Power Generator Price/ 10000 Watt Generator,N/A,N/A,https://www.alibaba.com/product-detail/Hot-sale-10kw-wind-turbine-price_1600839144655.html
"Hot Sale High Efficiency Wind Turbine 3kw Wind Turbinefor Farm,3kW Horizontal Axis for Home Use Easy Installation",N/A,N/A,https://www.alibaba.com/product-detail/Hot-sale-high-efficiency-wind-turbine_1600195834102.html
Top Rated 3000W Horizontal Wind Turbine with 3 Blades Length 1950MM for Household,N/A,N/A,https://www.alibaba.com/product-detail/Top-Rated-3000W-Horizontal-Wind-Turbine_1601742790159.html
100kW H Type Vertical Axis Wind Turbine High Power Low Noise for Large Commercial Industrial,N/A,N/A,https://www.alibaba.com/product-detail/100kW-H-Type-Vertical-Axis-Wind_1601739116449.html
China Factory 2000w 12/24v Vertical Axis Wind Turbine Wind Energy Generator Home Cheap,N/A,N/A,https://www.alibaba.com/product-detail/China-Factory-2000w-12-24v-Vertical_1601628357525.html
Wholesale Price Factory Direct Sale High-Quality Household Small-Scale Horizontal Axis,N/A,N/A,https://www.alibaba.com/product-detail/Wholesale-Price-Factory-Direct-Sale-High_1601681346084.html
600kW Wind Energy Equipment Wind Turbine Generator Supplied by Large Wind Manufacturer,N/A,N/A,https://www.alibaba.com/product-detail/600kW-wind-energy-equipment-wind-turbine_1600720632870.html
Real Power 1000W Wind Mill Turbine Wind Generators for Residential Use,N/A,N/A,https://www.alibaba.com/product-detail/Real-Power-1000W-Wind-Mill-Turbine_1601636657286.html
Elege 1kw Wind Turbine with Controller Inverter Battery 12v 24v Wind Power Generation System 1000w at Price,N/A,N/A,https://www.alibaba.com/product-detail/10kw-wind-turbine-wind-turbine-10kw_1600544702918.html
High Quality Wind Turbine Design Wind Power 20kw Wind Turbine Prices,N/A,N/A,https://www.alibaba.com/product-detail/High-quality-wind-turbine-design-wind_1600186207024.html
High Quality Wholesale Clean Energy System Wind Turbine Three Blade Horizontal Wind 1000Kw,N/A,N/A,https://www.alibaba.com/product-detail/High-Quality-Wholesale-Clean-Energy-System_1601651399021.html
1.5kw MAX Power Wind Turbine for Sale,N/A,N/A,https://www.alibaba.com/product-detail/1-5kw-MAX-Power-2kw-wind_60155554116.html
Low Speed Rated Voltage 220V High Utilization Spiral Renewable Energy Vertical,N/A,N/A,https://www.alibaba.com/product-detail/Low-Speed-Rated-Voltage-220V-High_1601695866944.html
Wind Turbine 220v 10kw Wind Energy Solar Hybrid Power Generation System 48V 96V Household Energy System,N/A,N/A,https://www.alibaba.com/product-detail/Wind-Turbine-220v-10kw-Wind-Energy_1601657950996.html
Manufacturer Good Quality Wind Turbine 7.5kw Windmill for Power Generation Project Best Choice,N/A,N/A,https://www.alibaba.com/product-detail/Manufacturer-good-quality-Wind-turbine-7_1601239682917.html
High Quality 1kw Wind Turbine for Home Use Wind Power Turbine Generator Portable,N/A,N/A,https://www.alibaba.com/product-detail/High-Quality-1kw-Wind-Turbine-for_1601727579775.html
Wholesale Wind Turbine Generator 100kw Horizontal Axis Wind Turbine Alternative Energy Generators,N/A,N/A,https://www.alibaba.com/product-detail/Wholesale-Wind-Turbine-Generator-100kw-Horizontal_1601779520124.html
Wholesale Wind Power Station 100kw Horizontal Axis Wind Turbine System Solar System,N/A,N/A,https://www.alibaba.com/product-detail/Wholesale-Wind-Power-Station-100kw-Horizontal_1601749037755.html
Hot Sale 5000W Wind Turbine 220V 240V 380V AC Affordable 5KW Wind Turbine with 2300MM Reinforced Glass Fiber Blades,N/A,N/A,https://www.alibaba.com/product-detail/Hot-Sale-5000W-Wind-Turbine-220V_1600759782488.html
"1KW-50KW Wind Turbine, Horizontal Axis Wind Turbine Manufacturers, Efficient Wind Generators, High Power",N/A,N/A,https://www.alibaba.com/product-detail/1KW-50KW-Wind-Turbine-Horizontal-Axis_1601462455250.html
40kW Wind Turbine Generator High Efficiency for Hybrid Solar Wind System,N/A,N/A,https://www.alibaba.com/product-detail/400kW-Wind-Turbine-Generator-High-Efficiency_1601748979924.html
SK-F Bearings 22315 22316 22317 22318 22319 Heavy Duty Self-aligning Roller Bearing for Vibrating Screen Industrial Machinery,N/A,N/A,https://www.alibaba.com/product-detail/Wholesale-Urb-Romania-22317-Bearing-Spherical_1601583312688.html
Promotion 48v Wind Turbine Low Rpm Generator High Quality Wind Turbine Price,N/A,N/A,https://www.alibaba.com/product-detail/Promotion-48v-wind-turbine-low-rpm_1600561859828.html
Farm 1kw 2kw 3kw 5kw Wind Turbine Price Wind Turbine 2kw 48v Wind Turbine Price,N/A,N/A,https://www.alibaba.com/product-detail/Farm-1kw-2kw-3kw-5kw-wind_1601240892347.html
Wholesale 10Kw Residential Windmill Wind Power Generator Wind Turbine,N/A,N/A,https://www.alibaba.com/product-detail/Wholesale-10Kw-Residential-Windmill-Wind-Power_1601603943783.html
Hot Sale 10kw Wind Turbine Price/ Residential Wind Power Price/ 10000 Watt Generator for Farm,N/A,N/A,https://www.alibaba.com/product-detail/Hot-sale-10kw-wind-turbine-price_1600954432782.html
High Efficiency Household Small Wind Turbine 1.5kw,N/A,N/A,https://www.alibaba.com/product-detail/High-efficiency-Household-small-wind-turbine_1600882763112.html
Wind Turbine 250KW 500KW 1MW 3MW 5MW 10MW Applicable Voltage 220v 360v 440v Horizontal,N/A,N/A,https://www.alibaba.com/product-detail/Wind-turbine-250KW-500KW-1MW-3MW_1601234666291.html
Manufactory Direct Sale High Power 200kw Hybrid Vertical Axis Wind Turbine System with 10.5m Rotor Diameter and 380V Output,N/A,N/A,https://www.alibaba.com/product-detail/Manufactory-Direct-Sale-High-Power-Wind_1601636548686.html
Factory Direct Sale Wind Turbine 100KW Wind Generator Price for Projects Use,N/A,N/A,https://www.alibaba.com/product-detail/Factory-Direct-Sale-Wind-Turbine-100KW_1600897837648.html
China Producer Good Quality 75kw Wind Turbine Generator 380v Renewable and Sustainable Energy Hot Sale,N/A,N/A,https://www.alibaba.com/product-detail/China-Producer-Good-Quality-75kw-Wind_1601251409103.html
Find Factory Price Wind Power 1kw Windmill Generators Wind Turbine for Home Use,N/A,N/A,https://www.alibaba.com/product-detail/Find-Factory-Price-Wind-Power-1kw_1601727647189.html
Hot Sale 10kw Wind Turbine Price/ Residential Wind Power Price/ 10000 Watt Generator for Farm,N/A,N/A,https://www.alibaba.com/product-detail/Hot-Sale-10kw-Wind-Turbine-Price_1601657749654.html
Factory Price Low Speed Wind Energy Turbine 3 Blades Horizontal Axis Wind 100kw,N/A,N/A,https://www.alibaba.com/product-detail/Factory-Price-Low-Speed-Wind-Energy_1601614060141.html
China Factory Increase Wind Energy Utilization Aluminium Vertical Wind Turbine for Home Use 220V 20KW,N/A,N/A,https://www.alibaba.com/product-detail/China-Factory-Increase-Wind-Energy-Utilization_1601751633000.html
Top Rated 2000W Horizontal Wind Turbine with 3 Blades Length 1500MM for Household,N/A,N/A,https://www.alibaba.com/product-detail/Top-Rated-2000W-Horizontal-Wind-Turbine_1601742352160.html
High Quality 100kw Horizontal Wind Turbine for Home Use Promotion Price With 380v 400v Output Voltage,N/A,N/A,https://www.alibaba.com/product-detail/High-Quality-100kw-Horizontal-Wind-Turbine_1601749007739.html
China Factory 600/1000w Vertical Wind Turbine Wind Generator 12v Wind Power Investment for Home Farm Windkraftanlage,N/A,N/A,https://www.alibaba.com/product-detail/Germany-China-Factory-600-1000w-Vertical_1601542322179.html
Manufacturers Wholesale New Wind Turbine 300 Small Wind Home Wind Generator,N/A,N/A,https://www.alibaba.com/product-detail/Manufacturers-Wholesale-New-Wind-Turbine-300_1601269407537.html
1500w Home Wind Turbine 48v Wind Turbine Factory Price Wind Turbines for Sale,N/A,N/A,https://www.alibaba.com/product-detail/1500w-home-wind-turbine-48v-wind_1601151595924.html
China High Efficiency Ground Mounted 1kw Customizable Small Wind Turbine,N/A,N/A,https://www.alibaba.com/product-detail/China-High-Efficiency-Ground-Mounted-1kw_1601677219156.html
Wind Energy Equipment 10mw 20mw 25mw Wind Turbine Generator Supplied by Large Manufacturer,N/A,N/A,https://www.alibaba.com/product-detail/Wind-energy-equipment-10mw-20mw-25mw_1600738609864.html
HLD Horizontal Axis Wind Turbine 600W Small Wind Generator 5 Pcs 1.9m Aluminum Alloy Blades,N/A,N/A,https://www.alibaba.com/product-detail/HLD-Horizontal-Axis-Wind-Turbine-600W_1601457507020.html
Renewable Energy Wind Turbines 10KW 50KW 100kw 200kw 1MW Wind Turbines Are Used on Farms,N/A,N/A,https://www.alibaba.com/product-detail/Intelligent-Controller-System-Renewable-Energy-10KW_1601141153063.html
10KW Wind Turbine Price Wind Generator for off Grid or on Grid Power System With18m Independent Pole,N/A,N/A,https://www.alibaba.com/product-detail/10KW-wind-turbine-price-wind-generator_62462801388.html
High Quality 11m Aluminum Alloy 5 Blades Vertical Axis Wind Turbine 100Kw 380V Dingyue H-100kw 12m/s Rated Speed,N/A,N/A,https://www.alibaba.com/product-detail/High-Quality-Wind-Energy-System-Generator_1601628591203.html
20Kw Horizontal Wind Turbine With High Quality New Technology With Strong Ability to Resist Typhoons,N/A,N/A,https://www.alibaba.com/product-detail/20Kw-Horizontal-Wind-Turbine-With-High_1601253377014.html
China Good Quality Wind Generator Producer 2000w Windmill Wind dynamo HAWT Wind Best Seller,N/A,N/A,https://www.alibaba.com/product-detail/China-Good-quality-Wind-generator-Producer_1601240517141.html
Factory Price 1kw Wind Turbine for Home Use Wind Power Turbine Generator Hybrid,N/A,N/A,https://www.alibaba.com/product-detail/Factory-Price-1kw-Wind-Turbine-for_1601727558934.html
High Quality Wind Generator 10kw Price 220v Wind Turbine off Grid on Gird Turbine10kw,N/A,N/A,https://www.alibaba.com/product-detail/High-quality-wind-generator-10kw-price_1600140076367.html
Best Selling China Factory 1000W Wind Turbine Generator Wind With Controller for Home,N/A,N/A,https://www.alibaba.com/product-detail/Best-Selling-China-Factory-1000W-Wind_1601599384227.html
China Manufacture X Type Vertical Axis Wind Turbine Price for Home Use10kw Generator,N/A,N/A,https://www.alibaba.com/product-detail/China-Manufacture-X-Type-Vertical-Axis_1601754564519.html
Top Rated 600w Horizontal Wind Turbine with 3 Blades Length 810MM for Household,N/A,N/A,https://www.alibaba.com/product-detail/Top-Rated-600w-Horizontal-Wind-Turbine_1601740519597.html
China Manufacturers wind Energy System Use Horizontal 20Kw Axis Wind Turbine,N/A,N/A,https://www.alibaba.com/product-detail/China-Manufacturers-wind-Energy-System-Use_1601751727280.html
Most Popular 1500W 48v Wind Turbine Vertical Axis Wind Turbine Small Wind 1000w 12/24v,N/A,N/A,https://www.alibaba.com/product-detail/Most-popular-1500W-48v-wind-turbine_1600591318762.html
China Wind Turbine 100kw,N/A,N/A,https://www.alibaba.com/product-detail/China-Wind-Turbine-100kw_60833845707.html
Factory Direct Supply Residential Horizontal Wind Turbine 10kw Price,N/A,N/A,https://www.alibaba.com/product-detail/Factory-Direct-Supply-Residential-Horizontal-Wind_1601682887452.html
50KW Windmill Yaw Wind Turbine Price,N/A,N/A,https://www.alibaba.com/product-detail/50KW-Windmill-Yaw-Wind-Turbine-Price_1600147086442.html
High-Quality Factory Wholesale Price Horizontal-axis Permanent Magnet Wind,N/A,N/A,https://www.alibaba.com/product-detail/High-Quality-Factory-Wholesale-Price-Horizontal_1601674992263.html
1Kw Wind Turbine Price Wind Turbine 48V Wind Turbines for Sale Home Use,N/A,N/A,https://www.alibaba.com/product-detail/1kw-wind-turbine-price-wind-turbine_1600805257099.html
New Design Professional High Efficiency Wind Turbine Customized Wind Turbine Eco Friendly,N/A,N/A,https://www.alibaba.com/product-detail/New-Design-Professional-High-Efficiency-Wind_1601619681056.html
Factory Price Low Speed Wind Energy Turbine 3 Blades Horizontal Axis Wind 100kw,N/A,N/A,https://www.alibaba.com/product-detail/Factory-Price-Low-Speed-Wind-Energy_1601617407818.html
20KW Wind Turbine for Wind Generator Systems,N/A,N/A,https://www.alibaba.com/product-detail/20KW-Wind-Turbine-for-Wind-Generator_60674791101.html
Wind Turbines 700KW Wind Turbine Generator for Sale Wind Power Plant,N/A,N/A,https://www.alibaba.com/product-detail/Wind-Turbines-700KW-wind-turbine-generator_1600752684835.html
Wholesale High Quality Stable Renewable Energy Wind Turbine 1200 Power Generator,N/A,N/A,https://www.alibaba.com/product-detail/Wholesale-High-Quality-Stable-Renewable-Energy_1601268929898.html
High Efficiency 1kw 2kw 3kw Wind Turbine Wind Mill Manufacturer,N/A,N/A,https://www.alibaba.com/product-detail/High-Efficiency-1kw-2kw-3kw-Wind_1601695176017.html
Factory Direct China Large Generator Technical Specifications Sheet 1000Kw Wind for Industrial Plants Installation,N/A,N/A,https://www.alibaba.com/product-detail/Factory-Direct-China-Large-Generator-Technical_1601651254750.html
Wind Energy Low Speed 50kW Horizontal Axes Wind Generator Industry 380V Wind 12.6m Rotor Diameter Reinforced Glass Fiber,N/A,N/A,https://www.alibaba.com/product-detail/Wind-Energy-Low-Speed-50kw-30kw_1601610889255.html
Hot Sale 1000W 2KW 3KW 5KW Wind Turbine Price/ Residential Wind Power Price/ 5kw Generator for Farm,N/A,N/A,https://www.alibaba.com/product-detail/Hot-Sale-1000W-2KW-3KW-5KW_1600839166223.html
Vertical 2kw Wind Turbine Prices with 5 Aluminium Alloy Casting Blades and Low Rpm Generator,N/A,N/A,https://www.alibaba.com/product-detail/Vertical-2kw-wind-turbine-prices-with_60799824674.html
Factory Direct China Advanced Large Wind Turbine Powerful Wind Turbine Giant 400w,N/A,N/A,https://www.alibaba.com/product-detail/Factory-Direct-China-Advanced-Large-Wind_1601785430339.html
Wind Turbine Generator Wind Turbine 1mw Wind Plant Investment,N/A,N/A,https://www.alibaba.com/product-detail/Wind-Turbine-Generator-wind-turbine-1mw_1600700544062.html
Wholesale High Quality Strong Wind Generator Axis Wind Turbine Wind Power Generator,N/A,N/A,https://www.alibaba.com/product-detail/Wholesale-High-Quality-Strong-Wind-Generator_1601272957458.html
Wholesale High Efficient Wind Turbine 5kw for Home Electricity,N/A,N/A,https://www.alibaba.com/product-detail/Wholesale-High-Efficient-Wind-Turbine-5kw_1601670829572.html
Wind Turbine 10KW 100KW 200KW 500KW 1MW Turbine Wind Turbine New Energy and Solar Complementary System,N/A,N/A,https://www.alibaba.com/product-detail/Wind-Turbine-10KW-100KW-200KW-500KW_1601282527941.html
Manufacturers Supply High Power Engineering 50kw Horizontal Axis Wind with 12.6m Rotor Diameter 220v/380v/400v Output,N/A,N/A,https://www.alibaba.com/product-detail/Manufacturers-Supply-High-Power-Engineering-Projects_1601673265461.html
Hot Sale High Quality 10KW Horizontal Axis Wind Turbine with off Grid and on Grid System,N/A,N/A,https://www.alibaba.com/product-detail/Hot-Sale-High-Quality-10KW-Horizontal_1601727674059.html
2025 China Manufacturer 1kw Wind Turbine MOQ 300pcs Only $269/pc Well Made Eléctrico Hot Sale,N/A,N/A,https://www.alibaba.com/product-detail/2025-China-Manufacturer-1kw-Wind-Turbine_1601397179154.html
High Efficiency Cheap Off Grid or on Grid Wind Turbine 10 Kw With Ce Certificate Wind Generator,N/A,N/A,https://www.alibaba.com/product-detail/High-Efficiency-Cheap-Off-Grid-or_1600219177509.html
1000W Wind Turbine Generator High Power Wind Generators Horizontal Axis Wind Generator,N/A,N/A,https://www.alibaba.com/product-detail/1000W-Wind-Turbine-Generator-High-Power_1601596970528.html
Factory Price Low Speed Wind Energy Turbine 3 Blades Horizontal Axis Wind 200kw,N/A,N/A,https://www.alibaba.com/product-detail/Factory-Price-Low-Speed-Wind-Energy_1601748833819.html
New Energy 400w Wind Turbine Home Wind Turbine System Price List,N/A,N/A,https://www.alibaba.com/product-detail/New-Energy-400w-Wind-Turbine-Home_1601787330505.html
Wind Turbine 1kw 5kw 10kw Windmill Power Plant Vertical Axis Wind Generator System for Home Used Renewable Free Energy,N/A,N/A,https://www.alibaba.com/product-detail/Wind-Turbine-1kw-5kw-10kw-Windmill_1601581830390.html
Vertical Axis Wind Turbine 1000kw Wind Turbine Best Generator Home Use,N/A,N/A,https://www.alibaba.com/product-detail/Vertical-Axis-Wind-Turbine-1000kw-Wind_1600715612941.html
Wind Turbine 1kw Small Wind Turbine Sells Turbine Wind,N/A,N/A,https://www.alibaba.com/product-detail/wind-turbine-1kw-small-wind-turbine_1600550854648.html
3KW Wholesale Made in China Green Energy Vertical Axis Wind Turbines,N/A,N/A,https://www.alibaba.com/product-detail/3KW-Wholesale-Made-in-China-Green_1601456357735.html
CE High Efficiency Wind Turbine 10Kw Wind Power Generator,N/A,N/A,https://www.alibaba.com/product-detail/CE-High-Efficiency-Wind-Turbine-10Kw_1601642587732.html
Fast Delivery 330Kw High-Altitude Wind Turbine Carbon-Saving Wind Turbine Renewable Energy,N/A,N/A,https://www.alibaba.com/product-detail/Fast-Delivery-330Kw-High-Altitude-Wind_1601678069324.html
10Kw Wind Turbine Low Noise 120V 220V 240V Professionally Designed Form Factor for Power Application,N/A,N/A,https://www.alibaba.com/product-detail/10Kw-Wind-Turbine-Low-Noise-120V_1601383101256.html
Low Speed Wind Energy Turbine 200kW 3 Blades Horizontal Wind Turbine 22m Rotor Diameter 3 Phase 400V AC,N/A,N/A,https://www.alibaba.com/product-detail/Low-Speed-Wind-Energy-Turbine-200kw_1601624973423.html
Wind Turbine 220v 10kw Wind Energy Solar Hybrid Power Generation System 48V 96V Household Energy System,N/A,N/A,https://www.alibaba.com/product-detail/Wind-Turbine-220v-10kw-Wind-Energy_1601727665151.html
China Active Pitch Controlled Windmill Wind Generator 50kw Wind Turbine Type for Wind Farm Hot Sale 240v,N/A,N/A,https://www.alibaba.com/product-detail/China-active-pitch-controlled-windmill-wind_1601171047391.html
WindEnergyElectric 10kw Wind Turbine Price 10kw Wind Energy Electric 5kw Generating Windmills for Sale,N/A,N/A,https://www.alibaba.com/product-detail/WindEnergyElectric-10kw-Wind-Turbine-Price-10kw_1600217934119.html
CE Approved 50kW Vertical Wind Turbine with Noiseless Permanent Magnet Wind Generator 30kw,N/A,N/A,https://www.alibaba.com/product-detail/CE-Approved-50kW-Vertical-Wind-Turbine_1601773912065.html
Good Quality 200KW Wind Turbine Price Horizontal Axis Home Wind Turbine With Reasonable Price,N/A,N/A,https://www.alibaba.com/product-detail/Good-Quality-200KW-Wind-Turbine-Price_1601778274206.html
Industry Electricity Wind Energy System Control Type Engineering 100kw Vertical Axis,N/A,N/A,https://www.alibaba.com/product-detail/Industry-Electricity-Wind-Energy-System-Control_1601784504174.html
Factory Direct Helical Wind Turbine 12V 24V 48V 220V 1KW-5KW Vertical Axis for Farm/Cabin Use,N/A,N/A,https://www.alibaba.com/product-detail/Factory-Direct-Helical-Wind-Turbine-12V_1601714300310.html
3KW Real Power High-efficiency Horizontal-axis Wind Turbine Suitable for Factories,N/A,N/A,https://www.alibaba.com/product-detail/3KW-Real-Power-High-efficiency-Horizontal_1601563280325.html
100kw Wind Turbine Generator Horizontal Axis Wind Turbine Alternative Energy Generators,N/A,N/A,https://www.alibaba.com/product-detail/100kw-Wind-Turbine-Generator-Horizontal-Axis_1601779452534.html
Hot Sale High Efficiency 5 Blades 50kw 380v Strong Wind Generator 30kw Vertical Axis,N/A,N/A,https://www.alibaba.com/product-detail/Hot-Sale-High-Efficiency-5-Blades_1601785674874.html
400w New Design Color Wind Turbine1kw Spiral Wind Turbine Residential Wholesale Vertical Axies,N/A,N/A,https://www.alibaba.com/product-detail/400w-New-design-color-wind-turbine1kw_1600529224764.html
Made in China Sale Wind Turbine 1000w Horizontal Axis Wind Generator 12V 24V 48V Alternators Controller for Home,N/A,N/A,https://www.alibaba.com/product-detail/made-in-china-sale-Wind-turbine_1601234116166.html
Manufacturers Wholesale Wind Power Generation System Horizontal Energy Wind 1200 Generator,N/A,N/A,https://www.alibaba.com/product-detail/Manufacturers-Wholesale-Wind-Power-Generation-System_1601268813913.html
Wind Energy System Low Speed 50kw 30kw Horizontal Axis Wind Generator Industry,N/A,N/A,https://www.alibaba.com/product-detail/Wind-Energy-System-Low-Speed-50kw_1601790241381.html
China Factory 2000w 12/24v Vertical Axis Wind Turbine Wind Energy Generator Home Cheap 1500w,N/A,N/A,https://www.alibaba.com/product-detail/China-Factory-2000w-12-24v-Vertical_1601612657120.html
Factory Price Vertical Wind Turbine 12V 24V 48V 2kw Wind Turbine,N/A,N/A,https://www.alibaba.com/product-detail/Factory-Price-Vertical-Wind-Turbine-12V_1600673636159.html
Factory Direct Selling Energy Saving Wind Power Wind Turbine 1200 Generator,N/A,N/A,https://www.alibaba.com/product-detail/Factory-Direct-Selling-Energy-Saving-Wind_1601268798924.html
220V/360V/380V 30kw Wind Turbine Price Made in China,N/A,N/A,https://www.alibaba.com/product-detail/220V-360V-380V-30kw-Wind-Turbine_60747909184.html
Horizontal 200kw Wind Turbine Price Residential Wind Power Price Wind Generator for Farm,N/A,N/A,https://www.alibaba.com/product-detail/Horizontal-200kw-Wind-Turbine-Price-Residential_1601778169916.html
1kw 2kw 3kw 5kw 6kw 8kw 10kw Wind Generator Vertical Axis Wind Turbine With Solar System1200W,N/A,N/A,https://www.alibaba.com/product-detail/1kw-2kw-3kw-5kw-6kw-8kw_1601294491678.html
Manufacturer Horizontal Shaft Wind Turbine China Supply 1000w 2000w 10kw 20kw 30kw Power System CE & ISO HELIOS 11m/s,N/A,N/A,https://www.alibaba.com/product-detail/Manufacturer-Horizontal-Shaft-Wind-Turbine-China_1600675158515.html
Factory Available 60Kw Wind Turbine Price 2Kw 3Kw 5Kw 10Kw 20Kw Commercial 30Kw 100Kw Vertical Axis,N/A,N/A,https://www.alibaba.com/product-detail/Factory-Available-60Kw-Wind-Turbine-Price_1601270285291.html
5000 Watt Wind Turbine,N/A,N/A,https://www.alibaba.com/product-detail/5000-watt-wind-turbine_60440746531.html
Price Wind Turbines Prices 10kw Wind Generator 220v 380v Wind Turbine Generator Kit,N/A,N/A,https://www.alibaba.com/product-detail/Price-wind-turbines-prices-10kw-wind_1600148306788.html
Direct Selling Horizontal Wind Turbine 50 kw Residential Wind Turbine Wind Generator With Controller,N/A,N/A,https://www.alibaba.com/product-detail/Direct-Selling-Horizontal-Wind-Turbine-50_1601780818107.html
China Factory 2000w 12/24v Vertical Axis Wind Turbine Wind Energy Generator Home Cheap,N/A,N/A,https://www.alibaba.com/product-detail/China-Factory-2000w-12-24v-Vertical_1601607630997.html
2.5mw Wind Turbine Most Advanced New Wind Power Saving Generator Low Working Noise,N/A,N/A,https://www.alibaba.com/product-detail/2-5mw-Wind-Turbine-Most-Advanced_1600917787208.html
New Type 1KW 2KW 1500w Wind Turbine Price Wind Energy Generator Export Windmill hot sale,N/A,N/A,https://www.alibaba.com/product-detail/New-Type-1KW-2KW-1500w-Wind_1601679476044.html
High Quality Wholesale System Large Scale Wind Turbine Blade Large Scale Wind Generator Set Large Scale,N/A,N/A,https://www.alibaba.com/product-detail/High-Quality-Wholesale-System-Large-Scale_1601666190086.html
"Wholesale Wind Turbine Manufacturing Price for Europe 20kw 30kw 50kw on Grid System, Solar Hybrid System 2 Years 25kw HLD",N/A,N/A,https://www.alibaba.com/product-detail/Wholesale-Wind-Turbine-Manufacturing-Price-for_1601085284758.html
Residential Turbine Wind Generator Horizontal Axis 5kw Wind Turbine Price for Home USE,N/A,N/A,https://www.alibaba.com/product-detail/Residential-Turbine-Wind-Generator-Horizontal-Axis_1600783687996.html
China High Quality 10KW Wind Turbine /generator for Wind Power Generator,N/A,N/A,https://www.alibaba.com/product-detail/China-High-quality-10KW-wind-turbine_60805650907.html
High Quality Hot Sale 10kw Wind Turbine Price/ Residential Wind Power Price/ 10000 Watt Generator for Farm,N/A,N/A,https://www.alibaba.com/product-detail/High-Quality-Hot-Sale-10kw-Wind_1601727591606.html
Wholesale Cheap 3kw 5kw 10kw Wind Turbine Windmill Wind Generator Supplier,N/A,N/A,https://www.alibaba.com/product-detail/Wholesale-Cheap-3kw-5kw-10kw-Wind_1600966885334.html
residential wind turbine 10kw system,N/A,N/A,https://www.alibaba.com/product-detail/residential-wind-turbine-10kw-system_1601762069294.html
200Kw Wind Turbine Prices Alternative Energy Wind Generator Off Grid 3Kw 600W 1000W 1Kw 2Kw Small Generator,N/A,N/A,https://www.alibaba.com/product-detail/200Kw-Wind-Turbine-Prices-Alternative-Energy_1600848227355.html
Top Fashion Wind Turbine 48v Wind Turbine Blade 1000w Renewable Energy 12/24v 800w Generator Windmill,N/A,N/A,https://www.alibaba.com/product-detail/Top-fashion-wind-turbine-48v-wind_1600609008983.html
Wind Turbine Price/ Residential Wind Power Price/ 5kw Wind Generator for Farm Hot Sale 5kw HELIOS 3 Phase AC Permanent-magnet,N/A,N/A,https://www.alibaba.com/product-detail/Wind-Turbine-Price-Residential-Wind-Power_1601001954123.html
Hot Sale 10kw Wind Turbine Price/ Residential Wind Power Price/ 10000 Watt Generator for Farm,N/A,N/A,https://www.alibaba.com/product-detail/Hot-Sale-10kw-Wind-Turbine-Price_1601727669081.html
Hot Sale Wholesale Cheap 3KW Horizontal Wind Turbine Windmill Wind Generator Supplier,N/A,N/A,https://www.alibaba.com/product-detail/Hot-Sale-Wholesale-Cheap-3KW-Horizontal_1601536116455.html
China Factory 2000w 12/24v Vertical Axis Wind Turbine Wind Energy Generator Home Cheap,N/A,N/A,https://www.alibaba.com/product-detail/China-Factory-2000w-12-24v-Vertical_1601606631580.html
1500w 48v Wind Turbine Other Renewable Energy Wind Turbine Price Low Price,N/A,N/A,https://www.alibaba.com/product-detail/1500w-48v-wind-turbine-other-renewable_1600577776662.html
Wind Power Generation Equipment 5000w Wind Turbine 3kw for Street Light,N/A,N/A,https://www.alibaba.com/product-detail/Wind-power-generation-equipment-5000w-wind_1600828472276.html
Wind Turbine Kit High Efficiency Reinforced Glass Fiber Blades Overseas Warehouse Spot System,N/A,N/A,https://www.alibaba.com/product-detail/Wind-Turbine-Kit-High-Efficiency-Reinforced_1601780806132.html
Wind Power 400 Voltage Wind Generator 200kw Horizontal Axis wind turbine Generators for Industry,N/A,N/A,https://www.alibaba.com/product-detail/Wind-Power-400-Voltage-Wind-Generator_1601778228465.html
Custom Voltage Wind Turbine 200KW Horizontal Axis Wind Generators for Wind Power,N/A,N/A,https://www.alibaba.com/product-detail/Custom-Voltage-Wind-Turbine-200KW-Horizontal_1601778226505.html
For Home Use Wind Turbine 2kw Maximum Discount Spot 2000w Home Wind Power Generation System,N/A,N/A,https://www.alibaba.com/product-detail/For-home-use-wind-turbine-2kw_1601135026019.html
High Efficiency Noiseless Vertical Wind Turbine Best Price Wind Turbine 1KW 2KW 3KW 4KW 5KW Aluminum Alloy 1000W HELIOS CE & ISO,N/A,N/A,https://www.alibaba.com/product-detail/High-Efficiency-Noiseless-Vertical-Wind-Turbine_1600673512908.html
FS New Energy Wind Turbine Commercial Vertical Axis Wind Generator 3Kw 2Kw 1Kw Generator Kit,N/A,N/A,https://www.alibaba.com/product-detail/FS-New-Energy-Wind-Turbine-Commercial_1601135107690.html
High Quality Customized Horizontal Wind Turbine Factory Direct Sale 220V Output Voltage 20KW Rated Power,N/A,N/A,https://www.alibaba.com/product-detail/Factory-Direct-Sale-High-Quality-Customized_1601463893285.html
10KW Made-in-China Factory Direct Sales High-Quality Silent and Efficient Wind,N/A,N/A,https://www.alibaba.com/product-detail/10KW-Made-in-China-Factory-Direct_1601727564747.html
High Efficiency Noiseless Vertical Wind Turbine 1kw Wind Turbine Best Price Wind 12/24/48v,N/A,N/A,https://www.alibaba.com/product-detail/High-efficiency-Noiseless-Vertical-wind-turbine_1601113174822.html
High Efficiency Home Electricity Small Wind Turbine Generators 10Kw,N/A,N/A,https://www.alibaba.com/product-detail/High-Efficiency-Home-Electricity-Small-Wind_1601659843012.html
High Efficiency l Wind Turbine Newest Smart Powerful 50KW 100kw 200KW 1MW 2MW /220V 380V 440V Horizontal Generator,N/A,N/A,https://www.alibaba.com/product-detail/High-Efficiency-l-Wind-Turbine-Newest_1601234528480.html
China Manufacture5kw Wind Turbine Generator High Quality Residential Wind with Good Offer,N/A,N/A,https://www.alibaba.com/product-detail/China-Manufacture5kw-Wind-Turbine-Generator-High_1601727569725.html
Wind Turbine Horizontal Axis Wind Turbine Windmills for Electricity Production,N/A,N/A,https://www.alibaba.com/product-detail/wind-turbine-horizontal-axis-wind-turbine_1600583872533.html
Wholesale High Efficiency 1kw Small Wind Turbine with Real Power Output,N/A,N/A,https://www.alibaba.com/product-detail/Wholesale-High-Efficiency-1kw-Small-Wind_1601695163043.html
Wind Turbine 220v 10kw Wind Energy Solar Hybrid Power Generation System 48V 96V Household Energy System,N/A,N/A,https://www.alibaba.com/product-detail/Wind-Turbine-220v-10kw-Wind-Energy_1601727581650.html
Made in China Rose Style High Efficiency Noiseless Vertical Wind Turbine 1kw Wind Best Price,N/A,N/A,https://www.alibaba.com/product-detail/Made-in-china-rose-style-High_1601138209588.html
12V Wind Turbine 1kw Wind Turbine 1kw Hot Sells Turbine Wind,N/A,N/A,https://www.alibaba.com/product-detail/12V-wind-turbine-1kw-wind-turbine_1600555970810.html
2.5MW 5MW 10MW 6MW Commercial-grade Wind Turbines Adopt Direct Drive Technology for Grid-connected and Farm Applications,N/A,N/A,https://www.alibaba.com/product-detail/2-5MW-5MW-10MW-6MW-Commercial_1601431560750.html
2000W Horizontal Axis Wind Turbine From China Manufacturer CE Certified for Roof Installation Generators,N/A,N/A,https://www.alibaba.com/product-detail/2000W-Horizontal-Axis-Wind-Turbine-from_1601013165491.html
Factory Price Horizontal 100KW Large Wind Turbine for Wind Generator Energy Systems,N/A,N/A,https://www.alibaba.com/product-detail/Factory-Price-Horizontal-100KW-Large-Wind_1601788888147.html
Free Energy Power Vertical Wind Turbine 5000w 48v Large Wind Turbines Outdoor Buy,N/A,N/A,https://www.alibaba.com/product-detail/Free-Energy-Power-vertical-wind-turbine_1600465516760.html
Beigood China Factory Hot Selling 600w 800w 1000w 2000w Wind Power System Technology Small,N/A,N/A,https://www.alibaba.com/product-detail/Beigood-China-factory-Hot-Selling-600w_1601181833288.html
Wind Generator Turbine 5kw 1mw 2mw 3mw Wind Mills Power Wind Power Generation System,N/A,N/A,https://www.alibaba.com/product-detail/Wind-Power-Generator-Turbine-5kw-1mw_1601400420339.html
China Manufacturer 1kw Small Horizontal Axis Wind Turbine Price,N/A,N/A,https://www.alibaba.com/product-detail/China-Manufacturer-1kw-Small-Horizontal-Axis_1601677110556.html
Wholesale Price 400w Wind Turbine Home Wind Turbine Wind Turbine Technology for Home Use,N/A,N/A,https://www.alibaba.com/product-detail/Wholesale-Price-400w-Wind-Turbine-Home_1601727611369.html
China Factory 2000w 12/24v Vertical Axis Wind Turbine Wind Energy Generator Home Cheap,N/A,N/A,https://www.alibaba.com/product-detail/China-Factory-2000w-12-24v-Vertical_1601443444783.html
Environmental Friendly Domestic Wind Turbine 600w Wind Turbine Generator Wind Generator for Home Use,N/A,N/A,https://www.alibaba.com/product-detail/Environmental-friendly-domestic-wind-turbine-600w_1600550591774.html
New Energy Wind Power Generator 1mw Wind Turbine Generator 1mw 2mw 3mw 5mw Farm Plant,N/A,N/A,https://www.alibaba.com/product-detail/New-energy-wind-power-generator-1mw_1601292461073.html
Hot Sale 1kw Horizontal Axis Wind Turbine Prices for Roof,N/A,N/A,https://www.alibaba.com/product-detail/Hot-Sale-1kw-Horizontal-Axis-Wind_1601677111641.html
Wind Turbine 220v 10kw Wind Energy Solar Hybrid Power Generation System 48V 96V Household Energy System,N/A,N/A,https://www.alibaba.com/product-detail/Wind-Turbine-220v-10kw-Wind-Energy_1601727546903.html
30 Kw Wind Turbine Dynamo Noise-Free 4Kw 5 Kw 10Kw 15Kw 3Kw 1Kw High Quality Windmill 20Kw Vertical Axis,N/A,N/A,https://www.alibaba.com/product-detail/30-Kw-Wind-Turbine-Dynamo-Noise_1600935567828.html
Vertical Axis Wind Turbine 1kw Wind Turbine Price Wind Turbines for Sale with Controller,N/A,N/A,https://www.alibaba.com/product-detail/vertical-axis-wind-turbine-1kw-wind_1600685536215.html
High Quality Control Renewable Energy Wind Turbine Direct Drive Type Wind Turbine 550Kw Heavy Duty,N/A,N/A,https://www.alibaba.com/product-detail/High-Quality-Control-Renewable-Energy-Wind_1601633821225.html
10KW Made-in-China Factory Direct Sales High-Quality Silent and Efficient Wind,N/A,N/A,https://www.alibaba.com/product-detail/10KW-Made-in-China-Factory-Direct_1601727656203.html
100kw Vertical Axis Wind Turbine Wind Generator High Power Engineering Projects,N/A,N/A,https://www.alibaba.com/product-detail/100kw-Vertical-Axis-Wind-Turbine-Wind_1601751543912.html
800w 1000w 2000w 5000w 10kw China Factory Vertical Axis Wind Turbine Wind for Sale,N/A,N/A,https://www.alibaba.com/product-detail/800w-1000w-2000w-5000w-10kw-China_1601113164925.html
48v Small Wind Turbine Companies Wind Power Roof Wind Turbine,N/A,N/A,https://www.alibaba.com/product-detail/48v-small-wind-turbine-companies-wind_1600830196003.html
Wholesale China Supplier Durable Wind Turbine Generator 750Kw Wholesale Wind Generator,N/A,N/A,https://www.alibaba.com/product-detail/Wholesale-China-Supplier-Durable-Wind-Turbine_1601624800608.html
High Quality 1kw Wind Turbine for Home Use Wind Power Turbine Generator Portable,N/A,N/A,https://www.alibaba.com/product-detail/High-Quality-1kw-Wind-Turbine-for_1601727640259.html
Popular Product Wholesale Price Wind Turbine Home Wind Turbine 500w Wi Nd Generator,N/A,N/A,https://www.alibaba.com/product-detail/Popular-Product-Wholesale-Price-Wind-Turbine_1601727689008.html
High Utilization New Energy Low Loss 100kw Wind Turbine Generator With Aluminum Alloy Sheet Blades,N/A,N/A,https://www.alibaba.com/product-detail/High-Utilization-New-Energy-Low-Loss_1601772301192.html
1kw Wind Turbine Price Small Wind Turbine 800w 12v 24v Turbina Eolica,N/A,N/A,https://www.alibaba.com/product-detail/1kw-wind-turbine-price-small-wind_1600567804167.html
High Quality Custom High Efficiency Wind Turbine Blades Renewable Energy Wind With Low Noise,N/A,N/A,https://www.alibaba.com/product-detail/High-Quality-Custom-High-Efficiency-Wind_1601686346351.html
Windmill Power Plant Manufacturers Horizontal Axis Wind Turbine Industrial Grade 200kw Generator,N/A,N/A,https://www.alibaba.com/product-detail/Windmill-Power-Plant-Manufacturers-Horizontal-Axis_1601787148947.html
High Quality Horizontal Wind Turbine for Home or Farm Wind Generator,N/A,N/A,https://www.alibaba.com/product-detail/High-quality-horizontal-wind-turbine-for_1600673750051.html
CE Certified Most Efficient Small 1kw 2000w Wind Turbine Price Home Wind Generators,N/A,N/A,https://www.alibaba.com/product-detail/CE-Certified-most-efficient-small-1kw_1601006707296.html
CE Certified Renewable Energy Source 100kw 11m Height Aluminum Alloy Vertical Axis 400v for Home Use,N/A,N/A,https://www.alibaba.com/product-detail/CE-Certified-Renewable-Energy-Source-100kw_1601628488867.html
High Quality Hot Sale 10kw Wind Turbine Price/ Residential Wind Power Price/ 10000 Watt Generator for Farm,N/A,N/A,https://www.alibaba.com/product-detail/High-Quality-Hot-Sale-10kw-Wind_1601727667137.html
Spiral Wind Turbine 1KW Vertical Axis Wind Turbine,N/A,N/A,https://www.alibaba.com/product-detail/Spiral-Wind-Turbine-1KW-Vertical-Axis_1601741035351.html
Residential Wind Power Price 200kw Wind Generator Horizontal Wind Turbine Price for Farm,N/A,N/A,https://www.alibaba.com/product-detail/Residential-Wind-Power-Price-200kw-Wind_1601778277289.html
China Factory 2000w 12/24v Vertical Axis Wind Turbine Wind Energy Generator Home Cheap,N/A,N/A,https://www.alibaba.com/product-detail/China-Factory-2000w-12-24v-Vertical_1601600354195.html
China Factory 10kw 5kw Wind Turbine Price Wind Turbine 48v Wind Turbine Price Windkraftanlage 96/120/220v Windkraftanlage,N/A,N/A,https://www.alibaba.com/product-detail/China-Factory-10kw-5kw-Wind-Turbine_1601523630727.html
High Efficiency Noiseless Vertical Wind Turbine 1KW 2KW 3KW 4KW 5KW Wind Best Price,N/A,N/A,https://www.alibaba.com/product-detail/High-efficiency-Noiseless-Vertical-wind-turbine_1600719839460.html
Wholesale Price Cheap Wind Turbine 300 Generator Alternative Energy Windmill Wind,N/A,N/A,https://www.alibaba.com/product-detail/Wholesale-Price-Cheap-Wind-Turbine-300_1601269165013.html
Factory Direct Supply Horizontal Axis Wind Mill 20kw Wind Turbine Price,N/A,N/A,https://www.alibaba.com/product-detail/Factory-Direct-Supply-Horizontal-Axis-Wind_1601659779548.html
Long Life High Quality 750Kw High-Power Large-Scale Wind Turbine Delivers Robust Utility-Scale,N/A,N/A,https://www.alibaba.com/product-detail/Long-Life-High-Quality-750Kw-High_1601641394006.html
Find Factory Price Wind Power 1kw Windmill Generators Wind Turbine for Home Use,N/A,N/A,https://www.alibaba.com/product-detail/Find-Factory-Price-Wind-Power-1kw_1601727626350.html
Wind Turbine Manufacturer 10KW Vertical Axis Wind Turbine,N/A,N/A,https://www.alibaba.com/product-detail/Wind-Turbine-Manufacturer-10KW-Vertical-Axis_1601741064053.html
Factory High Efficiency System Wind Turbine Manufacturers Horizontal Wind Price for Sale 20Kw Small,N/A,N/A,https://www.alibaba.com/product-detail/Factory-High-Efficiency-System-Wind-Turbine_1601749114611.html
High Quality Wind Turbine Commercial Use Renewable Energy 20KW 30KW 50KW 80KW 100KW Generator,N/A,N/A,https://www.alibaba.com/product-detail/High-Quality-Wind-Turbine-Commercial-Use_1600678564303.html
Factory Direct Supply 1kw Small Wind Generators Wind Mills Wind Turbine,N/A,N/A,https://www.alibaba.com/product-detail/Factory-Direct-Supply-1kw-Small-Wind_1601677197288.html
OEM 1000w 1500w 2000w 1kw 48v Horizontal Wind Turbine for Sale,N/A,N/A,https://www.alibaba.com/product-detail/OEM-1000w-1500w-2000w-1kw-48v_1600977558164.html
High Quality Low Price Wind Turbine Horizontal Axis Wind Turbine 3000 for Windmill Generator,N/A,N/A,https://www.alibaba.com/product-detail/High-Quality-Low-Price-Wind-Turbine_1601272857914.html
Hot Sale China Factory 3kW Control Wind Turbine with Variable Pitch Control Blades Hybrid Power System,N/A,N/A,https://www.alibaba.com/product-detail/Hot-Sale-China-Factory-3kW-Control_1601725693782.html
High Efficiency Low Speed Permanent Magnet Electrically Controlled 50kW Horizontal Axis 12.6m Rotor Diameter,N/A,N/A,https://www.alibaba.com/product-detail/High-Efficiency-Low-Speed-Permanent-Magnet_1601616528194.html
High Quality Large Wind Generator Energy System Horizontal Axis Wind Turbine 100Kw,N/A,N/A,https://www.alibaba.com/product-detail/High-Quality-Large-Wind-Generator-Energy_1601748934701.html
Wind Turbine 1kw 5kw 10kw Windmill Power Plant Vertical Axis Wind Generator System for Home Used Renewable Free Energy,N/A,N/A,https://www.alibaba.com/product-detail/Wind-Turbine-1kw-5kw-10kw-Windmill_1601607652564.html
Small Wind Turbine for Home Use Big Sale 1000w Wind Turbine Price Eolienne 8 Blade for Sale,N/A,N/A,https://www.alibaba.com/product-detail/small-wind-turbine-for-home-use_1601144423631.html
5kw 10kw 20kw 30kw 50kw 100kw Wholesale Wind Turbine Manufacturing Price for Europe,N/A,N/A,https://www.alibaba.com/product-detail/5kw-10kw-20kw-30kw-50kw-100kw_1601058104079.html
600w 800w 1kw 2kw Wind Turbine Home Wind Turbine Wind Turbine Technology for Home Use,N/A,N/A,https://www.alibaba.com/product-detail/600w-800w-1kw-2kw-wind-turbine_1601230273825.html
Manufacturer 7Kw 6Kw Low Started Speed Wind Turbine 30000 Watts 10Kw 3Kw 5Kw 2Kw Vertical 48V 96V,N/A,N/A,https://www.alibaba.com/product-detail/Manufacturer-7Kw-6Kw-Low-Started-Speed_1600933509088.html
Promotion 12v Wind Turbine Low Rpm Generator High Quality Wind Turbine Price,N/A,N/A,https://www.alibaba.com/product-detail/Promotion-12v-wind-turbine-low-rpm_1600959494763.html
Factory Direct Sale of Large Vertical Wind Turbines for Efficient Power Generation Generator 30kw Windkraftanlagen,N/A,N/A,https://www.alibaba.com/product-detail/Factory-Direct-Sale-of-Large-Vertical_1601514141687.html
1500w Home Wind Turbine 48v Wind Turbine Factory Price Wind Turbines for Sale,N/A,N/A,https://www.alibaba.com/product-detail/1500w-home-wind-turbine-48v-wind_1600563932677.html
Hot Sale China Factory 600w to 2000w Vertical Axis Wind Turbine Wind Turbines for Sale,N/A,N/A,https://www.alibaba.com/product-detail/hot-sale-China-Factory-600w-to_1600918815717.html
Wind Generator Commercial Use Renewable Energy 600w Price Wind Turbines for Sale,N/A,N/A,https://www.alibaba.com/product-detail/Wind-Generator-Commercial-Use-Renewable-Energy_1600846087390.html
China Factory 600/1000w Vertical Wind Turbine Wind Generator 12v Wind Power Investment for Home Farm Windkraftanlage,N/A,N/A,https://www.alibaba.com/product-detail/Germany-China-Factory-600-1000w-Vertical_1601565171967.html
China Factory 2000w 12/24v Vertical Axis Wind Turbine Wind Energy Generator Home Cheap,N/A,N/A,https://www.alibaba.com/product-detail/China-Factory-2000w-12-24v-Vertical_1601624823264.html
High Power 100kw Vertical Axis Wind Turbine with 9.5m Rotor Diameter Aluminum Alloy Blades 400V Rated Voltage,N/A,N/A,https://www.alibaba.com/product-detail/High-Power-Wind-Engineering-Electricity-Energy_1601635950458.html
Hot Sale 200kw Wind Turbine Price Residential Wind Power Price 400V Wind Generator for Farm,N/A,N/A,https://www.alibaba.com/product-detail/Hot-Sale-200kw-Wind-Turbine-Price_1601778233444.html
China Factory 2000w 12/24v Vertical Axis Wind Turbine Wind Energy Generator Home Cheap,N/A,N/A,https://www.alibaba.com/product-detail/China-Factory-2000w-12-24v-Vertical_1601602226100.html
Hot Sale 10kw Wind Turbine Price/ Residential Wind Power Price 10000 Watt Generator for Farm,N/A,N/A,https://www.alibaba.com/product-detail/Hot-sale-10kw-wind-turbine-price_1600910229029.html
Direct Selling Wind Generator 1kw Wind Turbine Price Free Energy 48v Wind Generator,N/A,N/A,https://www.alibaba.com/product-detail/Direct-selling-wind-generator-1kw-wind_1600469581194.html
FLYT 3Kw Wind Turbine Dynamo Noise-Free 4Kw 5 Kw 10Kw 15Kw 3Kw 1Kw High Quality Windmill 20Kw Vertical Axis,N/A,N/A,https://www.alibaba.com/product-detail/FLYT-3Kw-Wind-Turbine-Dynamo-Noise_1600965050348.html
Factory Direct Sale of Large Vertical Wind Turbines for Efficient Power Generation Generator 10kw Windkraftanlage5kw,N/A,N/A,https://www.alibaba.com/product-detail/Factory-Direct-Sale-of-Large-Vertical_1601574227638.html
"Double-layer Wind Turbines, Vertical Wind Turbines, High Efficiency 12/24, 100W, 200w, 300w, 400w, 500w, 1000w Windkraftanlage",N/A,N/A,https://www.alibaba.com/product-detail/Double-layer-Wind-Turbines-Vertical-Wind_1601588634641.html
2kw Wind Turbine Best Price Wind Turbine Made in China Rose Style High Efficiency Noiseless Vertical,N/A,N/A,https://www.alibaba.com/product-detail/2kw-Wind-Turbine-Best-Price-Wind_1601166489124.html
New Type 1KW 5KW 10KW1500w Wind Turbine Price Wind Energy Generator Export Windmill,N/A,N/A,https://www.alibaba.com/product-detail/New-type-1KW-5KW-10KW1500w-wind_1600935042117.html
Hot Sale 5000W Wind Turbine 220V 240V 380V AC Affordable 5KW Wind Turbine with 2300MM Reinforced Glass Fiber Blades,N/A,N/A,https://www.alibaba.com/product-detail/Hot-Sale-5000W-Wind-Turbine-220V_1601004041729.html
Hot Sale 10kw 5kw 1kw Watt Wind Turbine Price/ Residential Wind Power Price Wind Generator for Farm,N/A,N/A,https://www.alibaba.com/product-detail/Hot-Sale-10kw-5kw-1kw-Watt_1600885021270.html
Noise Free Wind Turbine 1kw 48v Small Wind Generators AC Output Wind Power Turbine Supplier,N/A,N/A,https://www.alibaba.com/product-detail/Noise-Free-Wind-Turbine-1kw-48v_1601452539731.html
Wind Turbine Dynamo Noise-Free 4Kw 5 Kw 3Kw 1Kw High Quality Windmill 10Kw Vertical Axis,N/A,N/A,https://www.alibaba.com/product-detail/Wind-Turbine-Dynamo-Noise-Free-4Kw_1601153152884.html
Low RPM Wind Turbine 400w 600w 1000w 12v 24v 48v 96v 120v Vertical Wind Generator for Home Helix Axis,N/A,N/A,https://www.alibaba.com/product-detail/Low-RPM-Wind-Turbine-400w-600w_1600295575472.html
600w 1000w Wind Turbine System Home Eolienne Wind Turbines for Sale,N/A,N/A,https://www.alibaba.com/product-detail/600w-1000w-wind-turbine-system-home_1600598185488.html
Provide High Quality Products Home Wind Turbine Vertical Wind Turbine 800w 1000w Roof,N/A,N/A,https://www.alibaba.com/product-detail/Provide-high-quality-products-home-wind_1600472650785.html
China Factory 2000w 12/24v Vertical Axis Wind Turbine Wind Energy Generator Home Cheap,N/A,N/A,https://www.alibaba.com/product-detail/China-Factory-2000w-12-24v-Vertical_1601588582711.html
Factory Direct Sale of Large Vertical Wind Turbines for Efficient Power Generation Generator 30kw Windkraftanlagen,N/A,N/A,https://www.alibaba.com/product-detail/Factory-Direct-Sale-of-Large-Vertical_1601557126917.html
Wind Turbine China Wind Turbine Wind Generator Free Energy Generator,N/A,N/A,https://www.alibaba.com/product-detail/10kw-wind-turbine-5kw-3kw-2kw_1600887908124.html
1KW Turbine Wind Turbine Generator Windmill System Horizontal Wind Turbine Power Generation System Product,N/A,N/A,https://www.alibaba.com/product-detail/1KW-Turbine-Wind-Turbine-Generator-Windmill_1601451122276.html
Hot Sale 5kw Wind Turbine Price/ Residential Wind Power Price/ 5kw Wind Generator for Farm,N/A,N/A,https://www.alibaba.com/product-detail/Hot-sale-5kw-wind-turbine-price_1600910068622.html
China Factory 600w 1000w Vertical Axis Wind Turbine 12/24/48 Wind Turbines for Sale,N/A,N/A,https://www.alibaba.com/product-detail/China-Factory-600w-1000w-vertical-axis_1601377253977.html
600w Vertical Axis Wind Turbine Wind Generator Kit Patent Wind Turbines,N/A,N/A,https://www.alibaba.com/product-detail/600w-vertical-axis-wind-turbine-wind_1601209421568.html
Factory Direct Sale of Large Vertical Wind Turbines for Efficient Power Generation Generator 30kw Windkraftanlagen,N/A,N/A,https://www.alibaba.com/product-detail/Factory-Direct-Sale-of-Large-Vertical_1601617397246.html
500w 1000w 2000w Wind Turbine Price Wind Energy Generator Export Turbines Windmill Flower New Type,N/A,N/A,https://www.alibaba.com/product-detail/500w-1000w-2000w-wind-turbine-price_1601364714176.html
Favorite 1500W Wind Turbine Price Alternative Energy Generators Wind Generator for Home 1000w 12/24/48v,N/A,N/A,https://www.alibaba.com/product-detail/Favorite-1500W-wind-turbine-price-alternative_1600591380450.html
Panic Buying Wind Turbine 1kw Renewable Energy Vertical Axis Wind Turbine,N/A,N/A,https://www.alibaba.com/product-detail/Panic-Buying-wind-turbine-1kw-renewable_1600628088508.html
800va Wind Turbine China Factory Wind Turbine and Electronics for Wind Turbine Price 24V 48V 2000W,N/A,N/A,https://www.alibaba.com/product-detail/800va-Wind-Turbine-China-factory-wind_1601159815675.html
Horizontal Axis Wind Turbine Home Use Wind Turbines 3 Blades 10kw Wind Turbine Prices Trade,N/A,N/A,https://www.alibaba.com/product-detail/Horizontal-axis-wind-turbine-home-use_1600488215347.html
Hot Sale 5kw Wind Turbine Price/ Residential Wind Power Price/ 5kw Wind Generator for Farm,N/A,N/A,https://www.alibaba.com/product-detail/Hot-sale-5kw-wind-turbine-price_1600761545580.html
Beigood Made Horizontal Axis Wind Turbine 1000w 2000w Wind Turbine for Home Free Energy 1500w,N/A,N/A,https://www.alibaba.com/product-detail/Beigood-made-Horizontal-axis-wind-turbine_1601160647092.html
High Efficiency Noiseless Vertical Wind Turbine 1kw Wind Turbine Best Price Wind,N/A,N/A,https://www.alibaba.com/product-detail/High-efficiency-Noiseless-Vertical-wind-turbine_1601113528648.html
Horizontal Axis Wind Turbine 3000w Wind Generator Wind Turbine,N/A,N/A,https://www.alibaba.com/product-detail/Horizontal-Axis-Wind-Turbine-3000w-Wind_1601635718994.html
Large Wind Turbine 1kw 2kw 3kw 5kw 10kw 20kw Windmill Power Plant Vertical Axis Wind Generator,N/A,N/A,https://www.alibaba.com/product-detail/Large-wind-turbine-1kw-2kw-3kw_1601106922492.html
Roof Mounted Wind Generator Wind Turbine 1kw Wind Turbine for Sale,N/A,N/A,https://www.alibaba.com/product-detail/roof-mounted-wind-generator-wind-turbine_1600820631335.html
5kw Wind Power Generator Turbine Price Wind Generator 10kw Wind Turbine Price Free Energy,N/A,N/A,https://www.alibaba.com/product-detail/5kw-wind-power-generator-turbine-price_1601166313083.html
Home Use Wind Turbine 10Kw System 1Kw 2Kw 3Kw 3000W Windmill Generator Wind Power Production,N/A,N/A,https://www.alibaba.com/product-detail/Home-Use-Wind-Turbine-10Kw-System_1601113334653.html
Hot Sale 100W 200W 300W 400W 500W Spiral Red Wind Turbine Vertical Axis AC Output Generator,N/A,N/A,https://www.alibaba.com/product-detail/Hot-Sale-100W-200W-300W-400W_1601113357384.html
Professional 8kw Wind Turbine Price Vertical Wind Turbine 120V/220V/380V Horizontal Generator 8000w Helios,N/A,N/A,https://www.alibaba.com/product-detail/Professional-8kw-Wind-Turbine-Price-Vertical_1600705368627.html
New Style Lower Price 550Kw Reliable Features Installation Wind Turbine With Durable Construction,N/A,N/A,https://www.alibaba.com/product-detail/New-Style-Lower-Price-550Kw-Reliable_1601641336734.html
China Factory 10kw Vertical Axis Wind Turbine Wind Turbines for Sale,N/A,N/A,https://www.alibaba.com/product-detail/China-Factory-10kw-Vertical-Axis-Wind_1601727632297.html
600w 12v Turbine Wind Generator Turbine Wind Generator Wind Turbine for House,N/A,N/A,https://www.alibaba.com/product-detail/600w-12v-turbine-wind-generator-turbine_1600577789861.html
China Manufacturer 1kw Small Horizontal Horizontal Axis Wind Turbine,N/A,N/A,https://www.alibaba.com/product-detail/China-Manufacturer-1kw-Small-Horizontal-Horizontal_1601698678709.html
Hot Sale High Power Wind Speed Wind Turbine 400W Wind Generator in Stock,N/A,N/A,https://www.alibaba.com/product-detail/Hot-Sale-High-Power-Wind-Speed_1601725735336.html
Factory Direct Sale of Large Vertical Wind Turbines for Efficient Power Generation Generator 10kw 20kw 50kw Windkraftanlage,N/A,N/A,https://www.alibaba.com/product-detail/Factory-Direct-Sale-of-Large-Vertical_1601524473115.html
China Factory 400W 12/24V Wind Turbine for Home Portable Vertical Helix Small Wind Generator Axis Windmill,N/A,N/A,https://www.alibaba.com/product-detail/China-Factory-400W-12-24V-Wind_1600225272144.html
Factory Direct Sale of Large Vertical Wind Turbines for Efficient Power Generation Generator 30kw Windkraftanlagen,N/A,N/A,https://www.alibaba.com/product-detail/Factory-Direct-Sale-of-Large-Vertical_1601575024800.html
Factory Direct Sale of Large Vertical Wind Turbines for Efficient Power Generation Generator 20kw Windkraftanlagen,N/A,N/A,https://www.alibaba.com/product-detail/Factory-Direct-Sale-of-Large-Vertical_1601512409523.html
Free Energy China Factory 600w 1000w Vertical Axis Wind Turbine 12/24/48 Wind for Sale,N/A,N/A,https://www.alibaba.com/product-detail/Free-Energy-China-Factory-600w-1000w_1601443884474.html
1kw 3kw 5kw 10kw 20kw High Efficiency and Attractive Vertical Wind Turbine with Low Operating Noise Vawt,N/A,N/A,https://www.alibaba.com/product-detail/1kw-3kw-5kw-10kw-20kw-High_1600961402466.html
Wind Power System Small Wind Turbine Alternative Energy Generator 3000w 48v Horizontal for Home Use,N/A,N/A,https://www.alibaba.com/product-detail/Wind-Power-System-Small-Wind-Turbine_1600967413131.html
New Model Vertical Axis Wind Turbine Wind Turbine Price 1000w Wind Turbine for Home,N/A,N/A,https://www.alibaba.com/product-detail/New-model-vertical-axis-wind-turbine_1600573537666.html
Factory Wholesale Wind Generator 10kw Vertical Axis Wind Turbine 10kw Wind,N/A,N/A,https://www.alibaba.com/product-detail/Factory-wholesale-wind-generator-10kw-vertical_1600629962411.html
1000w 1kw 3 Phase Wind Turbine Small Wind Generator Horizontal Axis Wind for Home,N/A,N/A,https://www.alibaba.com/product-detail/1000w-1kw-3-Phase-Wind-Turbine_1600850920106.html
New Type 1KW 5KW 10KW 1500w Wind Turbine Price Wind Energy Generator Export Windmill,N/A,N/A,https://www.alibaba.com/product-detail/New-type-1KW-5KW-10KW-1500w_1601245555985.html
Factory Direct Sale of Large Vertical Wind Turbines for Efficient Power Generation Generator 1000w Windkraftanlagen,N/A,N/A,https://www.alibaba.com/product-detail/Factory-Direct-Sale-of-Large-Vertical_1601579860005.html
Home Use Wind Mills Power Generator Solar Wind Hybrid System 5kw Wind Turbine Price,N/A,N/A,https://www.alibaba.com/product-detail/Home-use-wind-mills-power-generator_1600350748709.html
High Quality Custom Megawatt Level Wind Turbine Industrial Grade Wind Turbine Pitch Control,N/A,N/A,https://www.alibaba.com/product-detail/High-Quality-Custom-Megawatt-Level-Wind_1601633680979.html
Factory Cheap Price 550Kw Wind Turbine Advanced Low Wind Speed Operation High Efficiency Power System,N/A,N/A,https://www.alibaba.com/product-detail/Factory-Cheap-Price-550Kw-Wind-Turbine_1601632094820.html
Perfect Quality Modern System 750Kw Large Wind Turbine Large Wind Turbine for Green Energy Low-Carbon,N/A,N/A,https://www.alibaba.com/product-detail/Perfect-Quality-Modern-System-750Kw-Large_1601686287714.html
Manufactory Direct Efficient Power Generation Wind Turbine Generator Vertical for Sustainable Energy Solutions,N/A,N/A,https://www.alibaba.com/product-detail/Manufactory-Direct-Efficient-Power-Generation-Wind_1601619207888.html
Renewable and Sustainable Energy 100kw 200KW 500KW 1MW 2MW Wind Turbine Generator,N/A,N/A,https://www.alibaba.com/product-detail/Renewable-And-Sustainable-Energy-100kw-200KW_1601151422572.html
1kw 3kw 5kw Home Wind Turbine Use Generator Solar/Wind Vertical Windmill Wind,N/A,N/A,https://www.alibaba.com/product-detail/1kw-3kw-5kw-home-wind-turbine_1601039189915.html
Best Price Horizontal Wind Turbine 1mw 2mw 3mw 5mw Wind Turbine 6mw Wind Power Generation System,N/A,N/A,https://www.alibaba.com/product-detail/Best-price-horizontal-wind-turbine-1mw_1601110946227.html
Professional Manufacturer 1Mw Low-Maintenance Wind Turbine Long-Life Wind Robust Large,N/A,N/A,https://www.alibaba.com/product-detail/Professional-Manufacturer-1Mw-Low-Maintenance-Wind_1601678062431.html
High Quality Cheap Megawatt Class Wind Turbine Wind Turbine Tower and Nacelle Large Diameter Rotor,N/A,N/A,https://www.alibaba.com/product-detail/High-Quality-Cheap-Megawatt-Class-Wind_1601686364308.html
Perfect Quality 550Kw Wind Power Turbine Performance Certificate Wind Turbine Manufacturing Supplier,N/A,N/A,https://www.alibaba.com/product-detail/Perfect-Quality-550Kw-Wind-Power-Turbine_1601651291466.html
More Efficient More Reliable Intelligent Energy Wind Turbine 10kw 330KW 550KW 1MW 2.5MW 6MW,N/A,N/A,https://www.alibaba.com/product-detail/More-efficient-more-reliable-intelligent-energy_1601225830414.html
Good Price New Product Modular Wind Turbine Low-Noise Wind Turbine Iec-Certified 750Kw,N/A,N/A,https://www.alibaba.com/product-detail/Good-Price-New-Product-Modular-Wind_1601678077276.html
Wind Power Generator 330kw 1mw 2mw 3mw 5mw Wind Turbine 330KW Wind Turbine Generator System,N/A,N/A,https://www.alibaba.com/product-detail/wind-power-generator-100kw-1mw-2mw_1601258535385.html
Small Wind Power Turbine 1Kw Domestic Wind Generator Manufacturer,N/A,N/A,https://www.alibaba.com/product-detail/Small-Wind-Power-Turbine-1Kw-Domestic_1601789919036.html
High Quality Cheap Utility Scale Wind Turbine Commercial Us Wind Turbine Onshore Application,N/A,N/A,https://www.alibaba.com/product-detail/High-Quality-Cheap-Utility-Scale-Wind_1601633786265.html
1kw 2kw 3kw Wind Generator 48v China Wind Turbine Manufacturer Vertical Axis Wind,N/A,N/A,https://www.alibaba.com/product-detail/1kw-2kw-3kw-wind-generator-48v_1600529315402.html
Factory Direct Sale of Large Vertical Wind Turbines for Efficient Power Generation Generator 30kw Windkraftanlagen,N/A,N/A,https://www.alibaba.com/product-detail/Factory-Direct-Sale-of-Large-Vertical_1601608252761.html
Hot Sale Generator Wind Turbine Vertical Axis Wind Turbine 10kw hummer Wind,N/A,N/A,https://www.alibaba.com/product-detail/Hot-Sale-generator-wind-turbine-vertical_1600975767487.html
Wind Power Products Wind Driven Roof Top Turbine Ventilator Wind Turbine Ce Certified 3kw Windmill Tunnel Home Generator,N/A,N/A,https://www.alibaba.com/product-detail/wind-power-products-wind-driven-roof_1601111846430.html
Cheap Factory Price 750Kw Wind Turbine Robust Grid Connected Power System Onshore,N/A,N/A,https://www.alibaba.com/product-detail/Cheap-Factory-Price-750Kw-Wind-Turbine_1601632212279.html
Horizontal Axis Wind Turbine 2000w Wind Generator Wind Turbine,N/A,N/A,https://www.alibaba.com/product-detail/Horizontal-axis-wind-turbine-2000w-Wind_1600744537168.html
Factory Direct Price 330Kw Wind Turbine High Capacity Energy System Industrial Grade Power Generation,N/A,N/A,https://www.alibaba.com/product-detail/Factory-Direct-Price-330Kw-Wind-Turbine_1601632076882.html
Chinese Supplier 750Kw Three-Blade Grid-Connected Features Advanced Variable Speed,N/A,N/A,https://www.alibaba.com/product-detail/Chinese-Supplier-750Kw-Three-Blade-Grid_1601641301463.html
Factory Stock Real Power 1KW High Efficiency Horizontal Wind Turbine With Nylon Fiber Blades Generator,N/A,N/A,https://www.alibaba.com/product-detail/Factory-Stock-Real-Power-1KW-High_1600836741935.html
500kW Low Wind Wind Turbine for on Grid IEC Class 20yr Life,N/A,N/A,https://www.alibaba.com/product-detail/500kW-Low-Wind-Wind-Turbine-for_1601557306487.html
Wind Turbine Generator 10kw 500kw 200kw 500KW Wind Turbine System With Inverter Controller 2.5MW Energy,N/A,N/A,https://www.alibaba.com/product-detail/wind-turbine-generator-500kw-200kw-500KW_1601360212725.html
High Quality Wholesale Massive Wind Turbine Heavy-Duty 5Mw Wind Turbine High-Capacity,N/A,N/A,https://www.alibaba.com/product-detail/High-Quality-Wholesale-Massive-Wind-Turbine_1601678068007.html
Wholesale Price High Efficiency Oem Wind Turbine Generator Best Price 1000Kw Wind Generator,N/A,N/A,https://www.alibaba.com/product-detail/Wholesale-Price-High-Efficiency-Oem-Wind_1601624843431.html
Wind Turbine 500kw 10000kw Wind Turbine System With Inverter Controller 2.5MW Wind Generator,N/A,N/A,https://www.alibaba.com/product-detail/Wind-Turbine-500kw-10000kw-Wind-Turbine_1601223221608.html
Competitive Price Direct-Drive Wind Turbine High-Efficiency Large Wind Turbine Grid-Scale 750Kw,N/A,N/A,https://www.alibaba.com/product-detail/Competitive-Price-Direct-Drive-Wind-Turbine_1601678023269.html
High-efficiency Wind Turbine Systems of 100kw 250kw 500kw and 1mw Wind Turbine Generators,N/A,N/A,https://www.alibaba.com/product-detail/High-efficiency-Wind-Turbine-Systems-of_1601426537921.html
Quality Choice Quiet-Operation 750Kw Wind Turbine Eco-Friendly Wind Turbine Customizable,N/A,N/A,https://www.alibaba.com/product-detail/Quality-Choice-Quiet-Operation-750Kw-Wind_1601686216868.html
Wind Turbine 100kw 200kw 5mw 6MW Wind Generator Tied or Free Standing Inverter Hybrid,N/A,N/A,https://www.alibaba.com/product-detail/Wind-Turbine-5kw-20kw-100kw-200kw_1601276231884.html
China Supplier 550Kw New Wind Turbine Latest Technology Wind Turbine With Comprehensive Spare Parts,N/A,N/A,https://www.alibaba.com/product-detail/China-Supplier-550Kw-New-Wind-Turbine_1601641354840.html
2.5MW 5MW 10MW 18MW High-efficiency Wind Turbines Are Green Energy Energy-efficient and Contribute to Sustainable Development,N/A,N/A,https://www.alibaba.com/product-detail/2-5MW-5MW-10MW-18MW-High_1601431587338.html
Lanji Wind Turbine 10kw 5kw 3kw Wind Turbine/Wind Generator/Wind Turbine System,N/A,N/A,https://www.alibaba.com/product-detail/Lanji-Wind-Turbine-10kw-5kw-3kw_1601198598583.html
Competitive Price Vertical Wind Turbine 1Mw Portable Wind Turbine Wind Turbine Generator Kit,N/A,N/A,https://www.alibaba.com/product-detail/Competitive-Price-Vertical-Wind-Turbine-1Mw_1601619545083.html
CE Certificate Wind Energy Wind Turbine 10 Kilowatt for Commercial Use,N/A,N/A,https://www.alibaba.com/product-detail/CE-Certificate-Wind-Energy-Wind-Turbine_1601682946318.html
Manufacturer Wholesale Renewable Energy Large Scale Wind Turbine Green Energy Clean Energy Large Scale,N/A,N/A,https://www.alibaba.com/product-detail/Manufacturer-Wholesale-Renewable-Energy-Large-Scale_1601666114716.html
China Manufacture5kw Wind Turbine Generator High Quality Residential Wind with Good Offer,N/A,N/A,https://www.alibaba.com/product-detail/China-Manufacture5kw-Wind-Turbine-Generator-High_1601727626379.html
Chinese Manufacturer 750Kw Low Wind Speed Iec Class I Consistent High-Efficiency Power Generation Performance,N/A,N/A,https://www.alibaba.com/product-detail/Chinese-Manufacturer-750Kw-Low-Wind-Speed_1601641330346.html
2.5MW 5MW 6MW 10MW 2.5MW Wind Turbine Customized Solutions for Renewable Energy,N/A,N/A,https://www.alibaba.com/product-detail/2-5MW-5MW-6MW-10MW-2_1601430083241.html
Factory Direct China Farm Electricity Wind Turbine High Power Generator Wind Turbine Battery Storage,N/A,N/A,https://www.alibaba.com/product-detail/Factory-Direct-China-Farm-Electricity-Wind_1601651288432.html
Wholesale High Efficient 10 Kilowatt Wind Turbine for Farm,N/A,N/A,https://www.alibaba.com/product-detail/Wholesale-High-Efficient-10-Kilowatt-Wind_1601659734419.html
Quality Choice Reliable Large Wind Turbine Durable Wind Turbine 750Kw Low Wind Speed,N/A,N/A,https://www.alibaba.com/product-detail/Quality-Choice-Reliable-Large-Wind-Turbine_1601677950641.html
Manufacturer Wholesale 330Kw Cost-Effective Large Wind Turbine Sustainable Innovative,N/A,N/A,https://www.alibaba.com/product-detail/Manufacturer-Wholesale-330Kw-Cost-Effective-Large_1601678101155.html
Professional New Standard Large Scale Wind Turbine Performance Large Scale Wind Efficiency Large Scale,N/A,N/A,https://www.alibaba.com/product-detail/Professional-New-Standard-Large-Scale-Wind_1601666221055.html
High Efficiency 1Kw Wind Turbine Custom Small Wind Turbine,N/A,N/A,https://www.alibaba.com/product-detail/High-Efficiency-1Kw-Wind-Turbine-Custom_1601727662191.html
Hot Sale High Quality 10KW Horizontal Axis Wind Turbine with off Grid and on Grid System,N/A,N/A,https://www.alibaba.com/product-detail/Hot-Sale-High-Quality-10KW-Horizontal_1601727524883.html
Factory Direct China Farm Installation Wind Turbine Energy Generation Wind Turbine Power Plant,N/A,N/A,https://www.alibaba.com/product-detail/Factory-Direct-China-Farm-Installation-Wind_1601633811284.html
Competitive Price Technology Large Scale Wind Turbine Manufacturing Large Scale Supplier Large Scale,N/A,N/A,https://www.alibaba.com/product-detail/Competitive-Price-Technology-Large-Scale-Wind_1601666070947.html
Best Selling China Factory 1000W Wind Turbine Generator Wind With Controller for Home,N/A,N/A,https://www.alibaba.com/product-detail/Best-Selling-China-Factory-1000W-Wind_1601727657176.html
Best Selling China Factory 1000W Wind Turbine Generator Wind With Controller for Home,N/A,N/A,https://www.alibaba.com/product-detail/Best-Selling-China-Factory-1000W-Wind_1601727566735.html
Wholesale Price 10kw Wind Turbine Price/ Residential Wind Power Price/ 10000 Watt Generator for Farm,N/A,N/A,https://www.alibaba.com/product-detail/Wholesale-Price-10kw-Wind-Turbine-Price_1601727577636.html
Hot Sale 10kw Wind Turbine Price/ Residential Wind Power Price/ 10000 Watt Generator for Farm,N/A,N/A,https://www.alibaba.com/product-detail/Hot-Sale-10kw-Wind-Turbine-Price_1601727666087.html
Hot Sale 10kw Wind Turbine Price/ Residential Wind Power Price/ 10000 Watt Generator for Farm,N/A,N/A,https://www.alibaba.com/product-detail/Hot-Sale-10kw-Wind-Turbine-Price_1601727621285.html
Wholesale Price 10kw Wind Turbine Price/ Residential Wind Power Price/ 10000 Watt Generator for Farm,N/A,N/A,https://www.alibaba.com/product-detail/Wholesale-Price-10kw-Wind-Turbine-Price_1601727543877.html
Hot Sale 10kw Wind Turbine Price/ Residential Wind Power Price/ 10000 Watt Generator for Farm,N/A,N/A,https://www.alibaba.com/product-detail/Hot-Sale-10kw-Wind-Turbine-Price_1601727522897.html
Good Price of New Product 550Kw Customized Wind Turbine Offers Advanced Horizontal-Axis Large-Capacity,N/A,N/A,https://www.alibaba.com/product-detail/Good-Price-of-New-Product-550Kw_1601641325984.html
High Quality Cheap Price 750Kw Industrial Wind Turbine Commercial Wind Turbine Reliable Onshore,N/A,N/A,https://www.alibaba.com/product-detail/High-Quality-Cheap-Price-750Kw-Industrial_1601641359205.html
Perfect Quality 750Kw Series Wind Turbine Large Capacity High Power Output Wind for Heavy Duty Applications,N/A,N/A,https://www.alibaba.com/product-detail/Perfect-Quality-750Kw-Series-Wind-Turbine_1601633624792.html
China Manufacture5kw Wind Turbine Generator High Quality Residential Wind with Good Offer,N/A,N/A,https://www.alibaba.com/product-detail/China-Manufacture5kw-Wind-Turbine-Generator-High_1601727671131.html
Wind Turbine 3KW Wind Electricity Generator for Home Use H Type Wind Energy System,N/A,N/A,https://www.alibaba.com/product-detail/Wind-Turbine-3KW-Wind-Electricity-Generator_1601725724491.html
Best Price Wind Turbine 1kw Wind Turbine Wind Power Generation System,N/A,N/A,https://www.alibaba.com/product-detail/Best-Price-Wind-Turbine-1kw-Wind_1601727617363.html
High Quality Wind Generator Turbine Commercial Use Renewable Energy 3kw Generator,N/A,N/A,https://www.alibaba.com/product-detail/High-Quality-Wind-Generator-Turbine-Commercial_1601725748288.html
Many Years Factory 1kw Vertical Wind Turbine with Competitive Price,N/A,N/A,https://www.alibaba.com/product-detail/Many-Years-Factory-1kw-Vertical-Wind_1601727641254.html
Wind Turbine Electricity Generation Small Wind Generators Wind Mills 1Kw,N/A,N/A,https://www.alibaba.com/product-detail/Wind-Turbine-Electricity-Generation-Small-Wind_1601789797833.html
Best Price Wind Turbine 1kw Wind Turbine Wind Power Generation System,N/A,N/A,https://www.alibaba.com/product-detail/Best-Price-Wind-Turbine-1kw-Wind_1601727581684.html
Wind Power Energy Station 400w Wind Turbine Generator System Home Industrial Generator for Home,N/A,N/A,https://www.alibaba.com/product-detail/Wind-Power-Energy-Station-400w-Wind_1601725677759.html
Wind Turbine New Coming 400W Windmill Power Plant Horizontal Axis Wind Generator for Home Used,N/A,N/A,https://www.alibaba.com/product-detail/Wind-Turbine-New-Coming-400W-Windmill_1601725710584.html
High Efficiency Low Speed Wind Turbine 220v 120v Wind Generator 10kw Price Popular,N/A,N/A,https://www.alibaba.com/product-detail/High-efficiency-low-speed-wind-turbine_1600140134681.html
Factory Sale 600w 3 Blade Vertical Axis Wind Turbine Wind Turbine Generator,N/A,N/A,https://www.alibaba.com/product-detail/Factory-sale-600w-3-blade-vertical_1600843345272.html
Wind Turbine 1kw Residential Wind Turbine Price Free Energy Generator 800w Wind Energy,N/A,N/A,https://www.alibaba.com/product-detail/wind-turbine-1kw-residential-wind-turbine_1600843077800.html
Hot Sale China Factory 3kW Control Wind Turbine with Variable Pitch Control Blades Hybrid Power System,N/A,N/A,https://www.alibaba.com/product-detail/Hot-Sale-China-Factory-3kW-Control_1601521560971.html
Generators Wind Turbine 3KW Solar Hybrid Generator System Windmill Generator,N/A,N/A,https://www.alibaba.com/product-detail/Generators-Wind-Turbine-3KW-Solar-Hybrid_1601521243426.html
20 kW Small Horizontal Wind Turbine Generator Industrial Wind Electricity 220V Output Voltage,N/A,N/A,https://www.alibaba.com/product-detail/20kw-wind-turbine-Horizontal-Wind-Turbine_1600820127058.html
Best 20kw Commercial Hybrid Wind Turbine Economical 500v On-Grid Power System for Efficient Energy Generation,N/A,N/A,https://www.alibaba.com/product-detail/Best-20kw-wind-turbine-price-with_60532449756.html
10KW Real Power High-efficiency Horizontal-axis Wind Turbine Suitable for Factories,N/A,N/A,https://www.alibaba.com/product-detail/Factory-Directly-Supplied-From-China-Vertical_1601569970312.html
7.5KW Real Power High-efficiency Horizontal-axis Wind Turbine Suitable for Factories,N/A,N/A,https://www.alibaba.com/product-detail/7-5KW-Real-Power-High-efficiency_1601565701745.html
"2KW High-Efficiency, Low-Wind-Speed Starting, Low-Noise Vertical-Axis Wind",N/A,N/A,https://www.alibaba.com/product-detail/2KW-High-Efficiency-Low-Wind-Speed_1601530878554.html
"High-Efficiency, Low-Wind-Speed Starting, Low-Noise Vertical-Axis Wind Turbine",N/A,N/A,https://www.alibaba.com/product-detail/High-Efficiency-Low-Wind-Speed-Starting_1601527462040.html
5KW & 10KW High-Efficiency Horizontal Axis Wind Turbines for Clean Energy - Factory Direct Wholesale,N/A,N/A,https://www.alibaba.com/product-detail/5KW-10KW-High-Efficiency-Horizontal-Axis_1601519409435.html
Wholesale of High-Quality Vertical Axis Wind Turbines by Chinese Factories,N/A,N/A,https://www.alibaba.com/product-detail/Small-Vertical-Axis-Permanent-Magnet-Wind_1601444093626.html
4KW High-Quality Factory Wholesale Price Horizontal-axis Permanent Magnet Wind,N/A,N/A,https://www.alibaba.com/product-detail/Horizontal-axis-Permanent-Magnet-Wind-Turbine_1601442857873.html
Wind Power Energy Station 400w Wind Turbine Generator System Home Industrial in Pakistan,N/A,N/A,https://www.alibaba.com/product-detail/Wind-Power-Energy-Station-400w-Wind_1601560018649.html
High Quality Low Price QPHOND CE Certified 600W-10KW Wind Turbine for Home Grid Use 24V-220V,N/A,N/A,https://www.alibaba.com/product-detail/High-Quality-Low-Price-600w-1kw_1601602052544.html
Hot Sale 10kw Wind Turbine Price/ Residential Wind Power Price/ 10000 Watt Generator for Farm,N/A,N/A,https://www.alibaba.com/product-detail/Hot-sale-10kw-wind-turbine-price_1910617561.html
Wind Turbine 100kw 200kw 5mw 6MW Wind Generator Tied or Free Standing Inverter Hybrid,N/A,N/A,https://www.alibaba.com/product-detail/Wind-Turbine-100kw-200kw-5mw-6MW_1601596899343.html
Hot Selling Household Wind Turbine 5kw/wind Turbine 1kw/wind-solar Power Generation System,N/A,N/A,https://www.alibaba.com/product-detail/Hot-selling-household-wind-turbine-5kw_1600545774407.html
ELEGE 3kw Wind Turbine Horizontal Wind Turbine Small Wind Turbine,N/A,N/A,https://www.alibaba.com/product-detail/ELEGE-3kw-Wind-Turbine-Horizontal-Wind_1600695911344.html
"Good Quality Cheap Price Low Speed 500kw Wind Turbine, 1kw Wind Turbine Price /5000 Watt for Home",N/A,N/A,https://www.alibaba.com/product-detail/Good-quality-cheap-price-low-speed_1308735456.html
"Noise-free 400W Wind Turbine Price,Windmill Generator for Sale,wind Driven Generator Generador De Energ Eolienne Aerogenerador",N/A,N/A,https://www.alibaba.com/product-detail/noise-free-400W-wind-turbine-price_1600151736283.html
Vertical Wind Turbin Wind Turbine Best Price Wind Turbine Generator Body Copper Customized GAN Power Aluminium Pcs Wire,N/A,N/A,https://www.alibaba.com/product-detail/Vertical-Wind-Turbine-1kw-5kw-Wind_11000008003425.html
Hot Selling Wind Turbine With High Quality,N/A,N/A,https://www.alibaba.com/product-detail/Hot-Selling-Wind-Turbine-With-High_1601173838094.html
High-efficiency Machine Wind Turbine for Machine and Household,N/A,N/A,https://www.alibaba.com/product-detail/High-efficiency-micro-wind-turbine-resistant_1601112375902.html
Small Solar Wind System 100w Wind Turbine for Sale Green Energy Wind Generator 100w 200w 300w 400w,N/A,N/A,https://www.alibaba.com/product-detail/Small-solar-wind-system-100w-wind_1600106979873.html
1KW 2KW 5KW 10KW Turbine Wind Turbine Generator Windmill System Horizontal Wind,N/A,N/A,https://www.alibaba.com/product-detail/1KW-2KW-5KW-10KW-turbine-wind_1601234844239.html
Horizontal Wind Turbine 330KW 1mw 2mw 3mw 5mw Wind Turbine 5mw Wind Power Generation System,N/A,N/A,https://www.alibaba.com/product-detail/horizontal-wind-turbine-100kw-1mw-2mw_1601097594460.html
High Quality Wind Generator 10kw Price 220v Wind Turbine off Grid on Gird Turbine10kw,N/A,N/A,https://www.alibaba.com/product-detail/High-quality-wind-generator-10kw-price_1600835188634.html
Chinese Professional Vertical Wind Turbine 1600 for Wind Solar Hybrid Energy Storage System,N/A,N/A,https://www.alibaba.com/product-detail/Chinese-Professional-Vertical-Wind-Turbine-1600_1601273146445.html
China Manufacturer Wind Turbine 900 Power Generator Wind Turbine With High Quality,N/A,N/A,https://www.alibaba.com/product-detail/China-Manufacturer-Wind-Turbine-900-Power_1601268995626.html
Hot New Products High Efficient Wind Turbine 1200 Generator Low Wind Speed Start,N/A,N/A,https://www.alibaba.com/product-detail/Hot-New-Products-High-Efficient-Wind_1601268872781.html
High Efficiency 3-20kw Vertical Axis Wind Turbine Generators Glass Fiber/Carbon Fiber Blades 12V/24V/48V Output 10 Year Warranty,N/A,N/A,https://www.alibaba.com/product-detail/High-Efficiency-3kw-5kw-10kw-20kw_1601273128720.html
5Kw 10Kw Vertical Axis Wind Turbine 220V IP54 Protection 2-12m Mounting Wind Energy Generator,N/A,N/A,https://www.alibaba.com/product-detail/5Kw-10Kw-Wind-Turbine-Price-Wind_1601167304728.html
1kw 2kw Wind Turbinen Generator 800w Small Wind Generator Home Wind Power Plant,N/A,N/A,https://www.alibaba.com/product-detail/1kw-2kw-wind-turbinen-generator-800w_1600491101416.html
China Factory 10kw Vertical Axis Wind Turbine Wind Turbines for Sale,N/A,N/A,https://www.alibaba.com/product-detail/China-Factory-10kw-Vertical-Axis-Wind_1601658765935.html
10KW Made-in-China Factory Direct Sales High-Quality Silent and Efficient Wind,N/A,N/A,https://www.alibaba.com/product-detail/10KW-Made-in-China-Factory-Direct_1601658123392.html
1kw 3kw 5kw 10kw Low Wind Speed High Efficiency Horizontal Wind Turbine for Garden/Farm,N/A,N/A,https://www.alibaba.com/product-detail/1kw-3kw-5kw-10kw-Low-Wind_1600898227781.html
Wind Turbine 1kw 5kw 10kw Windmill Power Plant Vertical Axis Wind Generator System for Home Used Renewable Free Energy,N/A,N/A,https://www.alibaba.com/product-detail/Wind-Turbine-1kw-5kw-10kw-Windmill_1601604316372.html
China Factory 2000w 12/24v Vertical Axis Wind Turbine Wind Energy Generator Home Cheap,N/A,N/A,https://www.alibaba.com/product-detail/China-Factory-2000w-12-24v-Vertical_1601602149409.html
Factory Price 1kw Wind Turbine for Home Use Wind Power Turbine Generator Hybrid,N/A,N/A,https://www.alibaba.com/product-detail/Factory-Price-1kw-Wind-Turbine-for_1601601294799.html
Best Price Wind Turbine 1kw Wind Turbine Wind Power Generation System,N/A,N/A,https://www.alibaba.com/product-detail/Best-Price-Wind-Turbine-1kw-Wind_1601600040156.html
China Factory 2000w 12/24v Vertical Axis Wind Turbine Wind Energy Generator Home Cheap,N/A,N/A,https://www.alibaba.com/product-detail/China-Factory-2000w-12-24v-Vertical_1601593227960.html
10m/s Rated Wind Speed 5kw Horizontal Axis Wind Turbine Off Grid Wind Power System,N/A,N/A,https://www.alibaba.com/product-detail/10m-s-Rated-Wind-Speed-5kw_1601591338978.html
China Factory 2000w 12/24v Vertical Axis Wind Turbine Wind Energy Generator Home Cheap,N/A,N/A,https://www.alibaba.com/product-detail/China-Factory-2000w-12-24v-Vertical_1601591000019.html
Customizable 5KW G Vertical Wind Turbine Manufacturer's Wind Generators with G Customized Voltage,N/A,N/A,https://www.alibaba.com/product-detail/5KW-G-Customized-Voltage-Manufacturer-Vertical_62307389323.html
"Double-layer Wind Turbines, Vertical Wind Turbines, High Efficiency 12/24, 100W, 200w, 300w, 400w, 500w, 1000w Windkraftanlage",N/A,N/A,https://www.alibaba.com/product-detail/Double-layer-Wind-Turbines-Vertical-Wind_1601584226739.html
Wind Turbine 1kw 5kw 10kw Windmill Power Plant Vertical Axis Wind Generator System for Home Used Renewable Free Energy,N/A,N/A,https://www.alibaba.com/product-detail/Wind-Turbine-1kw-5kw-10kw-Windmill_1601582210457.html
7.5m Blade Active Pitch Controlled Windmill 50kw Wind Generator Wind Turbine Type for Farm Hot Sale,N/A,N/A,https://www.alibaba.com/product-detail/7-5m-blade-active-pitch-controlled_1601168376407.html
Wind Turbine 3 Blades Wind Turbine Home Farmwind Turbine Generator 400w,N/A,N/A,https://www.alibaba.com/product-detail/Wind-Turbine-3-Blades-Wind-Turbine_1601580729374.html
Factory Direct Sale of Large Vertical Wind Turbines for Efficient Power Generation Generator 30kw Windkraftanlagen,N/A,N/A,https://www.alibaba.com/product-detail/Factory-Direct-Sale-of-Large-Vertical_1601578080627.html
Commercial Power Supply and Off-Grid Projects Wind Turbine 50kw Stability Wind Generators Product Category,N/A,N/A,https://www.alibaba.com/product-detail/Stable-50kw-Wind-Turbine-for-Commercial_1601576249606.html
Wind Turbine 1kw 5kw 10kw Windmill Power Plant Vertical Axis Wind Generator System for Home Used Renewable Free Energy,N/A,N/A,https://www.alibaba.com/product-detail/Wind-Turbine-1kw-5kw-10kw-Windmill_1601572525196.html
"Large Wind Turbines of 10kw, 20kw and 30kw, Horizontal Wind Turbines, Industrial Type, Factory Direct Sales, Good Quality",N/A,N/A,https://www.alibaba.com/product-detail/Large-Wind-Turbines-of-10kw-20kw_1601569467970.html
Horizontal Axis Small 1kw 48v Wind Turbine Manufacturer,N/A,N/A,https://www.alibaba.com/product-detail/Horizontal-axis-small-1kw-48v-Wind_1601054196458.html
Factory Direct Sale of Large Vertical Wind Turbines for Efficient Power Generation Generator 30kw Windkraftanlagen,N/A,N/A,https://www.alibaba.com/product-detail/Factory-Direct-Sale-of-Large-Vertical_1601564604197.html
Hot Sale High Power Wind Speed Wind Turbine 400W Wind Generator in Stock,N/A,N/A,https://www.alibaba.com/product-detail/Hot-Sale-High-Power-Wind-Speed_1601559171675.html
Efficient and Lightweight Vertical Axis Wind Turbine Customizable Multi-blade Die-casting Aluminum Alloy Generator,N/A,N/A,https://www.alibaba.com/product-detail/High-Efficiency-5-Blade-HAWT-Wind_1601419187953.html
Hot Sell Wind Turbine 1kw 3kw 5kw 10kw Solar Energy Wind Power Turbine Generator Solar System with Wholesale Price,N/A,N/A,https://www.alibaba.com/product-detail/Hot-Sell-Wind-Turbine-1kw-3kw_1601090604055.html
Home Wind Turbine Companies Small Wind Turbine Companies China Small Wind Expert,N/A,N/A,https://www.alibaba.com/product-detail/2024-Home-wind-turbine-companies-small_1600938525586.html
Factory Direct Sale of Large Vertical Wind Turbines for Efficient Power Generation Generator 30kw Windkraftanlagen,N/A,N/A,https://www.alibaba.com/product-detail/Factory-Direct-Sale-of-Large-Vertical_1601536513098.html
Wholesale Small Wind Turbine 20Kw Manufacturer With CE Certificate,N/A,N/A,https://www.alibaba.com/product-detail/Wholesale-Small-Wind-Turbine-20Kw-Manufacturer_1601534795814.html
Factory Customization 1kw 2kw 5kw Wind Turbine Home Wind Turbine Wind Turbine Technology for Home Use,N/A,N/A,https://www.alibaba.com/product-detail/Factory-Customization-1kw-2kw-5kw-wind_1600969094219.html
Wind Turbine New Coming 400W Windmill Power Plant Horizontal Axis Wind Generator for Home Used,N/A,N/A,https://www.alibaba.com/product-detail/Wind-Turbine-New-Coming-400W-Windmill_1601521231499.html
China Factory Price Low Speed Free Energy Vertical Axis Wind Turbine 2000 Generator,N/A,N/A,https://www.alibaba.com/product-detail/China-Factory-Price-Low-Speed-Free_1601273036682.html
Wholesale High Quality New Type Wind Turbine 1600 Price Wind Energy Generator,N/A,N/A,https://www.alibaba.com/product-detail/Wholesale-High-Quality-New-Type-Wind_1601273176379.html
Best Selling Quality Energy Low Speed Wind Power Turbine Vertical Axis Generator Wind,N/A,N/A,https://www.alibaba.com/product-detail/Best-Selling-Quality-Energy-Low-Speed_1601273159395.html
X Type Best Wind Turbine Wind Tree Turbine 1 kw Wind Turbine Price,N/A,N/A,https://www.alibaba.com/product-detail/H-type-best-wind-turbine-wind_1600805211245.html
Factory Direct Sale of Large Vertical Wind Turbines for Efficient Power Generation Generator 10kw Windkraftanlage,N/A,N/A,https://www.alibaba.com/product-detail/Factory-Direct-Sale-of-Large-Vertical_1601495472584.html
10 KW High Efficiency Horizontal Wind Turbine Matched With Optimized Aerodynamic Shape and Structure Factory Stock Real Power,N/A,N/A,https://www.alibaba.com/product-detail/10-KW-High-Efficiency-Horizontal-Wind_1601495167965.html
20kw at Overseas Warehouse Optimized Aerodynamic Vertical Wind Turbine with Matched Phase Generator Available,N/A,N/A,https://www.alibaba.com/product-detail/20kw-at-Overseas-Warehouse-Optimized-Aerodynamic_1601494873710.html
Real Power Low Noise Vertical Axis Wind Turbine 1Kw Wind Mills,N/A,N/A,https://www.alibaba.com/product-detail/Real-Power-Low-Noise-Vertical-Axis_1601486315075.html
1kw 2kw 3kw 5kw 24V 48V 96V 120V 220V Wind Turbine with High Efficiency Low Noise Vertical,N/A,N/A,https://www.alibaba.com/product-detail/1kw-2kw-3kw-5kw-24V-48V_11000009893698.html
Wind Turbine 1kw 5kw 10kw Windmill Power Plant Vertical Axis Wind Generator System for Home Used Renewable Free Energy,N/A,N/A,https://www.alibaba.com/product-detail/Wind-Turbine-1kw-5kw-10kw-Windmill_1601471774191.html
"5KW Variable Pitch Control Wind Turbine Generator, Residential Wind Turbine",N/A,N/A,https://www.alibaba.com/product-detail/5KW-Variable-Pitch-Control-Wind-Turbine_10000030062578.html
"10KW Wind Turbine, Horizontal Axis Wind Turbine Manufacturers, Efficient Wind Generators, High Power",N/A,N/A,https://www.alibaba.com/product-detail/10KW-Wind-Turbine-Horizontal-Axis-Wind_1601462476096.html
"50KW Wind Turbine, Horizontal Axis Wind Turbine Manufacturers, Efficient Wind Generators, High Power",N/A,N/A,https://www.alibaba.com/product-detail/50KW-Wind-Turbine-Horizontal-Axis-Wind_1601462366906.html
Technologically Advanced 5Kw 240V 380V Wind Turbine Stable Annual Power Generation,N/A,N/A,https://www.alibaba.com/product-detail/Technologically-Advanced-5Kw-240V-380V-Wind_1601458641089.html
Wind Turbine 300W 400W 500W 600W1000W Horizontal Wind Turbine Generator Small,N/A,N/A,https://www.alibaba.com/product-detail/Wind-Turbine-300W-400W-500W-600W1000W_1601453648276.html
"Small Wind Turbine 1000W, 3 Blades, Low Start-Up Wind Speed, Ideal for Farm",N/A,N/A,https://www.alibaba.com/product-detail/Small-Wind-Turbine-1000W-3-Blades_1601420942096.html
SMARAAD Nice Price Low Noise High Energy Efficiency Spiral Shape Vertical Axis Wind 1000W 12V/24V,N/A,N/A,https://www.alibaba.com/product-detail/SMARAAD-Nice-Price-Low-Noise-High_1601010687981.html
"3kw Small Wind Turbine,Wind Generator for Home Use High Generating Efficiency 5years Free Maintenance for Home Use",N/A,N/A,https://www.alibaba.com/product-detail/3kw-Small-Wind-Turbine-Wind-Generator_60821442456.html
High Efficiency Wind Mill Turbine 10Kw Wind Generator for Home,N/A,N/A,https://www.alibaba.com/product-detail/High-Efficiency-Wind-Mill-Turbine-20Kw_1601435201263.html
The New Technology 400W Vertical Axis Wind Turbine Is Suitable for Domestic High Quality Plants,N/A,N/A,https://www.alibaba.com/product-detail/The-New-Technology-400W-Vertical-Axis_1601372003375.html
China Manufacturer Solar Wind Turbine Hybrid System 1kw Roof Wind Turbine and Solar Panel Hybrid System for Sale,N/A,N/A,https://www.alibaba.com/product-detail/China-manufacturer-solar-wind-turbine-hybrid_1601358669790.html
China Good Quality Wind Turbine Horizontal Axis Wind Turbine Generator for Home Use Best Choice,N/A,N/A,https://www.alibaba.com/product-detail/China-good-quality-Wind-turbine-horizontal_1601240237652.html
Renewable Energy Wind Power Generation System 1MW to 5MW Wind Turbines Eco-Friendly Mills,N/A,N/A,https://www.alibaba.com/product-detail/Renewable-Energy-Wind-Power-Generator-Turbine_1601424816427.html
Limited Stock 400W 12/24V Horizontal Axis Wind Turbine Eco Friendly Low Wind Speed Operation,N/A,N/A,https://www.alibaba.com/product-detail/Limited-Stock-400W-12-24V-Horizontal_1601430635042.html
1kw Wind Turbine System Higher Efficiency with Aerodynamic Blades Design Low Noise,N/A,N/A,https://www.alibaba.com/product-detail/1kw-Wind-Turbine-System-Higher-Efficiency_1601425295870.html
300W 400W 500W 1KW HAWT Wind Turbine EU-Certified 20-Year Lifespan for Rural Farms & Off-grid Homes,N/A,N/A,https://www.alibaba.com/product-detail/300W-400W-500W-1KW-HAWT-Wind_1601417978443.html
Manufacturer 400W Wind Turbine with 12V Carbon Fiber Composite Blades 11m/s Rated Speed 220V Output Power Generator,N/A,N/A,https://www.alibaba.com/product-detail/Manufacturer-400w-wind-turbine-price-12v_60788163917.html
CE Horizontal Windmill Household Wind Turbine 1Kw Manufacturer,N/A,N/A,https://www.alibaba.com/product-detail/CE-Horizontal-Windmill-Household-Wind-Turbine_1601415887771.html
Vertical 1000w 1mw Wind Turbine Wind Turbine for House Wind Turbine From Turkey,N/A,N/A,https://www.alibaba.com/product-detail/1mw-wind-turbine-wind-turbine-for_1600805183504.html
CE Certificated Low Speed Wind Turbine Vertical Turbine Windmill 5kw Vertical Axis Price 48v,N/A,N/A,https://www.alibaba.com/product-detail/CE-certificated-low-speed-wind-turbine_1601205219631.html
1kw 2kw 3kw 5kw 10kw 20kw 30kw 50kw 100kw Wholesale Wind Turbine Manufacturing Price for Europe,N/A,N/A,https://www.alibaba.com/product-detail/5kw-10kw-20kw-30kw-50kw-100kw_1600822900745.html
Free Energy China Factory 600w 1000w Vertical Axis Wind Turbine 12/24/48 Wind for Sale,N/A,N/A,https://www.alibaba.com/product-detail/Free-Energy-China-Factory-600w-1000w_1601397502150.html
High Efficient 20 Kilowatt Windmill Wind Turbine With CE Certificate,N/A,N/A,https://www.alibaba.com/product-detail/High-Efficient-20-Kilowatt-Windmill-Wind_1601391835821.html
Us Duty-free 500w 12v Wind Turbine Factory Direct Sales in China Free Energy 600w 12v Generator,N/A,N/A,https://www.alibaba.com/product-detail/Us-Duty-free-500w-12v-Wind_1601383563285.html
300W-3KW Vertical Axis Windmill Household Wind Turbine 48V 2000W Low Noisy High Efficiency Manufacturers,N/A,N/A,https://www.alibaba.com/product-detail/300W-3KW-Vertical-Axis-Windmill-Household_1601105152090.html
1KW 2KW 5KW 10KW Turbine Wind Turbine Generator Windmill System Horizontal Wind,N/A,N/A,https://www.alibaba.com/product-detail/1KW-2KW-5KW-10KW-turbine-wind_1601234741565.html
Low Price Wind Turbine 10kw Farm Wind Turbine for Energy Systems Power Generator,N/A,N/A,https://www.alibaba.com/product-detail/Low-price-wind-turbine-10kw-farm_1600955445196.html
High Efficiency 300W Wind Turbine for Outdoor Use with Strong Wind Resistance and Upgraded Double Bearing Rotor Power Tools,N/A,N/A,https://www.alibaba.com/product-detail/High-Efficiency-300W-Wind-Turbine-for_1601293997429.html
High Quality 300W Wind Turbine Generator for Commercial Use Renewable Energy Source with 220V Output Voltage Best Price,N/A,N/A,https://www.alibaba.com/product-detail/High-Quality-Wind-Generator-Turbine-Commercial_1600834942669.html
ESG 600W 1kw 3kw 5kw 10kw 20kw High Efficiency and Attractive Vertical Axis Wind with Low Operating Noise Vawt,N/A,N/A,https://www.alibaba.com/product-detail/ESG-600W-1kw-3kw-5kw-10kw_1600892262934.html
Big Sale 1000w Wind Turbine Price Eolienne 8 Blade Wind Turbines for Sale,N/A,N/A,https://www.alibaba.com/product-detail/Big-sale-1000w-wind-turbine-price_1601057265753.html
1000w Wind Turbine Price Eolienne 8 Blade Wind Turbines for Sale,N/A,N/A,https://www.alibaba.com/product-detail/1000w-wind-turbine-price-eolienne-8_1600695727788.html
Elege 5kw Horizontal Wind Turbine Small Wind Turbine for Power Output Voltage 220v,N/A,N/A,https://www.alibaba.com/product-detail/5kw-wind-turbine-Horizontal-Wind-Turbine_1600696203091.html
Green energy manufacturer 100KW on-grid wind turbine,N/A,N/A,https://www.alibaba.com/product-detail/Green-energy-manufacturer-100KW-on-grid_1601350158555.html
20kW Pitch Control Wind Turbine for Wind Farms High-Efficiency Windmills,N/A,N/A,https://www.alibaba.com/product-detail/20kW-Pitch-Control-Wind-Turbine-for_1601319960921.html
Elege 1kw 2kw Wind Turbine Price Residential Wind Power Price 48v Horizontal Axis Free Energy Magnetic Generator for Home,N/A,N/A,https://www.alibaba.com/product-detail/Hot-2kw-wind-turbine-price-residential_1600690483089.html
5kw Wind Turbine for Home Use Wind Power Turbine Generator Solar Wind Turbine,N/A,N/A,https://www.alibaba.com/product-detail/5kw-Wind-Turbine-for-Home-Use_1600782614447.html
5kw 10kw 20kw 30kw 50kw 100kw Wholesale Wind Turbine Manufacturing Price for Europe,N/A,N/A,https://www.alibaba.com/product-detail/5kw-10kw-20kw-30kw-50kw-100kw_1600835258373.html
Hot Sale 5kw Wind Turbine Price/ Residential Wind Power Price/ 5kw Wind Generator for Farm,N/A,N/A,https://www.alibaba.com/product-detail/Hot-sale-5kw-wind-turbine-price_1600693722492.html
High Effective Wind Turbine 96V/120V/240V/380V Wind Turbine 100 kw,N/A,N/A,https://www.alibaba.com/product-detail/High-Effective-Wind-Turbine-96V-120V_62142499922.html
New High Quality Wind Generator Vertical Wind Turbine Wind Turbine 900 Power Generator,N/A,N/A,https://www.alibaba.com/product-detail/New-High-Quality-Wind-Generator-Vertical_1601268893653.html
Factory Wholesale Wind Turbine 900 Alternative Generator Wind Energy Wind With Cheap Price,N/A,N/A,https://www.alibaba.com/product-detail/Factory-Wholesale-Wind-Turbine-900-Alternative_1601268871774.html
New Trend Factory Direct Supply Wind Turbine 300 Alternative Electricity Home,N/A,N/A,https://www.alibaba.com/product-detail/New-Trend-Factory-Direct-Supply-Wind_1601268864705.html
China Factory Price High Efficiency Wind Turbine 300 Power System Wind Turbine Generator,N/A,N/A,https://www.alibaba.com/product-detail/China-Factory-Price-High-Efficiency-Wind_1601269233108.html
Manufacturers Wholesale Durable Home Generator Wind Turbine 300 Portable Wind,N/A,N/A,https://www.alibaba.com/product-detail/Manufacturers-Wholesale-Durable-Home-Generator-Wind_1601269456044.html
China Factory Price Wind Turbine 900 Home Use Wind Horizontal Axis Wind Turbine,N/A,N/A,https://www.alibaba.com/product-detail/China-Factory-Price-Wind-Turbine-900_1601269117976.html
New Best Selling Cheap Wind Power System Wind Turbine 1200 Generator Home Wind,N/A,N/A,https://www.alibaba.com/product-detail/New-Best-Selling-Cheap-Wind-Power_1601269272712.html
Factory Wholesale Horizontal Axis Wind Turbine 1200 Wind Generator Turbine for Commercial Use,N/A,N/A,https://www.alibaba.com/product-detail/Factory-Wholesale-Horizontal-Axis-Wind-Turbine_1601269309687.html
New Best Selling Cheap High Efficient Wind Turbine 900 Wind Energy System for Home,N/A,N/A,https://www.alibaba.com/product-detail/New-Best-Selling-Cheap-High-Efficient_1601270294829.html
China Factory Good Quality Alternative Energy Generators Wind Turbine Wind 2400,N/A,N/A,https://www.alibaba.com/product-detail/China-Factory-Good-Quality-Alternative-Energy_1601273075220.html
China Factory Price Ce Certified Most Efficient Small Wind Turbine 3000 Price Home Generators,N/A,N/A,https://www.alibaba.com/product-detail/China-Factory-Price-Ce-Certified-Most_1601273071270.html
Hot Sale 300W to 1000W Vertical Axis Wind Turbine 12V 24V Wind Turbine Price,N/A,N/A,https://www.alibaba.com/product-detail/Hot-sale-300W-to-1000W-Vertical_1600499241962.html
Small Wind Turbine Technology/wind Turbine Technology/rooftop Horizontal Axis Manufacturer,N/A,N/A,https://www.alibaba.com/product-detail/Small-wind-turbine-technology-wind-turbine_1600938722339.html
ELEGE CE Certificated Low Speed Wind Turbine Vertical Turbine Windmill 1kw Vertical Axis Price 48v,N/A,N/A,https://www.alibaba.com/product-detail/ELEGE-CE-certificated-low-speed-wind_1600617783761.html
Customizable Low Wind Speed 8 Blade Wind Turbine Factory 1000W 12V 24V Wind,N/A,N/A,https://www.alibaba.com/product-detail/Customizable-low-wind-speed-8-blade_1601231001521.html
1KW 2KW Turbine Wind Turbine Generator Windmill System Horizontal Wind Turbine,N/A,N/A,https://www.alibaba.com/product-detail/1KW-2KW-turbine-wind-turbine-Generator_1601234668937.html
Wind Turbine 550kw 750kw 1MW 2.5mw 3mw Horizontal Wind Turbine Solar Hybrid System Project,N/A,N/A,https://www.alibaba.com/product-detail/Wind-Turbine-550kw-750kw-1MW-2_1601233760282.html
Wind Turbine 20KW 30kw 50kw 100kw 1MW 3MW 5MW Horizontal Axis Electrical Controlled Generator,N/A,N/A,https://www.alibaba.com/product-detail/Wind-Turbine-20KW-30kw-50kw-100kw_1601233834260.html
Factory Price Wind Turbine 5kw 10kw Horizontal Axis Wind Turbine Generator With High Power Output,N/A,N/A,https://www.alibaba.com/product-detail/Factory-Price-Wind-Turbine-5kw-10kw_1601215126200.html
High Efficiency 5000W Wind Generator 5KW Wind Turbine for Home Projects Use,N/A,N/A,https://www.alibaba.com/product-detail/High-Efficiency-5000W-Wind-Generator-5KW_62571327013.html
ESG High Quality Wind Generator Turbine Commercial Use Renewable Energy 3kw Generator Price,N/A,N/A,https://www.alibaba.com/product-detail/ESG-High-Quality-Wind-Generator-Turbine_62109568913.html
Factory 300w-800w Wind Turbine Marine or Domestic Wind Turbine Horizontal Wind,N/A,N/A,https://www.alibaba.com/product-detail/Factory-300w-800w-wind-turbine-marine_1600698918318.html
New Energy 5kw Wind Turbine 220v 240v Large Wind Turbine 5kw Wind Turbine Generator 10kw,N/A,N/A,https://www.alibaba.com/product-detail/New-energy-5kw-wind-turbine-220v_1600784541761.html
1000w Wholesale Price Wind Turbine Price Eolienne 8 Blade Wind Turbines for Sale,N/A,N/A,https://www.alibaba.com/product-detail/1000w-Wholesale-price-wind-turbine-price_1601150194405.html
Renewable and Sustainable Energy 100kw 200KW 500KW 1MW Wind Turbine,N/A,N/A,https://www.alibaba.com/product-detail/Renewable-And-Sustainable-Energy-100kw-200KW_1601102595529.html
Hot Selling 100W-400W HAWT High Efficiency Wind Turbine European 12/24V Good Quality Tower 18M,N/A,N/A,https://www.alibaba.com/product-detail/Hot-Selling-100W-400W-HAWT-High_1601061020788.html
Wind Generator 1mw Wind Turbine Generator 2mw 3mw Farm Turbine Price,N/A,N/A,https://www.alibaba.com/product-detail/Wind-generator-1mw-wind-turbine-generator_1600737085718.html
EU Stock Fast Shipping China Factory Professional Horizontal Wind Turbine Machine Home Use 400W 600W 1000W 500W 380,N/A,N/A,https://www.alibaba.com/product-detail/EU-stock-fast-shipping-China-Factory_1600984400035.html
Hot Sale 600w Wind Turbine Price/ Residential Wind Power Price/ 600 Watt Generator for Home,N/A,N/A,https://www.alibaba.com/product-detail/Hot-sale-600w-wind-turbine-price_1600879232113.html
50kw Wind Turbine Price Are Best Horizontal Wind Turbine with Reinforced Glass Fiber,N/A,N/A,https://www.alibaba.com/product-detail/50kw-wind-turbine-price-are-best_1600888013634.html
Vertical Axis Wind Turbine Manufacture 10w - 10kw,N/A,N/A,https://www.alibaba.com/product-detail/Vertical-axis-wind-turbine-manufacture-10w_1600147864636.html
200w 300W 500W 1KW Wind Turbine Prices for Home Electric Generating Windmills ISO CE Certification,N/A,N/A,https://www.alibaba.com/product-detail/200w-300W-500W-1KW-wind-turbine_1600201255359.html
Hot Sale 1000w Wind Turbine 12V/24V/48V Wind Turbine Wholesale Vertical Axis Wind,N/A,N/A,https://www.alibaba.com/product-detail/Hot-sale-1000w-wind-turbine-12V_1600595046749.html
Best Sale 1000w Wind Turbine Price Eolienne 8 Blade Wind Turbines for Sale,N/A,N/A,https://www.alibaba.com/product-detail/Best-sale-1000w-wind-turbine-price_1600595983950.html
High Efficiency Noiseless Vertical Wind Turbine 1kw Wind Turbine Best Price Wind,N/A,N/A,https://www.alibaba.com/product-detail/High-efficiency-Noiseless-Vertical-wind-turbine_1600555073217.html
Wind Turbine 2kw 3kw 5kw 10kw 15kw Eolic Energy Wind Power Generator,N/A,N/A,https://www.alibaba.com/product-detail/wind-turbine-2kw-3kw-5kw-10kw_1600398695763.html
5kw 10kw Wind Turbine Price Home Wind Turbine Generator Wind Turbine for Sale,N/A,N/A,https://www.alibaba.com/product-detail/5kw-10kw-wind-turbine-price-home_1700002888546.html
Wind Turbine Power/rv Wind Turbine/wind Turbine Price,N/A,N/A,https://www.alibaba.com/product-detail/Wind-turbine-power-rv-wind-turbine_1600558976857.html
Factory Available 60Kw Wind Turbine Price 2Kw 3Kw 5Kw 10Kw 20Kw Commercial 30Kw 100Kw Vertical Axis,N/A,N/A,https://www.alibaba.com/product-detail/Factory-Available-60Kw-Wind-Turbine-Price_1600860315297.html
30 Kw Wind Turbine Dynamo Noise-Free 4Kw 5 Kw 10Kw 15Kw 3Kw 1Kw High Quality Windmill 20Kw Vertical Axis,N/A,N/A,https://www.alibaba.com/product-detail/30-Kw-Wind-Turbine-Dynamo-Noise_1600860116735.html
Best Quality Wind Turbine 30Kw 10 Kw 20Kw Home Power System 100W 200W 300W Horizontal China Manufacturer,N/A,N/A,https://www.alibaba.com/product-detail/Best-Quality-Wind-Turbine-30Kw-10_1600860150265.html
5kw Wind Turbine for Home Use Wind Power Turbine Generator Solar Wind Turbine,N/A,N/A,https://www.alibaba.com/product-detail/5kw-wind-turbine-for-home-use_1600784540947.html
5kw Vertical Axis Wind Turbine 48v 96v Spiral Model Wind Hybrid System,N/A,N/A,https://www.alibaba.com/product-detail/5kw-Vertical-Axis-Wind-Turbine-48v_1600789091546.html
Vertical Wind Turbine Factory Price Wind Turbine Generator for Farm CE Wind Power System 3 Phase AC Permanent-magnet 10 M/s,N/A,N/A,https://www.alibaba.com/product-detail/Vertical-Wind-Turbine-Factory-Price-Wind_1600493432845.html
Wholesale Wind Power Products Renewable Energy Small Wind Turbine,N/A,N/A,https://www.alibaba.com/product-detail/wholesale-wind-power-products-renewable-energy_1600613668328.html
New Type 1500w Wind Turbine Price Wind Energy Generator Export Turbines Wind,N/A,N/A,https://www.alibaba.com/product-detail/New-type-1500w-wind-turbine-price_1600524892281.html
Hot 2kw Wind Turbine Price/residential Wind Power Price/48v Horizontal Axis Wind Generator,N/A,N/A,https://www.alibaba.com/product-detail/Hot-2kw-wind-turbine-price-residential_1600708792458.html
FLYTXNY 1kw 3kw 10kw Wind Turbine Vertical Wind Turbine 5kw Wind Turbine,N/A,N/A,https://www.alibaba.com/product-detail/FLYTXNY-1kw-3kw-10kw-wind-turbine_1600750518263.html
China Factory Wholesale 3000W 5000W 48V Horizontal Axis Wind Turbine with Cheap Price,N/A,N/A,https://www.alibaba.com/product-detail/China-factory-wholesale-3000W-5000W-48V_1600696127312.html
Hot Sale 200w Wind Turbine Price/ Residential Wind Power Products / 300w 400w 500w Generators for Home,N/A,N/A,https://www.alibaba.com/product-detail/Hot-sale-200w-wind-turbine-price_1600751797943.html
Factory Direct Sales of Vertical Wind Turbine 500w 1kw 2kw 3kw 12v 24v 48V Home Vertical,N/A,N/A,https://www.alibaba.com/product-detail/Factory-direct-sales-of-vertical-wind_1600726052684.html
Brand New Wind Turbine 300w Price Turbine Mill Driven Wind Power with High Quality,N/A,N/A,https://www.alibaba.com/product-detail/Brand-new-wind-turbine-300w-price_1600736498630.html
Large Solar System 10 kw Wind Turbine Manufacturers Suppliers and Exporters,N/A,N/A,https://www.alibaba.com/product-detail/large-solar-system-10-kw-wind_1867866378.html
High Performance 2000w Wind Turbine Generator New Energy 2kw Home Use Windmill,N/A,N/A,https://www.alibaba.com/product-detail/High-performance-2000w-wind-turbine-generator_1600113953081.html
New Design 1000w 48v Vertical Axis Wind Generator Wind Power System Wind Turbine with CE Certificate,N/A,N/A,https://www.alibaba.com/product-detail/New-design-1000w-48v-vertical-axis_60712720599.html
Wind Turbine Machine\ 600w Vertical Helix Wind Turbine\500kw Wind Turbine,N/A,N/A,https://www.alibaba.com/product-detail/wind-turbine-machine-600w-vertical-helix_1600545785484.html
Factory Wind Turbine 5kw/wind Turbine 3kw Wind Turbine 2kw 1kw,N/A,N/A,https://www.alibaba.com/product-detail/Factory-Wind-turbine-5kw-wind-turbine_1600688321146.html
Wind Turbines Prices Vertical Axis Wind Turbine 1kw 2kw 3kw Small Wind Turbine,N/A,N/A,https://www.alibaba.com/product-detail/wind-turbines-prices-vertical-axis-wind_1600660857796.html
Most Popular Wind Turbine Generator Alternative Energy Generators Small Wind,N/A,N/A,https://www.alibaba.com/product-detail/Most-popular-wind-turbine-generator-alternative_1600609903221.html
1kw 24v Wind Turbine Price Karachi Wind Turbines Double Blade Wind Turbine System Home,N/A,N/A,https://www.alibaba.com/product-detail/1kw-24v-wind-turbine-price-karachi_1600598266069.html
600W 1kw Wind Turbine Price China Wind Generators Generate Electricity From Wind,N/A,N/A,https://www.alibaba.com/product-detail/600W-1kw-wind-turbine-price-china_1600543984712.html
Hot Sell Wind Turbine 5kw/vertical Wind Turbine 6kw/propellers for Wind Turbine,N/A,N/A,https://www.alibaba.com/product-detail/Hot-sell-wind-turbine-5kw-vertical_1600544017357.html
30KW Wind Turbine for Home High Quality Small Wind Turbine Horizontal Wind Power Electricity Generator,N/A,N/A,https://www.alibaba.com/product-detail/30KW-wind-turbine-for-home-high_1600294576695.html
Vertical Wind Turbine 1kw 5kw Wind Turbine Best Price Wind Turbine Generator,N/A,N/A,https://www.alibaba.com/product-detail/Vertical-wind-turbine-1kw-5kw-wind_1600202131835.html
Wholesale Alibaba Magnet Wind Turbine Magnet,N/A,N/A,https://www.alibaba.com/product-detail/Wholesale-Alibaba-Magnet-Wind-Turbine-Magnet_60749882168.html
100w 12v 24v Vertical Wind Turbine,N/A,N/A,https://www.alibaba.com/product-detail/100w-12v-24v-Vertical-Wind-Turbine_60425364147.html
800 Watt 900 Watt Hot Sale Wind Turbine Manufacturer,N/A,N/A,https://www.alibaba.com/product-detail/800-watt-900-watt-hot-sale_60424804138.html
"Small Wind Power Generator Wind Turbine 5kw for House, Farms",N/A,N/A,https://www.alibaba.com/product-detail/Small-Wind-Power-Generator-Wind-Turbine_60453434173.html
3000w Wind Turbine 5000w Wind Turbine Generator Wind Power Generator,N/A,N/A,https://www.alibaba.com/product-detail/3000w-wind-turbine-5000w-wind-turbine_60431414823.html
High Efficient 1 kw Wind Turbine Price,N/A,N/A,https://www.alibaba.com/product-detail/high-efficient-1-kw-wind-turbine_60633466101.html
"1000W Wind Turbine Vertical Axis 1kw Low Nosiy 48V, Wind/solar Hybrid Wind Turbine Set",N/A,N/A,https://www.alibaba.com/product-detail/1000W-wind-turbine-vertical-axis-1kw_62255784779.html
High-Performance 400w wind turbine Home wind turbine Technology For Home Use,N/A,N/A,https://www.alibaba.com/product-detail/High-Performance-400w-wind-turbine-Home_1601351930407.html
Factory price customized 380v 100kW 200kw power wind horizontal axis wind turbine for homes,N/A,N/A,https://www.alibaba.com/product-detail/Factory-price-customized-380v-100kW-200kw_1601351627459.html
High Quality Wind Generator Turbine Commercial Use Renewable Energy 200W 12V Generator Price,N/A,N/A,https://www.alibaba.com/product-detail/High-Quality-Wind-Generator-Turbine-Commercial_1600835270053.html
High Quality Wind Generator Turbine Commercial Use Renewable Energy 100w24V Generator Price,N/A,N/A,https://www.alibaba.com/product-detail/High-Quality-Wind-Generator-Turbine-Commercial_1600835089924.html
High Quality Wind Generator Turbine Commercial Use Renewable Energy 400W 12V Generator Price,N/A,N/A,https://www.alibaba.com/product-detail/High-Quality-Wind-Generator-Turbine-Commercial_1600835299283.html
1kw 2kw 3kw 5kw 6kw 8kw 10kw Wind Generator Vertical Axis Wind Turbine With Solar System1200W,N/A,N/A,https://www.alibaba.com/product-detail/1kw-2kw-3kw-5kw-6kw-8kw_1601294587020.html
Hot Sale 5kw Wind Turbine Price/ Residential Wind Power Price/ 5kw 1kw Wind Generator for Farm,N/A,N/A,https://www.alibaba.com/product-detail/Hot-sale-5kw-wind-turbine-price_1600820796270.html
Renewable Energy Wind Turbine 1kw Wind Generator 1000w Turbine Wind Generator,N/A,N/A,https://www.alibaba.com/product-detail/Renewable-energy-wind-turbine-1kw-wind_1600644912273.html
China 10kw Residential Wind Turbine,N/A,N/A,https://www.alibaba.com/product-detail/China-10kw-residential-wind-turbine_60601924422.html
Domestic 2kw Small Wind Turbine,N/A,N/A,https://www.alibaba.com/product-detail/Domestic-2kw-small-wind-turbine_60624561501.html
Low Speed Vertical Axis 500w Wind Turbine for Sale,N/A,N/A,https://www.alibaba.com/product-detail/low-speed-vertical-axis-500w-wind_60568809177.html
Good Quality 3kw Vertical Axis Wind Turbine for Sale,N/A,N/A,https://www.alibaba.com/product-detail/Good-Quality-3kw-Vertical-Axis-Wind_60564827559.html
Good Quality 1500w Vertical Axis Wind Turbine for Sale,N/A,N/A,https://www.alibaba.com/product-detail/good-quality-1500w-vertical-axis-wind_60564825111.html
Cost Effective Wind Turbine 1000w for Sale,N/A,N/A,https://www.alibaba.com/product-detail/cost-effective-wind-turbine-1000w-for_60635098291.html
Micro 1 kw Wind Turbine for Sale,N/A,N/A,https://www.alibaba.com/product-detail/micro-1-kw-wind-turbine-for_60562272442.html
Wholesale Domestic 400 Watt Wind Mill Turbine for Electricity Production,N/A,N/A,https://www.alibaba.com/product-detail/Wholesale-Domestic-400-Watt-Wind-Mill_1601787161811.html
Vertical Wind Turbin Wind Turbine Best Price Wind Turbine Generator Body Copper Customized GAN Power Aluminium Pcs Wire,N/A,N/A,https://www.alibaba.com/product-detail/Vertical-Wind-Turbin-Wind-Turbine-Best_1601727522853.html
Solar Wind Turbine 10 Kw Wind Turbine Generator for Power Supply,N/A,N/A,https://www.alibaba.com/product-detail/Solar-Wind-Turbine-10-Kw-Wind_1601727532847.html
Wholesale Price 10kw Wind Turbine Price/ Residential Wind Power Price/ 10000 Watt Generator for Farm,N/A,N/A,https://www.alibaba.com/product-detail/Wholesale-Price-10kw-Wind-Turbine-Price_1601727546815.html
Hot Sale High Quality 10KW Horizontal Axis Wind Turbine with off Grid and on Grid System,N/A,N/A,https://www.alibaba.com/product-detail/Hot-Sale-High-Quality-10KW-Horizontal_1601727672079.html
Hot Sale China Factory 3kw Vertical Axis Wind Turbine 3kw Wind Turbine for Sale,N/A,N/A,https://www.alibaba.com/product-detail/Hot-Sale-China-Factory-3kw-Vertical_1601725651936.html
Wind Power Energy Station 400w Wind Turbine Generator System Home Industrial Small for Homes,N/A,N/A,https://www.alibaba.com/product-detail/Wind-Power-Energy-Station-400w-Wind_1601725558676.html
Factory Price Wind Turbine 3KW Wind Electricity Generator for Home Use Type Energy System,N/A,N/A,https://www.alibaba.com/product-detail/Factory-Price-Wind-Turbine-3KW-Wind_1601725771234.html
High Quality Hot Sale 10kw Wind Turbine Price/ Residential Wind Power Price/ 10000 Watt Generator for Farm,N/A,N/A,https://www.alibaba.com/product-detail/High-Quality-Hot-Sale-10kw-Wind_1601727687034.html
ISO Certified X Type Vertical Axis Wind Turbine 50KW 100KW for Large Scale Wind Power Plant Project,N/A,N/A,https://www.alibaba.com/product-detail/ISO-Certified-X-Type-Vertical-Axis_1601756612551.html
Horizontal Axis Wind Turbine 1KW,N/A,N/A,https://www.alibaba.com/product-detail/Horizontal-Axis-Wind-Turbine-1KW_1601741960230.html
Worm Slewing Drive Wind Turbine Enclosed Slew Drive SE3 SE5 SE7 SE9 SE12 Slew Drive for Solar Tracking System,N/A,N/A,https://www.alibaba.com/product-detail/Worm-Slewing-Drive-Wind-Turbine-Enclosed_1601715196429.html
