name,price,ratings,url
Gemvan Wind Turbine Generator,₱171.61,N/A,https://www.lazada.com.ph/products/pdp-i4588458403.html
600W/1000W Wind Turbine 12V 24V Mild Wind Start Magnetic Levitation Generator High-Power 220V Inverter Output Wind,"₱13,968.00",N/A,https://www.lazada.com.ph/products/pdp-i4244931148.html
Wind Generator 300W/400W/500W/600W Wind Generator AC12V 24V Wind Turbines Wind Turbines Motor Generator with 3 Nylon Fiber Blades Wind Power Generator with Charge Controller for Home Marine Industrial Energy(Not included mast),"₱7,199.00",N/A,https://www.lazada.com.ph/products/pdp-i5224947981.html
【Fast delivery】 3-Phase Electric Wind Turbine Generator DIY Brushless Power Motor AC/DC9V-72V,"₱1,895.00",N/A,https://www.lazada.com.ph/products/pdp-i5025842829.html
5000W Vertical Wind Turbine High Efficiency Windmill 12v 24v 48v Wind Energy Generator Eectric Generator Home Appliance Camping,"₱29,530.16",N/A,https://www.lazada.com.ph/products/pdp-i5222606974.html
Vertical Wind Generator Wind Turbine-Kit Wind Turbine Instructional Model 100-6000RPM Wind-Turbine Teaching Experiment Tools,₱278.70,N/A,https://www.lazada.com.ph/products/pdp-i4774262831.html
【Weliba】 Swinging Tail Wind Turbine Generator Kit Teach Physics Concepts Creatively [New Home Products Hot Sale],₱504.00,N/A,https://www.lazada.com.ph/products/pdp-i15398729916.html
(With MPPT controller)500W Wind Turbines Generator AC12V/24V Wind Turbines Generator with 3 Blades,"₱7,150.00",N/A,https://www.lazada.com.ph/products/pdp-i3150125074.html
Wind Turbine 12V 24V 48V S-type Horizontal Axis 6 Blade 800W Breeze Activated Wind Solar Complementary Street Light Wind Turbine Generator,"₱9,690.00",N/A,https://www.lazada.com.ph/products/pdp-i5158186583.html
300W/400W/500W/600W Wind Turbine Generator 12V/24V 5 Blades Nylon Fiber Auto Wind Direction Electromagnetic Brake Ideal for Home Outdoor Use White,"₱7,369.00",N/A,https://www.lazada.com.ph/products/pdp-i5224970400.html
1000W Peak 12V/24V/48V 6 Blades Horizontal Wind Turbine Generator Residential Home Windmill Power Generator,"₱11,832.61",N/A,https://www.lazada.com.ph/products/pdp-i5339922034.html
Aibecy Green Wind Turbine Green Lantern‑Shaped Wind Power Generator with Controller for Charging Boats Terraces Cabins Mobile Homes,"₱10,123.01",N/A,https://www.lazada.com.ph/products/pdp-i5222416527.html
TBRBG High Speed Brushless Motor Wind Turbine for DIY Generator Long Life Lightweight Home Power Solution,₱471.33,N/A,https://www.lazada.com.ph/products/pdp-i15460510205.html
RcTlB High Quality Brushless Motor Turbine High Speed DIY Wind Generator Home Energy Saving Tool,₱435.65,N/A,https://www.lazada.com.ph/products/pdp-i15444929684.html
Small 300W-600W Horizontal Axis Wind Turbine Generator Home Use Wind Power Generator Easy Installation by Jiangsu Naiel Wind Power,"₱4,321.00",N/A,https://www.lazada.com.ph/products/pdp-i5198466056.html
Lepmerk Wind Turbine Generator 300W High Efficiency Weatherproof Wind Generator Low Startup Wind Speed for Homes Farms RVs Boats,"₱11,106.00",N/A,https://www.lazada.com.ph/products/pdp-i15457316030.html
（PENGGONG)For Wind Turbine Generator with USB Light for Creative Science Experiments,₱423.00,N/A,https://www.lazada.com.ph/products/pdp-i15415136950.html
Green Wind Turbine 4 Blades Wind Power Generator for Charging Boats Terraces Cabins Mobile Homes,"₱14,676.00",N/A,https://www.lazada.com.ph/products/pdp-i5302299224.html
Wind Driven Generator 1200W Motor Kit Wind Turbine with Controller for Boat for Home,"₱12,219.00",N/A,https://www.lazada.com.ph/products/pdp-i5066789802.html
100W wind generator Wind Turbine Motor 3 Blades Wind Power Generator with Charge Controller for Home Marine Industrial Energy(Not included mast),"₱4,049.00",N/A,https://www.lazada.com.ph/products/pdp-i3744851868.html
12V 1200W Wind Generator with Charger Controller 5 Blades S-Type Minitype Wind Turbine Generator Kit Clear Energy Windmill for Home Highways Boats,"₱11,942.40",N/A,https://www.lazada.com.ph/products/pdp-i3980719104.html
"500W Residential Wind Turbine Generator 12V/24V, White - Safe for Home Use with Electromagnetic Brake, 5-Blade Auto-Wind Direction (Typhoon Resistant Design) for Outdoor Power","₱8,199.00",N/A,https://www.lazada.com.ph/products/pdp-i4991620406.html
1000w Wind Turbine Generator 12V 24V 48V DC 220v AC Home Sys,"₱44,538.38",N/A,https://www.lazada.com.ph/products/pdp-i4823137868.html
【In-Stock】 Mini Small 3-Phase Wind Turbines Hand Alternator Generator 3v-24v 12v New,₱606.30,N/A,https://www.lazada.com.ph/products/pdp-i4488434323.html
Wind Turbines 2m/s Start Speed 2 Layer Wind Power Generator 1200W AC Lantern Type Energy Charge for Home for Boat,"₱12,219.00",N/A,https://www.lazada.com.ph/products/pdp-i5067115529.html
Small Horizontal Axis Wind Turbine Generator 100W 200W 300W 400W for Home Use Street Lighting Wind And Solar Complementary Light,"₱6,203.00",N/A,https://www.lazada.com.ph/products/pdp-i5077116453.html
Andoer Wind Turbine 1200W Electricity Producer Equipment 5 Blade Generator for Mobile Homes,"₱18,342.00",N/A,https://www.lazada.com.ph/products/pdp-i5343785544.html
【XIXINBO】 Wind Turbines Generator Teaching Sample Model Small and Portable for Learning [not miss it][New product release],₱678.00,N/A,https://www.lazada.com.ph/products/pdp-i15456971297.html
【L-BEANS】 Student Science Wind Turbine Generator Kit with 3000rpm Motor and Diode,₱195.00,N/A,https://www.lazada.com.ph/products/pdp-i15445474415.html
BOSTO Wind Generator 300W High Efficiency Water Proof Wind Turbine Generator for Homes Farms RVs Boats,"₱10,310.30",N/A,https://www.lazada.com.ph/products/pdp-i15406131613.html
Wind Generator with Charger Controller 3 Blades S-Type Minitype Wind Turbine Generator,"₱7,154.00",N/A,https://www.lazada.com.ph/products/pdp-i5386811206.html
800W Wind Turbines 12V 24V 48V Off Grid Small Wind Turbine Generators Household 6 Blades Renewable Energy,"₱9,900.00",N/A,https://www.lazada.com.ph/products/pdp-i5351171309.html
forsso | Mini Wind Turbine Generator 12v,₱318.40,N/A,https://www.lazada.com.ph/products/pdp-i15400352305.html
【LeeandHan】 Wind Turbine Generator Kit for Renewable Energy Lessons and Student Projects,₱195.00,N/A,https://www.lazada.com.ph/products/pdp-i15427138690.html
Micro Motor Wind Turbine Alternator Generator 2V-22V 3000rpm for Home Power System Small Wind Energy Generator Set,"₱1,629.00",N/A,https://www.lazada.com.ph/products/pdp-i5226946417.html
【Rockhouse】 Small Size Wind Turbine Generator for LED Teaching Tools and Experiments [New Products],₱601.00,N/A,https://www.lazada.com.ph/products/pdp-i15434292432.html
【XIXINBO】 Mini Wind Turbine Generator Powering LED Teaching Tools and Experiments [not miss it][New product release],₱601.00,N/A,https://www.lazada.com.ph/products/pdp-i15438830371.html
DC 3V-24V 1A 12W Micro Three Phase AC Wind Generator Turbines Brushless Motor Hand Cranked Generator RPM3000-6000 With LED,₱371.63,N/A,https://www.lazada.com.ph/products/pdp-i4585620253.html
ZUNYI | Quiet Science Experiment Home Use Wind Turbine 12V DC,₱204.77,N/A,https://www.lazada.com.ph/products/pdp-i15419295057.html
【Flash sale】 Three Phase Mini Ac Wind Turbines Brushless Motor Hand Cranked Generator 3-24v 0.1a-1a 0.5-12w Rpm3000-6000,₱509.30,N/A,https://www.lazada.com.ph/products/pdp-i4488400553.html
3-Phase Electric Wind Turbine Generator DIY Brushless Power Motor AC/DC9V-72V Brushless Wind Generator Brushless Wind Generator,"₱2,337.42",N/A,https://www.lazada.com.ph/products/pdp-i4541788051.html
Wind Turbine Generator Motor 6000W 12V 24V 3 Phase Gearless Permanent Magnet AC Alternator For Wind Water Turbine Diesel Engine,"₱4,815.33",N/A,https://www.lazada.com.ph/products/pdp-i4803511061.html
READY STOCK 400W 12V 24V Lantern Vertical Axis Wind Turbines Generator 5 Blades Motor Kit,"₱7,758.00",N/A,https://www.lazada.com.ph/products/pdp-i3848639484.html
Moon Riverr Mini Wind Generator Wind Turbine Model Set Kits Teaching Tool,₱200.35,N/A,https://www.lazada.com.ph/products/pdp-i15420703279.html
【SensoDaily】 Mini Wind Turbine Generator Kit with Dc Motor and Small Fan Blade for Learning [New Arrivals][nice day],₱255.00,N/A,https://www.lazada.com.ph/products/pdp-i15394229594.html
Handmade Mini Wind Turbine Generator Motor Physical Science Experiment Educational Toy for Children Conversion of Wind Energy to Electrical Energy,₱163.00,N/A,https://www.lazada.com.ph/products/pdp-i2849236393.html
Baosity Mini Wind Generator Wind Turbine Model Set Kits Teaching Tool,₱212.00,N/A,https://www.lazada.com.ph/products/pdp-i5346930143.html
Mini Wind Energy Generator Kit Assembly Home Use Micro Motor Wind Power Experiment Electric Model Kit Small Generator Model,₱148.00,N/A,https://www.lazada.com.ph/products/pdp-i4585092874.html
Turbine blade miniature wind generator DC bicycle electric self-propelled wind energy LED mini home,₱526.42,N/A,https://www.lazada.com.ph/products/pdp-i4816348182.html
Dolity 90mm Micro Wind Turbine Small Wind Generator Kits DC Motor Turbines,₱227.58,N/A,https://www.lazada.com.ph/products/pdp-i319684776.html
【LeeandHan】 Micro Wind Turbine Motor Blade Energy Generator Micro Generator 5 Watts,₱387.00,N/A,https://www.lazada.com.ph/products/pdp-i5396627042.html
Prettyia Wind Turbines Blade Horizontal Wind Turbines Generator Blade Lightweight,₱869.52,N/A,https://www.lazada.com.ph/products/pdp-i15428140574.html
【FUXING】 Smallest Wind Turbine Generator LED Kit for Experiential Science Lessons [not miss it][expectancy],₱601.00,N/A,https://www.lazada.com.ph/products/pdp-i15438738745.html
【LeeandHan】 Teaching Tool Small Wind Turbine Generator for Science Projects and Experiments,₱585.00,N/A,https://www.lazada.com.ph/products/pdp-i15423684113.html
Turbine blade miniature wind generator DC bicycle electric self-propelled wind energy LED mini home,₱705.46,N/A,https://www.lazada.com.ph/products/pdp-i4876191988.html
RONGWEIFU | Mini Wind Turbine Generator Landscape Decoration Warning Light,₱823.41,N/A,https://www.lazada.com.ph/products/pdp-i15449221769.html
24V Generator Miniature Hand Crank Emergency Wind Turbine Generator Motor,₱827.30,N/A,https://www.lazada.com.ph/products/pdp-i5256845851.html
24V Generator Miniature Hand Crank Emergency Wind Turbine Generator Motor,₱763.30,N/A,https://www.lazada.com.ph/products/pdp-i15430608049.html
ZHANGRONGTU | Science Education Wind Turbine Generator,₱358.95,N/A,https://www.lazada.com.ph/products/pdp-i15421467578.html
[100% satisfied] 1pc Wind Turbine Generator Kit Micro Hand Dynamo generator DC 5V-24V Generator Power Supply,₱753.00,N/A,https://www.lazada.com.ph/products/pdp-i15453893243.html
gumahus | Waterproof Mini Wind Turbine Generator,₱394.61,N/A,https://www.lazada.com.ph/products/pdp-i5246585515.html
Flameer Mini Wind Generator Wind Turbine Model Set Kits Teaching Tool,₱229.58,N/A,https://www.lazada.com.ph/products/pdp-i15422068509.html
【LeeandHan】 Complete Set Small Wind Turbine Hydro Generator Motor for Student Engagement,₱268.00,N/A,https://www.lazada.com.ph/products/pdp-i15427398052.html
Lepmerk 800W Small Wind Generator 5 Blades Power Parts Turbines Kit for Marine Home Charging,"₱16,021.00",N/A,https://www.lazada.com.ph/products/pdp-i15437713187.html
【WELIBA】 Wind Turbine Generator Kit Small Dc Motor with Paddle Fan Blade for Science Use,₱250.00,N/A,https://www.lazada.com.ph/products/pdp-i15434681387.html
Turbine blade miniature wind generator DC bicycle electric self-propelled wind energy LED mini home,₱705.46,N/A,https://www.lazada.com.ph/products/pdp-i4951643293.html
【Latest model】50W 12V DC Output Low Wind Speed Brushless Generator Micro Wind Turbine Generator,"₱6,266.44",N/A,https://www.lazada.com.ph/products/pdp-i15434630632.html
PENGGONG Wind Turbine Generator DIY Kit with Motor Blade and USB Powered 5W Bulb,₱442.00,N/A,https://www.lazada.com.ph/products/pdp-i15423143394.html
[tfsdfvd]DIY Wind Turbine Generator Kit DC 0.1V-3V Generator with Holder Blades Brushless Motor Mini Dynamo Generator Teaching,₱332.00,N/A,https://www.lazada.com.ph/products/pdp-i15431792368.html
Turbine blade miniature wind generator DC bicycle electric self-propelled wind energy LED mini home,₱705.46,N/A,https://www.lazada.com.ph/products/pdp-i5051421991.html
[frthrthrt]1Pc Wind Turbine Generator Kit Micro-Hand Dynamo Generator DC12V Generator Power Supply,₱667.80,N/A,https://www.lazada.com.ph/products/pdp-i15389816740.html
Experimental science toys of Small DC Wind Generator for Multifunctional 12v Mini Wind Turbine.,₱767.56,N/A,https://www.lazada.com.ph/products/pdp-i4673150606.html
1Pc Wind Turbine Generator Kit Micro-Hand Dynamo Generator DC12V Generator Power Supply,₱636.80,N/A,https://www.lazada.com.ph/products/pdp-i15430206785.html
MUHUALAN | Mini Waterproof AC Generating Wind Turbine,₱163.18,N/A,https://www.lazada.com.ph/products/pdp-i15424825154.html
220V permanent magnet DC generator Dechang 775 motor 34W household appliance motor wind turbine generator,"₱1,021.31",N/A,https://www.lazada.com.ph/products/pdp-i5027800151.html
Miniature Wind Turbine Generator Model Handmade Science Experiment Materials Small Invention Creative DIY Technology Making,₱275.00,N/A,https://www.lazada.com.ph/products/pdp-i4946746745.html
【Gfryerty】DIY Wind Turbine Generator Kit DC 0.1V-3V Generator with Holder Blades Brushless Motor Mini Dynamo Generator Teaching,₱357.00,N/A,https://www.lazada.com.ph/products/pdp-i5277916127.html
12v miniature wind turbine generator set small DC wind generator motor 20v science toys.,₱747.07,N/A,https://www.lazada.com.ph/products/pdp-i4989618637.html
5v small micro wind turbine small DC wind generator motor technology small production large wind generator.,₱898.38,N/A,https://www.lazada.com.ph/products/pdp-i5052688006.html
Unnicoco 3 Phase Brushless Wind Turbine Generator Motor for DIY Power Generation 9V 72V,"₱1,978.39",N/A,https://www.lazada.com.ph/products/pdp-i5316531904.html
【With Mppt Control】Wind Generator 300W / 400W / 500W / 600W Wind Generator 12V 24V Wind Turbines Wind Turbines Generator with 3 Nylon Fiber Blades Not Included Pole,"₱7,199.00",N/A,https://www.lazada.com.ph/products/pdp-i5104301620.html
Round fan 400W Lantern Vertical Axis Wind Turbines Generator 5 Blades Motor Kit,"₱7,758.00",N/A,https://www.lazada.com.ph/products/pdp-i5234935763.html
🔶(With MPPT controller)300W/400W/500W/600W Wind Turbines Generator AC12V/24V Wind Turbines Generator with 3 Blades,"₱7,099.00",N/A,https://www.lazada.com.ph/products/pdp-i4942721103.html
🔶 300W/400W/500W/600W 12V 24V Lantern Vertical Axis Wind Turbines Generator 5 Blades Motor Kit,"₱7,289.00",N/A,https://www.lazada.com.ph/products/pdp-i4942435614.html
【liuxiaomei】DIY Wind Turbine Generator Kit DC 0.1V-3V Generator with Holder Blades Brushless Motor Mini Dynamo Generator TeachingHope you have a pleasant shopping experience<br><br>,₱336.00,N/A,https://www.lazada.com.ph/products/pdp-i5358691353.html
KKmoon Vertical Wind Turbine Quiet Dual Bearing 500W Low Vibration Maglev Wind Turbine Generator High Efficiency with MPPT Controller for Industries,"₱23,140.00",N/A,https://www.lazada.com.ph/products/pdp-i15408792145.html
Eight-Blade Wind Turbine Micro-Wind Startup and Solar/Wind Complementary System,"₱7,142.00",N/A,https://www.lazada.com.ph/products/pdp-i15456571957.html
Wind energy generator 100W/200W/300W Wind turbine 12V/24V Electromagnetic suspension generator with low wind speed startup High power 220V Inverter output Wind energy,"₱15,000.00",N/A,https://www.lazada.com.ph/products/pdp-i15443267195.html
DIY Wind Turbine Generator Kit DC 0.1V-3V Generator with Holder Blades Brushless Motor Mini Dynamo Generator Teaching,₱348.00,N/A,https://www.lazada.com.ph/products/pdp-i5191054320.html
DIY Wind Turbine Generator Kit DC 0.1V-3V Generator with Holder Blades Brushless Motor Mini Dynamo Generator Teaching,₱332.00,N/A,https://www.lazada.com.ph/products/pdp-i15403135826.html
FUXING Electric Wind Turbine Generator with Brushless Motor ACDC Power 9V 72V,"₱2,678.00",N/A,https://www.lazada.com.ph/products/pdp-i5114023842.html
1Pc Wind Turbine Generator Kit Micro-Hand Dynamo Generator DC12V Generator Power Supply,₱690.80,N/A,https://www.lazada.com.ph/products/pdp-i5257636911.html
1Pc Wind Turbine Generator Kit Micro-Hand Dynamo Generator DC12V Generator Power Supply,₱636.80,N/A,https://www.lazada.com.ph/products/pdp-i5214931096.html
【liuxiaomei】1Pc Wind Turbine Generator Kit Micro-Hand Dynamo Generator DC12V Generator Power SupplyHope you have a pleasant shopping experience<br><br>,₱645.80,N/A,https://www.lazada.com.ph/products/pdp-i15438248332.html
Vertical axis wind turbine model three-phase permanent magnet generator windmill toy night light production DIY display,"₱4,491.88",N/A,https://www.lazada.com.ph/products/pdp-i4729263091.html
【With Mppt Control】2.3M Diameter Wind Generator Actual Power 1000W Wind Generator AC48V Wind Turbines Wind Turbines Generator with 3 Nylon Fiber Blades Not Included Pole,"₱35,999.00",N/A,https://www.lazada.com.ph/products/pdp-i4592478549.html
Wind Generator AC12V/24V Wind Turbines Wind Turbines Generator with 3 Blades ( With MPPT controller),"₱7,156.00",N/A,https://www.lazada.com.ph/products/pdp-i5233849667.html
DIY Kit Small Motor Vertical Wind Turbines Blades Breeze Electricity Generator,₱331.00,N/A,https://www.lazada.com.ph/products/pdp-i4670717609.html
Wind Turbine 5 Blade Generator Stable with Controller for Hybrids Streetlight for Mobile Homes,"₱18,759.00",N/A,https://www.lazada.com.ph/products/pdp-i5067234166.html
DIY Wind Turbine Generator Kit DC 0.1V-3V Generator with Holder Blades Brushless Motor Mini Dynamo Generator Teaching,₱356.00,N/A,https://www.lazada.com.ph/products/pdp-i5216755640.html
【Local Stock】1000W Horizontal Axis Wind Turbine 3 Phase AC48V Wind Power Turbine Generator Windmill For Home Farm(Without Pole),"₱35,999.00",N/A,https://www.lazada.com.ph/products/pdp-i4592773634.html
XIYUYANGGUANG | Miniature Wind Turbine for Educational Toys 12V,₱210.69,N/A,https://www.lazada.com.ph/products/pdp-i5373322673.html
High Power Hand Crank Wind Turbine Generator Experiment Power Supply Device Dachang Generator Small Size Portable Hardware,₱916.00,N/A,https://www.lazada.com.ph/products/pdp-i5315152733.html
Lepmerk NE-100S3 Wind Turbine Generator 100W 3PCS 580mm Nylon Fiber Wind Blades Power Windmill (12V),"₱12,941.00",N/A,https://www.lazada.com.ph/products/pdp-i15450711903.html
Wind Turbine Generator Kit Wind Turbine 4 Blade Lantern Type for Ships Terraces Cabins Mobile,"₱13,103.16",N/A,https://www.lazada.com.ph/products/pdp-i4994997916.html
【XINJIA】DIY Wind Turbine Generator Kit DC 0.1V-3V Generator with Holder Blades Brushless Motor Mini Dynamo Generator Teaching,₱332.00,N/A,https://www.lazada.com.ph/products/pdp-i15394378131.html
tobbehere-DIY Wind Turbine Generator Kit DC 0.1V-3V Generator with Holder Blades Brushless Motor Mini Dynamo Generator Teaching,₱332.00,N/A,https://www.lazada.com.ph/products/pdp-i15397882883.html
High Power Miniature Wind Energy Generator Outdoor Emergency Hand Crank Power Supply 6V 12V 24V 50V Wind Turbine Electric Motor,₱690.00,N/A,https://www.lazada.com.ph/products/pdp-i5150851104.html
Aibecy S3-300W Wind Turbine Generator 300W 3PCS 630mm Wind Blades Power Windmill,"₱8,546.97",N/A,https://www.lazada.com.ph/products/pdp-i5228190410.html
Wind Power Hand Cranked Generator Hand Cranked Generator Motor Three Phase AC Micro-Brushless 3-24V Micro-Hydraulic Generater Power Equipment,₱204.00,N/A,https://www.lazada.com.ph/products/pdp-i5257731314.html
Wind Power Generator Wind Turbines Reduces the Drag Torsion High Temperature Resistance External Rotor AC Motor for Charging Boats for Mobile Homes,"₱15,524.00",N/A,https://www.lazada.com.ph/products/pdp-i5302000661.html
( With MPPT controller)500W Wind Generator AC12V/24V Wind Turbines Wind Turbines Generator with 3 Nylon Fiber Blades,"₱7,152.00",N/A,https://www.lazada.com.ph/products/pdp-i4458724265.html
Experimental science toys of Small DC Wind Generator for Multifunctional 12v Mini Wind Turbine.,₱767.56,N/A,https://www.lazada.com.ph/products/pdp-i5150982927.html
Turbine blade miniature wind generator DC bicycle electric bicycle wind energy LED mini home,₱545.33,N/A,https://www.lazada.com.ph/products/pdp-i4905925053.html
Lepmerk Winds Power Generator 400W High Efficiency 5 Blade Wind Turbine for Hybrid Generation System,"₱15,285.00",N/A,https://www.lazada.com.ph/products/pdp-i15456247226.html
"Various models of 100W/200W/300W wind turbines, 12V/24V low wind speed startup electromagnetic levitation generators, high-power 220V inverter output, wind energy","₱14,900.00",N/A,https://www.lazada.com.ph/products/pdp-i15465479048.html
Tbz Small Mini Wind Micro Turbine Generator,"₱1,248.11",N/A,https://www.lazada.com.ph/products/pdp-i15456505482.html
12v miniature wind turbine generator set small DC wind generator motor 20v science toys.,₱680.88,N/A,https://www.lazada.com.ph/products/pdp-i4984570411.html
300W/400W/500W/600W Wind Turbine 12V 24V Mild Wind Start Magnetic Levitation Generator High-Power Inverter Output Wind,"₱7,768.00",N/A,https://www.lazada.com.ph/products/pdp-i5104435264.html
Vertical axis wind turbine model three-phase permanent magnet generator windmill toy night light production DIY display,"₱4,491.88",N/A,https://www.lazada.com.ph/products/pdp-i5123344328.html
Wind Turbine Generator Charge Controller Charging Regulator300w-600w 12v/24v,₱765.00,N/A,https://www.lazada.com.ph/products/pdp-i3848898568.html
Wind Driven Generator Controller 12/24V 800W MPPT Wind Charge Controller Wind Turbine Generator Controller with Monitor,"₱1,195.50",N/A,https://www.lazada.com.ph/products/pdp-i15461040190.html
【Trivony】 1000-5000W MPPT Charge Controller 12V/24V AUTO 48V 10A-40A Wind Turbine Generator Water Proof Regulator Rectifier Factory Price,"₱1,672.00",N/A,https://www.lazada.com.ph/products/pdp-i5254004133.html
【WELIBA】 Wind Turbine Generator Kit with Hand Crank for Home Use and Outdoor Fun 12V 80W,"₱3,782.00",N/A,https://www.lazada.com.ph/products/pdp-i15469991306.html
1Pc Wind Turbine Generator Kit Micro-Hand Dynamo Generator DC12V Generator Power Supply,₱636.80,N/A,https://www.lazada.com.ph/products/pdp-i5144140066.html
【Weliba】 3-Phase Brushless Wind Turbine Generator DC9V to 72V Motor for Power Lab Use [New Products Hot Sale],"₱2,477.00",N/A,https://www.lazada.com.ph/products/pdp-i15489665312.html
Fityle 360 Degreen Micro Vertical Wind Turbines Generator Mini Motor Blade Parts LED DIY Teaching Model,₱234.00,N/A,https://www.lazada.com.ph/products/pdp-i252582079.html
"🚀Local Warehouse🚀10W 12V micro hydro Water Turbine generator, LED power supply DIY Hydropower Station",₱329.30,N/A,https://www.lazada.com.ph/products/pdp-i4300695661.html
B-F Portable Wind Power Generator Set Turbine Motor Alternator Emergency Phone Charger,₱460.86,N/A,https://www.lazada.com.ph/products/pdp-i15493757862.html
Small Mini Wind Turbine Generator Charger Dc 5v Usb Output Power Motors,₱559.00,N/A,https://www.lazada.com.ph/products/pdp-i5414564766.html
New Home Wind Turbine 220v,₱727.80,N/A,https://www.lazada.com.ph/products/pdp-i15443711077.html
【FURONGHUA】 Wind Turbine Generator LED Teaching Tools 360graus At Any Angle Home Improvement 【New product】,₱643.00,N/A,https://www.lazada.com.ph/products/pdp-i15471331393.html
petsola Mini Wind Generator Wind Turbine Model Set Kits Teaching Tool,₱229.58,N/A,https://www.lazada.com.ph/products/pdp-i15486864338.html
Hybrid Wind Solar Controller MPPT Charging Boost Wind Turbine Generator Solar Panel Home Street Light Controller,"₱1,427.20",N/A,https://www.lazada.com.ph/products/pdp-i5206467029.html
Electric Generator Motor Energy Wind Turbine Power Mini Kids Led Education Dc Motor Wind Power Generation Experiment,₱568.00,N/A,https://www.lazada.com.ph/products/pdp-i5414595478.html
Gracekarin Micro Wind Turbine Generator Kit for Renewable Energy Science Experiment Free shipping,₱215.00,N/A,https://www.lazada.com.ph/products/pdp-i15495796129.html
12V/24V 800W MPPT Wind Turbine Generator Controller Low Voltage Charging Regulator IP67 With Voltage Display For 800W Wind,"₱1,221.18",N/A,https://www.lazada.com.ph/products/pdp-i15472474534.html
GARRYFIZH 100W Wind Turbines Generator 5 Blades High Efficiency Power Supply for Boats Mobile Homes,"₱8,726.99",N/A,https://www.lazada.com.ph/products/pdp-i15486582366.html
【EELHOE】 Hand Crank Wind Turbine Generator for DIY Home Energy Solutions 12V 80W [New product release][Large Inventory],"₱3,837.00",N/A,https://www.lazada.com.ph/products/pdp-i15470268361.html
【LeeandHan】 Reliable and Durable Wind Turbine Generator for Long Lasting Performance,"₱2,460.00",N/A,https://www.lazada.com.ph/products/pdp-i15491026097.html
【Rockhouse】 Wind Turbine Motor Blade with USB Bulb DIY Kit for Energy Generation Learning In Stock,₱410.00,N/A,https://www.lazada.com.ph/products/pdp-i15492487094.html
[PENGGONG] Mini Wind Turbine Generator Kit Small DC Motor for Student Science Use,₱410.00,N/A,https://www.lazada.com.ph/products/pdp-i15494218091.html
1Pc Wind Turbine Generator Kit Micro-Hand Dynamo Generator DC12V Generator Power Supply,₱665.30,N/A,https://www.lazada.com.ph/products/pdp-i15426429205.html
Miniature Spiral Wind Turbine Archimedes Rose Type Model Breeze Start Science Experiments Generate Electricity Light,"₱1,773.24",N/A,https://www.lazada.com.ph/products/pdp-i15493480026.html
GARRYFIZH 400W Wind Turbines Generator 5 Blades High Efficiency Power Supply for Boats Mobile Homes,"₱9,645.01",N/A,https://www.lazada.com.ph/products/pdp-i15486523284.html
Dc 220v Double Ball Bearing High Efficiency Wind Turbine Generator 220v3100rpm,₱649.67,N/A,https://www.lazada.com.ph/products/pdp-i4645350482.html
GARRYFIZH Wind Turbine Generator Power Generator Quiet 300W Low Startup Wind Speed for Homes Farms RVs Boats,"₱9,063.98",N/A,https://www.lazada.com.ph/products/pdp-i15491940463.html
Gracekarin Sustainable Power Source Portable Miniature Wind Turbine for Travel Use Free shipping,₱643.00,N/A,https://www.lazada.com.ph/products/pdp-i15488300132.html
sjlerst 12V Wind Generator with Charger Controller 5 Blades Minitype Lantern Wind Turbine Generator Kit Clear Energy Windmill for Home Highways Boats,"₱11,436.97",N/A,https://www.lazada.com.ph/products/pdp-i15483846378.html
【WELIBA】 Mini Portable Wind Turbine Reliable Source of Power for Outdoor Enthusiasts [Large Inventory Hot Selling],₱684.00,N/A,https://www.lazada.com.ph/products/pdp-i15490760752.html
Gracekarin White Color ABS+Metal Brushless Power Motor For Wind Turbine Generator Free shipping,"₱2,577.00",N/A,https://www.lazada.com.ph/products/pdp-i15495457604.html
Funny Small Electricity Generator Plastic Material Durable Vertical Wind Turbines Micro Wind Turbines DIY Project,₱249.90,N/A,https://www.lazada.com.ph/products/pdp-i15495530836.html
GARRYFIZH Wind Energy Turbine Generator Green Professional Wind Generator Kit 4 Blades for Boats for Terraces for Cabins for Home,"₱10,468.01",N/A,https://www.lazada.com.ph/products/pdp-i15483852868.html
Lepmerk 800W Small Wind Generator Turbines Kit 3 Blades Power Parts for Marine Home Charging,"₱13,216.00",N/A,https://www.lazada.com.ph/products/pdp-i15475080160.html
120mm turbine blade micro wind generator DC wind power LED mini home physics,₱526.42,N/A,https://www.lazada.com.ph/products/pdp-i5023220658.html
【L-BEANS】 STEM Wind Turbine Generator Educational Model for Hands On Learning Activities,₱685.00,N/A,https://www.lazada.com.ph/products/pdp-i15490942258.html
[LeeandHan] STEM Wind Turbine Generator Kit for School Lab Teaching and DIY Assembly New,₱215.00,N/A,https://www.lazada.com.ph/products/pdp-i15492023303.html
【FURONGHUA】 Wind Turbine Generator Sample for Physics Class and Energy Conversion Study,₱699.00,N/A,https://www.lazada.com.ph/products/pdp-i15494434375.html
Tester for electrical wiring screw tester 220 volts strong torque highlight tester testlight for electrical trade tools ac voltage tester light for electrical electric tester with led light multi tester digital tester pen wind turbine generator wire teste,₱26.00,N/A,https://www.lazada.com.ph/products/pdp-i4236045433.html
400W 12V 24V Wind Turbine Charge Controller Wind Generator Controller IP67 Waterproof,₱625.00,N/A,https://www.lazada.com.ph/products/pdp-i5256872774.html
220V 1500W High-Power Small Generators Permanent Magnet Brushless Constant Copper Core Genuine Home,"₱2,499.00",N/A,https://www.lazada.com.ph/products/pdp-i4207696977.html
Hydraulic Generator 50W 100W 36V Water Turbine Outdoor Household Small Hydroelectric Generator DC Permanent Magnet Brushless,"₱7,231.99",N/A,https://www.lazada.com.ph/products/pdp-i4993515722.html
Gracekarin 360 Degree Rotation Wind Turbine Model Wind Generator Kit Assembly Parts NEW,₱477.00,N/A,https://www.lazada.com.ph/products/pdp-i15469227041.html
400W 12V 24V Wind Turbine Charge Controller Mini Wind Turbine Generator Controller IP67 Waterproof,₱583.00,N/A,https://www.lazada.com.ph/products/pdp-i4026297735.html
【eelhoe】 Mini Wind Turbine Kit for DIY Power Generation and Teaching Experiment [Auto Parts][not miss it]],₱387.00,N/A,https://www.lazada.com.ph/products/pdp-i15405628651.html
Fityle DIY Mini Micro Small 3-phase Miniature AC Wind Turbine Hand Alternator Generator 3V-24V Power Source Teaching Model,₱219.33,N/A,https://www.lazada.com.ph/products/pdp-i252456137.html
Gracekarin Compact Wind Turbine Dynamo Generator Kit Micro Motor for Small Scale Power Free shipping,₱253.00,N/A,https://www.lazada.com.ph/products/pdp-i4853067723.html
DIY Kit Small DC Motor Vertical Wind Turbines Blades Generator Micro Motor Wind Turbine Generator,₱237.96,N/A,https://www.lazada.com.ph/products/pdp-i4670657937.html
【FUXING】 Compact Mini Wind Turbine Outdoor Portable USB Charger for Electronics [New Hot Sale],₱642.00,N/A,https://www.lazada.com.ph/products/pdp-i15490861099.html
SIMAIJIE | Educational Mini Wind Turbine Generator,₱121.35,N/A,https://www.lazada.com.ph/products/pdp-i15431696820.html
12v miniature wind turbine generator set small DC wind generator motor 20v science toys.,₱767.25,N/A,https://www.lazada.com.ph/products/pdp-i5139217307.html
12v miniature wind turbine generator set small DC wind generator motor 20v science toys.,₱747.07,N/A,https://www.lazada.com.ph/products/pdp-i5140445644.html
New Vertical Axis Micro Wind Turbine Small DC DIY Technology Making Physical Generator+|,"₱1,192.79",N/A,https://www.lazada.com.ph/products/pdp-i5080447356.html
12v miniature wind turbine generator set small DC wind generator motor 20v science toys.,₱883.88,N/A,https://www.lazada.com.ph/products/pdp-i5071307968.html
DIY Wind Turbine Generator Kit DC 0.1V-3V Generator with Holder Blades Brushless Motor Mini Dynamo Generator Teaching,₱345.00,N/A,https://www.lazada.com.ph/products/pdp-i15426034008.html
Wind power wind energy motor New wind power generator Household 220v small complete set of household friction speed ring,"₱1,799.91",N/A,https://www.lazada.com.ph/products/pdp-i4824626150.html
ZUNYI | Permanent Magnet DC Water Wind Generator 34W,₱824.00,N/A,https://www.lazada.com.ph/products/pdp-i15424279035.html
Lepmerk S3-300W Wind Turbine Generator 300W 3PCS 630mm Wind Blades Power Windmill,"₱12,938.00",N/A,https://www.lazada.com.ph/products/pdp-i15450987137.html
Aibecy Wind Power Generator 6 Blades 300W Wind Turbine Generator Kit for Voltage Regulation Effective Current,"₱9,284.01",N/A,https://www.lazada.com.ph/products/pdp-i5224698786.html
BOSTO S3-300W Wind Turbine Generator 300W 3PCS 630mm Wind Blades Power Windmill,"₱11,027.54",N/A,https://www.lazada.com.ph/products/pdp-i15439988803.html
3D Modeling of 3D Drawing Model of Wind Turbine Wind Blade Generator Solidworks with STP,₱488.28,N/A,https://www.lazada.com.ph/products/pdp-i4986896007.html
NANWEI Wind Turbine Generator Power Generator Quiet 300W Low Startup Wind Speed for Homes Farms RVs Boats,"₱13,630.00",N/A,https://www.lazada.com.ph/products/pdp-i5409029443.html
【Weliba】 Wind Turbine Generator Kit for Physics Labs and Student Hands-On Learning [New Products Hot Sale],₱207.00,N/A,https://www.lazada.com.ph/products/pdp-i15488095812.html
【FURONGHUA】 Wind Turbine Generator Kit for Middle School Science Curriculum and Projects,₱192.00,N/A,https://www.lazada.com.ph/products/pdp-i15470146892.html
SHPYHT High Speed Wind Turbine for Brushless Motor Eco Friendly Windshield for Stable Power Generation Outdoors,₱320.56,N/A,https://www.lazada.com.ph/products/pdp-i15448070476.html
Outdoor portable display of vertical five-blade wind turbine model three-phase permanent magnet brushless power generation low-speed windmill,"₱6,635.38",N/A,https://www.lazada.com.ph/products/pdp-i4562972185.html
Gracekarin Wind Energy Generation Made Easy with Reliable Turbine Repeller Blades Free shipping,₱772.00,N/A,https://www.lazada.com.ph/products/pdp-i15480657926.html
Vertical axis wind turbine model three-phase permanent magnet generator windmill toy night light production DIY display,"₱4,491.88",N/A,https://www.lazada.com.ph/products/pdp-i5122335133.html
100W/200W/300W wind turbines 12V/24V light wind-starting magnetic levitation generator high power 220V inverter output wind energy,"₱15,500.00",N/A,https://www.lazada.com.ph/products/pdp-i15427093690.html
Wind Turbine Permanent Magnet Generator 3-Phase Alternator S,"₱37,830.50",N/A,https://www.lazada.com.ph/products/pdp-i5152654705.html
500W Wind Generator Wind Turbine Generator 550W Maximum 8 Blades for Boat,"₱15,104.00",N/A,https://www.lazada.com.ph/products/pdp-i5301436702.html
Experimental science toys of Small DC Wind Generator for Multifunctional 12v Mini Wind Turbine.,₱767.56,N/A,https://www.lazada.com.ph/products/pdp-i5058659043.html
Experimental science toys of Small DC Wind Generator for Multifunctional 12v Mini Wind Turbine.,₱767.56,N/A,https://www.lazada.com.ph/products/pdp-i4969205044.html
【With Mppt Control】2.3M Diameter 1000W 48V Wind Generator Actual Power Wind Generator AC48V Wind Turbines Wind Turbines Generator with 3 Nylon Fiber Blades Not Included Pole,"₱35,999.00",N/A,https://www.lazada.com.ph/products/pdp-i4605796142.html
Small x3 Vertical Axis Wind Turbine Low Startup Speed For Mobile And Street Lighting,"₱12,456.00",N/A,https://www.lazada.com.ph/products/pdp-i4527761017.html
Oral-B | Hand Cranked Wind Generator Use High Torque Powerful DC Motor 50W,"₱2,010.26",N/A,https://www.lazada.com.ph/products/pdp-i15433150550.html
"Factory-sold wind turbine 12V, 24V, 120V, 80W Small permanent magnet DC hand-cranked generator.","₱16,760.25",N/A,https://www.lazada.com.ph/products/pdp-i4939601900.html
1000W wind turbine 12v 24v vertical axis wind generator VAWT small windmill free energy band MP,"₱28,133.38",N/A,https://www.lazada.com.ph/products/pdp-i4791503908.html
Zonejoy Wind Turbine Generator Power Generator Water Proof Quiet Weatherproof 300W for Homes Farms RVs Boats,"₱8,914.98",N/A,https://www.lazada.com.ph/products/pdp-i15465876887.html
Wind Turbine Permanent Magnet Generator -Phase Alternator S,"₱39,910.32",N/A,https://www.lazada.com.ph/products/pdp-i4823518458.html
【PHYTR】 Wind Turbine for DIY Project High Speed Brushless Motor Durable Home Power Generation Solution,₱534.34,N/A,https://www.lazada.com.ph/products/pdp-i15494625114.html
5 Blade Generator Double Layer Wind Turbine for Hybrids Streetlight for Mobile Homes,"₱18,759.00",N/A,https://www.lazada.com.ph/products/pdp-i5066839615.html
FUXING Wind Turbine Generator Kit with Blades Motor Diode for Student Experiments,₱195.00,N/A,https://www.lazada.com.ph/products/pdp-i15491904592.html
Naier Wind Power 400W500W600W800Ｗ Rare Earth Permanent Magnet Wind Turbine Three-phase Alternator,"₱21,513.76",N/A,https://www.lazada.com.ph/products/pdp-i5109247966.html
【Weliba】 Small Dc Motor Wind Turbine Generator Kit with 60mm Four Leaf Fan for Projects [New Products Hot Sale],₱250.00,N/A,https://www.lazada.com.ph/products/pdp-i15460667572.html
FUXING Compact Wind Turbine with Motor for Science Education and Hands on Learning,₱255.00,N/A,https://www.lazada.com.ph/products/pdp-i15428717297.html
500W 48V Three-phase AC Permanent Generator Mini High Efficiency 950RPM Low Speed Wind Generator Motor AC Alternator for Wind Generators DIY,"₱12,098.92",N/A,https://www.lazada.com.ph/products/pdp-i4266392261.html
"M3 wind generator 600W, 12V, 24V, 48V horizontal axis small wind turbine breezes to start foreign trade.","₱15,303.93",N/A,https://www.lazada.com.ph/products/pdp-i5073447675.html
Household wind turbine 220v small wind-solar hybrid power generation system 12v miniature vertical axis portable.,"₱31,884.50",N/A,https://www.lazada.com.ph/products/pdp-i5125900932.html
Wind turbine generator kit 400W12V wind turbine generator set with 5 blades and charging controller,"₱19,622.44",N/A,https://www.lazada.com.ph/products/pdp-i4953520401.html
BOSTO NE-100S3 Wind Turbine Generator 100W 3PCS 580mm Nylon Fiber Wind Blades Power Windmill (12V),"₱11,030.54",N/A,https://www.lazada.com.ph/products/pdp-i15440427001.html
12v miniature wind turbine generator set small DC wind generator motor 20v science toys.,₱680.88,N/A,https://www.lazada.com.ph/products/pdp-i5137449047.html
NANWEI S3-300W Wind Turbine Generator 300W 3PCS 630mm Wind Blades Power Windmill (12V),"₱12,938.00",N/A,https://www.lazada.com.ph/products/pdp-i15424926987.html
Wind Turbine Permanent Magnet Generator 3-Phase Alternator S,"₱34,166.07",N/A,https://www.lazada.com.ph/products/pdp-i4891496657.html
"600W small-scale household wind turbines are started by breeze, and efficient portable household power generation is 12V24V48v.","₱50,797.70",N/A,https://www.lazada.com.ph/products/pdp-i4838057779.html
Wind Generator 5‑blades Wind Energy Generator with Controller for Mobile Homes for Charging Boats for Terraces,"₱12,448.00",N/A,https://www.lazada.com.ph/products/pdp-i5067433368.html
500W5 Three-phase Small Permanent Magnet Household Wind Generator Breeze Wind Turbine 12v24v,"₱64,982.60",N/A,https://www.lazada.com.ph/products/pdp-i5069760127.html
Wind Turbine Permanent Magnet Generator 3-Phase Alternator S,"₱34,166.07",N/A,https://www.lazada.com.ph/products/pdp-i5052695440.html
NANWEI NE-100S3 Wind Turbine Generator 100W 3PCS 580mm Nylon Fiber Wind Blades Power Windmill (12V),"₱12,941.00",N/A,https://www.lazada.com.ph/products/pdp-i15425389537.html
Wind Generator 3-Phase Alternator Wind Turbine Permanent Mag,"₱39,571.77",N/A,https://www.lazada.com.ph/products/pdp-i4992836852.html
H1 vertical axis wind turbine wind-solar hybrid power generation system base station new energy household small generator,"₱57,133.62",N/A,https://www.lazada.com.ph/products/pdp-i5031213529.html
"M3 wind generator 600W, 12V, 24V, 48V horizontal axis small wind turbine breezes to start foreign trade.","₱15,303.93",N/A,https://www.lazada.com.ph/products/pdp-i5279395467.html
Vertical Wind Turbine Power Generator Free Energy 1000w 1500,"₱83,715.81",N/A,https://www.lazada.com.ph/products/pdp-i5072027390.html
Lepmerk ERYUE 1200W Efficient Small Wind Generator 3 Blades Kit for Marine Home Charging Nylon Fiber Material (Blue 18),"₱15,050.00",N/A,https://www.lazada.com.ph/products/pdp-i15437545852.html
NANWEI Wind Generator Kit High Power Tracking Intelligent Microprocessor Magnetic Wind Turbine 500W for Wind Solar Hybrid Street Light,"₱17,097.00",N/A,https://www.lazada.com.ph/products/pdp-i15408798696.html
"600W small-scale household wind turbines are started by breeze, and efficient portable household power generation is 12V24V48v.","₱50,797.70",N/A,https://www.lazada.com.ph/products/pdp-i4840238053.html
1000W wind turbine 12v 24v vertical axis wind generator VAWT small windmill free energy band MP,"₱28,133.38",N/A,https://www.lazada.com.ph/products/pdp-i5018984121.html
Wind power generator home 220V small wind energy high power 12v24v permanent magnet wind-solar power generation complementary system.,"₱75,416.38",N/A,https://www.lazada.com.ph/products/pdp-i4928191047.html
Wind-solar complementary power supply system of 500W vertical small wind turbine with new energy tulip wind generator,"₱91,177.38",N/A,https://www.lazada.com.ph/products/pdp-i5028073742.html
Wind-solar complementary power supply system of 500W vertical small wind turbine with new energy tulip wind generator,"₱91,177.38",N/A,https://www.lazada.com.ph/products/pdp-i4625100079.html
Wind generator household 220v outdoor small 12v DC low-speed permanent magnet wind generator,"₱35,068.22",N/A,https://www.lazada.com.ph/products/pdp-i5042246694.html
Wind Turbine Permanent Magnet Generator 3-Phase Alternator S,"₱37,830.50",N/A,https://www.lazada.com.ph/products/pdp-i4984765352.html
ANENG Maglev Wind Turbine Generator Quiet Low Vibration 500W Curved Blade Stable Movement Vertical Wind Turbine for Household,"₱23,140.00",N/A,https://www.lazada.com.ph/products/pdp-i15410727093.html
Zixi vertical red lantern wind turbine generator Wirbin wind turbine generator,"₱44,083.52",N/A,https://www.lazada.com.ph/products/pdp-i4821210285.html
China Factory Vertical Axis Maglev Wind Turbine Generator 10,"₱144,659.19",N/A,https://www.lazada.com.ph/products/pdp-i5033625931.html
"600W small-scale household wind turbines are started by breeze, and efficient portable household power generation is 12V24V48v.","₱50,797.70",N/A,https://www.lazada.com.ph/products/pdp-i5255205632.html
Wind-solar complementary power supply system of 500W vertical small wind turbine with new energy tulip wind generator,"₱91,177.38",N/A,https://www.lazada.com.ph/products/pdp-i4875458616.html
Vertical Axis Wind Turbine Model Three-phase Permanent Magnet Generator Windmill Toy Night Light Production DIY Display,"₱2,897.07",N/A,https://www.lazada.com.ph/products/pdp-i4105587981.html
Household 220V wind turbine Small wind energy high power permanent magnet portable wind-solar power generation complementary system,"₱98,585.06",N/A,https://www.lazada.com.ph/products/pdp-i5121494369.html
Direct-supply wind turbine 1000w small household wind power generation promotion,"₱120,061.94",N/A,https://www.lazada.com.ph/products/pdp-i5123389726.html
【Weliba】 12V For Mini Turbine Motor for Blades DIY Wind Power Generator Education Kit [New Products Hot Sale],₱270.00,N/A,https://www.lazada.com.ph/products/pdp-i15445605722.html
DIY Wind Generator Electromagnetis Experiment Model DC Electric Circuit Direct-current Motor Model Science Toy,₱130.80,N/A,https://www.lazada.com.ph/products/pdp-i5092218503.html
【RlGIYH】Hybrid Wind Solar Controller MPPT Charging Boost Wind Turbine Generator Solar Panel Home Street Light Controller,"₱1,566.47",N/A,https://www.lazada.com.ph/products/pdp-i5307921739.html
Mini Wind Turbines Generator Hydraulic Water Generator Teaching DIY Kit Test,₱213.79,N/A,https://www.lazada.com.ph/products/pdp-i15392135474.html
100-1000W Wind Controller 12V 24V 48V Water Proof MPPT Rectifier Brake Charging Rectifier Bridge Sliver Wind Turbine Generator,"₱2,940.92",N/A,https://www.lazada.com.ph/products/pdp-i15498260523.html
Portable vertical/horizontal wind turbine model three-phase permanent magnet generator scientific and educational experiment DIY,"₱4,107.03",N/A,https://www.lazada.com.ph/products/pdp-i5337102241.html
Wind turbine household 12v24v220v permanent magnet small wind energy outdoor wind-solar complementary power generation system,"₱257,676.59",N/A,https://www.lazada.com.ph/products/pdp-i5189321091.html
Wind Turbine Small Household Solar Power Generation System Roof Outdoor 220V Full Set of Wind-solar Complementary Equipment,"₱186,310.78",N/A,https://www.lazada.com.ph/products/pdp-i4791150335.html
Direct-supply wind turbine 1000w small household wind power generation promotion,"₱120,061.94",N/A,https://www.lazada.com.ph/products/pdp-i4958500179.html
1Pc Wind Turbine Generator Kit Micro-Hand Dynamo Generator DC12V Generator Power Supply,₱674.80,N/A,https://www.lazada.com.ph/products/pdp-i15463131323.html
Direct-supply wind turbine 1000w small household wind power generation promotion,"₱120,061.94",N/A,https://www.lazada.com.ph/products/pdp-i4879880723.html
【Our Homes Store 】 Educational Mini Wind Turbine Generator with LED Lighting for Experiments [High Quality Products[[Large Inventory],₱678.00,N/A,https://www.lazada.com.ph/products/pdp-i15456126802.html
Beautiful Homes Store Portable Wind Turbine Generator Kit Small Dc Motor with Efficient Fan Blade,₱245.00,N/A,https://www.lazada.com.ph/products/pdp-i15462214149.html
LazaraHome 90mm Micro Wind Turbine Small Wind Generator Kits DC Motor Turbines,₱277.00,N/A,https://www.lazada.com.ph/products/pdp-i1776462327.html
Wind Turbine Generator Set for Teaching Principles of Energy Conversion,₱455.00,N/A,https://www.lazada.com.ph/products/pdp-i15458182938.html
MYTOOLS Student Science Kit Wind Turbine Generator with 0.1-12V Output Voltage Range 【Ready Stock】,₱202.00,N/A,https://www.lazada.com.ph/products/pdp-i15465046411.html
1-20V 20W ature wind driven generator Model Wind Turbine three-phase permanent magnet Power generation experimental windmill,"₱3,261.80",N/A,https://www.lazada.com.ph/products/pdp-i4875280001.html
Miniature Wind Turbine Generator for Educational Purposes and Science Projects,₱662.00,N/A,https://www.lazada.com.ph/products/pdp-i15458224725.html
Online Electr 300-6000 Revolutions 5v Power Three-phase Wind Turbines Alternator Generator,₱148.00,N/A,https://www.lazada.com.ph/products/pdp-i15464481626.html
BBST Micro Wind Turbine Generator Inspire Young Minds with DIY Power Generation,₱198.00,N/A,https://www.lazada.com.ph/products/pdp-i15465785390.html
【WCOS】 Wind Turbine Generator LED Teaching Tools Automatically Teaching Sample Template [New Products][niceday],₱678.00,N/A,https://www.lazada.com.ph/products/pdp-i15456641675.html
【NEWELECTR】 Handmade Wind Turbine Generator Inspire Sustainable Thinking in Students,₱202.00,N/A,https://www.lazada.com.ph/products/pdp-i15460604780.html
24V Generator Miniature Hand Crank Emergency Wind Turbine Generator Motor,₱797.30,N/A,https://www.lazada.com.ph/products/pdp-i15456064494.html
[DHGO] Small Wind Turbine Generator Kit with 60mm Fan Blade for Science Experiments,₱255.00,N/A,https://www.lazada.com.ph/products/pdp-i15460226735.html
24V Generator Miniature Hand Crank Emergency Wind Turbine Generator Motor,₱797.30,N/A,https://www.lazada.com.ph/products/pdp-i15459893954.html
【Free-delivery】 Vertical Axis Wind Turbine Model Three-Phase Permanent Magnet Generator Windmill Toy Diy Display Vertical Wind Generator Model,"₱2,210.30",N/A,https://www.lazada.com.ph/products/pdp-i5377691023.html
24V Generator Miniature Hand Crank Emergency Wind Turbine Generator Motor,₱808.30,N/A,https://www.lazada.com.ph/products/pdp-i15456503212.html
YFTOOLS Wind Turbine Generator Kit with Small DC Motor and Fan Blade for Kids Science 【Ready Stock】,₱255.00,N/A,https://www.lazada.com.ph/products/pdp-i15454951283.html
DIY Wind Turbine Generator Kit DC 0.1V-3V Generator with Holder Blades Brushless Motor Mini Dynamo Generator Teaching,₱345.00,N/A,https://www.lazada.com.ph/products/pdp-i15425648371.html
1000W Peak 12V/24V/48V 6 Blades Horizontal Wind Turbine Generator Residential Home Windmill Power Generator,"₱9,732.37",N/A,https://www.lazada.com.ph/products/pdp-i4481046553.html
New DC Wind Generator Hand Dynamo Hydraulic Test 5v/6v/12v/24v 1500mA 20W Gerador Wind Turbine,₱809.85,N/A,https://www.lazada.com.ph/products/pdp-i4875364303.html
Windmill Model Mini Wind Turbines Generator for for Ages 8+ Kids Children,₱509.68,N/A,https://www.lazada.com.ph/products/pdp-i5159855993.html
Small Wind Turbine Generator Micro Motor Power Electricity Fan Blades Model LED Light DIY Kits for Experiment Power Generation,₱922.45,N/A,https://www.lazada.com.ph/products/pdp-i15434980776.html
Beauty <br>DIY Wind Turbine Generator Kit DC 0.1V-3V Generator with Holder Blades Brushless Motor Mini Dynamo Generator Teaching,₱332.00,N/A,https://www.lazada.com.ph/products/pdp-i15434258442.html
【Hot demand】 2022 Hot Selling Mini Solar Driving Wind Turbine Model Mini Solar Toy Mini Wind Turbine Generator Model Solar Powered Windmill,"₱1,613.47",N/A,https://www.lazada.com.ph/products/pdp-i3155464357.html
24V Generator Miniature Hand Crank Emergency Wind Turbine Generator Motor,₱797.30,N/A,https://www.lazada.com.ph/products/pdp-i15465648552.html
500W Wind Generator 8 Blades Wind Turbine Generator Nylon Fiber Blade for Boat Fast Shipping,"₱15,583.02",N/A,https://www.lazada.com.ph/products/pdp-i5062182432.html
90mm Micro Wind Turbine Small Wind Generator Kits DC Motor Turbines,₱355.09,N/A,https://www.lazada.com.ph/products/pdp-i5180853543.html
【Quality】 Micr Wind Turbine Motor With USB Bulb DIY Set Power Energy Generator Wind Generator Wind Energy,₱482.30,N/A,https://www.lazada.com.ph/products/pdp-i5384293042.html
Mini Small Wind Generator Turbine Motor Blade Set LED DIY Power Teaching Model,"₱1,113.32",N/A,https://www.lazada.com.ph/products/pdp-i15443874933.html
Stainless Steel Roof Ventilator Wind Turbines Air Vent Attic Ventilator exhaust 300mm-600mm for Residential and Industrial Exhaust Fan with Wind Powered,₱750.00,N/A,https://www.lazada.com.ph/products/pdp-i5240044410.html
Portable Wind Turbine Power Generator 12V/24V 300W Vertical Wind Turbine Generator Portable Windmill Generator,"₱16,000.00",N/A,https://www.lazada.com.ph/products/pdp-i15465791994.html
Micro 120V Generator Motor Double Ball Bearing Compensated Carbon Brush DC120V Motor Wind Turbine,₱509.00,N/A,https://www.lazada.com.ph/products/pdp-i4049673774.html
Student Science Experiment Materials Wind Power Generator Set Led Light Fan Maker Tool Physics Experiment for Learning And Education,₱135.00,N/A,https://www.lazada.com.ph/products/pdp-i2849225684.html
diymore DC 5V/12V/80V Micro Hydro Generator DC Water Flow Generator Turbine Generator Hydroelectric Tap Water Flow Hydraulic DIY,₱452.00,N/A,https://www.lazada.com.ph/products/pdp-i3081401532.html
【】 2v-22v 3000rpm Motor Wind Turbine Generator Alternator Diy Accossories Drop Ship,₱448.30,N/A,https://www.lazada.com.ph/products/pdp-i4410263398.html
automalls 360 Degree Rotation Wind Turbine Model Automatic Alignment Wind Generator Kit 【NEW】,₱477.00,N/A,https://www.lazada.com.ph/products/pdp-i15468942115.html
1PC brushless wind generator brushless DC motor Wind Generator Hand Generator DIY power generation experiment accessories,₱688.00,N/A,https://www.lazada.com.ph/products/pdp-i5290038022.html
1pcs Mini Wind Turbine Blade Vertical Axis Micro-generator Blades Small Kit,₱96.00,N/A,https://www.lazada.com.ph/products/pdp-i5233935317.html
Turbine 220 Pipe V Type High Power Portable Hydraulic Generator,₱410.00,N/A,https://www.lazada.com.ph/products/pdp-i15427020254.html
Wind Turbine Generator 600W High Safety Wind Turbine for Boat Fast Shipping,"₱14,802.01",N/A,https://www.lazada.com.ph/products/pdp-i5062224300.html
【In-demand】 Delta Wing High Carbon Fibers Wind Turbine Generator For Wind Turbine Generator Windmill 200w 600w 800w,"₱1,245.30",N/A,https://www.lazada.com.ph/products/pdp-i5377531571.html
Micr Wind Turbine Motor Blade With USB Light Bulb DIY Set Power Energy Generator Wind Generator Wind Energy,₱282.90,N/A,https://www.lazada.com.ph/products/pdp-i5109939936.html
【Limited stock】 3v-24v Mini Three-Phase Alternator Three-Phase Generator Wind Turbines Hand Generator Dynamo,₱657.47,N/A,https://www.lazada.com.ph/products/pdp-i4313527890.html
Taixer Wind Power Generator Science Learning Toy Experiment Electricity Power Physics Electronic Assembly Toy Wind Turbine Students,₱311.50,N/A,https://www.lazada.com.ph/products/pdp-i4655052576.html
【Trending】 Usb 5v Mini Portable Miniature Wind Power Generator Set Turbine Motor Alternator Emergency Phone Charger For Outdoor,₱896.83,N/A,https://www.lazada.com.ph/products/pdp-i5031803252.html
【User-friendly】 Wind Turbine Model 20w Wind Turbine With Led Vertical Wind Generator For Free Energy Education,"₱1,660.30",N/A,https://www.lazada.com.ph/products/pdp-i5377646492.html
DIY Mini Micro Small 3-phase Miniature AC Wind Turbine Hand Alternator Generator 3V-24V Power Source Teaching Model,₱299.00,N/A,https://www.lazada.com.ph/products/pdp-i5241190492.html
【SensoDaily】 LED Wind Turbine Generator Teaching Model for Renewable Energy Education [New Arrivals][nice day],₱664.00,N/A,https://www.lazada.com.ph/products/pdp-i15456747888.html
【New release】 ◎N12j◎ Dolity 90mm Micro Wind Turbine Kit na Wind Generator na may DC Motor Turbines,₱300.09,N/A,https://www.lazada.com.ph/products/pdp-i4285921439.html
[concise]1Pc Wind Turbine Generator Kit Micro-Hand Dynamo Generator DC12V Generator Power Supply,₱636.80,N/A,https://www.lazada.com.ph/products/pdp-i15391572474.html
DIY Wind Turbine Generator Kit DC 0.1V-3V Generator with Holder Blades Brushless Motor Mini Dynamo Generator Teaching,₱347.00,N/A,https://www.lazada.com.ph/products/pdp-i15459848540.html
DIY Wind Turbine Generator Kit DC 0.1V-3V Generator with Holder Blades Brushless Motor Mini Dynamo Generator Teaching,₱347.00,N/A,https://www.lazada.com.ph/products/pdp-i15462113275.html
DIY Wind Turbine Generator Kit DC 0.1V-3V Generator with Holder Blades Brushless Motor Mini Dynamo Generator Teaching,₱332.00,N/A,https://www.lazada.com.ph/products/pdp-i15456275618.html
【original】 Fltxny 10w 5v Wind Turbine With Led Vertical Wind Generator With Separately Controller For New Energy Class,"₱2,486.30",N/A,https://www.lazada.com.ph/products/pdp-i4488455333.html
【Shop the Look】 Usb 5v Mini Portable Miniature Wind Power Generator Set Turbine Motor Alternator Emergency Phone Charger For Outdoor,₱945.47,N/A,https://www.lazada.com.ph/products/pdp-i4488397606.html
【New and Improved】 Three Phase Mini Ac Wind Turbines Brushless Motor Hand Cranked Generator 3-24v 0.1a-1a 0.5-12w Rpm3000-6000,₱461.83,N/A,https://www.lazada.com.ph/products/pdp-i5030658350.html
【No-profit】 2 in 1 Solar Wind Turbine Generator Model and Exhibition Stand Windmill Educational Assembly Kit Desktop Decoratio,"₱1,515.47",N/A,https://www.lazada.com.ph/products/pdp-i3155502858.html
【Hot deal】 Three Phase Ac Wind Generator Turbines Brushless Motor Hand Cranked Generator 3-24v 0.1a-1a 0.5-12w Rpm3000-6000 Led,₱375.83,N/A,https://www.lazada.com.ph/products/pdp-i5030684196.html
Wind Energy Wind Turbine 4 Blade Wind Power Generator Wind Turbine Generator Kit 12V/24V/48V 3 Styles for Home Ship Street Lighitng Fast Shipping,"₱24,417.66",N/A,https://www.lazada.com.ph/products/pdp-i5062160493.html
DIY Wind Turbine Generator Kit DC 0.1V-3V Generator with Holder Blades Brushless Motor Mini Dynamo Generator Teaching,₱352.00,N/A,https://www.lazada.com.ph/products/pdp-i15458552360.html
12V Dual-Purpose Turbine Generator Outdoor Generator Usb Charger Wind Power Water Manual Household Manual Household,"₱8,497.80",N/A,https://www.lazada.com.ph/products/pdp-i15459640235.html
【Shop Now】 <br>DIY Wind Turbine Generator Kit DC 0.1V-3V Generator with Holder Blades Brushless Motor Mini Dynamo Generator Teaching,₱327.00,N/A,https://www.lazada.com.ph/products/pdp-i15402986714.html
DIY Kit Small Motor Vertical Wind Turbines Blades Breeze Electricity Generator Science Model Wind Energy Vertical Wind Generator,₱231.68,N/A,https://www.lazada.com.ph/products/pdp-i5282789803.html
DIY Wind Turbine Generator Kit DC 0.1V-3V Generator with Holder Blades Brushless Motor Mini Dynamo Generator Teaching,₱347.00,N/A,https://www.lazada.com.ph/products/pdp-i15460944521.html
DIY Wind Turbine Generator Kit DC 0.1V-3V Generator with Holder Blades Brushless Motor Mini Dynamo Generator Teaching,₱347.00,N/A,https://www.lazada.com.ph/products/pdp-i15456147952.html
DIY Wind Turbine Generator Kit DC 0.1V-3V Generator with Holder Blades Brushless Motor Mini Dynamo Generator Teaching,₱347.00,N/A,https://www.lazada.com.ph/products/pdp-i15463911113.html
DIY Wind Turbine Generator Kit DC 0.1V-3V Generator with Holder Blades Brushless Motor Mini Dynamo Generator Teaching,₱352.00,N/A,https://www.lazada.com.ph/products/pdp-i15459612475.html
MOTOR-24V Generator Miniature Hand Crank Emergency Wind Turbine Generator Motor Carnex,"₱1,635.81",N/A,https://www.lazada.com.ph/products/pdp-i15445720458.html
DIY Wind Turbine Generator Kit DC 0.1V-3V Generator with Holder Blades Brushless Motor Mini Dynamo Generator Teaching,₱347.00,N/A,https://www.lazada.com.ph/products/pdp-i15456483229.html
Wind Turbine Kit Gourd Wind Turbine Hoop Mounting Generator with 5 X Blades for Wind Turbine Kit,"₱14,318.60",N/A,https://www.lazada.com.ph/products/pdp-i4993111975.html
DIY Power Generation Experiment of NIDEC Brushless Generator Brushless Wind Generator Hand-operated Hydraulic Generator,"₱2,851.80",N/A,https://www.lazada.com.ph/products/pdp-i5038820649.html
Educational Wind Generator Model Set with Degree Rotation DIY Experiment,₱123.00,N/A,https://www.lazada.com.ph/products/pdp-i15423915962.html
Portable Miniature DC Wind Turbine Generator Set 12V Motor 20V Power Generation Accessories Simple Installation 3 Blades,₱240.00,N/A,https://www.lazada.com.ph/products/pdp-i4998991078.html
【L-BEANS】 Wind Turbine Motor Kit with Blades for Small Scale 12V Power Generation,₱276.00,N/A,https://www.lazada.com.ph/products/pdp-i15417383736.html
DIY Power Generation Experiment of NIDEC Brushless Generator Brushless Wind Generator Hand-operated Hydraulic Generator,₱898.38,N/A,https://www.lazada.com.ph/products/pdp-i4873655836.html
3D Printed PAL Material Mini Wind Generator,"₱2,648.00",N/A,https://www.lazada.com.ph/products/pdp-i4572864404.html
Power Generators 950W generator for home Gasoline Generator Small household generator Manual Start 2500W 3000W,"₱4,999.00",N/A,https://www.lazada.com.ph/products/pdp-i4098773848.html
【Weliba】 DIY Wind Turbine Motor Blade and USB Bulb Set for Energy Generator Projects [New Products Hot Sale],₱396.00,N/A,https://www.lazada.com.ph/products/pdp-i15489723441.html
12Vdc 10W Micro Hydro Generator/ Water Turbine Generator,"₱1,000.00",N/A,https://www.lazada.com.ph/products/pdp-i869480543.html
50W 12V DC Output Low Wind Speed Brushless Generator 12V DC Output Low Wind Speed (1.5m/S) Effective Three-Phase PM Brushless Generator Micro Wind Turbine Generator,"₱6,619.80",N/A,https://www.lazada.com.ph/products/pdp-i15455604523.html
2-in-1 Wind /Water Generator Turbine Hydroelectric Generator Power Motor Kids Assemble Toy,₱623.96,N/A,https://www.lazada.com.ph/products/pdp-i15444365160.html
50W 12V DC Output Low Wind Speed Brushless Generator 12V DC Output Low Wind Speed (1.5m/S) Effective Three-Phase PM Brushless Generator Micro Wind Turbine Generator,"₱6,710.80",N/A,https://www.lazada.com.ph/products/pdp-i15460091121.html
【Popular choice】 Wind Turbine Generator Kit Dynamo Generator Dc 0-20v Gerador Electrical Equipment,₱485.83,N/A,https://www.lazada.com.ph/products/pdp-i5031760731.html
DIY Vertical Axis Wind Turbine Model - Three-Phase Permanent Magnet Generator Windmill Toy for Night Lights Display,"₱3,102.32",N/A,https://www.lazada.com.ph/products/pdp-i5336933790.html
【Versatile】 Vertical Wind Generator Electricity Small Motor Wind Energy Generator Diy Kit Turbines Blades Breeze Power Generation,₱556.83,N/A,https://www.lazada.com.ph/products/pdp-i5031826048.html
【SUNNY2015 SHIPPING】DIY Wind Turbine Generator Kit DC 0.1V-3V Generator with Holder Blades Brushless Motor Mini Dynamo Generator Teaching,₱332.00,N/A,https://www.lazada.com.ph/products/pdp-i15393503482.html
【Expert Recommended】 Vertical Axis Wind Turbine Model Three-Phase Permanent Magnet Generator Windmill Toy Night Making Diy Display,"₱2,064.00",N/A,https://www.lazada.com.ph/products/pdp-i4488403519.html
Low Speed 100W 200W 300W 12V 24V 48V 3 Phase Gearless Permanent Magnet Generator AC Alternators For Wind Turbine Water Turbine DIY,"₱10,500.00",N/A,https://www.lazada.com.ph/products/pdp-i3590987908.html
300W 12V 24 Volt DIY 3 Phase PMSG Brushless Electric Wind Power Turbine Generator Permanent Magnet Generator Alternator Motor,"₱8,000.00",N/A,https://www.lazada.com.ph/products/pdp-i3250130819.html
Postage 5v small micro wind turbine small DC wind generator motor technology small production.,₱860.55,N/A,https://www.lazada.com.ph/products/pdp-i4958388750.html
CNABPC Generator Brushless Motor Wind Turbine High Speed Windshield Enhanced for Small Wind Power DIY Projects,₱346.82,N/A,https://www.lazada.com.ph/products/pdp-i15460520290.html
DIY Kit Small DC Motor Vertical Wind Turbines Blades Generator Micro Motor Wind Turbine Generator,₱331.00,N/A,https://www.lazada.com.ph/products/pdp-i4670870443.html
Lepmerk DIY Kit Small DC Motor Vertical Wind Turbines Blades Generator Micro Motor Wind Turbine Generator,₱331.00,N/A,https://www.lazada.com.ph/products/pdp-i4670704632.html
Andoer Wind Turbines 12M/S Rated Wind Speed Heat Resistant Wind Power Generator 2M/S Starting Wind Speed for Cabins or Mobile Homes for Charging Boats Terraces,"₱16,348.00",N/A,https://www.lazada.com.ph/products/pdp-i15490430510.html
Low-speed three-phase permanent magnet brushless AC wind generator hand-operated hydraulic 12-220V speed-increasing gearbox.,"₱1,024.46",N/A,https://www.lazada.com.ph/products/pdp-i5269608184.html
DIY Power Generation Experiment of NIDEC Brushless Generator Brushless Wind Generator Hand-operated Hydraulic Generator,"₱1,149.92",N/A,https://www.lazada.com.ph/products/pdp-i4887436492.html
【Weliba】 Lightweight Wind Turbine Generator for Student Experiment Applications [New Products Hot Sale],₱664.00,N/A,https://www.lazada.com.ph/products/pdp-i15488266718.html
【FURONGHUA】 Hydraulic Generator Plastic 12V Water flow Pump Micro Turbine Solar energy 【New product】,₱547.00,N/A,https://www.lazada.com.ph/products/pdp-i15471018558.html
FUXING Accessories Wind Turbine Motor Energy Generator Outdoor Wind Power Supplies,₱633.00,N/A,https://www.lazada.com.ph/products/pdp-i15428198424.html
BOSTO Xtahdge Compact Micro Hydro Generator Pump Turbine Energy Generator Low Noise Eco-Friendly and Easy for Personal Installation (F50 80V Transparent Yellow),₱548.00,N/A,https://www.lazada.com.ph/products/pdp-i15421886505.html
Wind Generator 1200W Convenient To Installation 5 Blades Wind Turbines Kit 45M/S Safe Wind Speed for Charging Boats Terraces for Cabins or Mobile Homes,"₱11,329.97",N/A,https://www.lazada.com.ph/products/pdp-i15496392958.html
Lepmerk 100W Wind Turbines Generator 5 Blades High Efficiency Power Supply for Boats Mobile Homes,"₱13,022.00",N/A,https://www.lazada.com.ph/products/pdp-i15475060682.html
【L-BEANS】 DIY Wind Energy Generator Kit for Teaching and Practical Learning Activities,₱387.00,N/A,https://www.lazada.com.ph/products/pdp-i15422199100.html
Field hydraulic turbine hydraulic generator household small portable high-power outdoor test pipeline type,"₱1,873.67",N/A,https://www.lazada.com.ph/products/pdp-i5057920422.html
Wind Hydraulic Generator Hand Crank Dynamo Miniature Hand Crank Emergency Energy Dynamo Motor,₱900.30,N/A,https://www.lazada.com.ph/products/pdp-i5257747421.html
Small wind energy generator assembling household micro-motor wind power generation experiment motor set small generator model,₱693.17,N/A,https://www.lazada.com.ph/products/pdp-i5130268258.html
12V small micro wind turbine small DC wind generator motor 20V science toys postage,₱740.77,N/A,https://www.lazada.com.ph/products/pdp-i4950011984.html
Mini wind turbine mini DC generator DIY technology production Jia Bai Chen abosun DC,"₱1,970.12",N/A,https://www.lazada.com.ph/products/pdp-i5142740346.html
KKmoon BLW‑12/24 400W Wind Generator Turbine Controller Waterproof Battery Charging Regulator,₱901.00,N/A,https://www.lazada.com.ph/products/pdp-i15483977254.html
REAIM Gasoline Generator 950W 4000W 4 Stroke Portable Silent Power Generator for Home Outdoor 220V/60Hz,"₱4,369.00",N/A,https://www.lazada.com.ph/products/pdp-i15453515899.html
REAIM 1000W/4000W Gasoline Generator Manual Electric Start Generator Household Home Outdoor Small Generator Portable Power Generator,"₱4,599.00",N/A,https://www.lazada.com.ph/products/pdp-i5168890988.html
REAIM Portable Gasoline Generator Portable GeneratorSet Efficient Strong Endurance GeneratorAll-copper Generator HighManual Start Generator High-power Household Outdoor Small Generator,"₱4,049.00",N/A,https://www.lazada.com.ph/products/pdp-i5222150090.html
"REAIM 3000W 4-Stroke Gasoline Generator with 12.5L Tank, 210CC Portable Power Generator for Home and Outdoor Use","₱4,599.00",N/A,https://www.lazada.com.ph/products/pdp-i5290186648.html
NANWEI Gasoline Generator 4kw/60Hz Home Gasoline Generator Small Household Generator 4-Stroke Generator 220V Portable Small All-copper Generator -With Multiple Protection Systems,"₱3,908.38",N/A,https://www.lazada.com.ph/products/pdp-i4862958740.html
Gasoline Generator 2200W/60Hz Portable Silent Power Gasoline Generator 4 Stroke 220V Home Household Outdoor Small Powerful Generator All Copper Single-Phase Generator,"₱3,888.00",N/A,https://www.lazada.com.ph/products/pdp-i5177985656.html
Gasoline Generator 4KW/60Hz Portable Silent Power Gasoline Generator 4 Stroke Generators 220V Home Household Outdoor Small Generator Manual Electric Start Single-Phase Generator,"₱3,880.08",N/A,https://www.lazada.com.ph/products/pdp-i4898869161.html
REAIM 4000W Gasoline Generator Household Home Outdoor Small Generator 4-Stroke Portable Power Generator Manual Electric Start Generator Air Cooled Generators,"₱4,599.00",N/A,https://www.lazada.com.ph/products/pdp-i5168938221.html
【Planet age】Mini Wind DC Generator Hand Dynamo Hydraulic Test DC 12V 24V Motor Machine Supply Emergency Generator,₱715.00,N/A,https://www.lazada.com.ph/products/pdp-i5366009376.html
DAIMAX 2KW/3.5KW/5KW generator for home Portable Gasoline Generator 4 Stroke 220V 60HZ Household Outdoor Small Manual Electric Start,"₱9,309.00",N/A,https://www.lazada.com.ph/products/pdp-i4442529046.html
ZAVE | Solar Wind Generator,₱200.00,N/A,https://www.lazada.com.ph/products/pdp-i5399904774.html
DIY Power Generation Experiment of NIDEC Brushless Generator Brushless Wind Generator Hand-operated Hydraulic Generator,"₱1,528.82",N/A,https://www.lazada.com.ph/products/pdp-i4928260562.html
Educational Mini Wind Generator Kit for Students and Children Experimentation,₱428.00,N/A,https://www.lazada.com.ph/products/pdp-i15397988945.html
Small portable and high-power outdoor test of hydraulic turbine hydraulic generator for home use,"₱3,630.07",N/A,https://www.lazada.com.ph/products/pdp-i5039579371.html
Lepmerk Magnetic Wind Turbine Accurate Injection Moulding Small Windmill Generator 3 Blade Aluminum Alloy Die Casting for Wind Solar Hybrid Street Light,"₱16,962.00",N/A,https://www.lazada.com.ph/products/pdp-i15447779034.html
12V small micro wind turbine small DC wind generator motor 20V science toys postage,"₱1,083.73",N/A,https://www.lazada.com.ph/products/pdp-i4631491741.html
Permanent magnet DC machine 220-hand V-rocking generator Hand motor charging silent power generation wind turbine generator small,"₱3,224.07",N/A,https://www.lazada.com.ph/products/pdp-i4730646059.html
【liuxiaomei】Wind Power Hand Cranked Generator Hand Cranked Generator Motor Three Phase AC Micro-Brushless 3-24V Micro-Hydraulic Generater Power EquipmentHope you have a pleasant shopping experience<br><br>,₱218.00,N/A,https://www.lazada.com.ph/products/pdp-i15402214367.html
Field hydraulic turbine hydraulic generator household small portable high-power outdoor test pipeline type,"₱1,929.78",N/A,https://www.lazada.com.ph/products/pdp-i5038841438.html
Hoop Mounting Generator Power Equipment Wind Turbine Kit Gourd Wind Turbine with 5 X Blades for Wind Turbine Kit,"₱18,560.00",N/A,https://www.lazada.com.ph/products/pdp-i5067103339.html
Electric Motor Generator 12V Easy Installation Permanent Magnet Generator for Wind Turbine,"₱12,808.00",N/A,https://www.lazada.com.ph/products/pdp-i5015854130.html
[PENGGONG] DIY Wind Energy Project Kit with 12V 80W Permanent Magnet Generator and Crank,"₱3,837.00",N/A,https://www.lazada.com.ph/products/pdp-i15462401747.html
Electric Motor Generator Wear Resistant 12V Aluminum Alloy and Carbon Steel Permanent Magnet Generator for Wind Turbine,"₱12,808.00",N/A,https://www.lazada.com.ph/products/pdp-i5015704974.html
Rare Earth Permanent Magnet Three-phase Alternator 100w200w300w12v24v48v Small Wind Turbine Generator,"₱7,777.74",N/A,https://www.lazada.com.ph/products/pdp-i5038924101.html
L DC brushless motor small running generator wind outdoor manual generator motor home DIY system,"₱1,144.25",N/A,https://www.lazada.com.ph/products/pdp-i4464351275.html
Mini Wind DC Generator Hand Dynamo Hydraulic Test DC 12V 24V Motor Machine Supply Emergency Generator,₱651.00,N/A,https://www.lazada.com.ph/products/pdp-i5229104324.html
"Unicorn Portable Gasoline Generator For Home 4 Stroke 220V 60HZ Dual Protection System With Ultra High Performance Manual Electric Start OHV Air Cooled Generators For Outing, Brownout, Agriculture, Vacation, Portable Household Generator","₱4,199.00",N/A,https://www.lazada.com.ph/products/pdp-i5322481460.html
【Gfryerty】Mini Wind DC Generator Hand Dynamo Hydraulic Test DC 12V 24V Motor Machine Supply Emergency Generator,₱691.00,N/A,https://www.lazada.com.ph/products/pdp-i5313067985.html
Gasoline Generator Portable 4000W Home Portable Gasoline Generator 4 Stroke 220V 60Hz Portable Small All-copper Generator Dual Protection System With Ultra High Performance Gasoline Generator,"₱4,395.00",N/A,https://www.lazada.com.ph/products/pdp-i4126371288.html
【XINJIA】Wind Power Hand Cranked Generator Hand Cranked Generator High Quality Motor Three Phase AC Micro-Brushless 3-24V Micro-Hydraulic Generater Power Equipment,₱218.00,N/A,https://www.lazada.com.ph/products/pdp-i15397631118.html
Postage 5v small micro wind turbine small DC wind generator motor technology small production.,₱860.55,N/A,https://www.lazada.com.ph/products/pdp-i5188697120.html
Outdoor portable display of vertical five-blade wind turbine model three-phase permanent magnet brushless power generation low-speed windmill,"₱6,635.38",N/A,https://www.lazada.com.ph/products/pdp-i5069889683.html
ANENG Waterproof Wind Turbine Generator Charge Controller Regulator FW12/24,"₱1,167.00",N/A,https://www.lazada.com.ph/products/pdp-i15484231952.html
Andoer Wind Turbine Charge Regulator 400W 12/24V Wind Generator Controller Wear Resistance Modular Design Stable Corrosion Resistance for Protection,"₱1,038.00",N/A,https://www.lazada.com.ph/products/pdp-i15497005420.html
Miniature hand-cranked generator 20W permanent magnet external rotor generator wind power generation long shaft,"₱1,418.49",N/A,https://www.lazada.com.ph/products/pdp-i4841171024.html
Field hydraulic turbine hydraulic generator household small portable high-power outdoor test pipeline new model,"₱4,184.23",N/A,https://www.lazada.com.ph/products/pdp-i4550062228.html
Solar Wind Power Generator 12V-125V Electric Vehicle Range Extender Waterproof for Electric 4 Wheeler,"₱1,951.00",N/A,https://www.lazada.com.ph/products/pdp-i5051866925.html
Hand Crank 220V Permanent Magnet DC Generator Wind Water Power Phone Charging DIY,"₱1,045.66",N/A,https://www.lazada.com.ph/products/pdp-i15436601070.html
REAIM Gasoline Generator 950W Portable Double protection Household Outdoor Ultra High Performance Manual Start low noise Household Generator,"₱3,999.00",N/A,https://www.lazada.com.ph/products/pdp-i5247614771.html
Dolity DC12V Micro Hydro Turbine Generator High Power Flow Hydraulic Water Charging,₱369.96,N/A,https://www.lazada.com.ph/products/pdp-i319094920.html
MotorPart King CH* Mini Micro 3-phase AC power Wind Turbines Hand Alternator Generator 3V-24v Model,"₱1,052.38",N/A,https://www.lazada.com.ph/products/pdp-i15474761731.html
(LAXE) 1Pc Wind Turbine Generator Kit Micro-Hand Dynamo Generator DC12V Generator Power Supply,₱816.00,N/A,https://www.lazada.com.ph/products/pdp-i15467798220.html
1Pc Wind Turbine Generator Kit Micro-Hand Dynamo Generator DC12V Generator Power Supply,₱674.80,N/A,https://www.lazada.com.ph/products/pdp-i15466602813.html
500W Max DC 12V/24V Wind Turbine Generator Battery Charge Controller,₱985.32,N/A,https://www.lazada.com.ph/products/pdp-i15483964353.html
REAIM 4000W Gasoline Generator Portable Silent Power 4-Stroke High Power Double protection Air Cooled Household Generator,"₱9,399.00",N/A,https://www.lazada.com.ph/products/pdp-i5262924909.html
MotorPart King fol Mini Micro 3-phase AC power Wind Turbines Hand Alternator Generator 3V-24v Model,"₱1,027.83",N/A,https://www.lazada.com.ph/products/pdp-i15474600452.html
Flameer Mini Wind Generator Wind Turbine Model Set Kits Teaching Tool,₱264.00,N/A,https://www.lazada.com.ph/products/pdp-i15455326284.html
1Pc Wind Turbine Generator Kit Micro-Hand Dynamo Generator DC12V Generator Power Supply,₱665.80,N/A,https://www.lazada.com.ph/products/pdp-i15475008599.html
400W Three-Phase Alternator Rare Earth NdFeB Permanent Magnet Generator 750rpm 12V High Speed Permanent Magnet Generator 3-Phase Synchronous AC Alternator with Controller for Vertical Horizontal Wind Turbine,"₱5,181.90",N/A,https://www.lazada.com.ph/products/pdp-i4458991360.html
【Value Bundle】 Delta Wing High Carbon Fibers Wind Turbine Generator For Wind Turbine Generator Windmill 200w 600w 800w,₱834.30,N/A,https://www.lazada.com.ph/products/pdp-i4488452203.html
【Daily Deals】 Small Mini Wind Turbine Generator Charger Dc 5v Usb Output Power Motors,₱513.30,N/A,https://www.lazada.com.ph/products/pdp-i5377538891.html
【Shop the Look】 Small Mini Wind Turbine Generator Charger Dc 5v Usb Output Power Motors,₱538.83,N/A,https://www.lazada.com.ph/products/pdp-i5031930660.html
[LAGOGOLA] Hands-On Wind Turbine Kit for Teachers Demonstrating Renewable Power Generation [Brand New High Quality],₱569.00,N/A,https://www.lazada.com.ph/products/pdp-i15468782771.html
【UniRax】 360 Degree Rotation Wind Turbine Model Wind Generator Kit Hands-on Practice 【Ready Stock】,₱477.00,N/A,https://www.lazada.com.ph/products/pdp-i15468886347.html
Wind Turbine Generator Kit Ind Charge Regulator Shine Wind Turbine Low Voltage for Engineering for Household Use,₱730.61,N/A,https://www.lazada.com.ph/products/pdp-i15476095070.html
Gracekarin Compact Wind Turbine Dynamo Generator Kit Micro Motor for Small Scale Power Free shipping,₱232.00,N/A,https://www.lazada.com.ph/products/pdp-i15452224968.html
1Pc Wind Turbine Generator Kit Micro-Hand Dynamo Generator DC12V Generator Power Supply,₱627.80,N/A,https://www.lazada.com.ph/products/pdp-i5132303114.html
LazaraHome 360 Degreen Micro Vertical Wind Turbines Generator Mini Motor Blade Parts LED DIY Teaching Model,₱271.00,N/A,https://www.lazada.com.ph/products/pdp-i1471306776.html
【In-Stock】 3v-24v Mini Three-Phase Alternator Three-Phase Generator Wind Turbines Hand Generator Dynamo,₱584.47,N/A,https://www.lazada.com.ph/products/pdp-i4410273528.html
400W 12V 24V Mini Wind Turbine Generator Controller Wind Generator Controller IP67 Waterproof,₱591.00,N/A,https://www.lazada.com.ph/products/pdp-i4049755812.html
【Hot item】 Wind Turbine Generator Kit Dynamo Generator Dc 0-20v Gerador Electrical Equipment,₱485.83,N/A,https://www.lazada.com.ph/products/pdp-i5030626425.html
【Storewide Sale】 Delta Wing High Carbon Fibers Wind Turbine Generator For Wind Turbine Generator Windmill 200w 600w 800W,₱715.30,N/A,https://www.lazada.com.ph/products/pdp-i5187215118.html
【Auto Parts Storeshop】 DIY Handmade Wind Turbine Generator Kit for Environmentally Friendly Projects,₱196.00,N/A,https://www.lazada.com.ph/products/pdp-i15467144454.html
【Storewide Sale】 Portable Wind Power Generator Set Turbine Motor Alternator Self-Generation Emergency Phone Charger Generator Technology Kit,"₱1,032.47",N/A,https://www.lazada.com.ph/products/pdp-i4488468378.html
【Hot demand】 Diy Small Horizontal Wind Turbine Generator High Strength Nylon Fiber Blades 370mm 8 Blades For Windmill,"₱2,244.00",N/A,https://www.lazada.com.ph/products/pdp-i4488381958.html
WEMotor Brushless Motor DIY Power Generation Direct Replaces Brushless Wind Turbine,"₱1,811.00",N/A,https://www.lazada.com.ph/products/pdp-i15456796121.html
【Sell-Well】 Wind Charge Controller 500w Mini Wind Turbine Generator Controller Waterproof Wind Turbines Generator Charge Controller 12v/24v,"₱1,686.47",N/A,https://www.lazada.com.ph/products/pdp-i4503076870.html
Portable Wind Turbine Generator Kit Dc Motor Small Fan Blade 60mm for Learning,₱250.00,N/A,https://www.lazada.com.ph/products/pdp-i15457867228.html
"CCFine Mini Solar Energy Wind Mill Toy ,Mini Wind Turbines Generator ,Teaching Aid, with Solar Base for Children Student for Ages 8+",₱635.00,N/A,https://www.lazada.com.ph/products/pdp-i15471018517.html
[superbuy666]DIY Power Generation Experiment Brushless DC Motor Wind Generator Brushless Wind Generator Hand Generator Accessories,"₱1,397.20",N/A,https://www.lazada.com.ph/products/pdp-i15458634085.html
12V/24V 1200W 5-Blade Horizontal Wind Turbine Generator with Controller New,"₱10,949.50",N/A,https://www.lazada.com.ph/products/pdp-i15483908821.html
DC12V Micro Hydro Turbine Generator High Power Flow Hydraulic Water Charging,₱381.61,N/A,https://www.lazada.com.ph/products/pdp-i5171564981.html
"Hands-on Learning DIY Wind Turbine Kit Easy to Assemble Wind Power Generator Model Paintable Wood Educational Toy for Students, Classroom",₱387.64,N/A,https://www.lazada.com.ph/products/pdp-i15490635742.html
250RPM 15A Mini Slip Ring 3 Wires 0-600V for Wind Turbine Power Generator,"₱1,040.00",N/A,https://www.lazada.com.ph/products/pdp-i4895794281.html
Solar Wind Power Generator Aluminum Alloy Electric Bike Range Extending Generator 12V to 125V for Electric Vehicles,"₱1,190.82",N/A,https://www.lazada.com.ph/products/pdp-i4609987218.html
Compact Water Wheel Turbine Generator Motor for Environmental Awareness,₱277.00,N/A,https://www.lazada.com.ph/products/pdp-i15422431008.html
【Weliba】 For Wind Turbines Generator Wind Blades Unusually Light FRP Fiberglass Mixture [New Products Hot Sale],₱765.00,N/A,https://www.lazada.com.ph/products/pdp-i15456568636.html
"【Pokhdye】2X Wind Turbine Charge Controller, 400W 12V 24V Mini Wind Turbine Generator Controller IP67 Waterproof","₱1,268.60",N/A,https://www.lazada.com.ph/products/pdp-i15429105169.html
12V/24V 9000W Wind Turbines Generator Controller Waterproof Battery Charge Overvoltage Protection Controller Regulator,"₱1,177.90",N/A,https://www.lazada.com.ph/products/pdp-i5216618392.html
12V/24V 9000W Wind Turbines Generator Controller Waterproof Battery Charge Overvoltage Protection Controller Regulator,"₱1,150.90",N/A,https://www.lazada.com.ph/products/pdp-i5206132772.html
Solar Panel 500W 300W Household Charging Panel 30A Controller Portable Solar Generator Solar Power Station for Home,₱479.00,N/A,https://www.lazada.com.ph/products/pdp-i4340461816.html
Wind turbine vertical-axis lighting for household street lamps. Micro wind-driven startup. Solar energy complementation. Magnetic levitation power generation.,"₱15,500.00",N/A,https://www.lazada.com.ph/products/pdp-i15466276317.html
REAIM Portable Gasoline Generator Set 4000W High-power 220V All Copper Single-Phase Generator Household Outdoor Small Generator,"₱7,399.00",N/A,https://www.lazada.com.ph/products/pdp-i5362937587.html
REAIM 4-Stroke Gasoline Generator Portable Silent Power Gasoline Generator 220V 1000W Small Generator Single-Phase Generator,"₱4,599.00",N/A,https://www.lazada.com.ph/products/pdp-i5362912644.html
DAIMAX 2KW/3.5KW/5KW generator for home Portable Gasoline Generator 4 Stroke 220V 60HZ Household Outdoor Small Manual Electric Start,"₱9,308.00",N/A,https://www.lazada.com.ph/products/pdp-i3257966912.html
4000W Portable Gasoline Generator 60Hz Silent Power Gasoline Generator 4 Stroke Generators 220V Home Household Outdoor Small Generator Manual Electric Start Single-Phase Generator,"₱4,398.00",N/A,https://www.lazada.com.ph/products/pdp-i5178040921.html
Gasoline Generator 4KW/60Hz Portable Silent Power Gasoline Generator 4 Stroke Generators 220V Home Household Outdoor Small Generator Manual Electric Start Single-Phase Generator,"₱3,888.00",N/A,https://www.lazada.com.ph/products/pdp-i4026695900.html
【New Upgrade】DEKES Portable Gasoline Generator 2 Stroke 220v HouseholdHome Outdoor Small Generator 950w 60HZ Ultra Qulet HighQuality Max Power Output,"₱3,969.00",N/A,https://www.lazada.com.ph/products/pdp-i4764571282.html
Gasoline Generator 2200W/4-Stroke Portable Household Outdoor Small Powerful Generator 220V/60HZ Ultra Quiet Manual Start Generator All-copper Generator Efficient Strong Endurance Generator,"₱4,398.00",N/A,https://www.lazada.com.ph/products/pdp-i5163284590.html
2200W Portable Gasoline Generator 220V/60HZ Household Outdoor Small Powerful Generator Manual Start 4-Stroke Efficient Strong Endurance Generator All Copper Generator,"₱3,988.08",N/A,https://www.lazada.com.ph/products/pdp-i5193789421.html
Direct-selling outdoor hydraulic turbine hydraulic generator household small portable 220v high-power outdoor test tube.,"₱8,993.54",N/A,https://www.lazada.com.ph/products/pdp-i4990736118.html
DIY Power Generation Experiment of NIDEC Brushless Generator Brushless Wind Generator Hand-operated Hydraulic Generator,"₱1,149.92",N/A,https://www.lazada.com.ph/products/pdp-i5033954514.html
Wind power generator hand generator motor 220v DC motor high power motor high torque.,"₱1,862.95",N/A,https://www.lazada.com.ph/products/pdp-i5137448061.html
QUEZHOU | Silent Water-powered Portable Mini Generator 220v,₱436.96,N/A,https://www.lazada.com.ph/products/pdp-i15431616199.html
Wind Turbine Kit Alloy Steel and Plastic Material Wind Generator Kit 1200W for Charging Boats Terraces Cabins for Solar and Wind Hybrid System,"₱19,615.00",N/A,https://www.lazada.com.ph/products/pdp-i5067342974.html
Diymore DC 0-30V Wind Hydraulic Generator Electric Light Generator Hand Crank Dynamo Miniature Emergency Energy Dynamo Motor DC Non Stabilized Voltage Wind Micro Electric Motors,"₱1,057.00",N/A,https://www.lazada.com.ph/products/pdp-i3896488553.html
Mini Wind DC Generator Hand Dynamo Hydraulic Test DC 12V 24V Motor Machine Supply Emergency Generator,₱715.00,N/A,https://www.lazada.com.ph/products/pdp-i5200769463.html
Gasoline Generator 2.2kw/60Hz Home Gasoline Generator Small Household Generator 4-Stroke Generator Ultra High Performance OHV Air Cooled Generators 220V Portable Small All-copper Generator -With Multiple Protection Systems,"₱4,398.00",N/A,https://www.lazada.com.ph/products/pdp-i5175878893.html
S11 Horizontal Axis Wind Turbine 400w500w600w12v24v48v Wind Turbine Foreign Trade,"₱20,883.32",N/A,https://www.lazada.com.ph/products/pdp-i5096781211.html
Wind Generator Kit External Rotor AC Motor Wind Turbine Kit for Solar and Wind Hybrid System for Charging Boats Terraces Cabins,"₱19,615.00",N/A,https://www.lazada.com.ph/products/pdp-i5067441526.html
【Latest model】Mini Wind DC Generator Hand Dynamo Hydraulic Test DC 12V 24V Motor Machine Supply Emergency Generator,₱661.00,N/A,https://www.lazada.com.ph/products/pdp-i15432442790.html
Wind small DC vertical axis micro generator 12V-24V permanent magnet model motor 36W DC motor,"₱1,182.08",N/A,https://www.lazada.com.ph/products/pdp-i4823246485.html
REAIM Gasoline Generator 950W 4000W 4 Stroke Portable Silent Power Generator for Home Outdoor 220V/60Hz,"₱9,689.00",N/A,https://www.lazada.com.ph/products/pdp-i15424302724.html
Coreless disk generator emergency power supply disk generator wind generator hand generator,"₱8,589.74",N/A,https://www.lazada.com.ph/products/pdp-i4891587854.html
sjlerst Wind Turbine Generator Wind Generator 3 Blades for Household,"₱9,226.96",N/A,https://www.lazada.com.ph/products/pdp-i15493215378.html
80 miniature disc coreless permanent magnet generator high efficiency mini low speed low resistance DIY wind power and water power,"₱1,276.64",N/A,https://www.lazada.com.ph/products/pdp-i5022630502.html
80 miniature disc coreless permanent magnet generator high efficiency mini low speed low resistance DIY wind power and water power,"₱1,276.64",N/A,https://www.lazada.com.ph/products/pdp-i4821313500.html
Gasoline Generator 2200W/60Hz Portable Silent Power Gasoline Generator 4 Stroke Generators 220V Home Household Outdoor Small Generator Manual Electric Start Single-Phase Generator,"₱4,399.00",N/A,https://www.lazada.com.ph/products/pdp-i5169401496.html
Miniature brushless three-phase permanent magnet generator Brushless motor 60 100w waterwheel wind power 12v24v order,"₱2,442.96",N/A,https://www.lazada.com.ph/products/pdp-i4844601951.html
Rare Earth Permanent Magnet Three-phase Alternator 100w200w300w12v24v48v Small Wind Turbine Generator,"₱35,478.01",N/A,https://www.lazada.com.ph/products/pdp-i5306160872.html
Customized hand-cranked generator 220 volt field generator household DC brushless drive generator wind power generation,"₱4,145.14",N/A,https://www.lazada.com.ph/products/pdp-i5097688983.html
"REAIM 4 Stroke Generators Gasoline Efficient Strong Endurance Generator Portable Generator Generator Household Outdoor Small Generator For Outing, Brownout, Agriculture, Vacation, Portable Household Generator Manual Electric Start Single-Phase Generator","₱4,599.00",N/A,https://www.lazada.com.ph/products/pdp-i5230289722.html
Wind power permanent magnet DC generator 12V24V250 600w can be changed to manual generator for hydraulic pedal charging.,"₱6,067.98",N/A,https://www.lazada.com.ph/products/pdp-i5041871770.html
tobbehere-Mini Wind DC Generator Hand Dynamo Hydraulic Test DC 12V 24V Motor Machine Supply Emergency Generator,₱642.00,N/A,https://www.lazada.com.ph/products/pdp-i15422955192.html
Field hydraulic turbine hydraulic generator household small portable high-power outdoor test pipeline new model,"₱4,184.23",N/A,https://www.lazada.com.ph/products/pdp-i5028735555.html
BOSTO Small Windmill Generator Magnetic Wind Turbine Accurate Injection Moulding 3 Blade for Wind Solar Hybrid Street Light,"₱14,460.97",N/A,https://www.lazada.com.ph/products/pdp-i15444394174.html
Wind Power Generator 12V High Reliability Wind Alternator Permanent Magnet Generator for -40℃ - 80℃ 50Hz,"₱8,875.00",N/A,https://www.lazada.com.ph/products/pdp-i5017322780.html
REAIM Generator Portable 4-Stroke 1000W 98CC Heavy Duty Gasoline for Home Silent,"₱4,369.00",N/A,https://www.lazada.com.ph/products/pdp-i15392298265.html
120V DC motor generator household small hand wind generator high power motor generator,"₱1,397.06",N/A,https://www.lazada.com.ph/products/pdp-i5188008444.html
"Permanent magnet DC generator 12v, 24v, 100w, 180w, 300w Hand-operated wind-driven pedal hydraulic battery charging.","₱4,996.24",N/A,https://www.lazada.com.ph/products/pdp-i5102805047.html
sjlerst 400W Three-Phase Alternator Rare Earth NdFeB Permanent Magnet Generator 750rpm 12V High Speed Permanent Magnet Generator 3-Phase Synchronous AC Alternator for Vertical Horizontal Wind Turbine,"₱8,444.01",N/A,https://www.lazada.com.ph/products/pdp-i15486572308.html
Fityle DC 12V 10W Water Turbine Mini Hydroelectric Generator for Light Charging,₱417.39,N/A,https://www.lazada.com.ph/products/pdp-i581584403.html
Wind Turbine Generator Set Micro Dynamo Motor Kit DC 020V Gerador Energia,₱344.00,N/A,https://www.lazada.com.ph/products/pdp-i15423542307.html
[Bside Tool Store] Super Arc 400KV High Voltage Generator Module Inverter Transformer Pulse,₱102.00,N/A,https://www.lazada.com.ph/products/pdp-i1652250347.html
【COD】Gasoline Generator 4000W Gasoline Generator Household Portable Generator 220V/60Hz Four-stroke Super Power Silent Generator Full Copper Engine Dual Protection System Ultra-Long Endurance Generator,"₱4,409.02",N/A,https://www.lazada.com.ph/products/pdp-i4476048691.html
Meterk 100W Wind Turbines Generator 5 Blades High Efficiency Power Supply for Boats Mobile Homes,"₱14,359.00",N/A,https://www.lazada.com.ph/products/pdp-i15490708506.html
1200W Wind Turbine Kit Double Layer 5‑Blades Wind Energy Generator for Charging Blue,"₱13,556.97",N/A,https://www.lazada.com.ph/products/pdp-i15496443103.html
Meterk Power Generator Water Proof Wind Turbine Generator Low Startup Wind Speed Weatherproof for Homes Farms RVs Boats,"₱12,115.00",N/A,https://www.lazada.com.ph/products/pdp-i15486006408.html
【Weliba】 DIY Brushless Three-Phase AC Generator Motor for Wind Turbine Projects [New Products Hot Sale],₱361.00,N/A,https://www.lazada.com.ph/products/pdp-i15460300889.html
Solidworks 3D geometric model of wind turbine generator fan blade propeller stair tower,₱582.53,N/A,https://www.lazada.com.ph/products/pdp-i4947774241.html
【eelhoe】 Hand Crank Wind Turbine Generator 12V 80W for DIY Projects and Lighting [Auto Parts][not miss it]],"₱3,837.00",N/A,https://www.lazada.com.ph/products/pdp-i15470821495.html
BOSTO Wind Turbine Charge Regulator Wind Generator Controller Corrosion Resistance 400W 12/24V Waterproof Aluminum Alloy for Protection,₱904.00,N/A,https://www.lazada.com.ph/products/pdp-i15494201765.html
Meterk BLW‑12/24 400W Wind Generator Turbine Controller Waterproof Battery Charging Regulator,₱983.00,N/A,https://www.lazada.com.ph/products/pdp-i15485528644.html
GARRYFIZH 5 Blade Wind Turbine High Efficiency Hoop Mounting Winds Power Generator for Hybrid Generation System,"₱12,740.04",N/A,https://www.lazada.com.ph/products/pdp-i15482553957.html
KKmoon Wind Turbine Generator Environmentally Friendly Wind Generator Kit 3 Blades 50M/S Survival Wind Speed for Marine Rv Home for Hybrid Solar Wind System,"₱12,263.00",N/A,https://www.lazada.com.ph/products/pdp-i15483976261.html
Field hydraulic turbine hydraulic generator household small portable high-power outdoor test pipeline type,"₱1,929.78",N/A,https://www.lazada.com.ph/products/pdp-i4795839812.html
Field hydraulic turbine hydraulic generator household small portable high-power outdoor test pipeline type,"₱3,473.41",N/A,https://www.lazada.com.ph/products/pdp-i5117725029.html
I outdoor hydraulic turbine hydraulic generator outdoor B test pipeline for household small portable DC generator,"₱3,252.76",N/A,https://www.lazada.com.ph/products/pdp-i5117077345.html
【Rockhouse】 Mini Wind Turbine DIY Blade Set 4 Pack of Vertical Generator Accessories [New Products],₱105.00,N/A,https://www.lazada.com.ph/products/pdp-i5375451956.html
"Yadea, a two-wheeled and three-wheeled wind generator with solar energy extended range endurance for electric vehicles, fully automatically charges while walking.","₱2,580.71",N/A,https://www.lazada.com.ph/products/pdp-i4953427941.html
【EELHOE】 Plastic Water Turbine Generator with Two Wire DC and Three Wire AC Output [New Products Hot Sale],₱548.00,N/A,https://www.lazada.com.ph/products/pdp-i15494873379.html
MUSLADY 12V 1200W Wind Generator with Charger Controller 5 Blades S Type Minitype Wind Turbine Generator Kit Clear Energy Windmill for Home Highways Boats,"₱13,757.00",N/A,https://www.lazada.com.ph/products/pdp-i15491204676.html
500W Wind Turbine Generator Controller Waterproof for Humidity Salinity,"₱1,430.00",N/A,https://www.lazada.com.ph/products/pdp-i5068638023.html
Senjiu gasoline generator 220v household mini mute frequency conversion 2KW portable outdoor camping,"₱1,970.12",N/A,https://www.lazada.com.ph/products/pdp-i4927653406.html
【Rockhouse】 Efficient Micro Water Turbine Generator Reliable Power for Electronics In Stock,₱548.00,N/A,https://www.lazada.com.ph/products/pdp-i15494593473.html
Meterk Wind Turbine Controller Reliable IP67 Protection Aluminium Alloy Shell Wind Generator Controller 1000W MPPT for Factory,"₱2,211.00",N/A,https://www.lazada.com.ph/products/pdp-i15486258901.html
KKmoon Wind Generator Wind Turbine Low Voltage Controller Low Voltage Shine Wind Turbine MPPT Charge Regulator for Household Use for Engineering,₱797.00,N/A,https://www.lazada.com.ph/products/pdp-i15475678564.html
KKmoon 800W Small Wind Generator Turbines Kit 3 Blades Power Parts for Marine Home Charging,"₱12,730.00",N/A,https://www.lazada.com.ph/products/pdp-i15483906724.html
Demonstration of physical power generation principle of small DC DIY technology for vertical axis micro wind turbine,"₱1,686.43",N/A,https://www.lazada.com.ph/products/pdp-i5027953273.html
"Wind generator 12V, 24V, 120V, 80w Small permanent magnet DC hand-cranked generator high power lamp.","₱5,998.64",N/A,https://www.lazada.com.ph/products/pdp-i5048754806.html
Small generator 220v household silent water flow hydraulic turbine outdoor R camping portable DC water.,"₱7,297.34",N/A,https://www.lazada.com.ph/products/pdp-i4942056963.html
【XIXINBO】 Mini Wind Turbine DIY Blade Set for Micro Generator Blade Set Included [not miss it][New product release],₱106.00,N/A,https://www.lazada.com.ph/products/pdp-i5378301575.html
600W1000W 12V24V48V Horizontal Axis Wind Turbine 3-Blade Wind Power Motor Kit,"₱18,191.00",N/A,https://www.lazada.com.ph/products/pdp-i4436005089.html
DIY Power Generation Experiment of NIDEC Brushless Generator Brushless Wind Generator Hand-operated Hydraulic Generator,"₱1,528.82",N/A,https://www.lazada.com.ph/products/pdp-i5134983151.html
"REAIM 1000W/4000W Gasoline Generator Household Outdoor Small Generator For Outing, Brownout, Agriculture, Vacation, Manual Electric Start Generator","₱4,599.00",N/A,https://www.lazada.com.ph/products/pdp-i5227582590.html
KKmoon 100W Wind Turbines Generator 5 Blades High Efficiency Power Supply for Boats Mobile Homes,"₱13,022.00",N/A,https://www.lazada.com.ph/products/pdp-i15484033291.html
S11 Horizontal Axis Wind Turbine 400w500w600w12v24v48v Wind Turbine Foreign Trade,"₱20,883.32",N/A,https://www.lazada.com.ph/products/pdp-i4831169594.html
"Unicorn generator for home silent type,german technology 4-stroke Gasoline generator household small 220v silent digital frequency conversion 3500W mini generator dual protection system for Outing, Brownout, Agriculture, Vacation.","₱4,199.00",N/A,https://www.lazada.com.ph/products/pdp-i2552283369.html
Miniature field hydraulic generator turbine hydraulic generator household small portable impact permanent magnet brushless micro,"₱12,521.17",N/A,https://www.lazada.com.ph/products/pdp-i5098384391.html
Slip Ring Wind Generator Slip Ring 15A Mini 3 Wires 0-600V Anti-Jamming Multi-channel 3 Wires Slip Ring High Temperature for Wind Turbine Power Generator,"₱1,040.00",N/A,https://www.lazada.com.ph/products/pdp-i4895765445.html
Waterproof Auto-Switching Wind Turbine Controller,"₱1,194.00",N/A,https://www.lazada.com.ph/products/pdp-i15457176266.html
Maglev Wind Turbine Generator Stable Movement Vertical Wind Turbine Low Vibration 500W Curved Blade for Household,"₱14,035.01",N/A,https://www.lazada.com.ph/products/pdp-i15496366855.html
Meterk 400W Wind Turbines Generator 5 Blades High Efficiency Power Supply for Boats Mobile Homes,"₱15,993.00",N/A,https://www.lazada.com.ph/products/pdp-i15490617557.html
Meterk 800W Small Wind Generator 5 Blades Power Parts Turbines Kit for Marine Home Charging,"₱14,239.00",N/A,https://www.lazada.com.ph/products/pdp-i15485381985.html
Andoer Wind Energy Turbine Generator Professional Vertical Wind Turbine Generator Green Durable for Boats for Home for Terraces for Cabins,"₱11,800.00",N/A,https://www.lazada.com.ph/products/pdp-i15490379234.html
"Household 220v generator, 120V DC motor, high-power motor, small wind-driven hand-cranked generator.","₱3,754.27",N/A,https://www.lazada.com.ph/products/pdp-i5300338066.html
"Household 220v generator, 120V DC motor, high-power motor, small wind-driven hand-cranked generator.","₱2,208.75",N/A,https://www.lazada.com.ph/products/pdp-i4998463675.html
Portable generator Household miniature 650w/800w gasoline generator small with 12v mute,"₱13,286.52",N/A,https://www.lazada.com.ph/products/pdp-i4810868270.html
KKmoon 400W Wind Turbines Generator 5 Blades High Efficiency Power Supply for Boats Mobile Homes,"₱14,494.00",N/A,https://www.lazada.com.ph/products/pdp-i15484086095.html
Meterk Wind Generator 45M/S Safe Wind Speed 5 Blades 12M/S Rated Wind Speed Wind Turbines Kit with Tool Kit for Charging Boats Terraces for Cabins or Mobile Homes,"₱13,428.35",N/A,https://www.lazada.com.ph/products/pdp-i15485901822.html
Hydraulic Generator High Power Household 220V500W Permanent Magnet Brushless Pure Copper Wire Axial Flow Turbine Small Field,"₱96,315.47",N/A,https://www.lazada.com.ph/products/pdp-i5109451889.html
Explosives Electric Vehicle Endurance Artifact Increase Running and Charging Generator Wind Turbine Small Increase Program 3,"₱26,136.78",N/A,https://www.lazada.com.ph/products/pdp-i5189321926.html
"Low-speed hand-cranked generator 80 to 12V, 36V and 350W permanent magnet pedal wind power hydraulic high-power battery charging.","₱22,402.69",N/A,https://www.lazada.com.ph/products/pdp-i4820978942.html
Miniature field hydraulic generator turbine hydraulic generator household small portable impact permanent magnet brushless micro,"₱12,521.17",N/A,https://www.lazada.com.ph/products/pdp-i4948341376.html
300w Wind Turbine Household Small Vehicle-mounted Wind Power Generation System Portable Fan with Wind-solar Complementary High Temperature Resistance,"₱81,689.26",N/A,https://www.lazada.com.ph/products/pdp-i5038849968.html
Automation of Francis turbine generator set in Changpin Hydropower Station is economical and efficient.,"₱73,837.13",N/A,https://www.lazada.com.ph/products/pdp-i5116604981.html
Coreless generator Wind-driven low-resistance generator hard disk motor.,"₱8,589.74",N/A,https://www.lazada.com.ph/products/pdp-i5011727393.html
Gasoline generator 220V household small single three-phase 380v dual voltage 12kw3/5/8/10kW frequency conversion.,"₱72,264.18",N/A,https://www.lazada.com.ph/products/pdp-i4942003861.html
0 Hand-cranked generator 220v field generator household DC brushless drive generator wind generator 0,"₱6,882.51",N/A,https://www.lazada.com.ph/products/pdp-i5119351597.html
New Low-speed Three-phase Permanent Magnet Brushless AC Wind Generator Hand-operated Hydraulic 12220V Speed-increasing Gear,"₱18,993.58",N/A,https://www.lazada.com.ph/products/pdp-i5012046800.html
12-24V300W double-bearing positive and negative carbon brush DC generator Wind-hydraulic hand-cranked high-power motor motor,"₱4,428.84",N/A,https://www.lazada.com.ph/products/pdp-i4887266909.html
Gasoline generator 220V household small portable tram outdoor RV mute mini digital frequency conversion,"₱9,850.62",N/A,https://www.lazada.com.ph/products/pdp-i4875507156.html
Naier wind power new permanent magnet generator 600W-1000W motor three-phase permanent magnet generator can be customized.,"₱34,437.78",N/A,https://www.lazada.com.ph/products/pdp-i5092432559.html
Hydraulic Generator High Power Household 220V500W Permanent Magnet Brushless Pure Copper Wire Axial Flow Turbine Small Field,"₱96,315.47",N/A,https://www.lazada.com.ph/products/pdp-i4873555434.html
Factory New DC Brushless Motor Small Hand-generated Wind Outdoor Manual Generator Motor Household DIY System,"₱16,595.07",N/A,https://www.lazada.com.ph/products/pdp-i5277022239.html
Household wind generator 12v24v2kw vertical axis magnetic levitation generator with MPPT controller.,"₱53,981.42",N/A,https://www.lazada.com.ph/products/pdp-i5028598350.html
Manufacturers supply household low-speed generators 3KW small permanent magnet generators with sufficient power for wind-driven hydropower generation.,"₱18,676.78",N/A,https://www.lazada.com.ph/products/pdp-i5118272032.html
Full-automatic wind generator with intelligent charging while running for new energy electric vehicle with solar extended range and endurance artifact,"₱5,689.72",N/A,https://www.lazada.com.ph/products/pdp-i5073156416.html
Wind generator c12 Direct Volt 24V 120V 80W Small Current Permanent Magnet V-type Hand Generator High Power,"₱9,882.15",N/A,https://www.lazada.com.ph/products/pdp-i5057811474.html
Gasoline generator 220V household small portable tram outdoor RV mute mini digital frequency conversion,"₱9,850.62",N/A,https://www.lazada.com.ph/products/pdp-i4891877565.html
Exploration of low-speed and high-efficiency wind hydraulic free energy of high-power DIY disc permanent magnet coreless generator,"₱49,725.96",N/A,https://www.lazada.com.ph/products/pdp-i5043162158.html
200-watt small low-speed and low-resistance disk coreless permanent magnet generator with high efficiency wind and water power.,"₱45,502.01",N/A,https://www.lazada.com.ph/products/pdp-i5046352605.html
Energy-saving and environmental protection of horizontal axis household wind generator with three blades,"₱121,753.72",N/A,https://www.lazada.com.ph/products/pdp-i5031719616.html
S11 Horizontal Axis Wind Turbine 400w500w600w12v24v48v Wind Turbine Foreign Trade,"₱20,883.32",N/A,https://www.lazada.com.ph/products/pdp-i5298599238.html
Factory direct vertical axis wind generator 100-300W magnetic suspension wind generator breeze start.,"₱104,511.19",N/A,https://www.lazada.com.ph/products/pdp-i4835786143.html
"New permanent magnet DC generator 12v, 24v, 100W18H0W, 300W hand-operated, wind-driven and pedal hydraulic battery.","₱8,835.62",N/A,https://www.lazada.com.ph/products/pdp-i5058590354.html
"Unicorn 4-stroke Gasoline generator household small 220v silent digital frequency conversion 3500W mini generator dual protection system for Outing, Brownout, Agriculture, Vacation.","₱10,290.00",N/A,https://www.lazada.com.ph/products/pdp-i1727764649.html
Gasoline Generator For Home & Business Use Multiple Power Options,"₱43,376.00",N/A,https://www.lazada.com.ph/products/pdp-i15405645041.html
High-power disc-type permanent magnet three-phase generator with iron core and low reluctance wind power manual hand-cranked power generation DIY,"₱34,721.48",N/A,https://www.lazada.com.ph/products/pdp-i4816643271.html
Gasoline generator 380V220 dual voltage outdoor household small single three-phase 5KW6/8/10KW frequency conversion,"₱86,133.86",N/A,https://www.lazada.com.ph/products/pdp-i4984399385.html
"REAIM four-stroke generator, small outdoor generator for household use, portable household generator, manual electric start single-phase generator suitable for picnics, power outages, agriculture, leisure vacations, irrigation, flood discharge gasoline ge","₱4,369.00",N/A,https://www.lazada.com.ph/products/pdp-i5410254509.html
Full-automatic wind generator with intelligent charging while running for new energy electric vehicle with solar extended range and endurance artifact,"₱5,689.72",N/A,https://www.lazada.com.ph/products/pdp-i5154417063.html
"Hydroelectric generator, domestic outdoor water, O-force turbine, 300-watt small portable high-power outdoor test tube, O","₱39,785.49",N/A,https://www.lazada.com.ph/products/pdp-i4958449149.html
"Hand-cranked generators. Household vv DC motors, high-power motors, small-scale wind disaster prevention and emergency response","₱11,572.67",N/A,https://www.lazada.com.ph/products/pdp-i5157562254.html
180W high-power 12V DC generator Hand-operated wind power and water power can be added with a speed reducer.,"₱11,868.03",N/A,https://www.lazada.com.ph/products/pdp-i5151333162.html
Red Lantern RV uses wind generator to start 100W wind generator with 220v vertical axis for household use.,"₱19,275.70",N/A,https://www.lazada.com.ph/products/pdp-i4984219544.html
Gasoline generator set household 3/5/7/10kW/8kW single three-phase 380V dual-voltage 220V generator.,"₱44,146.56",N/A,https://www.lazada.com.ph/products/pdp-i5121589462.html
Factory New DC Brushless Motor Small Hand-generated Wind Outdoor Manual Generator Motor Household DIY System,"₱16,595.07",N/A,https://www.lazada.com.ph/products/pdp-i5057085030.html
1500W wind turbine with 8 blades MPPT controller 12/24/48/220V household small wind turbine,"₱24,350.74",N/A,https://www.lazada.com.ph/products/pdp-i5123335715.html
Small gasoline generator 220v home outdoor mini mini car camping volt portable custom 8|,"₱31,400.96",N/A,https://www.lazada.com.ph/products/pdp-i4876738386.html
Germany imported small gasoline generator 220v home outdoor mini car camping mute volt mini portable.,"₱55,998.83",N/A,https://www.lazada.com.ph/products/pdp-i4637890867.html
Fanston 3.3kW 220V Home Outdoor RV Camping Small Portable Gasoline Variable Frequency Generator,"₱58,709.72",N/A,https://www.lazada.com.ph/products/pdp-i5042184875.html
300w Wind Turbine Household Small Vehicle-mounted Wind Power Generation System Portable Fan with Wind-solar Complementary High Temperature Resistance,"₱81,689.26",N/A,https://www.lazada.com.ph/products/pdp-i5125106577.html
. Gasoline generator household small 220v silent digital frequency conversion 2000w three-phase 5kw generator mini micro,"₱104,416.62",N/A,https://www.lazada.com.ph/products/pdp-i5142365919.html
Exploration of low-speed and high-efficiency wind hydraulic free energy of high-power DIY disc permanent magnet coreless generator,"₱49,725.96",N/A,https://www.lazada.com.ph/products/pdp-i5292638693.html
Small wind generator with high efficiency 500W 600W 12V24V48V controller for domestic and marine engineering.,"₱37,085.63",N/A,https://www.lazada.com.ph/products/pdp-i4958049424.html
Small wind generator with high efficiency 500W 600W 12V24V48V controller for domestic and marine engineering.,"₱37,085.63",N/A,https://www.lazada.com.ph/products/pdp-i5188279205.html
Freddie gasoline variable frequency generator household mute portable RV 2/3kW small 220v high power,"₱23,373.56",N/A,https://www.lazada.com.ph/products/pdp-i5027690284.html
Fanston 3.6 kW 220V Variable Frequency Household Outdoor Camping RV Portable Small Gasoline Generator,"₱69,742.42",N/A,https://www.lazada.com.ph/products/pdp-i5279178654.html
TS high-performance export home travel outdoor camping RV portable 220V small portable gasoline generator.,"₱69,710.90",N/A,https://www.lazada.com.ph/products/pdp-i4993127258.html
Shenchi silent RV generator digital frequency conversion gasoline generator home outdoor air conditioning sc4000i,"₱132,786.42",N/A,https://www.lazada.com.ph/products/pdp-i4898167622.html
Gasoline generator 220V household small single-phase 3kW/5/6/8/10kW silent three-phase electricity 380V.,"₱72,516.36",N/A,https://www.lazada.com.ph/products/pdp-i4847669627.html
Gasoline generator 220V household small single three-phase 380v dual voltage 5kw6/8/10kW frequency conversion outdoor.,"₱87,646.92",N/A,https://www.lazada.com.ph/products/pdp-i5297732533.html
Longxin gasoline generator 220V small ultra-quiet frequency conversion home outdoor camping RV portable mini,"₱82,382.75",N/A,https://www.lazada.com.ph/products/pdp-i5109349340.html
Permanent magnet high-efficiency 1KW wind generator 1000W generator low torque ultra-low speed power generation 48V/24V/12V.,"₱85,471.90",N/A,https://www.lazada.com.ph/products/pdp-i4537848399.html
TS high-performance export home travel outdoor camping RV portable 220V small portable gasoline generator.,"₱104,369.34",N/A,https://www.lazada.com.ph/products/pdp-i5052820143.html
Fanston 2.5 kW 220V frequency conversion household outdoor camping RV portable small gasoline generator,"₱79,167.50",N/A,https://www.lazada.com.ph/products/pdp-i5012903060.html
Gasoline generator 220v household small 3kw single-phase 5/6/8kw 380V three-phase electricity mute 3000W.,"₱113,873.22",N/A,https://www.lazada.com.ph/products/pdp-i5123872136.html
Gasoline generator 220V household small single three-phase 380v high power 5kw6/8/10kW outdoor mute,"₱82,603.40",N/A,https://www.lazada.com.ph/products/pdp-i4953406298.html
Multi-purpose wind turbine 12v24v220vz permanent magnet small wind energy outdoor wind-solar complementary power generation system.,"₱160,872.53",N/A,https://www.lazada.com.ph/products/pdp-i5110096778.html
Gasoline generator dongcheng 220V small single-phase emergency generator household 5000W high-power outdoor generator.,"₱52,972.72",N/A,https://www.lazada.com.ph/products/pdp-i4953250281.html
Wind Turbine Small Household Solar Power Generation System Roof Outdoor 220V Full Set of Wind-solar Complementary Equipment,"₱186,310.78",N/A,https://www.lazada.com.ph/products/pdp-i5275426590.html
Gasoline generator 220v household small 3kw single-phase 5/6/8kw 380V three-phase electricity 3000W miniature.,"₱63,438.02",N/A,https://www.lazada.com.ph/products/pdp-i5026842376.html
Gasoline generator 220v household small 2KW/ kW silent inverter RV portable outdoor camping portable,"₱72,264.18",N/A,https://www.lazada.com.ph/products/pdp-i5038198685.html
Fanston 2.5 kW 220V frequency conversion household outdoor camping RV portable small gasoline generator,"₱79,167.50",N/A,https://www.lazada.com.ph/products/pdp-i4948031075.html
Longxin gasoline generator 220V small ultra-quiet frequency conversion home outdoor camping RV portable mini,"₱82,382.75",N/A,https://www.lazada.com.ph/products/pdp-i5018994847.html
German gasoline generator 220v380 household mute commercial 3/5/8kw10kw single three-phase outdoor small-sized,"₱68,450.02",N/A,https://www.lazada.com.ph/products/pdp-i5123421880.html
Gasoline generator 220v household small 2KW/ kW silent inverter RV portable outdoor camping portable,"₱72,264.18",N/A,https://www.lazada.com.ph/products/pdp-i5009049346.html
Yuchai gasoline generator 220V household small single three-phase 380V outdoor mute 3/5/6/8/10KW kW,"₱62,807.58",N/A,https://www.lazada.com.ph/products/pdp-i4985916883.html
Fujiwara miniature gasoline generator 220v household small mute frequency conversion standby emergency outdoor camping portable,"₱81,972.96",N/A,https://www.lazada.com.ph/products/pdp-i4788570863.html
220V High-Power Small Generator Home Lighting Permanent Magnet Brushless with Pressurizer Fine Copper Wire Core,"₱3,499.00",N/A,https://www.lazada.com.ph/products/pdp-i3960253903.html
"8-capacitor Hand Generator USB Charging Camping Equipment Outdoor Emergency Tool Cranked for 2 Minutes, can Lgnite 40-50 Times","₱1,908.81",N/A,https://www.lazada.com.ph/products/pdp-i5145619615.html
Electric vehicle solar extended range endurance 48v60 wind generator 72v full-automatic charging artifact while walking,"₱2,720.35",N/A,https://www.lazada.com.ph/products/pdp-i5255505963.html
Gasoline generator 220V small copper household mini single-phase gasoline brushless digital frequency conversion mini portable.,"₱45,817.23",N/A,https://www.lazada.com.ph/products/pdp-i5047970798.html
1Pc Wind Turbine Generator Kit Micro-Hand Dynamo Generator DC12V Generator Power Supply,₱665.80,N/A,https://www.lazada.com.ph/products/pdp-i15454654243.html
Gasoline generator 220V household small generator 3kw5/6/8/10kW three-phase 380V outdoor.,"₱57,448.84",N/A,https://www.lazada.com.ph/products/pdp-i4891128073.html
Gasoline generator 220V household small single-phase 3kW/5/6/8/10kW silent three-phase electricity 380V.,"₱64,951.08",N/A,https://www.lazada.com.ph/products/pdp-i5042497705.html
Youpin Longpeng gasoline generator 220V home mini 3kW outdoor camping portable RV micro super,"₱177,768.32",N/A,https://www.lazada.com.ph/products/pdp-i4561016726.html
100-50 micro-landscape type D vertical axis wind generator Breeze start type 0 wind generator,"₱188,927.11",N/A,https://www.lazada.com.ph/products/pdp-i5018843119.html
Gasoline generator 220V household small single-phase 3kW/5/6/8/10kW three-phase 380V outdoor site.,"₱82,603.40",N/A,https://www.lazada.com.ph/products/pdp-i5072356865.html
Yuchai variable frequency gasoline generator 220v household small mute standby power RV outdoor camping portable,"₱110,090.58",N/A,https://www.lazada.com.ph/products/pdp-i5075601818.html
Gasoline generator 220v household small 3kw single-phase 5/6/8kw 380V three-phase electricity mute 3000W.,"₱113,873.22",N/A,https://www.lazada.com.ph/products/pdp-i5297971250.html
Zongshen Dajiang Emergency Gasoline Generator Portable Portable Household Small 220V Generator Outdoor RV,"₱103,786.18",N/A,https://www.lazada.com.ph/products/pdp-i4830896976.html
Aerospace Bashan frequency conversion 2.5KW kw gasoline generator 220v household outdoor small camping low noise portable.,"₱76,992.48",N/A,https://www.lazada.com.ph/products/pdp-i5072089782.html
Senjiu gasoline generator 220V household miniature mute frequency conversion outdoor portable RV camping,"₱109,144.92",N/A,https://www.lazada.com.ph/products/pdp-i5013016842.html
Longpeng gasoline generator 220v household emergency small intelligent frequency conversion 2/3KW RV outdoor camping portable,"₱85,471.90",N/A,https://www.lazada.com.ph/products/pdp-i5126305022.html
LazaraSale Mini Small Wind Generator Turbine Motor Blade Set LED DIY Power Teaching Model - intl,₱362.00,N/A,https://www.lazada.com.ph/products/pdp-i2447094008.html
Gasoline generator 220V frequency conversion mute portable small outdoor camping stall household single three-phase emergency 380V,"₱112,612.34",N/A,https://www.lazada.com.ph/products/pdp-i4940127292.html
Senjiu gasoline generator 220V silent household small frequency conversion 2KW portable outdoor power emergency charging.,"₱78,568.58",N/A,https://www.lazada.com.ph/products/pdp-i5033947380.html
Gasoline generator 220V dual voltage equal power 380v three-phase 5kw6kw 3KW small household generator.,"₱91,776.30",N/A,https://www.lazada.com.ph/products/pdp-i4831857374.html
3 kW silent gasoline generator 220V outdoor small portable home RV new energy charging mini,"₱157,373.58",N/A,https://www.lazada.com.ph/products/pdp-i5079894681.html
Multi-purpose wind turbine 12v24v220vz permanent magnet small wind energy outdoor wind-solar complementary power generation system.,"₱160,872.53",N/A,https://www.lazada.com.ph/products/pdp-i4810884346.html
Gasoline generator 220v household small 3kw single-phase 5/6/8/10kW 380V three-phase electric start mute.,"₱72,516.36",N/A,https://www.lazada.com.ph/products/pdp-i5075652006.html
LazaraSuper 360 Degreen Micro Vertical Wind Turbines Generator Mini Motor Blade Parts LED DIY Teaching Model,₱275.14,N/A,https://www.lazada.com.ph/products/pdp-i2385085323.html
1Pc Wind Turbine Generator Kit Micro-Hand Dynamo Generator DC12V Generator Power Supply,₱627.80,N/A,https://www.lazada.com.ph/products/pdp-i4505948024.html
Minyue gasoline generator 220V household small 3kW/5/8/10/12kW single/three-phase 380V mute.,"₱78,568.58",N/A,https://www.lazada.com.ph/products/pdp-i5135178907.html
Chongqing Aerospace Bashan 4.2kw generator gasoline 220v household small frequency conversion outdoor portable 380 low noise,"₱93,383.92",N/A,https://www.lazada.com.ph/products/pdp-i5025242799.html
Gasoline generator 220V household small single-phase 3kW/2/5/8/10kW three-phase electricity 380V portable mute,"₱78,568.58",N/A,https://www.lazada.com.ph/products/pdp-i5116998718.html
Small-scale wind generator Micro-wind T-force generator Wind generator is manufactured and sold.,"₱213,482.74",N/A,https://www.lazada.com.ph/products/pdp-i5083787161.html
Fanston 3.6 kW 220V Variable Frequency Household Outdoor Camping RV Portable Small Gasoline Generator,"₱69,742.42",N/A,https://www.lazada.com.ph/products/pdp-i5058468818.html
Gasoline generator 220V household small single three-phase 380v dual voltage 5kw6/8/10kW frequency conversion outdoor.,"₱87,646.92",N/A,https://www.lazada.com.ph/products/pdp-i4943842038.html
Mini gasoline generator 220v household mini silent RV standby emergency outdoor camping mini portable,"₱80,144.68",N/A,https://www.lazada.com.ph/products/pdp-i5012624833.html
Gasoline generator 220v silent household commercial 3/5/8kw10kw single three-phase 380v outdoor miniature.,"₱65,460.48",N/A,https://www.lazada.com.ph/products/pdp-i4943766473.html
Gasoline generator 220V household small single three-phase 380v dual voltage 5kw6/8/10kW frequency conversion outdoor.,"₱160,399.70",N/A,https://www.lazada.com.ph/products/pdp-i5162027078.html
360 Degreen Micro Vertical Wind Turbines Generator Mini Motor Blade Parts LED DIY Teaching Model,₱315.09,N/A,https://www.lazada.com.ph/products/pdp-i5243786700.html
Permanent magnet high-efficiency 1KW wind generator 1000W generator low torque ultra-low speed power generation 48V/24V/12V.,"₱85,471.90",N/A,https://www.lazada.com.ph/products/pdp-i5148498366.html
Senjiu gasoline generator 220V small mini household mute frequency conversion outdoor RV camping charging portable,"₱83,895.80",N/A,https://www.lazada.com.ph/products/pdp-i4788745255.html
STToys Windmill Model DC Micro Wind Motor Suit Experiment Kit Mini Wind Turbines Generator for for Ages 8+ Student Kids,₱526.20,N/A,https://www.lazada.com.ph/products/pdp-i5254791910.html
Gasoline generator 220V household mute small single three-phase 380v 5kw3/6/8/10kW diesel outdoor,"₱171,180.22",N/A,https://www.lazada.com.ph/products/pdp-i5098494484.html
Gasoline generator 220V/2KW All-copper wire household outdoor RV camping small portable digital frequency conversion,"₱182,465.10",N/A,https://www.lazada.com.ph/products/pdp-i5063916931.html
REAIM Gasoline Generator 4-STROKE Manual Electric Start Generator 1000W Portable Power Generator,"₱4,599.00",N/A,https://www.lazada.com.ph/products/pdp-i5233288675.html
REAIM Gasoline Generator Household Outdoor Small Generator Portable Generator High Quality Powerful Generator Efficient Strong Endurance Generator,"₱4,599.00",N/A,https://www.lazada.com.ph/products/pdp-i5053651730.html
Water flow hydraulic generator small outdoor 220v mini charging household outdoor mute 12v DC high power,"₱6,794.57",N/A,https://www.lazada.com.ph/products/pdp-i5018982997.html
"REAIM four-stroke generator, small outdoor generator for household use, portable household generator, manual electric start single-phase generator suitable for picnics, power outages, agriculture, leisure vacations, irrigation, flood discharge gasoline ge","₱4,599.00",N/A,https://www.lazada.com.ph/products/pdp-i5268402575.html
1Pc Wind Turbine Generator Kit Micro-Hand Dynamo Generator DC12V Generator Power Supply,₱665.80,N/A,https://www.lazada.com.ph/products/pdp-i15459061489.html
Gasoline generator 220V household small single-phase 3kW/5/6/8/10kW silent three-phase electricity 380V.,"₱64,951.08",N/A,https://www.lazada.com.ph/products/pdp-i4895286163.html
1Pc Wind Turbine Generator Kit Micro-Hand Dynamo Generator DC12V Generator Power Supply,₱665.80,N/A,https://www.lazada.com.ph/products/pdp-i15454396539.html
Senjiu 1KW gasoline generator 220V small household mute frequency conversion outdoor RV camping emergency charger,"₱218,211.04",N/A,https://www.lazada.com.ph/products/pdp-i5300078214.html
Gasoline generator 220v household miniature 2/3KW silent outdoor RV portable 3kW frequency conversion,"₱208,060.96",N/A,https://www.lazada.com.ph/products/pdp-i4659777284.html
Jialing 1KW gasoline generator household frequency conversion generator 220V mini portable digital generator,"₱183,221.62",N/A,https://www.lazada.com.ph/products/pdp-i4949119632.html
Senjiu 1KW gasoline generator 220V small household mute frequency conversion outdoor RV camping emergency charger,"₱72,894.62",N/A,https://www.lazada.com.ph/products/pdp-i5070480158.html
12V Generator 10W Hydro Water Turbine Generator Water Charging PZ Home Supplies Hydroelectric Generator Home Devices,₱299.15,N/A,https://www.lazada.com.ph/products/pdp-i5040374468.html
German gasoline generator 220v380 household mute commercial 3/5/8kw10kw single three-phase outdoor small-sized,"₱68,450.02",N/A,https://www.lazada.com.ph/products/pdp-i4887366356.html
Yuchai variable frequency gasoline generator 220v household small mute standby power RV outdoor camping portable,"₱110,090.58",N/A,https://www.lazada.com.ph/products/pdp-i4866113021.html
Senjiu gasoline generator small silent household 220V frequency conversion portable new energy vehicle outdoor emergency charging.,"₱113,242.78",N/A,https://www.lazada.com.ph/products/pdp-i5052893468.html
Gasoline generator 220V household small single three-phase 380v dual voltage 5kw6/8/10kW frequency conversion outdoor.,"₱128,398.56",N/A,https://www.lazada.com.ph/products/pdp-i4894331348.html
Dormitory portable gasoline generator small R gas steam generator 2K20v gasoline generator voltage regulator dew,"₱134,674.59",N/A,https://www.lazada.com.ph/products/pdp-i5269701175.html
Small gasoline generator 220v household engineering construction mute outdoor mini 3/4/5/7/8/10kw mini,"₱129,634.22",N/A,https://www.lazada.com.ph/products/pdp-i4947657839.html
Gasoline generator 220V frequency conversion mute portable small outdoor camping stall household single three-phase emergency 380V,"₱112,612.34",N/A,https://www.lazada.com.ph/products/pdp-i4821320414.html
Gasoline generator 220V household small single three-phase 380v dual voltage 5kw6/8/10kW frequency conversion outdoor.,"₱87,646.92",N/A,https://www.lazada.com.ph/products/pdp-i4880720111.html
Gasoline generator 220v household small 2KW/ kW silent inverter RV portable outdoor camping portable,"₱72,264.18",N/A,https://www.lazada.com.ph/products/pdp-i5120080053.html
Lightweight Portable Wind Turbine Designed for Outdoor Use and Easy Transport,₱641.00,N/A,https://www.lazada.com.ph/products/pdp-i15458577810.html
Gasoline generator 220V household small single-phase 3kW/5/6/8/10kW three-phase electricity 380V outdoor mute,"₱70,940.26",N/A,https://www.lazada.com.ph/products/pdp-i5011461019.html
Gasoline generator high power 4KW household 220V RV outdoor charging variable frequency lighting portable.,"₱75,983.78",N/A,https://www.lazada.com.ph/products/pdp-i5159175270.html
Minyue gasoline generator 220V household small 3kW/5/8/10/12kW single/three-phase 380V mute.,"₱78,568.58",N/A,https://www.lazada.com.ph/products/pdp-i5018932744.html
Longpeng gasoline generator 2/3KW small household 220V silent frequency conversion RV outdoor 3000W portable,"₱158,949.68",N/A,https://www.lazada.com.ph/products/pdp-i4939211141.html
Energy-saving and environmental protection of horizontal axis household wind generator with three blades,"₱121,753.72",N/A,https://www.lazada.com.ph/products/pdp-i5268612382.html
Yangzi portable gasoline generator small household 220V indoor and outdoor mute high power 2/3KW,"₱163,047.54",N/A,https://www.lazada.com.ph/products/pdp-i5115309277.html
Fujiwara variable frequency gasoline generator 220V small family RV outdoor portable digital mute generator,"₱110,090.58",N/A,https://www.lazada.com.ph/products/pdp-i4930944713.html
Gasoline generator 220V high-power hand-pulled household small mute frequency conversion outdoor camping portable,"₱122,068.94",N/A,https://www.lazada.com.ph/products/pdp-i5294567667.html
Gasoline generator 220V household mute small single three-phase 380v 5kw3/6/8/10kW diesel outdoor,"₱171,180.22",N/A,https://www.lazada.com.ph/products/pdp-i5162043422.html
Gasoline generator 220v household small 3kw single-phase 5/6/8kw 380V three-phase electricity 3000W miniature.,"₱63,438.02",N/A,https://www.lazada.com.ph/products/pdp-i4657778001.html
Senjiu gasoline generator 220V household small mute frequency conversion 3.5KW remote control RV outdoor camping portable,"₱157,373.58",N/A,https://www.lazada.com.ph/products/pdp-i5027849300.html
Senjiu gasoline generator 220V household small mute new energy electric vehicle emergency charging outdoor portable,"₱143,188.68",N/A,https://www.lazada.com.ph/products/pdp-i5071529984.html
Yuchai variable frequency gasoline generator 220v household small mute standby power RV outdoor camping portable,"₱110,090.58",N/A,https://www.lazada.com.ph/products/pdp-i4993156927.html
【QAN】-1Pc Wind Turbine Generator Kit Micro-Hand Dynamo Generator DC12V Generator Power Supply,₱655.80,N/A,https://www.lazada.com.ph/products/pdp-i4773562136.html
Gasoline generator 220V household small single-phase 3kW/5/6/8/10kW three-phase electricity 380V outdoor mute,"₱70,940.26",N/A,https://www.lazada.com.ph/products/pdp-i4927536029.html
Senjiu gasoline generator small household 220V silent frequency conversion 2.8kW portable outdoor emergency power supply.,"₱103,786.18",N/A,https://www.lazada.com.ph/products/pdp-i4840511959.html
LS2G HOT 1Pc Wind Turbine Generator Kit Micro-Hand Dynamo Generator DC12V Generator Power Supply,₱636.80,N/A,https://www.lazada.com.ph/products/pdp-i15423164392.html
Senjiu gasoline generator household mute small 220V inverter portable RV outdoor camping charging.,"₱81,720.78",N/A,https://www.lazada.com.ph/products/pdp-i5279588586.html
BUY 1 TAKE 1 Smart Weather Net Japan Black Weather Net Water Proof Net Shade Outdoor Smart Weather Net Water Proof Sunshade Outdoor Waterproof Fado Multifunction Weather Net Net For Green House Gardening Anti Uv Sunshade Net Outdoor,₱111.50,N/A,https://www.lazada.com.ph/products/pdp-i3134017080.html
[5 Year warranty]500watts solar panel heavy duty Monocrystalline Silicon Power Generation Panel waterproof lightning high conversion rate 0 electricity bill solar charging panel,₱698.00,N/A,https://www.lazada.com.ph/products/pdp-i4523044470.html
Anti-UV 90% Sunshade Net Garden Plant Shading Net Waterproof And High-Temperature Resistant,₱165.00,N/A,https://www.lazada.com.ph/products/pdp-i4315184690.html
1Pc Wind Turbine Generator Kit Micro-Hand Dynamo Generator DC12V Generator Power Supply,₱697.80,N/A,https://www.lazada.com.ph/products/pdp-i15482242256.html
"(With 150W Solar Panel)Outdoor PowerBank 1000W/220V Multi-Function Home Power Station Solar Generator 988,000mAh Large Capacity Fast-Charging Power Bank Travel Camping Home Emergency Power DC/AC External Battery Support USB Port Charging AC Output","₱2,898.00",N/A,https://www.lazada.com.ph/products/pdp-i15422745661.html
100W-300W Magnetic Levitation Wind Turbine 12V/24V Light Start Wind Generator with 220V Inverter,"₱15,500.00",N/A,https://www.lazada.com.ph/products/pdp-i15484052133.html
100W/200W/300W wind turbines 12V/24V light wind-starting magnetic levitation generator high power 220V inverter output wind energy,"₱15,500.00",N/A,https://www.lazada.com.ph/products/pdp-i15484027172.html
"220W Power Inverter Compatible with Dewalt 20V Battery, DC 20V to AC 110V Inverter, Portable Power Station Generator with 1 AC Outlet, 2 USB Ports & 1 Type-C Fast Charging, 400LM LED Work Light","₱2,345.00",N/A,https://www.lazada.com.ph/products/pdp-i15488087478.html
Power Station 600W 400000mAh Large Capacity Home Generator Multifunctional Solar Generator,"₱7,999.00",N/A,https://www.lazada.com.ph/products/pdp-i15489046346.html
12V Wind-Cooled Diesel Generator Starter Motor Single-Cylinder Micro-Tillage Machine Shaluo Brand QD114A Generator Part,"₱1,107.00",N/A,https://www.lazada.com.ph/products/pdp-i5105105963.html
"REAIM Gasoline Generator 4 Stroke Generators 220V Home Household Outdoor Small Generator Manual Electric Start Single-Phase Generator For Outing, Brownout, Agriculture, Vacation, Portable Household Generator","₱4,599.00",N/A,https://www.lazada.com.ph/products/pdp-i5134241734.html
Fanston 3.3 kW 220V frequency conversion household outdoor camping RV portable small gasoline generator,"₱69,742.42",N/A,https://www.lazada.com.ph/products/pdp-i5064154051.html
Gasoline generator 220V household small single three-phase 380v dual voltage 5kw6/8/10kW frequency conversion outdoor.,"₱160,399.70",N/A,https://www.lazada.com.ph/products/pdp-i5117466222.html
Gasoline generator 8KW and other power household generators save fuel and start small generators 220V/380V.,"₱129,949.44",N/A,https://www.lazada.com.ph/products/pdp-i4873629528.html
Gasoline generator 220V household small single-phase 3kW/5/6/8/10kW silent three-phase electricity 380V.,"₱72,516.36",N/A,https://www.lazada.com.ph/products/pdp-i5097639427.html
Gasoline generator 220V household small single-phase 3kW/2/5/8/10kW three-phase electricity 380V portable mute,"₱114,881.93",N/A,https://www.lazada.com.ph/products/pdp-i5053233215.html
Gasoline generator 220V household small single-phase 3kW/2/5/8/10kW three-phase electricity 380V portable mute,"₱114,881.93",N/A,https://www.lazada.com.ph/products/pdp-i4928311080.html
Jialing gasoline generator 220V single-phase small household 3kw5/7/8/10kW three-phase 380V dual electricity,"₱160,841.00",N/A,https://www.lazada.com.ph/products/pdp-i4861607945.html
Aerospace Bashan frequency conversion 2.5KW kw gasoline generator 220v household outdoor small camping low noise portable.,"₱76,992.48",N/A,https://www.lazada.com.ph/products/pdp-i5123202642.html
Dinggong gasoline generator household small mute digital frequency conversion emergency portable outdoor camping intelligent portable,"₱151,668.10",N/A,https://www.lazada.com.ph/products/pdp-i5027947409.html
Aerospace Bashan frequency conversion 2.5KW kw gasoline generator 220v household outdoor small camping low noise portable.,"₱76,992.48",N/A,https://www.lazada.com.ph/products/pdp-i4831258075.html
Gasoline generator 220V high-power hand-pulled household small mute frequency conversion outdoor camping portable,"₱122,068.94",N/A,https://www.lazada.com.ph/products/pdp-i5130436981.html
Gasoline generator 220V household small single three-phase 380v dual voltage 5kw6/8/10kW frequency conversion outdoor.,"₱160,399.70",N/A,https://www.lazada.com.ph/products/pdp-i5030700050.html
Small gasoline generator 220v household engineering construction mute outdoor mini 3/4/5/7/8/10kw mini,"₱129,634.22",N/A,https://www.lazada.com.ph/products/pdp-i4873486361.html
Gasoline generator 220V household small single-phase 3kW/2/5/8/10kW three-phase electricity 380V portable mute,"₱78,568.58",N/A,https://www.lazada.com.ph/products/pdp-i4993383444.html
Gasoline generator 220V high-power hand-pulled household small mute frequency conversion outdoor camping portable,"₱122,068.94",N/A,https://www.lazada.com.ph/products/pdp-i4664208814.html
Longpeng gasoline generator 220V household mini 3kW outdoor camping portable RV miniature ultra-quiet,"₱115,449.32",N/A,https://www.lazada.com.ph/products/pdp-i5038325570.html
Gasoline generator 220v household miniature 2/3KW silent outdoor RV portable 3kW frequency conversion,"₱67,535.88",N/A,https://www.lazada.com.ph/products/pdp-i5125138040.html
Runtong miniature gasoline generator 220v household small mute digital frequency conversion emergency outdoor camping portable,"₱103,786.18",N/A,https://www.lazada.com.ph/products/pdp-i5073673165.html
【Latest Style】 Delta Wing High Carbon Fibers Wind Turbine Generator For Wind Turbine Generator Windmill 200w 600w 800w,₱981.30,N/A,https://www.lazada.com.ph/products/pdp-i5307368718.html
Vertical mini hand-cranked 5000w civil single-phase adjustable two-phase small generator 220v silent household.,"₱144,512.61",N/A,https://www.lazada.com.ph/products/pdp-i5135741633.html
Gasoline generator 220V household small single-phase 3kW/5/6/8kW three-phase 380V mini outdoor mute,"₱135,261.85",N/A,https://www.lazada.com.ph/products/pdp-i5125478045.html
Used in Siemensgamesa/Vestas/GE wind turbine/Hydraulic generator/high-rating generator/Mine motor/generator winding/Support customization,"₱15,628.00",N/A,https://www.lazada.com.ph/products/pdp-i15417907403.html
Gasoline generator 220v household miniature portable outdoor single-phase silent generator,"₱108,325.35",N/A,https://www.lazada.com.ph/products/pdp-i5096739610.html
Jialing gasoline generator 220V single-phase small household 3kw5/7/8/10kW three-phase 380V dual electricity,"₱160,841.00",N/A,https://www.lazada.com.ph/products/pdp-i5000062085.html
Senjiu gasoline generator small household 220V silent frequency conversion 2.8kW portable outdoor emergency power supply.,"₱103,786.18",N/A,https://www.lazada.com.ph/products/pdp-i5070158020.html
Yuchai variable frequency gasoline generator 220v household small bass power RV outdoor camping portable portable,"₱122,699.38",N/A,https://www.lazada.com.ph/products/pdp-i5150562026.html
【】 2018 Wind Turbine Generator Kit Dynamo Generator Dc 0-20v Gerador De Energia,₱556.00,N/A,https://www.lazada.com.ph/products/pdp-i4410300230.html
Senjiu gasoline generator small household 220V silent frequency conversion 2.8kW portable outdoor emergency power supply.,"₱103,786.18",N/A,https://www.lazada.com.ph/products/pdp-i5150408579.html
Yuchai variable frequency gasoline generator 220v household small bass power RV outdoor camping portable portable,"₱122,699.38",N/A,https://www.lazada.com.ph/products/pdp-i5071397393.html
2026Zamdon Toroidal Off Grid Inverter 12V1KW - Solar Inverter 1000W12VCOD,"₱2,700.00",N/A,https://www.lazada.com.ph/products/pdp-i15486984529.html
"2026Anker SOLIX C300DC Station Outdoor 288Wh(90,000mAh) Portable Power Station LiFePO4 Battery 300W Solar Generator, for Camping, Traveling, and Emergencies A1726COD","₱4,947.75",N/A,https://www.lazada.com.ph/products/pdp-i15486968617.html
[ Store] Exclusive2Pc Wind Turbine Generator Kit Micro-Hand Dynamo Generator DC12V Generator Power Supply,"₱1,251.40",N/A,https://www.lazada.com.ph/products/pdp-i15476216828.html
【Can be used for 50 years】Solar Panel 150W/350W/500W Charging Panel Monocrystalline Silicon Band 30 A Controller Household Charging Panel Multifuncitional and Portable generator 0 electricity bill waterproof,₱479.00,N/A,https://www.lazada.com.ph/products/pdp-i5233334620.html
1Pc Wind Turbine Generator Kit Micro-Hand Dynamo Generator DC12V Generator Power Supply,₱627.80,N/A,https://www.lazada.com.ph/products/pdp-i5110820955.html
[Trivony] 1000-5000W MPPT Charge Controller 12V/24V AUTO 48V 10A-40A Wind Turbine Generator Water Proof Regulator Rectifier Factory Price,"₱1,561.03",N/A,https://www.lazada.com.ph/products/pdp-i15492613141.html
【liuxiaomei】Wind Driven Generator Controller 12/24V 800W MPPT Wind Charge Controller Wind Turbine Generator Controller with MonitorHope you have a pleasant shopping experience<br><br>,"₱1,160.50",N/A,https://www.lazada.com.ph/products/pdp-i15405043799.html
(LAXE) 4Pc Wind Turbine Generator Kit Micro-Hand Dynamo Generator DC12V Generator Power Supply,"₱2,946.00",N/A,https://www.lazada.com.ph/products/pdp-i15467702396.html
3V-24V Three-Phase Alternator Brushless Wind Turbine Generator For Microwind Hand Friction Power System Supplies Accessories,₱903.00,N/A,https://www.lazada.com.ph/products/pdp-i15490598565.html
BUY 1 TAKE 1 Sunshade Net For Garden Sale Shade Net Sun Shades Outdoor Waterproof Anti-UV Sunshade Net 90% Heat-Resistant Mesh Garden Net Shade for Plants Canopy Sunblock Black Farm Net Greenhouse Net Car Cover Sunscreen NeT,₱259.31,N/A,https://www.lazada.com.ph/products/pdp-i3133505733.html
【Stylish】 Smallest Mini Wind Turbines Generator Led Teaching Tools Sample Model,₱724.47,N/A,https://www.lazada.com.ph/products/pdp-i4488370944.html
【Factory-direct】 2018 Mini Wind Turbine Vertical Axis Generator Blades Small Set,₱416.30,N/A,https://www.lazada.com.ph/products/pdp-i4410259347.html
Mini Wind DC Generator Hand Dynamo Hydraulic Test DC 12V 24V Motor Machine Supply Emergency Generator,₱633.00,N/A,https://www.lazada.com.ph/products/pdp-i5109426461.html
Science Model Vertical Wind Generator DIY Kit Small Motor Vertical Wind Turbines Blades Breeze Electricity Generator Wind Energy,₱237.82,N/A,https://www.lazada.com.ph/products/pdp-i15475553647.html
【Home Accessory Store】 Miniature Hydroelectric Turbine Generator Motor for Energy Efficiency Studies 【Durable New Arrival Goods】,₱257.00,N/A,https://www.lazada.com.ph/products/pdp-i15454016021.html
DIY Wind Turbine Generator Kit DC 0.1V-3V Generator with Holder Blades Brushless Motor Mini Dynamo Generator Teaching,₱347.00,N/A,https://www.lazada.com.ph/products/pdp-i15471007440.html
"funtasica Turbines, Small Wind Motor for DIY Assembly Kits",₱212.36,N/A,https://www.lazada.com.ph/products/pdp-i5107922696.html
Hoop Mounting Generator Wind Power Generator Power Equipment with 1 X Gasket for Wind Turbine Kit,"₱15,123.00",N/A,https://www.lazada.com.ph/products/pdp-i15472821069.html
DEKES 4000W Portable Gasoline Generator 4 Stroke 220V 60HZ Household Outdoor Small Manual/Electric Start All-copper Generator,"₱4,199.00",N/A,https://www.lazada.com.ph/products/pdp-i4846554506.html
Magnetic Wind Turbine Small Windmill Generator 3 Blade for Forest Fire Protection Power Generation,"₱12,120.01",N/A,https://www.lazada.com.ph/products/pdp-i15496398796.html
【Fast and Free Delivery】 Dc 9.8v-18.5v Mini High Power Hydroelectric Turbine Water Flow Generator Electric Hydroelectric Hydro Generator Power Supply,₱735.30,N/A,https://www.lazada.com.ph/products/pdp-i5377516872.html
Gasoline generator 220V household small single-phase 3kW/5/6/8/10kW three-phase 380V outdoor site.,"₱164,812.78",N/A,https://www.lazada.com.ph/products/pdp-i5139688927.html
Gasoline generator 220V household small single three-phase 380v high power 5kw6/8/10kW outdoor mute,"₱152,203.98",N/A,https://www.lazada.com.ph/products/pdp-i5025946332.html
【Premium Quality】 Usb 5v Mini Portable Miniature Wind Power Generator Set Turbine Motor Alternator Emergency Phone Charger For Outdoor,"₱1,072.67",N/A,https://www.lazada.com.ph/products/pdp-i4716520462.html
[DHGO] Wind Motor Generator Kit with 120mm Leaf Paddle for Science Demonstrations,₱455.00,N/A,https://www.lazada.com.ph/products/pdp-i15455165333.html
Daily sale <br>1Pc Wind Turbine Generator Kit Micro-Hand Dynamo Generator DC12V Generator Power Supply,₱646.80,N/A,https://www.lazada.com.ph/products/pdp-i15455804890.html
1PC brushless wind generator brushless DC motor wind generator hand generator DIY power generation experiment accessories,₱763.97,N/A,https://www.lazada.com.ph/products/pdp-i4551054700.html
DIY Vertical Five-Blade Wind Turbine Model Three-phase Permanent Magnet Brushless Power Generation Low Speed Windmill,"₱4,989.80",N/A,https://www.lazada.com.ph/products/pdp-i15459981242.html
Wind Power Hand Cranked Generator Motor Three Phase AC Micro-Brushless 3-24V Micro-Hydraulic Generater Power Equipment,₱231.00,N/A,https://www.lazada.com.ph/products/pdp-i15459434048.html
MOTOR-1Pc Wind Turbine Generator Kit Micro-Hand Dynamo Generator DC12V Generator Power Supply Carnex,"₱1,285.07",N/A,https://www.lazada.com.ph/products/pdp-i15445663744.html
Gasoline generator 220jv household small mute 3 kW single-phase three-phase generator portable power generation,"₱135,246.40",N/A,https://www.lazada.com.ph/products/pdp-i4941879648.html
Longpeng gasoline generator 220V household mini 3kW outdoor camping portable RV miniature ultra-quiet,"₱115,449.32",N/A,https://www.lazada.com.ph/products/pdp-i5075241847.html
MYTOOLS DIY Wind Power Generator Kit with Holder and Blades for Innovative Learning 【Ready Stock】,₱524.00,N/A,https://www.lazada.com.ph/products/pdp-i15465163704.html
LeiJim 2kW 3kw silent gasoline frequency conversion outdoor room car portable digital portable small household generator,"₱103,786.18",N/A,https://www.lazada.com.ph/products/pdp-i4985984211.html
2X Wind Power Hand Cranked Generator Motor Three Phase AC Micro-Brushless 3-24V Micro-Hydraulic,₱421.00,N/A,https://www.lazada.com.ph/products/pdp-i15457781236.html
Gasoline generator 8KW and other power household generators save fuel and start small generators 220V/380V.,"₱129,949.44",N/A,https://www.lazada.com.ph/products/pdp-i5148664289.html
Senjiu gasoline generator mute 220v household high-power 4.5KW small portable mobile electric/remote start.,"₱132,155.98",N/A,https://www.lazada.com.ph/products/pdp-i5155953259.html
Senjiu gasoline generator 220V household small mute new energy electric vehicle emergency charging outdoor portable,"₱143,188.68",N/A,https://www.lazada.com.ph/products/pdp-i4953262168.html
Mini Wind DC Generator Hand Dynamo Hydraulic Test DC 12V 24V Motor Machine Supply Emergency Generator,₱671.00,N/A,https://www.lazada.com.ph/products/pdp-i15463133089.html
Gasoline generator 220V household small single-phase 3kW/5/6/8kW three-phase 380V mini outdoor mute,"₱135,261.85",N/A,https://www.lazada.com.ph/products/pdp-i5053295168.html
FM-P2 21V Portable Mini Intelligent Inverter Power Converter Power Station Generator,₱449.00,N/A,https://www.lazada.com.ph/products/pdp-i4718790981.html
【Full In 10s】Portable Solar Generator 500W 220V Fast Charging Power Station Outdoor Portable USB DC AC Output Solar Input Generator Station Original Solar Panels Travel Camping Home Backup Emergency Power,"₱3,519.00",N/A,https://www.lazada.com.ph/products/pdp-i5167674264.html
"600W Portable Power Station – Large Capacity Power Bank with Solar Charging | Outdoor Generator for Home, Camping, Emergency Use","₱3,499.00",N/A,https://www.lazada.com.ph/products/pdp-i15455204307.html
Pressure Washer Portable Wireless Car Washer High power spray Water Gun Can Rechargeable COD,₱489.02,N/A,https://www.lazada.com.ph/products/pdp-i4684732800.html
Inverter 6000W Inverter 12v/24v to 220v Heavy Duty Set Inverter Original Power Inverter LED Intelligent Digital Display Solar Inverter Inverter Adapter Solar Power Generation Car Inverter,"₱2,679.00",N/A,https://www.lazada.com.ph/products/pdp-i3895149258.html
2026EcoFlow 500Wh RIVER 2 Max Portable Power Station 220V Solar Generator with Solar Panel LiFeP04 Quick Charge in 1 Hour Up to 1000 W Power for Emergency Power Camping Motor Homes HomeCOD,"₱10,255.50",N/A,https://www.lazada.com.ph/products/pdp-i15486934700.html
Solar Power Generation Portable Power Station Multifunctional Emergency Equipment Large Capacity,"₱1,159.00",N/A,https://www.lazada.com.ph/products/pdp-i4633531567.html
"STHIL 4200W Gasoline Chainsaw 20""/22""/24"" - High Power, Powerful Mini Power Saw with Complete Accessories","₱2,520.06",N/A,https://www.lazada.com.ph/products/pdp-i4281190149.html
19 inches Gardening Tool for Garden use only,₱550.00,N/A,https://www.lazada.com.ph/products/pdp-i5336085434.html
All-in-One 6000W Solar Generator: 600W Panel + MPPT Controller & Dual Voltage Inverter (110V/220V) for Home & RV & Camping,"₱4,151.95",N/A,https://www.lazada.com.ph/products/pdp-i5273655244.html
400W500W600W12V24V Wind Turbine Street Lamp Horizontal Axis Home Startup Power Generation Wind-solar Complementary,"₱22,459.42",N/A,https://www.lazada.com.ph/products/pdp-i5116401662.html
【EELHOE】 Harness the Wind Mini Portable Wind Turbine for Outdoor Power Generation [New product release][Large Inventory],₱641.00,N/A,https://www.lazada.com.ph/products/pdp-i15408845476.html
Wind-solar hybrid photovoltaic power generation system full set of 220v power generation panels household wind turbine solar integrated machine,"₱329,735.88",N/A,https://www.lazada.com.ph/products/pdp-i5079753305.html
Mini Wind DC Generator Hand Dynamo Hydraulic Test DC 12V 24V Motor Machine Supply Emergency Generator,₱641.80,N/A,https://www.lazada.com.ph/products/pdp-i4444614623.html
Wind-solar complementary solar power generation system with 220v panel for wind turbine household.,"₱309,309.62",N/A,https://www.lazada.com.ph/products/pdp-i4820723718.html
Jialing gasoline generator 220V single-phase small household 3kw5/7/8/10kW three-phase 380V dual electricity,"₱160,841.00",N/A,https://www.lazada.com.ph/products/pdp-i5057975064.html
Mini Wind DC Generator Hand Dynamo Hydraulic Test DC 12V 24V Motor Machine Supply Emergency Generator,₱670.80,N/A,https://www.lazada.com.ph/products/pdp-i15425908930.html
【 JJM MALL】-Mini Wind DC Generator Hand Dynamo Hydraulic Test DC 12V 24V Motor Machine Supply Emergency Generator,₱670.80,N/A,https://www.lazada.com.ph/products/pdp-i4719940149.html
(TNAQ) Mini Wind DC Generator Hand Dynamo Hydraulic Test DC 12V 24V Motor Machine Supply Emergency Generator,₱671.00,N/A,https://www.lazada.com.ph/products/pdp-i4446587655.html
Mini Wind DC Generator Hand Dynamo Hydraulic Test DC 12V 24V Motor Machine Supply Emergency Generator,₱671.00,N/A,https://www.lazada.com.ph/products/pdp-i15455105154.html
500W 48V Three-phase AC Permanent Magnet GeneratorHigh Efficiency 950RPM Low Speed Wind Generator Motor AC Alternator for Wind Generators DIY,"₱7,553.52",N/A,https://www.lazada.com.ph/products/pdp-i15449437430.html
bago para sa Low-Speed Three-Phase Permanent Magnet AC Brushless Wind Generator Ballast 200W Hand Hydraulic Power 12V-300V,"₱5,401.22",N/A,https://www.lazada.com.ph/products/pdp-i4586465878.html
ZONGSHEN Zongshen gasoline generator household small 8 kW 220V generator 380,"₱191,095.82",N/A,https://www.lazada.com.ph/products/pdp-i4986280619.html
Dinggong gasoline generator household small mute digital frequency conversion emergency portable outdoor camping intelligent portable,"₱151,668.10",N/A,https://www.lazada.com.ph/products/pdp-i5151778739.html
Mini Wind DC Generator Hand Dynamo Hydraulic Test DC 12V 24V Motor Machine Supply Emergency Generator,₱671.00,N/A,https://www.lazada.com.ph/products/pdp-i15462476983.html
Jialing 1KW gasoline generator household frequency conversion generator 220V mini portable digital generator,"₱183,221.62",N/A,https://www.lazada.com.ph/products/pdp-i5072401397.html
Fujiwara gasoline generator small household portable room car generator 2kw 1000W digital frequency conversion 220V,"₱221,268.68",N/A,https://www.lazada.com.ph/products/pdp-i4799759988.html
Japan imported Honda silent gasoline generator for household commercial new energy charging emergency outdoor travel camping.,"₱292,035.57",N/A,https://www.lazada.com.ph/products/pdp-i4538209583.html
8 pcs N38 6.22mm x 5.7mm x 1.4mm Neodymium Arc Magnet For Motor Generator Wind Turbine Super Strong Rare Earth NdFeB Permanent Magnet,₱730.00,N/A,https://www.lazada.com.ph/products/pdp-i420862981.html
Oral-B | Creative DIY Mini Wind Turbine Model,₱516.85,N/A,https://www.lazada.com.ph/products/pdp-i15433103620.html
Wind Generator Charge Controller Wind Turbine Controller MPPT Multilateral Bottom Plate for Farm,"₱2,488.00",N/A,https://www.lazada.com.ph/products/pdp-i5048383276.html
BUY1 TAKE1 Smart Weather Net Free 5M rope Japan Black Weather Net Water Proof Net Shade Outdoor BUY 1 TAKE 1 Smart Weather Net Water Proof Sunshade Outdoor Waterproof Multifunction Weather Net Net For Green House Gardening Anti Uv Sunshade Net Outdoor#ZYW,₱105.00,N/A,https://www.lazada.com.ph/products/pdp-i4766773797.html
Zonejoy 1200W Wind Turbine Kit Double Layer 5‑Blades Wind Energy Generator for Charging Blue,"₱13,556.97",N/A,https://www.lazada.com.ph/products/pdp-i15491842987.html
GARRYFIZH NE-100S3 Wind Turbine Generator 100W 3PCS 580mm Nylon Fiber Wind Blades Power Windmill (12V),"₱8,759.99",N/A,https://www.lazada.com.ph/products/pdp-i15487650917.html
Generator Fittings for 2KW 3KW 6.5KW 8KW,₱99.00,N/A,https://www.lazada.com.ph/products/pdp-i15422974984.html
Manganese Steel Double-sided Sharpening Sickle Agricultural Weeding Tool For Garden Banana Orchard Gardening Tools,₱54.00,N/A,https://www.lazada.com.ph/products/pdp-i5249242966.html
【EELHOE】 Compact and Reliable Wind Generator Slip Ring 3 Wire 90 Amp for Wind Turbines [New product release][Large Inventory],"₱1,179.00",N/A,https://www.lazada.com.ph/products/pdp-i15434441140.html
Lepmerk Wind Turbine Generator Controller 500W 12V 24V Good Heat Dissipation Aluminium Alloy Casing Wind Turbine Charge Controller Modular Design for Power,"₱1,489.00",N/A,https://www.lazada.com.ph/products/pdp-i15427718536.html
Hose for Water with Nozzle and Connector for Faucet High Pressure Washer 10/15/20M Garden Heavy Duty,₱217.00,N/A,https://www.lazada.com.ph/products/pdp-i4436098060.html
MUZHAN | Vehicle Specific Permanent Magnet DC Stable Voltage Generator 12V 14V,"₱1,512.09",N/A,https://www.lazada.com.ph/products/pdp-i15416051796.html
21V Portable Mini Intelligent Inverter Power Converter Universal Socket LED Voltage display Supported device up to 120W Power Station Generator,₱369.00,N/A,https://www.lazada.com.ph/products/pdp-i5210606260.html
MUSLADY 400W Three-Phase Alternator Rare Earth NdFeB Permanent Magnet Generator 750rpm 12V High Speed Permanent Magnet Generator 3-Phase Synchronous AC Alternator for Vertical Horizontal Wind Turbine,"₱8,426.00",N/A,https://www.lazada.com.ph/products/pdp-i15492885131.html
NANWEI 22L Automatic Knapsack Sprayer Electric Sprayer Agriculture Rechargeable Sprayer Gardening Great Pressure Power,₱978.38,N/A,https://www.lazada.com.ph/products/pdp-i5266719931.html
200W/400W Solar Panel 18Volt Pv Solar Cell Panel Generator Set For Home With 10A/20A/30A Solar Charge Controller Portable Generator 0 Electricity Bill Waterproof Lightning Solar For All Appliances,₱798.00,N/A,https://www.lazada.com.ph/products/pdp-i4372660253.html
Inflatable Swimming Pool Kids Swimming Pool Baby Swimming Pool Air Pump Family Size Swimming LARGE Inflatable Swimming Pool Thickened Swiming Pool for Family Adult Kids,₱152.00,N/A,https://www.lazada.com.ph/products/pdp-i3585928578.html
Solar Generators With Solar Panel set 3000W Solar Power Inverter DC 12V to AC 220V Solar battery Panel 100A Solar Charge Controller for home all appliances,"₱1,359.00",N/A,https://www.lazada.com.ph/products/pdp-i2905589039.html
Pressure Washer 24V 48V Lithium Battery 30000kpa Cleaning Water Gun Garden Sprayer High Pressure Water Pump Cordless Car Washer Water Handheld Spray Gun,₱191.04,N/A,https://www.lazada.com.ph/products/pdp-i4112834270.html
With 5-10M Hose Portable High Pressure Nozzle Spray Wireless Car Washer Portable 10m garden Hose Cleaning Water Gun 3 levels of adjustment Washer Spray Gun Nozzle Pressure Water Jet For Washing Motorcycle Car Gun Household Watering Nozzle Sprinkler,₱106.70,N/A,https://www.lazada.com.ph/products/pdp-i4342083753.html
High Pressure Car Washer Pressure Water Gun 25M flexible tube Flushing Cleaning Garden Portable Water Gun Floor Wall,₱367.41,N/A,https://www.lazada.com.ph/products/pdp-i4448340080.html
"Magneto Stator, Flywheel 170F / 173F / 178F / 186F / 186FA / 188F / 192F / 195F for Electric Start Single Piston Air-cooled Diesel Engines and Generators",₱980.00,N/A,https://www.lazada.com.ph/products/pdp-i1719374327.html
Senjiu 1KW gasoline generator 220V small household mute frequency conversion outdoor RV camping emergency charger,"₱6,017.55",N/A,https://www.lazada.com.ph/products/pdp-i4927645822.html
MUSLADY 12V Wind Generator with Charger Controller 5 Blades Minitype Lantern Wind Turbine Generator Kit Clear Energy Windmill for Home Highways Boats,"₱16,005.00",N/A,https://www.lazada.com.ph/products/pdp-i15491085972.html
Gasoline Generator 4000W Gasoline Generator Household Portable Generator 220V/60Hz Four-stroke Super Power Silent Generator Full Copper Engine Dual Protection System Ultra-Long Endurance Generator,"₱8,888.08",N/A,https://www.lazada.com.ph/products/pdp-i4406010448.html
BOSTO Winds Generator Regulator PWM 12V 24V Auto Recognition Wind Turbine Low Voltage Controller for Power Generation Equipment,"₱1,412.29",N/A,https://www.lazada.com.ph/products/pdp-i15417352601.html
Wind Generator Kit Magnetic Wind Turbine 3 Blade High Wind Energy Utilization Aluminum Alloy Die Casting for Wind Solar Hybrid Street Light,"₱12,120.01",N/A,https://www.lazada.com.ph/products/pdp-i15496874420.html
Gracekarin Eco Friendly Portable Wind Turbine for Outdoor Use and Device Charging Free shipping,₱589.00,N/A,https://www.lazada.com.ph/products/pdp-i15488109446.html
Solidworks 3D geometric model of wind turbine generator fan blade propeller stair tower,₱582.53,N/A,https://www.lazada.com.ph/products/pdp-i4863775925.html
Maglev Wind Turbine Generator Dual Bearing High Power Generation Vertical Wind Turbine Curved Blade 500W with MPPT Controller for Machine Room,"₱14,035.01",N/A,https://www.lazada.com.ph/products/pdp-i15496925699.html
Oral-B | Wind Turbine Model Science Toy,₱469.83,N/A,https://www.lazada.com.ph/products/pdp-i15449833505.html
Wind Generator Charge Controller Wind Turbine Charge Controller Aluminium Alloy Fast Heat Dissipation Multilateral Base Plate for Off Grid,"₱2,121.00",N/A,https://www.lazada.com.ph/products/pdp-i5046581110.html
KELAJI | Aeolus Screw Wind Turbine Three-phase Permanent Magnet Brushless DC Output 50W,"₱6,918.74",N/A,https://www.lazada.com.ph/products/pdp-i15419639329.html
KKmoon NE-100S3 Wind Turbine Generator 100W 3PCS 580mm Nylon Fiber Wind Blades Power Windmill (12V),"₱13,363.00",N/A,https://www.lazada.com.ph/products/pdp-i15490358930.html
1 pcs Free Shipping RS555 DC Hobby Motor Turbine Generator 1,"₱2,243.74",N/A,https://www.lazada.com.ph/products/pdp-i5018731890.html
Aoresac 300W Three-Phase Alternator Permanent Magnet Generator 750rpm 12V High Speed Rare Earth NdFeB Permanent Magnet Generator AC Alternator with Controller for Vertical Horizontal Wind Turbine,"₱6,865.00",N/A,https://www.lazada.com.ph/products/pdp-i15494317643.html
Wind Turbine Kit Power Equipment Hoop Mounting Generator with 5 X Blades for Wind Turbine Kit,"₱18,560.00",N/A,https://www.lazada.com.ph/products/pdp-i5066703924.html
1 Piece Micro-Hydro Generator DC Water Flow Generator Turbine Generator Hydropower 80V 10W Tap Water Flow Hydraulic DIY,₱342.60,N/A,https://www.lazada.com.ph/products/pdp-i5227988666.html
Zonejoy Wind Turbines Kit Generator 5 Blades Small Power Supply for Mobile Room Boats Cabin 200W,"₱9,202.01",N/A,https://www.lazada.com.ph/products/pdp-i15490701601.html
The external 3D drawing model of solidworks2016 of wind turbine generator set can be edited with parameters [554],₱709.56,N/A,https://www.lazada.com.ph/products/pdp-i5115307125.html
600W 12V/24V/48V Horizontal Axis Wind Turbine With Permanent Magnet High-Efficiency Household/Farm/Off Grid System Including Controller,"₱18,150.00",N/A,https://www.lazada.com.ph/products/pdp-i15484743391.html
Zonejoy Wind Turbine Stable Movement Curved Blade 500W Maglev Wind Turbine Generator with MPPT Controller for Industries,"₱14,035.01",N/A,https://www.lazada.com.ph/products/pdp-i15487627753.html
【FUXING】 STEM Wind Turbine Kit ABS+PP+Metal Construction 120mm Blade 24mm Motor [buy now],₱476.00,N/A,https://www.lazada.com.ph/products/pdp-i15424841229.html
Wind-solar complementary monitoring power generation system for wind turbines 6/10/12m outdoor LED solar street lamp poles are super bright.,"₱3,546.22",N/A,https://www.lazada.com.ph/products/pdp-i4905585292.html
12 pcs N42 16mm x 6mm x 4mm Neodymium Arc Magnet For Motor Generator Wind Turbine Super Strong Rare Earth NdFeB Permanent Magnet,"₱2,340.00",N/A,https://www.lazada.com.ph/products/pdp-i417462256.html
Lepmerk Wind Turbines Kit Generator 5 Blades Small Power Supply for Mobile Room Boats Cabin 200W,"₱14,163.00",N/A,https://www.lazada.com.ph/products/pdp-i15490385681.html
KKmoon S3-300W Wind Turbine Generator 300W 3PCS 630mm Wind Blades Power Windmill (12V),"₱13,396.00",N/A,https://www.lazada.com.ph/products/pdp-i15490357294.html
Meterk DC18V 2A 36W Small Hydroelectric Generator Water Turbine Generator Brushless DC AC Hydraulic Pump Generator High Power Generator Can Used with Solar Controller E25830,"₱3,979.28",N/A,https://www.lazada.com.ph/products/pdp-i15493731986.html
ANENG NE-100S3 Wind Turbine Generator 100W 3PCS 580mm Nylon Fiber Wind Blades Power Windmill (12V),"₱13,363.00",N/A,https://www.lazada.com.ph/products/pdp-i15490552885.html
（Free rope）BUY 1 TAKE 1 Cologer Smart Weather Net Japan Black Weather Net Water Proof Net Shade Outdoor Multifunction Weather Net Net For Green House Gardening Anti Uv Sunshade Net Outdoor#ZYW,₱103.00,N/A,https://www.lazada.com.ph/products/pdp-i4773067520.html
Power Station 300W 220V Generator Multi-Function Portable Big Capacity Power Station AC/DC/USB Output Generator Emergency Power supply for CPAP Outdoor Adventure Laptop Powerbank 220V Portable Generator Auto Travel Home Emergency Power Supply,"₱3,679.20",N/A,https://www.lazada.com.ph/products/pdp-i15498665318.html
BOSTO MPPT Wind Turbine Charge Controller High Efficiency 100W‑600W Universal MPPT Wind Generator Controller Fast Heat Dissipation with LED Indicator for Lighting,"₱1,277.57",N/A,https://www.lazada.com.ph/products/pdp-i15410438093.html
Solar Panel 200/400W 18Volt Pv Solar Module Cell Panel Generator Set For Home With 30A Solar Controller Monocrystalline Silicon Power Generation Panel,"₱2,399.00",N/A,https://www.lazada.com.ph/products/pdp-i4416557367.html
78800mAh Outdoor 220V Portable Solar Generator Fast Charge Large Capacity Power Station with Solar Charging Board Power Station Heavy Duty Outdoor Power Bank Travel Camping Home Emergency Power DC/AC External Battery Support USB Port Charging AC Output,"₱2,898.00",N/A,https://www.lazada.com.ph/products/pdp-i3529148772.html
300 watts Solar Panel original 18Volt Pv Solar Cell Panel generator set for home 220v complete set battery,₱959.00,N/A,https://www.lazada.com.ph/products/pdp-i4302212327.html
REAIM Gasoline Generator - 950W-4000W 4-Stroke Portable Silent Power Generator for Home & Outdoor (220V/60Hz),"₱3,999.00",N/A,https://www.lazada.com.ph/products/pdp-i5384095478.html
400W Solar Panel 18 Volt Pv Solar Module Solar Cell Panel Multifuncitional and Portable generator with inverter,₱129.00,N/A,https://www.lazada.com.ph/products/pdp-i5242347146.html
4000W/2200W/950W Gasoline Generator 4-Stroke Portable Power Generator 220V/60HZ High-Power Home Gasoline Generator Outdoor Small All-Copper Generator Multiple Protection Systems High Performance OHV Air Cooled Generators (Manual/Electric Start),"₱7,826.00",N/A,https://www.lazada.com.ph/products/pdp-i15447904374.html
⭐️6.6 Mega Sales⭐️ B0SCH Multi-Function Power Station 100W-300W | High-Capacity Portable Generator | Emergency Backup Power | 5-Year Warranty,"₱4,137.21",N/A,https://www.lazada.com.ph/products/pdp-i4776293381.html
Black/Brown Sunshade net shade sunshade outdoor waterproof sun shade net garden net 98% Sunblock Shade Cloth Net#ZYW#ZYW02,₱69.00,N/A,https://www.lazada.com.ph/products/pdp-i4901428921.html
Wind Chimes Outdoor Garden Yard Bells Hanging Charm Decor Windchime Ornament Tube number,₱79.00,N/A,https://www.lazada.com.ph/products/pdp-i467626354.html
Hand saw Wooden saw Fruit tree pruning saw portable shell carpentry saw Waist saw Household sk5 Hand Saw Wooden/Tree Pruning Saw Lagaring Kahoy Garden Trimming Saw Shell Carpentry Saw Waistsaw,₱109.00,N/A,https://www.lazada.com.ph/products/pdp-i5175760994.html
Gasoline Generator 4000W Gasoline Generator Household Portable Generator 220V/60Hz Four-stroke Super Power Silent Generator Full Copper Engine Dual Protection System Ultra-Long Endurance Generator,"₱3,988.08",N/A,https://www.lazada.com.ph/products/pdp-i4343386790.html
"REAIM 4 Stroke Generators Gasoline Generator Household Outdoor Small Generator For Outing, Brownout, Agriculture, Vacation, Portable Household Generator Manual Electric Start Single-Phase Generator","₱4,599.00",N/A,https://www.lazada.com.ph/products/pdp-i5148140010.html
Wind Generator Controller Waterproof Battery Charging Regulator for Home Use,"₱1,106.00",N/A,https://www.lazada.com.ph/products/pdp-i5068403901.html
Gasoline generator 220V household small single-phase 3kW/5/6/8kW three-phase 380V silent high power.,"₱128,373.34",N/A,https://www.lazada.com.ph/products/pdp-i5052356956.html
Japan imported Honda generator gasoline mute portable 220v home new energy vehicle charging outdoor camping.,"₱273,122.37",N/A,https://www.lazada.com.ph/products/pdp-i4090606567.html
Portable 5W USB Wind Turbine for Bike Mount EV Use and Off Grid Charging,₱738.00,N/A,https://www.lazada.com.ph/products/pdp-i15462899585.html
BOSTO Wind Turbine 500W Curved Blade High Efficiency Dual Bearing Stable Movement Magnetic Levitation Wind Generator for LED Street Lights,"₱16,939.49",N/A,https://www.lazada.com.ph/products/pdp-i15492384457.html
BOSTO Vertical Wind Turbine Kit Electromagnetic Braking Vertical Wind Turbine 12V 300W Permanent Magnet Generator for Large Equipment Factory,"₱13,228.49",N/A,https://www.lazada.com.ph/products/pdp-i15493648480.html
ANENG S3-300W Wind Turbine Generator 300W 3PCS 630mm Wind Blades Power Windmill (12V),"₱13,396.00",N/A,https://www.lazada.com.ph/products/pdp-i15490495585.html
【XIXINBO】 For Mini Portable Wind Generator for Outdoor Activities USB Charging Device [not miss it][New product release],₱684.00,N/A,https://www.lazada.com.ph/products/pdp-i15490658757.html
【Weliba】 Educational Wind Generator - LED Illumination Demonstrates Energy Conversion [New Products Hot Sale],₱380.00,N/A,https://www.lazada.com.ph/products/pdp-i15488252277.html
【WELIBA】 For DIY Wind Energy Generator Accessories for Creative Science Projects,₱479.00,N/A,https://www.lazada.com.ph/products/pdp-i15427102593.html
BOSTO Wind Power Generator Power Equipment Gourd Wind Turbine Hoop Mounting Generator for Wind Kit,"₱16,376.49",N/A,https://www.lazada.com.ph/products/pdp-i15419133325.html
Vertical axis of 36W DC miniature 12V-24V permanent magnet DC motor model of wind turbine,₱620.98,N/A,https://www.lazada.com.ph/products/pdp-i5097745218.html
Vertical axis of 36W DC miniature 12V-24V permanent magnet DC motor model of wind turbine,₱740.77,N/A,https://www.lazada.com.ph/products/pdp-i5057922355.html
Meterk Wind Generator Kit 12m/s Rated Wind Speed 1200W Wind Turbine Kit for Charging Boats Terraces Cabins for Solar and Wind Hybrid System,"₱13,899.75",N/A,https://www.lazada.com.ph/products/pdp-i15485968515.html
Vertical axis of 36w straight 5-flow miniature 12v24v permanent magnet DC motor model of wind turbine,₱780.80,N/A,https://www.lazada.com.ph/products/pdp-i5033722975.html
"150W Power Station with FREE Solar charger, portable home generator multi-function power station","₱5,499.00",N/A,https://www.lazada.com.ph/products/pdp-i15466182377.html
"100% Legit High Yield Red Papaya Seeds Red Lady Dwarf Papaya Seeds for Planting Fruits (High Germination, 10pcs) Fresh Bonsai Papaya Plant Seeds for Garden Sweet Papaya Potted Fruit Seeds Real Plants Red Lady F1 Papaya Seeds Fruit Bearing Tree Seedlings",₱82.00,N/A,https://www.lazada.com.ph/products/pdp-i5270504021.html
【XIXINBO】 Rotatable Wind Generator Model Kit for Learning About Sustainable Energy [not miss it][New product release],₱477.00,N/A,https://www.lazada.com.ph/products/pdp-i15470192478.html
Permanent Magnet Synchronous Motor 12V 3 Phase Generator Easy Installation for Vertical or Horizontal Wind Turbines,"₱10,618.00",N/A,https://www.lazada.com.ph/products/pdp-i5015679282.html
Vertical axis of 36W DC miniature 12V-24V permanent magnet DC motor model of wind turbine,"₱1,086.56",N/A,https://www.lazada.com.ph/products/pdp-i5154285520.html
High-torque and high-power DC motor DIY motor generator wind generator,"₱1,032.03",N/A,https://www.lazada.com.ph/products/pdp-i4887566139.html
DC18V 2A 36W Small Hydroelectric Generator Water Turbine Generator Brushless DC AC Hydraulic Pump Generator High Power Generator Can Used with Solar Controller E25830,"₱3,487.80",N/A,https://www.lazada.com.ph/products/pdp-i4280770531.html
【VONSHEF】3-month extended warranty 3-month virtual extended warranty 3-month virtual extended warranty 3-month extended warranty 3-month virtual warranty 3-month warranty 1000W Power Station With 150W Solar Charging Board Heavy Duty Outdoor Generator,"₱5,088.00",N/A,https://www.lazada.com.ph/products/pdp-i15488775999.html
"Water Hose, PVC Pressure washer, Garden Hose set, Heavy duty 5,10,15,20,30,40,50 Meter#RSG",₱199.00,N/A,https://www.lazada.com.ph/products/pdp-i5222001506.html
【XIXINBO】 For DIY Wind Power Generator Set with Motor Blades for Educational Projects [not miss it][New product release],₱495.00,N/A,https://www.lazada.com.ph/products/pdp-i15424663974.html
Asolar Solar panel 150W 300W solar panel board monocrystalline silicon power generation panel 18V With controller high conversion rate 0 electricity bill waterproof lightning solar charging panel 10 year Warranty Outdoor home generator Waterproof,₱780.00,N/A,https://www.lazada.com.ph/products/pdp-i4129746509.html
【FURONGHUA】 DC 5.5V Free Energy Mini Small Windmill Vertical Wind Generator High Quality New 【New product】,₱345.00,N/A,https://www.lazada.com.ph/products/pdp-i15470023031.html
Water Plant Pot Plastic Transparent Hydroponic Small Pots for Indoor Water Garden or Plants Lazy Flower Pot Automatic Water Absorbing Self-Watering Flowerpot Soilless Planting Gardening Planter Home Decor,₱59.00,N/A,https://www.lazada.com.ph/products/pdp-i2799739287.html
78800mAh Outdoor 220V Portable Solar Generator Fast Charge Large Capacity Power Station with Solar Charging Board Power Station Heavy Duty Outdoor Power Bank Travel Camping Home Emergency Power DC/AC External Battery Support USB Port Charging AC Output,"₱3,899.00",N/A,https://www.lazada.com.ph/products/pdp-i4021889572.html
Power Station 500W/220V Portable 288000mAh Quick Charge High Capacity Power Station Multifunctional Solar Generator Fast Charge Home Emergency Generator Powerbank Power Supply for Outdoor Camping With LED Light + 45W Solar Panel,"₱3,399.00",N/A,https://www.lazada.com.ph/products/pdp-i5120448533.html
1000W/998000mAh Outdoor 220V Portable Solar Generator Fast Charge Large Capacity Power Station with 150W Solar Board Power Station Heavy Duty Outdoor Power Bank Travel Camping Home Emergency Power DC/AC External Battery Support USB Port Charging AC Output,"₱6,698.00",N/A,https://www.lazada.com.ph/products/pdp-i5270139694.html
300W 96000mAh Portable Outdoor Solar Generator Fast Charge Large Capacity Power Station With 30W Solar Charging Board support AC/DC/USB Output Multifunction Generator Portable Power Station 220V Outdoor Car Travel Camping Home Emergency Power Supply,"₱2,898.00",N/A,https://www.lazada.com.ph/products/pdp-i3666870917.html
MOKETA Portable Solar Power Generation Power Station Multifunctional Emergency Equipment Large Capacity,"₱1,549.00",N/A,https://www.lazada.com.ph/products/pdp-i5373824130.html
300WH 200W 220V Generator Multi-Function Portable Big Capacity Power Station AC/DC/USB Output Generator Emergency Power supply for CPAP Outdoor Adventure Laptop Powerbank 220V Portable Generator Auto Travel Home Emergency Power Supply,"₱4,599.00",N/A,https://www.lazada.com.ph/products/pdp-i4781101929.html
Hantech {IN Manila} Solar panel 100W/160W/210W 300W monocrystalline silicon power generation panel 12V household high conversion rate 0 electricity bill waterproof lightning solar charging panel,"₱1,106.00",N/A,https://www.lazada.com.ph/products/pdp-i3746473541.html
Power Inverter DC 12V To AC 220V Fully Automatic Solar Current Conversion Modified Sine Wave Inverter High Frequency 220W with 2.4A Dual USB Port As A Emergency Equipment for Car Travel Fishing Outdoor,₱292.00,N/A,https://www.lazada.com.ph/products/pdp-i4550725649.html
Mishilei Sunshade Net Shade Sunshade Outdoor Waterproof Sun Shade Net Garden Net 90% Sunblock Shade Cloth Net,₱202.00,N/A,https://www.lazada.com.ph/products/pdp-i5268244613.html
Hose for Water with Nozzle and Connector for Faucet High Pressure Washer 10/15/20M Garden Heavy Duty,₱195.00,N/A,https://www.lazada.com.ph/products/pdp-i4459616689.html
Miniature Turbine Blade 12cm Diameter Wind Generator Model Aeronautical Simulation Micro Mini Wind Power Plant Blade,₱132.00,N/A,https://www.lazada.com.ph/products/pdp-i4846598504.html
REAIM Gasoline Generator Portable Gasoline Generator Set Manual Start Generator All-copper Generator Set High Quality Powerful Generator Efficient Strong Endurance Generator,"₱4,599.00",N/A,https://www.lazada.com.ph/products/pdp-i5078076229.html
Gasoline generator 220V household small single three-phase 380v dual voltage 5kw6/8/10kW frequency conversion outdoor.,"₱128,398.56",N/A,https://www.lazada.com.ph/products/pdp-i5053283756.html
Gasoline generator 220V household small single three-phase 380v dual voltage 5kw6/8/10kW frequency conversion outdoor.,"₱160,399.70",N/A,https://www.lazada.com.ph/products/pdp-i5042723393.html
Senjiu gasoline generator 220v household small 2KW/ kW silent inverter RV outdoor camping portable,"₱229,243.74",N/A,https://www.lazada.com.ph/products/pdp-i4985936602.html
GARRYFIZH Wind Turbine Inverters EU Plug 220V Small Size Micro Inverter for Home Use,"₱32,295.97",N/A,https://www.lazada.com.ph/products/pdp-i15482281767.html
Vertical axis of 36w straight 5-flow miniature 12v24v permanent magnet DC motor model of wind turbine,₱647.46,N/A,https://www.lazada.com.ph/products/pdp-i4664040646.html
220V High-Power Small Generator Home Lighting Permanent Magnet Brushless with Pressurizer Fine Copper Wire Core,"₱12,207.71",N/A,https://www.lazada.com.ph/products/pdp-i15493896298.html
Semi-spherical vertical axis micro wind turbine DC mini DIY technology making maker steam material,₱961.42,N/A,https://www.lazada.com.ph/products/pdp-i4930140905.html
3 Phase Generator Permanent Magnet Synchronous Motor 12V Easy Installation with Base for Vertical or Horizontal Wind Turbines,"₱10,618.00",N/A,https://www.lazada.com.ph/products/pdp-i5015610720.html
AVR for Gasoline Generator 8KW 470uf 450v,₱840.00,N/A,https://www.lazada.com.ph/products/pdp-i5005087446.html
Brushless DC Motor with Driver Board DIY Wind Generator,"₱1,498.91",N/A,https://www.lazada.com.ph/products/pdp-i15434670250.html
Lepmerk DC18V 2A 36W Small Hydroelectric Generator Water Turbine Generator Brushless DC AC Hydraulic Pump Generator High Power Generator Can Used with Solar Controller E25830,"₱5,127.00",N/A,https://www.lazada.com.ph/products/pdp-i15445550384.html
Meterk Magnetic Wind Turbine High Power Tracking Intelligent Microprocessor Wind Generator Kit Aluminum Alloy Die Casting for Wind Solar Hybrid Street Light,"₱18,974.00",N/A,https://www.lazada.com.ph/products/pdp-i15476703422.html
100W-1000W waterproof wind turbine charging controller with battery protection function.,"₱6,067.98",N/A,https://www.lazada.com.ph/products/pdp-i5292249510.html
High Quality Portable Gasoline Generator 2 Stroke 220v Household Home Outdoor Small Generator 950W 60HZ Ultra Quiet Max Power Output,"₱1,290.00",N/A,https://www.lazada.com.ph/products/pdp-i15434853568.html
1M long grooved metal DIN fixed rail general circuit breaker rail relay rail DIN mounting rail,₱100.00,N/A,https://www.lazada.com.ph/products/pdp-i2401325714.html
950W 2 Stroke Single-Phase Gasoline Generator 220V 60Hz OHV Air Cooled Portable Generator Manual & Electric Start Dual Protection System for Home Outdoor Agriculture Emergency Power Supply,"₱4,398.00",N/A,https://www.lazada.com.ph/products/pdp-i15494569854.html
Vertical axis of 36W DC miniature 12V-24V permanent magnet DC motor model of wind turbine,"₱1,205.09",N/A,https://www.lazada.com.ph/products/pdp-i4878682856.html
REAIM Power Station with Solar Panel Portable Generator 512W Fast Charge Portable Big Capacity,"₱5,029.00",N/A,https://www.lazada.com.ph/products/pdp-i15498386656.html
Portable 200000MAH Power Station Multi-functional 300W/220V Large Capacity Solar Generator Powerbank,"₱2,957.53",N/A,https://www.lazada.com.ph/products/pdp-i15453543463.html
Portable Power Inverter 150W DC 18V to 220V Lithium Battery Inverter for Makita Mini Intelligent Inverter Power Converter Power Generator,₱549.00,N/A,https://www.lazada.com.ph/products/pdp-i5360137160.html
Jade Plant Money maker with FREE plastic pot and garden soil (plant for indoor and limited stock only) P-L-A-N-T-S for S-A-L-E,₱29.00,N/A,https://www.lazada.com.ph/products/pdp-i2433803235.html
Portable Power Station Solar Generator Backup Battery 220v Large Capacity Outdoor Camping Emergency Home Use,"₱2,499.00",N/A,https://www.lazada.com.ph/products/pdp-i15495281003.html
LEDUO | Water Flow Generator Mini Hydroelectric Power High Efficiency,₱542.00,N/A,https://www.lazada.com.ph/products/pdp-i15418296431.html
【ZenCrate】 High-Power Hand-Cranked Generator 220V 500W DC12V Outdoor Charging Device,"₱4,833.30",N/A,https://www.lazada.com.ph/products/pdp-i15406262189.html
DC 3V-6V bis 400kV 400000V 1000KV Boost Step up Power Module High Voltage Generator Generator 1000kV Boost Step up Power,₱120.43,N/A,https://www.lazada.com.ph/products/pdp-i4409363582.html
Meterk Maglev Wind Turbine Generator 500W Dual Bearing Vertical Wind Turbine Stable Movement Low Vibration High Efficiency for Household,"₱20,567.00",N/A,https://www.lazada.com.ph/products/pdp-i15476464862.html
GROUNDING BUSBAR W/ NEUTRAL 12 WAYS,₱170.00,N/A,https://www.lazada.com.ph/products/pdp-i2198088926.html
Power Station 1000W 220V Portable Solar Power Generator 988000mAh Fast Charge Super Big Capacity Power Station With 150W Solar Board Power Heavy Duty Outdoor Power Bank Travel Camping Home Emergency Power With LED Light,"₱2,498.00",N/A,https://www.lazada.com.ph/products/pdp-i15481180015.html
