name,price,ratings,url
PowMr 6W/20W/40W/60W/80W/100W/150W/200W Flexible Solar Panel Flexible Monocrystalline Solar Cell DIY Cable Outdoor Car RV Waterproof Rechargeable Power System,"₱4,658.00",N/A,https://www.lazada.com.ph/products/pdp-i4283347246.html
PowMr 200W Flexible Solar Panel Monocrystalline Solar Cell DIY Cable Outdoor Car RV Waterproof Rechargeable Power System,"₱4,658.00",N/A,https://www.lazada.com.ph/products/pdp-i4358927284.html
Spark brand-new high-power 540W single crystal solar panel photovoltaic panel household grid-connected panel assembly,"₱5,090.80",N/A,https://www.lazada.com.ph/products/pdp-i4789153999.html
Factory direct solar panels 100W polycrystalline monocrystalline silicon solar panels 200w battery.,₱835.33,N/A,https://www.lazada.com.ph/products/pdp-i5151528361.html
【In stock】Double Glass 600/620Watts Solar Panel Monocrystalline Solar Panels A+ Glass Heavy Duty Generate 3.8kwh Per Day,"₱3,799.00",N/A,https://www.lazada.com.ph/products/pdp-i5130483707.html
[15-year warranty] Solar panel 150/300/500w original 0 electricity bill High efficiency Suitable for all electrical appliances Household solar panels High conversion rate monocrystalline solar panel Waterproof solar panels Solar panel Complete set,₱739.00,N/A,https://www.lazada.com.ph/products/pdp-i15409500495.html
【Can be used for 50 years】Solar Panel 150W/350W/500W Charging Panel Monocrystalline Silicon Band 30 A Controller Household Charging Panel Multifuncitional and Portable generator 0 electricity bill waterproof,₱479.00,N/A,https://www.lazada.com.ph/products/pdp-i5233334620.html
"Second-hand 300-watt single-crystal photovoltaic solar panels, 1650*992 this photovoltaic panel worker.","₱3,231.00",N/A,https://www.lazada.com.ph/products/pdp-i5053270557.html
henry 88 Multifunctional Portable Solar Panel 5V USB Output for Mobile Phone Charging,₱75.00,N/A,https://www.lazada.com.ph/products/pdp-i4539035335.html
Solar Panel 【Dual Glass 620 Watts】New Monocrystalline Silicon 620W Solar Panel Full Power Promise Produce 3.7KWh Every Day,"₱8,199.00",N/A,https://www.lazada.com.ph/products/pdp-i4086773131.html
Solar Panel 500W High-Efficiency Monocrystalline Silicon Photovoltaic Solar Module Solar Cell Panel For Home Garden Rv,₱509.00,N/A,https://www.lazada.com.ph/products/pdp-i4404090507.html
Spark 550W Single Crystal Solar Panel Half-Chip Technology Outdoor Module for Photovoltaic Power Generation Household Grid Connection,"₱6,635.38",N/A,https://www.lazada.com.ph/products/pdp-i5033907512.html
JDSTAR CL-638WP 6V3.8W Solar Panels,₱169.00,N/A,https://www.lazada.com.ph/products/pdp-i2212098447.html
[5 Year warranty]500watts solar panel heavy duty Monocrystalline Silicon Power Generation Panel waterproof lightning high conversion rate 0 electricity bill solar charging panel,₱748.00,N/A,https://www.lazada.com.ph/products/pdp-i4523044470.html
Single crystal 300W solar panel solar panel photovoltaic power generation system 12V24V household,₱803.81,N/A,https://www.lazada.com.ph/products/pdp-i5294505021.html
Solar Panel 500W 300W Household Charging Panel 30A Controller Portable Solar Generator Solar Power Station for Home,₱479.00,N/A,https://www.lazada.com.ph/products/pdp-i4340461816.html
Jingke Solar Panel Class B Solar Panel 400W Single-sided Power Generation Panel Single Crystal 410W Photovoltaic Module,₱425.55,N/A,https://www.lazada.com.ph/products/pdp-i4517259434.html
540W solar panels photovoltaic charging panels outdoor fishing boats RV household 24V power station 12V Longji Trina.,₱706.09,N/A,https://www.lazada.com.ph/products/pdp-i4948513725.html
DAFA 5V 2W USB Output Portable Solar Power PanelSolar Panel,₱78.00,N/A,https://www.lazada.com.ph/products/pdp-i4642929600.html
【10 Year warranty】Solar Panel 150W/350W/500W Charging Panel Monocrystalline Silicon Band 30 A Controller Household Charging Panel,₱749.00,N/A,https://www.lazada.com.ph/products/pdp-i5147750915.html
Solar Panel Mini Solar Panel Portable Solar Charger Charger 3W 5V USB Portable Waterproof for Phone Power Bank Outdoor,₱529.00,N/A,https://www.lazada.com.ph/products/pdp-i5399327264.html
【12H delivery】Solar Panel Charging Panel 150W/350W/500W Monocrystalline Silicon Band 30 A Controller,₱469.00,N/A,https://www.lazada.com.ph/products/pdp-i15409604105.html
【10 Year warranty】150W/350W/500W Solar Panel Charging Panel heavy duty Monocrystalline Silicon Power Generation Panel waterproof lightning high conversion rate 0 electricity bill solar,₱479.00,N/A,https://www.lazada.com.ph/products/pdp-i15446147157.html
[Real Watt] BIG SOLAR PANEL Monocrystalline Solar Panel IP67 Waterproof Strong Sun Power Monocrystalline,"₱3,999.00",N/A,https://www.lazada.com.ph/products/pdp-i4645176219.html
5W Solar Panel Single Polycrystalline Silicon 6V Photovoltaic Solar Panel Charging Lamp Kedia,₱67.62,N/A,https://www.lazada.com.ph/products/pdp-i4328088576.html
👉Hot Sale NcVHrt 1Pc Solar Panel 5V 60MA For Mini Solar Panel Charging And Generating Electricity,₱49.83,N/A,https://www.lazada.com.ph/products/pdp-i5275480487.html
【Aluminum 】 Solar Panel solar energy lamp panels 25W 20W 18W 15W 12W 8W 6W / 6V Outdoor Waterproof IP67 Dustproof solar street light panel solar flood light panel With 4.5m wires 2-pin male head 10 year warranty COD,₱149.00,N/A,https://www.lazada.com.ph/products/pdp-i4302395888.html
Solar Panel 200/400W 18Volt Pv Solar Module Cell Panel Generator Set For Home With 30A Solar Controller Monocrystalline Silicon Power Generation Panel,₱699.00,N/A,https://www.lazada.com.ph/products/pdp-i4416557367.html
[Low Price] 12V Portable Solar Panel USB Input Outdoor Solar Lighting System Rain Proof And Waterproof For Camping Emergency Outdoor LED Night Light Power Supply In Ubester,₱78.00,N/A,https://www.lazada.com.ph/products/pdp-i4332446407.html
Hantech SOLAR PANEL 100WATTS 160WATTS 200WATTS 300WATTS OUTDOOR WATERPROOF SUN POWER MONOCRYSTALLINE,"₱2,769.00",N/A,https://www.lazada.com.ph/products/pdp-i3375400846.html
Multifunctional Portable Solar Panel 5V 2W USB Output for Mobile Phone Charging,₱99.00,N/A,https://www.lazada.com.ph/products/pdp-i4005142954.html
Solar Panel 18V/60W Photovoltaic Panel Folding Board Outdoor Travel Portable Power 20% Power High Generation Rate Double USB Interface Household Charging Board,₱799.00,N/A,https://www.lazada.com.ph/products/pdp-i2620925439.html
(5 year warranty)500watts solar panel 500w original set home full monocrystalline solar panel with panels complete set panel board solar panels for appliances,₱748.00,N/A,https://www.lazada.com.ph/products/pdp-i4523070596.html
JDSTAR CL-630 3W Solar Panels,₱139.00,N/A,https://www.lazada.com.ph/products/pdp-i2212104739.html
18BB Solar Panel 【100/200 Watts】Monocrystalline 200W Solar Panels IP67 Waterproof Sun Power Panel With MC4 Connector,"₱4,599.00",N/A,https://www.lazada.com.ph/products/pdp-i3928930563.html
Dual Glass 200 Watts 18BB Solar Panel 12V/18V New Monocrystalline Silicon 200W Solar Panel Full Power,₱599.00,N/A,https://www.lazada.com.ph/products/pdp-i5250933152.html
Hantech Solar Panel 100Watts 160 Watts 210 Watts 300 WattsOutdoor Waterproof Sun Power Mono Poly,"₱1,106.00",N/A,https://www.lazada.com.ph/products/pdp-i3376055665.html
400W Solar Panel 18 Volt Pv Solar Module Solar Cell Panel Multifuncitional and Portable generator with inverter,₱899.00,N/A,https://www.lazada.com.ph/products/pdp-i5242347146.html
ASOLAR Solar Panel 200Watts MONOCRYSTALLINE 12BB Solar Panel 200W,"₱2,299.00",N/A,https://www.lazada.com.ph/products/pdp-i4504885921.html
MceHKF 1Pc Solar Panel 5V 60MA For Mini Solar Panel Charging And Generating Electricity,₱56.70,N/A,https://www.lazada.com.ph/products/pdp-i15446116306.html
Solar Panel （Dual Glass 700 Watts） New Monocrystalline Silicon 700W Solar Panel Full Power Promise Produce 4.2KWh Every Day,"₱7,000.00",N/A,https://www.lazada.com.ph/products/pdp-i5240006064.html
Solar Charging Panel 6V 6W Solar Energy Panel Fast Charging With 4 USB Ports For Camping Cellphone,₱315.00,N/A,https://www.lazada.com.ph/products/pdp-i4459729690.html
【QualFull 18BB Solar panel】620Watts Monocrystalline Solar Panel Dual Glass Produce 3.7KWh Every Day,"₱8,199.00",N/A,https://www.lazada.com.ph/products/pdp-i5221896345.html
【A+ Glass】Dual-Glass 620Watts Solar Panel Monocrystalline Solar Panels Heavy Duty Generate 3.7kwh Per Day,"₱8,199.00",N/A,https://www.lazada.com.ph/products/pdp-i4059694008.html
alaiya 5V 2W USB Output Portable Solar Power PanelSolar Panel,₱79.00,N/A,https://www.lazada.com.ph/products/pdp-i4560307344.html
PowMr 6W/20W/40W/60W/80W/100W/150W/200W Flexible Solar Panel Flexible Monocrystalline Solar Cell DIY Cable Outdoor Car RV Waterproof Rechargeable System,"₱2,032.00",N/A,https://www.lazada.com.ph/products/pdp-i15447789552.html
【SUNTREE ELECTRIC】 Monocrystalline Solar Panel 50/100/200Watt Waterproof and High Efficiency Suitable for All Home Appliances Monocrystalline Silicon Waterproof,"₱4,099.00",N/A,https://www.lazada.com.ph/products/pdp-i4424157926.html
Solar Charging Panel 10W 6W 6V Fast Charging Solar Energy Panel with 4 USB Ports for Camping for Cellphone Charger Portable,₱320.00,N/A,https://www.lazada.com.ph/products/pdp-i4461771075.html
[only panel] Large size 2PIN male pulg 6V Solar panel aluminum frame outdoor waterproof IP67 monocrystalline silicon solar panel christmas lights solar power outdoor lighting led lights for room at night,₱185.00,N/A,https://www.lazada.com.ph/products/pdp-i4786740543.html
[Real Watt] BIG BRAND SOLAR PANEL Monocrystalline Solar Panel IP67 Waterproof Strong Sun Power Monocrystalline,"₱3,999.00",N/A,https://www.lazada.com.ph/products/pdp-i4732474568.html
300W Solar Panel 18 Volt Pv Solar Module solar panel 10000watts board Solar Cell Panel Multifuncitional and Portable generator 0 electricity bill waterproof lightning solar for all appliances,₱399.00,N/A,https://www.lazada.com.ph/products/pdp-i3369814994.html
HanTech 60/100/160/210/300 Watts Original Solar Panel IP66 12V 18V Mono Waterproof Full Power Generation Sun Daily,"₱1,109.00",N/A,https://www.lazada.com.ph/products/pdp-i3777509646.html
Hantech {IN Manila} Solar panel 100W/160W/210W 300W monocrystalline silicon power generation panel 12V household high conversion rate 0 electricity bill waterproof lightning solar charging panel,"₱1,106.00",N/A,https://www.lazada.com.ph/products/pdp-i3746473541.html
【18BB】100/200 Watts Solar Panel Dual Glass Full Power Monocrystalline Silicon Solar Panel 18V 24V Solar Panel,"₱4,599.00",N/A,https://www.lazada.com.ph/products/pdp-i3252908004.html
PIYU Solar Panel 500W High-Efficiency Monocrystalline Silicon Photovoltaic Solar Module Solar Cell Panel For Home Garden Rv,₱479.00,N/A,https://www.lazada.com.ph/products/pdp-i15448463483.html
Flowatt 200W Flexible Solar Panel New Monocrystalline Silicon Solar Panels Mono 200Watt 18Volt PV Solar Module Solar Cell Panel,"₱4,999.00",N/A,https://www.lazada.com.ph/products/pdp-i4515636261.html
Gentai Power 200/400 Watt Solar Panel 12 Volt Monocrystalline Solar Panel High Efficiency Module RV Marine Boat Caravan Off Grid,"₱4,399.00",N/A,https://www.lazada.com.ph/products/pdp-i4793830483.html
"NSS Solar Panel Charger 2W 3W 5W 8W Portable Solar Phone Charger With Multi-Head Usb Cable For Universal Solar LED Bulb , Cellphone , Tablet",₱646.00,N/A,https://www.lazada.com.ph/products/pdp-i2627997323.html
Brand-new 300W-550W single crystal solar panel 24V household photovoltaic panel off-grid battery panel assembly,"₱4,743.75",N/A,https://www.lazada.com.ph/products/pdp-i5151625728.html
500w Monocrystalline Silicon Power Generation Panel 18v With Controller Waterproof Lightning Solar Panel,₱479.00,N/A,https://www.lazada.com.ph/products/pdp-i4434735235.html
COD 5V 2W USB Output Portable Solar Power PanelSolar Panel,₱109.00,N/A,https://www.lazada.com.ph/products/pdp-i4005118948.html
HanTech Solar Panel 60/100/160/210 300 Watts Outdoor Waterproof Sunday Power Monocrystalline Silicon Daily,"₱1,109.00",N/A,https://www.lazada.com.ph/products/pdp-i3776164867.html
PowMr 100W Flexible Solar Panel Monocrystalline Solar Cell DIY Cable Outdoor Car RV Waterproof Rechargeable Power System,"₱2,393.00",N/A,https://www.lazada.com.ph/products/pdp-i4324247856.html
BOSCA 5 Year Warranty 120W Solar Panel Mono 120 Watt 12 Volt Pv Solar Module Solar Cell Panel BOSCA-NEW,"₱2,949.00",N/A,https://www.lazada.com.ph/products/pdp-i1506430630.html
Solar panel 150W 300W 500W solar panel board monocrystalline silicon power generation panel 18V With controller high conversion rate 0 electricity bill waterproof lightning solar charging panel 10 year Warranty Outdoor home generator Waterproof,"₱1,119.00",N/A,https://www.lazada.com.ph/products/pdp-i4840244348.html
PowMr 6W-300W PET Flexible Solar Panel Monocrystalline Solar Cell DIY Cable Outdoor Car RV Waterproof Rechargeable Power System,"₱2,393.00",N/A,https://www.lazada.com.ph/products/pdp-i4395231439.html
【Asolar】150 Watts Solar Panel 18V Solar Panel Full Power Monocrystalline Silicon Solar Panel 200W,"₱2,690.00",N/A,https://www.lazada.com.ph/products/pdp-i4139570769.html
【Ready Stock】100/200 Watts Solar Panel Full Power Monocrystalline Silicon Solar Panel 18V Solar Panel IP67 waterproof,"₱2,299.00",N/A,https://www.lazada.com.ph/products/pdp-i4839052925.html
Germany quality -25 years 20w DC12V Waterproof SUN POWER Solar Panel,₱820.00,N/A,https://www.lazada.com.ph/products/pdp-i3249194362.html
1000W Solar Panel 12V Solar Cell With 60A 100A Controller Solar Charge for Phone RV Car MP3 PAD Charger Outdoor Battery Supply,₱710.09,N/A,https://www.lazada.com.ph/products/pdp-i4323466791.html
Multifunctional Portable Solar Panel 5V 2W USB Output for Mobile Phone Charging,₱119.00,N/A,https://www.lazada.com.ph/products/pdp-i4005046807.html
BOSCA 5 Year Warranty 160W Solar Panel Mono 160 Watt 12 Volt Pv Solar Module Solar Cell Panel BOSCA-NEW,"₱3,539.00",N/A,https://www.lazada.com.ph/products/pdp-i4035270999.html
"3,8W8W15W solar power panel USB multi-function interface fast charging mobile board 3M lead solar",₱449.00,N/A,https://www.lazada.com.ph/products/pdp-i4489078664.html
Solar Panel 200W/400W 18 Volt Pv Solar Module Solar Cell Panel generator 0 electricity bill waterproof solar for all appliances,"₱1,198.00",N/A,https://www.lazada.com.ph/products/pdp-i4372734624.html
60W 80W 100W Foldable Solar Panel 5V USB Portable Folding Bag Battery Charger for Phone Outdoor Camping Waterproof Power Bank,₱776.77,N/A,https://www.lazada.com.ph/products/pdp-i4944488426.html
Waterproof solar panel fold 60w 4pcs solar charger with DC USB Jack polycrystalline,"₱2,900.00",N/A,https://www.lazada.com.ph/products/pdp-i408362009.html
BOSCA 5 Year Warranty 35W Solar Panel Mono 35 Watt 12 Volt Pv Solar Module Solar Cell Panel BOSCA-NEW,"₱1,080.00",N/A,https://www.lazada.com.ph/products/pdp-i1504804047.html
VIVOLILV Solar Panel Monocrystalline Solar Cell Mono 12V/18V 10W/15W/20W/30W/50W Waterproof Polycrystalline,₱367.00,N/A,https://www.lazada.com.ph/products/pdp-i15446299136.html
[COD] 1Pc Solar Panel 5V 60MA For Mini Solar Panel Charging And Generating Electricity,₱45.16,N/A,https://www.lazada.com.ph/products/pdp-i15445876879.html
200W/400W Solar Panel 18Volt Pv Solar Cell Panel Generator Set For Home With 10A/20A/30A Solar Charge Controller Portable Generator 0 Electricity Bill Waterproof Lightning Solar For All Appliances,₱798.00,N/A,https://www.lazada.com.ph/products/pdp-i4372660253.html
【Solar panel】590Watts Solar Panel Import From China World's Top Solar Energy Manufacturer Warranty,"₱7,599.00",N/A,https://www.lazada.com.ph/products/pdp-i4086590323.html
Solar Panel 500W High-Efficiency Monocrystalline Silicon Photovoltaic Solar Module Solar Cell Panel For Home Garden Rv,₱479.00,N/A,https://www.lazada.com.ph/products/pdp-i15447789549.html
Top Grade Genuine Solar Panel 420-705 W,"₱13,909.34",N/A,https://www.lazada.com.ph/products/pdp-i15447352108.html
【COD】FlashFish TSP100W Foldable Solar Panel 18V Monocrystalline Solar Cells Lightweight Solar Panel Foldable Energy Storage Solar Outdoor Charger with Type-C DC USB Output for Camping Hiking Climbling Emergency Backup,"₱4,299.00",N/A,https://www.lazada.com.ph/products/pdp-i2650225796.html
NSS 20W SOLAR PANEL FOR POWER STATION NS-A20W / WITH DC PLUG 18V,"₱1,280.00",N/A,https://www.lazada.com.ph/products/pdp-i15452275512.html
18BB Dual Glass 200 Watts solar panel 12V/18V Volt Monocrystalline IP67 Waterproof With MC4 For RV/Boat,"₱3,699.00",N/A,https://www.lazada.com.ph/products/pdp-i5205879075.html
1000W Solar Panel 12V Solar Cell 10A-100A Controller Solar Plate Kit for Phone RV Car Caravan Home Camping Outdoor Battery,₱748.17,N/A,https://www.lazada.com.ph/products/pdp-i4730510740.html
20W-1000W Solar Panel 12V Solar Cell 100A Controller Solar Panel for Phone RV Car MP3 PAD Charger Outdoor Battery Supply Camping,₱692.39,N/A,https://www.lazada.com.ph/products/pdp-i4470491293.html
SUNTREE ELECTRIC 50watts solar panel 100 watt original Monocrystalline Silicon solar panel set home full set with controller,"₱2,299.00",N/A,https://www.lazada.com.ph/products/pdp-i4424163513.html
Spark 550W Single Crystal Solar Panel Half-Chip Technology Outdoor Module for Photovoltaic Power Generation Household Grid Connection,"₱6,635.38",N/A,https://www.lazada.com.ph/products/pdp-i4744772033.html
BIG SOLAR PANEL 590 Watt N-Type Bifacial Solar Panel Monocrystalline IP68 16BB 24% High Conversion Efficiency,"₱7,409.00",N/A,https://www.lazada.com.ph/products/pdp-i5078960519.html
High Efficiency Emergency Power Solar Panel Component 6V Monocrystalline,"₱1,390.00",N/A,https://www.lazada.com.ph/products/pdp-i15464071431.html
High-Efficiency 500W Solar Panel 18 Volt Pv Solar Module Solar Cell Panel Generator For Battery Tv and Fan,₱509.00,N/A,https://www.lazada.com.ph/products/pdp-i4454640194.html
Asolar Solar panel 150W 300W solar panel board monocrystalline silicon power generation panel 18V With controller high conversion rate 0 electricity bill waterproof lightning solar charging panel 10 year Warranty Outdoor home generator Waterproof,₱780.00,N/A,https://www.lazada.com.ph/products/pdp-i4129746509.html
BOSCA 5 Year Warranty 120W Solar Panel Mono 120 Watt 12 Volt Pv Solar Module Solar Cell Panel BOSCA-NEW,"₱2,903.00",N/A,https://www.lazada.com.ph/products/pdp-i15447645829.html
Dual Glass 200 Watts 18BB Solar Panel 12V/18V Monocrystalline Silicon 200W Solar Panel Full Power,"₱2,499.00",N/A,https://www.lazada.com.ph/products/pdp-i5372296857.html
600-1000W solar Longji photovoltaic panel 24V outdoor fishing boat house truck household 12V rechargeable battery,"₱1,907.08",N/A,https://www.lazada.com.ph/products/pdp-i5047420718.html
"Second-hand 200W solar panels, power generation panels, photovoltaic panels, 90% new rechargeable 24v36v48v batteries.","₱1,270.34",N/A,https://www.lazada.com.ph/products/pdp-i5134835392.html
PowMr 200W Flexible Solar Panel Monocrystalline Solar Cell DIY Cable Outdoor Car RV Waterproof Rechargeable Power System,"₱4,658.00",N/A,https://www.lazada.com.ph/products/pdp-i4477629469.html
Solar Panel 200W/400W Solar Charging Panel Monocrystalline Silicon Power 20A Remote Control ...,"₱1,322.00",N/A,https://www.lazada.com.ph/products/pdp-i5143707987.html
BOSCA 5 Year Warranty 120W Solar Panel Mono 120 Watt 12 Volt Pv Solar Module Solar Cell Panel COD,"₱2,935.00",N/A,https://www.lazada.com.ph/products/pdp-i2682378422.html
【Aluminum 】 Solar Panel solar energy lamp panels 25W 20W 18W 15W 12W 8W 6W / 6V Outdoor Waterproof IP67 Dustproof solar street light panel solar flood light panel With 4.5m wires 2-pin male head 10 year warranty COD,₱185.00,N/A,https://www.lazada.com.ph/products/pdp-i4323605129.html
Dokio 80W 100W 160W 200W 300W18V Flexible Foldble Solar Panel With 12V USB Charge Controller Portable Solar Cell Kit For Boats/Out-door Camping,"₱5,221.40",N/A,https://www.lazada.com.ph/products/pdp-i4842482327.html
Pecron PV100W/PV200W Portable Foldable Outdoor Camping Monocrystalline Silicon Solar Panel for E300LFP/E600LFP/E1500LFP,"₱15,000.00",N/A,https://www.lazada.com.ph/products/pdp-i3928939960.html
300W 12V Solar Panel Kit Complete Polycrystalline USB Power Portable Outdoor Rechargeable Solar Cell Solar Generator for Home,₱590.69,N/A,https://www.lazada.com.ph/products/pdp-i5122320820.html
200/400W Solar Panel 18 Volt Pv Solar Module Cell Panel Generator Set For Home With 30A Solar Controller Waterproof Monocrystalline Silicon Power Generation Panel With Invter,"₱2,399.00",N/A,https://www.lazada.com.ph/products/pdp-i4774261890.html
100W single crystal photovoltaic panel assembly Solar panels can be charged with 12V/24V batteries.,₱835.33,N/A,https://www.lazada.com.ph/products/pdp-i5129134586.html
Photovoltaic Panel Solar Energy,"₱11,660.00",N/A,https://www.lazada.com.ph/products/pdp-i15455542826.html
Manufacturers selling full power 300W single crystal solar panels photovoltaic panels can be charged with 12V/24V batteries.,₱835.33,N/A,https://www.lazada.com.ph/products/pdp-i5292476067.html
Brand-new 200W single crystal solar panel photovoltaic power generation system 18V/ household,₱835.33,N/A,https://www.lazada.com.ph/products/pdp-i4834840279.html
CL-638WP 6V3.8W Solar Panels,₱160.00,N/A,https://www.lazada.com.ph/products/pdp-i1540868250.html
【Ready Stock】100/200Watts Solar Panel Full Power Monocrystalline Silicon Solar Panel 18V Solar Panel IP67 waterproof solar panels 10000w set 220v,"₱2,299.00",N/A,https://www.lazada.com.ph/products/pdp-i4370061972.html
SOARFLY 30W Solar Panel Photovoltaic Polycrystalline Solar Panel Solar Module Aluminum Frame Solar Panel With 3M Cable,₱595.00,N/A,https://www.lazada.com.ph/products/pdp-i15461142264.html
Flowatt 6W-300W Flexible Solar Panel Solar Cell for Home Generator & Outdoor Car RV Monocrystalline Silicon Power Generation Panel,"₱2,699.00",N/A,https://www.lazada.com.ph/products/pdp-i4513336204.html
100w foldable solar panel for use with O2 Project Thunderbox powerstation,"₱6,299.00",N/A,https://www.lazada.com.ph/products/pdp-i4332452524.html
300W 600W Flexible Solar Panel 12V 24V Solar Charge Battery Kit with 60A Controller for Camping RV Home Outdoor Solar Power Bank,"₱5,140.00",N/A,https://www.lazada.com.ph/products/pdp-i5029142419.html
100W200W300W single crystal silicon solar panel photovoltaic power generation vehicle charging 12V/24V household,"₱3,010.35",N/A,https://www.lazada.com.ph/products/pdp-i5042514484.html
300W 600W Flexible Solar Panel 12V 24V Solar Charge Battery Kit with 60A Controller for Camping RV Home Outdoor Solar Power Bank,"₱4,114.43",N/A,https://www.lazada.com.ph/products/pdp-i5012890402.html
400W Solar Panel 30A Solar Charge Controller Monocrystalline Solar Charging Panel Waterproof,₱649.00,N/A,https://www.lazada.com.ph/products/pdp-i5242296660.html
"3,8W8W15W solar power panel USB multi-function interface fast charging mobile board 3M lead solar",₱159.00,N/A,https://www.lazada.com.ph/products/pdp-i4489132622.html
solar panel Large size 2PIN male pulg 6V Solar panel aluminum frame outdoor waterproof IP67 monocrystalline silicon solar panel christmas lights solar power outdoor lighting led lights for room at night,₱159.00,N/A,https://www.lazada.com.ph/products/pdp-i15474663752.html
Solar Panel 200W/500W/1000W 18Volt Pv Solar Module Cell Panel Generator Set For Home With 20A Solar Controller Monocrystalline Silicon Power Generation Panel,₱869.00,N/A,https://www.lazada.com.ph/products/pdp-i15500906320.html
TRINA SOLAR 635WH N-TYPE 1 TOPCON BIFACIAL PANEL,"₱8,500.00",N/A,https://www.lazada.com.ph/products/pdp-i15492393373.html
3W High Quality Fast Charging Solar Panels Charger With 5 Type USB CABLE For Camping For Cellphone,₱148.00,N/A,https://www.lazada.com.ph/products/pdp-i4520659602.html
Foldable solar panel portable charger outdoor mobile power charging,"₱12,598.58",N/A,https://www.lazada.com.ph/products/pdp-i15500152930.html
JDSTAR CL-638W 6V3.8W Solar Panels For Charger With 5 type Cable,₱169.00,N/A,https://www.lazada.com.ph/products/pdp-i4010212787.html
solar panel Solar light panel 2 pin lamp panel 18W/6V aluminum ip67 solar street light panel flood light panel,₱209.00,N/A,https://www.lazada.com.ph/products/pdp-i5279162445.html
1200W Portable Foldable Solar Panel Lightweight Design USB Output Outdoor Emergency Power for Camping Fishing RV Travel,"₱3,640.93",N/A,https://www.lazada.com.ph/products/pdp-i15487344596.html
⭐️6.6 Mega Sales⭐️B0SCH Portable Solar Panel Foldable Solar Charger Panel for Power Station / Generator / Outdoor Camping Solar Charging,₱998.91,N/A,https://www.lazada.com.ph/products/pdp-i15432679418.html
BOSCA Solar Panel Charger 12V 16W with clip cable UBS cable Can charge any mobile & any battery under 12V BS-1216,₱639.00,N/A,https://www.lazada.com.ph/products/pdp-i4094064450.html
【Suntree Electric】 200W Monocrystalline Solar Panel with 20A Controller and Waterproof Design for Home Use,"₱4,099.00",N/A,https://www.lazada.com.ph/products/pdp-i4244895434.html
【QualFull】200 Watts 18BB Solar Panel Dual Glass Original Monocrystalline Solar Panel IP67 Waterproof With MC4 Produce 1.2KWh Every Day,"₱2,199.00",N/A,https://www.lazada.com.ph/products/pdp-i4586281842.html
KENLEI BOSCA 5 Year Warranty 120W Solar Panel Mono 120 Watt 12 Volt Pv Solar Module Solar Cell Panel,"₱2,850.00",N/A,https://www.lazada.com.ph/products/pdp-i3058774702.html
PowMr 120W Flexible Solar Panel Monocrystalline Solar Cell DIY Cable Outdoor Car RV Waterproof Rechargeable Power System,"₱2,990.00",N/A,https://www.lazada.com.ph/products/pdp-i4420341508.html
100W/185W/410W/585W Solar Panel Waterproof Lightning Monocrystalline silicon power generation panel 12V household high conversion rate 0 electricity bill solar charging panel,"₱6,699.00",N/A,https://www.lazada.com.ph/products/pdp-i5271452170.html
【10 Year Warranty】Solar Panel 100W/200W Monocrystalline Solar Panel With MC4 Connector,"₱2,099.00",N/A,https://www.lazada.com.ph/products/pdp-i4437320146.html
FANG TAI 300W Solar Panel 18 Volt Pv Solar Module solar panels 10000w set board Solar with controller Multifuncitional and Portable generator 0 electricity bill waterproof lightning solar outdoor heavy duty for all appliances 220v complete set battery,₱600.00,N/A,https://www.lazada.com.ph/products/pdp-i4235060614.html
ZHOURI | Monocrystalline Solar Panel 24V 300W,"₱4,331.00",N/A,https://www.lazada.com.ph/products/pdp-i15405609350.html
JDSTAR 200watts Solar Crystalline Mono Panel,"₱3,000.00",N/A,https://www.lazada.com.ph/products/pdp-i4661783477.html
SOLAR PANEL 100WATTS 160WATTS 200WATTS 300WATTS OUTDOOR WATERPROOF SUN POWER MONOCRYSTALLINE,"₱1,950.00",N/A,https://www.lazada.com.ph/products/pdp-i4994466579.html
3W 6V USB Solar Panel Outdoor Emergency Charging For Cellphone Type-C Android,₱248.00,N/A,https://www.lazada.com.ph/products/pdp-i4480947626.html
Spark 550W Single Crystal Solar Panel Half-Chip Technology Outdoor Module for Photovoltaic Power Generation Household Grid Connection,"₱6,635.38",N/A,https://www.lazada.com.ph/products/pdp-i4430539408.html
GENTAI POWER Solar Panel 200 Watt High-Efficiency Monocrystalline PV Module Power Charger for RV Marine Rooftop Battery,"₱4,399.00",N/A,https://www.lazada.com.ph/products/pdp-i4788253170.html
Solar Panel Charger USB 3W With 5 Type USB Cable Portable Monocrystalline Waterproof Outdoor Phone Camping Power Bank,₱529.00,N/A,https://www.lazada.com.ph/products/pdp-i5399320920.html
Solar Charging Panel 15W 10W 6W 6V Fast Charging Solar Energy Panel with 4 USB Ports for Camping Cellphone,₱320.00,N/A,https://www.lazada.com.ph/products/pdp-i5391838650.html
"Portable rechargeable photovoltaic panel monocrystalline silicon, solar panel 200w/400w",₱959.00,N/A,https://www.lazada.com.ph/products/pdp-i5242354047.html
"Portable Solar Panel Charger With Adapter Cable Integrated Solar Panel Usb Charger Heavy Duty Solar Generator 18W 21W Solar Panel Only Folding Waterproof Outdoor Compatible with Portable Generator, Smartphones, Tablets and More",₱878.00,N/A,https://www.lazada.com.ph/products/pdp-i3999178159.html
8W 6V Solar Folding Panel Multifunctional Solar Charger USB Cable Solar Panel Mobile Phone Charger,₱249.00,N/A,https://www.lazada.com.ph/products/pdp-i4862891836.html
Residential Solar Panel 550W,"₱8,669.00",N/A,https://www.lazada.com.ph/products/pdp-i4572895243.html
DOKIO 100W 160W 200W Foldable Solar Panel China 10A/20A 12V Controller Folding Photovoltaic Cell/System Charger Solar Board,"₱6,107.40",N/A,https://www.lazada.com.ph/products/pdp-i4819469530.html
Brand-new 200W single crystal solar panel photovoltaic power generation system 18V/ household,₱835.33,N/A,https://www.lazada.com.ph/products/pdp-i5114639068.html
DJI Zignes 100W/120W/200W Solar Panel for DJI Portable Outdoor Solar Power Station Power 1000 / Power 500,"₱19,900.00",N/A,https://www.lazada.com.ph/products/pdp-i4708108942.html
VANPA 60W/100W/150W Foldable Solar Panel Sun Power Solar Cells Charger DC/Type-C/USB Output for Portable Power Station/Phone/Latop,"₱4,000.00",N/A,https://www.lazada.com.ph/products/pdp-i2965967268.html
500W/1000W 12V Photovoltaic Solar Panel Power Bank Kit 100A Controller Solar Plate for Home/Camping/RV/Car Fast Battery Charger,"₱1,067.41",N/A,https://www.lazada.com.ph/products/pdp-i4738661221.html
100W single crystal photovoltaic panel assembly Solar panels can be charged with 12V/24V batteries.,₱835.33,N/A,https://www.lazada.com.ph/products/pdp-i4567929134.html
Delixi Solar Panel 200W 400W 18Volt Pv Solar Module Cell Panel generator set for home with batteri inverter monocrystalline silicon power generation panel 5 year Warranty,₱799.00,N/A,https://www.lazada.com.ph/products/pdp-i3688865743.html
1000W Solar Panel 12V Solar Cell 10A-100A Controller Solar Plate Kit for Phone RV Car Caravan Home Camping Outdoor Battery,₱789.74,N/A,https://www.lazada.com.ph/products/pdp-i4971855739.html
oobest Solar Panel Monocrystalline Solar Cell Mono 12V/18V 10W/15W/20W/30W/50W Waterproof Polycrystalline,₱926.00,N/A,https://www.lazada.com.ph/products/pdp-i15447939125.html
Brand-new 300W-30W single crystal solar panels solar panels photovoltaic power generation 12V24V household,₱394.34,N/A,https://www.lazada.com.ph/products/pdp-i4949866370.html
Solar panel 150W 300W Household generation monocrystalline silicon generation panel,"₱1,350.00",N/A,https://www.lazada.com.ph/products/pdp-i4235040805.html
【QualFull】100 watts solar panel 18V Solar Panel New Monocrystalline Silicon Produce 1KWh Every Day,"₱2,299.00",N/A,https://www.lazada.com.ph/products/pdp-i4451631586.html
ZwitseRise 200W Solar Panel 1320 x 992 x 40 mm Polycrystalline,"₱8,125.00",N/A,https://www.lazada.com.ph/products/pdp-i5385665854.html
【18BB】620 Watts Monocrystalline Solar Panel Generation 3.7kWh Every Day【FULL POWER Promise】,"₱8,199.00",N/A,https://www.lazada.com.ph/products/pdp-i4086579148.html
GUANGHEYUAN | Solar Photovoltaic Panel for Home Power Generation,"₱7,764.06",N/A,https://www.lazada.com.ph/products/pdp-i5401893754.html
Solar Panel 100W 150W 10BB Mono Crystalline,"₱1,800.00",N/A,https://www.lazada.com.ph/products/pdp-i5004829724.html
【QualFull】Dual Glass 620 Watts Solar Panel 18BB Monocrystalline IP67 Waterproof Generates 3.7KWH A Day With MC4 Connector,"₱7,999.00",N/A,https://www.lazada.com.ph/products/pdp-i5221904160.html
HanTech Photovoltaic Solar Panel 60 Watts 100 Watts160 Watts 200 Watts 300 Watts Outdoor Waterproof Sun Power,"₱1,109.00",N/A,https://www.lazada.com.ph/products/pdp-i3865050540.html
"Solar Panel with Battery Clip 100W 12V Portable Folding Poly Solar Panel Kit for Camping Home,Compact Power","₱2,590.00",N/A,https://www.lazada.com.ph/products/pdp-i2319596487.html
【10 Year warranty】Solar Panel 500W /350W/150WCharging Panel Monocrystalline Silicon Band 30 A Controller Household Charging Panel Multifuncitional and Portable generator 0 electricity bill waterproof,₱479.00,N/A,https://www.lazada.com.ph/products/pdp-i5349174844.html
Hantech Solar Panel 60 Watts 100 Watts 160 Watts 200 Watts 300 Watts Outdoor Waterproof Power Generation Original Solar Panel,"₱1,109.00",N/A,https://www.lazada.com.ph/products/pdp-i5159652326.html
BOSCA 5year warranty 60W Solar Panel Solar built-in Alligator Clip Wire,"₱1,939.00",N/A,https://www.lazada.com.ph/products/pdp-i1930033833.html
300 watts Solar Panel original 18Volt Pv Solar Cell Panel generator set for home 220v complete set battery,₱959.00,N/A,https://www.lazada.com.ph/products/pdp-i4302212327.html
60W/80W/100W Folding Solar Panel USB 5V Solar Charger Portable Solar Battery Power Bank for Outdoor Camping Hiking + Cable,₱774.60,N/A,https://www.lazada.com.ph/products/pdp-i4978512153.html
10W BOSCA 5 Year Warranty Solar Panel Mono 10 Watt 12 Volt Pv Solar Module Solar Cell Panel,₱639.00,N/A,https://www.lazada.com.ph/products/pdp-i1930143519.html
OPPLE Solar Panel 200/400W 18Volt Pv Solar Module Cell Panel Generator Set For Home With Batteri Inverter Monocrystalline Silicon Power Generation Panel,"₱1,188.00",N/A,https://www.lazada.com.ph/products/pdp-i3690698504.html
Hantech【In Manila】Solar panel 100W 210W solar panel board monocrystalline silicon power generation panel 18V household high conversion rate 0 electricity bill waterproof lightning solar charging panel 5 year Warranty,"₱1,109.00",N/A,https://www.lazada.com.ph/products/pdp-i3670750508.html
0.3W 5V Polysilicon Solar Epoxy Panel with Wire Mini Solar System DIY Modules,₱98.00,N/A,https://www.lazada.com.ph/products/pdp-i4141765650.html
BOSCA 5 Year Warranty 35W Solar Panel Mono 35 Watt 12 Volt Pv Solar Module Solar Cell Panel,"₱1,065.00",N/A,https://www.lazada.com.ph/products/pdp-i2682310610.html
Postage brand-new 200W single crystal solar panel photovoltaic power generation system 12V24V home,₱835.33,N/A,https://www.lazada.com.ph/products/pdp-i4824322188.html
20 Watt 12 Volt Monocrystalline Solar Panel,₱820.00,N/A,https://www.lazada.com.ph/products/pdp-i3158785987.html
【Latest model】12V Solar Panel Kit Complete 30W Power Portable Outdoor Rechargeable Solar Cell Generator for Home,₱565.80,N/A,https://www.lazada.com.ph/products/pdp-i5381754657.html
waterprooft fold solar panel 80w charger 6pcs solar polycrystalline,"₱3,799.00",N/A,https://www.lazada.com.ph/products/pdp-i1177890582.html
Hantech【Ready Stock】Solar panel 100W 210W solar panel board monocrystalline silicon power generation panel 18V household high conversion rate 0 electricity bill waterproof lightning solar charging panel,"₱1,109.00",N/A,https://www.lazada.com.ph/products/pdp-i3673917758.html
SENDA 200W/400W Solar Panel 18 Volt Pv Solar Module Solar Cell Panel Multifuncitional and Portable generator,₱669.00,N/A,https://www.lazada.com.ph/products/pdp-i4373355146.html
NEW 800W Foldable Solar Panel Portable 6-fold Solar Panels Charger USB 5V DC Full Time Power Solar Panel Mobile Power Supply,"₱1,088.10",N/A,https://www.lazada.com.ph/products/pdp-i5198112798.html
Monocrystalline silicon solar panel 400w/200w waterproof portable rechargeable photovoltaic panel,₱799.00,N/A,https://www.lazada.com.ph/products/pdp-i5242289783.html
KENLEI BOSCA 5 Year Warranty 10W Solar Panel Mono 10 Watt 12 Volt Pv Solar Module Solar Cell Panel.,₱620.00,N/A,https://www.lazada.com.ph/products/pdp-i2882197557.html
Solar Panel Portable Power Station Suitable for outdoor use multi-function portable big capacity solar generator,"₱2,559.00",N/A,https://www.lazada.com.ph/products/pdp-i5361872252.html
Solar panel 150W 300W solar panel board monocrystalline silicon power generation panel 18V With controller high conversion rate 0 electricity bill waterproof lightning solar charging panel 10 year Warranty Outdoor home generator Waterproof,₱959.00,N/A,https://www.lazada.com.ph/products/pdp-i4299077948.html
solar panel solar flood light panel 8w 15w,₱239.00,N/A,https://www.lazada.com.ph/products/pdp-i4373416608.html
5W Mini Solar Panel With 3m Cable Solar Energy Solar Power Panel (84x130x10mm),₱118.00,N/A,https://www.lazada.com.ph/products/pdp-i4131951356.html
30W Solar Panel Household Charging Panel Monocrystalline Silicon Solar Module Solar Cell Panel,"₱1,099.00",N/A,https://www.lazada.com.ph/products/pdp-i5160441572.html
30W 18V Solar Panel with 30A Controller Portable Solar Cell Power Bank For Outdoor Phone Charging Camping Mobile Power Supplies,₱671.48,N/A,https://www.lazada.com.ph/products/pdp-i4975024546.html
300W Rigid Solar Panel Kit For Home Waterproof Monocrystalline Charge 12V Battery With100A Controller Cable,₱820.32,N/A,https://www.lazada.com.ph/products/pdp-i15398140791.html
Solar Panel Charger 100W Waterproof Trickle Charger Solar Battery Maintainer Dual Output For 12V-24V Car RV Boat Motorcycle,₱835.48,N/A,https://www.lazada.com.ph/products/pdp-i4920916225.html
【BEUMK】 Efficient 5W 6V Solar Panel with DC Cable for All Your Outdoor Charging Needs,₱251.00,N/A,https://www.lazada.com.ph/products/pdp-i5216199469.html
NATSEN | Waterproof Solar Panel,₱621.00,N/A,https://www.lazada.com.ph/products/pdp-i15418352750.html
1Pc Solar Panel 5V 60MA For Mini Solar Panel Charging And Generating Electricity,₱45.16,N/A,https://www.lazada.com.ph/products/pdp-i15446044436.html
"[COD] PkYeG Tool Solar Panel Portable For Fast Phone Charging,Outdoor Mini Solar Charger Outdoor Portable Solar Cell Plate",₱239.75,N/A,https://www.lazada.com.ph/products/pdp-i15400832116.html
Solar Panel 200W 400W Household Charging Panel Module generator set for home with inverter Controlle,₱937.00,N/A,https://www.lazada.com.ph/products/pdp-i5240100027.html
Solar Photovoltaic Panel Battery Board 550W 580W 700W Monocrystalline Silicon Solar Energy Generating Board JinkoSolar Brand,"₱6,809.00",N/A,https://www.lazada.com.ph/products/pdp-i5162484846.html
ANENG Solar Panel Lightweight 6V 10W Portable Dustproof Solar Panel Charger Waterproof for Small Drying Camps,₱955.80,N/A,https://www.lazada.com.ph/products/pdp-i15495790732.html
BOSCA 10W Solar Panel Mono 10 Watt 12 Volt Pv Solar Module Solar Cell Panel (Original) 5 Years Warranty,₱499.00,N/A,https://www.lazada.com.ph/products/pdp-i4014233151.html
LairtPow 250W Portable Foldable Solar Panel for BLUETTI / EF / Jackery / DJI / Segway / Uapow etc brand Power Station,"₱11,000.00",N/A,https://www.lazada.com.ph/products/pdp-i5355211597.html
Jingke Polycrystalline 300W Monocrystalline 400W Solar Panel Battery Board Photovoltaic Board Power Generation Board for Boats,"₱2,645.00",N/A,https://www.lazada.com.ph/products/pdp-i5180761826.html
MUHUASHA | High Power Monocrystalline Solar Panel 600W,"₱8,637.39",N/A,https://www.lazada.com.ph/products/pdp-i15399894054.html
BOSCA 5 Year Warranty 220W Solar Panel Mono 220 Watt 12 Volt Pv Solar Module Solar Cell Panel,"₱5,475.00",N/A,https://www.lazada.com.ph/products/pdp-i2909870896.html
YYBAIO | Monocrystalline Solar Panels,"₱4,319.69",N/A,https://www.lazada.com.ph/products/pdp-i15436234105.html
【QualFull】9BB 100 Watt Original Monocrystalline Solar Panel IP67 Waterproof With MC4 FULL POWER Promise,"₱2,199.00",N/A,https://www.lazada.com.ph/products/pdp-i4623983302.html
【A+ Glass】Dual-Glass 600Watts Solar Panel Monocrystalline Solar Panels Heavy Duty Generate 3.7kwh Per Day,"₱7,999.00",N/A,https://www.lazada.com.ph/products/pdp-i15461170518.html
5W Solar Panel Single Polycrystalline Silicon 6V Photovoltaic Solar Panel Charging Lamp Kalle,₱78.00,N/A,https://www.lazada.com.ph/products/pdp-i4328005998.html
PowMr 150W Flexible Solar Panel Monocrystalline Solar Cell DIY Cable Outdoor Car RV Waterproof Rechargeable Power System,"₱3,613.00",N/A,https://www.lazada.com.ph/products/pdp-i4358949154.html
120WATTS BOSCA 5 Year Warranty 120W Solar Panel Mono 120 Watt 12 Volt Pv Solar Module Solar Cell Panel,"₱2,939.00",N/A,https://www.lazada.com.ph/products/pdp-i1930189351.html
300W/600W Solar Panel Kit Complete 12V Polycrystalline USB Power Portable Outdoor Rechargeable Solar Cell Solar Generator,₱898.60,N/A,https://www.lazada.com.ph/products/pdp-i15420380008.html
BJ🔧🔩🔗 New 6v 100ma 0.6w epoxy solar panel photovoltaic polycrystalline cell charger,₱107.31,N/A,https://www.lazada.com.ph/products/pdp-i5064241325.html
200W watt monocrystalline silicon photovoltaic panel brand new factory direct 12V24V battery charging panel solar energy.,₱835.33,N/A,https://www.lazada.com.ph/products/pdp-i5278172923.html
300W Solar Panel 18 Volt Pv Solar Module Solar Cell Panel generator for electric fan and tv,₱780.00,N/A,https://www.lazada.com.ph/products/pdp-i3980043183.html
KKmoon 5W/2W 5V Small Solar Panel with USB DIY Monocrystalline Silicon Solar Cell Waterproof Camping Portable Power Solar Panel for Mobile Phone,₱233.01,N/A,https://www.lazada.com.ph/products/pdp-i3385049998.html
60W Foldable Solar Panel Portable USB Type-C Folding Bag Outdoor Power Charger For Phone Hiking Camping Mobile Power Supplies,"₱1,042.87",N/A,https://www.lazada.com.ph/products/pdp-i5118584306.html
Solar Charging Panel LED Solar Energy Panel Solar Panels Charger With 4USB Port 6V/6W Portable For Camping Cellphone ALINLT,₱315.00,N/A,https://www.lazada.com.ph/products/pdp-i4561930661.html
"Solar Panel 3W 6V USB Charger for Mobile Phones, Outdoor Emergency Charging",₱215.00,N/A,https://www.lazada.com.ph/products/pdp-i5048661342.html
BOSCA 5 Year Warranty 10W Solar Panel Mono 10 Watt 12 Volt Pv Solar Module Solar Cell Panel COD,₱625.00,N/A,https://www.lazada.com.ph/products/pdp-i2682418214.html
XIYUYANGGUANG | High Power 60W Polycrystalline 6V Photovoltaic Solar Panel,₱922.34,N/A,https://www.lazada.com.ph/products/pdp-i15430640335.html
Solar Panel of 300W Power Station,"₱1,009.00",N/A,https://www.lazada.com.ph/products/pdp-i4782972170.html
solar panel direct Bodega sale,"₱13,300.00",N/A,https://www.lazada.com.ph/products/pdp-i5115572746.html
GENTAI POWER Solar panel 200W Original Household Generation Monocrystalline Silicon Generation Panel 200W,"₱14,599.00",N/A,https://www.lazada.com.ph/products/pdp-i5372520060.html
1pc USB Solar Panel Portable Flexible Small Waterproof 5V Folding Solar Panels Cells For Mobile Phone Battery Charger,₱310.69,N/A,https://www.lazada.com.ph/products/pdp-i4544945504.html
CHOAH Solar Panel 150/300W 18Volt Pv Solar Module Outdoor home generator Waterproof With controller,₱959.00,N/A,https://www.lazada.com.ph/products/pdp-i4297751355.html
Brand-new 250 W-410 W single crystal polycrystalline marine solar panel photovoltaic panel off-grid charging 24V48V,"₱1,497.30",N/A,https://www.lazada.com.ph/products/pdp-i4705090113.html
300W/600W Solar Panel Kit Complete 12V Polycrystalline USB Power Portable Outdoor Rechargeable Solar Cell Solar Generator,₱891.75,N/A,https://www.lazada.com.ph/products/pdp-i4721312969.html
200 Watts Solar Panel Kit 100A 12V Battery Charger with 10A/20A/30A-100A Controller Caravan Boat Waterproof solar panel complete set,"₱1,180.00",N/A,https://www.lazada.com.ph/products/pdp-i2711835510.html
Mini Solar Panel Micro Solar Charger For Any Rechargeable Micro,₱90.00,N/A,https://www.lazada.com.ph/products/pdp-i3978021875.html
Solar Panel Monocrystalline Solar Cell Mono 12V/18V 10W/15W/20W/30W/50W Waterproof Polycrystalline,₱926.00,N/A,https://www.lazada.com.ph/products/pdp-i15447681967.html
12V Solar Panel with Battery Charger Usb 100W Polycrystalline Solar Panel System Full Set DC 12-18V Double Usb With 10-100A PWM Controller Solar Cells Monocrystalline for Car Yacht RV Boat Moblie Phone Battery Charger,₱743.64,N/A,https://www.lazada.com.ph/products/pdp-i5076340910.html
SOLAR PANEL 3W NS-03W,₱168.00,N/A,https://www.lazada.com.ph/products/pdp-i4427900192.html
150W/300W Monocrystalline Solar Panel Kit with Controller Waterproof Solar Panel Kit with Extension Cable and Battery Clips for RV,₱899.00,N/A,https://www.lazada.com.ph/products/pdp-i4294690194.html
Wholesale Solar Panel 1-14pcs USB Waterproof Outdoor Hiking Camping Portable Battery Mobile Phone Charging Bank Charging Panel,₱223.84,N/A,https://www.lazada.com.ph/products/pdp-i15450300045.html
50w solar panel NSS Germany Cell mc4,"₱2,099.00",N/A,https://www.lazada.com.ph/products/pdp-i1138036476.html
100pcs solar panel 0.5V photovoltaic Sun Power Module 17*13mm 70mA DIY Solar Cell Car Battery Charger,₱153.00,N/A,https://www.lazada.com.ph/products/pdp-i4094782240.html
Foldable Solar Panel 500W Portable Solar Panels Fast Charger USB 5V DC Full Power Solar Panel Mobile Power Bank For Camping,"₱1,064.73",N/A,https://www.lazada.com.ph/products/pdp-i4853264723.html
12V Solar Panel Kit Complete 30W Power Portable Outdoor Rechargeable Solar Cell Generator for Home,₱525.40,N/A,https://www.lazada.com.ph/products/pdp-i15447526383.html
300W 12-18V Solar Panel with 10A-60A Controller Flexible Photovoltaic Power Charging Board for Electronic Phone Car Charging,₱972.24,N/A,https://www.lazada.com.ph/products/pdp-i15458764713.html
AK | Vehicle-use Flexible Monocrystalline Solar Panel 100W,"₱4,313.96",N/A,https://www.lazada.com.ph/products/pdp-i15408954795.html
"【NEW】Yoshino SP200 Foldable 200W Monocrystalline Portable Solar Panel for Solar Generators, Water-Resistant IP67, Off-Grid, Camping, RV","₱11,000.00",N/A,https://www.lazada.com.ph/products/pdp-i15453811202.html
MUHUASHA | High-Power Solar Panel 545-700W,"₱15,030.40",N/A,https://www.lazada.com.ph/products/pdp-i15400165022.html
50W Solar Panel Kit 12V Solar Panel Charger 30A Controller Portable Monocrystalline Solar Panel RV Marine Boat Charging Tools,"₱1,417.01",N/A,https://www.lazada.com.ph/products/pdp-i5308576564.html
Solar Panel 10W 5V Charging Panel Doorbell Surveillance Camera Low Consumption Security Surveillance Type-C Output 10W,₱376.31,N/A,https://www.lazada.com.ph/products/pdp-i5268164226.html
OPPLE 30W Solar Panel Mono 18 Volt Pv Solar Module Solar monocrystalline silicon Cell Panel,₱865.00,N/A,https://www.lazada.com.ph/products/pdp-i4215158149.html
Flowatt Solar Panel 6W 20W 40W 60W 80W 100W 120W att 18 Volt High-Efficiency Monocrystalline PV Module Power Charger Set Board Solar With Controller Multifuncitional for Home/Garden RV Battery Boat Caravan and Other,"₱2,393.00",N/A,https://www.lazada.com.ph/products/pdp-i4387348409.html
Portable Mini 1.2W 6V Solar Panel Solar Energy ClassA,₱100.00,N/A,https://www.lazada.com.ph/products/pdp-i4333660709.html
Solar Panel Charge Any Mobile Phone 130% Fastest Charge Solar 6V 8W/16V 15W CL-680/CL-1615 Solar connector,₱345.00,N/A,https://www.lazada.com.ph/products/pdp-i2494553058.html
5W 5V/12V 1W 3V Mini Solar Panel Polysilicon Solar Epoxy Panel Module Light Cell Battery Charger for 3-12V Battery Charging,₱105.64,N/A,https://www.lazada.com.ph/products/pdp-i5176728283.html
Hantech Solar Panel 100Watts 160Watts 210 Watts300 Watts Outdoor Waterproof Sun Power Mono Poly,"₱4,999.00",N/A,https://www.lazada.com.ph/products/pdp-i3376358088.html
Solar Panel with USB Portable Waterproof Charger for Solar LED Bulb 1.8W 5V Lightweight & Durable Outdoor Use Eco-Friendly Power Solution,₱72.00,N/A,https://www.lazada.com.ph/products/pdp-i5214298260.html
20W 5V Solar Panel USB & USB-C Outdoor DC Waterproof Solar Cells Charger Solar Panel for Security Camera Small Home Light System,₱741.76,N/A,https://www.lazada.com.ph/products/pdp-i5026456464.html
JINTONGCAIZI | Waterproof Solar Panel with Male and Female Connectors,₱614.74,N/A,https://www.lazada.com.ph/products/pdp-i15403022047.html
【Ready Stock】10W 12V Portable Solar Panel Trickle Charger Car Battery Maintainer for Boat RV,₱853.12,N/A,https://www.lazada.com.ph/products/pdp-i3762148416.html
[hgga mall]12V Solar Panel Kit Complete 30W Power Portable Outdoor Rechargeable Solar Cell Generator for Home,₱533.40,N/A,https://www.lazada.com.ph/products/pdp-i5342263122.html
【Buy 1 Take 1】Original Solar Panel 5W Output Micro Usb Outdoor Portable Solar Panel Set Home Full Set Energy Saving Electrical Circuitry Parts In Phleo,₱85.00,N/A,https://www.lazada.com.ph/products/pdp-i4345057870.html
DomeDecor Solar Panel 1W 5V DIY Small Solar Silicon Panel for Cellular Phone Charger Home Light Toy Solar Cell Board,₱53.90,N/A,https://www.lazada.com.ph/products/pdp-i4999001538.html
"LYX Portable 6V Solar Panel w/ 5-in-1 USB Charging – for Camping, Hiking & Phones",₱528.00,N/A,https://www.lazada.com.ph/products/pdp-i5027320360.html
YUEBEN | Off-Grid Photovoltaic Solar Panel,₱486.00,N/A,https://www.lazada.com.ph/products/pdp-i15422688698.html
BOSCA 5Year Warranty #182 Series 60W 120W 180W 240W 330W Monocrystalline 12V Solar Panel Solar module cell 10 BUS BAR,"₱2,889.00",N/A,https://www.lazada.com.ph/products/pdp-i4256370326.html
10W 5V Solar Panel Type-C Outdoor Solar Cells Charger Solar Panels for Doorbell Security Camera/Small Home Light System,₱401.23,N/A,https://www.lazada.com.ph/products/pdp-i5266954943.html
Pecron PV300 300W Portable Solar Panel for E600LFP/E1500LFP/E2000LFP/E3600LFP Portable Power Station with Adjustable Stand Foldable,"₱27,000.00",N/A,https://www.lazada.com.ph/products/pdp-i4522951968.html
Multifunctional Solar Panel 8W 5V Power Generation Waterproof Outdoor Fast Charging For Monitor Camera,₱518.00,N/A,https://www.lazada.com.ph/products/pdp-i4865334029.html
300W polycrystalline single crystal solar panels The household system can charge 12V/24V batteries.,₱835.33,N/A,https://www.lazada.com.ph/products/pdp-i4875325124.html
Mini Solar Panel 6V 1W with Cable For DIY Solar Light Projects 13cm x 8cm x 15cm ( Can Not Be Use For Phone Charging ),₱135.00,N/A,https://www.lazada.com.ph/products/pdp-i116999413.html
300W 600W Solar Panel 18V Photovoltaic with 60A Controller Solar Plate Power Bank for Home/Camping/RV/Car Fast Battery Charger,₱628.08,N/A,https://www.lazada.com.ph/products/pdp-i5340931195.html
NEW Solar Panel For Charging Cellphone And 12V Battery Charger Panel CL-680/CL-1615 6V 8W/16V 15W,₱399.00,N/A,https://www.lazada.com.ph/products/pdp-i3866729782.html
GY Multifunctional Portable Solar Panel 5V 2W USB Output for Mobile Phone Charging,₱109.00,N/A,https://www.lazada.com.ph/products/pdp-i4197321919.html
Flowatt 40W Flexible Solar Panel Waterproof Lightweight Solar Panels Rechargeable Power System Monocrystalline Solar Cell Free Warranty,"₱1,099.00",N/A,https://www.lazada.com.ph/products/pdp-i4515016193.html
10W 5V Solar Panel Type-C Adapter Outdoor Solar Cell Charger Solar Panels for Security Camera Small Home Light System For iPhone,₱392.36,N/A,https://www.lazada.com.ph/products/pdp-i5300092318.html
1000W Solar Panel 12V Solar Cell 10A-100A Controller Solar Panel for Phone RV Car MP3 PAD Charger Outdoor Battery Supply,₱726.28,N/A,https://www.lazada.com.ph/products/pdp-i4448629890.html
BOSCA 5 Year Warranty Monocrystalline Solar Panel MONO 60W / 120W / 180W / 240W / 330W 12V Solar module cell #182 Series,"₱2,875.00",N/A,https://www.lazada.com.ph/products/pdp-i4254831373.html
KENLEI BOSCA 5 Year Warranty 35W Solar Panel Mono 35 Watt 12 Volt Pv Solar Module Solar Cell Panel,"₱1,145.00",N/A,https://www.lazada.com.ph/products/pdp-i2761381093.html
Solar Panel Practical Semi Flexible Solar Panel for Home,"₱2,857.00",N/A,https://www.lazada.com.ph/products/pdp-i5061216884.html
10W 6V Outdoor Portable Solar Panel Charger Waterproof 9.8ft Cord 2-in-1 Micro USB Type-C for Security Camera USB Powered Device,₱504.48,N/A,https://www.lazada.com.ph/products/pdp-i5020350400.html
300W Solar Panel 18V Flexible Solar Cells With 10A-100A Controller Kit Power Bank for Home Tourism Car RV Camping Outdoor,₱998.60,N/A,https://www.lazada.com.ph/products/pdp-i4842385485.html
TP-Link Tapo A201 Solar Panel,"₱1,099.00",N/A,https://www.lazada.com.ph/products/pdp-i5235326838.html
Solar light panel 2 pin lamp panel 25W/6V aluminum ip67 solar street light panel flood light panel,₱185.00,N/A,https://www.lazada.com.ph/products/pdp-i4091552623.html
EcoFlow 45W Portable Solar Panel,"₱3,390.00",N/A,https://www.lazada.com.ph/products/pdp-i4660756367.html
Mini Solar Panel 3V 0-100MA for Solar Advertising Lights Small Solar Systems Outdoor Solar Power Module,₱92.57,N/A,https://www.lazada.com.ph/products/pdp-i15492865139.html
Solar Panel 【Dual Glass 600 Watts】New Monocrystalline Silicon 600W Solar Panel Full Power Promise Produce 3.6KWh Every Day,"₱7,599.00",N/A,https://www.lazada.com.ph/products/pdp-i4999301837.html
Flowatt 150W/200W Flexible Solar Panel Monocrystalline Silicon Photovoltaic Solar Module for Outdoor Home Garden Rv Rechargeable Power System Flexible Solar Cell Panel,"₱3,999.00",N/A,https://www.lazada.com.ph/products/pdp-i5161177243.html
BOSCA Monocrystalline Solar Panel 5 YEAR WARRANTY MONO 10W 25W 35W 60W 120W 160W 200W 320W 12V Solar module cell 156,"₱2,885.00",N/A,https://www.lazada.com.ph/products/pdp-i4038770821.html
5W 12V 1W 3V Solar Panel Mini Polysilicon Solar Cell with Cable Mini Solar Panel Module for Lamp Fan Pump DIY Battery Charger,₱267.32,N/A,https://www.lazada.com.ph/products/pdp-i5322173707.html
Greenfield Foldable Solar Panel 60w,"₱9,500.00",N/A,https://www.lazada.com.ph/products/pdp-i3204767756.html
5W 6V Solar panel Micro Usb Outdoor Portable Solar Panel set for Rechargeable Emergency LED light Regulators Solar Panel Kedia,₱78.00,N/A,https://www.lazada.com.ph/products/pdp-i4328181137.html
OSQ Water Resistant Household Outdoor Solar Panel,₱119.00,N/A,https://www.lazada.com.ph/products/pdp-i15465284420.html
"NSS Solar Panel 2W 3W 5W 8W Portable Phone Charger With Usb Cable For Universal Solar LED Bulb , Cellphone , Tablet",₱756.00,N/A,https://www.lazada.com.ph/products/pdp-i3468976382.html
MEISITEKEKE | Polycrystalline Large Power Solar Panel,₱541.07,N/A,https://www.lazada.com.ph/products/pdp-i15401354908.html
100W 200W 300W Solar Panel Kit Complete 12V USB With 10-100A Controller Solar Cells,"₱1,180.00",N/A,https://www.lazada.com.ph/products/pdp-i2655061299.html
Asolar 1 Year Warranty 150W Solar Panel Mono 150 Watt 18 Volt Pv Solar Module Solar Cell Panel Asolar-NEW,"₱2,799.00",N/A,https://www.lazada.com.ph/products/pdp-i4059296293.html
BOSCA 5 Year Warranty 25W Solar Panel Mono 25 Watt 12 Volt Pv Solar Module Solar Cell Panel BOSCA-NEW,₱981.00,N/A,https://www.lazada.com.ph/products/pdp-i1459496453.html
100W 12V Solar Panel with 100A Solar Controller,"₱1,180.00",N/A,https://www.lazada.com.ph/products/pdp-i2761260521.html
Solar Panel【30 Watts】18v 5.6A Monocrystalline Silicon Solar Panels IP67 Waterproof Sun Power Panel,₱999.00,N/A,https://www.lazada.com.ph/products/pdp-i4879648450.html
5V 5-35W Sunpower Portable Solar Panel With USB Safe Stabilize Charger For Phone Power Bank Outdoor Camping Home RV Gift Use,₱518.01,N/A,https://www.lazada.com.ph/products/pdp-i5255930917.html
Mitsushi Household Solar Panel Photovoltaic Energy Storage Panel 18V Solar Panel Outdoor Waterproof Sun Power,"₱1,299.00",N/A,https://www.lazada.com.ph/products/pdp-i5385353296.html
30W 12V Dual USB Solar Panel Kit Output Solar Cells Solar Panel 20A 30A 40A 50A Controller For Car Yacht Battery Boat Charger,₱682.93,N/A,https://www.lazada.com.ph/products/pdp-i5081633373.html
100W Solar Panel 5V Dual USB Polycrystalline Solar Cell 12V Battery Charger for Phone Outdoor Camping Mobile Power Supplies,₱935.20,N/A,https://www.lazada.com.ph/products/pdp-i4725808277.html
BOSCA Solar Panel 5 YEAR WARRANTY MONO 10W 25W 35W 60W 120W 160W 200W 220W 320W 12V Solar module solar cell panel,"₱1,899.00",N/A,https://www.lazada.com.ph/products/pdp-i2847281764.html
[🇵🇭 Stock&COD] Multifunctional Solar Panel 8W 5V Power Generation Waterproof Outdoor Fast Charging For Monitor Camera,₱518.00,N/A,https://www.lazada.com.ph/products/pdp-i4865279580.html
Factory postage solar panels 12v single crystal 100w solar panels photovoltaic power generation system components,"₱1,100.12",N/A,https://www.lazada.com.ph/products/pdp-i5056179599.html
SD&HI Mini Solar Panel 1W 5V USB Monocrystalline Solar Panel Power Module Charger Outdoor Polycrystalline DIY,₱208.54,N/A,https://www.lazada.com.ph/products/pdp-i5318618493.html
"Zero Electricity Original Solar Panel 150 Watt & 300 Watts for Brownout, Emergency & Energy Saving","₱1,699.00",N/A,https://www.lazada.com.ph/products/pdp-i3941489455.html
Outdoor Solar Panel 600W 12V Polycrystalline USB Power Portable Rechargeable Solar Cell Solar Generator for Home Lighting Camp,₱964.71,N/A,https://www.lazada.com.ph/products/pdp-i5092370148.html
150/300W Solar Panel 18 Volt Pv Solar Module Cell Panel generator set solar controller combination,"₱1,099.00",N/A,https://www.lazada.com.ph/products/pdp-i4275071065.html
300W 18V Solar Panel with charger 100A Solar Charger Controller 12V 24V PWM solar panel set home full set Home Outdoor,"₱1,680.00",N/A,https://www.lazada.com.ph/products/pdp-i2566697944.html
BOSCA 5 Year Warranty 60W Solar Panel Mono 60 Watt 12 Volt Pv Solar Module Solar Cell Panel BOSCA-NEW,"₱1,965.00",N/A,https://www.lazada.com.ph/products/pdp-i1505304912.html
ASOLAR Solar Panel 200Watts MONOCRYSTALLINE 12BB Solar Panel Promise Produce 1.3KWh Every Day,"₱1,933.10",N/A,https://www.lazada.com.ph/products/pdp-i4985407863.html
4 fold 100W Foldable solar panel 20w/h portable solar panels Fast charger USB 5V DC Full time solar panel mobile power supply,₱747.65,N/A,https://www.lazada.com.ph/products/pdp-i15437832005.html
Mitsushi Household Solar Panel Photovoltaic Energy Storage Panel 18V Solar Panel Outdoor Waterproof Sun Power,"₱1,299.00",N/A,https://www.lazada.com.ph/products/pdp-i5398449623.html
Solar Panel for CCTV Security Camera 8W 5V with battery 12000mah output Type-c /micro/DC5V,"₱1,599.00",N/A,https://www.lazada.com.ph/products/pdp-i5218156859.html
170W Mono Shingled Solar Panel Full Black,"₱5,500.00",N/A,https://www.lazada.com.ph/products/pdp-i2593113322.html
"Manufacturers selling 100W monocrystalline silicon solar photovoltaic panels, panels, charging panels, direct charging 12V batteries.",₱835.33,N/A,https://www.lazada.com.ph/products/pdp-i4798746403.html
Gentai Power Solar Panel 200 Watt Flexible Monocrystalline Solar Cell DIY Cable Outdoor Car RV Waterproof Rechargeable Power System,"₱4,399.00",N/A,https://www.lazada.com.ph/products/pdp-i5209782051.html
Solar Panel Solar Panel Kit Monocrystalline Silicon 300W 18V Battery Clip for Camping,"₱4,514.00",N/A,https://www.lazada.com.ph/products/pdp-i5046001633.html
300W Solar Panel with 60A Controller 12V Portable Outdoor Power Supply Charging Board Photovoltaic Full Smart Dashboard,₱721.28,N/A,https://www.lazada.com.ph/products/pdp-i5073255757.html
Solar Panel for Security Camera IP6 Waterproof 360 Degrees Adjustable Continuous Power with 10W 5V Charging Solar Panels with Type-C Port / 9.8 Ft Charging Cable Fit for Doorbell Monitoring Camera,₱759.80,N/A,https://www.lazada.com.ph/products/pdp-i4150853824.html
Grade A 300W/410W/585W Solar Panel Monocrystalline Outdoor IP65 Water Resistance for Home Indoor Outdoor 12V Solar Cells Board,"₱5,999.00",N/A,https://www.lazada.com.ph/products/pdp-i15466188495.html
Home Solar System 2.5KW-3KW Inverter 550W Solar Panel LFP Battery 12V100AH/200AH with BMS Suitable for 1P Air Conditioner Off-grid Solar Power System,"₱35,250.00",N/A,https://www.lazada.com.ph/products/pdp-i15477298314.html
NSS Foldable Solar Panel Charger 18V 200W Portable High Output Solar Charger Outdoor Power,"₱3,900.00",N/A,https://www.lazada.com.ph/products/pdp-i4698383667.html
12V Solar Panel Kit Complete 30W Power Portable Outdoor Rechargeable Solar Cell Generator for Home,₱525.80,N/A,https://www.lazada.com.ph/products/pdp-i15421599150.html
【QualFull】200 Watts Solar Panel Dual Glass Monocrystalline 18BB Solar panel Produce 1.2kWh Per Day,"₱4,599.00",N/A,https://www.lazada.com.ph/products/pdp-i4451702116.html
BOSCA 160W Solar Panel Mono 160 Watt 12 Volt Pv Solar Module Solar Cell Panel / Classic Audio (Original) With 5 Years Warranty (160 Watts Solar Panel),"₱4,899.00",N/A,https://www.lazada.com.ph/products/pdp-i4019662289.html
SENDA Solar Panels 200/400W 18Volt Pv With 10A/20A/30A PWM Solar Charge Controller Set Waterproof Lightning Solar Module Cell Panel Monocrystalline Silicon Power Generation Panel,₱669.00,N/A,https://www.lazada.com.ph/products/pdp-i4109573720.html
20 Watt 12 Volt Monocrystalline Solar Panel,₱820.00,N/A,https://www.lazada.com.ph/products/pdp-i3632843944.html
18V 50W Monocrystalline Solar Panel,"₱1,500.00",N/A,https://www.lazada.com.ph/products/pdp-i3040545281.html
FlashFish TSP100W Foldable Solar Panel 18V Monocrystalline silicon Solar Cells Lightweight Solar Panel Foldable Energy Storage Solar Outdoor Charger with Type-C DC USB Output for Camping Hiking Climbling Emergency Backup,"₱4,299.00",N/A,https://www.lazada.com.ph/products/pdp-i3880518219.html
Portable Mini 1.2W 6V Solar Panel Solar Energy ClassA,₱49.00,N/A,https://www.lazada.com.ph/products/pdp-i4041063778.html
50 WATT 12 VOLT MONOCRYSTALLINE SOLAR PANEL,"₱1,550.00",N/A,https://www.lazada.com.ph/products/pdp-i3152788717.html
"Solar Panel 6V 1.2W DC Port Portable Polycrystalline Silicon for Street Lamps Camera for Cell Phone Power Bank Battery Charger Emergency lights, advertising lights, traffic lights, household lights, electric fans, such as solar water pumps, solar street",₱153.98,N/A,https://www.lazada.com.ph/products/pdp-i4385544138.html
600W 12V Complete Solar Panel Kit - High-Efficiency Polycrystalline with Dual USB Ports for Home Backup & Outdoor Power Supply,"₱1,015.73",N/A,https://www.lazada.com.ph/products/pdp-i5308673359.html
BOSCA Monocrystalline 156 Series Solar Panel 12V 10W to 450W Solar module cell 156cells,"₱3,357.00",N/A,https://www.lazada.com.ph/products/pdp-i4852011884.html
80W Folding Solar Panel IP65 Waterproof Portable Solar Panel Charger Solar Cell for Cell Phone Laptop Backpacking Camping Hiking,"₱1,585.63",N/A,https://www.lazada.com.ph/products/pdp-i5391398341.html
1000W Solar Panel Folding Bag USB+DC Output Solar Charger Portable Foldable Solar Charging Device Outdoor Portable Power Supply,"₱3,163.94",N/A,https://www.lazada.com.ph/products/pdp-i15399378310.html
Monocrystalline Solar Battery Board 12W 30W Photovoltaic Power Generation Board Sunlight Charging Home Use 6V Battery Panel,"₱1,589.00",N/A,https://www.lazada.com.ph/products/pdp-i5163546143.html
BOSCA NEW Solar Mono Panel 60W,"₱1,800.00",N/A,https://www.lazada.com.ph/products/pdp-i4648425436.html
100W Foldable Solar Panel DC+USB Fast Charging 18V Solar Cell Folding Bag Power Bank Outdoor for Mobile Phone Camping Hiking,"₱3,132.96",N/A,https://www.lazada.com.ph/products/pdp-i5007476001.html
[Vktech]30W Solar Panel for Security Camera Micro USB/USB-C/DC5521 Solar Panel Kit 360 Adjustable Mounting for EufyCam/Wyze Cam,₱886.90,N/A,https://www.lazada.com.ph/products/pdp-i4743561617.html
"Y&H 100W Flexible Monocrystalline Solar Panel,12V Lightweight Ultra Flexible Black Division Monocrystalline Bendable Mono Off-Grid Charger for RV Camper Van Boat Yacht Cabin Shed","₱1,586.00",N/A,https://www.lazada.com.ph/products/pdp-i4837710374.html
New Solar Panel 2W 3W 5W Plastic Frame 5V 6V 9V with USB Mother Head DC Line Public Head Mobile Phone Charging Board,₱260.00,N/A,https://www.lazada.com.ph/products/pdp-i5152381492.html
DIY Flexible 50w 12v Refurbish Thin Lightweight Solar Panel Approx 60cm x 60cm x 0.3cm,₱985.00,N/A,https://www.lazada.com.ph/products/pdp-i4552818478.html
Solar Panel 60W 12V DualUSB Output Solar Cells Poly Solar Panel 20/30/40/50/60A Controller for Car Yacht Battery Boat Charger,₱876.07,N/A,https://www.lazada.com.ph/products/pdp-i5277759946.html
300 watts Solar Panel original 18Volt Pv Solar Cell Panel generator set for home 220v complete set battery,₱959.00,N/A,https://www.lazada.com.ph/products/pdp-i4298621140.html
GENTAI POWER Solar panel 630W [Dual Bifacial Glass]Original Household Generation Monocrystalline Silicon Generation panel,"₱4,599.00",N/A,https://www.lazada.com.ph/products/pdp-i15425260357.html
20 Watt 12 Volt Monocrystalline Solar Panel Kit With Free 10A 12V Charger Controller,₱980.00,N/A,https://www.lazada.com.ph/products/pdp-i3171350183.html
60W Solar Panel Portable 5V Dual USB Fast Charger Panel Kit Travel Phone Charger,₱833.80,N/A,https://www.lazada.com.ph/products/pdp-i5200534939.html
Dual Solar Panel 100W 2.5 mm DC charger outdoor waterproof Multifunctional Portable electrical parts connectors,"₱2,961.00",N/A,https://www.lazada.com.ph/products/pdp-i4849033381.html
100W Solar Panel Portable Folding Bag USB+DC Output Solar Charger Outdoor Power Supply for Home Mobile Phone Power Generator,₱795.47,N/A,https://www.lazada.com.ph/products/pdp-i15419485070.html
"SOREIN 400W Portable Solar Panel, Foldable & Durable, Complete with an Adjustable Kickstand Case, Waterproof IP67 for Outdoor Adventures","₱29,588.00",N/A,https://www.lazada.com.ph/products/pdp-i5209713437.html
Flowatt Solar Panel 40W att 18 Volt High-Efficiency Monocrystalline PV Module Power Charger Set Board Solar With solar panel 100 watt Heavy duty Controller panels Multifuncitional for Home/Garden RV Battery Boat Caravan and Other Solar Panels,"₱3,550.00",N/A,https://www.lazada.com.ph/products/pdp-i4430775766.html
Outdoor grid-connected solar panel photovoltaic panel module single crystal 400W450W540W600W household panel,"₱9,850.62",N/A,https://www.lazada.com.ph/products/pdp-i5155982768.html
30W Solar Panel with 3M charging cable 5V portable solar charging panel For Outdoor Mobile Phone Charger Emergency Power Supply,₱457.64,N/A,https://www.lazada.com.ph/products/pdp-i5278206281.html
YUKOU | Home Monocrystalline Solar Panel,"₱1,910.00",N/A,https://www.lazada.com.ph/products/pdp-i15427340334.html
Solar Panel 12V with Battery Charger Usb 100W Polycrystalline Solar Panel System Full Set DC 12-18V Double Usb With 10-100A PWM Controller Solar Cells Monocrystalline for Car Yacht RV Boat Moblie Phone Battery Charger,₱968.74,N/A,https://www.lazada.com.ph/products/pdp-i3602454774.html
500W 12V Photovoltaic Solar Panel Power Bank Kit Fast Battery Charger 500W 100A Controller Solar Plate for Home Camping RV Car,"₱1,268.16",N/A,https://www.lazada.com.ph/products/pdp-i4865218784.html
Semi-flexible solar panel photovoltaic panel car top 220v electric vehicle power generation system is charged with 12 V 24 V ~ 72 V.,"₱3,483.18",N/A,https://www.lazada.com.ph/products/pdp-i5057051115.html
12V Solar Panel Kit IP65 Waterproof Solar Trickle Charger Portable Solar Powered Charger Kit High Efficiency Car Battery Charger,₱596.49,N/A,https://www.lazada.com.ph/products/pdp-i5274708050.html
Solar Panel Charger with 5 TYPE USB CABLE for Camping CL-518/CL-638/CL-650/CL-680/CL-1615,₱165.00,N/A,https://www.lazada.com.ph/products/pdp-i3725601484.html
DL Solar light panel 2 pin lamp panel 25W/6V aluminum ip67 solar street light panel flood light panel,₱239.00,N/A,https://www.lazada.com.ph/products/pdp-i4341639163.html
"1pc 65W Portable Foldable Solar Panel, Magnetic No-Battery Charger for Mobile Devices and Outdoor Power Use - Ideal for Hiking","₱1,446.79",N/A,https://www.lazada.com.ph/products/pdp-i15470081393.html
"Y&H Solar Panel ,100W Flexible Monocrystalline Solar Panel 12V Lightweight Ultra Flexible Bendable Off-Grid Charger for RV Camper Van Boat Yacht Cabin Shed","₱1,586.00",N/A,https://www.lazada.com.ph/products/pdp-i4839234044.html
XIYUYANGGUANG | Outdoor Power Generation 6V Solar Panel,₱426.86,N/A,https://www.lazada.com.ph/products/pdp-i15430532687.html
Solar Panel Type-C/DC5521 Port Outdoor DC 5V 10W Waterproof Solar Cells Charger Panel for Security Camera Courtyard Light System,₱723.13,N/A,https://www.lazada.com.ph/products/pdp-i5388238024.html
BOSCA 5 Year Warranty 35W Solar Panel Mono 35 Watt 12 Volt Pv Solar Module Solar Cell Panel,"₱1,079.00",N/A,https://www.lazada.com.ph/products/pdp-i1930227037.html
Outdoor Charging Solar Panel 5W,₱505.64,N/A,https://www.lazada.com.ph/products/pdp-i15403781671.html
"[COD] E-WOITD Solar Panel Portable For Fast Phone Charging,Outdoor Mini Solar Charger Outdoor Portable Solar Cell Plate",₱255.90,N/A,https://www.lazada.com.ph/products/pdp-i5276018962.html
SZ 1SET Solar Charging Panel – Outdoor Camping Emergency Power with 5-in-1 Cable Solar Panel with Multi-Function Adapter 6V 3.8W / 8W / 15W,₱99.00,N/A,https://www.lazada.com.ph/products/pdp-i5027321265.html
Portable Solar Panel 5V USB Output for Mobile Phone Charging,₱79.00,N/A,https://www.lazada.com.ph/products/pdp-i5168060641.html
Solar Charging Panel Universal Fast Charging Solar Panel Charger with 4 USB Ports For Camping Cellphone,₱320.00,N/A,https://www.lazada.com.ph/products/pdp-i15437169887.html
AqToCna Solar Panel 1W 5V DIY Small Solar Silicon Panel for Cellular Phone Charger Home Light Toy Solar Cell Board,₱66.70,N/A,https://www.lazada.com.ph/products/pdp-i4693187690.html
GF32418 NSS SOLAR PANEL 20W NS-A20W,"₱1,408.00",N/A,https://www.lazada.com.ph/products/pdp-i4594964087.html
100A Solar Panel Kit Complete12V Polycrystalline Power Portable Outdoor Rechargeable Solar Cell Solar Generator for Home,₱539.83,N/A,https://www.lazada.com.ph/products/pdp-i5283840924.html
QIUWU Solar Panel 1W 5V DIY Small Solar Silicon Panel for Cellular Phone Charger Home Light Toy Solar Cell Board,₱45.00,N/A,https://www.lazada.com.ph/products/pdp-i5076393405.html
Solar charging panel outdoor photovoltaic panel 30W livestock battery fast charging treasure portable folding,₱599.00,N/A,https://www.lazada.com.ph/products/pdp-i4639109927.html
KENLEI BOSCA 5 Year Warranty 160W Solar Panel Mono 160 Watt 12 Volt Pv Solar Module Solar Cell Panel,"₱3,750.00",N/A,https://www.lazada.com.ph/products/pdp-i2951796453.html
【COD】5W Solar Panel With Charge Cable 6V Polysilicon Solar Power Panel Outdoor Emergency Solar Panel Micro USB Charge Cable 0 Electricity Bill In Aulis,₱75.48,N/A,https://www.lazada.com.ph/products/pdp-i4345092323.html
[Buy 1 Take 1] Outdoor Solar Panel Portable USB Solar Lighting Power Supply System Rain Proof And Waterproof Used For Camping Emergency Outdoor LED Night Light Power Supply In Ubester,₱85.90,N/A,https://www.lazada.com.ph/products/pdp-i4332440431.html
【New Arrival】 1/2 Pcs Mini Small Solar Panel Module 100MA 1W 3V DIY Polysilicon Solar Epoxy Cell Charger with Cable Solar Battery Charger for 2-3V Battery Charging,₱133.00,N/A,https://www.lazada.com.ph/products/pdp-i15453390641.html
[Bside Tool Store] Mini Solar Panel Cells 3W 12V Small Cell Module for 9-12V Battery/Mobile Phone,₱217.00,N/A,https://www.lazada.com.ph/products/pdp-i3352013656.html
200Watt 12V Solar Panel Complete Set with 10-100A Controller Monocrystalline PV Module for home appliances,"₱1,155.00",N/A,https://www.lazada.com.ph/products/pdp-i2965237790.html
ZY6 COD Portable 6V Solar Panel – 5-in-1 USB Charger for Camping & Phones,₱259.00,N/A,https://www.lazada.com.ph/products/pdp-i5027241614.html
SOARFLY 30W Foldable Solar Panel with Four Output Solar Module fast charge（2×USB、1×Type-C、1×DC）,"₱1,845.00",N/A,https://www.lazada.com.ph/products/pdp-i15461424298.html
Flexible solar panels 50W solar panels 100W vehicle-mounted photovoltaic panels 25W ultra-thin RV refitting.,₱955.12,N/A,https://www.lazada.com.ph/products/pdp-i4504187413.html
NUBE 4 Pcs 65x48mm Solar Panel With Cable 3V 0.3W Solar Power Charging Panel Durable Polycrystalline Silicon Mini Solar Panel DIY Projects,₱375.62,N/A,https://www.lazada.com.ph/products/pdp-i15460633180.html
300W Solar Panel Kit Complete 12-18V Polycrystalline Power Portable Outdoor Rechargeable Solar Cell Solar Generator for Home,₱707.74,N/A,https://www.lazada.com.ph/products/pdp-i5391494328.html
GUANGHEXINGHUO | Monocrystalline Solar Panel,"₱1,838.00",N/A,https://www.lazada.com.ph/products/pdp-i15423259515.html
【JCSYFAC】 1Pc Solar Panel 5V 60MA For Mini Solar Panel Charging And Generating Electricity,₱43.41,N/A,https://www.lazada.com.ph/products/pdp-i15446983281.html
S&C 12V/6V 15 Watts Solar Panel,₱118.00,N/A,https://www.lazada.com.ph/products/pdp-i2732009089.html
300W/600W Solar Panel 12V Photovoltaic Power Bank Kit 100A Controller Solar Plate for Home/Camping/RV/Car Fast Battery Charger,₱877.98,N/A,https://www.lazada.com.ph/products/pdp-i5283850454.html
TCLS 12V/6V 15 Watts Solar Panel,₱116.00,N/A,https://www.lazada.com.ph/products/pdp-i3762165006.html
QIUWU 5V 5W Small Solar Panel With USB DIY Monocrystalline Silicon Solar Cell Waterproof Portable Camping Power Panel For Mobile Phone,₱184.26,N/A,https://www.lazada.com.ph/products/pdp-i5296019915.html
Fast Charging Portable Solar Panel 12V,"₱1,362.00",N/A,https://www.lazada.com.ph/products/pdp-i15458285121.html
BC Portable Monocrystalline Solar Panel Charger Power for Phones Cameras Outdoor Doorbells Monitoring Waterproof Solar Expansion Board,₱404.00,N/A,https://www.lazada.com.ph/products/pdp-i5383820309.html
Solar panel 150W 300W solar panel board monocrystalline silicon power generation panel 18V With controller high conversion rate 0 electricity bill waterproof lightning solar charging panel 10 year Warranty Outdoor home generator Waterproof,₱600.00,N/A,https://www.lazada.com.ph/products/pdp-i4235040804.html
"Portable Solar Panel Charger With Adapter Cable Integrated Solar Panel Usb Charger Heavy Duty Solar Generator 15W 21W Solar Panel Only Folding Waterproof Outdoor Compatible with Portable Generator, Smartphones, Tablets and More",₱880.00,N/A,https://www.lazada.com.ph/products/pdp-i4354152014.html
"1000W Solar Panel Kit, 12V 100A Solar Charge Controller, Solar Fast Battery Charger for Home Power, Camping, RV, Car","₱1,266.13",N/A,https://www.lazada.com.ph/products/pdp-i15400546164.html
30W Solar Panel With USB Waterproof Outdoor Hiking And Camping Portable Battery Mobile Phone Charging Bank Charging Panel 6.8V,₱479.51,N/A,https://www.lazada.com.ph/products/pdp-i4959560086.html
【2PCS】 Solar Panel 200watt IP67 Waterproof 10Year Warranty Full Green Power 1.2Kwh Per Day,"₱9,099.00",N/A,https://www.lazada.com.ph/products/pdp-i4149977918.html
6 volts 6w SOLAR PANEL SOLAR CELLS HIGH QUALITY CHARGER BOARD,₱298.00,N/A,https://www.lazada.com.ph/products/pdp-i3362745155.html
gumahus | Monocrystalline Outdoor Power 6V Solar Panel,₱821.56,N/A,https://www.lazada.com.ph/products/pdp-i15401208033.html
Flashfish High Efficience 18V 60w/100w Flexible Foldable Solar Panel With 12V Charge Controller for Ship / Out-Door Solar Panels for tents Portable Solar Panel Kit,"₱3,999.00",N/A,https://www.lazada.com.ph/products/pdp-i3439810923.html
50W Portable Solar Panel Monocrystalline Silicon Red Black Clips 18V DC RV Camping,"₱1,221.00",N/A,https://www.lazada.com.ph/products/pdp-i5011576648.html
[2PCS] 200w+ Dual Glass 18BB Monocrystalline Solar Panel Only [Full Power Promise] Green Power Investment Ganerate 1.2kWh A Day,"₱4,599.00",N/A,https://www.lazada.com.ph/products/pdp-i3301997450.html
25WATTS BOSCA 5 Year Warranty Solar Panel Mono 25 Watt 12 Volt Pv Solar Module Solar Cell Panel,₱989.00,N/A,https://www.lazada.com.ph/products/pdp-i1930144615.html
5W Solar Panel Charger Professional Monocrystalline Silicon High Efficiency USB Solar Panel for Laptop Radio Mobile Phone Emergency Power Supply Camping Hiking,₱248.00,N/A,https://www.lazada.com.ph/products/pdp-i5053375072.html
1000W /500WSolar Panel Kit 12V Solar Panel 100A Controller USB Port Portable Solar Battery Charger for Outdoor Camping Mobile RV,"₱1,621.64",N/A,https://www.lazada.com.ph/products/pdp-i15449989982.html
5W 6V Solar panel Micro Usb Outdoor Portable Solar Panel set for Rechargeable Emergency LED light Regulators Solar Panel Aulis,₱72.89,N/A,https://www.lazada.com.ph/products/pdp-i4285714852.html
Quick Charging High Power Waterproof Solar Panel 6V,₱738.72,N/A,https://www.lazada.com.ph/products/pdp-i15431314660.html
【COD】5W Solar Panel With Charge Cable 6V Polysilicon Solar Power Panel Outdoor Emergency Solar Panel Micro USB Charge Cable 0 Electricity Bill In Ubester,₱75.48,N/A,https://www.lazada.com.ph/products/pdp-i4308367812.html
10W/20W/30W Solar Panel 18 Volt Pv Solar Module solar panel board Solar Cell Panel Multifuncitional and Portable generator 0 electricity bill waterproof lightning solar for all appliances,₱499.00,N/A,https://www.lazada.com.ph/products/pdp-i15447037376.html
AqToCna 2W Solar Panel With USB Waterproof Outdoor Hiking And Camping Portable Battery Mobile Phone Charging Bank Charging Panel 5V,₱150.68,N/A,https://www.lazada.com.ph/products/pdp-i15451387050.html
Mini Solar Panel 3Watt 9 Volt Pv Solar Module Solar Cell Panel 143X236X18 MM,₱499.00,N/A,https://www.lazada.com.ph/products/pdp-i3356430513.html
[COD] 200w+ Monocrystalline Solar Panel [Full Power Promise] Green Power Investment Ganerate 1.2kWh a Day,"₱4,599.00",N/A,https://www.lazada.com.ph/products/pdp-i3301302178.html
【Buy 1 Take 1】Original Solar Panel 5W Output Micro Usb Outdoor Portable Solar Panel Set Home Full Set Energy Saving Electrical Circuitry Parts,₱88.00,N/A,https://www.lazada.com.ph/products/pdp-i4018843371.html
150W Solar Panel Complete Set 12V DC USB With 60A/100A Solar Controller Solar Cell solar battery for home appliances,"₱1,155.00",N/A,https://www.lazada.com.ph/products/pdp-i2965291693.html
High-efficiency Solar Panel Solar Cell Panel Portable Solar Panel Power Bank for Outdoor Activities Lightweight Type-c Charger for Camping Hiking and Cycling Emergency Phone Charger,₱233.00,N/A,https://www.lazada.com.ph/products/pdp-i5253133809.html
Flexible DIY Polycrystalline Solar Panel,₱75.00,N/A,https://www.lazada.com.ph/products/pdp-i5184721113.html
Small Solar Panel Solar Charging Panel 5W Energy Saving for Laptop,₱176.00,N/A,https://www.lazada.com.ph/products/pdp-i5053382093.html
300W600W Solar Panel Kit Complete12V Polycrystalline USB Power Portable Outdoor Rechargeable Solar Cell Solar Generator for Home,₱767.88,N/A,https://www.lazada.com.ph/products/pdp-i5266410642.html
Dokio 18V 100W Flexible Foldable Solar Panel 12V Controller Portable Solar Panel For Camping/Travel/RV,"₱5,216.40",N/A,https://www.lazada.com.ph/products/pdp-i4839311212.html
"Portable Solar Panel Charger With Adapter Cable Integrated Solar Panel Usb Charger Heavy Duty Solar Generator 18W 21W Solar Panel Only Folding Waterproof Outdoor Compatible with Portable Generator, Smartphones, Tablets and More",₱798.00,N/A,https://www.lazada.com.ph/products/pdp-i4305701959.html
Denko Solar Panel 6V 1W 7cm x 11.5cm,₱350.00,N/A,https://www.lazada.com.ph/products/pdp-i5385666469.html
Delixi Solar Panel 18 Volt Pv Solar Module Solar Cell Panel Generator For Battery Tv and Fana True Wattage 5 Year Warranty,₱799.00,N/A,https://www.lazada.com.ph/products/pdp-i4024196725.html
Solar Panel Charger Waterproof 20W 5V 1600MA Outdoor Solar Panels Type-C Output Lightweight for Wireless Outdoor Security Camera,₱680.38,N/A,https://www.lazada.com.ph/products/pdp-i15390293863.html
YUYOU | Solar Photovoltaic Panel for Off-Grid Power Generation,"₱1,010.66",N/A,https://www.lazada.com.ph/products/pdp-i15388618305.html
gumahus | 60W High Power Photovoltaic Solar Panel,₱932.45,N/A,https://www.lazada.com.ph/products/pdp-i5376109858.html
5W 12V Solar Panel Portable Solar Power Polycrystalline Siliocone Solar Charger Mini High Efficiency Solar Module with Clips,₱517.48,N/A,https://www.lazada.com.ph/products/pdp-i5283805651.html
E-WOITD Mini Solar Panel 1W 5V USB Monocrystalline Solar Panel Power Module Charger Outdoor Polycrystalline DIY,₱193.88,N/A,https://www.lazada.com.ph/products/pdp-i15455570086.html
Solar Panel 6V 1 Watts 8 cm x 11cm,₱350.00,N/A,https://www.lazada.com.ph/products/pdp-i5385708549.html
12v car battery charging 100W semi-flexible monocrystalline silicon solar panel photovoltaic outdoor power generation RV,₱835.33,N/A,https://www.lazada.com.ph/products/pdp-i4951359463.html
"500W solar panel 12V household photovoltaic system with controller, camping room, vehicles and ships, high-efficiency solar cell","₱1,268.15",N/A,https://www.lazada.com.ph/products/pdp-i5156500034.html
BOSCA 5 Year Warranty 320W Solar Panel Mono 320 Watt 12 Volt Pv Solar Module Solar Cell Panel COD,"₱8,575.00",N/A,https://www.lazada.com.ph/products/pdp-i2847304255.html
【eryu01】15W Solar Panel 12-18V Solar Cell Solar Panel for Phone RV Car MP3 PAD Charger Outdoor Battery Supply,₱851.40,N/A,https://www.lazada.com.ph/products/pdp-i5318410222.html
60W/100W Folding Solar Panel 18V Silicon Solar Panel Portable Solar Charger Photovoltaic Panel WITH Dual Outputs Waterproof High Efficiency for Camping RV,₱109.00,N/A,https://www.lazada.com.ph/products/pdp-i5036470300.html
12W 8W 4W 3.8W Solar Panel Charger with 5 TYPE USB CABLE for Outdoor Camping CL-638 CL-650 CL-1615 CL-680,₱239.00,N/A,https://www.lazada.com.ph/products/pdp-i5382994794.html
1000W Solar Panel 12V Solar Cell 10A-100A Controller Solar Plate Kit For Phone RV Car Caravan Home Camping Outdoor Battery,₱987.01,N/A,https://www.lazada.com.ph/products/pdp-i4606120429.html
gumahus | Off-Grid Solar Panel,"₱1,856.93",N/A,https://www.lazada.com.ph/products/pdp-i5242517844.html
DL Solar light panel 2 pin lamp panel 25W/6V aluminum ip67 solar street light panel flood light panel,₱239.00,N/A,https://www.lazada.com.ph/products/pdp-i4327617169.html
3W solar power panel USB multi-function interface fast charging mobile board 3M lead solar,₱149.00,N/A,https://www.lazada.com.ph/products/pdp-i15482866086.html
BOSCA Solar Panel Charger 12V 16W Can charge any mobile & any battery under 12V BS-1216 with clip cable smart chip UBS cable,₱659.00,N/A,https://www.lazada.com.ph/products/pdp-i3230085085.html
【E-WOITD】 1Pc Solar Panel 5V 60MA For Mini Solar Panel Charging And Generating Electricity,₱54.51,N/A,https://www.lazada.com.ph/products/pdp-i15435163466.html
【Glass A+】Dual-Glass 600Watts Solar Panel Monocrystalline Solar Panels Heavy Duty Generate 3.6kwh Per Day,"₱7,599.00",N/A,https://www.lazada.com.ph/products/pdp-i5047443405.html
"BLUETTI Sora 220W Solar Panel for IP67 waterproof Portable Power Station EB3A AC2A AC50B AC70 AC180 AC200L AC300 AC500 B300K, Foldable Solar Charger with Adjustable Kickstands for RV, Camping, Blackout","₱20,999.00",N/A,https://www.lazada.com.ph/products/pdp-i4565439678.html
"Renogy 80W/120W/220W Portable Solar Panel for Power Station, 12V Foldable Solar Panel for Camping RV of 23.5% Efficiency Mono Solar Module, with IP67 etfe Lamination, Adjustable Kickstand for Off Grid","₱7,999.00",N/A,https://www.lazada.com.ph/products/pdp-i15461400756.html
Solar Panel Charger 5W USB Monocrystalline Portable 3W 6W IP67 Waterproof Foldable Thin Paper-Shaped 5V High Efficiency,₱175.75,N/A,https://www.lazada.com.ph/products/pdp-i15392488508.html
[COD] SHGMYD 1Pc Solar Panel 5V 60MA For Mini Solar Panel Charging And Generating Electricity,₱48.44,N/A,https://www.lazada.com.ph/products/pdp-i5341752372.html
[COD] AqToCna Ship within 24 hours 1Pc Solar Panel 5V 60MA For Mini Solar Panel Charging And Generating Electricity,₱44.60,N/A,https://www.lazada.com.ph/products/pdp-i15432731096.html
FlashFish Solar Panel TSP100W Monocrystalline Silicon Waterproof Solar Panel For FlashFish Portable Power Stations with Adjustable Kickstand Foldable Solar Power Supplies for Outdoor Camping Emergency Power,"₱3,999.00",N/A,https://www.lazada.com.ph/products/pdp-i4043698338.html
TENXI3 Portable Module DIY Small Solar Panel For Cellular Phone Charger Home Light Toy Etc Solar Cell,₱48.50,N/A,https://www.lazada.com.ph/products/pdp-i4967167511.html
"Solar Panel 4W, 8W, 15W for charging batteries energy saving fast charging with 5 USB heads KP389",₱249.00,N/A,https://www.lazada.com.ph/products/pdp-i3459627868.html
LairtPow 120W Portable Foldable Solar Panel for BLUETTI / EF / Jackery / DJI / Segway / Uapow etc brand Power Station,"₱8,999.00",N/A,https://www.lazada.com.ph/products/pdp-i5357420465.html
[COD]🔥🔥🔥 1Pc Solar Panel 5V 60MA For Mini Solar Panel Charging And Generating Electricity,₱59.81,N/A,https://www.lazada.com.ph/products/pdp-i5363307672.html
JUMBO Foldable Solar Panel IP65 Waterproof Charger 18V for Outdoor Power Portable uninterrupted power Fast charging,₱476.00,N/A,https://www.lazada.com.ph/products/pdp-i4098097164.html
300W 150W Solar Panel 12V Solar Cell 10A-60A Controller Solar Panel for Phone RV Car MP3 Pad Charger Outdoor Battery Supply,₱902.60,N/A,https://www.lazada.com.ph/products/pdp-i15438734098.html
🚚【Local Express Delivery】🚚 1Pc Solar Panel 5V 60MA For Mini Solar Panel Charging And Generating Electricity,₱47.62,N/A,https://www.lazada.com.ph/products/pdp-i15458503142.html
"500W Flexible Solar Panel Mobile Power Supply Suitable For Housing, Camping, And RV Power Supply","₱1,238.43",N/A,https://www.lazada.com.ph/products/pdp-i5308746190.html
Solar panel 100W solar panel board monocrystalline silicon power generation panel 18V With controller high conversion rate 0 electricity bill waterproof lightning solar charging panel 15 year Warranty Outdoor home generator Waterproof,"₱2,199.00",N/A,https://www.lazada.com.ph/products/pdp-i4541861835.html
10W Solar Panel for Security Camera 5V Type-C/Micro-USB Port Camera Solar Panel Charger with IP65 Waterproof / 9.84ft Cable / 360 Degrees Adjustable Bracket,₱756.10,N/A,https://www.lazada.com.ph/products/pdp-i4368639909.html
16V 100W Flexible Solar Panel with MC4 Output Connector Bendable Waterproof Monocrystalline Best Solar Panel for RV Boat,"₱1,588.00",N/A,https://www.lazada.com.ph/products/pdp-i15450976917.html
Hitools 300 watts Solar Panel original 18Volt Pv Solar Cell Panel generator set for home 220v complete set battery,₱899.00,N/A,https://www.lazada.com.ph/products/pdp-i4757722239.html
1000W Foldable Solar Panel 18V Portable Solar Cells Folding Bag USB+DC Output For Outdoor Hiking Camping Mobile Phone Charging,"₱2,848.21",N/A,https://www.lazada.com.ph/products/pdp-i5203347778.html
Full-tile 100W200W300W Single Crystal Photovoltaic Panel Assembly Solar panels can be charged with 12V24V batteries.,"₱3,010.35",N/A,https://www.lazada.com.ph/products/pdp-i5279077000.html
gumahus | Polycrystalline 6V Solar Panel 60W,"₱1,038.18",N/A,https://www.lazada.com.ph/products/pdp-i15402184830.html
600W Solar Panel portable solar panel kit Monocrystalline Silicon 100A Charge Controller Solar Panel Kit Car Ship Charging Tools,₱820.27,N/A,https://www.lazada.com.ph/products/pdp-i5267004456.html
【E-WOITD】 Mini Solar Panel 1W 5V USB Monocrystalline Solar Panel Power Module Charger Outdoor Polycrystalline DIY,₱210.14,N/A,https://www.lazada.com.ph/products/pdp-i15387207542.html
Solar Panel for Anker Products Solar Panel with Charging While Burning Feature 5w Solar Panel with Micro Usb/type-c Outputs Waterproof Lightweight Solar Panel Kit for Outdoor Use,₱753.13,N/A,https://www.lazada.com.ph/products/pdp-i5232460165.html
25W Portable Solar Panel Charger 5V USB and 12V DC Dual Output with Solar Controller for 12V Battery Phone Power Bank RV Marine,"₱1,344.01",N/A,https://www.lazada.com.ph/products/pdp-i15435102292.html
【liuxiaomei】12V Solar Panel Kit Complete 30W Power Portable Outdoor Rechargeable Solar Cell Generator for HomeHope you have a pleasant shopping experience<br><br>,₱533.80,N/A,https://www.lazada.com.ph/products/pdp-i15398875215.html
6V 6W 1A Solar Panel 5 in 1 Charging Cable Outlet USB DC Type-C Outdoor Home Portable IP65 Waterproof Solar Panel for Mobile Phone Camera Fan Power Bank,₱325.00,N/A,https://www.lazada.com.ph/products/pdp-i5047035796.html
DIY Monocrystalline Solar Panel,₱104.00,N/A,https://www.lazada.com.ph/products/pdp-i4680303017.html
CL-630 3W Solar Panels,₱145.00,N/A,https://www.lazada.com.ph/products/pdp-i1541820212.html
Flexible Outdoor Portable Solar Panel,"₱7,334.00",N/A,https://www.lazada.com.ph/products/pdp-i15455374336.html
[Bosca] Solar Panel 12V 20W/30W/50W/100W/160W/200W/300W/360W/450W Monocrystalline 182 Cells 10 Busbar COD,"₱3,067.00",N/A,https://www.lazada.com.ph/products/pdp-i5234701365.html
Monocrystalline Solar Panel,"₱1,226.00",N/A,https://www.lazada.com.ph/products/pdp-i15418370484.html
60W 80W 100W Foldable Solar Panel Portable Solar Cell Folding Bag With USB+DC For Outdoor Hiking Camping Mobile Phone Charging,"₱2,845.30",N/A,https://www.lazada.com.ph/products/pdp-i15442795316.html
Ja Solar Degraded Small Panel -415W 1722* Large spot supply,"₱3,167.96",N/A,https://www.lazada.com.ph/products/pdp-i5042681394.html
1000W Solar Panel 12V Solar Cell With 60A 100A Controller Solar Charge for Phone RV Car MP3 PAD Charger Outdoor Battery Supply,"₱1,086.01",N/A,https://www.lazada.com.ph/products/pdp-i4708649145.html
Solar Panel Household Charging Panel 6W/12W/25W/35W/55W/80W solar lamp panel for flood Street,₱899.00,N/A,https://www.lazada.com.ph/products/pdp-i15492257445.html
[frthrthrt]12V Solar Panel Kit Complete 30W Power Portable Outdoor Rechargeable Solar Cell Generator for Home,₱533.80,N/A,https://www.lazada.com.ph/products/pdp-i5394453589.html
BOSCA 5 Year Warranty 220W Solar Panel Mono 220 Watt 12 Volt Pv Solar Module Solar Cell Panel COD,"₱5,489.00",N/A,https://www.lazada.com.ph/products/pdp-i2909837646.html
Dokio 12V 100W Flexible SolarPanel & 5V USB Solar Charger For Car/Boat High Quality Portable Panel Solar 100w China,"₱2,349.70",N/A,https://www.lazada.com.ph/products/pdp-i4815035662.html
50 WATT 12 VOLT MONOCRYSTALLINE SOLAR PANEL,"₱1,550.00",N/A,https://www.lazada.com.ph/products/pdp-i4362455950.html
12V 40W Solar Panel Trickle Car Battery Charger Power Portable Waterproof Boat Solar Panel Suction Cup,₱948.12,N/A,https://www.lazada.com.ph/products/pdp-i4541888333.html
Solar Panel 150W Monocrystalline Photovoltaic System House Chalet Motorhome,"₱3,750.00",N/A,https://www.lazada.com.ph/products/pdp-i513568696.html
12V Solar Panel Polysilicon 10W Solar Charger EVA Laminated Solar Power Bank with DC Port Carabiner for 3.7V Battery/Garden Lamp,₱509.45,N/A,https://www.lazada.com.ph/products/pdp-i5356532460.html
Flowatt 80W/100W/120W Flexible Solar Panel Monocrystalline Silicon Photovoltaic Solar Module for Outdoor Home Garden Rv Rechargeable Power System Flexible Solar Cell Panel,"₱2,699.00",N/A,https://www.lazada.com.ph/products/pdp-i5161239066.html
【Acmdehk】300W Solar Panel 12V 5V Dual USB Controller Waterproof Monocrystalin Solar Cells Battery Charger,"₱1,196.74",N/A,https://www.lazada.com.ph/products/pdp-i5317145850.html
50 Watt 12 Volt Monocrystalline Photovoltaic Solar Panel,"₱1,550.00",N/A,https://www.lazada.com.ph/products/pdp-i2544284684.html
Solar Panel Charger Solar Panel 50W Dual USB for Mobile Phone,"₱1,521.00",N/A,https://www.lazada.com.ph/products/pdp-i5044329689.html
Solar Panel 200W 500W Household Charging Panel Module generator set for home with inverter,"₱2,999.00",N/A,https://www.lazada.com.ph/products/pdp-i5245993931.html
Promate 120 & Foldable Solar Panel SP30W-F Bundle,"₱12,699.00",N/A,https://www.lazada.com.ph/products/pdp-i2288316910.html
Spark 370W450W540W High Power Single Crystal Half Solar Panel Photovoltaic Off-grid Power Generation Module,"₱9,157.14",N/A,https://www.lazada.com.ph/products/pdp-i5155988806.html
Solar Panel Single Crystal 60w,"₱1,163.00",N/A,https://www.lazada.com.ph/products/pdp-i15424505188.html
Foldable Solar Panel 100W - CTECHi,"₱5,999.00",N/A,https://www.lazada.com.ph/products/pdp-i4244256550.html
Brand-new full-power A-class 450W single crystal flexible solar panel power generation panel for direct charging 12V electric vehicles.,"₱5,106.56",N/A,https://www.lazada.com.ph/products/pdp-i4994082259.html
Flowatt 20W Flexible Solar Panel New Monocrystalline Silicon Solar Panels Mono 20Watt 18Volt PV Solar Module Solar Cell Panel,₱699.00,N/A,https://www.lazada.com.ph/products/pdp-i4527053567.html
Solar Charger Waterproof Foldable Solar Panel Portable Durable High Conversion Rate 30W 5V with Dual USB Output for Camping Hiking Travel,"₱1,904.75",N/A,https://www.lazada.com.ph/products/pdp-i5061533441.html
ZwitseRise 250W Solar Panel 1640 x 992 x 40 mm Polycrystalline ZRSP250WB,"₱10,500.00",N/A,https://www.lazada.com.ph/products/pdp-i5385666592.html
Akari Mini Solar Panel (ASP-12V3W),"₱1,507.40",N/A,https://www.lazada.com.ph/products/pdp-i5073889955.html
300W Solar Panel 18 Volt Pv Solar Module Solar Panel Multifuncitional And Portable Generator,₱959.00,N/A,https://www.lazada.com.ph/products/pdp-i4293130978.html
4W Solar Panels for Eufy Eufycam 2/2 Pro/2C/2C Pro/E Wall Mount with 9.8ft Power Cable,₱865.29,N/A,https://www.lazada.com.ph/products/pdp-i5308784118.html
Solar Panel 3.7 volts with extra charging cable,₱549.00,N/A,https://www.lazada.com.ph/products/pdp-i4536055610.html
Home Photovoltaic Charging Solar Panel 100w 12v,"₱1,711.00",N/A,https://www.lazada.com.ph/products/pdp-i4572805157.html
50W 12V Polycrystalline Solar Panel,"₱2,016.00",N/A,https://www.lazada.com.ph/products/pdp-i263549324.html
100W Watt Single Crystal Photovoltaic Panel Assembly Solar panels can be charged with 12V batteries.,"₱1,100.12",N/A,https://www.lazada.com.ph/products/pdp-i5139799772.html
Spark 550W Single Crystal Solar Panel Half-Chip Technology Outdoor Module for Photovoltaic Power Generation Household Grid Connection,"₱6,635.38",N/A,https://www.lazada.com.ph/products/pdp-i5130198502.html
Yingli Solar Panel Mono 100w,"₱7,259.00",N/A,https://www.lazada.com.ph/products/pdp-i1194914589.html
Polycrystalline 20W solar panels photovoltaic panels to charge 12V batteries in some areas.,₱605.22,N/A,https://www.lazada.com.ph/products/pdp-i5134672965.html
Monocrystalline Silicon Solar Panel 50W Efficient and Stable Aluminum Frame DC 18V Portable Solar Panel 9.8FT Cable for Hiking,₱779.31,N/A,https://www.lazada.com.ph/products/pdp-i4622256570.html
5Pcs 10W 6V Mini Solar Panel PET Monocrystalline Cell Power Module Battery Board Toys Charger Light DIY Outdoor sun,"₱1,109.00",N/A,https://www.lazada.com.ph/products/pdp-i435042802.html
Flexible Solar Panel 12v,"₱4,031.00",N/A,https://www.lazada.com.ph/products/pdp-i15456811481.html
MUHUASHA | Multipurpose Solar Panel for Battery and Phone Charging,"₱4,669.81",N/A,https://www.lazada.com.ph/products/pdp-i15400332500.html
ZwitseRise 100W Solar Panel 1200 x 530 x 35 mm Polycrystalline ZRSP100WB,"₱4,115.00",N/A,https://www.lazada.com.ph/products/pdp-i5385687542.html
Foldable Solar Panel Charger 25% High Efficiency Portable N Type Cell USB-C/USB-A/DC12V MPPT Fast Charging IP67 Waterproof Lightweight Solar Charger for Outdoor Travel Camping Hiking Fishing Emergency,"₱1,699.00",N/A,https://www.lazada.com.ph/products/pdp-i15458182098.html
20W Solar Panel 12V/5V USB2.0 Solar Car Charger Outdoor Portable Monocrystalline Silicon Flexible Solar Panel,₱792.30,N/A,https://www.lazada.com.ph/products/pdp-i4567507338.html
AK | Foldable Portable Solar Panel 120W,"₱2,789.00",N/A,https://www.lazada.com.ph/products/pdp-i15462386788.html
Photosynthetic Silicon Energy Vehicle-mounted Solar Panel 100w Semi-flexible Portable 18v Photovoltaic Power Generation Charging Vehicle,₱709.56,N/A,https://www.lazada.com.ph/products/pdp-i4847711637.html
"6V High quality fast charging 5 in 1 8W solar panel charger, suitable for camping lights and mobile phones",₱229.00,N/A,https://www.lazada.com.ph/products/pdp-i4863037375.html
PowMr6W/10W/20W/40W/50W/60W/80W/100W/120W/150W/200W/300W Flexible Solar Panel Monocrystalline Solar Cell DIY Cable Outdoor Car RV Waterproof Rechargeable Power System,"₱4,658.00",N/A,https://www.lazada.com.ph/products/pdp-i4484665160.html
HOMZO 30W 18V Portable Solar Panel High Efficiency Polycrystalline Silicon Waterproof IP65 for Outdoor Camping Hiking Travel Caravan Boat Truck,₱490.00,N/A,https://www.lazada.com.ph/products/pdp-i15468677001.html
250W Solar Panel Kit with 10A Charge Controller Monocrystalline for RV Car and Boat Battery Charging,"₱2,241.20",N/A,https://www.lazada.com.ph/products/pdp-i4989549912.html
"🥇Moderngrid 60W 40W Foldable Solar Panel Charger: Portable ETFE Waterproof Monocrystalline Battery Charger with USB-C, USB-A, DC Output & 10-in-1 Connectors Anderson for Power Station, iPhone, iPad, Galaxy, Tablet, Camera, GPS, Drone, RV, Camping, Hiking","₱3,188.88",N/A,https://www.lazada.com.ph/products/pdp-i15463517341.html
"Portable Foldable Monocrystalline Solar Panel Charger | Fast Charging Power Bank for Outdoor, Stable","₱1,399.00",N/A,https://www.lazada.com.ph/products/pdp-i15435098317.html
20W 5V Shingled Solar Panel Micro USB & USB-C Port Solar Panel Charger IP65 Waterproof Solar Charging Panel for Security Camera,₱830.74,N/A,https://www.lazada.com.ph/products/pdp-i5186295593.html
Dokio 200W 18V Flexible Foldble Solar Panel With 12V USB Charge Controller Portable Solar Cell Kit For Boats/Out-door Camping,"₱10,239.29",N/A,https://www.lazada.com.ph/products/pdp-i529524131.html
BOSCA 5 Year Warranty 320W Solar Panel Mono 320 Watt 12 Volt Pv Solar Module Solar Cell Panel COD,"₱8,589.00",N/A,https://www.lazada.com.ph/products/pdp-i2847327560.html
Greenfield Foldable Solar Panel 30 Watts | Compatible with Solar Setup or Power Station | Portable Solar Panel,"₱3,450.00",N/A,https://www.lazada.com.ph/products/pdp-i4248369681.html
BOSCA 5 Year Warranty 25W Solar Panel Mono 25 Watt 12 Volt Pv Solar Module Solar Cell Panel COD,₱975.00,N/A,https://www.lazada.com.ph/products/pdp-i2682388328.html
60W Photovoltaic Solar Panel 12Volt Trickle Battery Charger for RVs Caravans Boats Charging System for Houses,₱601.14,N/A,https://www.lazada.com.ph/products/pdp-i5371972631.html
15W 12V Solar Panel Polycrystalline Solar Charger Suitable For Garden Light RV Outdoor Solar Panels Camera Security Monitoring,₱714.92,N/A,https://www.lazada.com.ph/products/pdp-i5302699643.html
JuEeyl Solar Panel 1W 5V DIY Small Solar Silicon Panel for Cellular Phone Charger Home Light Toy Solar Cell Board,₱71.33,N/A,https://www.lazada.com.ph/products/pdp-i4696120344.html
BOSCA 320W Solar Panel Mono 320 Watt 12 Volt Pv Solar Module Solar Cell Panel (Original) 5 Years Warranty,"₱9,499.00",N/A,https://www.lazada.com.ph/products/pdp-i4016074877.html
BOSCA 5 Year Warranty 160W Solar Panel Mono 160 Watt 12 Volt Pv Solar Module Solar Cell Panel COD,"₱3,455.00",N/A,https://www.lazada.com.ph/products/pdp-i2682314707.html
Portable 5W Solar Panel,₱540.79,N/A,https://www.lazada.com.ph/products/pdp-i15421114555.html
1/2 Pcs Solar Panel 100MA 1W 3V Mini Small Solar Panel Module with Cable Solar Battery Charger for 2-3V Battery Charging,₱105.00,N/A,https://www.lazada.com.ph/products/pdp-i4564394407.html
5W 6V Solar panel Micro Usb Outdoor Portable Solar Panel set for Rechargeable Emergency LED light Regulators Solar Panel Kalle,₱88.00,N/A,https://www.lazada.com.ph/products/pdp-i4328047667.html
PECRON PV100 100W Portable Solar Panel Waterproof IP67 for E300LFP/E500LFP/E600LFP/E1500LFP RV Outdoor Travel Camping,"₱8,500.00",N/A,https://www.lazada.com.ph/products/pdp-i4051482448.html
solar pad solar panel 500w original 18V Monocrystalline Silicon Power Generation Panel solar battery heavy duty Pv Solar Module Cell Panel generator set for home with controller,₱748.00,N/A,https://www.lazada.com.ph/products/pdp-i4523010704.html
WEIBAN | Solar Power Generation Board Solar Panel,₱876.00,N/A,https://www.lazada.com.ph/products/pdp-i15423407252.html
300W 600W Flexible Solar Panel 12V 24V Solar Charge Battery Kit with 60A Controller for Camping RV Home Outdoor Solar Power Bank,"₱4,114.43",N/A,https://www.lazada.com.ph/products/pdp-i5015386133.html
JDSTAR CL-680 8W Solar Panels,₱375.00,N/A,https://www.lazada.com.ph/products/pdp-i2779499377.html
PIYU PowMr 6W/20W/40W/60W/80W/100W/150W/200W Flexible Solar Panel Flexible Monocrystalline Solar Cell DIY Cable Outdoor Car RV Waterproof Rechargeable System,"₱3,297.00",N/A,https://www.lazada.com.ph/products/pdp-i15448441454.html
gumahus | Off-Grid Solar Panel 6v,₱825.00,N/A,https://www.lazada.com.ph/products/pdp-i15422814272.html
16 volts 10w SOLAR PANEL SOLAR CELLS HIGH QUALITY CHARGER BOARD,₱457.00,N/A,https://www.lazada.com.ph/products/pdp-i4734757349.html
3W 6V Solar Panel Waterproof Solar Cell Panel 360° Adjustable Bracket with 1M Charging Cable for Outdoor Video Doorbell Camera,₱391.45,N/A,https://www.lazada.com.ph/products/pdp-i5308553266.html
BigBlue 21W/28W Solar Panel Small 2/3USB Port (5V/4.8A) Solar Charger Solar Charger Foldable IPX4 Waterproof Earthquake Disaster Outdoor iPhone iPad Android Samsung Galaxy LG Compatible,"₱2,999.00",N/A,https://www.lazada.com.ph/products/pdp-i15460566326.html
Epoxy Resin Solar Panel Polycrystalline 7.5V 100mA | 5V 200mA,₱220.00,N/A,https://www.lazada.com.ph/products/pdp-i2990162432.html
TP-Link Tapo A201 Solar Panel,"₱1,099.00",N/A,https://www.lazada.com.ph/products/pdp-i4608447301.html
1000W 500W High-Efficiency Flexible Solar Panel Kit with 12V Battery Charger & 100A Controller for RV Yacht Boat Off-Grid Power,"₱1,166.20",N/A,https://www.lazada.com.ph/products/pdp-i5198245104.html
"Denko Solar Panel 5V 300mA, Solar Panel for Project",₱500.00,N/A,https://www.lazada.com.ph/products/pdp-i5385703404.html
100W Foldable Solar Panel Charger Portable IP65 Waterproof USB Solar Power Charger with 2 Hooks and,"₱1,699.00",N/A,https://www.lazada.com.ph/products/pdp-i15463630743.html
Sunpower Portable Solar Panel 5V Solar Plate With USB Safe Stabilize Charger For Power Bank Phone Outdoor Camping Home RV Gift,₱149.57,N/A,https://www.lazada.com.ph/products/pdp-i5308551612.html
Solar panel 150W 300W solar panel board monocrystalline silicon power generation panel 18V household high conversion rate 0 electricity bill waterproof lightning solar charging panel 5 year Warranty,"₱1,080.00",N/A,https://www.lazada.com.ph/products/pdp-i4129735314.html
"Portable Solar Panel Foldable Solar Charger 30W Monocrystalline for Backpacking Portable Foldable Monocrystalline Solar Panel Charger | Fast Charging Power Bank for Outdoor, Stable","₱1,719.00",N/A,https://www.lazada.com.ph/products/pdp-i15465123061.html
SUNKET 10BB New Technology German Top Quality Monocrystalline Solar Panel 100W 36 Cells 5 Year Warranty,"₱3,000.00",N/A,https://www.lazada.com.ph/products/pdp-i3265625853.html
【Vodool Auto Center】 30W 18V Solar Charging Panel Waterproof Portable Solar Panel Charger for Car Automotive Boat Marine RV Trailer,₱725.00,N/A,https://www.lazada.com.ph/products/pdp-i15453278243.html
6V 10W Solar Panel Polycrystalline Deformation Resistant Silicon Camping Hiking Mountaineering 1660mA Solar Charger Plate,₱863.48,N/A,https://www.lazada.com.ph/products/pdp-i15437490858.html
【True power】UORRIS Solar Panels 200 Watts Pv Module Cell Panel Generator Set For Home,"₱1,799.00",N/A,https://www.lazada.com.ph/products/pdp-i15489484817.html
🔥 NEW High Quality Fast Charging 6V3W Solar Panels Charger With 5 Type USB CABLE For Camping For Cellphone,₱243.66,N/A,https://www.lazada.com.ph/products/pdp-i4638713145.html
5V 35W Sunpower Portable Solar Panel With USB Safe Stabilize Charger For Phone Power Bank Outdoor Camping Home RV Gift Use,₱377.18,N/A,https://www.lazada.com.ph/products/pdp-i5268145121.html
【3PCS】200watts Solar Panel Dual Glass 10Years Guaranty Generate 1.2kwh For Your House Life,"₱12,599.00",N/A,https://www.lazada.com.ph/products/pdp-i4149974997.html
Solar Panel For Charging Cellphone And 12V Battery Charger Panel CL-1615 16V 15WATTS,₱599.00,N/A,https://www.lazada.com.ph/products/pdp-i3355730460.html?spm=a2o4l.searchlist.list.18.110c62b3Op5RL8
1000W Solar Panel Folding Bag USB+DC Output Solar Charger Portable Foldable Solar Charging Device for Outdoor Power Supply,"₱2,652.15",N/A,https://www.lazada.com.ph/products/pdp-i15444602667.html?spm=a2o4l.searchlist.list.22.110c62b3Op5RL8
30W Sunpower Portable Solar Panel 5V Solar Plate WithUSB Safe Stabilize Charger ForPower Bank Phone Outdoor Camping Home RV Gift,₱400.73,N/A,https://www.lazada.com.ph/products/pdp-i4712111258.html?spm=a2o4l.searchlist.list.25.110c62b3Op5RL8
Gracekarin Efficient 5W Solar Panel with USB Output for Phones and Electronic Devices NEW,₱243.00,N/A,https://www.lazada.com.ph/products/pdp-i15445318625.html?spm=a2o4l.searchlist.list.27.110c62b3Op5RL8
"【Buy 1 Take 1】Solar Charging Panel 10W 6V Fast Charging Solar Panel with 4 USB Ports, Waterproof Suitable for Outdoor Camping",₱339.00,N/A,https://www.lazada.com.ph/products/pdp-i15406619012.html?spm=a2o4l.searchlist.list.32.110c62b3Op5RL8
"Waterproof 3W Solar Panel with USB 5V Output – Outdoor Portable Solar Charger, Compatible with Phones, and Power Banks",₱219.00,N/A,https://www.lazada.com.ph/products/pdp-i5278114148.html?spm=a2o4l.searchlist.list.38.110c62b3Op5RL8
NSS Waterproof 9V 5W 8W Solar Panel With Multi-Head USB Charger Durable 3M Cord Functional Solar,₱248.00,N/A,https://www.lazada.com.ph/products/pdp-i5060027067.html?spm=a2o4l.searchlist.list.43.110c62b3Op5RL8
【COD】5W Solar Panel With Charge Cable 6V Polysilicon Solar Power Panel Outdoor Emergency Solar Panel Micro USB Charge Cable 0 Electricity Bill In Aulis,₱75.48,N/A,https://www.lazada.com.ph/products/pdp-i4345033994.html?spm=a2o4l.searchlist.list.49.110c62b3Op5RL8
Flashfish 30W Monocrystalline Solar Panel Waterproof Portable Compact Size 18V High Efficiency Solar Panels for Power station Outdoor Camping Tent RV Boat,"₱1,899.00",N/A,https://www.lazada.com.ph/products/pdp-i4967737916.html?spm=a2o4l.searchlist.list.53.110c62b3Op5RL8
"Solar Panel 8W Can Charge Mobile Phone, Battery with USB Power Saving Fast Charging Uninterrupted",₱518.00,N/A,https://www.lazada.com.ph/products/pdp-i4874838716.html?spm=a2o4l.searchlist.list.56.110c62b3Op5RL8
Seraphim 585W 620W Bifacial Solar Panel Seco series,"₱8,507.00",N/A,https://www.lazada.com.ph/products/pdp-i5079723843.html?spm=a2o4l.searchlist.list.60.110c62b3Op5RL8
【Free Shipping】Solar Panel 5W 6V Outdoor Portable Emergency Solar Panel Micro USB Charge Cable For Rechargeable LED Light Solar Generator Full Set,₱85.00,N/A,https://www.lazada.com.ph/products/pdp-i4018807573.html?spm=a2o4l.searchlist.list.65.110c62b3Op5RL8
4W Solar Panels for Eufy Eufycam 2/2 Pro/2C/2C Pro/E Wall Mount with 9.8ft Power Cable,₱865.29,N/A,https://www.lazada.com.ph/products/pdp-i5299940643.html?spm=a2o4l.searchlist.list.70.110c62b3Op5RL8
30W Portable Solar Panel 5 in 1 USB Phone Solar Charger Support Bracket Included Designed for Camping Backpacking Outdoor Power,₱384.07,N/A,https://www.lazada.com.ph/products/pdp-i5366926167.html?spm=a2o4l.searchlist.list.73.110c62b3Op5RL8
Solar Panel 300/100 Watts 18Volt Pv Solar Module Cell Panel Generator Set For Home waterploof With controller,₱899.00,N/A,https://www.lazada.com.ph/products/pdp-i4293156514.html?spm=a2o4l.searchlist.list.83.110c62b3Op5RL8
New Polycrystalline Photovoltaic Solar Panel 60W 6V,"₱1,199.00",N/A,https://www.lazada.com.ph/products/pdp-i15422850512.html?spm=a2o4l.searchlist.list.118.110c62b3Op5RL8
Solar Panel 150w Watts Mono Crystalline,"₱4,500.00",N/A,https://www.lazada.com.ph/products/pdp-i2426401090.html?spm=a2o4l.searchlist.list.120.110c62b3Op5RL8
BOSCA 5 Year Warranty 60W Solar Panel Mono 60 Watt 12 Volt Pv Solar Module Solar Cell Panel,"₱1,925.00",N/A,https://www.lazada.com.ph/products/pdp-i2682397173.html?spm=a2o4l.searchlist.list.122.110c62b3Op5RL8
16V 15W/6V 8W Solar Panel For Charging Cellphone And 12V Battery Charger Panel CL-680/CL-1615,₱399.00,N/A,https://www.lazada.com.ph/products/pdp-i3076749650.html?spm=a2o4l.searchlist.list.126.110c62b3Op5RL8
4V 0.2W Mini 2-Wire Epoxy Solar Panel 8 Solar Cells for Solar Projects 3x1 inch,₱95.00,N/A,https://www.lazada.com.ph/products/pdp-i4524076493.html?spm=a2o4l.searchlist.list.130.110c62b3Op5RL8
3W 6V Solar Panel Charger High Efficiency Portable Lightweight for Outdoor Camping Power Supply Emergency Backup Charge,₱209.00,N/A,https://www.lazada.com.ph/products/pdp-i5264806430.html?spm=a2o4l.searchlist.list.134.110c62b3Op5RL8
GUANGHEYUAN | Home Lithium Supply 200W Solar Panel,"₱1,429.55",N/A,https://www.lazada.com.ph/products/pdp-i5401927777.html?spm=a2o4l.searchlist.list.142.110c62b3Op5RL8
"5V 3W Portable Solar Panel Charger USB Waterproof Monocrystalline Power Supply Phone Security Camera, Outdoor Travel, RV",₱231.00,N/A,https://www.lazada.com.ph/products/pdp-i5276656108.html?spm=a2o4l.searchlist.list.144.110c62b3Op5RL8
SATA 1.2W 6V 2in1 5.5mm / micro Solar Panel DC Port Portable Polycrystalline Solar Charger Panel,₱300.00,N/A,https://www.lazada.com.ph/products/pdp-i5195814145.html?spm=a2o4l.searchlist.list.150.110c62b3Op5RL8
1Pc Solar Panel 5V 60MA For Mini Solar Panel Charging And Generating Electricity,₱47.38,N/A,https://www.lazada.com.ph/products/pdp-i15446172173.html?spm=a2o4l.searchlist.list.152.110c62b3Op5RL8
"YIBAR MAOHONG Solar Panel Portable For Fast Phone Charging,Outdoor Mini Solar Charger Outdoor Portable Solar Cell Plate",₱248.17,N/A,https://www.lazada.com.ph/products/pdp-i15389727591.html?spm=a2o4l.searchlist.list.154.110c62b3Op5RL8
"Portable Foldable Solar Panel Charger 2W-30W USB 5V/18V Output IP65 Waterproof 20% Efficiency for Camping, Emergencies, Phones, Laptops, Outdoor Power Supply",₱335.00,N/A,https://www.lazada.com.ph/products/pdp-i5050749027.html?spm=a2o4l.searchlist.list.157.110c62b3Op5RL8
Pack of Ten Efficient Miniature Solar Cell Panels Rated at a Voltage Level of approximately 1 5 Volts Great for All Uses,₱180.73,N/A,https://www.lazada.com.ph/products/pdp-i15445407963.html?spm=a2o4l.searchlist.list.160.110c62b3Op5RL8
【COD】5W Solar Panel With Charge Cable 6V Polysilicon Solar Power Panel Outdoor Emergency Solar Panel Micro USB Charge Cable 0 Electricity Bill In Phleo,₱225.00,N/A,https://www.lazada.com.ph/products/pdp-i4345028972.html?spm=a2o4l.searchlist.list.169.110c62b3Op5RL8
3W Solar Panel Board USB Charger Portable Outdoor Camping Travel Power Supply Waterproof Phone Charger Emergency Kit,₱229.00,N/A,https://www.lazada.com.ph/products/pdp-i5302944076.html?spm=a2o4l.searchlist.list.174.110c62b3Op5RL8
200W 300W Waterproof Solar Panel Set Monocrystalline Solar Panel Kit Battery USBsolar charge controller10A-100A solar For Car/Boat/ Home,"₱1,150.00",N/A,https://www.lazada.com.ph/products/pdp-i2946266163.html?spm=a2o4l.searchlist.list.188.110c62b3Op5RL8
Heavy Duty Mini Solar Panel 6V DC 0.58A 3.5W 10cm x 5.5cm,₱305.00,N/A,https://www.lazada.com.ph/products/pdp-i114718731.html?spm=a2o4l.searchlist.list.190.110c62b3Op5RL8
FUNG Solar Power Generation Solar Panels Portable Fold Solar Charging Panel Multifunctional Durable Solar Photovoltaic Panels Outdoors,"₱1,013.86",N/A,https://www.lazada.com.ph/products/pdp-i15453260631.html?spm=a2o4l.searchlist.list.193.110c62b3Op5RL8
🔥Bulacan Stock🔥100W Solar Panel Double USB Battery Charger DC 12V Solar Cells Panel Controller For Mobile Phone Vehicle Ship Emergency Charging Board Outdoor Camping,"₱1,035.69",N/A,https://www.lazada.com.ph/products/pdp-i3121052554.html?spm=a2o4l.searchlist.list.199.110c62b3Op5RL8
Solar Panel 10W 12V Polycrystalline IP65 Waterproof Portable 30A 10W 12V Solar Panel Kit Set Portable with Clip/ IP65 Water 30A Solar Charge Controller Combo for Outdoor,₱840.60,N/A,https://www.lazada.com.ph/products/pdp-i5204661130.html?spm=a2o4l.searchlist.list.202.110c62b3Op5RL8
New 12000mAh Solar Panel for CCTV with Micro USB & Type-C Charging Ports,"₱1,599.00",N/A,https://www.lazada.com.ph/products/pdp-i15391160395.html?spm=a2o4l.searchlist.list.205.110c62b3Op5RL8
NSS Solar Panel German Cell Aluminum with MC4 Connector High Efficiency IP65 Waterproof 80W/100W NS-100W,"₱4,559.00",N/A,https://www.lazada.com.ph/products/pdp-i3900203499.html
ZHOUYANG | Household Photovoltaic Solar Panel for 12/24V 100W,"₱3,713.22",N/A,https://www.lazada.com.ph/products/pdp-i15405487616.html
O3[LAJ2]10Pcs Mini Solar Panel New 0.5V 100mA Solar Cells Photovoltaic panels Module Sun Power battery charger DIY 53*18*2.5mm,₱131.00,N/A,https://www.lazada.com.ph/products/pdp-i15463462717.html
NSS Foldable Solar Panel Charger 18V 200W for Outdoor Power - Portable High Output Solar Charger,"₱5,100.00",N/A,https://www.lazada.com.ph/products/pdp-i4752917918.html
Suntech Photovoltaic Panel Class A Single Crystal 535W-540W-545W Double Glass Double-sided Solar Panel Original Factory Warranty,₱992.94,N/A,https://www.lazada.com.ph/products/pdp-i5069299260.html
Greenfield Foldable Solar Panel LFE 2X50W 36V,"₱16,000.00",N/A,https://www.lazada.com.ph/products/pdp-i4731250151.html
Flowatt 20W/40W Flexible Solar Panel New Monocrystalline Silicon Solar Panels Mono 20Watt 40Watt 18Volt PV Solar Module Solar Cell Panel,₱699.00,N/A,https://www.lazada.com.ph/products/pdp-i5161227007.html
MUHUASHA | High-Efficiency Monocrystalline Solar Panel,"₱8,247.84",N/A,https://www.lazada.com.ph/products/pdp-i15400188798.html
BOOMING LIGHTING | Monocrystalline Roof Solar Panel For Vehicles Battery Charging,"₱3,950.00",N/A,https://www.lazada.com.ph/products/pdp-i15409054540.html
KKmoon 2W 12V Solar Panel with Clips Polycrystalline Silicon Solar Cell DIY Waterproof Camping Portable Power Solar Panel Compatible for Street Light Garden Lamp Fan Pump,₱266.51,N/A,https://www.lazada.com.ph/products/pdp-i3785540487.html
【NEW】SOARFLY 30W Foldable Solar Panel with Four Output Solar Module fast charge（2×USB、1×Type-C、1×DC）,"₱2,015.04",N/A,https://www.lazada.com.ph/products/pdp-i4923478219.html
DOKIO 18V 200W Flexible Solar Panels Waterproof Monocrystalline Solar Panel Camping RV Home Charge 12V,"₱5,691.90",N/A,https://www.lazada.com.ph/products/pdp-i4834193826.html
Dokio 18V Monocrystalline Flexible Solar Panel For Camping/12V Battery/Car/Boat/ Home Waterproof Solar Panels China,"₱3,319.70",N/A,https://www.lazada.com.ph/products/pdp-i4834265282.html
【XIXINBO】Solar Panel 15W 12V for Long Lasting Energy Solutions in Outdoor Settings [good day],₱939.00,N/A,https://www.lazada.com.ph/products/pdp-i5204753070.html
10bb 100w solar panel solar home mc4,"₱3,195.00",N/A,https://www.lazada.com.ph/products/pdp-i1138042197.html
【liuxiaomei】600W Solar Panel Kit with 100A 18V Charge Controller Solar Charging for Outdoor RV Camping Boat Trailer SystemHope you have a pleasant shopping experience<br><br>,₱870.50,N/A,https://www.lazada.com.ph/products/pdp-i5364144218.html
BLUETTI PV200 PV100 200W 100W Solar Panel for AC200P/EB70/EB55/AC50S Portable Power Stations,"₱10,599.00",N/A,https://www.lazada.com.ph/products/pdp-i3429935631.html
2 pack GENTAI Solar Panel 200/400 Watt 12 Volt Monocrystalline Solar Panel High Efficiency Module,"₱4,399.00",N/A,https://www.lazada.com.ph/products/pdp-i5097967691.html
100W Solar Panel Folding Charger IP65 Waterproof USB Solar Power Charger with 2 Hooks and 1 Adapter Lightweight Outdoor Power,₱931.18,N/A,https://www.lazada.com.ph/products/pdp-i15438001014.html
"Portable Solar Panel Foldable Solar Charger 30W Monocrystalline for Backpacking Portable Foldable Monocrystalline Solar Panel Charger | Fast Charging Power Bank for Outdoor, Stable","₱1,719.00",N/A,https://www.lazada.com.ph/products/pdp-i15461843043.html
Postage solar panel polycrystalline photovoltaic power generation charging 48V60V72 V electric tricycle battery charging,"₱11,269.12",N/A,https://www.lazada.com.ph/products/pdp-i5069668556.html
Flowatt 50W/60W/100W/120W/150W Flexible Solar Panel Monocrystalline Silicon Solar Panel Home High Conversion IP67 Waterproof Rechargeable Power System,"₱1,299.00",N/A,https://www.lazada.com.ph/products/pdp-i5161021942.html
Bigsun Solar Panel POLY-50W is suitable for 12V battery charging,"₱1,288.00",N/A,https://www.lazada.com.ph/products/pdp-i2772781675.html
gumahus | Polycrystalline 60W Solar Panel 6V,"₱1,302.87",N/A,https://www.lazada.com.ph/products/pdp-i5376261086.html
"SOECOPO 900W Portable Solar Panel Kit - 3 Photovoltaic Panels, Free 100A Controller, Dual USB 5V Camping Equipment Power Supply","₱3,276.41",N/A,https://www.lazada.com.ph/products/pdp-i15440508185.html
E-WOITD Mini Solar Panel 1W 5V USB Monocrystalline Solar Panel Power Module Charger Outdoor Polycrystalline DIY,₱203.71,N/A,https://www.lazada.com.ph/products/pdp-i5231139761.html
20W 21V SUNRI Polycrystalline Solar Panel (1pcs),"₱2,199.00",N/A,https://www.lazada.com.ph/products/pdp-i4295157696.html
BOSCA Monocrystalline Solar Panel 5YEAR WARRANTY MONO 60W 120W 180W 240W 330W 12V Solar module cell 182 10 bus bar,₱779.00,N/A,https://www.lazada.com.ph/products/pdp-i4075904378.html
Onestar Solar Panel Charger 20W 30W 50W Solar With Mc4 Connector High Efficiency Ip65 Waterproof,"₱1,123.85",N/A,https://www.lazada.com.ph/products/pdp-i2993946292.html
KKmoon 30W Polycrystal Solar Panel Flexible Solar Panel For Camping Car Traveling Outdoor Emergency Power Accessory,₱889.02,N/A,https://www.lazada.com.ph/products/pdp-i2370819082.html
Monitor-specific Monocrystalline Solar Panel,"₱1,868.00",N/A,https://www.lazada.com.ph/products/pdp-i15455014402.html
Brand-new 300W-30W single crystal solar panels solar panels photovoltaic power generation 12V24V household,₱394.34,N/A,https://www.lazada.com.ph/products/pdp-i5025199612.html
SOECOPO 150W Monocrystalline Solar Panel with USB/Type-C/DC Triple Output for Camping/RV/Emergency Power,"₱1,355.78",N/A,https://www.lazada.com.ph/products/pdp-i5357100795.html
XIYUYANGGUANG | One-to-two Universal Monocrystalline Solar Panel,₱651.33,N/A,https://www.lazada.com.ph/products/pdp-i15430843324.html
Portable Solar Panel 100W 2.5 mm DC charger outdoor waterproof Multifunctional Portable electrical parts connectors,"₱1,888.00",N/A,https://www.lazada.com.ph/products/pdp-i4785434628.html
Mitsushi Household Solar Panel Photovoltaic Energy Storage Panel 18V Solar Panel Outdoor Waterproof Sun Power,"₱1,299.00",N/A,https://www.lazada.com.ph/products/pdp-i5398469456.html
30W Foldable solar panel 4 Fold portable solar panels charger USB DC Full time power solar panel mobile power supply,₱716.04,N/A,https://www.lazada.com.ph/products/pdp-i5272663942.html
TP-Link Tapo A200 Solar Panel,"₱2,490.00",N/A,https://www.lazada.com.ph/products/pdp-i4259960028.html
Monocrystalline Solar Panel Solar Panel Charger Fast Charging 12V for Outdoor,"₱2,438.95",N/A,https://www.lazada.com.ph/products/pdp-i5122807379.html
Portable Solar Panel 100W,"₱3,308.00",N/A,https://www.lazada.com.ph/products/pdp-i15455076811.html
PowMr 10A 20A 30A 40A 50A 60A PWM Solar Charger Controller 12V 24V Battery Charger LCD Dual USB Solar Panel Regulator for Max 50V PV Input RBL,₱144.00,N/A,https://www.lazada.com.ph/products/pdp-i2452480954.html
Flowatt PWM solar energy Solar Charger Controller 10A 20A 30A 40A 50A 60A 12V 24V Charger LCD Dual USB Solar MPPT Solar Panel Controller Panel Regulator for Max 50V PV Input RBL solar panel controller,₱110.00,N/A,https://www.lazada.com.ph/products/pdp-i4049538862.html
【With 150W Solar panel】Power Station 300W/350W/500W/800W/1000W Portable Solar Power Generator 988000mAh Super Big Capacity Quick Charge High Capacity Power Station Multifunctional Solar Generator Power Station Emergency Power With LED Light - 24H Shipping,"₱6,698.00",N/A,https://www.lazada.com.ph/products/pdp-i5217007160.html
NSS SOLAR PHOTOVOLTAIC PANEL,"₱2,175.00",N/A,https://www.lazada.com.ph/products/pdp-i4104395917.html
3W Solar Panel 5V Monocrystalline USB Phone Charger Portable Waterproof Ultra-Thin Outdoor for Camping Security Camera,₱196.00,N/A,https://www.lazada.com.ph/products/pdp-i15392530197.html
CLARO 2 Pcs 40x40mm Micro Solar Panels 3V 60mA Mini Solar Cells Durable Photovoltaic Cells DIY Electric Toy,₱96.49,N/A,https://www.lazada.com.ph/products/pdp-i15459216884.html
【New Arrival】 5W 12V Portable Solar Panel Waterproof Mini Small Solar Panel Module with Clip Cable DIY Polysilicon Solar Epoxy Cell Charger for Lamp Fan Pump for 9-12V Battery Charging,₱343.00,N/A,https://www.lazada.com.ph/products/pdp-i15459553929.html
5V 2W Solar Panel Output USB Outdoor Portable Solar System Mobile Phone Chargers,₱299.28,N/A,https://www.lazada.com.ph/products/pdp-i15460100487.html
【2Pcs】200 Watts Solar Panel Easy To Install Generation 1.2kWh Every Day Your Electricity Bill Saver,"₱9,099.00",N/A,https://www.lazada.com.ph/products/pdp-i3253463064.html
Maiyu | Outdoor Path Light Solar Panel 6V,"₱1,945.30",N/A,https://www.lazada.com.ph/products/pdp-i5241957292.html
"Solar Panel 8W Can Charge Mobile Phone, Battery with USB Power Saving Fast Charging Uninterrupted",₱518.00,N/A,https://www.lazada.com.ph/products/pdp-i4860565294.html
Folding Solar Panel solar charger 100W USB 5V Solar Charger Portable Solar Battery Power Bank for Outdoor Camping Hiking + Cable,₱853.43,N/A,https://www.lazada.com.ph/products/pdp-i15389164101.html
Mini Solar Power Panel 0.55W 3V Photovoltaic Cells for Solar Light Charger Compact Design Easy Installation,₱143.00,N/A,https://www.lazada.com.ph/products/pdp-i15416404883.html
4V 0.2W Mini 2-Wire Epoxy Solar Panel 8 Solar Cells for Solar Projects 3x1 inch,₱243.71,N/A,https://www.lazada.com.ph/products/pdp-i15463008132.html
3.3W Solar Panel with 9.8Ft Charging Cable Outdoor Solar Cells Charger Solar Panel Charger Charging for Arlo/Ring/Eufy/Blink,₱687.01,N/A,https://www.lazada.com.ph/products/pdp-i15461361789.html
30W D C 12V/18V Solar Panel Kit Set with Alligator Clip/ IP65 Water Resistance for Home Indoor Outdoor Use Portable,₱831.79,N/A,https://www.lazada.com.ph/products/pdp-i4908845672.html
"[Vktech] Durable 20W Solar Panel Charger with Type-C Output and 3-Meter Cable for Camping, Hiking, and Outdoor Adventures",₱534.67,N/A,https://www.lazada.com.ph/products/pdp-i15390958981.html
Multifunctional Solar Panel 8W 5V Power Generation Waterproof Outdoor Fast Charging For Monitor Camera,₱518.00,N/A,https://www.lazada.com.ph/products/pdp-i4860716009.html
"12V Solar Panel Kit with Controller Portable Power Generator for Home, Outdoor Camping & Emergency Charging",₱809.72,N/A,https://www.lazada.com.ph/products/pdp-i5278065625.html
Portable Mini 1.2W 6V Solar Panel Solar Energy ClassA,₱168.00,N/A,https://www.lazada.com.ph/products/pdp-i15430914859.html
Mitsushi Household Solar Panel Photovoltaic Energy Storage Panel 18V Solar Panel Outdoor Waterproof Sun Power,"₱1,299.00",N/A,https://www.lazada.com.ph/products/pdp-i5385358374.html
TENXI3 2W Solar Panel With USB Waterproof Outdoor Hiking And Camping Portable Battery Mobile Phone Charging Bank Charging Panel 5V,₱138.45,N/A,https://www.lazada.com.ph/products/pdp-i5117996213.html
Denko Solar Panel Poly Crystalline 5W 12V 28.5cm x 18.5cm,₱500.00,N/A,https://www.lazada.com.ph/products/pdp-i5385678414.html
"Solar Panel Portable Mini Solar Panel Charger 5V 3W/5W – Outdoor USB Power Source for Phones, Power Banks, Eco-Friendly",₱229.00,N/A,https://www.lazada.com.ph/products/pdp-i5275033100.html
12W Monocrystalline Solar Panel Kit Outdoor Solar Panel for Outdoor Caravan Caravans,₱939.40,N/A,https://www.lazada.com.ph/products/pdp-i5272403851.html
【 3-year warranty 】 Solar panel monocrystalline silicon 100W solar panel IP67 waterproof solar panel outdoor full power new energy with controller,"₱2,199.00",N/A,https://www.lazada.com.ph/products/pdp-i4562319796.html
600W500W Solar Panel Kit Complete12V Polycrystalline Power Portable Outdoor Rechargeable Solar Cell Solar Generator for Home,₱827.14,N/A,https://www.lazada.com.ph/products/pdp-i4742694075.html
10W Solar Panel 5V 2A Ultra Thin Monocrystalline Silicon Solar Panel Charger for Mobile Phone Electronic Devices Rainproof,₱793.05,N/A,https://www.lazada.com.ph/products/pdp-i4976059899.html
1/2 Pcs Mini Small Solar Panel Module 100MA 1W 3V DIY Polysilicon Solar Epoxy Cell Charger with Cable Solar Battery Charger for 2-3V Battery Charging,₱132.00,N/A,https://www.lazada.com.ph/products/pdp-i15459338747.html
Portable Mini 1.2W 6V Solar Panel Solar Energy ClassA,₱168.00,N/A,https://www.lazada.com.ph/products/pdp-i5010610081.html
NSS Waterproof 9V 5W 8W Solar Panel With Multi-Head USB Charger Durable 3M Cord Functional Solar Panel,₱248.00,N/A,https://www.lazada.com.ph/products/pdp-i5059855797.html
Solar Panel 6V 1W Mini Solar System DIY For Battery Cell Phone Chargers Portable Solar Cell Charge 3.7V 4.2V lithium battery,₱362.35,N/A,https://www.lazada.com.ph/products/pdp-i5308808054.html
Mitsushi Household Solar Panel Photovoltaic Energy Storage Panel 18V 35*23.5cm Solar Panel Outdoor Waterproof Sun Power,"₱1,299.00",N/A,https://www.lazada.com.ph/products/pdp-i5385369246.html
"3W 5V Solar Panel Charger – IP65 Waterproof USB Power Supply for Security Cameras, Smart Devices & Outdoor Off-Grid Use",₱229.00,N/A,https://www.lazada.com.ph/products/pdp-i5266759246.html
"5V Flexible Solar Panel with Dual USB Ports, Polycrystalline Silicon Cells, Portable for Outdoor Camping, Hiking & Travel",₱981.12,N/A,https://www.lazada.com.ph/products/pdp-i5144333816.html
Solar Panel 6V 100MA 1W Mini Solar System DIY For Battery Cell Phone Chargers Portable Solar Cell,₱127.79,N/A,https://www.lazada.com.ph/products/pdp-i4610024044.html
"0.65W 1.5V solar panel with wire solar drip glue board DIY solar panel suitable for various low-power electrical appliances, solar water pumps, solar street lights, and small solar systems DIY solar panel 60 * 80 * 3mm Solar powered courtyard lighting",₱104.00,N/A,https://www.lazada.com.ph/products/pdp-i4388897903.html
【Planet age】High Power Solar Cells Charger Solar Panel Power Interface Solar Panels for Light System,₱684.80,N/A,https://www.lazada.com.ph/products/pdp-i15446657730.html
500W Solar Panel Portable 18V//12V Waterproof USB Port Solar Power Solar Battery Charger Outdoor Camping Phone Power Bank,"₱1,207.97",N/A,https://www.lazada.com.ph/products/pdp-i5034292893.html
Solar Cell 1000W Photovoltaic Panels USB Charger System Battery Portable Flexible Foldable Energy Power Sunpower Camping Set,"₱2,962.33",N/A,https://www.lazada.com.ph/products/pdp-i15441179007.html
[15 year warranty]ORIGINAL 18V 500W Solar DC Pump With Solar Panel Multi-Functional Water Booster Pump for household outdoor Electric Water Pump Booster,₱998.00,N/A,https://www.lazada.com.ph/products/pdp-i15427309363.html
"[Pure sine wave] 1000W/988,800MAH Portable Power Station with 150W Solar Panel Set for Home Outdoor Power Supply","₱2,108.00",N/A,https://www.lazada.com.ph/products/pdp-i15450966747.html
150W 300W Solar Panel set home full set inverter solar powered generator with panels 220v complete set panel board solar panels for appliances watertight,₱590.00,N/A,https://www.lazada.com.ph/products/pdp-i4479129071.html
Downgraded Photovoltaic Panels,"₱6,525.00",N/A,https://www.lazada.com.ph/products/pdp-i2348305335.html
BOSCA 160W Solar Panel Solar built-in Alligator Clip Wire COD 5year Warranty,"₱3,459.00",N/A,https://www.lazada.com.ph/products/pdp-i2584541084.html
100W 12V Solar Panel Kit with Charge Controller MPPT Aluminum Solar Panel for Outdoor RV Camping Boat Trailer System,₱944.00,N/A,https://www.lazada.com.ph/products/pdp-i5362089445.html
DOKIO 220V Solar Panel Station System 18V Solar Panel Set With Battery and Charge Controller 4000W Solar Inverter DC12v to AC 220v Kit Complete Power Generation Kit,"₱3,585.00",N/A,https://www.lazada.com.ph/products/pdp-i3242960169.html
Mono Solar Panel 100W+ Ganerate 1kWh a Day Green Power Investment,"₱2,199.00",N/A,https://www.lazada.com.ph/products/pdp-i3712788893.html
100 Watt Portable Solar Panel High Stability 100W Solar Panel for RV,"₱2,186.00",N/A,https://www.lazada.com.ph/products/pdp-i5049784758.html
Dokio 200W 18V Flexible Foldble Solar Panel With 12V USB Charge Controller Portable Solar Cell Kit For Boats/Out-door Camping,"₱10,000.00",N/A,https://www.lazada.com.ph/products/pdp-i4978248937.html
XIYUYANGGUANG | Solar Power Generation Photovoltaic Panel For Monocrystalline Solar Lamps,"₱1,169.56",N/A,https://www.lazada.com.ph/products/pdp-i15439031388.html
Flowatt 50W Flexible Solar Panel New Monocrystalline Silicon Solar Panels Mono 50Watt 18Volt PV Solar Module Solar Cell Panel,"₱1,299.00",N/A,https://www.lazada.com.ph/products/pdp-i4515392153.html
High Efficiency 9V 3W Solar Board Waterproof 93% Light Transmittance Poly Silicon Solar Cell Solar Panel Battery High Conversion,₱490.31,N/A,https://www.lazada.com.ph/products/pdp-i15445495702.html
Flowatt 20W/40W/60W Flexible Solar Panel New Monocrystalline Silicon Solar Panels Mono 20Watt 40Watt 60Watt 18Volt PV Solar Module Solar Cell Panel,₱699.00,N/A,https://www.lazada.com.ph/products/pdp-i5161141319.html
ORICO 60W Foldable Solar Panel Portable Solar Charging Package Travel Bag for Phone Laptop GPS Power Bank Type C,"₱1,994.00",N/A,https://www.lazada.com.ph/products/pdp-i3911467101.html
Waterproof Solar Panel 5W 12V Outdoor DIY Solar Cells Charger 136X110MM for 9-12V Battery Tool,₱292.00,N/A,https://www.lazada.com.ph/products/pdp-i15447186137.html
gumahus | Off-Grid Solar Panel Kit,"₱1,080.00",N/A,https://www.lazada.com.ph/products/pdp-i15423455210.html
PAZNUL 3 Pcs Polysilicon Solar Panel Mini 0.45W 2V DIY Solar Panel Durable Solar Power Cells DIY Battery Projects,₱192.00,N/A,https://www.lazada.com.ph/products/pdp-i15460286460.html
TENGYAGAO | Photovoltaic Mono/Multi-crystalline Solar Panel 100W,"₱1,993.39",N/A,https://www.lazada.com.ph/products/pdp-i15421945062.html
DOKIO 20W Protable Foldable Solar Panel With 5V Solar Charger Module For Hiking/Powerbank/Cell Phone,"₱1,485.40",N/A,https://www.lazada.com.ph/products/pdp-i5030328353.html
BOSCA 160W Solar Panel Mono 160 Watt 12 Volt Pv Solar Module Solar Cell Panel / (Original) With 5 Years Warranty),"₱9,798.00",N/A,https://www.lazada.com.ph/products/pdp-i4090303668.html
NSS Solar Panel Mono 20W 30W 50W 80W 100W 150W 200W 18Volt Pv Solar Module Solar Cell Pane German Cell Aluminum with MC4 Connector High Efficiency IP65 Waterproof,"₱4,315.85",N/A,https://www.lazada.com.ph/products/pdp-i3438279827.html
"10W Portable Lightweight Polycrystalline Waterproof Outdoor Solar Panel with Dual USB Port, Car Charger & Crocodile Clip",₱599.00,N/A,https://www.lazada.com.ph/products/pdp-i2952926917.html
BPSCA Solar Panel 12V 20W 30W 50W 60W 100W 120W 160W 180W 200W 240W 300W 330W 360W 360W 450W Monocrystalline 182 Cells 10 Busbar COD,"₱3,184.00",N/A,https://www.lazada.com.ph/products/pdp-i15398935715.html
XIANXINGREN | Off-Grid Solar PV Panel,"₱1,122.72",N/A,https://www.lazada.com.ph/products/pdp-i15434293919.html
NSS 6V 20W Portable Solar Panel with 3.0USB Outputs Kit Foldable Solar Panel Outdoor IP67 Waterproof protection level,"₱1,800.00",N/A,https://www.lazada.com.ph/products/pdp-i4698664431.html
100W Watt Single Crystal Photovoltaic Panel Assembly Solar panels can be charged with 12V batteries.,₱835.33,N/A,https://www.lazada.com.ph/products/pdp-i4729017864.html
200W 24V SUNRI Monocrystalline Solar Panel (10pcs),"₱34,990.00",N/A,https://www.lazada.com.ph/products/pdp-i4292908405.html
ZHOUYANG | Monocrystalline Solar Panel Photovoltaic Charging Panel,"₱1,462.00",N/A,https://www.lazada.com.ph/products/pdp-i15418142924.html
500W Solar Panel Flexible 12V Battery Charger Dual USB With 10-100A Controller Solar Cells Power Bank for Phone Car Yacht RV,"₱1,050.83",N/A,https://www.lazada.com.ph/products/pdp-i4873048749.html
ciiemen | Outdoor Travel Home Portable 5V Multicrystalline Fast Charging Solar Panel,₱328.75,N/A,https://www.lazada.com.ph/products/pdp-i15443727932.html
60W Solar Panel Portable 5V Dual USB Fast Charger Panel Kit Outdoor Emergency Charging Battery,₱853.80,N/A,https://www.lazada.com.ph/products/pdp-i5186123089.html
50W 12V Type-C Waterproof Camping Gear Outdoor Solar Panel Fast Charger Polysilicon Solar Cell System Mini Outdoor Solar Panel,₱864.11,N/A,https://www.lazada.com.ph/products/pdp-i5406022054.html
NATSEN | Solar Panel For 12V Battery Charging,"₱1,160.00",N/A,https://www.lazada.com.ph/products/pdp-i15419870874.html
"Solar Panel 8W can charge mobile phone, battery with USB power saving fast charging uninterrupted power high capacity portable solar charger",₱518.00,N/A,https://www.lazada.com.ph/products/pdp-i4858900398.html
Solar Panel Charger Polycrystalline Silicon Solar Panel 2W/3W/5W/8W Can Charge Mobile Phone,₱439.00,N/A,https://www.lazada.com.ph/products/pdp-i5311290811.html
KENLEI BOSCA 5 Year Warranty 25W Solar Panel Mono 25 Watt 12 Volt Pv Solar Module Solar Cell Panel,"₱1,025.00",N/A,https://www.lazada.com.ph/products/pdp-i2951782520.html
【E-WOITD】 Mini Solar Panel 1W 5V USB Monocrystalline Solar Panel Power Module Charger Outdoor Polycrystalline DIY,₱219.50,N/A,https://www.lazada.com.ph/products/pdp-i15418314060.html
Portable Solar Panel For Outdoor Charging,"₱1,077.00",N/A,https://www.lazada.com.ph/products/pdp-i4584485295.html
"3W Solar Panel Charger IP65 Waterproof Monocrystalline - for Security Camera, Phone Charging Outdoor Camping RV Marine",₱233.00,N/A,https://www.lazada.com.ph/products/pdp-i5240063268.html
2026Zamdon Solar Inverter 24V3000W - Toroidal Off Grid InverterCOD,"₱6,120.00",N/A,https://www.lazada.com.ph/products/pdp-i15486867666.html
15W 6V Solar Panel Multifunctional Solar Charger USB Cable Solar Panel Mobile Phone Charger5in1,₱155.00,N/A,https://www.lazada.com.ph/products/pdp-i4786936307.html
"ALLPOWERS SOLAX SE200 200W Portable Solar Panel, High-Efficiency Monocrystalline, IP68 Waterproof Solar Charger for Power Stations, RV, Camping, Off-Grid & Emergency Power","₱12,739.00",N/A,https://www.lazada.com.ph/products/pdp-i15428410831.html
Gentai 200/400 Watt 12V Solar Panel Starter Kit for Home Solar Power 200W Solar Panel,"₱4,399.00",N/A,https://www.lazada.com.ph/products/pdp-i4812907097.html
PATGEAR | Portable Outdoor Solar Panel,₱986.97,N/A,https://www.lazada.com.ph/products/pdp-i5367580918.html
LIWAN | Portable Solar Panel for Outdoor Power Generation 500W,"₱11,216.56",N/A,https://www.lazada.com.ph/products/pdp-i15387026273.html
Foldable Solar Panels 200W - CTECHi,"₱9,888.00",N/A,https://www.lazada.com.ph/products/pdp-i4244385192.html
BAOZHASHAN | Solar Portable Photovoltaic Charging Panel 12V,"₱1,080.00",N/A,https://www.lazada.com.ph/products/pdp-i15419103069.html
DJI 120W Solar Panel 26V /7A Solar Panel Kit for Power Station Foldable Comes with a 3-meter Extension Cable for Outdoor Camping,"₱15,900.00",N/A,https://www.lazada.com.ph/products/pdp-i4585546228.html
Germany quality -25 years 20w DC12V Waterproof SUN POWER Solar Panel,₱820.00,N/A,https://www.lazada.com.ph/products/pdp-i2422921826.html
Circuitrocks Solar Panel 5.5V 300mA Output USB Solar Battery Charger 1.65W,₱225.00,N/A,https://www.lazada.com.ph/products/pdp-i126142420.html
Pecron | High Efficiency Portable Foldable Solar Panel IP67,"₱19,196.00",N/A,https://www.lazada.com.ph/products/pdp-i15465197904.html
2W 5V 380MA USB Mini Solar Panel Module DIY Polysilicon Solar Cell Charger for Phone USB Fan,₱271.00,N/A,https://www.lazada.com.ph/products/pdp-i15447159830.html
High-Grade Monocrystalline Polycrystalline Raw Solar Panel,₱201.00,N/A,https://www.lazada.com.ph/products/pdp-i15462903013.html
"Manufacturers selling 100W monocrystalline silicon solar photovoltaic panels, panels, charging panels, direct charging 12V batteries.",₱835.33,N/A,https://www.lazada.com.ph/products/pdp-i4799965080.html
Solar Panel 6V 6W Foldable Solar Panel USB Emergency Charging Board Flexible Solar Charger Camping Hiking Mobile Power Battery Charger Electrical Circuitry & Parts,₱355.00,N/A,https://www.lazada.com.ph/products/pdp-i4568412636.html
Trina Solar 540W single crystal solar panels fishing boat household 24V photovoltaic panels photovoltaic panels,"₱11,584.34",N/A,https://www.lazada.com.ph/products/pdp-i5140409201.html
Outdoor Solar Panel 5V 6V DIY,₱128.00,N/A,https://www.lazada.com.ph/products/pdp-i4789860128.html
SUNKET 10BB New Technology German Top Quality Monocrystalline Solar Panel 150W 64 Cells 5 Year Warranty,"₱4,688.00",N/A,https://www.lazada.com.ph/products/pdp-i3265668771.html
30W 22V SUNRI Poly Solar Panel (1pcs),"₱1,549.00",N/A,https://www.lazada.com.ph/products/pdp-i4295180423.html
100 Watt Portable Solar Panel Lightweight 100W Solar Panel for Boat,"₱2,186.00",N/A,https://www.lazada.com.ph/products/pdp-i5049801648.html
8W 5V Solar Panel Type-C Output 1600MA Solar Portable Charging Panel Monolithic Silicon Scratchproof 3V-5V Mobile Phone Chargers,₱749.35,N/A,https://www.lazada.com.ph/products/pdp-i15440663082.html
Portable Small Solar Panel For Outdoor Emergency Phone Charging,₱452.16,N/A,https://www.lazada.com.ph/products/pdp-i15421221174.html
Solar Panel Pv 1000W Solar Module 800W Solar Cell Panel Generator For Battery Tv Fan,"₱1,098.00",N/A,https://www.lazada.com.ph/products/pdp-i5197172258.html
Solar Panel 3w 6v 0.4amps 198mm Round Solar Panel,₱255.00,N/A,https://www.lazada.com.ph/products/pdp-i262656499.html
Resin DIY Solar Panel,₱450.00,N/A,https://www.lazada.com.ph/products/pdp-i15455497955.html
XIANXINGREN | Waterproof Portable Solar Panel 12V 6W,"₱1,588.49",N/A,https://www.lazada.com.ph/products/pdp-i15442689322.html
"Factory direct solar photovoltaic panels, monocrystalline silicon components, solar panels, power generation panels, 200W photovoltaic panels, power generation households.",₱835.33,N/A,https://www.lazada.com.ph/products/pdp-i4810492378.html
Photovoltaic solar panel 9V15W aluminum alloy frame with bracket line length of 4.5 meters brand new product A See details.,"₱1,402.73",N/A,https://www.lazada.com.ph/products/pdp-i4941906520.html
GUANGHEXINGHUO | Monocrystalline Solar Panel,"₱2,172.00",N/A,https://www.lazada.com.ph/products/pdp-i4507089092.html
Polycrystalline Solar Panel Built-in 3 Batteries,₱400.00,N/A,https://www.lazada.com.ph/products/pdp-i4792012587.html
"Solar panels, flexible panels, photovoltaic panels on vehicle roofs, 100W panels, 12V semi-flexible solar panels.","₱2,758.18",N/A,https://www.lazada.com.ph/products/pdp-i4831222022.html
TIANYINGSHITONG | Home Outdoor Waterproof Portable Folding Solar Panels,"₱18,864.00",N/A,https://www.lazada.com.ph/products/pdp-i15465168354.html
1000W Foldable Solar Panel USB Type C Mobile Phone Charging Waterproof Outdoor PC Hiking Camping Portable Battery Bank Charging,"₱1,394.90",N/A,https://www.lazada.com.ph/products/pdp-i5377711002.html
Solar Panel for Power Station,"₱1,899.00",N/A,https://www.lazada.com.ph/products/pdp-i4725785549.html
500W Flexible Solar Panel 12V Battery Charger Dual USB With 10A-60A Controller Solar Cells Power Bank for Outdoor Camping Trip,"₱1,165.20",N/A,https://www.lazada.com.ph/products/pdp-i4826099460.html
TP-Link Tapo A200 4.5W Solar Panel Charger with 360° Adjustable Mount for IP65 Waterproof Wireless Surveillance Camera,"₱2,490.00",N/A,https://www.lazada.com.ph/products/pdp-i4436304130.html
Folding Bag 10-100W Solar Panel Portable USB+DC Output Solar Charger Outdoor Power Supply Mobile Phone Generator,"₱1,320.41",N/A,https://www.lazada.com.ph/products/pdp-i4768920837.html
30W 5V Portable Solar Panel Polysilicon Solar Charging Panel Dual USB Ports Photovoltaic Cells for 3.6V-5V Battery/Phone Charger,₱949.81,N/A,https://www.lazada.com.ph/products/pdp-i15434791851.html
2W 6V Portable Solar Panel Mini Monocrystalline Silicon Solar Panel Charging Module Solar Toy Light Display Power Supply Tools,₱289.29,N/A,https://www.lazada.com.ph/products/pdp-i5294094226.html
"Portable Power Station 200W with 40W Portable Solar Panel Charger Kit, 146Wh Portable Solar Generator Lithium Ion Battery Bank",₱691.45,N/A,https://www.lazada.com.ph/products/pdp-i5153708213.html
Flowatt PWM Solar Controller 12V 24V Auto LCD Display Work For Lead Acid And Lithium Batt 10A 20A 30A Solar Charge Controller MPPT With Dual USB Backlight Car Battery Charger,₱139.00,N/A,https://www.lazada.com.ph/products/pdp-i4394321983.html
Solar Panel Mounting Clamp Set,₱480.00,N/A,https://www.lazada.com.ph/products/pdp-i5375823480.html
LANCATPEPP | High Power 24V Solar Panel 800W,"₱10,077.37",N/A,https://www.lazada.com.ph/products/pdp-i15435886044.html
BOSCA 120W Solar Panel Mono 120 Watt 12 Volt Pv Solar Module Solar Cell Panel (Original) 5 Years Warranty,"₱3,199.00",N/A,https://www.lazada.com.ph/products/pdp-i4015633579.html
EcoFlow 110W/160W/220W/400W Solar Panel Kit Waterproof IP68 Foldable & Durable Complete with an Adjustable Kickstand Case for Outdoor Adventures Ready Stock Solar Panel For Power Station,"₱3,799.00",N/A,https://www.lazada.com.ph/products/pdp-i15453192386.html
Zhengtai 450W A-Class Monocrystalline Solar Photovoltaic Panel Home Use Distributed Photovoltaic Power Generation Module,₱244.00,N/A,https://www.lazada.com.ph/products/pdp-i5228913210.html
Flowatt Store Solar Panel 100W【Flexible solar panels】New Monocrystalline Silicon solar panel 12V complete set original portable complete set waterproof strike Power Supply,"₱2,393.00",N/A,https://www.lazada.com.ph/products/pdp-i4636079310.html
"Portable Solar Panel With Charger USB Solar Panel Charger Heavy Duty Solar Generator Solar Charger Integrated Solar Panel Only Folding Waterproof Outdoor Compatible with Portable Generator, Cellphone, Tablets and More 15W 21W",₱809.00,N/A,https://www.lazada.com.ph/products/pdp-i3992515402.html
AXOSOLAR Solar Panel 200Watts MONOCRYSTALLINE 12BB Solar Panel 200W,"₱3,999.00",N/A,https://www.lazada.com.ph/products/pdp-i4540558330.html
NSS Solar Panel 3 Watts (NS-03W),₱168.00,N/A,https://www.lazada.com.ph/products/pdp-i4371274158.html
3kW Solar Panel System Complete Set | Grid-Tied On-Grid Solar Kit | DIY Install | Home Solar Power | Save Electricity Bill | No Battery Solar System,"₱155,630.00",N/A,https://www.lazada.com.ph/products/pdp-i15477406349.html
Flowatt 100W Flexible Solar Panel New Monocrystalline Silicon Solar Panels Mono 100Watt 18Volt PV Solar Module Solar Cell Panel,"₱2,699.00",N/A,https://www.lazada.com.ph/products/pdp-i4515027249.html
2W 5V Solar Panel With Light USB Waterproof Outdoor Hiking Camping Portable Battery Mobile Phone Charging Bank Charging Panel,₱201.79,N/A,https://www.lazada.com.ph/products/pdp-i5222441770.html
High Efficiency Dual-Side Monocrystalline Solar Panel 580W,"₱11,727.00",N/A,https://www.lazada.com.ph/products/pdp-i15409321351.html
Outdoor Street Light High Efficiency Monocrystalline Solar Panel 60W,₱549.25,N/A,https://www.lazada.com.ph/products/pdp-i15422730372.html
"Solar Panel 8W can charge mobile phone, battery with USB power saving fast charging uninterrupted",₱358.00,N/A,https://www.lazada.com.ph/products/pdp-i4860611541.html
【EELHOE】 12V 24V Solar Panel with 60A Controller Battery Clips and Framed Panel Kit [New product release][Large Inventory],"₱1,129.00",N/A,https://www.lazada.com.ph/products/pdp-i15391946323.html
Solar Panel Semi Flexible Solar Panel Multifunctional for Home,"₱2,857.00",N/A,https://www.lazada.com.ph/products/pdp-i5061321428.html
600W Solar Panel Kit with 100A 18V Charge Controller Solar Charging for Outdoor RV Camping Boat Trailer System,₱922.50,N/A,https://www.lazada.com.ph/products/pdp-i5200519090.html
18V 10W Monocrystalline Solar Panel,₱460.00,N/A,https://www.lazada.com.ph/products/pdp-i3040410958.html
BOSCA 160W Solar Panel By Classic Audio- Mono 160 Watt 12 Volt Pv Solar Module Solar Cell Panel (Original) 5 Years Warranty,"₱4,899.00",N/A,https://www.lazada.com.ph/products/pdp-i4111518919.html
AK | Semi-flexible Solar Panel RV Battery Charger Camping,"₱3,957.00",N/A,https://www.lazada.com.ph/products/pdp-i15409096349.html
Portable Mini 1.2W 6V Solar Panel Solar Energy ClassA,₱168.00,N/A,https://www.lazada.com.ph/products/pdp-i4208526931.html
Monocrystalline Polycrystalline Solar Panel 250W-670W,"₱7,512.00",N/A,https://www.lazada.com.ph/products/pdp-i4572871688.html
50W Solar Panel Household Charging Panel Monocrystalline Silicon Solar Module Solar Cell Panel,"₱1,599.00",N/A,https://www.lazada.com.ph/products/pdp-i5159722572.html
Flexible Solar Panel 100w,"₱4,882.00",N/A,https://www.lazada.com.ph/products/pdp-i4572766119.html
800W Foldable Solar Panel Kit 50w/H Complete Solar Power Station Portable Generator Charger 18V for Car Boat Caravan Camping,"₱3,211.59",N/A,https://www.lazada.com.ph/products/pdp-i4610025596.html
12V Solar Panel Kit IP65 Waterproof Solar Trickle Charger Portable Solar Powered Charger Kit High Efficiency Car Battery Charger,₱741.72,N/A,https://www.lazada.com.ph/products/pdp-i5276282455.html
Smart Sensor 2W 12V Solar Panel with Clips Polycrystalline Silicon Solar Cell DIY Waterproof Camping Portable Power Solar Panel Compatible for Street Light Garden Lamp Fan Pump,₱283.00,N/A,https://www.lazada.com.ph/products/pdp-i3465807470.html
gumahus | Off-grid Solar Photovoltaic Panel,₱959.29,N/A,https://www.lazada.com.ph/products/pdp-i5393008332.html
300W 12V Solar Panel Kit with 100A Controller & Dual USB Ports for Car/Yacht/RV Battery Charging & Outdoor Camping Power,"₱1,046.47",N/A,https://www.lazada.com.ph/products/pdp-i15428513048.html
100W Foldable Solar Panel Portable Folding Bag USB+DC Output Solar Charger Outdoor Power Supply for Mobile Phone Power Generator,"₱3,964.76",N/A,https://www.lazada.com.ph/products/pdp-i4404849719.html
【LeeandHan】 600W Solar Panel Kit with 100A Controller for Travel Camping and For RV,"₱1,784.00",N/A,https://www.lazada.com.ph/products/pdp-i15406283296.html
NSS 16W Solar Panel Multi-function Solar Charger USB Cable Solar Panel Charger for Mobile Phones,₱428.00,N/A,https://www.lazada.com.ph/products/pdp-i4153093374.html
Flexible Portable Solar Panel 100W,"₱1,637.00",N/A,https://www.lazada.com.ph/products/pdp-i15449857311.html
10W Portable Solar Panel with Dual USB-C - 300 x 145mm Outdoor Charging Tool,₱818.00,N/A,https://www.lazada.com.ph/products/pdp-i15462969699.html
Monocrystalline Foldable Portable Solar Panel 5V,"₱2,611.00",N/A,https://www.lazada.com.ph/products/pdp-i15462783547.html
10W Solar Panel 5V Solar Cells Charger Outdoor Hiking Waterproof Solar Charging Panel for Hiking Light Small Home Light System,₱693.26,N/A,https://www.lazada.com.ph/products/pdp-i5201293007.html
Hantech 3 Pcs Solar Panel 100 Watts 160 Watts 210 Watts 300 Watts Full Power 12V 18V Mono Poly,"₱3,309.00",N/A,https://www.lazada.com.ph/products/pdp-i3376110915.html
"Best Quality Complete Set Solar Power Inverter Includes 12 volts Battery & 15 Watts Solar Panel, Zero Electricity, Best for All Kinds of Appliances For Brown out, Charging, Electricity Saving, Emergency, Camping & Hiking","₱2,899.00",N/A,https://www.lazada.com.ph/products/pdp-i3821112243.html
Solar light panel 2 pin lamp panel 25W/6V aluminum ip67 solar street light panel flood light panel,₱239.00,N/A,https://www.lazada.com.ph/products/pdp-i5182799183.html
Solar Panel Installation Elevator for Sloping Roofs Auto Turning and Flipping,"₱24,172.78",N/A,https://www.lazada.com.ph/products/pdp-i15416832966.html
【COD】Flashfish TSP60W Foldable Monocrystalline solar panel 18V with USB QC3.0 Type-C 45W solar controller portable kit suitable for outdoor camping hiking fishing,"₱4,299.00",N/A,https://www.lazada.com.ph/products/pdp-i2649765301.html
BOSCA 220W Solar Panel Mono 220 Watt 12 Volt Pv Solar Module Solar Cell Panel (Original) 5 Years Warranty,"₱6,399.00",N/A,https://www.lazada.com.ph/products/pdp-i4016050613.html
BOSCA 60W Solar Panel Mono 60 Watt 12 Volt Pv Solar Module Solar Cell Panel (Original) 5 Years Warranty,"₱1,799.00",N/A,https://www.lazada.com.ph/products/pdp-i4015684081.html
Dokio 18V Flexible 600W Solar Panel 100Wx6Pcs Monocrystalline Solar Cell Solar Panel For Camping/12 Battery/RV/Boat/Home system,"₱15,110.30",N/A,https://www.lazada.com.ph/products/pdp-i4837183632.html
BOSCA 25W Solar Panel Mono 25 Watt 12 Volt Pv Solar Module Solar Cell Panel (Original) 5 Years Warranty,₱999.00,N/A,https://www.lazada.com.ph/products/pdp-i4015333674.html
NSS 16W Solar Panel Phone Charger Multifunctional Waterproof Solar Panel with 5 in 1 usb cable,"₱1,304.61",N/A,https://www.lazada.com.ph/products/pdp-i5068699521.html
5V 60MA Solar Panel Bank Solar Power Board Portable Solar System Module DIY Power For Cell Phone Light Battery Toy Chargers,₱144.73,N/A,https://www.lazada.com.ph/products/pdp-i15429873123.html
18V 12W Solar Power Panel High Conversion Rate 22% Efficiency Easy Installation for Home,₱699.00,N/A,https://www.lazada.com.ph/products/pdp-i5330675965.html
SD&HI 2W Solar Panel With USB Waterproof Outdoor Hiking And Camping Portable Battery Mobile Phone Charging Bank Charging Panel 5V,₱148.70,N/A,https://www.lazada.com.ph/products/pdp-i15426913884.html
Kaistr Pet Lamination Solar Panel Compact Solar Charger Portable Solar Panel Charger 1.5w 6v for Phones Fans High Efficiency Emergency Power Panel for Outdoor Use,₱173.31,N/A,https://www.lazada.com.ph/products/pdp-i5238688007.html
Anern 20W Foldable Solar Panel Portable 5V Folding Solar Panels Cells USB Solar Panel Battery Panel For Mobile Phone for Camping Hiking Climing,₱631.00,N/A,https://www.lazada.com.ph/products/pdp-i5350966769.html
Solar Panel 5W Portable USB Charger IP65 Waterproof Monocrystalline Silicon for Phone Power Bank Outdoor Camping Travel,₱233.00,N/A,https://www.lazada.com.ph/products/pdp-i5301666299.html
20W 22V SUNRI Monocrystalline Solar Panel (1pcs),"₱1,250.00",N/A,https://www.lazada.com.ph/products/pdp-i4295175344.html
Suntech Photovoltaic Panel Class A Single Crystal 535W-540W-545W Double Glass Double-sided Solar Panel Original Factory Warranty,₱992.94,N/A,https://www.lazada.com.ph/products/pdp-i5119729520.html
6-Fold Foldable USB Solar Panel 100W Solar Type-C Cell Power Bank Charger For Climbing Hiking Phone Mobile Charger Power Supply,₱788.17,N/A,https://www.lazada.com.ph/products/pdp-i5308068873.html
Solar Panel 6V 6W Foldable Solar Panel USB Emergency Charging Board Flexible Solar Charger Camping Hiking Mobile Power Battery Charger Electrical Circuitry & Parts,₱399.00,N/A,https://www.lazada.com.ph/products/pdp-i4535756194.html
0.6W 5V Solar Cell Polycrystalline DIY Solar Panel System Charger Epoxy Plate,₱203.78,N/A,https://www.lazada.com.ph/products/pdp-i15459313487.html
Foldable Solar Panel 100W 80W 60W Portable Solar Charger Waterproof USB Power Bank for Phone Outdoor Camping Battery Charger,"₱1,074.89",N/A,https://www.lazada.com.ph/products/pdp-i5284008096.html
MOTOR-6W 5V Solar Head USB Outdoor Waterproof Low Power Security Surveillance Charging Board Photovoltaic Panel Carnex,"₱1,407.08",N/A,https://www.lazada.com.ph/products/pdp-i15445578921.html
10W Energy Saving Portable Solar Panel 5V USB Outdoor Flexible Waterproof Solar Panel,₱599.00,N/A,https://www.lazada.com.ph/products/pdp-i2969332768.html
KKmoon 2W/5V Portable Solar Charger With USB Port Monocrystalline silicon Compact Solar Panel Phone Cellphone Charger For Camping Hiking Travel,₱232.01,N/A,https://www.lazada.com.ph/products/pdp-i3385119032.html
"600W solar panel kit with 12V USB and 100A controller solar battery for RV, yacht, camping and mobile phone battery chargers","₱1,288.20",N/A,https://www.lazada.com.ph/products/pdp-i5131404108.html
3W 5V Solar Panel USB Charger Portable IP65 Monocrystalline Power for Security Camera Phone Camping Hiking Outdoor Use,₱229.00,N/A,https://www.lazada.com.ph/products/pdp-i5301692027.html
High Conversion Efficiency 50W Solar Panel Green Energy Source Off-grid Charging,"₱1,514.07",N/A,https://www.lazada.com.ph/products/pdp-i5381578526.html
30W Solar Panel Solar Cell Waterproof Solar Trickle Charger Solar Panel for Phone RV Car MP3 PAD Charger Outdoor Battery Supply,₱979.94,N/A,https://www.lazada.com.ph/products/pdp-i5301753300.html
One Star Solar Panel Mono 200W 150W 100W 18V High Solar Module Solar Cell Panel,"₱1,199.00",N/A,https://www.lazada.com.ph/products/pdp-i3469365841.html
【L-BEANS】 Solar Panel 2 5W 5V with Tempered Glass for Outdoor and DIY Installations,₱513.00,N/A,https://www.lazada.com.ph/products/pdp-i15423229781.html
Promate Foldable Solar Panel SP30W-F,"₱4,700.00",N/A,https://www.lazada.com.ph/products/pdp-i2284001367.html
Polycrystalline 10W photovoltaic panels solar photovoltaic panels can charge 12V batteries for solar home use.,"₱1,591.86",N/A,https://www.lazada.com.ph/products/pdp-i5297723122.html
8W 5V Battery Charger Solar Panel Waterproof 1600MA Outdoor Solar Panels Monolithic Silicon for Wireless Outdoor Security Camera,₱535.23,N/A,https://www.lazada.com.ph/products/pdp-i15390311704.html
18V 20W Monocrystalline Solar Panel,"₱1,200.00",N/A,https://www.lazada.com.ph/products/pdp-i3040434832.html
Portable 30W Solar Panel 5V Perfect Solution for Mobile Charging in For Cars Compatible with Various Digital Devices,₱408.91,N/A,https://www.lazada.com.ph/products/pdp-i15437830070.html
Thunder Solar Panel 65Watts,"₱2,499.00",N/A,https://www.lazada.com.ph/products/pdp-i3320205008.html
25W Solar Panel Solar Panel for Boat All Weather monocrystalline Solar Panel 25W Watt Portable Solar Panel Flexible Outdoor RV Boat Solar Panel Power Supply,"₱1,638.05",N/A,https://www.lazada.com.ph/products/pdp-i5330380722.html
100W 18V Solar Panel Kit Portable 5V USB Solar Cell Outdoor Battery Charger for Phone Camping Traveling Mobile Power Supplies,"₱1,414.05",N/A,https://www.lazada.com.ph/products/pdp-i5383950003.html
SUNPAL 100W 10BB Solar Panel Mono for Solar Power Setup DIY,"₱4,990.00",N/A,https://www.lazada.com.ph/products/pdp-i5333481670.html
FEILI Solar panel 150W 300W household charging panel 18V monocrystalline silicon Band Controller,"₱2,181.60",N/A,https://www.lazada.com.ph/products/pdp-i5115847300.html
12V with Clip Power Flexible Modules Charger Solar Panel Battery Panels,₱247.09,N/A,https://www.lazada.com.ph/products/pdp-i1639134887.html
"500W12V Photovoltaic Solar Panel, 1000W Power Bank Kit 100AController Solar Plate For Home/Camping/RV/Car Fast Battery Charger","₱1,030.75",N/A,https://www.lazada.com.ph/products/pdp-i4728039493.html
【Rockhouse】 600W 18V Monocrystalline Solar Panel Kit with 100A Controller for RV Camping In Stock,"₱1,335.00",N/A,https://www.lazada.com.ph/products/pdp-i5348545921.html
On-grid Photovoltaic Solar Panel System 10KW,"₱16,159.79",N/A,https://www.lazada.com.ph/products/pdp-i15447283804.html
20W-1000W Solar Panel 12V Solar Cell 100A Controller Solar Panel for Phone RV Car MP3 PAD Charger Outdoor Battery Supply Camping,₱763.57,N/A,https://www.lazada.com.ph/products/pdp-i4715882871.html
"6V 3W/7W Solar Panel for Outdoor Security Cameras, Designed for Cameras with Built-in Rechargeable Battery, Micro USB & USB-C",₱433.36,N/A,https://www.lazada.com.ph/products/pdp-i5170427278.html
80x45mm 5V 75mA Solar Panel Drop Glue Board DIY Solar Silicon Panels Board Polycrystalline Garden Light Power Accessories,₱82.73,N/A,https://www.lazada.com.ph/products/pdp-i4607679952.html
NSS Solar Panel Set For Home With Battery Inverter and Solar Charge Controller and 20W 30W 50W 100W Solar Panel,"₱2,799.00",N/A,https://www.lazada.com.ph/products/pdp-i2990296730.html
"Segway Solar Panel SP100 100W 19.8V/5A, with USB-A /Type-C output, IP65 waterproof, for CUBE 1000/CUBE 2000","₱9,599.00",N/A,https://www.lazada.com.ph/products/pdp-i5175890284.html
【Planet age】12V Solar Panel Kit Complete 30W Power Portable Outdoor Rechargeable Solar Cell Generator for Home,₱565.80,N/A,https://www.lazada.com.ph/products/pdp-i5358521644.html
Mini Solar Panel 3Pcs Micro Solar Panel Cells for Home Projects Electronic Applications,₱225.00,N/A,https://www.lazada.com.ph/products/pdp-i5267425310.html
DIY Mini Solar Panel Battery Board Photovoltaic Board Science Experiment Toy for Children Learning And Play Solar Energy Generation,₱83.00,N/A,https://www.lazada.com.ph/products/pdp-i5317421709.html
600W Solar Panel Kit with 100A 18V Charge Controller Solar Charging for Outdoor RV Camping Boat Trailer System,₱857.50,N/A,https://www.lazada.com.ph/products/pdp-i15403218149.html
Solar Charging Panel LED Solar Energy Panel Solar Panels Charger With 4USB Port 6V/6W Portable For Camping Cellphone,₱249.00,N/A,https://www.lazada.com.ph/products/pdp-i15451224095.html
PAZNUL 4 Pcs 65x48mm Solar Panel Polycrystalline Silicon 3V 0.3W Mini Solar Panel Durable With Cable DIY Solar Panel DIY Projects,₱375.62,N/A,https://www.lazada.com.ph/products/pdp-i15459971321.html
3W 12V Portable Solar Panel 0-125MA DIY Polysilicon Solar Epoxy Cell Charger with Cable Solar Battery Charger for Lamp Fan Pump,₱301.82,N/A,https://www.lazada.com.ph/products/pdp-i15463317073.html
50W-1000W Solar Panel Kit Foldable Solar Power Station Portable Generator Charger 18V for Phone Car Boat Caravan Camping Hiking,"₱4,283.88",N/A,https://www.lazada.com.ph/products/pdp-i4545954324.html
Solar Panel Kit 300W DC 12V 24V 50A IP67 Waterproof High Efficiency Solar Panel And Solar Charger Controller for RV Camper,"₱1,258.51",N/A,https://www.lazada.com.ph/products/pdp-i4982207885.html
Solar Panel Kit Complete Camping 1000W Foldable Solar Power Station Portable Generator Charger 18V for Car Boat Caravan Camp,"₱2,467.98",N/A,https://www.lazada.com.ph/products/pdp-i15440627176.html
100pcs 0.5V Mini Solar Cell Polycrystalline Silicon Solar Panels For Solar Panels 52mmx26mm Polycrystalline Silicon,₱733.60,N/A,https://www.lazada.com.ph/products/pdp-i5301855020.html
CST ENERGY 200/400 Watt Solar Panel 12 Volt Monocrystalline Solar Panel High Efficiency Module RV Marine Boat Caravan Off Grid,"₱4,599.00",N/A,https://www.lazada.com.ph/products/pdp-i5344222178.html
"Modern solar panels, photovoltaic panels, charging panels, power generation panels, SU model sketch master sketchup.",₱551.64,N/A,https://www.lazada.com.ph/products/pdp-i5279386416.html
Hanwha 270-400-500-660w Solar Panel Single Crystal Photovoltaic Panel Manufacturer,"₱16,785.46",N/A,https://www.lazada.com.ph/products/pdp-i4939766088.html
【L-BEANS】 600W 18 Volt Solar Panel for RV Camping Garden and Off Grid Energy Use,₱781.00,N/A,https://www.lazada.com.ph/products/pdp-i15423249168.html
Multipurpose 220V Solar Panel 100W,"₱3,443.00",N/A,https://www.lazada.com.ph/products/pdp-i15409375140.html
Foldable Solar Panel USB Portable Folding Bag BatteryCharger for Phone Outdoor Camping Waterproof PowerBank Portable Foldable Monocrystalline Solar Panel Charger IFast Charging Power Bank for Outdoor Stable,"₱1,599.00",N/A,https://www.lazada.com.ph/products/pdp-i15446694934.html
MB[COD] 200W Solar Panel Kit 12V with 100A Solar Charge Controller Dual 5V USB Outputs Solar Panel Controller Combo for Caravan Boat,"₱1,237.20",N/A,https://www.lazada.com.ph/products/pdp-i3369335173.html
[COD] E-WOITD Mini Solar Panel 1W 5V USB Monocrystalline Solar Panel Power Module Charger Outdoor Polycrystalline DIY,₱196.19,N/A,https://www.lazada.com.ph/products/pdp-i15451086187.html
Mono Solar Panel 625W Bi Facial Monocrystalline silicon cell panel Energy Savings High-power residential solar panel Commercial renewable energy systems Up To 50% Off 247cm x 114cm,"₱8,500.00",N/A,https://www.lazada.com.ph/products/pdp-i15424533220.html
10W 5V Solar Panel DC5521 Type-C Outdoor Solar Cells Charger Portable Solar Panels for Security Camera Small Home Light System,₱551.57,N/A,https://www.lazada.com.ph/products/pdp-i15435047701.html
Single crystal 300w semi-flexible solar panel car roof photovoltaic electric car RV charging outdoor 100w W.,"₱5,342.98",N/A,https://www.lazada.com.ph/products/pdp-i5118595075.html
12V 5.2W Mini Solar Panel Polycrystalline Solar Cells Silicon Epoxy Solar DIY Module System Battery Charger + DC output,₱369.00,N/A,https://www.lazada.com.ph/products/pdp-i5229790671.html
Trina Power Single Crystal Single-sided Double Glass Double-sided 450w505w540w660w Solar Panel Photovoltaic Manufacturers,"₱18,487.65",N/A,https://www.lazada.com.ph/products/pdp-i4984517378.html
100W IP65 Waterproof Folding Solar Panel Charger with USB Port and 2 Hooks,₱895.10,N/A,https://www.lazada.com.ph/products/pdp-i15446160157.html
Solar Panel Charger Solar Panel Lightweight for Small Household Lighting System,₱142.00,N/A,https://www.lazada.com.ph/products/pdp-i5307595778.html
【Latest model】2W 5V 380MA USB Mini Solar Panel Module DIY Polysilicon Solar Cell Charger for Phone USB Fan,₱287.00,N/A,https://www.lazada.com.ph/products/pdp-i15432528550.html
【YY26】Mini Solar Panel 1W 5V USB Monocrystalline Solar Panel Power Module Charger Outdoor Polycrystalline DIY,₱201.73,N/A,https://www.lazada.com.ph/products/pdp-i15444698071.html
150W 24V SUNRI Monocrystalline Solar Panel (10pcs),"₱30,000.00",N/A,https://www.lazada.com.ph/products/pdp-i267681185.html
6-fold 800W Foldable Solar Panel 20w/h Portable Solar Panels Charger USB 5V DC Full Time Power Solar Panel Mobile Power Supply,"₱1,166.24",N/A,https://www.lazada.com.ph/products/pdp-i15444820036.html
300w single crystal solar panel 60v vehicle-mounted power generation panel 72v battery charging panel tricycle solar panel,"₱4,744.06",N/A,https://www.lazada.com.ph/products/pdp-i4662443038.html
Solar light panel 2 Pin Male Plug lamp panel 18W/6V aluminum ip67 solar street light panel flood light panel Large size,₱185.00,N/A,https://www.lazada.com.ph/products/pdp-i5298629650.html
MUHUASHA | Genuine Single-Double Glass Solar Panel,"₱7,156.59",N/A,https://www.lazada.com.ph/products/pdp-i15399981732.html
350 watts Solar Panel 18Volt Pv Solar Module Cell Panel generator set for home with batteri inverter,"₱2,061.28",N/A,https://www.lazada.com.ph/products/pdp-i5084278523.html
【Ntcpefy】60W Solar Panel Portable 5V Dual USB Fast Charger Panel Kit Outdoor Emergency Charging Battery,₱853.80,N/A,https://www.lazada.com.ph/products/pdp-i15463513220.html
5W 12V Outdoor DIY Solar Cells Charger Polysilicon Epoxy Panels 136X110MM for 9-12V Battery Tool,₱255.45,N/A,https://www.lazada.com.ph/products/pdp-i5187694428.html
LUZMAR 3 Pcs Polysilicon Solar Panel Mini 0.45W 2V Solar Panel Cells Durable DIY Solar Panel DIY Battery Projects,₱192.00,N/A,https://www.lazada.com.ph/products/pdp-i15460284226.html
【Planet age】600W Solar Panel Kit with 100A 18V Charge Controller Solar Charging for Outdoor RV Camping Boat Trailer System,₱922.50,N/A,https://www.lazada.com.ph/products/pdp-i5364059556.html
Solar Panel 5W USB Charger - High Efficiency Monocrystalline Portable Power Bank for Phone Home & Travel Outdoor Camping,₱212.00,N/A,https://www.lazada.com.ph/products/pdp-i5301944115.html
CLARO 3 Pcs Polysilicon Solar Panel 0.45W 2V Mini Solar Panel Cells Durable Solar Power Cells DIY Battery Projects,₱190.00,N/A,https://www.lazada.com.ph/products/pdp-i15459336617.html
E-WOITD 1Pc Solar Panel 5V 60MA For Mini Solar Panel Charging And Generating Electricity,₱38.69,N/A,https://www.lazada.com.ph/products/pdp-i5106609813.html
CLARO 3 Pcs 0.6W 3V Solar Panel Polysilicon Level A Solar Charging Board Durable Solar Cell Charger Solar Garden Lighting,₱298.00,N/A,https://www.lazada.com.ph/products/pdp-i15459647723.html
TP-Link Tapo A201 Solar Panel,"₱1,099.00",N/A,https://www.lazada.com.ph/products/pdp-i4780296351.html
300W Solar Panel 12V 5V Dual USB Controller Waterproof Monocrystalin Solar Cells Battery Charger,"₱1,142.40",N/A,https://www.lazada.com.ph/products/pdp-i5223154563.html
LUXEMO Polysilicon Solar Panel Charger 2W 5V Portable USB Solar Charger Durable Solar Panel Kit Mobile Phone Charging,₱270.73,N/A,https://www.lazada.com.ph/products/pdp-i15459358719.html
【Free Shipping】Solar Panel 5W 6V Outdoor Portable Emergency Solar Panel Micro USB Charge Cable For Rechargeable LED Light Solar Generator Full Set In Phleo,₱74.26,N/A,https://www.lazada.com.ph/products/pdp-i4345097291.html
Solar Panel 1.5W Polycrystalline Silicon Flexible Solar Panel with PET Lamination 5V Stable Output Portable Solar Power Supply,₱276.51,N/A,https://www.lazada.com.ph/products/pdp-i5358736796.html
30W Solar Panel 18 Volt Pv Solar Module Cell Panel Generator Set For Home With Battery for classic audio (original),"₱1,299.00",N/A,https://www.lazada.com.ph/products/pdp-i5317222639.html
Solar Panel Charger 3W 5V Monocrystalline USB Portable Waterproof Outdoor for Security Camera Cell Phone Camping RV Boat,₱175.00,N/A,https://www.lazada.com.ph/products/pdp-i15393544372.html
Global MartT 1Pc Solar Panel 5V 60MA For Mini Solar Panel Charging And Generating Electricity,₱39.63,N/A,https://www.lazada.com.ph/products/pdp-i15422296603.html
"Y LifeStyle 1PC solar panel 5V 60MA, photovoltaic panel, used for charging and power generation of mini solar panels, children's science experiments, educational toys, learning and games, solar power generation",₱42.53,N/A,https://www.lazada.com.ph/products/pdp-i5366061172.html
Solar photovoltaic panel 3W energy storage battery charging panel polycrystalline solar bulb light power generation panel assembly,₱118.00,N/A,https://www.lazada.com.ph/products/pdp-i4775429429.html
"Portable Solar Charger 5V 3W Monocrystalline Solar Panel USB for Phone Security Camera Home, Travel Outdoor Camping Used",₱235.00,N/A,https://www.lazada.com.ph/products/pdp-i5301676131.html
0.3W 3V Mini Solar Panel Polycrystalline Silicon Small Solar Cell DIY Waterproof Camping Portable Power Solar Panel Compatible for Toys Light Lamp Fan Garden Pump,₱106.00,N/A,https://www.lazada.com.ph/products/pdp-i3980642299.html
Solar Charging Panel 10W 6W 6V Fast Charging Solar Energy Panel with 4 USB Ports for Camping for Cellphone Charger Portable,₱249.00,N/A,https://www.lazada.com.ph/products/pdp-i15451137837.html
Solar Panel with Dc5521/type-c/micro Usb Output Interfaces Solar Panel for Anker Power Bank Charging High Efficiency Solar Panel with Multiple Interfaces for 5v Devices Perfect,₱712.94,N/A,https://www.lazada.com.ph/products/pdp-i5230614555.html
Norman Malthus Single Crystal Silicon Solar Panel Short Circuit Protection Solar Panel High-quality Waterproof Solar Panel 5v/1000ma Output for Easy Installation Top,₱810.65,N/A,https://www.lazada.com.ph/products/pdp-i5202027643.html
3W 5V USB Solar Panel with IP65 Waterproof Monocrystalline Design Compact Outdoor Power Banks & Emergency Energy Backup,₱235.00,N/A,https://www.lazada.com.ph/products/pdp-i5250267148.html
KENLEI BOSCA 5 Year Warranty 60W Solar Panel Mono 60 Watt 12 Volt Pv Solar Module Solar Cell Panel,"₱2,050.00",N/A,https://www.lazada.com.ph/products/pdp-i2951728879.html
（5 Year warranty）Solar panel 500W solar panel set waterproof ip67 suitable for home solar controller,"₱1,896.00",N/A,https://www.lazada.com.ph/products/pdp-i5195803539.html
Full power 50W single crystal solar panels photovoltaic panels photovoltaic modules street lamp special rechargeable 12V battery.,₱835.33,N/A,https://www.lazada.com.ph/products/pdp-i5097009611.html
Pocket-sized Solar Panel High Conversion Efficiency Solar Panel Portable Solar Panel Charger 1.5w 6v for Phones Fans High Efficiency Emergency Power Panel for Outdoor Use,₱165.00,N/A,https://www.lazada.com.ph/products/pdp-i5202236545.html
Risen smart home 10-30W solar panel,"₱1,096.00",N/A,https://www.lazada.com.ph/products/pdp-i5074036361.html
50 Watt 12 Volt Monocrystalline Solar Panel Kit With Free 10A 12V Charger Controller,"₱1,750.00",N/A,https://www.lazada.com.ph/products/pdp-i3171339213.html
USB Foldable Solar Panel Portable Flexible Small Waterproof Folding Solar Panels Cells for Mobile Phone Battery Charger,₱245.62,N/A,https://www.lazada.com.ph/products/pdp-i5239571103.html
50W semi-flexible monocrystalline silicon solar panel charged with 12V car battery photovoltaic panel RV power generation and lighting,₱740.77,N/A,https://www.lazada.com.ph/products/pdp-i5033017862.html
12W Monocrystalline Solar Panel Kit Outdoor Solar Panel for Outdoor Caravan Caravans,₱878.40,N/A,https://www.lazada.com.ph/products/pdp-i5250378509.html
"300W portable solar flexible panel kit single crystal silicon solar panel with 100A controller, suitable for camping/outdoor","₱1,290.87",N/A,https://www.lazada.com.ph/products/pdp-i15427960805.html
12V 2W Solar Panel for Type C Output Charging of Outdoor For Security Cameras,₱430.00,N/A,https://www.lazada.com.ph/products/pdp-i5375526324.html
15W Solar Panel 12-18V Solar Cell Solar Panel for Phone RV Car MP3 PAD Charger Outdoor Battery Supply,₱786.40,N/A,https://www.lazada.com.ph/products/pdp-i5229510407.html
Mini 6V 1W Solar Panel Solar Power Panel Module DIY Power for DIY solar projects ...,₱344.00,N/A,https://www.lazada.com.ph/products/pdp-i5143941151.html
"CL-518 1.8W 5V Solar Panel with USB Port Portable Waterproof Solar Charger for Solar LED Bulb, Cellphone, Tablet",₱99.00,N/A,https://www.lazada.com.ph/products/pdp-i3557566095.html
"BLUETTI 100W/130W Solar Panel for Solar Generator EB3A AC2A AC50B AC70 AC180 AC200L Foldable Solar Charger with Adjustable Kickstands for RV, Camping","₱10,599.00",N/A,https://www.lazada.com.ph/products/pdp-i5188342085.html
[🇵🇭 Stock&COD] 3W Solar Panels Charger with 5 TYPE USB CABLE for Camping for cellphone Charging,₱243.66,N/A,https://www.lazada.com.ph/products/pdp-i4480921570.html
Solar Power Solar Panel Kit Polysilicon Board Emergency Lights Home Lights Small Solar Systems,₱55.00,N/A,https://www.lazada.com.ph/products/pdp-i5318087395.html
5V High Power USB Solar Panel Outdoor Waterproof Hike Camping Portable Cells Battery Solar Charger for Mobile Phone,₱167.00,N/A,https://www.lazada.com.ph/products/pdp-i15426739217.html
BOSCA 120W Solar Panel Mono 5 Year Warranty 120 Watt 12 Volt Pv Solar Module Solar Cell Panel BOSCA-NEW |Super High Performance (100% Original),"₱3,899.00",N/A,https://www.lazada.com.ph/products/pdp-i4181136375.html
6V 6W Solar Panel Foldable Solar Panel USB Emergency Charging Board Flexible Solar Charger Camping Hiking Mobile Power Battery Charger Electrical Circuitry & Parts,₱599.00,N/A,https://www.lazada.com.ph/products/pdp-i4251987443.html
Outdoor Charging & Power Generation Solar Panel 5W,₱612.58,N/A,https://www.lazada.com.ph/products/pdp-i15423340620.html
【2PCS】200w+200w qualfull solar panel monocrystalline make more power,"₱9,099.00",N/A,https://www.lazada.com.ph/products/pdp-i4582251039.html
HOUCHU Portable 20W Foldable Solar Panel Kit Foldable Design Waterproof Folding Solar Panel Power Supply Ultra-thin Foldable USB Solar Panel Camping,₱643.42,N/A,https://www.lazada.com.ph/products/pdp-i15452553859.html
OOKAS 400W Solar Panel 30A Solar Charge Controller Monocrystalline Solar Charging Panel Waterproof #,"₱1,131.90",N/A,https://www.lazada.com.ph/products/pdp-i5178618441.html
tp-link Tapo A201 Solar Panel | EJDalanon Enterprise,"₱1,099.00",N/A,https://www.lazada.com.ph/products/pdp-i5113616444.html
6W 12V Solar Panel Lightweight 137x210mm/5.4x8.3in Convenient Polysilicon Solar Panel for Outdoor Camera,₱885.00,N/A,https://www.lazada.com.ph/products/pdp-i5069215868.html
TOMSHOO 20W Outdoor Camping Hiking USB Solar Panel Portable Solar Power Recharger Mobilephone Recharging Tool Folding Removable Solar Panels,₱821.00,N/A,https://www.lazada.com.ph/products/pdp-i3399128668.html
【Beauroom】 Portable 30W Solar Panel with USB Output for Outdoor and Indoor Charging [New Products Hot Sale],₱765.00,N/A,https://www.lazada.com.ph/products/pdp-i5194059377.html
KKmoon 0.3W 3V Mini Solar Panel Polycrystalline Silicon Small Solar Cell DIY Waterproof Camping Portable Power Solar Panel Compatible for Toys Light Lamp Fan Garden Pump,₱78.50,N/A,https://www.lazada.com.ph/products/pdp-i3795940999.html
Polycrystalline Solar Panel 225*195*17 4W/9V Solar Energy Conversion Efficiency High Power Output Dimensions Optimal for Various Applications,₱679.00,N/A,https://www.lazada.com.ph/products/pdp-i5255378739.html
【FULL POWER Promise】100/200 Watt Original Monocrystalline Solar Panel IP67 Waterproof With MC4 Connector,"₱4,599.00",N/A,https://www.lazada.com.ph/products/pdp-i3306681268.html
"Factory direct sales of 300W monocrystalline silicon solar panels, panels, photovoltaic power generation panels can be charged with 12V24V batteries.",₱835.33,N/A,https://www.lazada.com.ph/products/pdp-i4958275752.html
Solar Panel 30 Watts (POWER GOLD) - Mono Crystalline Solar Panel for Maximum Efficacy and Savings,"₱1,549.00",N/A,https://www.lazada.com.ph/products/pdp-i3901760791.html
NSS 16W Solar Panel multi-function Solar Charger USB Cable Solar Panel Charger for mobile phones NS-16W,"₱1,299.00",N/A,https://www.lazada.com.ph/products/pdp-i3821291412.html
Outdoor Mono-Silicon Photovoltaic Solar Panel,₱391.69,N/A,https://www.lazada.com.ph/products/pdp-i15422900377.html
Anern USB Foldable Solar Panel Folding Solar Panels For Outdoor Travel Mobile Phone Charging Bank for Camping Hiking Climing,₱631.00,N/A,https://www.lazada.com.ph/products/pdp-i5377613597.html
"9V solar panels, 12V solar glass panels, mini solar panels, DIY production, testing for experimental students.","₱1,335.59",N/A,https://www.lazada.com.ph/products/pdp-i4809334692.html
MUHUASHA | Monocrystalline Solar Panel 200w,"₱2,593.69",N/A,https://www.lazada.com.ph/products/pdp-i15400312882.html
SIUKE Solar Panel 20W DC 5V Solar Panel Monocrystalline Solar Charger with Output USB & Type-C Ports for Outdoor Camping Hiking Travel,₱823.23,N/A,https://www.lazada.com.ph/products/pdp-i5058750512.html
300W polycrystalline single crystal solar panels The household system can charge 12V/24V batteries.,₱835.33,N/A,https://www.lazada.com.ph/products/pdp-i5306312748.html
Solar Panel Folding Pack 20W 5V USB Portable Solar Cell Phone Charging Kit Lightweight Solar Panel for Camping Travel Waterproof Outdoor Quick Charge Battery Energy Saving,"₱1,899.00",N/A,https://www.lazada.com.ph/products/pdp-i4065108763.html
35Watts New Bosca Solar Panel for 12V Portable Solar Panel,"₱1,300.00",N/A,https://www.lazada.com.ph/products/pdp-i2748661053.html
Solar Panel 3W USB Security Camera Waterproof Monocrystalline Portable Charger for Phone Outdoor Camping RV,₱195.00,N/A,https://www.lazada.com.ph/products/pdp-i5205538952.html
gumahus | Off-Grid Solar Panel PV Module,₱892.74,N/A,https://www.lazada.com.ph/products/pdp-i5242581347.html
"Solar Panel 8W Can Charge Mobile Phone, Battery with USB Power Saving Fast Charging Uninterrupted",₱518.00,N/A,https://www.lazada.com.ph/products/pdp-i4860584260.html
Monocrystalline Solar Panel for Home & RV,"₱1,641.00",N/A,https://www.lazada.com.ph/products/pdp-i5163511316.html
"3W 5W USB Solar Charger Panel High Conversion Monocrystalline Portable Power Backup for Phone, Camera, Outdoor Adventure",₱229.00,N/A,https://www.lazada.com.ph/products/pdp-i5265197122.html
Solar Panel High Efficiency Mini Solar Panel for Outdoor Activities,₱192.00,N/A,https://www.lazada.com.ph/products/pdp-i5258410228.html
Portable Folding Solar Panel 12V,"₱1,531.00",N/A,https://www.lazada.com.ph/products/pdp-i15458141435.html
300W Foldable Solar Panel - Polycrystalline Silicon USB Safe Charging & Battery Stabilizer for Outdoor Cycling & Climbing,"₱1,405.45",N/A,https://www.lazada.com.ph/products/pdp-i5108331217.html
Portable Solar Panel 50W Solar Panel for Camping,"₱1,221.00",N/A,https://www.lazada.com.ph/products/pdp-i4866959534.html
100W Portable Solar Panel 2.5 mm DC charger outdoor waterproof Multifunctional Portable electrical parts connectors,"₱2,896.00",N/A,https://www.lazada.com.ph/products/pdp-i4848955710.html
400W 12V Solar Panel Kit Battery Charger with100A Controller Flexible Panel Solar PV Monocrystalline Cell Battery Charger System Kit,"₱2,650.00",N/A,https://www.lazada.com.ph/products/pdp-i2684669783.html
1500W solar panel AC 5000W household photovoltaic power generation system full set of AC Wanjiahao direct sales,"₱473,224.02",N/A,https://www.lazada.com.ph/products/pdp-i4897250447.html
Sanwood® Outdoor Solar Panel Battery Charging Solar Panel 1.5w Flexible Polycrystalline Solar Panel with Pet Lamination – Portable 5v Stable Output Solar Charger for Outdoor Camping and Travel in Asia,₱276.51,N/A,https://www.lazada.com.ph/products/pdp-i5343157388.html
E-WOITD 1Pc Solar Panel 5V 60MA For Mini Solar Panel Charging And Generating Electricity,₱51.98,N/A,https://www.lazada.com.ph/products/pdp-i15447137287.html
TENGYAGAO | High Efficiency Monocrystalline Solar Panel 200W 18V,"₱5,831.40",N/A,https://www.lazada.com.ph/products/pdp-i15421561896.html
"FRP solar panels, awnings, waterproof greenhouses, transparent panels, outdoor heat insulation, glass fiber reinforced plastic lighting panels, roof shading.",₱551.32,N/A,https://www.lazada.com.ph/products/pdp-i5125495633.html
YIYU Waterproof 20W Foldable Solar Panel Kit Foldable Design Portable Folding Solar Panel Battery Panel Durable Foldable USB Solar Panel Camping,₱653.42,N/A,https://www.lazada.com.ph/products/pdp-i15452184093.html
TOUGLESY | Portable Foldable Solar Panel,₱136.11,N/A,https://www.lazada.com.ph/products/pdp-i15398826511.html
30W Polycrystal Solar Panel Flexible Solar Panel For Camping Car Traveling Outdoor Emergency Power Accessory,"₱1,211.02",N/A,https://www.lazada.com.ph/products/pdp-i4266012963.html
12V 5.2W Mini Solar Panel Polycrystalline Solar Cells Silicon Epoxy Solar DIY Module System Battery Charger + DC output,₱386.00,N/A,https://www.lazada.com.ph/products/pdp-i5200722196.html
Portable Solar Panel for Outdoor and Home Use Fast Charging,₱360.95,N/A,https://www.lazada.com.ph/products/pdp-i15447037148.html
"5V 2W Mini Solar Panel, USB Solar Charger Micro-Type Solar Panels, Portable Solar Panel for Phone Household Lighting",₱333.00,N/A,https://www.lazada.com.ph/products/pdp-i5217730370.html
SONGE | Mini Solar Panel for DIY,₱344.66,N/A,https://www.lazada.com.ph/products/pdp-i15402325924.html
Laminated Solar Panel 150w,"₱1,280.00",N/A,https://www.lazada.com.ph/products/pdp-i5200475059.html
[tfsdfvd]For Outdoor Solar Panel 10W 12V Polycrystalline IP65 Waterproof Portable with 30A Solar Charge Controller Combo,₱840.60,N/A,https://www.lazada.com.ph/products/pdp-i15431494897.html
tp-link Tapo A201 Solar Panel | TP-Link Tapo by EJD,"₱1,199.00",N/A,https://www.lazada.com.ph/products/pdp-i4950239278.html
Outdoor Monocrystalline Solar Panel,"₱1,749.31",N/A,https://www.lazada.com.ph/products/pdp-i15420772177.html
【Latest model】2W 5V 380MA USB Mini Solar Panel Module DIY Polysilicon Solar Cell Charger for Phone USB Fan,₱283.00,N/A,https://www.lazada.com.ph/products/pdp-i15432446801.html
Germany quality -25 years 20w DC12V Waterproof SUN POWER Solar Panel,"₱1,490.00",N/A,https://www.lazada.com.ph/products/pdp-i5195795618.html
"Solar panels, 5 watts, 10 watts, 20w18V, with borders, can be charged with 12V batteries, which can be used to recharge automobile batteries.","₱1,007.44",N/A,https://www.lazada.com.ph/products/pdp-i4949723724.html
GUANGHEXINGHUO | Solar Panel 300W,"₱6,792.00",N/A,https://www.lazada.com.ph/products/pdp-i15409324523.html
Solar panels monocrystalline silicon photovoltaic panels 30W50W100W200W300W rechargeable 12V24V battery.,"₱4,554.93",N/A,https://www.lazada.com.ph/products/pdp-i4894078406.html
【Planet age】Solar Panel Charger 3W 6V 360° Adjustable Wall Mount Solar Cells Micro USB+ Type-C Camera Solar Panel,₱469.80,N/A,https://www.lazada.com.ph/products/pdp-i15446833232.html
"Solar Panel for Outdoor Security Camera,5W Waterproof Solar Panels Charger for Ring Spotlight Cam Plus/Pro",₱671.80,N/A,https://www.lazada.com.ph/products/pdp-i5273499744.html
6/12V 1/1.5W Mini DIY Solar Panel Solar Cells For Light Cell,₱646.20,N/A,https://www.lazada.com.ph/products/pdp-i5294301249.html
18V 20W Monocrystalline Solar Panel Mono Crystalline Solar Panel FREE 30CM DC LED HIGH POWER LAMP,"₱1,448.00",N/A,https://www.lazada.com.ph/products/pdp-i5050820712.html
Waterproof Foldable Portable Solar Panel,"₱21,018.00",N/A,https://www.lazada.com.ph/products/pdp-i5321978939.html
Solar panel single crystal outdoor 48V/60V/72V step-up charging electric vehicle tricycle photovoltaic electricity,"₱14,232.18",N/A,https://www.lazada.com.ph/products/pdp-i4984237237.html
"Seeway 15W Solar Panel Kit Support 12V Devices Double USB 5V Ports Portable Solar Panel Battery Charger with Cigarette Lighter Plug, Alligator Clip for Automobile Motorcycle Tractor Batteries",₱959.00,N/A,https://www.lazada.com.ph/products/pdp-i2267480676.html
DIY Small Solar Panel,₱391.32,N/A,https://www.lazada.com.ph/products/pdp-i15424833549.html
Solar panel 6v18v30w20w15w12w10w Off-grid solar photovoltaic panel assembly,"₱2,509.15",N/A,https://www.lazada.com.ph/products/pdp-i4878012096.html
50w semi-flexible monocrystalline silicon solar panel power panel 12v RV 100w 200w 300w white edge,"₱3,798.40",N/A,https://www.lazada.com.ph/products/pdp-i5097808599.html
Photovoltaic 6V 1W Smooth Solar Panel,₱323.78,N/A,https://www.lazada.com.ph/products/pdp-i15421218380.html
Solar Charger Panel Lightweight Solar Panel High Efficiency Easy Installation 100W for Tent for Camping,"₱2,483.00",N/A,https://www.lazada.com.ph/products/pdp-i5009803500.html
"Single crystal silicon solar panels, high efficiency photovoltaic panels, 100W200W300W shingles can charge 12\24V batteries.","₱4,176.66",N/A,https://www.lazada.com.ph/products/pdp-i4873674082.html
Defective solar photovoltaic panels,₱425.55,N/A,https://www.lazada.com.ph/products/pdp-i5048764106.html
Pecron 100W Solar Panel Portable Outdoor Mobile Power can be Folded Fast Charging High Conversion Efficiency for Tent,"₱8,500.00",N/A,https://www.lazada.com.ph/products/pdp-i4048447467.html
Promate Foldable Solar Panel SP60W-F,"₱9,000.00",N/A,https://www.lazada.com.ph/products/pdp-i2284125196.html
Crownstar Solar Panel 120w 50w 30w 15w Solar Light Panel GD-10120 / GD-1050 / GD-1030 / GD-1015,"₱1,505.00",N/A,https://www.lazada.com.ph/products/pdp-i5103636469.html
Thunder Solar Panel 120Watts,"₱3,999.00",N/A,https://www.lazada.com.ph/products/pdp-i3319931903.html
Jingke solar power panel positive A single crystal high-efficiency Jinko photovoltaic module 550-570w double-sided high power,"₱27,644.79",N/A,https://www.lazada.com.ph/products/pdp-i4866051285.html
PowMr 30/20/10A PWM Solar Charge Controller 12v 24v Auto With LCD Display Dual USB Solar Regulator Lithium Battery Activation,₱134.40,N/A,https://www.lazada.com.ph/products/pdp-i1923023966.html
500W Solar Inverter Charger 12V to 220V Home Inverter Vehicle Power Inverter,₱499.00,N/A,https://www.lazada.com.ph/products/pdp-i3745282206.html
NSS Portable Flexible FoldableUSB Solar Panel Charger 6V 20W Waterproof Dustproof Camping Set,"₱1,800.00",N/A,https://www.lazada.com.ph/products/pdp-i4741546237.html
【Huang Li Electronics】12V 5.2W Mini Solar Panel Polycrystalline Solar Cells Silicon Epoxy Solar DIY Module System Battery Charger + DC output,₱387.00,N/A,https://www.lazada.com.ph/products/pdp-i15447693402.html
12V Solar Panel Kit Complete 30W Power Portable Outdoor Rechargeable Solar Cell Generator for Home,₱533.80,N/A,https://www.lazada.com.ph/products/pdp-i5231735078.html
BLUETTI SORA 60 Portable Solar Panel 60W Foldable Charger DC5521 to XT60 for Power Station Outdoor,"₱7,999.00",N/A,https://www.lazada.com.ph/products/pdp-i15459075479.html
BLUETTI 60W Solar Panel - 60W for Portable Power Station AC2A EB3A Foldable Solar Charger for Hiking Camping Travel,"₱7,499.00",N/A,https://www.lazada.com.ph/products/pdp-i4946647614.html
NSS solar panel complete set For Home With 500W Battery Inverter and Solar Charge Controller and 20W 30W 50W 100W Solar Panel,"₱2,799.00",N/A,https://www.lazada.com.ph/products/pdp-i3481550219.html
（5 Year warranty）Solar panel 500W solar panel set waterproof ip67 suitable for home solar controller,"₱3,728.27",N/A,https://www.lazada.com.ph/products/pdp-i5139298854.html
BOSCA 60W Solar Panel Mono 60 Watt 12 Volt Pv Solar Module Solar Cell Panel / Classic Audio (Original) With 5 Years Warranty,"₱2,099.00",N/A,https://www.lazada.com.ph/products/pdp-i4019354149.html
Flashfish 30w solar panel for Ship / Out-Door Solar Panels for tents Portable Solar Panel Kit,"₱1,899.00",N/A,https://www.lazada.com.ph/products/pdp-i4967903489.html
Solar Panel Kit 100W 12V with MPPT Charge Controller Aluminum for Outdoor RV Camping Boat Trailer Systems,₱899.30,N/A,https://www.lazada.com.ph/products/pdp-i5287524257.html
Alton Monocrystalline 550W Solar Panels,"₱12,000.00",N/A,https://www.lazada.com.ph/products/pdp-i4021997595.html
Solar Panel 100wattsoutdoor waterproof sun power mono poly good quality,"₱2,299.00",N/A,https://www.lazada.com.ph/products/pdp-i3357176580.html
Solar Panel 10W Built in USB Port Monocrystalline Silicon Waterproofing Foldable Portable Solar Panel Charger for Phone Camera Tablet,₱955.02,N/A,https://www.lazada.com.ph/products/pdp-i4976630033.html
tp-link Tapo A201 Solar Panel | TP-Link by EJD,"₱1,099.00",N/A,https://www.lazada.com.ph/products/pdp-i4950635547.html
Nss 100W 150W solar panel with MC4 connector multifunctional solar generator waterproof solar panel 500w original solar panel 200w original german solar cell panel,"₱1,686.00",N/A,https://www.lazada.com.ph/products/pdp-i3491226569.html
GREENFIELD Foldable Solar Panel 60W | 100W for Power Station Powerstation,"₱14,850.00",N/A,https://www.lazada.com.ph/products/pdp-i3390320833.html
Portable Solar Panel Kit 30W Monocrystalline,"₱1,526.85",N/A,https://www.lazada.com.ph/products/pdp-i15424240651.html
"【NEW ARRIVAL】TP-Link Tapo A201 Solar Panel Non-Stop Power Supply, IP65 Weatherproof, Works with Tapo Battery Cameras","₱1,099.00",N/A,https://www.lazada.com.ph/products/pdp-i4632659866.html
【10 Year Warranty】18BB Solar Panel 200Watts Monocrystalline Solar Panel With MC4 Connector,"₱4,599.00",N/A,https://www.lazada.com.ph/products/pdp-i3253298156.html
Jingke solar photovoltaic panel jinko single crystal original factory N-type positive A-class 465W solar photovoltaic module,"₱12,372.38",N/A,https://www.lazada.com.ph/products/pdp-i5117094687.html
LIXADA 20W Monocrystalline Silicon Outdoor Camping Hiking USB Solar Panel Portable Solar Power Recharger Car Light Fan Recharging Tool Removable Solar Panels,₱694.66,N/A,https://www.lazada.com.ph/products/pdp-i4219433752.html
【18BB】100W/200W Full Power Monocrystalline Silicon Solar Panel,"₱4,599.00",N/A,https://www.lazada.com.ph/products/pdp-i3253187843.html
1 Pcs 12V 1.5W Solar Panel Charging Battery System Polycrystalline Solar Panel with Clip for Small Power Appliances,₱232.00,N/A,https://www.lazada.com.ph/products/pdp-i5200833169.html
Solar Panel Power System 220V,"₱5,841.00",N/A,https://www.lazada.com.ph/products/pdp-i2383912930.html
12V Solar Panel Kit Complete 30W Power Portable Outdoor Rechargeable Solar Cell Generator for Home,₱585.80,N/A,https://www.lazada.com.ph/products/pdp-i5182512859.html
"Solar Panel 8W can charge mobile phone, battery with USB power saving fast charging uninterrupted",₱518.00,N/A,https://www.lazada.com.ph/products/pdp-i4860472708.html
gumahus | New Polycrystalline Solar Panel 60W,"₱1,116.00",N/A,https://www.lazada.com.ph/products/pdp-i15422852298.html
Single Crystal Glass Laminated Solar Panel 400*350*18mm 20W/9V Solar Energy Conversion High Efficiency Silicon Series Product,"₱1,200.00",N/A,https://www.lazada.com.ph/products/pdp-i5176178794.html
"Factory direct solar photovoltaic panels, monocrystalline silicon components, solar panels, power generation panels, 200W photovoltaic panels, power generation households.",₱835.33,N/A,https://www.lazada.com.ph/products/pdp-i5049919984.html
"SOECOPO 800W Portable Solar Panel System Kit: 4*200W Panels, Free 100A Controller, USB 5V for Camping Equipment RV Charge Phone","₱4,365.68",N/A,https://www.lazada.com.ph/products/pdp-i5384065203.html
Risym | Flexible Polycrystalline Solar Panel,₱68.46,N/A,https://www.lazada.com.ph/products/pdp-i5405642382.html
KKmoon Outdoor Solar Panel 12V Portable Waterproof High Efficiency 200W Light Weight Solar Panel with 10 in 1 Adapter for RV for Camping,"₱1,907.76",N/A,https://www.lazada.com.ph/products/pdp-i5324317587.html
NSS Solar Charging Panel NS-03W | NS-05W,₱350.00,N/A,https://www.lazada.com.ph/products/pdp-i2685505693.html
TP-Link Tapo A202 Solar Panel Non-Stop Power Supply IP65 Weatherproof Works with Tapo Battery Cameras,"₱1,290.00",N/A,https://www.lazada.com.ph/products/pdp-i5350660823.html
（PENGGONG)5W Monocrystalline Solar Panel for Arlo Cameras with Waterproof Housing,"₱1,563.00",N/A,https://www.lazada.com.ph/products/pdp-i15416835876.html
【Weliba】 High Conversion Efficiency 50W Solar Panel Lightweight Portable Design [New Home Products Hot Sale],"₱1,247.07",N/A,https://www.lazada.com.ph/products/pdp-i5380733361.html
Home & Industrial Solar Panel 10KW,"₱16,178.89",N/A,https://www.lazada.com.ph/products/pdp-i15447746207.html
Anern 100W Solar Panel Monocrystalline Silicon 18V Photovoltaic Panel IP67 Waterproof For Solar Panels 0 Electricity Bill,"₱3,263.00",N/A,https://www.lazada.com.ph/products/pdp-i5224675015.html
Black Solar Panel Plastic Solar Panel for Security Camera Outdoor USB Charging Solar Panel for CCTV Security Camera Monitor Power Supply,₱614.00,N/A,https://www.lazada.com.ph/products/pdp-i15447165062.html
Micro Solar Panel Cells Strong Mini Solar Panel for Electronic Applications Home Projects,₱292.00,N/A,https://www.lazada.com.ph/products/pdp-i5315465427.html
Skyloong High-efficiency Solar Panel Pocket-sized Solar Panel Portable Solar Panel Power Bank for Outdoor Activities Lightweight Type-c Charger for Camping Hiking and Cycling Emergency Phone Charger,₱248.69,N/A,https://www.lazada.com.ph/products/pdp-i5245556184.html
2.5W/5V Portable Solar Charger With USB Port Monocrystalline silicon Compact Solar Panel Phone Cellphone P-ower B-ank Charger For Camping Hiking Travel,₱244.00,N/A,https://www.lazada.com.ph/products/pdp-i790554822.html
3W Solar Charger Portable Monocrystalline Panel for Outdoor Phone Charging IP65 Waterproof Solar Power Bank Camping Used,₱229.00,N/A,https://www.lazada.com.ph/products/pdp-i5300435604.html
[Vktech] Compact 6V 1W Solar Panel for Mobile Phone Charging DIY Solar Power System Green Energy,₱220.00,N/A,https://www.lazada.com.ph/products/pdp-i5336559027.html
BONINGYU | Foldable Portable Solar Panel 20W,"₱1,880.25",N/A,https://www.lazada.com.ph/products/pdp-i5290253486.html
12v car battery charging 100W semi-flexible monocrystalline silicon solar panel photovoltaic outdoor power generation RV,₱835.33,N/A,https://www.lazada.com.ph/products/pdp-i4873428676.html
YUKOU | Photovoltaic Home Solar Panel,"₱1,009.00",N/A,https://www.lazada.com.ph/products/pdp-i15427188464.html
BOSTO Solar Panel Lightweight Solar Panel Charger 6W 1A 6V for Fan,₱625.66,N/A,https://www.lazada.com.ph/products/pdp-i15409092065.html
Solar Panel Kit with Wire 3V220MA,₱566.32,N/A,https://www.lazada.com.ph/products/pdp-i15420778211.html
Monocrystalline Polycrystalline Solar Panels USB Charging,"₱1,002.50",N/A,https://www.lazada.com.ph/products/pdp-i15434664888.html
Solar Panel Sensitive Durable Solar Charger for Outdoor Activities for Emergency,₱299.00,N/A,https://www.lazada.com.ph/products/pdp-i5150279253.html
Ultra-lightweight Solar Panel High-power Output Solar Charger Portable Solar Panel Charger 7w for Phones Fans High-power Output Foldable Design Overcharge Protection Ideal for Emergencies,₱879.59,N/A,https://www.lazada.com.ph/products/pdp-i5202277047.html
Solar Panel Charger 3W Solar Panel for Phone 5V USB Waterproof IP65 / Adjustable Outdoor Camping Hunting Gear,₱204.00,N/A,https://www.lazada.com.ph/products/pdp-i5190073576.html
Portable Power Station 300ma Output Solar Panel High Efficiency 12v 10w Solar Panel for Easy Installation and High-power Output Perfect,₱663.26,N/A,https://www.lazada.com.ph/products/pdp-i5203085408.html
Portable Solar Panel 10W 12V Polycrystalline IP65 Waterproof with 30A Solar Charge Controller Combo for Outdoor,₱840.60,N/A,https://www.lazada.com.ph/products/pdp-i5251606574.html
（5 Year warranty）Solar panel 500W solar panel set waterproof ip67 suitable for home solar controller,"₱3,719.11",N/A,https://www.lazada.com.ph/products/pdp-i5058759684.html
Experimental DIY Solar Panel,₱513.94,N/A,https://www.lazada.com.ph/products/pdp-i15421371603.html
100W Portable Solar Panel 2.5 mm DC charger outdoor waterproof Multifunctional Portable electrical parts connectors,"₱1,899.00",N/A,https://www.lazada.com.ph/products/pdp-i4785480207.html
Flexible Solar Panel Outdoor Emergency Charger,₱941.00,N/A,https://www.lazada.com.ph/products/pdp-i15418999322.html
20W Solar Panel 12V/5V USB2.0 Solar Car Charger Outdoor Portable Monocrystalline Silicon Flexible Solar Panel,₱906.30,N/A,https://www.lazada.com.ph/products/pdp-i5186139021.html
12V 5.2W Mini Solar Panel Polycrystalline Solar Cells Silicon Epoxy Solar DIY Module System Battery Charger + DC output,₱369.00,N/A,https://www.lazada.com.ph/products/pdp-i5214802045.html
KKmoon 10W 5V Micro USB Solar Panel 2000mAh 360-degree Rotation Waterproof Wall Mounted Monocrystal Silicon Solar Plate for USB Camera,₱771.95,N/A,https://www.lazada.com.ph/products/pdp-i2637772660.html
300W solar panel flexible film solar room greenhouse color steel tile off-grid roof energy storage hail,"₱1,591.86",N/A,https://www.lazada.com.ph/products/pdp-i5027655178.html
New 100W Polycrystalline Silicon Solar Panel Power Generation Battery Charging Board Photovoltaic Power System 12V Household,"₱1,622.00",N/A,https://www.lazada.com.ph/products/pdp-i5028090638.html
20W Portable Solar Panel 2.5 mm DC charger outdoor waterproof Multifunctional Portable electrical parts connectors,"₱1,388.00",N/A,https://www.lazada.com.ph/products/pdp-i4652145286.html
200W/100W solar panels Environmentally friendly and efficient photovoltaic power generation convenient photovoltaic panel module,"₱2,999.00",N/A,https://www.lazada.com.ph/products/pdp-i3901602549.html
1000W Solar Panel Solar Folding Bag USB+DC Output Solar Charger Outdoor Power Supply for Home Mobile Phone Power Generator,"₱2,703.69",N/A,https://www.lazada.com.ph/products/pdp-i15435041236.html
10W Outdoor Foldable Solar Panels Cell 5V USB Portable Solar Smartphone Battery Charger for Camping Hiking Phone Charger,₱969.90,N/A,https://www.lazada.com.ph/products/pdp-i5200289679.html
YOFIDRA 12V Solar Panel with Battery Charger Usb 100W Polycrystalline Solar Panel System Full Set DC 12-18V Double Usb With 10-100A PWM Controller Solar Cells Monocrystalline for Car Yacht RV Boat Moblie Phone Battery Charger,₱968.74,N/A,https://www.lazada.com.ph/products/pdp-i3709139112.html
【liuxiaomei】Outdoor 12V Solar Panel Kit 30W Power Portable Rechargeable Solar Cell Generator for HomeHope you have a pleasant shopping experience<br><br>,₱816.60,N/A,https://www.lazada.com.ph/products/pdp-i5334319639.html
GUANGHETIANSHI | High-power Household Solar Panel 12V,"₱3,061.00",N/A,https://www.lazada.com.ph/products/pdp-i15409331419.html
18V 30W Monocrystalline Solar Panel,"₱2,500.00",N/A,https://www.lazada.com.ph/products/pdp-i3040462653.html
XIXIANGZI | Portable Home Solar Panel,₱724.48,N/A,https://www.lazada.com.ph/products/pdp-i15431300460.html
MUZHAN | Solar Panel for Charging Waterproof Fish Tank Oxygenation USB Mobile Quick Charge,"₱3,732.88",N/A,https://www.lazada.com.ph/products/pdp-i15414631087.html
TP-Link Official Store | Tapo A200 | Up to 4.5W Charging Power Flexible Monocrystalline Solar Panel,"₱2,490.00",N/A,https://www.lazada.com.ph/products/pdp-i3992285385.html
Polycarbonate solar panels PC resistant panels transparent heat insulation hollow panels honeycomb panels 5MM solar panels transparent.,₱709.24,N/A,https://www.lazada.com.ph/products/pdp-i5056406020.html
【Planet age】Waterproof Solar Panel Kit 20W Portable Solar Charger with 2 USB Outdoor Battery Powered for Camping with Mounting Rack,₱959.30,N/A,https://www.lazada.com.ph/products/pdp-i5318344415.html
GAMURRY 5Year Warranty Solar panel for charging 100W 200W 300W solar lights 5V 12 Volt Pv Solar Module Solar Cell Panel with controller【24 hours delivery】,"₱2,999.00",N/A,https://www.lazada.com.ph/products/pdp-i3880087252.html
MPPT Solar Charge Controller 200W 400W 600W Step Up Down Battery Charger,"₱2,299.00",N/A,https://www.lazada.com.ph/products/pdp-i5407745924.html
DIY Solar Panels Kits Professional Small Solar Panels Compact 3 Set for Teaching Appliance,₱333.00,N/A,https://www.lazada.com.ph/products/pdp-i5045265029.html
ECOFLOW [COD]60W Flexible Solar Panel with High Efficiency Solar Modules IP68 Waterproofing Ideal for Off-Grid Solar Panel Kits PV Charging Power Kits & Ecosystem,"₱6,990.00",N/A,https://www.lazada.com.ph/products/pdp-i4051357838.html
10W 12V Solar Panel Car Battery Charger High Efficiency Charging 12V 10W Solar Panel for Mobile Phone Batteries for Traveling,"₱1,179.00",N/A,https://www.lazada.com.ph/products/pdp-i5015309036.html
【XIXINBO】 Open-circuit Voltage Feature 10W Solar Panel Slim Solar Panel PET Construction [not miss it][New product release],₱861.00,N/A,https://www.lazada.com.ph/products/pdp-i15461924952.html
BOSCA 35W Solar Panel Mono 35 Watt 12 Volt Pv Solar Module Solar Cell Panel (Original) 5 Years Warranty,"₱1,199.00",N/A,https://www.lazada.com.ph/products/pdp-i4015539304.html
600W Solar Panel Kit with 100A 18V Charge Controller Solar Charging for Outdoor RV Camping Boat Trailer System,₱858.50,N/A,https://www.lazada.com.ph/products/pdp-i5219939400.html
Solar panels solar cells photovoltaic panels solar modules 100*28 solar panels,₱504.35,N/A,https://www.lazada.com.ph/products/pdp-i5096890960.html
3 Watts Solar Panel 18.6 Percent High-Efficiency Polysilicon Power Charger IPX6 Waterproof 250mA Photovoltaic Module DIY 12 Volt Solar Panel for Smart Phone / Small Fan,₱374.00,N/A,https://www.lazada.com.ph/products/pdp-i4348114190.html
【L-BEANS】 600W Solar Panel Kit with 100A Controller for Outdoor Use on RVs and Boats,"₱1,748.00",N/A,https://www.lazada.com.ph/products/pdp-i15422935832.html
"Semi-flexible solar panels, power generation panels, refitted caravans for on-board cars, and customized roofs and skylights for ships.",₱551.64,N/A,https://www.lazada.com.ph/products/pdp-i5074942421.html
【XINJIA】2X 600W Solar Panel Kit with 100A 18V Charge Controller Solar Charging for Outdoor RV Camping Boat Trailer System,"₱1,681.20",N/A,https://www.lazada.com.ph/products/pdp-i5283726651.html
BOSCA 320W Solar Panel By Classic Audio-Mono 320 Watt 12 Volt Pv Solar Module Solar Cell Panel (Original) 5 Years Warranty,"₱9,499.00",N/A,https://www.lazada.com.ph/products/pdp-i4111506344.html
"6WW solar panels, solar drip panels, small solar panels, polysilicon solar panels",₱630.44,N/A,https://www.lazada.com.ph/products/pdp-i5148629735.html
20W 12V Polycrystalline Solar Panel (2pcs),"₱2,800.00",N/A,https://www.lazada.com.ph/products/pdp-i1035276337.html
gumahus | New High-Efficiency Solar Panels,"₱1,174.95",N/A,https://www.lazada.com.ph/products/pdp-i5396516796.html
[Vktech]30W/40W 5V Portable Outdoor Powerful Solar Panel Foldable Solar Panel Mobile Power Bank Charger for USB A C Power Bank,"₱1,150.76",N/A,https://www.lazada.com.ph/products/pdp-i4832073780.html
SOLAR PANEL 150watts MONOCRYSTALLINE,"₱5,597.80",N/A,https://www.lazada.com.ph/products/pdp-i4985124469.html
Solar panels 6V5W resin solar panels size 270mm*175mm.,₱630.44,N/A,https://www.lazada.com.ph/products/pdp-i4864755026.html
100w 50w 20w Solar Panel 18V Monocrystalline Silicon PV Panel Solar Free Controller and DC5521 Cable,"₱1,570.00",N/A,https://www.lazada.com.ph/products/pdp-i5195688513.html
"SOREIN 200W Portable Solar Panel, Foldable & Durable, Complete with an Adjustable Kickstand Case, Waterproof IP67 for Outdoor Adventures","₱17,278.00",N/A,https://www.lazada.com.ph/products/pdp-i5209835521.html
100w single crystal solar panel brand-new 12V24V monitoring photovoltaic panel home system 220v grid-connected component,"₱1,371.21",N/A,https://www.lazada.com.ph/products/pdp-i4823068847.html
Solar Panel 150 Watts | Monocrystalline Solar Panel 150 Watts,"₱7,467.30",N/A,https://www.lazada.com.ph/products/pdp-i5090359458.html
75W Solar Panel,"₱16,785.46",N/A,https://www.lazada.com.ph/products/pdp-i4519746481.html
36V Single Polycrystalline 300W380W450W500W Solar Panel Charge 24V48V60V72V Photovoltaic Power Generation Home,"₱1,938.60",N/A,https://www.lazada.com.ph/products/pdp-i4939431880.html
Solar panels 70w80w18v single crystal silicon solar panels 12v battery charging photovoltaic system components,"₱4,838.63",N/A,https://www.lazada.com.ph/products/pdp-i5083145158.html
Second-hand polycrystalline 250 watt solar panels charged with 18V24V batteries outdoor photovoltaic panels,"₱19,622.44",N/A,https://www.lazada.com.ph/products/pdp-i5112374069.html
Trina Power Single Crystal Single-sided Double Glass Double-sided 450w505w540w660w Solar Panel Photovoltaic Manufacturers,"₱18,487.65",N/A,https://www.lazada.com.ph/products/pdp-i5051012176.html
1pc USB Solar Panel Portable Flexible Small Waterproof 5V Folding Solar Panels Cells For Mobile Phone Battery Charger,"₱1,390.00",N/A,https://www.lazada.com.ph/products/pdp-i15451030453.html
Solar panels polycrystalline 250w power panel 260w275W photovoltaic panel 300w350w solar charging panel,"₱14,894.14",N/A,https://www.lazada.com.ph/products/pdp-i5042998703.html
300W solar panel flexible film solar room greenhouse color steel tile off-grid roof energy storage hail,"₱1,591.86",N/A,https://www.lazada.com.ph/products/pdp-i5054439114.html
Brand-new polycrystalline 6V photovoltaic solar panels with high power and 50W solar charging panels are sold separately.,"₱2,968.74",N/A,https://www.lazada.com.ph/products/pdp-i5033949885.html
MUZHAN | Street Light Solar Panel 100W,"₱2,690.92",N/A,https://www.lazada.com.ph/products/pdp-i15416489266.html
Polycrystalline silicon solar panel 5V 240MA solar drip board 100mm x 100mm DIY.,₱661.96,N/A,https://www.lazada.com.ph/products/pdp-i5057104623.html
120W Solar Panel Mono 12 Volt PV Solar Module Solar Cell Panel,"₱3,120.00",N/A,https://www.lazada.com.ph/products/pdp-i4546763266.html
【EELHOE】 1000W 12V Solar Panel Device for RV Car For caravan Camping Outdoor Battery Use [New product release][Large Inventory],"₱1,679.00",N/A,https://www.lazada.com.ph/products/pdp-i15456432383.html
Polycrystalline silicon solar panel 5V 240MA solar drip board 100mm x 100mm DIY.,₱661.96,N/A,https://www.lazada.com.ph/products/pdp-i5122878034.html
25W Portable Solar Panel Solar Panels 5V With USB Compact S,"₱1,560.34",N/A,https://www.lazada.com.ph/products/pdp-i5048855402.html
Spark A-class 150W monocrystalline silicon solar panel photovoltaic system outdoor charging 12V battery home,"₱8,316.13",N/A,https://www.lazada.com.ph/products/pdp-i4551997646.html
Mitsushi Household Solar Panel Photovoltaic Energy Storage Panel 18V Solar Panel Outdoor Waterproof Sun Power,"₱1,299.00",N/A,https://www.lazada.com.ph/products/pdp-i5385411164.html
"ECOFLOW 28W Portable Backpack Solar Panel, 25% High Conversion Efficiency N-Type Solar Cell for Phone, Camping, Backup Lightweight Foldable Hangable Solar Panel with Carabiner, IP68 Waterproof","₱3,990.00",N/A,https://www.lazada.com.ph/products/pdp-i5227395129.html
"ALLPOWERS SE60 60W Portable Solar Panel for Power Station, Foldable Solar Charger, IP68 Waterproof for Camping, RV, Off-Grid & Emergency Power","₱4,147.00",N/A,https://www.lazada.com.ph/products/pdp-i15428648103.html
MUHUASHA | Monocrystalline Solar Panel,"₱13,312.26",N/A,https://www.lazada.com.ph/products/pdp-i15400261204.html
LUZMAR 2W 5V Solar Panel Charger Portable Polysilicon Solar Charger Durable Solar Panel Kit Mobile Phone Charging,₱270.73,N/A,https://www.lazada.com.ph/products/pdp-i15460643410.html
2W 12V Solar Panel with Clips Polycrystalline Silicon Solar Cell DIY Waterproof Camping Portable Power Solar Panel Compatible for Street Light Garden Lamp Fan Pump,₱277.00,N/A,https://www.lazada.com.ph/products/pdp-i3980670254.html
"FRP solar panels, awnings, waterproof greenhouses, transparent panels, outdoor heat insulation, glass fiber reinforced plastic lighting panels, roof shading.",₱551.32,N/A,https://www.lazada.com.ph/products/pdp-i5025048197.html
Norman Malthus Low-light Environment Solar Panel Pocket-sized Solar Panel Portable Solar Panel Charger 1.5w 6v for Phones Fans High Efficiency Emergency Power Panel for Outdoor Use,₱204.22,N/A,https://www.lazada.com.ph/products/pdp-i5202180785.html
"BLUETTI PV100 100W Portable Solar Panel for Power Stations, Camping & Off‑Grid Charging","₱12,689.00",N/A,https://www.lazada.com.ph/products/pdp-i15450990483.html
500w Solar Panel 12V Usb Portable Foldable Waterproof for Cell Phone Power Bank Battery Charger Outdoor Camping Hiking Fishing,"₱1,054.85",N/A,https://www.lazada.com.ph/products/pdp-i4855544365.html
MUHUASHA | Monocrystalline 100W Solar Panel 12V,"₱2,716.18",N/A,https://www.lazada.com.ph/products/pdp-i15399883383.html
Fine Workmanship 4W 5V Polysilicon Solar Panel Photovoltaic Panels for Outdoor Camping Daily Furniture Home,₱562.00,N/A,https://www.lazada.com.ph/products/pdp-i5149208151.html
RV Roof Portable Solar Panel System 100W,"₱5,180.00",N/A,https://www.lazada.com.ph/products/pdp-i15405470523.html
Unity3D Solar Panels Kit 1.0 solar panel kit,₱762.83,N/A,https://www.lazada.com.ph/products/pdp-i5276851180.html
【liuxiaomei】30W Solar Panel 12V Monocrystalline Solar Module IP68 Solar Panel for Motorhome Roofs Camping Boats RVHope you have a pleasant shopping experience<br><br>,"₱1,890.70",N/A,https://www.lazada.com.ph/products/pdp-i5354579313.html
Foldable Portable Solar Panel USB Charger,"₱2,889.87",N/A,https://www.lazada.com.ph/products/pdp-i15449560895.html
High Power Foldable Solar Panel,"₱8,978.00",N/A,https://www.lazada.com.ph/products/pdp-i15458225911.html
【FUXING】 12V 2W Solar Panel with Cable for Outdoor Small Device Charging Polycrystalline [buy now],₱352.00,N/A,https://www.lazada.com.ph/products/pdp-i15427415463.html
JOSEN LIGHTING | Off-grid Solar Photovoltaic Panels Components,"₱1,388.21",N/A,https://www.lazada.com.ph/products/pdp-i5290702683.html
NSS 20W Solar Panel 18Volt Waterproof Outdoor Portable Solar Charger High-Efficiency Power Charge,"₱1,189.00",N/A,https://www.lazada.com.ph/products/pdp-i4059515569.html
2X 600W Solar Panel Kit with 100A 18V Charge Controller Solar Charging for Outdoor RV Camping Boat Trailer System,"₱1,750.20",N/A,https://www.lazada.com.ph/products/pdp-i5253059684.html
"30W Flexible Solar Panel Solar Cells for Car RV Boat Home Roof Van Camping Solar Battery, 10A Solar Controller Module","₱1,002.75",N/A,https://www.lazada.com.ph/products/pdp-i5224687648.html
"(ETGY) 30W Flexible Solar Panel Solar Cells for Car RV Boat Home Roof Van Camping Solar Battery, 10A Solar Controller Module","₱1,091.60",N/A,https://www.lazada.com.ph/products/pdp-i4530455240.html
MUZHAN | Outdoor Multi-purpose Solar Panel 12V 100W,"₱6,467.84",N/A,https://www.lazada.com.ph/products/pdp-i15452721140.html
High Power Waterproof Portable Solar Panel,"₱23,326.00",N/A,https://www.lazada.com.ph/products/pdp-i15462476670.html
Home Use Portable Outdoor Solar Panel,₱796.00,N/A,https://www.lazada.com.ph/products/pdp-i15418370350.html
YUANMUXUAN | High Power Energy Storage Solar Panel,"₱4,447.03",N/A,https://www.lazada.com.ph/products/pdp-i15397325507.html
9V solar panel charging panel DIY charging panel can charge 6V battery.,₱929.90,N/A,https://www.lazada.com.ph/products/pdp-i5124702870.html
"Solar panels are customized with various specifications, efficient solar panels and transparent solar photovoltaic panels.","₱1,339.68",N/A,https://www.lazada.com.ph/products/pdp-i5150192044.html
Charging Solar Panel 30W,₱776.28,N/A,https://www.lazada.com.ph/products/pdp-i15424188606.html
【3PC】200 Watts Solar Panel 【QualFull】 Monocrystalline Solar Panel Only IP67 Waterproof With MC4 Produce 1.2KWh Every Day,"₱12,999.00",N/A,https://www.lazada.com.ph/products/pdp-i4586368699.html
SUORUIDA | Outdoor Solar Panel USB Charging,"₱1,586.00",N/A,https://www.lazada.com.ph/products/pdp-i15427242584.html
50W 12V Foldable Waterproof Solar Panel Charger Portable Fol,"₱14,744.42",N/A,https://www.lazada.com.ph/products/pdp-i4948554045.html
Flexible Monocrystalline Solar Panel 18V,"₱5,888.00",N/A,https://www.lazada.com.ph/products/pdp-i15463453376.html
Home and Outdoor 200w 12v Solar Panel,"₱2,478.00",N/A,https://www.lazada.com.ph/products/pdp-i15462740649.html
"Nitecore FSP100 100W Foldable Solar Panel - 8 Panels, USB-A / USB-C Ports, Hook-and-Loop Fastener, Compact & Portable","₱13,995.00",N/A,https://www.lazada.com.ph/products/pdp-i4225640642.html
TP-Link VIGI 60W Waterproof Solar Panel | itw,"₱7,990.00",N/A,https://www.lazada.com.ph/products/pdp-i5084246347.html
Single crystal 500w solar panels 400w photovoltaic system Household 300w watt polycrystalline 12v 24v panels,"₱18,298.52",N/A,https://www.lazada.com.ph/products/pdp-i5155663307.html
Single crystal silicon 300w solar panels 12v battery charging panels 24v household off-grid photovoltaic panels,"₱3,514.70",N/A,https://www.lazada.com.ph/products/pdp-i5042716476.html
550W solar panel photovoltaic module charging panel fishing boat RV household 24V power station 12V Longji Trina.,"₱27,187.72",N/A,https://www.lazada.com.ph/products/pdp-i4929318735.html
Solar Panel 200 Watts Silicon Solar Panel Full Power IP67 Waterproof Monocrystalline Solar Panel,"₱4,399.00",N/A,https://www.lazada.com.ph/products/pdp-i4842342478.html
BOSCA 120W Solar Panel Mono 120 Watt 12 Volt Pv Solar Module Solar Cell Panel / Classic Audio (Original) With 5 Years Warranty,"₱3,699.00",N/A,https://www.lazada.com.ph/products/pdp-i4019516199.html
Aoresac Solar Panel Solar Panel Kit Multifunction for Boat,₱556.75,N/A,https://www.lazada.com.ph/products/pdp-i5261359018.html
Solar Panel 200W 400W Household Charging Panel Module generator set for home with inverter,"₱3,777.44",N/A,https://www.lazada.com.ph/products/pdp-i5139216784.html
"Segway SP100 Portable Solar Panel 100W 20V, High Efficiency Monocrystalline PV Module Power Charger for Camping Hiking","₱9,599.00",N/A,https://www.lazada.com.ph/products/pdp-i5176636785.html
Rosy Recess 20W Monocrystalline Solar Panel Foldable Portable Charger for Outdoor Phone Powering with High Efficiency 19.8% PERC Technology,"₱2,276.00",N/A,https://www.lazada.com.ph/products/pdp-i15448423692.html
Factory direct solar photovoltaic panels 200W monocrystalline silicon photovoltaic panels marine 12V/24V battery charging.,₱835.33,N/A,https://www.lazada.com.ph/products/pdp-i4889996145.html
600W Solar Panel Kit with 100A 18V Charge Controller Solar Charging for Outdoor RV Camping Boat Trailer System,₱857.50,N/A,https://www.lazada.com.ph/products/pdp-i5266559695.html
20W 50W Solar Panel multi-function Solar Charger USB Cable Solar Panel Charger for mobile phones,₱424.60,N/A,https://www.lazada.com.ph/products/pdp-i5305743430.html
BOSTO 10W Polysilicon Solar Panel Set Solar Panel and Solar Recharge Controller Kit For Camping Traveling Car Mobile Phone Outdoor Emergency Power Accessory,"₱1,430.90",N/A,https://www.lazada.com.ph/products/pdp-i5409537559.html
9045 Single Crystal Solar Panel 5V 120MA New Energy Panel Photovoltaic Panel Scientific Experiment Photoelectric Conversion,₱504.35,N/A,https://www.lazada.com.ph/products/pdp-i5057688270.html
【XIXINBO】 600W Solar Panel Kit 100A for RV Camping and OffGrid Energy Supply System [not miss it][New product release],"₱1,879.00",N/A,https://www.lazada.com.ph/products/pdp-i15424845575.html
【3PCS】QualFull 18BB Solar Panel 200W Photovoltaic panels Get More Power to your life,"₱13,599.00",N/A,https://www.lazada.com.ph/products/pdp-i4582205090.html
Unity3D Solar Panels Kit [1.0] solar panel electric box model material,₱765.35,N/A,https://www.lazada.com.ph/products/pdp-i5148899218.html
Greenfield Foldable Solar Panel LFE 2X50W 36V,"₱16,000.00",N/A,https://www.lazada.com.ph/products/pdp-i4731284464.html
Solar panel 220W inverter household electricity 220V cooking photovoltaic package air conditioning car battery 12V turn,"₱1,938.60",N/A,https://www.lazada.com.ph/products/pdp-i5282772713.html
Solar Panel Power System USB Solar Panel Battery Charger 1000W Inverter Complete Controller Kit 220V Home Portable Power Station,"₱7,875.00",N/A,https://www.lazada.com.ph/products/pdp-i4989646695.html
80W-watt monocrystalline silicon photovoltaic panel solar enough power generation panel can be charged with 12v storage battery.,"₱1,033.92",N/A,https://www.lazada.com.ph/products/pdp-i5114787266.html
Solar Panel 400W 200W Household Charging Panel Controller Portable Solar Generator Power Station FOR CLASSIC AUDIO (ORIGINAL),"₱1,899.00",N/A,https://www.lazada.com.ph/products/pdp-i5319262943.html
【HFA MALL】1X8W 12V Dual USB/DC Flexible Solar Panel Efficient Car Battery Charge Camping,₱752.40,N/A,https://www.lazada.com.ph/products/pdp-i5318163011.html
NSS Solar Panel Mono 200W 150W 100W 80W 50W 30W 20W Solar Module Solar Cell Pane German Cell Aluminum with MC4 Connector High Efficiency IP65 Waterproof,"₱1,299.00",N/A,https://www.lazada.com.ph/products/pdp-i3469087336.html
Flexible Polycrystalline Solar Panel 20W,"₱1,052.34",N/A,https://www.lazada.com.ph/products/pdp-i15421272434.html
Kaistr Ultra-thin Solar Panel Wall Mountable Solar Panel Ultra-thin Waterproof Solar Panel for Ring Video Doorbell High/low Temp Resistant Emergency Power Supply Top,₱699.64,N/A,https://www.lazada.com.ph/products/pdp-i5238561734.html
Onestar Solar Panel Set 100W 150W 200W German Cell Aluminum With Mc4 Connector High Efficiency Ip65,"₱3,599.00",N/A,https://www.lazada.com.ph/products/pdp-i3183806434.html
Nss Solar Panels 100W 150W 200W Waterproof German Cell With Alligator Clip High Efficiency Ip65,"₱4,355.00",N/A,https://www.lazada.com.ph/products/pdp-i3183734443.html
BOSCA 25W Solar Panel By Classic Audio- Mono 25 Watt 12 Volt Pv Solar Module Solar Cell Panel (Original) 5 Years Warranty,₱999.00,N/A,https://www.lazada.com.ph/products/pdp-i4111751193.html
Classic Audio 60W Solar Panel Mono 60 Watt 12 Volt Pv Solar Module Solar Cell Panel (Original) With 5 Years Warranty,"₱2,199.00",N/A,https://www.lazada.com.ph/products/pdp-i4019284535.html
540w Canadian Solar Panel Monocrystalline (10pcs),"₱63,600.00",N/A,https://www.lazada.com.ph/products/pdp-i4293126142.html
SUNKET 10BB New Technology German Top Quality Monocrystalline Solar Panel 50W 28 Cells 5 Year Warranty,"₱1,899.00",N/A,https://www.lazada.com.ph/products/pdp-i3265644864.html
Solar Monitoring Dedicated High Capacity Solar Panel 5V,"₱2,629.00",N/A,https://www.lazada.com.ph/products/pdp-i15422811368.html
【2PC】200 Watts Solar Panel 【QualFull】 Monocrystalline Solar Panel Only IP67 Waterproof With MC4 Produce 1.2KWh Every Day,"₱8,699.00",N/A,https://www.lazada.com.ph/products/pdp-i4586324697.html
Solar panel 12v household 220v photovoltaic charging plate single crystal 150w100w50w30wI20w,"₱3,132.03",N/A,https://www.lazada.com.ph/products/pdp-i4889939380.html
BOSCA Monocrystalline 156 Series Solar Panel 12V 10w 25w 35w 60w 120w 160w 220w 320w 450W Solar module cell 156cells,"₱3,356.00",N/A,https://www.lazada.com.ph/products/pdp-i15455609832.html
12BB Solar Panel 【Dual Glass 200 Watts】New Monocrystalline Silicon 200W Solar Panel Full Power Promise Produce 1.2KWh Every Day,"₱4,107.80",N/A,https://www.lazada.com.ph/products/pdp-i5073933740.html
Solar panel 20W polysilicon 6V9V10V2V 18V projection lamp fan solar panel,"₱3,110.59",N/A,https://www.lazada.com.ph/products/pdp-i4990078135.html
20W Solar Panels Household DC Charging Panel Monocrystalline Silicon Solar Module Solar Cell Panel,"₱1,298.00",N/A,https://www.lazada.com.ph/products/pdp-i5195791604.html
6V solar panel power generation panel polycrystalline 20-60W photovoltaic power generation system charging panel household street lamp power supply,"₱5,941.90",N/A,https://www.lazada.com.ph/products/pdp-i5057625401.html
Foldable USB Solar Panels 20W Outdoor Portable Mobile Phone,"₱3,410.68",N/A,https://www.lazada.com.ph/products/pdp-i5123764279.html
Solar panel single crystal 50W solar panel 50W photovoltaic panel battery household street lamp,"₱5,122.32",N/A,https://www.lazada.com.ph/products/pdp-i5033189035.html
"Solar panels, 220v photovoltaic outdoor components, monocrystalline silicon project, household power generation panel, battery car charging panel.","₱28,070.34",N/A,https://www.lazada.com.ph/products/pdp-i4881001711.html
Polycrystalline single crystal solar panels 30W single crystal power generation panels 50W100W rechargeable 12V battery lithium charging panel,"₱1,594.07",N/A,https://www.lazada.com.ph/products/pdp-i5112396116.html
UORRIS Solar Panels 200 Watts True power 18Volt Pv Module Cell Panel Generator Set For Home,"₱1,799.00",N/A,https://www.lazada.com.ph/products/pdp-i15489016879.html
"30W Portable Solar Panel Charger, 18V Polycrystalline Solar Panel with USB Output, Waterproof IP65 Solar Charger for Phone Tablet Camping RV Outdoor",₱490.00,N/A,https://www.lazada.com.ph/products/pdp-i15466757023.html
【jianzhanqinl】 1Pc Solar Panel 5V 60MA For Mini Solar Panel Charging And Generating Electricity,₱78.99,N/A,https://www.lazada.com.ph/products/pdp-i5326918259.html
"CL-518 1.8W 5V Solar Panel with USB Port Portable Waterproof Solar Charger for Solar LED Bulb, Cellphone, Tablet",₱99.00,N/A,https://www.lazada.com.ph/products/pdp-i3747367517.html
Solar Panels 30W 5V Portable Adjustable Mount Power Bank Outdoor Security Camera Charging Panel for Phones Lantern Fan Power,₱622.73,N/A,https://www.lazada.com.ph/products/pdp-i15439002160.html
300W Solar Panel Kit Complete 12-18V Polycrystalline Power Portable Outdoor Rechargeable Solar Cell Solar Generator for Home,₱903.47,N/A,https://www.lazada.com.ph/products/pdp-i5039498957.html
10W 5V Solar Panel Micro Type-C Outdoor Solar Cells Charger Solar Panels for Security Camera Small Home Light System,₱361.90,N/A,https://www.lazada.com.ph/products/pdp-i5026461437.html
"800W Solar Panel Foldable Frame Durable, portable solar plate Design for Camping, RV, and Emergency Power","₱4,062.71",N/A,https://www.lazada.com.ph/products/pdp-i15460471544.html
600W Monocrystalline Solar Panel Kit with 100A Charge Controller & Cable for RV Battery Outdoor Camping,₱884.82,N/A,https://www.lazada.com.ph/products/pdp-i15443143149.html
D5 Solar Panel DC 3.7V/5V/6V/9V/12V Solar Charger for Security Cameras Doorbell Solar Power Supply with Micro USB Port & Type-C,"₱1,507.93",N/A,https://www.lazada.com.ph/products/pdp-i5284844216.html
Camera Power Solar Panel Type-C Port,"₱1,351.00",N/A,https://www.lazada.com.ph/products/pdp-i5261172061.html
SOECOPO 400W Solar Panel Kit 2*Foldable 18V Panels Camping Comes with A Free 100A Controller & 5V USB Ports for Easy Charging.,"₱2,649.77",N/A,https://www.lazada.com.ph/products/pdp-i5284729493.html
5W 12V Solar Panel Waterproof Mini Small Solar Panel Module Solar Battery Charger for Outdoor Camping for 9-12V Battery Charging,₱375.44,N/A,https://www.lazada.com.ph/products/pdp-i15457446711.html
"ANRAN Camera Solar Panel, 5W High-Power Solar Panel, Specially Designed for Cameras",₱749.78,N/A,https://www.lazada.com.ph/products/pdp-i5213448311.html
1.35W 6V flexible solar panel thin-film Amorphous silicon camping equipment curly DIY mini solar panel kit -Transparent,₱599.99,N/A,https://www.lazada.com.ph/products/pdp-i5145774284.html
HEAVY DUTY SOLAR PANEL MONO CRYSTALLINE POWER GOLD 50 WATTS,"₱2,798.00",N/A,https://www.lazada.com.ph/products/pdp-i4272438249.html
35W 5W Solar Panel With USB Waterproof Outdoor Hiking And Camping Portable Battery Mobile Phone Charging Bank Charging Panel 5V,₱305.62,N/A,https://www.lazada.com.ph/products/pdp-i5260694408.html
"1000W Folding Solar Panel Solar Car Battery Charger 12v Solar Panel Power Bank Charging For Home,Camping tent travel","₱4,283.69",N/A,https://www.lazada.com.ph/products/pdp-i15463073872.html
Mini 6V 1W Solar Panel Bank Solar Power Board Portable Solar System Module DIY Power for Cell Phone Light Battery Toy Chargers,₱189.82,N/A,https://www.lazada.com.ph/products/pdp-i5360058910.html
5W 12V Solar Panel Charger Waterproof Mini Small Solar Panel Module DIY Polysilicon Solar Epoxy Cell Charger for Outdoor Camping,₱529.36,N/A,https://www.lazada.com.ph/products/pdp-i15463875484.html
5V/2W Small Solar Panel with USB DIY Monocrystalline Silicon Solar Cell Waterproof Portable Camping Power Panel for Mobile Phone,₱195.78,N/A,https://www.lazada.com.ph/products/pdp-i15445510366.html
【Top-Rated Product】 500w Flexible Solar Panel 12v Charger Dual Usb With 10a-60a Controller Solar Cells Power Bank For Outdoor Camping Trip,₱964.30,N/A,https://www.lazada.com.ph/products/pdp-i4406887435.html
NSS Solar Panel 5V 6W Foldable Outdoor Mobile Power Camping Travel Charger,₱840.00,N/A,https://www.lazada.com.ph/products/pdp-i4741397530.html
New Design Monocrystalline Solar Panel 18V 100W,"₱4,921.00",N/A,https://www.lazada.com.ph/products/pdp-i15464201067.html
Portable Solar Panel 30W Foldable Solar Charger Monocrystalline with Dual USB Outputs for Backpacking,"₱1,745.04",N/A,https://www.lazada.com.ph/products/pdp-i4884963345.html
1.5W 6V Solar Panel Small Power Emergency Panels Waterproof Mini Solar Charger Solar Charging Panel for Fans Outdoor Lamp Pump,₱164.65,N/A,https://www.lazada.com.ph/products/pdp-i15434924588.html
100W Solar Panel Outdoor Portable Mobile Phone Emergency Charging Aluminum Frame Polycrystalline Silicon Solar Panel Charger,₱864.46,N/A,https://www.lazada.com.ph/products/pdp-i5104131786.html
20W Solar Panel Kit with 3-meter Charging Wire Portable Solar Panel 360 Rotating Wall Mount Bracket for Outdoor Security Camera,₱798.40,N/A,https://www.lazada.com.ph/products/pdp-i15463203269.html
"10W Solar Panel Kit with Controller for Outdoor Monitoring/Chicken Coop/Car Charging, Waterproof Solar Power System Easy Install","₱2,099.82",N/A,https://www.lazada.com.ph/products/pdp-i15406279481.html
21W Solar Panel Folding Charging Bag Outdoor Mobile Phone Charging Photovoltaic Panel Dual USB Portable Solar Charger,"₱2,538.41",N/A,https://www.lazada.com.ph/products/pdp-i15437661971.html
NSS 20W-200W 18V Solar Panel Multifunctional Waterproof Photovoltaic Solar Panel,"₱9,647.76",N/A,https://www.lazada.com.ph/products/pdp-i5075160396.html
600W Fast Charging Foldable Solar Panel USB 5V Mobile Black Solar Panel Outdoor Camping And Hiking Travel Power Bank,"₱1,216.94",N/A,https://www.lazada.com.ph/products/pdp-i5101571878.html
【KaArtsy】 200w Solar Panel Kit Complete 12v With Dual Usb 100a Controller Solar Cells Charger For Car Yacht Rv Boat Moblie Phone,"₱1,198.30",N/A,https://www.lazada.com.ph/products/pdp-i5320349078.html
tp-link Tapo A200 Solar Panel | TP-Link by EJD,"₱2,490.00",N/A,https://www.lazada.com.ph/products/pdp-i4950443981.html
144W really flexible thin film solar panels outdoor travel RV go on road trip car battery charging emergency power reserve energy solar room ceiling power generation household can be used in series and parallel.,"₱14,011.53",N/A,https://www.lazada.com.ph/products/pdp-i4866179795.html
Greenfield Foldable Solar Panel 60w,"₱13,700.00",N/A,https://www.lazada.com.ph/products/pdp-i3204744944.html
"20W/H Polycrystalline Solar Panel High Efficiency 12V Solar Charging for RV, Boat, Garden Lights, Off-Grid Systems","₱1,417.25",N/A,https://www.lazada.com.ph/products/pdp-i5074738203.html
"High-Efficiency 500W Foldable Solar Panel, Featuring 18V/12V DC and 5V USB Ports, Waterproof Design for All-Weather Camping","₱1,316.33",N/A,https://www.lazada.com.ph/products/pdp-i15389181027.html
NSS 20W 30W 50W 100W solar panels household charging panel monocrystalline silicon band,"₱4,712.00",N/A,https://www.lazada.com.ph/products/pdp-i5195794604.html
Brand-new single crystal polycrystalline 300W-360W-550W solar panels photovoltaic panels can charge 24V4.,"₱20,221.36",N/A,https://www.lazada.com.ph/products/pdp-i4951494314.html
1Set/5set MC4 Connectors Waterproof Male female Plug cable Terminals for Solar Panels Dedicated Assembly,₱129.00,N/A,https://www.lazada.com.ph/products/pdp-i2519659438.html
12000W Power Inverter DC 12V to AC 220V Modified Sine Wave Solar High Frequency Power Inverter USB Fast Charger Car Power Inverter For Vehicle/Home Appliance/Outdoor Travel Use Adapter Outdoor Emergency Equipment,₱708.08,N/A,https://www.lazada.com.ph/products/pdp-i4427767968.html
BOSCA Solar Panel Charger 12V 16W Mobile Any Battery Under 12V With Clip Cable Usb Cable Smart Chip BS-1216,₱687.00,N/A,https://www.lazada.com.ph/products/pdp-i5176681729.html
Bosca Solar Panel Charger with 5 TYPE USB CABLE And Battery clip Perfect for Camping 15W BS-1216,₱615.00,N/A,https://www.lazada.com.ph/products/pdp-i3235962447.html
Inverter 6000W solar inverter 12V/24V to 220V home 50Hz power Inverter Power Converters inverter DC12V/24V TO AC 220V For Aircon/Car/Home/Equipment /Outdoor Travel,"₱2,678.00",N/A,https://www.lazada.com.ph/products/pdp-i3895098667.html
Yoshino SP200 Portable 200W Solar Panel 21.8V 12.66A Compatible Bluetti/Jackery/E-F/Uapow/DJI/Segway Power Station etc.,"₱11,000.00",N/A,https://www.lazada.com.ph/products/pdp-i15453282195.html
Solar Panel Mounting Kits 30-50mm Roof PV Aluminum Mid Clamp L-Foot End Clamps Splice Cable Clips Hanger Bolts Grounding Clips,₱35.00,N/A,https://www.lazada.com.ph/products/pdp-i4538904588.html
12V Solar Panel Kit Complete 30W Power Portable Outdoor Rechargeable Solar Cell Generator for Home,₱533.80,N/A,https://www.lazada.com.ph/products/pdp-i5226705348.html
"ALLPOWERS SE60 60W Portable Solar Panel for Power Station, Foldable Solar Charger, IP68 Waterproof for Camping, RV, Off-Grid & Emergency Power","₱4,788.00",N/A,https://www.lazada.com.ph/products/pdp-i15452517598.html
EcoFlow 400W Solar Panel Kit Waterproof IP68 Foldable & Durable Complete with an Adjustable Kickstand Case for Outdoor Adventures,"₱34,990.00",N/A,https://www.lazada.com.ph/products/pdp-i2730149294.html
【COD】FlashFish TSP100W Foldable Solar Panel 18V Monocrystalline Solar Cells Lightweight Solar Panel Foldable Energy Storage Solar Outdoor Charger with Type-C DC USB Output for Camping Hiking Climbling Emergency Backup,"₱6,099.00",N/A,https://www.lazada.com.ph/products/pdp-i5179280707.html
Solar Panel Kit Monocrystalline Silicon 300W Solar Panel High Efficiency for Outdoor,"₱4,514.00",N/A,https://www.lazada.com.ph/products/pdp-i5045973767.html
Eufy Solar Panel (3W) Solar panel for powering outdoor cameras / max. 3W / compatible with eufyCam 2C / SoloCam C210 / Solar Wall Light Cam S120 / eufyCam S330 / SoloCam S340 / IP65 waterproof / easy installation,"₱3,451.00",N/A,https://www.lazada.com.ph/products/pdp-i4976680077.html
BOSCA 160W Solar Panel Mono 160 Watt 12 Volt Pv Solar Module Solar Cell Panel / Classic Audio (Original) With 5 Years Warranty (160 Watts Solar Panel),"₱4,899.00",N/A,https://www.lazada.com.ph/products/pdp-i4800230186.html
Longi Solar PV Module 360W Monocrystalline Solar Panel Grade a for Commercial And Industrial Use on Boats Chinese Manufacturer,"₱5,148.00",N/A,https://www.lazada.com.ph/products/pdp-i5164752431.html
"Nitecore FSP100 100W Foldable Solar Panel - Portable, Multiple Output Ports - High-Efficiency Outdoor Power Solution, Travel-friendly Design","₱13,995.00",N/A,https://www.lazada.com.ph/products/pdp-i3544075038.html
tp-link Tapo A202 Tapo Solar Panel | TP-Link by EJD,"₱1,290.00",N/A,https://www.lazada.com.ph/products/pdp-i5229437721.html
NSS 80W 50W 30W 20W Solar Panel 18 Volt Pv Solar Module Solar Cell Panel Multifuncitional Portable generator 0 electricity bill waterproof lightning solar for all appliances 220v complete set battery for solar panel,"₱1,667.00",N/A,https://www.lazada.com.ph/products/pdp-i2627858670.html
"DOKIO 4PCS 100W 18V monocrystalline flexible solar panel, suitable for camping, RV installation can charge 12V batteries","₱10,722.30",N/A,https://www.lazada.com.ph/products/pdp-i4835879496.html
Portable Monocrystalline Solar Phone Charging Panel Foldable USB,"₱3,795.03",N/A,https://www.lazada.com.ph/products/pdp-i15452752692.html
20W Outdoor Camping Hiking USB Solar Panel Portable Solar Power Recharger Mobilephone Recharging Tool Folding Removable Solar Panels,"₱1,073.50",N/A,https://www.lazada.com.ph/products/pdp-i3450856820.html
20 Watt 12 Volt Solar Panel Kit Monocrystalline Solar Panel + 10A/20A/30A/40A/50A/60A/100A PWM Charge Controller + Battery Clips 22% High-Efficiency for RV Boats Trailer Off-Grid System,"₱1,334.60",N/A,https://www.lazada.com.ph/products/pdp-i4355547507.html
Cybertech TP-Link Tapo A200 Solar Panel,"₱2,490.00",N/A,https://www.lazada.com.ph/products/pdp-i4332875348.html
ODNUM solar battery panel waterproof monocrystalline silicon optical hair component 20W solar controller USB charging,"₱1,099.00",N/A,https://www.lazada.com.ph/products/pdp-i3872634994.html
NSS 16W Solar Panel Phone Charger Multifunctional Waterproof Solar Panel with 5 in 1 usb cable,"₱2,522.84",N/A,https://www.lazada.com.ph/products/pdp-i4979555052.html
Dustproof Solar Panels Flexible Solar Panels 10w Flexible Solar Panel Ip65 Waterproof Lightweight Bendable 30° Thin Polysilicon,₱983.47,N/A,https://www.lazada.com.ph/products/pdp-i5231439331.html
DOKIO 18V 100W-200W Rigid Solar Panel China Monocrystalline Silicon Waterproof Solar Panel #DSP-100M Camping/Home/RV,"₱5,281.30",N/A,https://www.lazada.com.ph/products/pdp-i4834024612.html
"Nitecore FSP100W Waterproof Foldable Solar Panel - 100W Max Output, Lightweight & Portable - Outdoor & Emergency Use","₱16,500.00",N/A,https://www.lazada.com.ph/products/pdp-i4225647631.html
OPES 100 Wp solar panel (2 pcs.) - for LORENTZ S1,"₱14,999.00",N/A,https://www.lazada.com.ph/products/pdp-i3911998889.html
300W Solar Panel 18 Volt Pv Solar Module Solar Cell Panel generator for electric fan and tv,"₱1,698.00",N/A,https://www.lazada.com.ph/products/pdp-i5195846120.html
410w Canadian Solar Panel Monocrystalline (10pcs),"₱54,000.00",N/A,https://www.lazada.com.ph/products/pdp-i4126107264.html
500W Folding Solar Panel,"₱24,503.00",N/A,https://www.lazada.com.ph/products/pdp-i15454910472.html
GUANGHETIANSHI | Outdoor Home Monocrystalline Solar Panel 12V 100W,"₱4,318.00",N/A,https://www.lazada.com.ph/products/pdp-i15405547697.html
Lepmerk Solar Panel Kit Solar 10w Solar Panel And Kit And 10w Panel And Solar Kit Car 10w And Wildwill Kit Panel Car Outdoor Kit 10w Solar And Solar Re Kit Panel Set Solar And Power Ammoon Solar Kit,"₱1,274.60",N/A,https://www.lazada.com.ph/products/pdp-i4694724274.html
Anern 100W Solar Panel High Quality Monocrystalline Solar Cell 18V Solar Panels Waterproof Rechargeable Power System for All Appliances Complete Set,"₱3,263.00",N/A,https://www.lazada.com.ph/products/pdp-i5318187302.html
300W Monocrystalline Polycrystalline Solar Panel Battery Charging Board for Car Use 12V 24V System Photovoltaic Board,"₱5,687.00",N/A,https://www.lazada.com.ph/products/pdp-i5193291588.html
Solar Panel Kit 100 Watt 12 Volt Rainproof Solar Panels Kit,"₱1,087.51",N/A,https://www.lazada.com.ph/products/pdp-i4986271914.html
280-500W solar panels fishing boats household batteries charged with 12v/24v photovoltaic panels outdoors.,"₱20,820.28",N/A,https://www.lazada.com.ph/products/pdp-i5080017006.html
DOKIO 18V 100W 200W Rigid Solar Panel China Monocrystalline Waterproof Solar Panel Charging 12V #DSP-100MX2 Camping/Home/RV,"₱4,891.30",N/A,https://www.lazada.com.ph/products/pdp-i4818224324.html
Longji photovoltaic panel solar power generation 550/555w high-power single crystal high-efficiency off-grid solar photovoltaic panel,"₱31,916.02",N/A,https://www.lazada.com.ph/products/pdp-i5052349574.html
GML INC Crystalline Solar Panel High Efficiency Granmerlen Mono(150W),"₱9,188.00",N/A,https://www.lazada.com.ph/products/pdp-i257690273.html
SOLAR PANEL 100watts MONOCRYSTALLINE 100w .,"₱4,040.00",N/A,https://www.lazada.com.ph/products/pdp-i5048782500.html
Solar Power Photovoltaic Panel 12V,"₱8,494.00",N/A,https://www.lazada.com.ph/products/pdp-i15462937537.html
Solar Panel Weather Proof Portable Solar Panel for Scientific Projects,"₱1,302.00",N/A,https://www.lazada.com.ph/products/pdp-i5044273189.html
Solar cell polycrystalline cell 156x52mm 1.4W 0.5V defect special DIY solar panel,₱441.31,N/A,https://www.lazada.com.ph/products/pdp-i4873371279.html
Portable Solar Panel Lightweight Photovoltaic PV Solar Panel Module for Outdoor,₱776.00,N/A,https://www.lazada.com.ph/products/pdp-i5007853559.html
Full power 50W single crystal solar panels photovoltaic panels photovoltaic modules street lamp special rechargeable 12V battery.,₱835.33,N/A,https://www.lazada.com.ph/products/pdp-i4637774624.html
Solar panel 6v18v30w20w15w12w10w Off-grid solar photovoltaic panel assembly,"₱1,760.50",N/A,https://www.lazada.com.ph/products/pdp-i4810151482.html
300W Solar Panel 12V 5V Dual USB Controller Waterproof Monocrystalin Solar Cells Battery Charger,"₱1,237.74",N/A,https://www.lazada.com.ph/products/pdp-i5254583338.html
Spark solar panel 12V rechargeable monocrystalline silicon solar power supply panel 40w photovoltaic power generation system component,"₱4,246.01",N/A,https://www.lazada.com.ph/products/pdp-i5142181731.html
Baikelong 60W outdoor portable solar panels foldable photovoltaic panels home camping solar panels,"₱1,812.52",N/A,https://www.lazada.com.ph/products/pdp-i5055704218.html
Small solar cell 52mm x 26mm DIY solar panel solar charger,₱403.48,N/A,https://www.lazada.com.ph/products/pdp-i5112665244.html
Brand-new polycrystalline 6V photovoltaic solar panels with high power and 50W solar charging panels are sold separately.,"₱3,451.66",N/A,https://www.lazada.com.ph/products/pdp-i4810054976.html
【Latest model】12V Solar Panel Kit Complete 30W Power Portable Outdoor Rechargeable Solar Cell Generator for Home,₱565.80,N/A,https://www.lazada.com.ph/products/pdp-i5353385290.html
MINGRENBANG | DIY Educational Poly Solar Panel,₱391.71,N/A,https://www.lazada.com.ph/products/pdp-i15423857063.html
Brand-new 50w single crystal solar panel 12V battery goes straight to 50W solar panel to generate electricity.,"₱1,970.12",N/A,https://www.lazada.com.ph/products/pdp-i4968695195.html
Zhongli Tenghui 400-500-660w Solar Panel Single Crystal Photovoltaic Panel Manufacturer,"₱17,415.90",N/A,https://www.lazada.com.ph/products/pdp-i4638751819.html
"Full-transparent solar panels, durable panels, soft glass, plastic hard panels, roof lighting panels, flat carport awnings.","₱1,869.25",N/A,https://www.lazada.com.ph/products/pdp-i5038194696.html
Jiayu 400-500-660w Solar Panel Single Crystal Photovoltaic Panel Manufacturer,"₱19,559.40",N/A,https://www.lazada.com.ph/products/pdp-i4986572906.html
"100W polycrystalline silicon single crystal solar panels, power generation panels, photovoltaic panels, solar module rechargeable 12V batteries.",₱835.33,N/A,https://www.lazada.com.ph/products/pdp-i5122828385.html
Monocrystalline Emergency Charging Solar Panel,"₱1,115.07",N/A,https://www.lazada.com.ph/products/pdp-i15448198372.html
"Pc solar panels, high transparent honeycomb panels, four-story greenhouse canopy, outdoor wedding decoration, sun room partition.",₱709.24,N/A,https://www.lazada.com.ph/products/pdp-i5069931895.html
550W450W400W300W Single Crystal Polycrystalline High Efficiency Solar Panel Photovoltaic Module,"₱20,883.32",N/A,https://www.lazada.com.ph/products/pdp-i5129129427.html
Solar panel photovoltaic new household power generation system 6V charging board 12V24V single crystal power generation board,"₱1,206.35",N/A,https://www.lazada.com.ph/products/pdp-i5156168260.html
Single crystal 410w solar panels 320w outdoor photovoltaic 280w watt polycrystalline 12v24v panels for domestic ships,"₱16,722.42",N/A,https://www.lazada.com.ph/products/pdp-i4744045387.html
Single crystal 100W solar panel photovoltaic panel system 12V charging panel domestic RV monitoring 24V panel,"₱2,600.56",N/A,https://www.lazada.com.ph/products/pdp-i4865538852.html
2pieces 50W 12V Monocrystalline Solar Panel,"₱4,480.00",N/A,https://www.lazada.com.ph/products/pdp-i1031650587.html
Jiayu 400-500-660w Solar Panel Single Crystal Photovoltaic Panel Manufacturer,"₱19,559.40",N/A,https://www.lazada.com.ph/products/pdp-i4968618683.html
Portable Solar Panel For Indoor And Outdoor Use,₱886.00,N/A,https://www.lazada.com.ph/products/pdp-i15419011188.html
130w solar panel monocrystalline silicon sea lion RV power generation 12v 24v custom size,"₱12,687.60",N/A,https://www.lazada.com.ph/products/pdp-i5119364784.html
"Pc solar panels, resistance panels, transparent canopy materials, solid panels, hollow panels, 8mm.","₱1,245.12",N/A,https://www.lazada.com.ph/products/pdp-i5142185591.html
Household solar panel power generation system 100W single crystal solar panel 12V outdoor portable photovoltaic lighting,"₱11,363.68",N/A,https://www.lazada.com.ph/products/pdp-i4877826128.html
20 Watt 12 Volt Polycrystalline Solar Panel Battery Charge,"₱2,064.60",N/A,https://www.lazada.com.ph/products/pdp-i5090529170.html
Monocrystalline silicon solar panel 36V charged with 24V polysilicon 200W275W310W325W340W370W photovoltaic.,"₱13,633.26",N/A,https://www.lazada.com.ph/products/pdp-i4696817711.html
Factory direct sales of 100W solar panels single polycrystalline solar panels 12V100W photovoltaic panels for home use,"₱2,663.61",N/A,https://www.lazada.com.ph/products/pdp-i5115319525.html
"Solar panels, 6V photovoltaic panels, battery panels, charging panels, floodlights, street lamp accessories, charging 3.2V3.7V batteries.","₱2,219.15",N/A,https://www.lazada.com.ph/products/pdp-i5045671127.html
100W Solar Panel Kit With 60A Controller 800W/1000W/1500W,"₱24,126.94",N/A,https://www.lazada.com.ph/products/pdp-i4927531764.html
Solar panel single crystal 50W W12v solar panel M household solar panel system,"₱3,514.70",N/A,https://www.lazada.com.ph/products/pdp-i5038787071.html
Brand-new single crystal polycrystalline 100W solar panel household 12v24 battery photovoltaic solar panel 100W,"₱2,442.96",N/A,https://www.lazada.com.ph/products/pdp-i5097913481.html
Trina Trina Solar Panel Power Generation Panel Photovoltaic Panel 550-575-660w Positive A-class monocrystalline silicon module,"₱27,755.12",N/A,https://www.lazada.com.ph/products/pdp-i4462141702.html
"Flashfish 50W 18V Portable Solar Panel, Foldable Solar Charger with 5V USB 18V DC Output Compatible with Portable Generator, Smartphones, Tablets and More","₱2,499.00",N/A,https://www.lazada.com.ph/products/pdp-i2240708672.html
AK | Portable Folding Solar Charger for Mobile Power 100W,"₱2,605.00",N/A,https://www.lazada.com.ph/products/pdp-i15432616822.html
Foldable Solar Panel Flexible Solar Charger 10w Portable Solar Charger with Usb/type-c Output High Power Flexible Solar Panel for Appliances Top,₱745.51,N/A,https://www.lazada.com.ph/products/pdp-i5231497096.html
Xiangri Flexible Solar Power Generation Panel Outdoor Charging Board for RV Electric Car Monocrystalline 100W Solar Battery Module,"₱2,629.00",N/A,https://www.lazada.com.ph/products/pdp-i4583960721.html
New Polycrystalline 200W Solar Photovoltaic Power Generation Panel 12V Battery Charging Lighting Board Hardware Electrical Control,"₱2,454.00",N/A,https://www.lazada.com.ph/products/pdp-i5323488374.html
E-WOITD 10W 5V Solar Panel Waterproof Portable Dual USB Charger Outdoor Camping Solar Power Bank Battery Charging Plate,₱571.49,N/A,https://www.lazada.com.ph/products/pdp-i15447214112.html
Photovoltaic Solar Power Generation Panel Roof Sunroom Monocrystalline Silicon Glass PET Layer Building Integrated Module,"₱1,104.00",N/A,https://www.lazada.com.ph/products/pdp-i5215056118.html
YYBAIO | Convenient Portable Outdoor USB Solar Panel PV Module,₱794.60,N/A,https://www.lazada.com.ph/products/pdp-i15435373130.html
BOSCA 35W Solar Panel By Classic Audio- Mono 35 Watt 12 Volt Pv Solar Module Solar Cell Panel (Original) 5 Years Warranty,"₱1,199.00",N/A,https://www.lazada.com.ph/products/pdp-i4111715316.html
Rapid Charging Portable Solar Panel 100W,"₱8,031.00",N/A,https://www.lazada.com.ph/products/pdp-i5191346702.html
Home Solar Panel 12V,"₱5,531.00",N/A,https://www.lazada.com.ph/products/pdp-i15422325087.html
【Huang Li Electronics】High Power Solar Cells Charger Solar Panels for Security Camera Solar Panels for Light System,₱622.80,N/A,https://www.lazada.com.ph/products/pdp-i15447026827.html
Defasilk | Photovoltaic Single Crystal Silicon Solar Panel 30W,₱971.18,N/A,https://www.lazada.com.ph/products/pdp-i5356487094.html
Solar Panel Foldable Solar Panel 5V Dual USB Controller with Clamp for Outdoor Camping,"₱1,731.00",N/A,https://www.lazada.com.ph/products/pdp-i5014542993.html
HEAVY DUTY SOLAR PANEL MONO CRYSTALLINE POWER GOLD 300 WATTS,"₱13,028.00",N/A,https://www.lazada.com.ph/products/pdp-i4272336867.html
Foldable Portable Solar Panel 15W,"₱1,077.75",N/A,https://www.lazada.com.ph/products/pdp-i15421571303.html
FEIZHUXIANSEN | Semi-flexible Rooftop Solar Panel 100W,"₱3,516.00",N/A,https://www.lazada.com.ph/products/pdp-i15428688994.html
2X 600W Solar Panel Kit with 100A 18V Charge Controller Solar Charging for Outdoor RV Camping Boat Trailer System,"₱1,678.20",N/A,https://www.lazada.com.ph/products/pdp-i5289472385.html
DOKIO 100W(50Wx2pcs) Flexible Foldble Mono Solar Panel For Travel & Boat & RV High Quality Portable Solar Panel China,"₱6,836.40",N/A,https://www.lazada.com.ph/products/pdp-i5170594565.html
"Hodeso 12W Solar Panel, CCLamp 12W Charge Solar Battery Panels 2A Max Current 6V Max Voltage","₱1,239.00",N/A,https://www.lazada.com.ph/products/pdp-i406328515.html
BOSCA 5 Year Warranty 35w Solar Panel Mono 35 Watt 12 Volt Pv Module Cell,"₱2,296.00",N/A,https://www.lazada.com.ph/products/pdp-i5195819118.html
Spark brand-new 400W solar charging panel outdoor photovoltaic power generation module household rechargeable 24V battery system,"₱4,034.82",N/A,https://www.lazada.com.ph/products/pdp-i5038551254.html
Full power 50W single crystal solar panels photovoltaic panels photovoltaic modules street lamp special rechargeable 12V battery.,₱835.33,N/A,https://www.lazada.com.ph/products/pdp-i4431189194.html
Solar Panel Kit 30W 18V Stable Energy Supply Flexible 30W Solar Panel Charger for Outdoor Camping,"₱2,436.00",N/A,https://www.lazada.com.ph/products/pdp-i5061222843.html
TP-Link Tapo A202 Solar Panel,"₱2,490.00",N/A,https://www.lazada.com.ph/products/pdp-i5240742766.html
"NSS Solar cell Panel Set 50W 100W 200W Monocrystalline Silicon Power Generation Off Grid Solar Panels 18V High Conversion Rate 0 Electricity Bill Waterproof Lightning Solar Charging Panel For RV, Boat, Camper, Roof, Cabin, Shed, Home 5 Years Warranty","₱3,837.05",N/A,https://www.lazada.com.ph/products/pdp-i2628078047.html
Mono-crystalline Solar Panel Solar Power Plan for Home - 30W,"₱2,699.00",N/A,https://www.lazada.com.ph/products/pdp-i282842227.html
Lepmerk Solar Panel Charger Multi Purpose 6W 1A 6V Lightweight Solar Panel High Conversion Rate Portable USB Interface for Smartphone,₱739.00,N/A,https://www.lazada.com.ph/products/pdp-i15461025096.html
Solar panels polycrystalline 250w power panel 260w275W photovoltaic panel 300w350w solar charging panel,"₱14,894.14",N/A,https://www.lazada.com.ph/products/pdp-i4542975557.html
Brand-new single crystal polycrystalline 100W solar panel household 12v24 battery photovoltaic solar panel 100W,"₱2,442.96",N/A,https://www.lazada.com.ph/products/pdp-i5255537994.html
Monocrystalline Flexible Solar Panel for RV and Car,"₱4,588.00",N/A,https://www.lazada.com.ph/products/pdp-i15465503486.html
Waterproof Solar PV Panel for Camera Monitoring 5V,"₱2,044.00",N/A,https://www.lazada.com.ph/products/pdp-i15455487264.html
Outdoor Portable Waterproof USB Solar Panel,"₱1,387.35",N/A,https://www.lazada.com.ph/products/pdp-i15442403680.html
50 Watt 12 Volt Monocrystalline Photovoltaic Solar Panel,"₱3,663.00",N/A,https://www.lazada.com.ph/products/pdp-i5090475119.html
SOLAR PANEL 100watts MONOCRYSTALLINE 100w/50W/30W/10W,"₱6,498.00",N/A,https://www.lazada.com.ph/products/pdp-i4051810177.html
500W solar panels Outdoor fishing boats Household 24V power station system 12V charging bottle photovoltaic panels,"₱17,731.12",N/A,https://www.lazada.com.ph/products/pdp-i4549963877.html
GUANGHEGUINENG | Flexible Solar Panel 12V,"₱8,193.00",N/A,https://www.lazada.com.ph/products/pdp-i15409663089.html
Flexible Solar Panel 100W,"₱3,872.62",N/A,https://www.lazada.com.ph/products/pdp-i15446761031.html
"Solar panels, flexible panels, photovoltaic panels on vehicle roofs, 100W panels, 12V semi-flexible solar panels.","₱2,758.18",N/A,https://www.lazada.com.ph/products/pdp-i5058930220.html
Brand-new monocrystalline silicon 100W solar panel 12V outdoor 200W photovoltaic panel household 18V charging.,"₱2,545.40",N/A,https://www.lazada.com.ph/products/pdp-i4865813534.html
100W Solar Panel Kit Complete 12-18V Polycrystalline Power Portable Outdoor Rechargeable Solar Cell Solar Generator for Home,₱742.46,N/A,https://www.lazada.com.ph/products/pdp-i15487404029.html
LED Solar Panel Fast Charging With 4 USB Ports 6V 6W Solar Panels Charger For Camping Cellphone,₱315.00,N/A,https://www.lazada.com.ph/products/pdp-i15489892637.html
【₱100 OFF】HONDA Grass Cutter 4 Stroke Cordless Gasoline Lawn Mower High Quality 45CC Portable Trimmer Garden Tool Brush Grass Trimme,"₱3,860.00",N/A,https://www.lazada.com.ph/products/pdp-i4743099079.html
solar panel 300W solar charger panel 18V solar generator home solar charger for mobile phones waterproof solar panels,₱599.00,N/A,https://www.lazada.com.ph/products/pdp-i4830271387.html
EcoFlow 60W/110W/160W/220W Portable Solar Panel for Power Station Foldable Solar Charger with Adjustable Kickstand Waterproof IP67 for Outdoor Camping RV home System,"₱12,479.04",N/A,https://www.lazada.com.ph/products/pdp-i15460310491.html
500W solar photovoltaic panels outdoor power station mobile power charging station Convenient foldab for classic audio (original),"₱3,299.00",N/A,https://www.lazada.com.ph/products/pdp-i5253419023.html
Romoss RSP100 100W Solar Panel Foldable 10.2V Waterproof IP67 Portable PV Panel for Romoss R300 /RS300 /RS500 /RS1000 /RS1500 Portable Power Station Solar Powered Charging,"₱11,799.00",N/A,https://www.lazada.com.ph/products/pdp-i3467106552.html
Dokio High Efficience Flexible Foldable Solar Panel With 12V Charge Controller for Ship / Out-Door Solar Panels for tents Portable 18V 80w 100w 200w 300w Solar Panel Kit,"₱6,489.81",N/A,https://www.lazada.com.ph/products/pdp-i530734419.html
HEAVY DUTY SOLAR PANEL MONO CRYSTALLINE POWER GOLD 200 WATTS,"₱8,898.00",N/A,https://www.lazada.com.ph/products/pdp-i4258958652.html
AP Trading BOSCA 5 Year Warranty 120w Solar Panel Mono 120 Watt 12 Volt Pv Module Cell (Original),"₱5,699.00",N/A,https://www.lazada.com.ph/products/pdp-i5317099974.html
New 350W Polycrystalline Solar Power Generation Panel 12V Battery 24V Battery Charging Board Home Use Solar Energy System,"₱3,555.00",N/A,https://www.lazada.com.ph/products/pdp-i4961716405.html
BOSCA 160W Solar Panel Mono 160 Watt 12 Volt Pv Solar Module Solar Cell Panel (Original) 5 Years Warranty,"₱4,899.00",N/A,https://www.lazada.com.ph/products/pdp-i4015915260.html
Solar Panel Kit 5PCS Mini Solar Panel ETFE ABS for Outdoor,"₱1,372.00",N/A,https://www.lazada.com.ph/products/pdp-i5044202584.html
Single crystal silicon 300w solar panels 12v battery charging panels 24v household off-grid photovoltaic panels,"₱3,514.70",N/A,https://www.lazada.com.ph/products/pdp-i5031031307.html
New Solar Energy Photovoltaic Panel Components 280W 450W 545W 550W 670W Solar Power Generation Silicon Series from China,"₱9,932.00",N/A,https://www.lazada.com.ph/products/pdp-i5181973313.html
BEIAOLORA | Sufficient Wattage Photovoltaic Panels,₱544.90,N/A,https://www.lazada.com.ph/products/pdp-i15446197407.html
300 watts Solar Panel 18Volt Pv Solar Module Cell Panel generator set for home with batteri inverter,"₱2,154.19",N/A,https://www.lazada.com.ph/products/pdp-i5084164903.html
GUANGHEGUINENG | Solar Charging Panel for Outdoor and Home Use High Power Monocrystalline,"₱8,993.00",N/A,https://www.lazada.com.ph/products/pdp-i15408978696.html
ETFE Solar Panel 14W 5V 3A Energy Saving Solar Power Panel with Buckles for Outdoor Use,"₱1,618.00",N/A,https://www.lazada.com.ph/products/pdp-i5257757681.html
200W Solar Panel Kit Energy Conservation 200W 12V Solar Panel for Camping for Outdoor Cycling,"₱3,085.00",N/A,https://www.lazada.com.ph/products/pdp-i5257782424.html
( with battery )solar panel Full Power Monocrystalline Silicon power bank outdoor for camping cellphone 5V 1A 3-in1 type-c USB DC portable,"₱1,613.00",N/A,https://www.lazada.com.ph/products/pdp-i5040529089.html
BOSCA 120W Solar Panel By Classic Audio- Mono 120 Watt 12 Volt Pv Solar Module Solar Cell Panel (Original) 5 Years Warranty,"₱3,199.00",N/A,https://www.lazada.com.ph/products/pdp-i4111732150.html
BOSCA 160W Solar Panel Mono 160 Watt 12 Volt Pv Solar Module Solar Cell Panel / Classic Audio (Original) With 5 Years Warranty (160 Watts Solar Panel),"₱4,899.00",N/A,https://www.lazada.com.ph/products/pdp-i4796176513.html
ZHOUYANG | Monocrystalline Photovoltaic Panel,"₱2,028.00",N/A,https://www.lazada.com.ph/products/pdp-i15422512838.html
100W Watt Single Crystal Photovoltaic Panel Assembly Solar panels can be charged with 12V batteries.,₱835.33,N/A,https://www.lazada.com.ph/products/pdp-i5000080292.html
30W Solar Charging Panel Waterproof Portable Solar Panel Charger for Car Automotive Boat Marine RV Trailer,₱919.00,N/A,https://www.lazada.com.ph/products/pdp-i15452639886.html
"60W 40W 20W Foldable Solar Panel Battery Charger Kit with USB, DC, and Type-C Ports, 10 Connectors","₱4,905.00",N/A,https://www.lazada.com.ph/products/pdp-i5090355626.html
LIXADA 60W Portable Solar Panel Kit Folding Solar Charger Outdoor Emergency Solar Panel for Camping Hiking RV Car Marine,"₱6,152.87",N/A,https://www.lazada.com.ph/products/pdp-i4052082166.html
Efficient PV Solar Panel 50W,"₱1,419.17",N/A,https://www.lazada.com.ph/products/pdp-i15425199104.html
"Nitecore FSP100W Waterproof Foldable Solar Panel - Portable, High-efficiency, Compact & Durable - Waterproof & Outdoor Camping Power Solution","₱16,500.00",N/A,https://www.lazada.com.ph/products/pdp-i3544122295.html
Factory direct solar photovoltaic panels 200W monocrystalline silicon photovoltaic panels marine 12V/24V battery charging.,₱835.33,N/A,https://www.lazada.com.ph/products/pdp-i5042035450.html
Solar panel 30W polysilicon 6V solar panel 9V 10V 18V support wire for projection lamp is optional.,"₱3,288.06",N/A,https://www.lazada.com.ph/products/pdp-i4576826942.html
GUANGHEXINGHUO | Solar Charging Panel 100W,"₱4,437.00",N/A,https://www.lazada.com.ph/products/pdp-i15409096304.html
Polycrystalline single crystal solar panels 30W single crystal power generation panels 50W100W rechargeable 12V battery lithium charging panel,"₱1,594.07",N/A,https://www.lazada.com.ph/products/pdp-i5021553093.html
SOLAR PANEL 150watts MONOCRYSTALLINE,"₱5,597.80",N/A,https://www.lazada.com.ph/products/pdp-i5056337407.html
Brand-new single crystal polycrystalline 100W solar panel household 12v24 battery photovoltaic solar panel 100W,"₱2,442.96",N/A,https://www.lazada.com.ph/products/pdp-i5306300360.html
Single crystal silicon Class A 200W12V solar panels 300W panels 24V household photovoltaic 550W charging panels,"₱23,084.82",N/A,https://www.lazada.com.ph/products/pdp-i5041766806.html
"Longji solar panel photovoltaic module single crystal class A 540, 545, 550 watts","₱28,732.30",N/A,https://www.lazada.com.ph/products/pdp-i5063821111.html
400w RV Touring Car Electric Vehicle Solar Panel Semi-flexible Car Battery Power Panel Thin 12,"₱5,153.85",N/A,https://www.lazada.com.ph/products/pdp-i5039431732.html
450W single crystal Solar Panel photovoltaic parallel/off-grid generator system component SolarPanel factory outlet,"₱24,035.52",N/A,https://www.lazada.com.ph/products/pdp-i5298298193.html
QIR | Multicrystalline Silicon 6V Solar Panel,"₱1,475.49",N/A,https://www.lazada.com.ph/products/pdp-i5242012769.html
70W Outdoor Foldable Solar Panels Cell 5V USB Portable Solar,"₱1,623.38",N/A,https://www.lazada.com.ph/products/pdp-i4635151733.html
20 Watt 12 Volt Monocrystalline Solar Panel,"₱1,426.00",N/A,https://www.lazada.com.ph/products/pdp-i5050850664.html
GML INC Mono-crystalline Solar Panel Solar Power Plan for Home - 30W,"₱2,548.00",N/A,https://www.lazada.com.ph/products/pdp-i287750464.html
Bayer Solar Panel 4mm(2.1m x 6m),"₱1,402.73",N/A,https://www.lazada.com.ph/products/pdp-i5071031044.html
"Solar panels household 6V photovoltaic panels, battery panels, charging panels, floodlights, street lamps, charging 3.2V3.7V batteries.","₱1,182.08",N/A,https://www.lazada.com.ph/products/pdp-i4942092665.html
Brand-new monocrystalline silicon 100W solar panel 12V outdoor 200W photovoltaic panel household 18V charging.,"₱2,545.40",N/A,https://www.lazada.com.ph/products/pdp-i4939102810.html
Solar panel 6v18v30w20w15w12w10w Off-grid solar photovoltaic panel assembly,"₱1,760.50",N/A,https://www.lazada.com.ph/products/pdp-i5306932489.html
Portable 70W Foldable USB Solar Panel Waterproof Sol for Outdoor Charging Compact Solar Power Bank Electronic Component,"₱17,796.00",N/A,https://www.lazada.com.ph/products/pdp-i5161119210.html
Nitecore FSP100W Foldable Solar Panel,"₱16,500.00",N/A,https://www.lazada.com.ph/products/pdp-i3429735369.html
Solar panel 12v household 220v photovoltaic charging plate single crystal 150w100w50w30wI20w,"₱3,132.03",N/A,https://www.lazada.com.ph/products/pdp-i5056745928.html
20 Watt 12 Volt Monocrystalline Solar Panel,"₱2,037.60",N/A,https://www.lazada.com.ph/products/pdp-i5090517271.html
YUEBEN | 30w Polycrystalline Solar Panel,"₱5,845.00",N/A,https://www.lazada.com.ph/products/pdp-i15409389134.html
Polycrystalline single crystal solar panels 30W single crystal power generation panels 50W100W rechargeable 12V battery lithium charging panel,"₱1,594.07",N/A,https://www.lazada.com.ph/products/pdp-i5142225948.html
"200W Single Crystal Solar Panel Brand-new 12V, 24V, 36V Monitoring Photovoltaic Panel Home System 220V Module","₱6,194.07",N/A,https://www.lazada.com.ph/products/pdp-i5071524693.html
Postage solar panels 100w single crystal 12v household photovoltaic charging and generating panel system full set of solar panels,"₱2,357.85",N/A,https://www.lazada.com.ph/products/pdp-i5096979288.html
Solar panel single crystal 50W W12v solar panel M household solar panel system,"₱3,514.70",N/A,https://www.lazada.com.ph/products/pdp-i5135003670.html
Portable Foldable Solar Panel for Camping Outdoor Activities,"₱20,382.00",N/A,https://www.lazada.com.ph/products/pdp-i15465485036.html
Solar Panels for Homes 100 Watt 12 Volt Portable Solar,"₱6,099.51",N/A,https://www.lazada.com.ph/products/pdp-i5025996745.html
Single crystal silicon Class A 200W12V solar panels 300W panels 24V household photovoltaic 550W charging panels,"₱23,084.82",N/A,https://www.lazada.com.ph/products/pdp-i4546612627.html
Solar panel 5.5v photovoltaic panel 6v panel 9v battery panel 12v electronic photovoltaic 5v light energy charging diy,"₱3,125.09",N/A,https://www.lazada.com.ph/products/pdp-i5080143269.html
SOLAR PANEL 150watts MONOCRYSTALLINE,"₱5,597.80",N/A,https://www.lazada.com.ph/products/pdp-i5056195949.html
Solar panel 6v18v30w20w15w12w10w Off-grid solar photovoltaic panel assembly,"₱3,822.04",N/A,https://www.lazada.com.ph/products/pdp-i5033739141.html
Postage solar panels 100w single crystal 12v household photovoltaic charging and generating panel system full set of solar panels,"₱2,357.85",N/A,https://www.lazada.com.ph/products/pdp-i5056979206.html
Solar Panel Kit 100 Watt 12 Volt Waterproof Solar Panels,"₱6,190.92",N/A,https://www.lazada.com.ph/products/pdp-i5129980876.html
Brand-new monocrystalline silicon 200W solar panel solar panel photovoltaic power generation system 12V24V rechargeable home.,"₱3,514.70",N/A,https://www.lazada.com.ph/products/pdp-i5270189447.html
300W Flexible Solar Panel Solar Cells 50A-10A Solar,"₱8,277.68",N/A,https://www.lazada.com.ph/products/pdp-i5084546271.html
200w100w solar panel single crystal 12V photovoltaic panel household system charging panel RV household 12 lines,"₱3,514.70",N/A,https://www.lazada.com.ph/products/pdp-i4949829966.html
Solar panel single crystal 50W solar panel 50W photovoltaic panel battery household street lamp,"₱5,122.32",N/A,https://www.lazada.com.ph/products/pdp-i5048118774.html
60-660W solar panel photovoltaic panel monocrystalline silicon vehicle and boat household outdoor universal 12-96V battery,"₱7,959.30",N/A,https://www.lazada.com.ph/products/pdp-i4878197603.html
20W Solar Panel System Set 18V Solar Cells 220V Generation,"₱10,730.09",N/A,https://www.lazada.com.ph/products/pdp-i5025994854.html
9 shed line 60W300W single crystal solar panels solar charging panels solar panels solar panels solar panels,"₱15,146.32",N/A,https://www.lazada.com.ph/products/pdp-i5031895974.html
Single crystal 100W watt solar panel power generation panel 12V24V battery power generation solar panel photovoltaic household,"₱3,514.70",N/A,https://www.lazada.com.ph/products/pdp-i5282517130.html
Portable Solar Panel for RV with Stand,"₱17,457.00",N/A,https://www.lazada.com.ph/products/pdp-i15455404112.html
500W solar panels Outdoor fishing boats Household 24V power station system 12V charging bottle photovoltaic panels,"₱17,731.12",N/A,https://www.lazada.com.ph/products/pdp-i4993455081.html
100W single crystal Solar Panel photovoltaic parallel/off-grid generator system component SolarPanel factory outlet,"₱6,383.20",N/A,https://www.lazada.com.ph/products/pdp-i5011622682.html
High Power Foldable Portable Solar Panel,"₱28,827.00",N/A,https://www.lazada.com.ph/products/pdp-i15458211990.html
"Brand-new 12V solar panels, 100W single crystal charging and generating panels, 150W200W household rechargeable batteries","₱8,274.52",N/A,https://www.lazada.com.ph/products/pdp-i4897591879.html
.New omonocrystalline silicon 200W solar panel power panel p,"₱12,214.78",N/A,https://www.lazada.com.ph/products/pdp-i5101912937.html
.New omonocrystalline silicon 200W solar panel power panel p,"₱12,214.78",N/A,https://www.lazada.com.ph/products/pdp-i4948182837.html
Photovoltaic DC SPD Surge Protective Device 600V 800V 1000V 2P 20KA 40KA 60KA Voltage Protector Solar PV Photovoltaic Lightning Arrester,₱255.00,N/A,https://www.lazada.com.ph/products/pdp-i4106587037.html
Portable Power Inverter 150W DC 18V to 220V Lithium Battery Inverter for Makita Mini Intelligent Inverter Power Converter Power Generator,₱549.00,N/A,https://www.lazada.com.ph/products/pdp-i5360137160.html
High Quality Fast Charging 3W Solar Panels Charger With 5 Type USB CABLE For Camping For Cellphone,₱248.00,N/A,https://www.lazada.com.ph/products/pdp-i4508006266.html
3W Solar Panels Charger with 5 TYPE USB CABLE for Camping for cellphone Charging 【Original+24hours delivery】,₱169.00,N/A,https://www.lazada.com.ph/products/pdp-i15483421226.html
Solar Panel For Charging Cellphone And 12V Battery Charger Panel CL-1615 16V 15WATTS,₱699.00,N/A,https://www.lazada.com.ph/products/pdp-i3647540317.html
3W Solar Panels Charger With 5 Type USB Cable For Camping For Cellphone High Quality Fast Charging,₱263.31,N/A,https://www.lazada.com.ph/products/pdp-i15448918694.html
4W Solar Panel for Eufy Eufycam Cam 2/2C/2C Pro/E/2 Pro Cam Weatherproof Wall Mount Rotatable Brackets with 9.8ft Power Cable,₱814.35,N/A,https://www.lazada.com.ph/products/pdp-i15441842418.html
MARBLEX 10W 5V Solar Panel Outdoor Charging Waterproof Solar Power Portable Type-C Solar Charger Doorbell,₱357.51,N/A,https://www.lazada.com.ph/products/pdp-i15463827958.html
30W Portable Solar Panel Charger with 5V USB-C Output - Safe Fast Charging for Power Banks & Phones Outdoor Camping Home Use,₱468.62,N/A,https://www.lazada.com.ph/products/pdp-i5069124226.html
ECOFLOW [COD]110W Solar Panel Kit for Power Station Foldable Solar Charger with Adjustable Kickstand Waterproof IP67 for Outdoor Camping RV Off Grid System,"₱14,990.00",N/A,https://www.lazada.com.ph/products/pdp-i4959332541.html
JACKERY Solar Saga 100W Foldable Solar Panel Portable High Efficiency IP68 Outdoor Backup Power,"₱14,999.00",N/A,https://www.lazada.com.ph/products/pdp-i15390747531.html
BOSCA 220W Solar Panel By Classic Audio- Mono 220 Watt 12 Volt Pv Solar Module Solar Cell Panel (Original) 5 Years Warranty,"₱6,399.00",N/A,https://www.lazada.com.ph/products/pdp-i4111553461.html
Solar Panel 200W 400W Household Charging Panel Module generator set for home with inverter,"₱3,782.13",N/A,https://www.lazada.com.ph/products/pdp-i5010356745.html
Smart Sensor Portable 300W Solar Flexible Panel Kit 12/24V Switch USB Charging Interface Solar Board With Controller Waterproof Solar Cells for Phone RV Car,"₱1,572.00",N/A,https://www.lazada.com.ph/products/pdp-i3427501464.html
HEAVY DUTY SOLAR PANEL MONO CRYSTALLINE POWER GOLD 300 WATTS,"₱13,028.00",N/A,https://www.lazada.com.ph/products/pdp-i4258941752.html
HEAVY DUTY SOLAR PANEL MONO CRYSTALLINE POWER GOLD 30 WATTS,"₱1,968.00",N/A,https://www.lazada.com.ph/products/pdp-i4258958497.html
"SUNKET 10BB New Technology German Top Quality Monocrystalline Solar Panel 200W 64 Cells 5 Year Warra ,","₱15,050.00",N/A,https://www.lazada.com.ph/products/pdp-i5027361652.html
Bosca By Classic Audio 160W Solar Panel Mono 160 Watt 12 Volt Pv Solar Module Solar Cell Panel / (Original) With 5 Years Warranty),"₱4,899.00",N/A,https://www.lazada.com.ph/products/pdp-i4097917209.html
Payable in installments ONESTAR 50W100W 150W200WIP65 Waterproof Solar Panel,"₱10,149.66",N/A,https://www.lazada.com.ph/products/pdp-i4916602255.html
"New Bluesun 170W All Black Higher Efficiency Mono Shingled Solar Panel A-Grade Tier 1 ,","₱15,050.00",N/A,https://www.lazada.com.ph/products/pdp-i5027595090.html
【Ready stock】100/180 Watt Monocrystalline Original Solar Panel IP67 Waterproof With MC4 Connector #,"₱4,200.00",N/A,https://www.lazada.com.ph/products/pdp-i5181097714.html
【Ready Stock】PowMr 60W80W100W Flexible Solar Panel Monocrystalline Solar Cell DIY Cable Outdoor Car RV Waterproof Rechargeable Power System,"₱5,164.19",N/A,https://www.lazada.com.ph/products/pdp-i5082169588.html
BONINGYU | Folding Mono-crystalline Solar Panel 40W For Emergency Phone Quick Charging,"₱9,707.86",N/A,https://www.lazada.com.ph/products/pdp-i5292261999.html
Car Solar Panel Car Flexible Solar Panel Solar Energy Panels Mountaineering for Outdoor Camping,"₱1,632.00",N/A,https://www.lazada.com.ph/products/pdp-i5309211181.html
NSS 20W-200W 18V Solar Panel Multifunctional Waterproof Photovoltaic Solar Panel,"₱17,267.97",N/A,https://www.lazada.com.ph/products/pdp-i4917170323.html
Brand-new 300W450 600W solar photovoltaic panels Household ships charged with 12V24V48V panels.,"₱16,785.46",N/A,https://www.lazada.com.ph/products/pdp-i5012118862.html
"Solar panels, 220v household outdoor lighting, mobile phone charging, multifunctional power supply and storage system.","₱15,776.76",N/A,https://www.lazada.com.ph/products/pdp-i4831530204.html
⭐ ONESTAR 100 Watts Solar Panel German Cell with Alligator Clip High Efficiency IP65 Box 20w-100w,"₱4,039.00",N/A,https://www.lazada.com.ph/products/pdp-i4069777881.html
SOLAR PANEL 150watts MONOCRYSTALLINE,"₱5,597.80",N/A,https://www.lazada.com.ph/products/pdp-i5056285617.html
High Power Foldable Solar Panel,"₱28,827.00",N/A,https://www.lazada.com.ph/products/pdp-i15455501225.html
Single crystal solar panel 500W photovoltaic panel 220v fishing boat household 12V/24V charging bottle,"₱43,263.94",N/A,https://www.lazada.com.ph/products/pdp-i4835616353.html
Brand-new Trina 425W540W solar panel single crystal photovoltaic system 24V home charging station high power,"₱28,505.34",N/A,https://www.lazada.com.ph/products/pdp-i5064111026.html
"Flexible Solar Panel,80W Monocrystalline Photovoltaic System Solar Charger for Camping Tent Battery","₱3,015.00",N/A,https://www.lazada.com.ph/products/pdp-i5090517224.html
1000W single crystal solar power panel RV fishing boat 24v photovoltaic charging panel off-grid component Tianhe,"₱21,828.98",N/A,https://www.lazada.com.ph/products/pdp-i4821162039.html
550W Half-piece Single Crystal Solar Panel Solar Panel Manufacturer of photovoltaic parallel/off-grid generator system components.,"₱28,101.86",N/A,https://www.lazada.com.ph/products/pdp-i5125884656.html
EL pass 550w Mono Solar Panel by 144pcs half-cut solar cell,"₱24,388.57",N/A,https://www.lazada.com.ph/products/pdp-i5123144958.html
300W monocrystalline silicon solar panel charging panel solar panel household 24V photovoltaic panel assembly,"₱23,468.13",N/A,https://www.lazada.com.ph/products/pdp-i4890896420.html
24V 350W single crystal solar panel photovoltaic power generation system 24V domestic fishing boat,"₱8,904.96",N/A,https://www.lazada.com.ph/products/pdp-i5103065177.html
50W 12V Solar Panel Kit Dual USB Port Solar Panels Outdoor W,"₱20,955.51",N/A,https://www.lazada.com.ph/products/pdp-i5159636841.html
600W Half-Chip Single Crystal Solar Panel Solar Panel Manufacturer of photovoltaic parallel/off-grid generator system components,"₱31,285.58",N/A,https://www.lazada.com.ph/products/pdp-i5053043059.html
"Portable 21V/18V Lithium Battery Power Inverter Station - 120W/220W AC Output with 3 USB Ports, Lightweight Mini Intelligent Transformer for Makita Battery, Outdoor Emergency Charger Generator",₱657.06,N/A,https://www.lazada.com.ph/products/pdp-i5227229776.html
Germany imported brand-new polycrystalline 6V photovoltaic solar panel high-power 50W solar charging panel solar lamp.,"₱4,769.28",N/A,https://www.lazada.com.ph/products/pdp-i4951835240.html
MC4 DESIGN Solar Panel 100 Watt 18 Volt Monocrystalline With 30A Controller For RV/Boat/Home System,"₱5,175.00",N/A,https://www.lazada.com.ph/products/pdp-i5090476213.html
A-Class Crystal jinko Single Crystal Photovoltaic solar module Panel 260 Watt Power Distributed Generation Grid-Connected,"₱23,342.04",N/A,https://www.lazada.com.ph/products/pdp-i5155157479.html
Solar panel single crystal 50W solar panel 50W photovoltaic panel battery household street lamp,"₱5,122.32",N/A,https://www.lazada.com.ph/products/pdp-i4939118130.html
Hanwha 270-400-500-660w Solar Panel Single Crystal Photovoltaic Panel Manufacturer,"₱16,785.46",N/A,https://www.lazada.com.ph/products/pdp-i4818336672.html
Spark A-class 150W monocrystalline silicon solar panel photovoltaic system outdoor charging 12V battery home,"₱8,316.13",N/A,https://www.lazada.com.ph/products/pdp-i5080410408.html
Solar panel 12v household 220v photovoltaic charging plate single crystal 150w100w50w30w20w,"₱5,532.11",N/A,https://www.lazada.com.ph/products/pdp-i4877896467.html
NSS Big 100 watts solar panel charger 12v 100W Waterproof High Efficiency 12 volts 20w 30 watts,"₱13,049.90",N/A,https://www.lazada.com.ph/products/pdp-i4924017076.html
Solar panels 220v home full set of small generators solar outdoor photovoltaic panel lighting.,"₱13,255.00",N/A,https://www.lazada.com.ph/products/pdp-i4886150679.html
Solar panels 70w80w18v single crystal silicon solar panels 12v battery charging photovoltaic system components,"₱4,838.63",N/A,https://www.lazada.com.ph/products/pdp-i5057097467.html
Solar Panel Kit Solar Generator 300W With 220V AC Outlets,"₱17,523.08",N/A,https://www.lazada.com.ph/products/pdp-i5102311247.html
300w Solar Panel Dual USB 18v Monocrystaline Solar Cells Pol,"₱9,835.49",N/A,https://www.lazada.com.ph/products/pdp-i5063687058.html
Single crystal 410w solar panels 320w outdoor photovoltaic 280w watt polycrystalline 12v24v panels for domestic ships,"₱16,722.42",N/A,https://www.lazada.com.ph/products/pdp-i5119953933.html
18V/36V/200W single crystal silicon photovoltaic panel solar photovoltaic panel can charge 12V24V battery.,"₱11,269.12",N/A,https://www.lazada.com.ph/products/pdp-i4939092434.html
Solar panels polycrystalline 250w power panel 260w275W photovoltaic panel 300w350w solar charging panel,"₱14,894.14",N/A,https://www.lazada.com.ph/products/pdp-i5151849108.html
36V Single Polycrystalline 300W380W450W500W Solar Panel Charge 24V48V60V72V Photovoltaic Power Generation Home,"₱17,069.16",N/A,https://www.lazada.com.ph/products/pdp-i5114878390.html
Brand-new single crystal polycrystalline 300W~360W~405W solar panel photovoltaic panel off-grid grid connection 24V48V,"₱16,785.46",N/A,https://www.lazada.com.ph/products/pdp-i5038626758.html
Single crystal 80W18V flexible solar panel Solar Power System 600W Solar Panel,"₱15,430.02",N/A,https://www.lazada.com.ph/products/pdp-i4796135170.html
Solar Panels for Homes 100 Watt 12 Volt Portable Solar,"₱4,346.88",N/A,https://www.lazada.com.ph/products/pdp-i5189545443.html
Photosynthetic silicon solar panels 12v220v single crystal 100w200w photovoltaic household solar panels,"₱11,678.90",N/A,https://www.lazada.com.ph/products/pdp-i5148609242.html
NSS Big 100 watts solar panel charger 12v 100W Waterproof High Efficiency 12 volts 20w 30 watts,"₱12,709.64",N/A,https://www.lazada.com.ph/products/pdp-i4987510358.html
Household photovoltaic power generation system solar panel 100W brand-new 12V24V multi-single crystal solar assembly panel,"₱8,589.74",N/A,https://www.lazada.com.ph/products/pdp-i5083225965.html
Single crystal solar panel 280W-600W photovoltaic panel 220v fishing boat household 12V/24V charging bottle,"₱18,928.96",N/A,https://www.lazada.com.ph/products/pdp-i5151888353.html
"Nitecore FSP100 100W Foldable Solar Panel - High Cell Efficiency, Multiple Output Ports & 100W Max Output Power","₱19,250.00",N/A,https://www.lazada.com.ph/products/pdp-i3624864735.html
Flexible solar panels 100W solar car powered RV camping 12v24V battery charging,"₱11,111.50",N/A,https://www.lazada.com.ph/products/pdp-i5129337801.html
400W540W600W The new A-class single crystal solar panel grid-connected photovoltaic panel can charge 24V batteries.,"₱11,269.12",N/A,https://www.lazada.com.ph/products/pdp-i4624859679.html
"Nitecore FSP100W Waterproof Foldable Solar Panel - 100 W Max Output Power, Sunpower Solar Cells, Foldable & Portable - DC Output Port (7.9×5.5 mm) - Great for Camping, Hiking, Rv & Overland Trips","₱21,995.00",N/A,https://www.lazada.com.ph/products/pdp-i3620153994.html
Spark 9 Grid Line 120W-300W Single Crystal Solar Panel Photovoltaic Household Power Generation Panel 12V24V Charging,"₱14,082.45",N/A,https://www.lazada.com.ph/products/pdp-i5129917963.html
Brand-new single crystal polycrystalline 300W~360W~405W solar panel photovoltaic panel off-grid grid connection 24V48V,"₱16,785.46",N/A,https://www.lazada.com.ph/products/pdp-i5140937132.html
Single crystal 410w solar panels 320w outdoor photovoltaic 280w watt polycrystalline 12v24v panels for domestic ships,"₱16,722.42",N/A,https://www.lazada.com.ph/products/pdp-i4984249932.html
500W600W80W300W Folding Solar Panel Thin RV Car 12v Portable,"₱28,732.30",N/A,https://www.lazada.com.ph/products/pdp-i5117451880.html
Single crystal 410w solar panels 320w outdoor photovoltaic 280w watt polycrystalline 12v24v panels for domestic ships,"₱16,722.42",N/A,https://www.lazada.com.ph/products/pdp-i5141704310.html
Spark brand-new single crystal 350w solar panel 24v power generation system photovoltaic module A-class solar panel,"₱12,492.80",N/A,https://www.lazada.com.ph/products/pdp-i5071040534.html
Thickness 2.5MM Flexible Solar Panels 18V 100W Monocrystalli,"₱20,284.41",N/A,https://www.lazada.com.ph/products/pdp-i4940676140.html
Brand-new 100W150W300W450W single crystal solar panels 12V24V photovoltaic system household panels.,"₱38,378.04",N/A,https://www.lazada.com.ph/products/pdp-i5073509295.html
Single crystal solar panel 500W photovoltaic panel 220v fishing boat household 12V/24V charging bottle,"₱22,144.20",N/A,https://www.lazada.com.ph/products/pdp-i4951543431.html
Factory direct sales of 200W solar panel single crystal solar cell F solar panel photovoltaic group,"₱28,417.08",N/A,https://www.lazada.com.ph/products/pdp-i5064140453.html
Single-crystal silicon 300w solar panel 12v battery 450W charging panel household off-grid photovoltaic 24v battery,"₱25,595.86",N/A,https://www.lazada.com.ph/products/pdp-i5151657140.html
100W Flexible Solar Panel 18V Solar Power Panels+Line+30A So,"₱17,605.04",N/A,https://www.lazada.com.ph/products/pdp-i5163855181.html
REAIM Gasoline Chainsaw 52CC Gasoline Saw 20 Inches With A Full Set Of Accessories,₱129.00,N/A,https://www.lazada.com.ph/products/pdp-i5213796467.html
Solar Panel with inverter battery complete set 4000W inverter DC 12V to AC 220V Solar Power Generation System Dual USB Solar Inverter Solar Panel Solar Charge Controller for home appliances,"₱2,999.00",N/A,https://www.lazada.com.ph/products/pdp-i3006283224.html
Solar Panel Mounting Roof PV L-Foot Extension Hanger Bolts For Metal OR For Wood,₱230.00,N/A,https://www.lazada.com.ph/products/pdp-i4525054013.html
HanTech Solar Panel 60/100/160/210 300 Watts Outdoor Waterproof Sunday Power Monocrystalline Silicon Daily,"₱6,125.00",N/A,https://www.lazada.com.ph/products/pdp-i5331318270.html
Monocrystalline Solar PV Panel Module 100W 200W 300W for Home Use Rechargeable 12V/24V Battery Solar Power Generation Board,"₱12,037.00",N/A,https://www.lazada.com.ph/products/pdp-i2348257708.html
YYBAIO | 20W Photovoltaic Panel,₱905.66,N/A,https://www.lazada.com.ph/products/pdp-i15435385960.html
NSS 16W Solar Panel Phone Charger Multifunctional Waterproof Solar Panel with 5 in 1 usb cable,"₱2,417.85",N/A,https://www.lazada.com.ph/products/pdp-i4917230265.html
HEAVY DUTY SOLAR PANEL MONO CRYSTALLINE POWER GOLD 150 WATTS,"₱7,628.00",N/A,https://www.lazada.com.ph/products/pdp-i4272343795.html
（5 Year warranty）Solar panel 500W solar panel set waterproof ip67 suitable for home solar controller,"₱3,188.65",N/A,https://www.lazada.com.ph/products/pdp-i5009965830.html
HEAVY DUTY SOLAR PANEL MONO CRYSTALLINE POWER GOLD 200 WATTS,"₱8,898.00",N/A,https://www.lazada.com.ph/products/pdp-i4272462104.html
Brand-new 120W single crystal solar charging panel 24V monitoring power generation household system solar panel battery,"₱1,024.46",N/A,https://www.lazada.com.ph/products/pdp-i5064219853.html
No Brand | Waterproof Solar Panel 24V,₱950.07,N/A,https://www.lazada.com.ph/products/pdp-i5411185449.html
Solar Charging Panel 6W 6V Fast Charging Solar Energy Panel with 4 USB Ports for Camping Cellphone,"₱1,865.45",N/A,https://www.lazada.com.ph/products/pdp-i5153840365.html
"Solar photovoltaic panel, single crystal with high power and high conversion ratio of 400W-500W.","₱16,091.98",N/A,https://www.lazada.com.ph/products/pdp-i5117189740.html
Brand-new 120W single crystal solar charging panel 24V monitoring power generation household system solar panel battery,"₱1,024.46",N/A,https://www.lazada.com.ph/products/pdp-i5150808074.html
2021 HOT flexible solar panel 20w panels solar cells cell mo,"₱3,167.96",N/A,https://www.lazada.com.ph/products/pdp-i4906336361.html
Jingke solar photovoltaic panel jinko single crystal high-efficiency original factory positive A-class 550W solar photovoltaic module,"₱23,373.56",N/A,https://www.lazada.com.ph/products/pdp-i4931532052.html
Household photovoltaic panels 6/9/12V solar module 8/10/12/15/18/20/25/30/40/50W,"₱1,780.99",N/A,https://www.lazada.com.ph/products/pdp-i5083340023.html
Spark brand-new 400W solar charging panel outdoor photovoltaic power generation module household rechargeable 24V battery system,"₱24,077.45",N/A,https://www.lazada.com.ph/products/pdp-i4818909342.html
Solar photovoltaic panel assembly monocrystalline silicon 275W400W540W600W power generation panel charging board factory outlet,"₱13,318.04",N/A,https://www.lazada.com.ph/products/pdp-i4942273079.html
Brand-new monocrystalline silicon 100W solar panel 12V outdoor 200W photovoltaic panel household 18V charging.,"₱2,545.40",N/A,https://www.lazada.com.ph/products/pdp-i5137636397.html
Solar Power Panel Longji Single Crystal 450w540w600w Photovoltaic Panel 24v48v Battery Charging Panel Marine,"₱12,372.38",N/A,https://www.lazada.com.ph/products/pdp-i5048302100.html
Solar panel 30W polysilicon 6V solar panel 9V 10V 18V support wire for projection lamp is optional.,"₱3,288.06",N/A,https://www.lazada.com.ph/products/pdp-i4800245056.html
"24V solar version, 100W photovoltaic panel, 18V charging and generating panel, monocrystalline silicon panel, 12V household solar panel.","₱14,547.40",N/A,https://www.lazada.com.ph/products/pdp-i4810323413.html
Spark Single Crystal 550W Solar Charging Panel Household Photovoltaic Power Generation High Power Off-grid Solar Panel,"₱17,258.30",N/A,https://www.lazada.com.ph/products/pdp-i4561029382.html
200W single crystal Solar Panel photovoltaic parallel/off-grid generator system component SolarPanel factory outlet,"₱10,953.90",N/A,https://www.lazada.com.ph/products/pdp-i5055716997.html
5V 2W 3W 5W 6W Solar Panel with USB Port Powerbank Solar Pan,"₱1,368.05",N/A,https://www.lazada.com.ph/products/pdp-i5126267058.html
Solar panel 12v household 220v photovoltaic charging plate single crystal 150w100w50w30w20w,"₱5,532.11",N/A,https://www.lazada.com.ph/products/pdp-i5159468805.html
Solar panel 12v24v charging panel 300W single crystal silicon panel monitoring household photovoltaic panels.,"₱14,515.88",N/A,https://www.lazada.com.ph/products/pdp-i5022491194.html
Longji photovoltaic panel solar power generation 550/555w high-power single crystal high-efficiency off-grid solar photovoltaic panel,"₱31,916.02",N/A,https://www.lazada.com.ph/products/pdp-i5033319368.html
200W 24V Monocrystalline Solar Panel (10pcs),"₱40,000.00",N/A,https://www.lazada.com.ph/products/pdp-i263571261.html
Brand-new single crystal polycrystalline 100W solar panel household 12v24 battery photovoltaic solar panel 100W,"₱2,442.96",N/A,https://www.lazada.com.ph/products/pdp-i5043238056.html
100W Semi-flexible Solar Panel Photovoltaic System On-board Battery Panel Soft Board of RV Roof 12V Charging,"₱6,635.38",N/A,https://www.lazada.com.ph/products/pdp-i5152865140.html
450W single crystal solar panel photovoltaic power generation RV truck household marine 24V48V off-grid assembly,"₱25,611.62",N/A,https://www.lazada.com.ph/products/pdp-i5011620231.html
Solar panel 10W solar charging panel solar panel mobile phone portable emergency charging panel photovoltaic panel,"₱4,113.62",N/A,https://www.lazada.com.ph/products/pdp-i5154291545.html
450W single crystal solar panel photovoltaic power generation RV truck household marine 24V48V off-grid assembly,"₱25,611.62",N/A,https://www.lazada.com.ph/products/pdp-i5279538558.html
1000W Solar Panel System Solar Panel 50A Charge Controller S,"₱32,451.90",N/A,https://www.lazada.com.ph/products/pdp-i5102273227.html
550W Half-piece Single Crystal Solar Panel Solar Panel Manufacturer of photovoltaic parallel/off-grid generator system components.,"₱28,101.86",N/A,https://www.lazada.com.ph/products/pdp-i5039326687.html
370W Canadian Solar Panel Monocrystalline (10pc),"₱52,000.00",N/A,https://www.lazada.com.ph/products/pdp-i2754726874.html
Postage solar panels 100W200W single crystal household photovoltaic charging and generating panel system full set of solar panels,"₱30,276.88",N/A,https://www.lazada.com.ph/products/pdp-i5071213130.html
Photovoltaic panel elevator solar panel installation window glass sun room glass car elevator 220v,"₱37,589.98",N/A,https://www.lazada.com.ph/products/pdp-i5161925326.html
ECOFLOW 160W Solar Panel Kit Single-Face for Power Station Foldable Solar Charger with Adjustable Kickstand Waterproof IP67 for Outdoor Camping RV Off Grid System,"₱16,590.00",N/A,https://www.lazada.com.ph/products/pdp-i4663774479.html
LIWAN | Portable Foldable Photovoltaic Panel,"₱23,099.95",N/A,https://www.lazada.com.ph/products/pdp-i5414826675.html
70W Outdoor Foldable Solar Panels Cell 5V USB Portable Solar,"₱1,503.60",N/A,https://www.lazada.com.ph/products/pdp-i4927272110.html
Dokio 2PCS 4PCS 6PCS Solar Panel 100W 18V Monocrystalline Solar Cell Flexible for Car/Yacht/Steamship 100 Watt Solar panel,"₱12,469.87",N/A,https://www.lazada.com.ph/products/pdp-i4252202552.html
Greenfield LFE 2X50W Solar Panel 36V GSP100W,"₱20,990.00",N/A,https://www.lazada.com.ph/products/pdp-i5201669634.html
JACKERY Solar Saga 200W Foldable Solar Panel Portable High Efficiency IP68 Outdoor Backup Power,"₱23,999.00",N/A,https://www.lazada.com.ph/products/pdp-i15390858451.html
Solar Cell Panel Solar Panel Waterproof for Household for Outdoor,₱252.00,N/A,https://www.lazada.com.ph/products/pdp-i5258400021.html
Jingke solar photovoltaic panel jinko single crystal original factory N-type positive A-class 465W solar photovoltaic module,"₱12,372.38",N/A,https://www.lazada.com.ph/products/pdp-i5140129424.html
AK | Household Solar Panel 100w,"₱9,515.00",N/A,https://www.lazada.com.ph/products/pdp-i15409341281.html
MUZHAN | Fast Charging Waterproof Large Size Photovoltaic Panel 6V,₱758.45,N/A,https://www.lazada.com.ph/products/pdp-i15415460286.html
Jingke solar module 595w Single Crystal Solar Panel Photovoltaic Panel,"₱20,883.32",N/A,https://www.lazada.com.ph/products/pdp-i5012967550.html
Jingke solar photovoltaic panel jinko single crystal high-efficiency original factory positive A-class 550W solar photovoltaic module,"₱23,373.56",N/A,https://www.lazada.com.ph/products/pdp-i4568043340.html
FlashFish Shangpin electric cool solar panel outdoor travel portable power generation photovoltaic panel folding board 18V60W charging board household mobile phone charging outdoor mobile power supply.,"₱18,928.96",N/A,https://www.lazada.com.ph/products/pdp-i4983631347.html
"Solar semi-flexible panel 20W, 25W, 40W, 18V rechargeable car 12V battery for roof.","₱7,820.61",N/A,https://www.lazada.com.ph/products/pdp-i4876333753.html
Eco-100w semi-flexible solar panel soft roof photovoltaic electric car RV charging outdoor.,"₱12,309.34",N/A,https://www.lazada.com.ph/products/pdp-i5155823792.html
Single crystal 500w solar panels 400w photovoltaic system Household 300w watt polycrystalline 12v 24v panels,"₱18,298.52",N/A,https://www.lazada.com.ph/products/pdp-i4984302844.html
Brand-new full-tile 200W single-crystal photovoltaic panel module Solar panels can be charged with 12V\\24V batteries.,"₱3,703.84",N/A,https://www.lazada.com.ph/products/pdp-i5052304445.html
NSS 20W-200W 18V Solar Panel Multifunctional Waterproof Photovoltaic Solar Panel,"₱18,531.29",N/A,https://www.lazada.com.ph/products/pdp-i4979375917.html
"High-power solar panels, domestic ships, battery charging, self-power generation with air conditioning.","₱32,861.68",N/A,https://www.lazada.com.ph/products/pdp-i5122131429.html
Jing 'ao Solar Photovoltaic Panel Photovoltaic Module Solar Power Panel High Power 540WA Single Crystal Photovoltaic Panel,"₱25,611.62",N/A,https://www.lazada.com.ph/products/pdp-i5124803098.html
Household solar panel power generation system 100W single crystal solar panel 12V outdoor portable photovoltaic lighting,"₱11,363.68",N/A,https://www.lazada.com.ph/products/pdp-i4929190781.html
Longji Grade A monocrystalline silicon single-sided 550W 555w solar panel photovoltaic panel photovoltaic module,"₱32,451.90",N/A,https://www.lazada.com.ph/products/pdp-i4942001000.html
Flexible solar panels 50W solar outdoor car powered RV camping 12v24V battery charging,"₱6,320.16",N/A,https://www.lazada.com.ph/products/pdp-i4985765551.html
Brand-new single crystal 450W540W660W solar panels household photovoltaic panels power station waterproof glass.,"₱25,296.40",N/A,https://www.lazada.com.ph/products/pdp-i5023472057.html
Longji photovoltaic panel Class A solar module 520W-555W,"₱35,068.22",N/A,https://www.lazada.com.ph/products/pdp-i5025884952.html
"High-power solar panels, domestic ships, battery charging, self-power generation with air conditioning.","₱32,861.68",N/A,https://www.lazada.com.ph/products/pdp-i4635095749.html
Brand-new solar panel single crystal 12V24 battery charging panel household photovoltaic module 300W 360W400w,"₱25,611.62",N/A,https://www.lazada.com.ph/products/pdp-i5027940510.html
Bull brand-new 100W monocrystalline silicon solar panel photovoltaic power generation system charging 12V2.,"₱8,622.21",N/A,https://www.lazada.com.ph/products/pdp-i4986381497.html
360W/450W monocrystalline silicon solar panel photovoltaic module power generation panel solar panels,"₱28,484.86",N/A,https://www.lazada.com.ph/products/pdp-i4984919962.html
Pecron 300W Solar Panel for Portable Power Stations with Adjustable Kickstand Foldable Solar Power Supplies for Outdoor Camping,"₱42,000.00",N/A,https://www.lazada.com.ph/products/pdp-i4090208065.html
285W SUNRI Poly Solar Panel (10pcs),"₱55,000.00",N/A,https://www.lazada.com.ph/products/pdp-i2928784904.html
500W solar panels Household fishing boats 24v power station 12v battery charged enough power photovoltaic panels,"₱27,345.34",N/A,https://www.lazada.com.ph/products/pdp-i4799857831.html
Glass laminated 120W solar panel suxnpower photovoltaic panel solar charging panel,"₱39,512.83",N/A,https://www.lazada.com.ph/products/pdp-i4895219591.html
Songmo 120W solar panel folding bag portable high-power 60W/100W/300W outdoor mobile electricity,"₱41,055.83",N/A,https://www.lazada.com.ph/products/pdp-i5018532171.html
Brand-new household solar panel single crystal 12V24 battery charging panel photovoltaic module 300W 360W400w,"₱39,481.30",N/A,https://www.lazada.com.ph/products/pdp-i5157714317.html
500W solar panels Outdoor fishing boats Household 24V power station system 12V charging bottle photovoltaic panels,"₱28,763.82",N/A,https://www.lazada.com.ph/products/pdp-i4549703001.html
300W single crystal solar panels photovoltaic panels can be charged with 12V24V batteries.,"₱34,835.33",N/A,https://www.lazada.com.ph/products/pdp-i4807312407.html
Trina 450W505W Spark 540W Single Crystal Solar Panel Household Photovoltaic Panel 24V Battery,"₱47,844.09",N/A,https://www.lazada.com.ph/products/pdp-i5042529496.html
500W solar panels photovoltaic charging panels outdoor fishing boats RV household 24V power station 12V Longji Trina.,"₱45,785.70",N/A,https://www.lazada.com.ph/products/pdp-i5079059915.html
MPPT 100A 80A 60A Solar Charge Controller 12V 24V 36V 48V Solar Panel Lead Acid/Lithium Battery Regulator Dual USB,"₱1,038.00",N/A,https://www.lazada.com.ph/products/pdp-i5227686218.html
10A 20A 30A 60A PWM Solar Charge Controller 12V/24V Battery Regulator Solar Panel Controller LCD Display with Dual USB Port,₱218.00,N/A,https://www.lazada.com.ph/products/pdp-i1146998878.html
Flashfish 300W 60Hz solar generator solar panel power station Lifepo4 can be used when charging,"₱4,555.00",N/A,https://www.lazada.com.ph/products/pdp-i4704198517.html
78800mAh Outdoor 220V Portable Solar Generator Fast Charge Large Capacity Power Station with Solar Charging Board Power Station Heavy Duty Outdoor Power Bank Travel Camping Home Emergency Power DC/AC External Battery Support USB Port Charging AC Output,"₱2,822.65",N/A,https://www.lazada.com.ph/products/pdp-i3529148772.html
Double Ends Solar Extension Cable with Connector 1-10 Meter 4mm2/6mm2 1000V/1500V PV DC Connector Solar Cable Photovoltaic Wire,₱463.88,N/A,https://www.lazada.com.ph/products/pdp-i4409608178.html
【Top-rated】 1000w Solar Panel Inverter Kit 12v Usb Charging Solar Panel Controller Outdoor Rv Car Mp3 Pad Portable Waterproof Solar Cell,"₱1,990.67",N/A,https://www.lazada.com.ph/products/pdp-i4483787054.html
2W 6V Solar Panel Polysilicon Solar Charger Panel High Efficiency Portable Power Bank for Small Household Lighting,₱297.79,N/A,https://www.lazada.com.ph/products/pdp-i15422861918.html
【No-profit】 200w Solar Panel Kit Complete 12v With Dual Usb 100a Controller Solar Cells Charger For Car Yacht Rv Boat Moblie Phone,₱978.30,N/A,https://www.lazada.com.ph/products/pdp-i5067355261.html
【No-profit】 1000w Solar Panel Dc12-18v Solar Cell 100a Controller Solar Panel For Phone Rv Car Caravan Home Camping Outdoor Supply,"₱1,030.30",N/A,https://www.lazada.com.ph/products/pdp-i5140802177.html
"ECOFLOW 28W Portable Backpack Solar Panel, 25% High Conversion Efficiency N-Type Solar Cell for Phone, Camping, Backup Lightweight Foldable Hangable Solar Panel with Carabiner, IP68 Waterproof","₱3,743.04",N/A,https://www.lazada.com.ph/products/pdp-i15446755193.html
300W Foldable Solar Panel Dual USB Folding Bag Solar Cell Outdoor Power Bank Charger for Mobile Phone Camping Hiking Climbing,"₱2,061.23",N/A,https://www.lazada.com.ph/products/pdp-i5142793306.html
"solar panels 25W 6V 4.2A , 30W 6V 5A , 30W 18V 1.67A","₱2,999.75",N/A,https://www.lazada.com.ph/products/pdp-i4099704630.html
Portable Solar Panel 10W 20V Waterproof Solar Trickle Battery Charger Car Battery Maintainer for Car Boat Marine Automotive RV,"₱1,372.36",N/A,https://www.lazada.com.ph/products/pdp-i5409980043.html
1200W Foldable Solar Panel Lightweight & Portable for Outdoor Emergency Power USB Output Compatible with Camping/Fishing/RV,"₱3,327.99",N/A,https://www.lazada.com.ph/products/pdp-i5337680614.html
Solar Panel Portable Solar Panel Kit High Efficiency Monocrystalline Silicon for Car for Outdoor,"₱1,434.00",N/A,https://www.lazada.com.ph/products/pdp-i5017062842.html
CHOETECH 19W portable solar panel charger camping RV outdoor Australia local postage,"₱30,150.79",N/A,https://www.lazada.com.ph/products/pdp-i4942011048.html
"Mini-miniature small-sized solar panels with wires, solar charging panels, photovoltaic panels, glue dripping panels, light source panels.",₱425.55,N/A,https://www.lazada.com.ph/products/pdp-i4870252006.html
500W solar panels photovoltaic charging panels outdoor fishing boats RV household 24V power station 12V Longji Trina.,"₱22,522.47",N/A,https://www.lazada.com.ph/products/pdp-i5038718299.html
Trina Solar High Power 425w Half-piece Multi-grid Solar Panel Photovoltaic Power Generation Module Connected to Grid for Home Use,"₱25,885.55",N/A,https://www.lazada.com.ph/products/pdp-i5056924044.html
0.2W 2V Solar Cell DIY Solar Panels Module Charger Solar,"₱1,226.21",N/A,https://www.lazada.com.ph/products/pdp-i4890425436.html
60W 18V Flexible Black Solar Panels Foldable 18 Volt,"₱23,036.28",N/A,https://www.lazada.com.ph/products/pdp-i5027991459.html
MUHUASHA | Single-crystal High-efficiency Solar Panel 100W 12V,"₱9,039.05",N/A,https://www.lazada.com.ph/products/pdp-i15399700479.html
Folding solar panels outdoor mobile power RV lithium battery 12V24V rechargeable portable solar charging board,"₱27,502.94",N/A,https://www.lazada.com.ph/products/pdp-i4986657538.html
Sun power 50W 5V Foldable Solar Panel Solar Cells Folding Pa,"₱8,336.94",N/A,https://www.lazada.com.ph/products/pdp-i5129692846.html
18V 20W Monocrystalline Solar Panel Mono Crystalline Solar Panel FREE 30CM DC LED HIGH POWER LAMP,"₱2,067.31",N/A,https://www.lazada.com.ph/products/pdp-i5090492315.html
Brand-new solar panel single crystal 12V24 battery charging panel household photovoltaic module 300W 360W400w,"₱25,611.62",N/A,https://www.lazada.com.ph/products/pdp-i5129251789.html
15W 5V 2XUSB PET Foldable Monocrystalline Solar Panels Charg,"₱7,899.10",N/A,https://www.lazada.com.ph/products/pdp-i5097000327.html
Manufacturers selling 200W solar panels single crystal solar panels solar panel photovoltaic modules,"₱28,448.60",N/A,https://www.lazada.com.ph/products/pdp-i5022410568.html
70W Outdoor Foldable Solar Panels Cell 5V USB Portable Solar,"₱1,623.38",N/A,https://www.lazada.com.ph/products/pdp-i5159383799.html
18V 50W Monocrystalline Solar Panel Mono Crystalline Solar Panel FREE 30CM DC LED HIGH POWER LAMP,"₱3,825.00",N/A,https://www.lazada.com.ph/products/pdp-i5090576002.html
Longi Longji solar photovoltaic panel photovoltaic panel 450-550-555W positive A-level monocrystalline silicon module,"₱37,014.71",N/A,https://www.lazada.com.ph/products/pdp-i4864749317.html
Brand-new 50w single crystal solar panel 12V battery goes straight to 50W solar panel to generate electricity.,"₱1,970.12",N/A,https://www.lazada.com.ph/products/pdp-i5069843001.html
"Solar panels, ultra-large panels, outdoor portable photovoltaic folding bag, USB5v charger, monocrystalline silicon.","₱11,615.86",N/A,https://www.lazada.com.ph/products/pdp-i5130001794.html
Single crystal silicon 300W solar panels 12V fishing boat charging panels Household off-grid system photovoltaic 24V panels,"₱38,850.86",N/A,https://www.lazada.com.ph/products/pdp-i5137538161.html
Flexible solar panels 100W solar outdoor car powered RV camping 12v24V battery charging,"₱5,752.76",N/A,https://www.lazada.com.ph/products/pdp-i5150135256.html
Brand-new A-class monocrystalline silicon solar panels 300W panels 12V photovoltaic charging panels household 24V 360W,"₱30,844.28",N/A,https://www.lazada.com.ph/products/pdp-i5157685304.html
300W400w Single Crystal Solar Panel Household 24V Photovoltaic Panel Power Generation and Off-grid Assembly for Fishing Vessels,"₱36,833.46",N/A,https://www.lazada.com.ph/products/pdp-i5072898224.html
Factory direct sale 12V solar panels 100W200W single crystal household photovoltaic charging power generation panel system,"₱32,830.16",N/A,https://www.lazada.com.ph/products/pdp-i4927499056.html
【Ready stock】100 Watt Monocrystalline Original Solar Panel IP67 Waterproof Original Solar Home,"₱5,283.00",N/A,https://www.lazada.com.ph/products/pdp-i5090329619.html
500W solar panels photovoltaic charging panels outdoor fishing boats RV household 24V power station 12V Longji Trina.,"₱41,246.54",N/A,https://www.lazada.com.ph/products/pdp-i5135640329.html
TOUGLESY | DIY Suitable Photovoltaic Panels,₱160.31,N/A,https://www.lazada.com.ph/products/pdp-i15397480138.html
"Modern solar panels, photovoltaic panels, charging panels, power generation panels, SU model sketch master sketchup.",₱709.24,N/A,https://www.lazada.com.ph/products/pdp-i5042409122.html
Solar Panel 200W 400W Household Charging Panel Module generator set for home with inverter,"₱3,767.61",N/A,https://www.lazada.com.ph/products/pdp-i5058826474.html
70W Outdoor Foldable Solar Panels Cell 5V USB Portable Solar,"₱2,649.11",N/A,https://www.lazada.com.ph/products/pdp-i4953477694.html
Single crystal silicon solar photovoltaic charging panel 5v12v18 outdoor power portable folding mobile phone fast charging,"₱5,293.49",N/A,https://www.lazada.com.ph/products/pdp-i5279297981.html
"Solar panels, 6V photovoltaic panels, battery panels, charging panels, floodlights, street lamp accessories, charging 3.2V3.7V batteries.","₱2,219.15",N/A,https://www.lazada.com.ph/products/pdp-i4891289282.html
SOLAR PANEL 150watts MONOCRYSTALLINE,"₱5,597.80",N/A,https://www.lazada.com.ph/products/pdp-i4984972849.html
Full-tile 100W200W300W Single Crystal Photovoltaic Panel Assembly Solar panels can be charged with 12V24V batteries.,"₱3,010.35",N/A,https://www.lazada.com.ph/products/pdp-i5021138628.html
A-Class Crystal jinko Single Crystal Photovoltaic solar module Panel 260 Watt Power Distributed Generation Grid-Connected,"₱23,342.04",N/A,https://www.lazada.com.ph/products/pdp-i5118039327.html
"Solar photovoltaic panel, single crystal with high power and high conversion ratio of 400W-500W.","₱16,091.98",N/A,https://www.lazada.com.ph/products/pdp-i5033769295.html
Solar panel 6v18v30w20w15w12w10w Off-grid solar photovoltaic panel assembly,"₱3,822.04",N/A,https://www.lazada.com.ph/products/pdp-i4883458682.html
Single crystal 500w solar panels 400w photovoltaic system Household 300w watt polycrystalline 12v 24v panels,"₱18,361.56",N/A,https://www.lazada.com.ph/products/pdp-i5148610611.html
"Longji solar panel photovoltaic module single crystal class A 540, 545, 550 watts","₱28,732.30",N/A,https://www.lazada.com.ph/products/pdp-i4831383786.html
ONESTAR 20W30W Solar Panel IP65 with Alligator Clip High-efficiency Waterproof Solar Panel,"₱14,949.70",N/A,https://www.lazada.com.ph/products/pdp-i4916514338.html
Foreign trade clearance solar panels polycrystalline 100 watt solar panels photovoltaic N generator household 12v charging,"₱15,272.41",N/A,https://www.lazada.com.ph/products/pdp-i5102109589.html
Brand-new 9-grid single crystal 120W-300W solar panel photovoltaic panel photovoltaic household charger,"₱21,450.72",N/A,https://www.lazada.com.ph/products/pdp-i5009056340.html
Shangpin electric cool FlashFish solar panels folding portable charging board outdoor travel monocrystalline silicon 60W,"₱17,076.73",N/A,https://www.lazada.com.ph/products/pdp-i4568718219.html
Portable 50W 12V SB Port Solar Panels Board Foldable Waterpr,"₱13,198.26",N/A,https://www.lazada.com.ph/products/pdp-i5123273153.html
Solar panel single crystal 50W W12v solar panel M household solar panel system,"₱3,514.70",N/A,https://www.lazada.com.ph/products/pdp-i5118529636.html
Single crystal 150W solar panel 18V high-power energy storage folding package vehicle RV ship photovoltaic panel,"₱27,676.32",N/A,https://www.lazada.com.ph/products/pdp-i4875717867.html
Yike 300W400w single crystal solar panel fishing boat household 24V photovoltaic panel power generation and off-grid.,"₱4,744.06",N/A,https://www.lazada.com.ph/products/pdp-i5014680013.html
10W Portable Solar Panel Generators With USB DIY Cell,"₱4,942.65",N/A,https://www.lazada.com.ph/products/pdp-i5042420124.html
Solar cell 100W folding charging panel outdoor power portable photovoltaic single crystal solar cell panel package,"₱14,106.10",N/A,https://www.lazada.com.ph/products/pdp-i5058686392.html
200W solar charging panel RV outdoor 12V mobile power portable rechargeable battery panel fast charging folding bag M,"₱6,632.23",N/A,https://www.lazada.com.ph/products/pdp-i4673138030.html
Solar Panel Kit 100 Watt 12 Volt Waterproof Solar Panels,"₱6,190.92",N/A,https://www.lazada.com.ph/products/pdp-i5013006564.html
200w100w solar panel single crystal 12V photovoltaic panel household system charging panel RV household 12 lines,"₱8,463.66",N/A,https://www.lazada.com.ph/products/pdp-i5042761590.html
Brand-new polysilicon 100W solar panel 12V photovoltaic charging panel 200W household power panel 18V,"₱6,034.26",N/A,https://www.lazada.com.ph/products/pdp-i5047935989.html
48V60V72 v electric tricycle battery car solar photovoltaic panel on-board 300W watt power generation panel charging system,"₱39,134.56",N/A,https://www.lazada.com.ph/products/pdp-i4906191295.html
Brand-new outdoor solar panels 100W monocrystalline silicon 12V solar charging panel household solar panels,"₱13,002.82",N/A,https://www.lazada.com.ph/products/pdp-i5011766050.html
Single crystal 450W solar photovoltaic module panel 400W500W outdoor photovoltaic power generation system for domestic fishing boats,"₱31,600.80",N/A,https://www.lazada.com.ph/products/pdp-i5041540041.html
Single-crystal silicon 300w solar panel 12v battery 450W charging panel household off-grid photovoltaic 24v battery,"₱41,448.28",N/A,https://www.lazada.com.ph/products/pdp-i5103398365.html
Trina 450W545W Spark 540W Single Crystal Solar Panel Household Photovoltaic Panel 24V Battery,"₱48,771.47",N/A,https://www.lazada.com.ph/products/pdp-i4838034957.html
Electric small two solar panels 100W photovoltaic power generation 200W panels household outdoor camping folding portable rechargeable waterproof.,"₱35,068.22",N/A,https://www.lazada.com.ph/products/pdp-i5279087943.html
Single crystal silicon Class A 200W12V solar panels 300W panels 24V household photovoltaic 550W charging panels,"₱40,376.53",N/A,https://www.lazada.com.ph/products/pdp-i5130902036.html
XTAR axtar SP100 solar panels 100w photovoltaic panels household outdoor camping folding portable charging.,"₱48,591.16",N/A,https://www.lazada.com.ph/products/pdp-i5072141762.html
Single crystal solar panel 500W photovoltaic panel 220v fishing boat household 12V/24V charging bottle,"₱43,263.94",N/A,https://www.lazada.com.ph/products/pdp-i4986137733.html
Kini Exciting Series Solar Panel 60W80W100W120W160W200W300W Portable Folding Photovoltaic Panel Emergency Charging Outdoor Camping go on road trip Camping RV Power Generation General,"₱47,645.50",N/A,https://www.lazada.com.ph/products/pdp-i5052901923.html
500W solar panels photovoltaic charging panels outdoor fishing boats RV household 24V power station 12V Longji Trina.,"₱41,246.54",N/A,https://www.lazada.com.ph/products/pdp-i5055377191.html
100W/200W portable solar panel folding package sunpower following solar panel,"₱38,220.42",N/A,https://www.lazada.com.ph/products/pdp-i5042816665.html
Single crystal silicon 300W solar panels 12V fishing boat charging panels Household off-grid system photovoltaic 24V panels,"₱38,850.86",N/A,https://www.lazada.com.ph/products/pdp-i4821053822.html
18V 25W Monocrystalline Solar Panel Kit Dual USB Cellphone Recharger Outdoor Camping Waterproof with 12/24V 100A PWM Solar Controller for RV Marine,"₱2,018.90",N/A,https://www.lazada.com.ph/products/pdp-i4266291319.html
Poly Photovoltaic Panel 275W,"₱4,724.00",N/A,https://www.lazada.com.ph/products/pdp-i3542589197.html
Monocrystalline Bifacial Photovoltaic Panel 720W,"₱12,213.00",N/A,https://www.lazada.com.ph/products/pdp-i5185882573.html
"70w flexible solar panels can be bent, and the roof of a light and thin RV is mounted and pasted on the RV.","₱8,116.92",N/A,https://www.lazada.com.ph/products/pdp-i5129144092.html
200W solar charging panel RV outdoor 12V mobile power portable rechargeable battery panel fast charging folding bag M,"₱6,695.27",N/A,https://www.lazada.com.ph/products/pdp-i4940726085.html
MUHUASHA | High Power Outdoor Solar Panel System 800W,"₱17,479.54",N/A,https://www.lazada.com.ph/products/pdp-i15400019291.html
"Solar photovoltaic panel, single crystal with high power and high conversion ratio of 400W-500W.","₱16,091.98",N/A,https://www.lazada.com.ph/products/pdp-i4953522065.html
550w solar photovoltaic panel 12v24v charging bottle marine outdoor off-grid household power station.,"₱14,578.92",N/A,https://www.lazada.com.ph/products/pdp-i5063624467.html
Full power 450w solar photovoltaic panel 12v24v charging bottle marine outdoor off-grid household electricity,"₱14,578.92",N/A,https://www.lazada.com.ph/products/pdp-i5129637681.html
Brand-new full-tile 200W single-crystal photovoltaic panel module Solar panels can be charged with 12V\\24V batteries.,"₱3,703.84",N/A,https://www.lazada.com.ph/products/pdp-i5083108982.html
10W Outdoor Foldable Solar Panels Cell 5V 2A USB Portable,"₱4,168.78",N/A,https://www.lazada.com.ph/products/pdp-i5110849147.html
120W single crystal Solar Panel photovoltaic parallel/off-grid generator system component SolarPanel factory outlet,"₱7,644.08",N/A,https://www.lazada.com.ph/products/pdp-i5126089141.html
75W Solar Panel,"₱16,785.46",N/A,https://www.lazada.com.ph/products/pdp-i4646550794.html
70w solar panel household lighting charging 12v single crystal photovoltaic panel solar module street lamp,"₱5,059.28",N/A,https://www.lazada.com.ph/products/pdp-i5056912379.html
Brand-new 100W monocrystalline silicon solar panel solar panel photovoltaic power generation system charging 12V24V home.,"₱4,491.88",N/A,https://www.lazada.com.ph/products/pdp-i5276279939.html
Solar Panel Kit 100 Watt 12 Volt Waterproof Solar Panels,"₱5,885.16",N/A,https://www.lazada.com.ph/products/pdp-i4983899340.html
50W 12V Foldable Waterproof Solar Panel Charger Portable Fol,"₱14,744.42",N/A,https://www.lazada.com.ph/products/pdp-i5018929319.html
300W flexible solar rechargeable panel Customized single crystal RV roof soft panel 12/24v photovoltaic panel,"₱25,296.40",N/A,https://www.lazada.com.ph/products/pdp-i5140739987.html
"Solar panels, mobile phones, outdoor portable photovoltaic charging panels, fast charging and folding packages, USB charger, 5v output.","₱6,320.16",N/A,https://www.lazada.com.ph/products/pdp-i5034096058.html
50W 12V Foldable Waterproof Solar Panel Charger Portable Fol,"₱14,744.42",N/A,https://www.lazada.com.ph/products/pdp-i5139433842.html
"Jingke 580W double-sided double-glass solar photovoltaic panel, original grade a,","₱23,405.08",N/A,https://www.lazada.com.ph/products/pdp-i5023759240.html
ONESTAR 20W30W Solar Panel IP65 with Alligator Clip High-efficiency Waterproof Solar Panel,"₱18,504.65",N/A,https://www.lazada.com.ph/products/pdp-i4921345576.html
Brand-new 100W monocrystalline silicon solar panel solar panel photovoltaic power generation system charging 12V24V home.,"₱4,491.88",N/A,https://www.lazada.com.ph/products/pdp-i5157470913.html
50w solar panels 12v photovoltaic panels polycrystalline single crystal solar solar charging panels,"₱5,248.41",N/A,https://www.lazada.com.ph/products/pdp-i4655904252.html
"Solar panels, 220v photovoltaic outdoor components, monocrystalline silicon project, household power generation panel, battery car charging panel.","₱28,070.34",N/A,https://www.lazada.com.ph/products/pdp-i5149829338.html
100W single polycrystalline solar panel power generation panel photovoltaic power generation system charging panel 12V24V household,"₱20,536.58",N/A,https://www.lazada.com.ph/products/pdp-i5080375538.html
Longi Longji solar photovoltaic panel photovoltaic panel 450-550-555W positive A-level monocrystalline silicon module,"₱37,014.71",N/A,https://www.lazada.com.ph/products/pdp-i5042961115.html
"Solar panels, mobile phones, outdoor portable photovoltaic charging panels, fast charging and folding packages, USB charger, 5v output.","₱11,615.86",N/A,https://www.lazada.com.ph/products/pdp-i4825193869.html
Trina Solar Q1 Multi-main Grid 450W540W Solar Panel Photovoltaic Panel Off-grid Power Generation Assembly,"₱39,796.52",N/A,https://www.lazada.com.ph/products/pdp-i4881049891.html
Trina Solar Q1 Multi-main Grid 450W540W Solar Panel Photovoltaic Panel Off-grid Power Generation Assembly,"₱39,796.52",N/A,https://www.lazada.com.ph/products/pdp-i5047002249.html
New 540W single crystal solar panel household outdoor high-power photovoltaic panel and off-grid power generation module panel,"₱34,599.18",N/A,https://www.lazada.com.ph/products/pdp-i5116251372.html
Positive A-class photovoltaic module 275W polycrystalline solar panel photovoltaic grid-connected power generation,"₱39,985.66",N/A,https://www.lazada.com.ph/products/pdp-i5023324821.html
Single crystal solar panel 500W photovoltaic panel 220v fishing boat household 12V/24V charging bottle,"₱39,481.30",N/A,https://www.lazada.com.ph/products/pdp-i5056776744.html
500W solar panels Outdoor fishing boats Household 24V power station system 12V charging bottle photovoltaic panels,"₱45,281.35",N/A,https://www.lazada.com.ph/products/pdp-i4887772211.html
200W Solar Panel,"₱49,883.56",N/A,https://www.lazada.com.ph/products/pdp-i5096757638.html
535w Solar Panel Mono Jinko (10pcs),"₱110,400.00",N/A,https://www.lazada.com.ph/products/pdp-i2266369197.html
EcoFlow Zhenghao solar panels photovoltaic panels household outdoor camping folding portable charging,"₱49,730.05",N/A,https://www.lazada.com.ph/products/pdp-i4789962173.html
Trina 450W545W Spark 540W Single Crystal Solar Panel Household Photovoltaic Panel 24V Battery,"₱48,771.47",N/A,https://www.lazada.com.ph/products/pdp-i5189241918.html
Single crystal 300W solar panel solar panel photovoltaic power generation system 12V24V household,"₱45,803.81",N/A,https://www.lazada.com.ph/products/pdp-i4537875387.html
100W 200W 300W 400W 500W 600W 700W 800W 1KW Solar Panel for,"₱74,041.40",N/A,https://www.lazada.com.ph/products/pdp-i4840597396.html
A complete set of household 500W polycrystalline solar panel photovoltaic power generation system equipment outputs 220v3000 W pure strings.,"₱148,515.90",N/A,https://www.lazada.com.ph/products/pdp-i5298260309.html
"PC solar panels, durable panels, transparent resin tile carport, awning, sun room, sound insulation, plastic vegetable greenhouse, lighting panels.",₱772.29,N/A,https://www.lazada.com.ph/products/pdp-i4951405572.html
BLUETTI | Portable High Power Solar Panel 100W,"₱23,726.00",N/A,https://www.lazada.com.ph/products/pdp-i5412001035.html
28W Solar Panel 21% High Efficiency USB Output Foldable,"₱18,875.37",N/A,https://www.lazada.com.ph/products/pdp-i4876613273.html
"Brand-new single crystal 50W solar panels, power generation panels, battery panels, 18V photovoltaic power generation systems, charging panels, 12V household.","₱5,815.81",N/A,https://www.lazada.com.ph/products/pdp-i5073038975.html
Solar photovoltaic panel assembly monocrystalline silicon 275W400W540W600W power generation panel charging board factory outlet,"₱13,318.04",N/A,https://www.lazada.com.ph/products/pdp-i5038436975.html
Kini Magic Panel Series Solar Photovoltaic Panel 30W40W60W80W100W120W Outdoor Power Emergency Charging Household Outdoor Camping Folding Portable Camping 18V Portable Power Generation Universal,"₱12,971.30",N/A,https://www.lazada.com.ph/products/pdp-i4886267433.html
"Brand-new single crystal 50W solar panels, power generation panels, battery panels, 18V photovoltaic power generation systems, charging panels, 12V household.","₱5,815.81",N/A,https://www.lazada.com.ph/products/pdp-i4887287702.html
Solar panels 60W generator folding panels outdoor portable solar photovoltaic panels household rechargeable monocrystalline silicon 18V,"₱18,298.52",N/A,https://www.lazada.com.ph/products/pdp-i5129636778.html
Jackery | Portable Folding Photovoltaic Solar Panel 200w,"₱27,631.00",N/A,https://www.lazada.com.ph/products/pdp-i15409391061.html
Portable Solar Energy Kit - Two 1.7W Solar Panels,"₱20,955.83",N/A,https://www.lazada.com.ph/products/pdp-i5023327348.html
"Brand-new single crystal 50W solar panels, power generation panels, battery panels, 18V photovoltaic power generation systems, charging panels, 12V household.","₱5,815.81",N/A,https://www.lazada.com.ph/products/pdp-i5298336084.html
28W Solar Panel 21% High Efficiency USB Output Foldable,"₱18,875.37",N/A,https://www.lazada.com.ph/products/pdp-i5109469062.html
200W solar charging panel RV outdoor 12V mobile power portable rechargeable battery panel fast charging folding bag M,"₱6,632.23",N/A,https://www.lazada.com.ph/products/pdp-i4530706235.html
Spark Single Crystal 550W Solar Charging Panel Household Photovoltaic Power Generation High Power Off-grid Solar Panel,"₱17,258.30",N/A,https://www.lazada.com.ph/products/pdp-i4818998740.html
"500W solar panels, fishing boats, household outdoor 24V power station system, 12V charging bottle photovoltaic panels","₱23,720.30",N/A,https://www.lazada.com.ph/products/pdp-i5269645599.html
CHOETECH 19W portable solar panel charger camping RV outdoor Australia local postage,"₱30,150.79",N/A,https://www.lazada.com.ph/products/pdp-i5130627397.html
Brand-new 100W single crystal solar panel solar panel photovoltaic power generation system 12V household,"₱5,604.61",N/A,https://www.lazada.com.ph/products/pdp-i5303487794.html
"Solar panels, single crystal photovoltaic charging panels, off-grid 220V power supply, 12V36V power supply system for household appliances.","₱29,709.48",N/A,https://www.lazada.com.ph/products/pdp-i5256129675.html
Zhenghao 110W solar panel power panel outdoor camping folding portable charging [double-sided light absorption],"₱35,068.22",N/A,https://www.lazada.com.ph/products/pdp-i5019082655.html
"200w single crystal solar panels, battery panels, charging panels, power generation panels, photovoltaic systems, 12V for household monitoring.","₱27,187.72",N/A,https://www.lazada.com.ph/products/pdp-i4948049574.html
50w solar panels 12v photovoltaic panels polycrystalline single crystal solar solar charging panels,"₱5,248.41",N/A,https://www.lazada.com.ph/products/pdp-i5115578971.html
Brand-new 100W polysilicon solar photovoltaic panel 12V battery charging panel household 18V 200W,"₱8,810.40",N/A,https://www.lazada.com.ph/products/pdp-i5130165625.html
Brand-new 80W polycrystalline solar panel 12V battery straight to the power panel household 12V photovoltaic module.,"₱6,777.23",N/A,https://www.lazada.com.ph/products/pdp-i5151622912.html
Solar charging panel 100W/60W/30W portable folding panel mobile phone charging treasure fast charging photovoltaic panel,"₱10,796.28",N/A,https://www.lazada.com.ph/products/pdp-i5117304191.html
Brand-new solar panel single crystal 12V24 battery charging panel household photovoltaic module 300W 360W400w,"₱25,611.62",N/A,https://www.lazada.com.ph/products/pdp-i4931223691.html
Brand-new single-crystal solar panels Household 345W photovoltaic panels Full-power positive A-class photovoltaic panel module,"₱27,187.72",N/A,https://www.lazada.com.ph/products/pdp-i5069903995.html
Foreign trade clearance solar panels polycrystalline 100 watt solar panels photovoltaic generator household 12v charging.,"₱7,975.07",N/A,https://www.lazada.com.ph/products/pdp-i5097801887.html
Solar panels 100200400500 RV outdoor power portable photovoltaic charging panel fast charging folding bag,"₱31,884.50",N/A,https://www.lazada.com.ph/products/pdp-i5072591953.html
Songmo 120W solar panel folding bag portable high-power 60W/100W/300W outdoor mobile electricity,"₱41,055.83",N/A,https://www.lazada.com.ph/products/pdp-i4887812464.html
Brand-new 180W single crystal solar panel solar panel photovoltaic power generation system 12V household.,"₱12,277.82",N/A,https://www.lazada.com.ph/products/pdp-i4968842157.html
Longji photovoltaic panel Longji solar photovoltaic panel positive A single crystal 535w~585w photovoltaic power generation system,"₱34,122.56",N/A,https://www.lazada.com.ph/products/pdp-i4986211340.html
New 9-wire 300W single crystal solar panels solar panels charging panels photovoltaic panels solar panels,"₱37,091.62",N/A,https://www.lazada.com.ph/products/pdp-i5058528140.html
80W/100W200W photovoltaic panels for electric small two solar rechargeable panels are folded for outdoor camping.,"₱39,796.52",N/A,https://www.lazada.com.ph/products/pdp-i4927532934.html
Yushi portable solar panel 100w photovoltaic panel power generation system charging module camping outdoor power supply available.,"₱44,524.82",N/A,https://www.lazada.com.ph/products/pdp-i5102345588.html
Mobile solar panels 100W outdoor travel charging treasure power supply mobile phone fast charging folding bag solar charging board,"₱47,419.81",N/A,https://www.lazada.com.ph/products/pdp-i4891067633.html
Self-propelled folding solar charging panel portable 60W-400w outdoor mobile photovoltaic panels for vehicle use.,"₱43,516.12",N/A,https://www.lazada.com.ph/products/pdp-i5048091019.html
EcoFlow Zhenghao solar panels photovoltaic panels household outdoor camping folding portable charging,"₱49,730.05",N/A,https://www.lazada.com.ph/products/pdp-i5033590351.html
"10-plate crystal household multi-0-light solar panels for the V-boosting W project, 12v electricity and 24v single solar panels.","₱48,105.09",N/A,https://www.lazada.com.ph/products/pdp-i5135766322.html
100W 12V Monocrystalline Solar Panel 20pcs,"₱68,440.00",N/A,https://www.lazada.com.ph/products/pdp-i263057490.html
New 400W Single Crystal Photovoltaic Panel Household Solar Panel 12V24V Battery Charging Panel and Off-grid Assembly,"₱25,310.59",N/A,https://www.lazada.com.ph/products/pdp-i4823190666.html
12V photovoltaic solar panel single crystal complete solar outdoor monitoring system 100W24 household panel,"₱27,165.66",N/A,https://www.lazada.com.ph/products/pdp-i4985957498.html
Solar Panel light solar outdoor waterproof for flood/Ceiling/Street silicon panel with screws,"₱2,279.00",N/A,https://www.lazada.com.ph/products/pdp-i5369963034.html
New 400W Single Crystal Photovoltaic Panel Household Solar Panel 12V24V Battery Charging Panel and Off-grid Assembly,"₱25,310.59",N/A,https://www.lazada.com.ph/products/pdp-i4672725924.html
Solar panel system 220v household full set of panels 12 photovoltaic single crystal 300w200w100w50,"₱2,912.63",N/A,https://www.lazada.com.ph/products/pdp-i4579152827.html
Solar Charging Panel 6W 6V Fast Charging Solar Energy Panel with 4 USB Ports for Camping Cellphone,"₱1,865.45",N/A,https://www.lazada.com.ph/products/pdp-i5154052949.html
Longji photovoltaic panel solar module single crystal high-efficiency positive A single-sided double-sided 550 W 555W photovoltaic grid-connected power generation,"₱36,013.88",N/A,https://www.lazada.com.ph/products/pdp-i5058046533.html
BLUETTI | Portable Folding High-Power Solar Panel 200W,"₱41,494.50",N/A,https://www.lazada.com.ph/products/pdp-i15386632263.html
Songmo 120W solar panel folding bag portable high-power 60W/100W/300W outdoor mobile electricity,"₱41,055.83",N/A,https://www.lazada.com.ph/products/pdp-i4881835817.html
Jing 'ao Solar Power Panel Single Crystal High Power Positive A450-550w Photovoltaic Module Photovoltaic Panel Solar Panel,"₱38,220.42",N/A,https://www.lazada.com.ph/products/pdp-i5011904747.html
Outdoor power solar panels 200 watts high-power portable folding bag solar folding charging board,"₱32,546.46",N/A,https://www.lazada.com.ph/products/pdp-i4810493933.html
Solar charging panel mobile phone charging folding bag energy storage power charging 12v18 photovoltaic panel 40w solar panel,"₱12,183.25",N/A,https://www.lazada.com.ph/products/pdp-i5155522632.html
Solar photovoltaic panel RV roof system charging 12V24V lead-acid lithium battery panel standby power supply,"₱5,160.15",N/A,https://www.lazada.com.ph/products/pdp-i5018838599.html
18V monocrystalline silicon 30W80W120W180W300W photovoltaic panels solar panels charged with 12V batteries.,"₱10,638.68",N/A,https://www.lazada.com.ph/products/pdp-i5032194500.html
Solar photovoltaic panel RV roof system charging 12V24V lead-acid lithium battery panel standby power supply,"₱5,160.15",N/A,https://www.lazada.com.ph/products/pdp-i5299288515.html
340W 41V SUNRI Monocrystalline Solar Panel (10pc),"₱73,000.00",N/A,https://www.lazada.com.ph/products/pdp-i3364971116.html
545w Canadian Solar Panel Monocrystalline (10pcs),"₱76,000.00",N/A,https://www.lazada.com.ph/products/pdp-i3039403093.html
Foreign trade clearance solar panels polycrystalline 100 watt solar panels photovoltaic generator household 12v charging.,"₱7,975.07",N/A,https://www.lazada.com.ph/products/pdp-i4866438626.html
455w Canadian Solar Panel Monocrystalline (10pcs),"₱90,000.00",N/A,https://www.lazada.com.ph/products/pdp-i3034599336.html
Complete set of household solar power generation system equipment photovoltaic panel solar panel 1000W600W220V,"₱40,710.66",N/A,https://www.lazada.com.ph/products/pdp-i5121959116.html
Brand-new 100W polycrystalline solar panel solar panel street lamp photovoltaic power generation system 12V household,"₱8,904.96",N/A,https://www.lazada.com.ph/products/pdp-i5151688379.html
BLUETTI outdoor solar panel folding portable mobile monocrystalline silicon high-power light,"₱47,645.50",N/A,https://www.lazada.com.ph/products/pdp-i4953549765.html
BLUETTI outdoor solar panel folding portable mobile monocrystalline silicon high-power light,"₱47,645.50",N/A,https://www.lazada.com.ph/products/pdp-i5052696215.html
30W 5V Solar Panel With USB Waterproof Outdoor Hiking And Camping Portable Battery Mobile Phone Charging Bank Charging Panel,₱585.73,N/A,https://www.lazada.com.ph/products/pdp-i5364802627.html
200W solar panels household car outdoor camping folding bag 18V high efficiency monocrystalline silicon,"₱49,852.04",N/A,https://www.lazada.com.ph/products/pdp-i5109322766.html
Zhenghao EcoFlow【110W] Solar panels photovoltaic panels household outdoor camping folding portable charging,"₱57,102.10",N/A,https://www.lazada.com.ph/products/pdp-i4879944050.html
Brand-new single crystal 200W solar photovoltaic panel household 12/24V photovoltaic panel 100W,"₱9,546.12",N/A,https://www.lazada.com.ph/products/pdp-i4953433749.html
Solar charging panel 12v portable folding outdoor power supply power station traveling vehicle monocrystalline silicon photovoltaic panel,"₱60,191.26",N/A,https://www.lazada.com.ph/products/pdp-i5306316886.html
EcoFlow Zhenghao solar panels 110W/160W/220W/400W outdoor mobile power solar panels household outdoor camping folding portable charging board,"₱57,102.10",N/A,https://www.lazada.com.ph/products/pdp-i5154103381.html
380W500W450W480W solar panels 24V48V photovoltaic grid-connected panels for fishing boats.,"₱75,151.60",N/A,https://www.lazada.com.ph/products/pdp-i5048762308.html
200W solar panels household car outdoor camping folding bag 18V high efficiency monocrystalline silicon,"₱49,852.04",N/A,https://www.lazada.com.ph/products/pdp-i4797056464.html
200W Solar Panel,"₱49,883.56",N/A,https://www.lazada.com.ph/products/pdp-i4940150544.html
Photosynthetic silicon solar panels 12v24v charging panels monocrystalline silicon panels 450W household photovoltaic panels,"₱52,594.46",N/A,https://www.lazada.com.ph/products/pdp-i4945839426.html
Electric Xiaoer 80W solar panels photovoltaic panels household outdoor camping folding portable charging,"₱53,949.90",N/A,https://www.lazada.com.ph/products/pdp-i5008814552.html
Folding solar panels 400W 18v RV portable outdoor power battery fast charging photovoltaic panels,"₱53,350.98",N/A,https://www.lazada.com.ph/products/pdp-i5057721121.html
Trina 450W545W Spark 540W Single Crystal Solar Panel Household Photovoltaic Panel 24V Battery,"₱48,771.47",N/A,https://www.lazada.com.ph/products/pdp-i5073524376.html
EcoFlow Zhenghao solar panels photovoltaic panels household outdoor camping folding portable charging,"₱57,102.10",N/A,https://www.lazada.com.ph/products/pdp-i5073081457.html
ECOFLOW Zhenghao outdoor power supply solar high-power generating panel 110W/160W/220W photovoltaic panel,"₱53,949.90",N/A,https://www.lazada.com.ph/products/pdp-i5152852005.html
500W solar panels Outdoor fishing boats Household 24V power station system 12V charging bottle photovoltaic panels,"₱57,133.62",N/A,https://www.lazada.com.ph/products/pdp-i5154549259.html
Anker 100W outdoor power supply solar panel photovoltaic power generation household outdoor folding charger,"₱63,406.50",N/A,https://www.lazada.com.ph/products/pdp-i5114620708.html
Bull solar charging board 100w photovoltaic panels household outdoor power camping folding portable charging,"₱56,503.18",N/A,https://www.lazada.com.ph/products/pdp-i4890084358.html
12v solar charging panel power generation system household photovoltaic panel portable folding emergency battery.,"₱53,949.90",N/A,https://www.lazada.com.ph/products/pdp-i5117503873.html
100W Solar Panel ETFE Flexible Panels Solar PV,"₱59,790.93",N/A,https://www.lazada.com.ph/products/pdp-i5038536793.html
Lvlian outdoor power supply 100/200W solar panels monocrystalline silicon photovoltaic panels camping charging home,"₱57,102.10",N/A,https://www.lazada.com.ph/products/pdp-i4986213854.html
Solar charging panel 12v portable folding outdoor power supply power station traveling vehicle monocrystalline silicon photovoltaic panel,"₱60,191.26",N/A,https://www.lazada.com.ph/products/pdp-i5021501776.html
"Solar panels, 220V household lithium battery integrated machine, full set of small generator photovoltaic power generation system.","₱65,329.34",N/A,https://www.lazada.com.ph/products/pdp-i5163835381.html
100W Solar Panel ETFE Flexible Panels Solar PV,"₱61,013.98",N/A,https://www.lazada.com.ph/products/pdp-i5157647915.html
600-1000W solar photovoltaic panel 24V outdoor fishing boat house truck household 12V rechargeable bottle battery,"₱72,264.18",N/A,https://www.lazada.com.ph/products/pdp-i5152951665.html
Zhenghao solar panel EcoFlow battery photovoltaic panel household outdoor camping waterproof folding portable charging,"₱66,180.44",N/A,https://www.lazada.com.ph/products/pdp-i4931493146.html
12V 20W Solar Panels with 2000W Inverter 12V 24V to 220V 11,"₱70,367.19",N/A,https://www.lazada.com.ph/products/pdp-i4791069540.html
Folding solar charging panel photovoltaic panel 12V24V solar panel flexible solar panel generator,"₱59,655.38",N/A,https://www.lazada.com.ph/products/pdp-i5163693639.html
Zhenghao solar panel EcoFlow battery photovoltaic panel household outdoor camping waterproof folding portable charging,"₱66,180.44",N/A,https://www.lazada.com.ph/products/pdp-i5042783169.html
Postage polycrystalline 300W solar panels photovoltaic modules Solar panels can be charged with 12V/24V batteries.,"₱66,275.00",N/A,https://www.lazada.com.ph/products/pdp-i4953054917.html
470watts Jinko Mono Solar Panel (10pcs),"₱93,000.00",N/A,https://www.lazada.com.ph/products/pdp-i3345354024.html
Xingzhaolan monocrystalline silicon solar folding package 18V photovoltaic panels 100W-200W bed car solar panels,"₱67,472.84",N/A,https://www.lazada.com.ph/products/pdp-i5270091885.html
Solar panels 200W400W500W RV outdoor power portable photovoltaic charging panel fast charging folding bag,"₱75,983.78",N/A,https://www.lazada.com.ph/products/pdp-i5109387902.html
Solar panels 900W24V36V outdoor RV charging panel portable single crystal photovoltaic fast charging folding bag,"₱100,003.54",N/A,https://www.lazada.com.ph/products/pdp-i5058528311.html
High-power portable folding solar rechargeable panels 200W300W RV outdoor 500W photovoltaic panels,"₱95,870.38",N/A,https://www.lazada.com.ph/products/pdp-i5073822674.html
. 48V60V72V electric vehicle solar panel charging panel on-board boost control photovoltaic panel power generation system,"₱88,529.54",N/A,https://www.lazada.com.ph/products/pdp-i5057013991.html
Spark Single Crystal 550W Solar Charging Panel Household Photovoltaic Power Generation High Power Off-grid Solar Panel,"₱91,970.12",N/A,https://www.lazada.com.ph/products/pdp-i4524926420.html
80W500W450W480W solar panels 24V48V photovoltaic grid-connected panels for fishing boats.,"₱128,530.96",N/A,https://www.lazada.com.ph/products/pdp-i5134931615.html
EcoFlow Zhenghao solar panels photovoltaic panels household outdoor camping folding portable charging,"₱94,928.50",N/A,https://www.lazada.com.ph/products/pdp-i5057896979.html
A complete set of household 500W polycrystalline solar panel photovoltaic power generation system equipment outputs 220v3000 W pure strings.,"₱148,515.90",N/A,https://www.lazada.com.ph/products/pdp-i5123771100.html
Magic bear solar panel folding portable mobile monocrystalline silicon 160W photovoltaic generator home camping self-driving.,"₱76,009.00",N/A,https://www.lazada.com.ph/products/pdp-i4897276734.html
EcoFlow Zhenghao solar panels photovoltaic panels household outdoor camping folding portable charging,"₱94,928.50",N/A,https://www.lazada.com.ph/products/pdp-i4847780889.html
Zhenghao solar panel EcoFlow battery photovoltaic panel household outdoor camping waterproof folding portable charging,"₱109,113.40",N/A,https://www.lazada.com.ph/products/pdp-i5189557653.html
Knight Cole FSP100 solar charging panel 100W photovoltaic panels home outdoor camping folding portable,"₱78,568.58",N/A,https://www.lazada.com.ph/products/pdp-i5021498226.html
Zhenghao EcoFlow/ solar panel EcoFl anti-wo battery photovoltaic panel household outdoor camping water folding,"₱120,190.86",N/A,https://www.lazada.com.ph/products/pdp-i5189517585.html
Folding solar charging panel outdoor power supply 100W200 300W500W12V24 solar panel power generation panel,"₱82,244.37",N/A,https://www.lazada.com.ph/products/pdp-i5125911990.html
Zhenghao solar panels 160W photovoltaic panels household car camping folding portable charging,"₱120,114.58",N/A,https://www.lazada.com.ph/products/pdp-i5117144969.html
Folding solar charging 0W solar folding cladding outdoor single crystal 30 RV solar panel power generation system,"₱85,913.21",N/A,https://www.lazada.com.ph/products/pdp-i4820734270.html
Zhenghao EcoFlow/ solar panel EcoFl anti-wo battery photovoltaic panel household outdoor camping water folding,"₱120,190.86",N/A,https://www.lazada.com.ph/products/pdp-i5064234579.html
Electric Xiaoer 200w solar panel solar charging photovoltaic car outdoor camping household high conversion rate,"₱84,872.98",N/A,https://www.lazada.com.ph/products/pdp-i5165391867.html
Lvlian outdoor power supply 100W solar panels household outdoor camping 100W photovoltaic panels folding stool,"₱94,928.50",N/A,https://www.lazada.com.ph/products/pdp-i5097682992.html
"Renogy 80W/120W/220W Portable Solar Panel for Power Station, 12V Foldable Solar Panel for Camping RV of 23.5% Efficiency Mono Solar Module, with IP67 etfe Lamination, Adjustable Kickstand for Off Grid","₱7,999.00",N/A,https://www.lazada.com.ph/products/pdp-i15461092810.html
30W Solar Panel for Security Camera Waterproof Solar Charging Panel 360°Adjustable Mounting 9.8Ft Charging Cable Solar Panel,₱801.39,N/A,https://www.lazada.com.ph/products/pdp-i15423470850.html
80x45mm 5V 75mA Solar Panel Drop Glue Board DIY Solar Silicon Panels Board Polycrystalline Garden Light Power Accessories,₱119.79,N/A,https://www.lazada.com.ph/products/pdp-i15463560267.html
4/6-Fold 100W 80W 60W Foldable Solar Panel USB 5V Solar Charger Portable Solar Cell for Camping Hiking Car,₱891.22,N/A,https://www.lazada.com.ph/products/pdp-i5356090602.html
"5V 5W/10W Portable Solar Panel USB Outdoor Micro Solar Panel Quick Charger Suitable for mobile phones, outdoor travelling",₱420.57,N/A,https://www.lazada.com.ph/products/pdp-i4346656137.html
1-5PCS 0.3W 5V Solar Epoxy Panels with Wire Mini Solar System DIY Polysilicon Boards,₱414.14,N/A,https://www.lazada.com.ph/products/pdp-i5360142358.html
【Beauroom】Compact Solar Charger Controller with 3A Output Dual USB output 3A step-down module [New Products Hot Sale],₱132.00,N/A,https://www.lazada.com.ph/products/pdp-i5225620664.html
Automatic Solar Panel Battery Charger Board Street Light Night Light Switch Circuit Board Charging Controller,₱59.00,N/A,https://www.lazada.com.ph/products/pdp-i3896179270.html
"Flashfish Solar Generator 300W Power Station with Solar Panel, LiFePO4 Battery Backup 220V 60hz AC/DC/USB Outputs for Emergency Outage, Camping Portable Power Supply for Home","₱11,999.00",N/A,https://www.lazada.com.ph/products/pdp-i15417103649.html
3W Solar Panels Charger with 5 TYPE USB CABLE for Camping for cellphone Charging 【Local delivery】,₱173.00,N/A,https://www.lazada.com.ph/products/pdp-i15483504259.html
【Full In 10s】Portable Solar Generator 500W 220V Fast Charging Power Station Outdoor Portable USB DC AC Output Solar Input Generator Station Original Solar Panels Travel Camping Home Backup Emergency Power,"₱2,849.00",N/A,https://www.lazada.com.ph/products/pdp-i5167674264.html
Flowatt Solar Charge Controller 30A 10A 20A 60A Solar Panel 12V 24V Solar Battery Charger LCD Solar Panel solar charger controller Controller Regulator for Max PWM 50V PV Lnput RBL Lead Acid Battery With Dual USB Port,₱120.00,N/A,https://www.lazada.com.ph/products/pdp-i4397425891.html
"【Upgrade】LAIRTPOW 100A 80A 60A MPPT Solar Controller With Backlit LCD, 12V/24V/36V/48V AUTO, Wide Battery Compatibility, 1200W Max，Battery Voltage/Capacity Display, Blue","₱1,050.00",N/A,https://www.lazada.com.ph/products/pdp-i5205982593.html
【Fast delivery】 5V 5W Portable Solar Panel with USB Safe Charging Stabilizer Battery Charger,₱244.00,N/A,https://www.lazada.com.ph/products/pdp-i5018318415.html
Solar Generators With Solar Panel set 3000W Solar Power Inverter DC 12V to AC 220V Solar battery Panel 100A Solar Charge Controller for home all appliances,"₱1,359.00",N/A,https://www.lazada.com.ph/products/pdp-i2905589039.html
5000W 6000W 8000W Pure Sine Wave Inverter DC 12V 24V To AC 220V Off Grid Inverter Portable Converter Solar Car Inverter Transformer,"₱7,429.40",N/A,https://www.lazada.com.ph/products/pdp-i3699708845.html
"MC4 DESIGN 100W solar panel 12 Volt High-Efficiency Monocrystalline Module PV Power for Motorhome, Boat, Caravan, Campervan and Off-Grid Applications","₱2,630.00",N/A,https://www.lazada.com.ph/products/pdp-i4683257975.html
Cable Connector MC4 Branch Y3/Y4/Y5 T3/T4/T5 Adapter Connectors M/M/F and F/F/M For Solar Panels,₱163.90,N/A,https://www.lazada.com.ph/products/pdp-i4443400553.html
10 Inch 3t Trimmer Mower Blade 3 Tooth Steel Brush Blade Trimmer Accessory Suitable For Changing The Blade Of Trimmer And Weeder (Black),₱108.00,N/A,https://www.lazada.com.ph/products/pdp-i2344882141.html
Mini Solar Panel Portable Battery Mobile Phone Charging Bank Solar Battery Charger for Outdoor Camping Phone Charger,₱214.00,N/A,https://www.lazada.com.ph/products/pdp-i15404721240.html
【Undine SHOP】 Xiaomi Outdoor Camera Solar Panel (BW Series),"₱1,327.30",N/A,https://www.lazada.com.ph/products/pdp-i5074303704.html
Durable Brush Cutter Blade Manganese Steel Rectangle Grass Cutter Blade For Softer Weeds Fishweed,₱138.00,N/A,https://www.lazada.com.ph/products/pdp-i15387981132.html
[COD] CHENJ 10W 5V Solar Panel Waterproof Portable Dual USB Charger Outdoor Camping Solar Power Bank Battery Charging Plate,₱574.75,N/A,https://www.lazada.com.ph/products/pdp-i15440210026.html
12V Solar Panel Kit Complete 30W Power Portable Outdoor Rechargeable Solar Cell Generator for Home,₱556.40,N/A,https://www.lazada.com.ph/products/pdp-i5402864991.html
JCSYFAC YINGRAN New 6v 100ma 0.6w epoxy solar panel photovoltaic polycrystalline cell charger,₱114.18,N/A,https://www.lazada.com.ph/products/pdp-i15417870111.html
5W 5V Solar Charger Type-c Portable Power Bank Panel for Phone USB Devices Security Camera Camping Emergency Power Outage Backup,₱288.71,N/A,https://www.lazada.com.ph/products/pdp-i5399161682.html
[LIXIAOJU] New 6v 100ma 0.6w epoxy solar panel photovoltaic polycrystalline cell charger,₱152.55,N/A,https://www.lazada.com.ph/products/pdp-i5202106873.html
【Beauroom】 12V 10W Outdoor Solar Panel with Clips Perfect for Convenient Battery Charging [New Products Hot Sale],₱363.00,N/A,https://www.lazada.com.ph/products/pdp-i5194002813.html
Kavolet Solar Charging Panel Outdoor Garden Lamp 4W Solar Battery Panel with DC Interface for 3.7V Battery,₱316.60,N/A,https://www.lazada.com.ph/products/pdp-i5254140117.html
【Exclusive Discount】 Solar Panel 2v 5v 6v 9v 12v Mini Solar System Diy For Cell Phone Chargers Portable Solar Cell 0.23w 0.6w 0.8w 1w 1.5w 3w,₱262.30,N/A,https://www.lazada.com.ph/products/pdp-i5377588524.html
Portable Solar Panel 31V Waterproof Remote USB String Lights Solar Panel Tools & Home Improvement for Garden Outdoor Farm Tent,₱256.93,N/A,https://www.lazada.com.ph/products/pdp-i15432220669.html
600W Solar Panel Kit Complete 12V Polycrystalline USB Power Portable Outdoor Rechargeable Solar Cell Solar Generator for Home,₱905.46,N/A,https://www.lazada.com.ph/products/pdp-i4448465162.html
1Pc Solar Panel 5V 60MA For Mini Solar Panel Charging And Generating Electricity,₱116.30,N/A,https://www.lazada.com.ph/products/pdp-i15437660537.html
Solar Panel with Remote Control 1200mAh Solar Panel Control Box for Outdoor Indoor LED String Lamp Garden Street Camping Light,₱331.63,N/A,https://www.lazada.com.ph/products/pdp-i15397074650.html
WGBFEIZHUXIANSEN | 6V Solar Panel System for RV Home Outdoor Power Generation,₱322.88,N/A,https://www.lazada.com.ph/products/pdp-i5380439386.html
2W 5V Solar Panel with DC Port Polycrystalline Silicon Solar Cell DIY Waterproof Camping Portable Power Solar Panel Compatible,₱350.92,N/A,https://www.lazada.com.ph/products/pdp-i15407891060.html
100W Crystal silicon Solar Panel Folding Portable Charger IP65 Waterproof USB Solar Power Charger Lightweight Outdoor Power,₱737.20,N/A,https://www.lazada.com.ph/products/pdp-i15412302772.html
1000W Solar Panel 12-18V Solar Cell Solar Panel for Phone RV Car MP3 PAD Charger Outdoor Battery Supply,₱795.50,N/A,https://www.lazada.com.ph/products/pdp-i3072058886.html
High Performance Monocrystalline Solar Panel 10-660W,"₱2,946.00",N/A,https://www.lazada.com.ph/products/pdp-i15464211060.html
10W 5V Solar Panel Kit 2in1 Type-C Solar Panels Outdoor Solar Cells Chargerfor Security Camera/Small Home Light System,₱412.94,N/A,https://www.lazada.com.ph/products/pdp-i5308575242.html
Solar Panel 4V 0.2W Mini 2-Wire Epoxy 8 Outdoor Travel Waterproof Rechargeable Cells for Solar Projects 3x1 inch,₱233.03,N/A,https://www.lazada.com.ph/products/pdp-i15463566483.html
1Pc Solar Panel 5V 60MA For Mini Solar Panel Charging And Generating Electricity,₱137.97,N/A,https://www.lazada.com.ph/products/pdp-i5379229485.html
1pcs USB Foldable Solar Panel Portable Flexible Small Waterproof 5V Folding Solar Panels Cells For Mobile Phone Battery Charger,₱424.57,N/A,https://www.lazada.com.ph/products/pdp-i5295441348.html
3W 2V Battery Charger Solar Panel Polycrystalline Solar Panel Lightweight Scratchproof Courtyard Lighting DIY Charger Supplies,₱240.32,N/A,https://www.lazada.com.ph/products/pdp-i15464991663.html
10W 5V Solar Panel USB/Type-C/Micro USB/DC Port for Security Camera/Small Home Light System Outdoor Solar Cells Charger Powered,₱709.47,N/A,https://www.lazada.com.ph/products/pdp-i15429805699.html
1.5W 5V Solar Cell Panel Phone Power Bank Mini Solar Panel Kit Solar Charging Panel for 3.6-5V Tablet Panel Solar /Lights,₱288.95,N/A,https://www.lazada.com.ph/products/pdp-i15465189206.html
TOMSHOO Mini Solar Panel High Efficiency Solar Panel Compact for Outdoor Activities,₱158.83,N/A,https://www.lazada.com.ph/products/pdp-i15495631219.html
ECOFLOW 110W/160W/220W Bifacial/Single Side Foldable Solar Panel for Power Station Complete with Adjustable Kickstand Waterproof IP68 & Durable for Off The Grid Living Ready Stock PH,"₱16,599.00",N/A,https://www.lazada.com.ph/products/pdp-i15446065296.html
"15V 10W Flexible Solar Panel DC+ USB Out Ports, Polycrystalline Silicon Cells, Portable for Outdoor Camping, Hiking & Travel",₱455.00,N/A,https://www.lazada.com.ph/products/pdp-i15498745807.html
Design and Construction of Industrial and Commercial Photovoltaic Power Generation System in Shanghai; Installation of Solar Photovoltaic Panel Roof,"₱5,122.32",N/A,https://www.lazada.com.ph/products/pdp-i5073743230.html
【Y2E2noa】 1Pc Solar Panel 5V 60MA For Mini Solar Panel Charging And Generating Electricity,₱47.62,N/A,https://www.lazada.com.ph/products/pdp-i15457774934.html
3.3W GD-10X High Quality GDPLUS SOLAR PANEL,₱239.00,N/A,https://www.lazada.com.ph/products/pdp-i2831107028.html
400W semi-flexible solar panel soft roof electric car RV car charging 12V24V battery charging,"₱3,672.31",N/A,https://www.lazada.com.ph/products/pdp-i4864122445.html
Flexible Solar Panel for Vehicle Charging 200W,"₱3,007.00",N/A,https://www.lazada.com.ph/products/pdp-i15465297235.html
300w semi-flexible solar panel 12V RV charger 2mm monocrystalline silicon for marine vehicles.,"₱3,703.84",N/A,https://www.lazada.com.ph/products/pdp-i5057352830.html
2W 5V Solar Panel Charger for Polycrystalline 88x142mm,₱549.00,N/A,https://www.lazada.com.ph/products/pdp-i2868027296.html
CL-680 8W Solar Panels Charge Any Mobile Phone,₱375.00,N/A,https://www.lazada.com.ph/products/pdp-i2045356110.html
5V solar panel with battery monitoring outdoor dedicated power generation board,₱518.00,N/A,https://www.lazada.com.ph/products/pdp-i4867275309.html
Solar Panel Charger 12V 16W Can charge any mobile & any battery under 12V BS-1216 with clip cable smart chip UBS cable,₱629.00,N/A,https://www.lazada.com.ph/products/pdp-i4094181260.html
"SOREIN 200W/400W Portable Solar Panel, Foldable & Durable, Complete with an Adjustable Kickstand Case, Waterproof IP67 for Outdoor Adventures","₱16,319.00",N/A,https://www.lazada.com.ph/products/pdp-i15460923563.html
5W 12V Portable Solar Panel Waterproof Solar Charging Panel DIY Polysilicon Solar Epoxy Cell Charger for 9-12V Battery Charging,₱529.36,N/A,https://www.lazada.com.ph/products/pdp-i15461379827.html
"ECOFLOW125W Solar Panels, 500W Bifacial Rigid Modular Solar Panel Up to 25% Efficiency with IP68 Waterproof Rate, Adjustable Support and Solar Angle Guide for Camping, RVs & Home","₱14,399.04",N/A,https://www.lazada.com.ph/products/pdp-i15459733666.html
5W 12V Solar Cell Waterproof Solar Charging Panel DIY Polysilicon Solar Epoxy Cell Charger for Lamp Fan Pump for Outdoor Camping,₱402.65,N/A,https://www.lazada.com.ph/products/pdp-i15458019664.html
8W 18V Portable Solar Panel Waterproof Mini Small Solar Panel Module with Clip Solar Battery Charger for 12-18V Battery Charging,₱543.80,N/A,https://www.lazada.com.ph/products/pdp-i15449166655.html
Portable Solar Panel Controller Solar Kit Monocrystalline Silicon High Output Efficiency Solar Panel for RV Outdoor Camping,₱748.07,N/A,https://www.lazada.com.ph/products/pdp-i15437873637.html
20W-1000W Solar Panel 12V Solar Cell 60A 100A Controller Solar Panel for Phone RV Car MP3 PAD Charger Outdoor Battery Supply,₱946.50,N/A,https://www.lazada.com.ph/products/pdp-i15461449222.html
Solar Panel 30W USB Type-C Waterproof Outdoor Hiking Camping Portable Battery Mobile Phone Charging Bank Charging Panel 6.8V,₱447.66,N/A,https://www.lazada.com.ph/products/pdp-i5169252878.html
20W Solar Panel Charger with 3-meter Charging Wire Portable Solar Panel DC3.5x1.35-port 360 Rotating for Outdoor Security Camera,₱779.34,N/A,https://www.lazada.com.ph/products/pdp-i15461022678.html
500W1000W Solar Panel Kit Complete 12V Polycrystalline Power Portable Outdoor Rechargeable Solar Cell Solar Generator for Home,"₱1,333.18",N/A,https://www.lazada.com.ph/products/pdp-i5282946393.html
Solar Panel 12V Portable Solar Cell Outdoor Rechargeable Solar Kit Household Solar Generator Solar Charger RV Power Supply,₱811.03,N/A,https://www.lazada.com.ph/products/pdp-i5266979724.html
2W 12V Solar Panel Small Power Emergency Panels 110X136MM Outdoor Solar Cell Waterproof Solar Plate for Fans Outdoor Lamp Pump,₱361.86,N/A,https://www.lazada.com.ph/products/pdp-i15458916942.html
【HOT SALE】 1pcs Sunyima 6v 15w 20w 25w Monocrystalline Glass Solar Panel High Efficiency Charging Control Auto Panel,"₱2,800.67",N/A,https://www.lazada.com.ph/products/pdp-i4483827005.html
5V 6W Solar Panel IP65 Waterproof Camera Solar Panel 360°Adjustable Mounting 9.2 Ft Charging Cable for Eufycam 3/3C/2/2C/2 Pro,₱633.75,N/A,https://www.lazada.com.ph/products/pdp-i15437834358.html
Solar Panel 30W USB Type-C Waterproof Outdoor Hiking Camping Portable Battery Mobile Phone Charging Bank Charging Panel 6.8V,₱310.70,N/A,https://www.lazada.com.ph/products/pdp-i5308577504.html
600 Watts Solar Panel Kit Monocrystalline Silicon Solar Battery Charger with 100A Controller and Battery Clip for RV Outdoor,₱898.09,N/A,https://www.lazada.com.ph/products/pdp-i15437387847.html
"1PCS Portable Solar Charger/USB Output/Solar Panel for Camping, Travel, Home, Office, Car/Phone, Laptop, Tablet, Flashlight, Fan/Compact Solar Power Bank/Solar Charger Portable/Camping Essentials/Durable Construction",₱853.21,N/A,https://www.lazada.com.ph/products/pdp-i15415551653.html
Portable Space Heater 30W Solar Panel Heater Monocrystalline Silicon Solar Panel for Outdoor Solar Panel Portable Space Heater,"₱1,348.64",N/A,https://www.lazada.com.ph/products/pdp-i15443164199.html
Polycrystalline 100W Solar Panel Dual Output Intelligent Controller 12V-24V Waterproof USB Solar Panel For Car RV Boat Outdoor,"₱1,031.92",N/A,https://www.lazada.com.ph/products/pdp-i15439311232.html
2/3/5Pcs 3W 5V Portable Solar Panel Charging Panel Photovoltaic Cells Solar Plate for 3.7V Battery 3-5V Battery/Phone Charger,₱391.20,N/A,https://www.lazada.com.ph/products/pdp-i15437084821.html
USB Solar Panel Portable 7.8W 6V 1300mA Solar Panel with Suction Cup for Travel Camping Hiking solar panel camping,₱421.44,N/A,https://www.lazada.com.ph/products/pdp-i5406100884.html
"New Solar Panel Portable For Fast Phone Charging,Outdoor Mini Solar Charger Outdoor Portable Solar Cell Plate",₱315.28,N/A,https://www.lazada.com.ph/products/pdp-i15444708060.html
SOECOPO 400W Solar Panel Kit 2 Foldable 18V Panels Camping Comes with A Free 100A Controller & 5V USB Ports for Easy Charging.,"₱2,552.21",N/A,https://www.lazada.com.ph/products/pdp-i5346830239.html
"Original ECOFLOW 28W Foldable Solar Panel, Portable Solar Charger with USB Ports for iPhone, Android, iPad, Outdoor Camping Gear","₱5,486.22",N/A,https://www.lazada.com.ph/products/pdp-i15443217297.html
1000W Foldable Solar Panel Kit Complete Portable Solar Power Station 18V Generator Charger for Car Boat Caravan Camping Outdoor,"₱2,480.88",N/A,https://www.lazada.com.ph/products/pdp-i15432021770.html
300W Solar Panel Kit Portable Power RV Monocrystalline Boat Flexible Battery 12V,"₱1,796.20",N/A,https://www.lazada.com.ph/products/pdp-i2962794462.html
20W Solar Panel for Ring Doorbell 9.8Ft Charging Cable Solar Panel Charger Solar Panel Kit for Ring Video Doorbell 4/3/3 Plus/2,₱635.54,N/A,https://www.lazada.com.ph/products/pdp-i5368067385.html
BUY 1 TAKE 1 Smart Weather Net Japan Black Weather Net Water Proof Net Shade Outdoor Smart Weather Net Water Proof Sunshade Outdoor Waterproof Fado Multifunction Weather Net Net For Green House Gardening Anti Uv Sunshade Net Outdoor,₱119.00,N/A,https://www.lazada.com.ph/products/pdp-i3134017080.html
AK | Portable Solar Panel Charger 18V,"₱2,494.00",N/A,https://www.lazada.com.ph/products/pdp-i15432951215.html
BUY1 TAKE1 Smart Weather Net Free 5M rope Japan Black Weather Net Water Proof Net Shade Outdoor BUY 1 TAKE 1 Smart Weather Net Water Proof Sunshade Outdoor Waterproof Multifunction Weather Net Net For Green House Gardening Anti Uv Sunshade Net Outdoor#ZYW,₱38.00,N/A,https://www.lazada.com.ph/products/pdp-i4766773797.html
5V 2W Portable Solar Panel With USB Safe Charging Stabilizer Battery Charger,₱199.00,N/A,https://www.lazada.com.ph/products/pdp-i15495977978.html
【0 Electricity Bill】Folding Solar Panel 30W/45W/60W/100W Emergency Outdoor Portable USB Charge Foldable Solar Panel Charger 18V 200W Portable High Output Solar Charger Outdoor Power,"₱2,299.00",N/A,https://www.lazada.com.ph/products/pdp-i15488113753.html
All-in-One 6000W Solar Generator: 600W Panel + MPPT Controller & Dual Voltage Inverter (110V/220V) for Home & RV & Camping,"₱4,431.27",N/A,https://www.lazada.com.ph/products/pdp-i5273655244.html
240Wh River 2 Portable Power Station Solar Generator with LiFeP04 Quick Charge in 1 Hour Up to 500 W Power for Emergency Power Camping Motor Homes Home,"₱2,957.53",N/A,https://www.lazada.com.ph/products/pdp-i15449308527.html
CST ENERGY 200W Solar Panel IP67 Waterproof High Efficiency 12/24 Vlots Household Solar Panel,"₱4,599.00",N/A,https://www.lazada.com.ph/products/pdp-i15472877075.html
PowMr MPPT 4.2kw/6.2kw/10.2kw On-Grid/Off-Grid hybrid inverter 24Vdc/48Vdc 230VAC PV Panel Input 500vdc Pure Sine Wave Solar Inverter 120A Solar Controller RGB Light,"₱18,000.00",N/A,https://www.lazada.com.ph/products/pdp-i4346324683.html
8W 5V Portable Solar Battery Charger Type-C Output 1600MA Solar Portable Charging Panel Scratchproof 3V-5V Mobile Phone Chargers,₱554.44,N/A,https://www.lazada.com.ph/products/pdp-i15493466148.html
Solar Panel Monocrystalline Solar Cell Mono 12V/18V 10W/15W/20W/30W/50W Waterproof Polycrystalline,₱523.00,N/A,https://www.lazada.com.ph/products/pdp-i15446460667.html
MPPT Automatic Universal Solar Controller,₱686.00,N/A,https://www.lazada.com.ph/products/pdp-i15418442387.html
800W Solar Panel Portable Folding Bag USB+DC Output Solar Charger Outdoor Power Supply for Home Mobile Phone Power Generator,"₱2,228.62",N/A,https://www.lazada.com.ph/products/pdp-i15497654577.html
LairtPow ZXY-T200W Portable 200W Solar Panel 18V 11A for Bluetti/Jackery/E-F/Uapow/DJI/Segway Power Station etc.,"₱11,000.00",N/A,https://www.lazada.com.ph/products/pdp-i5408009018.html
Power Inverter DC 12V To AC 220V Fully Automatic Solar Current Conversion Modified Sine Wave Inverter High Frequency 220W with 2.4A Dual USB Port As A Emergency Equipment for Car Travel Fishing Outdoor,₱292.00,N/A,https://www.lazada.com.ph/products/pdp-i4550725649.html
"5W 10W 30W MINI 60W Solar panel USB 5V portable solar charger, suitable for mobile phones, outdoor use, powered by solar energy",₱479.87,N/A,https://www.lazada.com.ph/products/pdp-i15432384009.html
Camouflage 100W Foldable Solar Panel 5V USB Portable Folding Bag for Cell Phone Outdoor Waterproof Power Bank for Camping Hiking,₱790.94,N/A,https://www.lazada.com.ph/products/pdp-i5276453311.html
Solar Panel 150W 300W Solar Charging Panel Multifuncitional and Portable generator Outdoor Solar Energy Complete Battery,₱959.00,N/A,https://www.lazada.com.ph/products/pdp-i4297200530.html
"BLUETTI PV100 100W Foldable Solar Panel High Efficient Power Charger with IP67 Water and Dust Resistance, ETFE Coating, Universal MC4 Interface for Home Electronics, Power Supply, Emergency, RV & Camping | JG Superstore","₱12,680.00",N/A,https://www.lazada.com.ph/products/pdp-i5343296909.html
Dokio 100W (2Pcs x 50W) Foldable Solar Panel China Pannello Solare USB Controller Solar Battery Cell/Module/System Charger,"₱5,703.40",N/A,https://www.lazada.com.ph/products/pdp-i4832485329.html
JJT Outdoor Waterproof Solar USB Charger with Multi-Crystalline Panel for Portable Power Supply,₱172.00,N/A,https://www.lazada.com.ph/products/pdp-i15463808142.html
Brand-new solar module photovoltaic panel factory outlet 130W-550W.,"₱8,274.52",N/A,https://www.lazada.com.ph/products/pdp-i5018735822.html
【Latest model】5W 5V ETFE Solar Panel Charger Type-C Output Solar Power Bank for Mobile Phone Security Camera Courtyard Streetligh,₱511.00,N/A,https://www.lazada.com.ph/products/pdp-i15442718797.html
YEYINGWEISHI | 5V Solar Panel for Surveillance Camera,"₱1,122.00",N/A,https://www.lazada.com.ph/products/pdp-i15448557000.html
Eco Solar Charger 3W6V USB Outdoor Solar Panel for Mobile Phones Smart Home Devices Camping and Sustainable Living,₱209.00,N/A,https://www.lazada.com.ph/products/pdp-i5277881555.html
12V Solar Panel Kit Complete 30W Power Portable Outdoor Rechargeable Solar Cell Generator for Home,₱585.80,N/A,https://www.lazada.com.ph/products/pdp-i5216479144.html
12V Solar Panel Kit Complete 30W Power Portable Outdoor Rechargeable Solar Cell Generator for Home,₱565.80,N/A,https://www.lazada.com.ph/products/pdp-i5183866381.html
【Weliba】 600W 18V Solar Panel for Reliable Off-Grid Energy For RV and Remote Sites [New Home Products Hot Sale],₱807.00,N/A,https://www.lazada.com.ph/products/pdp-i15454626296.html
600 Watt Solar Panel Kit with 100A Controller for RV and OffGrid Camping Power,"₱1,301.00",N/A,https://www.lazada.com.ph/products/pdp-i15462598073.html
CL-680 8W Solar Panels Charge Any Mobile Phone,₱375.00,N/A,https://www.lazada.com.ph/products/pdp-i4010302539.html
10W Polysilicon Solar Panel Set Solar Panel and Solar Recharge Controller Kit For Camping Traveling Car MobilePhone Outdoor Emergency Power Accessory,"₱1,572.00",N/A,https://www.lazada.com.ph/products/pdp-i4581533771.html
6W 5V Shingled Solar Panel 24% Efficiency Solar Cell Panel Micro USB & USB-C Port Solar Panel Kit for Phone iPad Outdoor Use,₱706.50,N/A,https://www.lazada.com.ph/products/pdp-i15427998654.html
Portable Solar Panel 18V 20W Dual USB Charging Port + DC5521 Battery Clamp Interface,"₱1,572.00",N/A,https://www.lazada.com.ph/products/pdp-i3435084679.html
Fityle Solar Panel Solar Powered Charger USB 15W Battery Charger for Hiking Car Outdoor,₱804.22,N/A,https://www.lazada.com.ph/products/pdp-i2634311279.html
TOUGLESY Multicrystalline Solar Energy Conversion Foldable Drip Resin Board DIY Photovoltaic Panel Battery Charging Module,₱94.00,N/A,https://www.lazada.com.ph/products/pdp-i4898251066.html
"Outdoor Waterproof 3W 5V USB Solar Panel Charger-Portable Solar Power Bank Charger for Phone, Camping & Emergency Device",₱338.00,N/A,https://www.lazada.com.ph/products/pdp-i5278078347.html
EESBAO 100W Foldable Solar Panel USB-C/QC3.0 Fast Charging for Mobile Phones and Tablets IPX4 Waterproof Camping/Hiking Portable,"₱1,335.24",N/A,https://www.lazada.com.ph/products/pdp-i5174404268.html
20 Watt 12 Volt Polycrystalline Solar Panel Battery Charger,"₱1,440.00",N/A,https://www.lazada.com.ph/products/pdp-i5050833650.html
50W Sunpower Portable Solar Panel 5V 12V Solar Plate WithUSB Safe Stabilize Charger ForPower Bank Phone Outdoor Camping Home RV,"₱1,572.70",N/A,https://www.lazada.com.ph/products/pdp-i5363689256.html
【Our Homes Store 】 Lightweight 50W 18V Solar Panel for Outdoor Charging of Mobile Devices 【High Quality New Products】,"₱1,801.00",N/A,https://www.lazada.com.ph/products/pdp-i5197920321.html
5V 2W Portable Solar Panel With USB Safe Charging Stabilizer Battery Charger,₱199.00,N/A,https://www.lazada.com.ph/products/pdp-i15496031148.html
Manganese Steel Double-sided Sharpening Sickle Agricultural Weeding Tool For Garden Banana Orchard Gardening Tools,₱54.00,N/A,https://www.lazada.com.ph/products/pdp-i5249242966.html
25ft/50ft/75ft/100ft/125ft/150ft Expandable Flexible Plastic Hose With Spray Gun,₱105.00,N/A,https://www.lazada.com.ph/products/pdp-i4323657115.html
6V 1.2W Solar Panel Generator Lighting System DC Interface for Outdoor Camping,₱242.00,N/A,https://www.lazada.com.ph/products/pdp-i15435204870.html
BUY 1 TAKE 1 Sunshade Net For Garden Sale Shade Net Sun Shades Outdoor Waterproof Anti-UV Sunshade Net 90% Heat-Resistant Mesh Garden Net Shade for Plants Canopy Sunblock Black Farm Net Greenhouse Net Car Cover Sunscreen NeT,₱129.00,N/A,https://www.lazada.com.ph/products/pdp-i3133505733.html
"Rectangular Swimming Pool Cover, Frame Pool Cover, Swimming Pool Cover Rainproof Dust Cover",₱105.00,N/A,https://www.lazada.com.ph/products/pdp-i564836008.html
Solar Panel Portable Power Station Suitable for outdoor use multi-function portable big capacity solar generator,"₱3,075.00",N/A,https://www.lazada.com.ph/products/pdp-i15497885109.html
"Water Hose, PVC Pressure washer, Garden Hose set, Heavy duty 5,10,15,20,30,40,50 Meter#RSG",₱199.00,N/A,https://www.lazada.com.ph/products/pdp-i5222001506.html
16V 15W/6V 8W Solar Panel For Charging Cellphone And 12V Battery Charger Panel CL-680/CL-1615,₱355.00,N/A,https://www.lazada.com.ph/products/pdp-i15496042150.html
KOMAX Trimmer Blade nylon Based Grass cutter /Brush cutter Blade universal,₱99.00,N/A,https://www.lazada.com.ph/products/pdp-i2801010576.html
Micro Mini Solar Panel Charger For Any Micro Charger,₱90.00,N/A,https://www.lazada.com.ph/products/pdp-i3984816639.html
3W Solar Panels Charger with 5 TYPE USB CABLE for Camping for cellphone Charging 【24 hours delivery】,₱170.00,N/A,https://www.lazada.com.ph/products/pdp-i15483321922.html
1 WATT 6V Solar Mono Panel-5 PCS,₱399.00,N/A,https://www.lazada.com.ph/products/pdp-i671252555.html
Outdoor 12V Solar Panel Kit 30W Power Portable Rechargeable Solar Cell Generator for Home,₱780.60,N/A,https://www.lazada.com.ph/products/pdp-i5333091143.html
【Gfryerty】600W Solar Panel Kit with 100A 18V Charge Controller Solar Charging for Outdoor RV Camping Boat Trailer System,₱922.50,N/A,https://www.lazada.com.ph/products/pdp-i5264416935.html
Solar Charging Panel 6W 6V Fast Charging Solar Energy Panel with 4 USB Ports for Camping Cellphone,₱249.00,N/A,https://www.lazada.com.ph/products/pdp-i15451165777.html
Mini 4V 50MA solar panel solar system DIY for mobile phone charger,₱803.81,N/A,https://www.lazada.com.ph/products/pdp-i4811516556.html
Artes each power A single-sided double-glass double-sided 450w540 550w solar panel photovoltaic panel manufacturers.,"₱16,722.42",N/A,https://www.lazada.com.ph/products/pdp-i5097534795.html
"Semi-flexible solar panels, power generation panels, refitted caravans for on-board cars, and customized roofs and skylights for ships.",₱551.64,N/A,https://www.lazada.com.ph/products/pdp-i4560483190.html
Defect plate polycrystalline solar panel 5W9-10V export custom black photovoltaic charging 6V battery glass lamination.,₱614.68,N/A,https://www.lazada.com.ph/products/pdp-i5123035519.html
Monocrystalline silicon solar cells 157mm x 26mm DIY solar panels 0.5V 0.9W/ piece,₱435.00,N/A,https://www.lazada.com.ph/products/pdp-i5041877925.html
solar panel charge with battery power bank outdoor for camping cellphone 5V 1A 3-in1 type-c USB DC portable,"₱1,621.00",N/A,https://www.lazada.com.ph/products/pdp-i5035703793.html
Heihg Efficiency Aluminum Frame Glass Solar Panels 100W 1165,"₱28,000.99",N/A,https://www.lazada.com.ph/products/pdp-i4848002312.html
SunPower 20W folding Solar Panels Cells Charger battery sun,"₱4,998.13",N/A,https://www.lazada.com.ph/products/pdp-i4927635475.html
Promote the brand-new monocrystalline silicon 100w watt panel 12v outdoor photovoltaic power generation system home solar panel,₱709.24,N/A,https://www.lazada.com.ph/products/pdp-i4655401051.html
"High-efficiency solar panels, 3W batteries, 5V UAV model SUNPOWER panels, DIY experimental charging treasure for students.","₱1,528.82",N/A,https://www.lazada.com.ph/products/pdp-i5109479410.html
Brand-new A-class 100-550w single crystal solar panel outdoor photovoltaic power generation module household charging system,"₱12,089.63",N/A,https://www.lazada.com.ph/products/pdp-i5140346863.html
High-Efficiency 100W Mono-Crystalline Foldable Portable Aluminum Frame Tempered Glass-Coated 100W (2 Panels x 50W) Solar Panel 18V + 10A PWM 12V Controller Solar Battery Cell Module System Charger Heavy Duty Premium Solar Panel Long Product Life,"₱6,950.00",N/A,https://www.lazada.com.ph/products/pdp-i1631488174.html
BAOZHASHAN | Solar Panel for 12V Battery Charging,"₱2,712.00",N/A,https://www.lazada.com.ph/products/pdp-i15422690588.html
Songmo solar panels folding package 18V12V24V portable 100W200w portable outdoor mobile power battery charger Ferrous lithium phosphate high-power panels.,"₱18,046.34",N/A,https://www.lazada.com.ph/products/pdp-i5294481002.html
400W semi-flexible solar panel soft roof electric car RV car charging 12V24V battery charging,"₱6,950.60",N/A,https://www.lazada.com.ph/products/pdp-i5075648850.html
Etfe monocrystalline silicon flexible solar panels for automobiles Outdoor RV Marine 12V 24V 100w panels,"₱2,758.18",N/A,https://www.lazada.com.ph/products/pdp-i4848051304.html
"9V, 12V, 18V solar drip board mini solar panels DIY accessories+line 18v 10","₱1,938.60",N/A,https://www.lazada.com.ph/products/pdp-i5155583785.html
SunPower 20W folding Solar Panels Cells Charger battery sun,"₱4,998.13",N/A,https://www.lazada.com.ph/products/pdp-i4796889776.html
YYBAIO | 100W Solar Panel,"₱3,958.91",N/A,https://www.lazada.com.ph/products/pdp-i15435126420.html
SunPower 20W folding Solar Panels Cells Charger battery sun,"₱4,998.13",N/A,https://www.lazada.com.ph/products/pdp-i5121963001.html
Manufacturers postage 18V30W50W100W200W300W polycrystalline single crystal solar photovoltaic panels can be charged with 12V batteries.,"₱1,308.16",N/A,https://www.lazada.com.ph/products/pdp-i4953608999.html
Manufacturers postage 18V30W50W100W200W300W polycrystalline single crystal solar photovoltaic panels can be charged with 12V batteries.,"₱1,308.16",N/A,https://www.lazada.com.ph/products/pdp-i5072801950.html
Brand-new A-class 100-550w single crystal solar panel outdoor photovoltaic power generation module household charging system,"₱12,089.63",N/A,https://www.lazada.com.ph/products/pdp-i5125820465.html
24V 350W single crystal solar panel photovoltaic power generation system 24V domestic fishing boat,"₱8,904.96",N/A,https://www.lazada.com.ph/products/pdp-i4821048424.html
