name,price,ratings,url
Solar MPPT Controller Auto Adjustable Downward,"₱2,026.64",N/A,https://www.lazada.com.ph/products/pdp-i15387985164.html
【Trivony】 1000-5000W MPPT Charge Controller 12V/24V AUTO 48V 10A-40A Wind Turbine Generator Water Proof Regulator Rectifier Factory Price,"₱1,672.00",N/A,https://www.lazada.com.ph/products/pdp-i5254004133.html
"100A Solar MPPT Charge Controller 12V/24V/36V/48V Auto LCD Display Max 100V Input,Light/Time control,Wide Battery Compatibility","₱1,490.00",N/A,https://www.lazada.com.ph/products/pdp-i4079759921.html
"TaoZhong 40A/60A/100A Solar MPPT Charge Controller 12V/24V Auto Focus Tracking Solar Panel Charge Controller Regulator with Dual USB Port,LCD Display",₱356.00,N/A,https://www.lazada.com.ph/products/pdp-i1568304455.html
"Y&H MPPT 40A/60A/100A 12V/24V Auto Focus Tracking Solar Panel Charge Controller Regulator with Dual USB Port,LCD Display, Model:Wanderer BL912 (Blue)",₱326.00,N/A,https://www.lazada.com.ph/products/pdp-i1884032624.html
Aoyang 20A/40A/60A Solar MPPT Charge Controller 12V/24V Home Intelligent Charger Power Generation System,"₱1,300.00",N/A,https://www.lazada.com.ph/products/pdp-i4515201001.html
Original 600W MPPT Solar Charge Controller 40A 10-30V Adjustable OLED Display Smart Fan Photovoltaic,"₱2,888.00",N/A,https://www.lazada.com.ph/products/pdp-i5413376915.html
"25A MPPT Step-Down Solar Charge Controller, 720W Input 18V-80V, Auto Buck Output for 12V/24V Lithium, Lead-Acid, Gel Batteries","₱1,382.00",N/A,https://www.lazada.com.ph/products/pdp-i15437872357.html
Flowatt PWM Solar Controller 12V 24V Auto LCD Display Work For Lead Acid And Lithium Batt 10A 20A 30A Solar Charge Controller MPPT With Dual USB Backlight Car Battery Charger,₱139.00,N/A,https://www.lazada.com.ph/products/pdp-i4394321983.html
"Hot- <br>MPPT Solar Charge Controller 12V 24V 36V 48V Battery System Auto,PV Solar Panel Regulator","₱1,388.20",N/A,https://www.lazada.com.ph/products/pdp-i15443920558.html
Auto Solar Panel Chargers Regulator 100/80/150/200A MPPT Solar Charge Controller With LCD Display Efficient Charging,"₱2,402.00",N/A,https://www.lazada.com.ph/products/pdp-i5400285394.html
【YF Elife】 MPPT Charge Controller for 12V 24V Systems with Digital Display Waterproof 【New Arrival】,₱424.00,N/A,https://www.lazada.com.ph/products/pdp-i5116731548.html
【Exclusive】 ◎N12j◎ PowMr 100% Mppt 60A Solar Charge and Discharge Controller 12v-48v Auto 190vdc LCD Fan with Backlight na Suporta sa Lead Acid at Lithium Battery HHJ-60A,"₱3,054.75",N/A,https://www.lazada.com.ph/products/pdp-i4285945291.html
Gracekarin 12V 24V Solar System MPPT Charge Controller 100A Waterproof and Efficient NEW,₱918.00,N/A,https://www.lazada.com.ph/products/pdp-i15442204191.html
300W MPPT Solar Charger Controller For Ebike Solar Boost Charge Controller 24V/36V/48V/72V Solar Power Charge Controller For Ebike Solar Power Battery Charger Electric Bicycle Battery Charger Controller,"₱1,688.00",N/A,https://www.lazada.com.ph/products/pdp-i3373733383.html
BESTOUR Digital Display MPPT Solar Charge Controller 12V/24V Protects Battery Power Controller High Efficiency 30A 40A 100A Solar Control Panel Home Use,₱390.38,N/A,https://www.lazada.com.ph/products/pdp-i5378117838.html
LCD BM3072 300W MPPT Solar Charge Controller Battery Charger 24/36/48/60/72V Boost,"₱1,929.40",N/A,https://www.lazada.com.ph/products/pdp-i15457033327.html
C7[jwerlyday]PWM 12V 24V 36V 48V AUTO Solar Panel Charge Controller Solar PV Battery Charger with LCD MPPT Solar Controller,"₱1,753.30",N/A,https://www.lazada.com.ph/products/pdp-i15453699953.html
NEXASHOP 12V/24V MPPT Solar Charge Controller Protects Battery 30A 40A 100A Solar Control Panel High Efficiency Digital Display Solar Controller Home Use,₱422.53,N/A,https://www.lazada.com.ph/products/pdp-i15432725047.html
MPPT Solar Charge Controller 200W 400W 600W Step Up Down Battery Charger,"₱2,299.00",N/A,https://www.lazada.com.ph/products/pdp-i5407745924.html
300W MPPT Solar Charger Controller For Ebike Solar Boost Charge Controller 24V/36V/48V/72V Solar Power Charge Controller For Ebike Solar Power Battery Charger Electric Bicycle Battery Charger Controller,"₱1,699.00",N/A,https://www.lazada.com.ph/products/pdp-i4665658804.html
DomeDecor SD05CRMA Solar Panel Battery Charging MPPT Solar Charge Controller 18650 LiPo Li-ion Lithium Battery Charger Module,₱57.43,N/A,https://www.lazada.com.ph/products/pdp-i15416658723.html
200W 400W 600W MPPT Solar Charge Controller Step Up/Down Real-time Solar Battery Charger,"₱2,299.00",N/A,https://www.lazada.com.ph/products/pdp-i5408821011.html
MPPT 100A 80A 60A Solar Charge Controller 12V 24V 36V 48V Solar Panel Lead Acid/Lithium Battery Regulator Dual USB,"₱1,038.00",N/A,https://www.lazada.com.ph/products/pdp-i5227686218.html
JUNTEK 600W MPPT Solar Panel Charge Controller DC 24V/36V/48V/60V/72V Boost Solar Battery Controllers LCD Display MPT-7210A,"₱2,235.18",N/A,https://www.lazada.com.ph/products/pdp-i3795790478.html
ROS SOLAR CHARGE CONTROLLER MPPT 60A compatible 12v 24v 36v 48v,₱950.00,N/A,https://www.lazada.com.ph/products/pdp-i5276035716.html
Aoyang High-Quality MPPT Solar Charge Controller 10A/20A/30A/40A/50A/60A 12V/24V with LCD Display & Optional WIFI for 100V Maximum Solar System,"₱1,300.00",N/A,https://www.lazada.com.ph/products/pdp-i4565131123.html
MPPT Solar EBIKE Electric Vehicle Special Controller Boost Charge 600W Max PV Heavy Duty LiFePO4 Lead Acid GEL AGM Compatible,"₱2,499.00",N/A,https://www.lazada.com.ph/products/pdp-i3677462926.html
PowMr 25A/35A/45A MPPT Solar Charger Controller 12V 24V With Blacklight LCD Regulator Max PV Input 100VDC Support Lifepo4 Battery Efficient charging,"₱1,375.00",N/A,https://www.lazada.com.ph/products/pdp-i4658427737.html
POWLSOJX MPPT Charge Controller Peak Tracking 24-85V to 17-55V 200-800W AI Boost/Buck Peak Efficiency 99% Solar Regulator,"₱2,367.67",N/A,https://www.lazada.com.ph/products/pdp-i5296605937.html
ROEXBY Solar Charge Controller MPPT 100A 80A 60A 12V 24V 36V 48V Solar Panel Battery Intelligent Regulator LCD Display Dual USB,"₱2,080.00",N/A,https://www.lazada.com.ph/products/pdp-i4834350630.html
Hantech PowMr 25A/35A/45A MPPT Solar Charger Controller 12V 24V With Blacklight LCD Regulator Max PV Input Battery Efficient charging 100VDC Support,"₱1,000.00",N/A,https://www.lazada.com.ph/products/pdp-i5053352795.html
MPPT Wind Solar Hybrid Charge Controller Wind 1200W & Solar 1000W 12/24V/48V Automatic Hybrid Controller With Dump Load Resistor,"₱5,623.67",N/A,https://www.lazada.com.ph/products/pdp-i4224169351.html
Solar charge controller Mppt 10A 20A 30A 100A pwm charge controler pwm solar charge controller 12V/24V battery regulator for solar panel Controller LCD Display with Dual USB Port,₱145.00,N/A,https://www.lazada.com.ph/products/pdp-i4978181675.html
"Y&H Solar Charge Controller MPPT 40A/60A/100A 12V/24V Auto Focus Tracking Solar Panel Charge Controller Regulator with Dual USB Port,LCD Display",₱326.00,N/A,https://www.lazada.com.ph/products/pdp-i4603428240.html
Zamdon MPPT Solar Charge Controller 100A 48V,"₱12,000.00",N/A,https://www.lazada.com.ph/products/pdp-i3850972609.html
450W MPPT Solar Boost Controller 12~50V Input Boost Charging Charger 450W Solar Boost Controller Charger,"₱1,305.04",N/A,https://www.lazada.com.ph/products/pdp-i5059501084.html
SRNE 20A 12V/24V MPPT Solar Charge Controller,"₱3,600.00",N/A,https://www.lazada.com.ph/products/pdp-i250528579.html
MPPT Solar Charger 30A/60A/80A/100A 12V 24V 36V48V AUTO Battery Charger with LCD for lithium battery,₱670.00,N/A,https://www.lazada.com.ph/products/pdp-i3890891961.html
SAVVYSHELF 12V/24V MPPT Solar Charge Controller 30A 40A 100A Protects Battery Solar Control Panel High Efficiency Digital Display Power Controller Home Use,₱386.80,N/A,https://www.lazada.com.ph/products/pdp-i5357458496.html
MPPT 720W Solar Charge Controller 25A MPPT Stepdown Input 18-80V Auto Buck Outpu For 12V 24V Lead-acid/Lithium battery/Gel Battery Real-time Tracking Adjustable,"₱1,550.62",N/A,https://www.lazada.com.ph/products/pdp-i15402913284.html
"450W MPPT Booster Solar Controller 12A,Digital Display, 9V~60V Input Step-up Charging For 24V/36V/48V/60V/72V/96V LiFePO4 Lithium SLA Gel AGM Lead-Acid Battery","₱1,157.00",N/A,https://www.lazada.com.ph/products/pdp-i15448882045.html
One Solar Mppt 100A Charger Charge Controller 12V 24V 48V 40A 60A 80A 100A not SRNE,"₱8,500.00",N/A,https://www.lazada.com.ph/products/pdp-i1964654145.html
"【Upgrade】LAIRTPOW 100A 80A 60A MPPT Solar Controller With Backlit LCD, 12V/24V/36V/48V AUTO, Wide Battery Compatibility, 1200W Max，Battery Voltage/Capacity Display, Blue","₱1,050.00",N/A,https://www.lazada.com.ph/products/pdp-i5205982593.html
150A MPPT Solar Charge Controller 100A 60A -12V/24V/36V/48V Auto 7 Modes for Lead-Acid/Lifepo4/Lithium with Dual USB LCD Display,"₱1,621.00",N/A,https://www.lazada.com.ph/products/pdp-i15443556542.html
PowMr 25A 35A 45A MPPT Solar Charger Controller Max PV Input 100VDC Solar Panel Regulator LCD Display 12V 24V Auto,"₱1,525.00",N/A,https://www.lazada.com.ph/products/pdp-i4658361255.html
ECGSOLAX 60A MPPT Solar Charge Controller 12V/24V/36V/48V Battery Max Input Voltage 190Voc,"₱2,800.00",N/A,https://www.lazada.com.ph/products/pdp-i5343456666.html
SRNE 40A 12V/24V MPPT Solar Charge Controller,"₱4,700.00",N/A,https://www.lazada.com.ph/products/pdp-i263768738.html
Y&H 80A MPPT Solar Charge Controller 12V 24V 36V 48V LCD Display Battery Intelligent Regulator Max 100V Input Dual USB for Lead-acid/Lithium,"₱1,086.00",N/A,https://www.lazada.com.ph/products/pdp-i4639016069.html
MPPT Solar Boost Charge Controller 380W 10A 48V 60V72V Solar Controller Lead Acid/lithium Battery Car Solar Battery Charger,"₱1,350.29",N/A,https://www.lazada.com.ph/products/pdp-i5283057261.html
PowMr Mppt 60A Solar Charge Controller 12v-48v Auto 190vdc Lcd Fan with Backlight Support Lead Acid Lithium Battery,"₱3,150.00",N/A,https://www.lazada.com.ph/products/pdp-i5024617088.html
MPPT Automatic Universal Solar Controller,₱686.00,N/A,https://www.lazada.com.ph/products/pdp-i15418442387.html
ELEJOY 200W 400W MPPT Solar Charge Controller SCC Step-down Real-time Tracking Charge Controller LED,"₱1,900.00",N/A,https://www.lazada.com.ph/products/pdp-i5396520956.html
Zamdon MPPT Solar Charge Controller 60A 12V24V,"₱5,999.00",N/A,https://www.lazada.com.ph/products/pdp-i3851047002.html
MPPT Solar Charge Controller 12V 24V 48V Auto 30A 60A 100A MAX 150V LCD Touch Solar Controller For Lithium GEL Lead Acid Home Solar Panel,"₱3,371.20",N/A,https://www.lazada.com.ph/products/pdp-i5205157026.html
Y&H 100A MPPT Solar Charge Controller 12V 24V 36V 48V LCD Display Battery Intelligent Regulator Max 100V Input Dual USB for Lead-acid/Lithium,"₱1,186.00",N/A,https://www.lazada.com.ph/products/pdp-i4638741805.html
【Weliba】 Smart MPPT Charge Controller for Optimized Performance of Your Solar Setup [New Products Hot Sale],₱421.00,N/A,https://www.lazada.com.ph/products/pdp-i15460348827.html
MPPT Solar Panel cells Charger Controller booster Adjustable 24V 36V 48V 60V 72V charging voltage Regulator,"₱1,301.06",N/A,https://www.lazada.com.ph/products/pdp-i337890196.html
Hantech PowMr MPPT 20A Solar Charger Controller 12V 24V Auto Solar Controller PV Max Input 60Voc Lcd Backlit Display 2 Usb Ports Free Warranty,"₱2,000.00",N/A,https://www.lazada.com.ph/products/pdp-i4208788851.html
MPPT Solar Charge Controller 60A30A20A 12V24V Auto LCD Dual USB,₱389.00,N/A,https://www.lazada.com.ph/products/pdp-i15442665797.html
One Solar Mppt Charger Mppt Charge Controller 12v 24v 48v 40A 60A SRNE SNADI SNAT,"₱4,500.00",N/A,https://www.lazada.com.ph/products/pdp-i1298814950.html
"120A 100A 60A MPPT Solar Charge Controller - 12V/24V/36V/48V Dual USB LCD Display, 7 Modes Intelligent Charging for Lead-Acid/Lithium Batteries, Solar PV System Compatible","₱1,749.91",N/A,https://www.lazada.com.ph/products/pdp-i15389592454.html
MPPT Solar Charge Controller 60A30A20A 12V24V Auto LCD Dual USB,₱389.00,N/A,https://www.lazada.com.ph/products/pdp-i15433663731.html
Flowatt 30A Solar Charger Controller MPPT 12V 24V Battery Charger LCD Solar Panel Controller Regulator for Max PWM 50V PV Lnput RBL Lead Acid Battery With Dual USB Port solar controller charger,₱140.00,N/A,https://www.lazada.com.ph/products/pdp-i4141006716.html
Y&H 60A/80A/100A MPPT Solar Charge Controller 12V 24V 36V 48V LCD Display Battery Intelligent Regulator Max 100V Input Dual USB for Lead-acid/Lithium,₱806.00,N/A,https://www.lazada.com.ph/products/pdp-i4200240514.html
100A/60A/50A/40A/30A MPPT Solar Charge Controller Dual USB LCD Display Auto Solar Cell Panel Charger Regulator,₱449.00,N/A,https://www.lazada.com.ph/products/pdp-i4636020914.html
PowMr 100% Mppt 60A Solar Charge Controller 12v-48v Auto 160vdc lcd fan Support Parallel Up to 12 Units Support Lead Acid Lithium Battery Temperature Compensation,"₱4,032.00",N/A,https://www.lazada.com.ph/products/pdp-i4315208655.html
PowMr 40A/60A/80A/100A MPPT Solar Charge Controller 12V 24V 36V 48V LCD Display Battery Intelligent Regulator Max 100V Input Dual USB for Lead-acid/Lithium Battery,₱950.00,N/A,https://www.lazada.com.ph/products/pdp-i4531374428.html
【Latest model】MPPT Solar Charging Controller 600W Step-Down 10- 30V to 17-85V Output Intelligent Temperature Recharging Controller,"₱3,163.44",N/A,https://www.lazada.com.ph/products/pdp-i15452303150.html
Flowatt 60A MPPT Solar Charge Controller 12V 24V 36V 48V Battery Charge Regulator 60A solar panel Solar Controller LCD Max PV 150VDC Input,"₱2,900.00",N/A,https://www.lazada.com.ph/products/pdp-i4041683935.html
Y&H 60A MPPT Solar Charge Controller 12V 24V 36V 48V LCD Display Battery Intelligent Regulator Max 100V Input Dual USB for Lead-acid/Lithium,₱986.00,N/A,https://www.lazada.com.ph/products/pdp-i4638999112.html
TaoZhong MPPT 60A/80A/100A Solar Charge Controller 12V 24V 36V 48V LCD Display Solar Panel Battery Intelligent Regulator for Lead-acid/Lithium,"₱1,036.00",N/A,https://www.lazada.com.ph/products/pdp-i4627401996.html
60A/40A/30A/20A MPPT Solar Charge Controller 12V/24V Auto SCC Solar Charger Controller Solar Panel Battery Regulator Dual USB Output LCD Display Load Discharger,"₱2,160.00",N/A,https://www.lazada.com.ph/products/pdp-i3121258810.html
Mppt Solar Charge Controller 100a 60a 50a 40a 30a Power Dual USB Lcd Display,₱429.00,N/A,https://www.lazada.com.ph/products/pdp-i3446745503.html
"【Upgrade】LAIRTPOW 100A 80A 60A MPPT Solar Controller With Backlit LCD, 12V/24V/36V/48V AUTO, Wide Battery Compatibility, 1200W Max，Battery Voltage/Capacity Display, Black","₱1,050.00",N/A,https://www.lazada.com.ph/products/pdp-i5392710435.html
MPPT Solar Charge Controller PWM 30/40/50A Solar Power Regulator 12V 24V Auto Dual USB LCD Display Load Discharger【Original+24hours delivery】,₱199.00,N/A,https://www.lazada.com.ph/products/pdp-i15452226553.html
MPPT Solar Charge Controller Multiple Protection Solar Solar QC3.0 Controller with LCD Screen,₱220.19,N/A,https://www.lazada.com.ph/products/pdp-i3985194231.html
Zamdon MPPT Solar Charge Controller 40A 12V24V,"₱4,999.00",N/A,https://www.lazada.com.ph/products/pdp-i3850972125.html
SRNE 40A MPPT PWM Charge Controller MPPT Charger (12V/24V),"₱1,600.00",N/A,https://www.lazada.com.ph/products/pdp-i1339170292.html
"150A MPPT Solar Charge Controller, 7200W Max Input, 12V/24V/36V/48V Auto-Ranging, for RV Boat Street Light Irrigation, Hybrid MPPT+PWM Charging, Smart Cooling Fan, Dual USB, 7-Mode LCD, Compatible with Lead-Acid & Lithium Batteries(100A/120A/60A Optional)","₱1,795.00",N/A,https://www.lazada.com.ph/products/pdp-i15435809587.html
ChuangYu MPPT Solar Panel Boost Controller 450W Solar Powered Electric Vehicle Charger 48V 60V 72V High Efficiency Solar Charger,"₱1,202.00",N/A,https://www.lazada.com.ph/products/pdp-i5164808045.html
Aoyang 40A/60A Adjustable MPPT Solar Charge Controller 12V 24V 36V 48V DC Input 180V LCD Display,"₱2,930.00",N/A,https://www.lazada.com.ph/products/pdp-i4565452834.html
Wind Driven Generator Controller 12/24V 800W MPPT Wind Charge Controller Wind Turbine Generator Controller with Monitor,"₱1,071.00",N/A,https://www.lazada.com.ph/products/pdp-i3729303076.html
MPPT Solar Charge Controller with LCD Display Dual USB Technical Charging Current 30A 50A 100A,₱599.00,N/A,https://www.lazada.com.ph/products/pdp-i4841761409.html
Aoresac ELEJOY 400W MPPT Step-down/up Real time Solar Battery Recharging Charge Controller,"₱1,919.43",N/A,https://www.lazada.com.ph/products/pdp-i4820328145.html
MPPT Solar Charge Controller PWM 30/40/50A Solar Power Regulator 12V 24V Auto Dual USB LCD Display Load Discharger【Local delivery】,₱199.00,N/A,https://www.lazada.com.ph/products/pdp-i15452489094.html
10A/20A/30A40A/100A LCD Solar Controller MPPT Solar Charge Controller 12V 24V Solar Panel Battery Regulator Dual USB Output Overcharge Protection,₱339.00,N/A,https://www.lazada.com.ph/products/pdp-i1991446601.html
MPPT Solar Charge Controller PWM 30/40/50A Solar Power Regulator 12V 24V Auto Dual USB LCD Display Load Discharger,₱175.00,N/A,https://www.lazada.com.ph/products/pdp-i3882612138.html
100A MPPT Solar Charge Controller Solar PV Regulator LCD Display Solar PV Battery Charger Dual USB for Solar Panel,"₱1,259.00",N/A,https://www.lazada.com.ph/products/pdp-i15391906526.html
Y&H 60A 80A 100A MPPT Solar Charge Controller 12V 24V 36V 48V Solar Panel Battery Intelligent Regulator for Lead-acid/Lithium,"₱1,242.51",N/A,https://www.lazada.com.ph/products/pdp-i5285218581.html
MPPT Solar Charger 60A/100A 12V 24V 36V48V AUTO Battery Charger with LCD for lithium battery,₱580.00,N/A,https://www.lazada.com.ph/products/pdp-i3473085540.html
MPPT Solar Charge Controller PWM 30/40/50A Solar Power Regulator 12V 24V Auto Dual USB LCD Display Load Discharger【COD/FAST delivery】,₱177.00,N/A,https://www.lazada.com.ph/products/pdp-i15452272369.html
IP65 Original 600W MPPT Solar Charge Controller 40A 10-30V Adjustable OLED Display Smart Fan Photovoltaic,"₱2,499.00",N/A,https://www.lazada.com.ph/products/pdp-i15496602809.html
Original 600W MPPT Solar Charge Controller 40A 10-30V Adjustable OLED Display Smart Fan Photovoltaic,"₱2,499.00",N/A,https://www.lazada.com.ph/products/pdp-i15496898670.html
elejoy 600W MPPT Solar Charge Controller IP65 Waterproof Solar panel input voltage: 17-85V; output voltage: 10-30V; rated output current: 40A,"₱2,888.00",N/A,https://www.lazada.com.ph/products/pdp-i15502100015.html
4200W 6200W Hybrid Solar Inverter 24V 48V to 230V AC Hybrid Inverter Built-in 80A MPPT Solar Charge Controller,"₱15,800.00",N/A,https://www.lazada.com.ph/products/pdp-i5252849475.html
600W Step-Down MPPT Solar Charging Controller 10-30V/17-85V Output Solar Intelligent Temperature Recharging Controller,"₱3,050.00",N/A,https://www.lazada.com.ph/products/pdp-i15481437228.html
100/50/30A Mppt Solar Charge Controller 12V/24V Battery Regulator Solar Panel Controller LCD Display,₱199.00,N/A,https://www.lazada.com.ph/products/pdp-i15476057529.html
【COD】60A/30A/20A Solar Charge Controller 12V/24V LCD Display and Four USB Ports Waterproof and Lightning Protection ABS Material Circuit Protection Solar Panel Solar Charger Controller Controller Regulator,₱361.00,N/A,https://www.lazada.com.ph/products/pdp-i5199452515.html
MPPT 720W Stepdown 25A Solar Controller 18V-80V Input Charging For 12V 24V Lithium Lead-acid Gel Battery Real-time Tracking Adjustable,"₱1,626.00",N/A,https://www.lazada.com.ph/products/pdp-i4265823984.html
💥0 electricity bill💥 60A/30A/20A Solar Charge Controller 12V/24V LCD display and four USB ports Waterproof and lightning protection ABS material Circuit protection Solar Panel solar charger controller Controller Regulator,₱349.00,N/A,https://www.lazada.com.ph/products/pdp-i5254542253.html
SRNE 60A 12V/24V/36V/48V MPPT Solar Charge Controller,"₱8,500.00",N/A,https://www.lazada.com.ph/products/pdp-i422010573.html
3KW Solar Hybrid Inverter 24V 230V With 80A MPPT Charging Controller Pure Sine Wave Hybrid Solar Inveter Max PV 450VDC,"₱11,921.30",N/A,https://www.lazada.com.ph/products/pdp-i5204952246.html
PowMr 3.2KW 24V Hybrid Solar Inverter 230Vac PV Starting Voltage 30Voc Built In 80A MPPT Solar Charge Controller 50/60Hz Auto Pure Sine Wave Inverter,"₱11,000.00",N/A,https://www.lazada.com.ph/products/pdp-i5045252241.html
EMD600W 600W MPPT Solar Charge Controller 40A 10-30V Adjustable Intelligent Temperature OLED Display Photovoltaic,"₱3,684.50",N/A,https://www.lazada.com.ph/products/pdp-i15480448395.html
Solar Controller SRNE 20A 12V/24V MPPT Solar Charge Controller – SR-ML2420 100% Authentic,"₱4,988.00",N/A,https://www.lazada.com.ph/products/pdp-i4632788223.html
30A 12V Solar Charge Controller Lithium Battery LCD Display PWM r Dual USB Solar,₱199.00,N/A,https://www.lazada.com.ph/products/pdp-i5413162187.html
MPPT Solar Charge Controller 60A Output Voltage 10-60V Adjus,"₱5,700.00",N/A,https://www.lazada.com.ph/products/pdp-i15495985443.html
Moketa Mppt Solar Charge Controller 100a 30a Power Dual USB Lcd Display 12V/24V Battery Controller,₱484.00,N/A,https://www.lazada.com.ph/products/pdp-i15481578445.html
"【COD】30A/60A/80A/100A MPPT Solar Controller 12V 24V 36V 48V Automatic Battery Charger with LCD Display, Waterproof and Lightning Protection ABS Material Circuit Protection Solar Panel Solar Charger Controller Regulator Regulator",₱361.00,N/A,https://www.lazada.com.ph/products/pdp-i5258353880.html
High-Performance 6000W Off-Grid Solar Power Kit: Full System with 100A MPPT Charge Controller & Pure Sine Wave Inverter,"₱3,590.01",N/A,https://www.lazada.com.ph/products/pdp-i15429706042.html
PowMr 3KW Low Frequency Built In Toroidal transformers Hybrid Solar Inverter 230Vac PV Voltage 30-150Voc 60A MPPT Solar Charge Controller 50/60Hz Auto Pure Sine Wave Inverter,"₱16,500.00",N/A,https://www.lazada.com.ph/products/pdp-i4362650602.html
NEXASHOP Protects Battery MPPT Solar Controller 60A 80A 100A 12V/48V Battery Charger Digital Display Solar Control Panel Home Use,₱850.19,N/A,https://www.lazada.com.ph/products/pdp-i5295795038.html
"800W 22A MPPT Solar Boost Charge Controller, 12-65V Input to 24-88V Output for 24V-72V Lithium LiFePO4 Lead-Acid Batteries OLED","₱2,444.00",N/A,https://www.lazada.com.ph/products/pdp-i15443671213.html
Flowatt MPPT 60A Solar Charge Controller 24V 12V Solar Regulator Max PV 150VDC Charging Controller For Photovoltaic Battery Regulator Lifepo4 Lead Acid,"₱2,899.00",N/A,https://www.lazada.com.ph/products/pdp-i4082611569.html
Aoyang 60A/120A 12V/24V/48V/96V/192V Adaptive MPPT Solar Charge Controller 480V Max Panel Optional WiFi Connection,"₱5,500.00",N/A,https://www.lazada.com.ph/products/pdp-i4565212158.html
Zamdon MPPT Solar Charge Controller 60A 48V,"₱7,000.00",N/A,https://www.lazada.com.ph/products/pdp-i3850970511.html
PowMr 60A MPPT Solar Charger Controller 12V 24V 36V 48V Auto for Max 190VDC PV Input Solar Charge and Discharge Controller HHJ-60A,"₱3,350.00",N/A,https://www.lazada.com.ph/products/pdp-i122327317.html
TaoZhong 100A/120A MPPT Solar Charge Controller 12V 24V 36V 48V MAX 160V PV Input for GEL SLD FLD LI User Battery Voltage Regulator,"₱4,886.00",N/A,https://www.lazada.com.ph/products/pdp-i5371132869.html
One Solar Mppt Charger Mppt Charge Controller 12V 24V 48V 60A 80A 100A SRNE SNADI SNAT,"₱7,500.00",N/A,https://www.lazada.com.ph/products/pdp-i1298934199.html
SRNE 30A 12V/24V MPPT Solar Charge Controller,"₱4,700.00",N/A,https://www.lazada.com.ph/products/pdp-i421984491.html
MPPT Solar Panel cells Charger Controller booster Adjustable 24V 36V 48V 60V 72V charging voltage Regulator,"₱2,909.53",N/A,https://www.lazada.com.ph/products/pdp-i15449512023.html
PowMr MPPT Solar Charge Controller 12V/24V Solar Controller Solar Panel Battery Regulator Dual USB LCD Display 30A/50A /70A 70A Solar Controller Solar Panel Battery Regulator Dual USB 5V LCD Display PVSC Series Solar Light,"₱1,139.39",N/A,https://www.lazada.com.ph/products/pdp-i3204751837.html
"PowMr 140A MPPT Solar Charge Controller 48V Battery Regulator with LCD High Voltage Input PV MAX 500V for 48V Energy Storage Battery Chargers AMG,Flooded,LI,User","₱11,000.00",N/A,https://www.lazada.com.ph/products/pdp-i4520115091.html
MPPT 30A 60A 100A Solar Controller Solar Panel Charging Controller 12V/24V Adaptive LED Screen 2 USB Charging Interfaces,₱649.00,N/A,https://www.lazada.com.ph/products/pdp-i5389312120.html
PowMr 30A MPPT Solar Charge Controller Dual USB LCD Display Auto 12V 24V Solar Cell Panel Charger Regulator with Load,₱519.00,N/A,https://www.lazada.com.ph/products/pdp-i5032770786.html
[🇵🇭 Stock&COD] 20A MPPT Solar Charge Controller 12V 24V Auto LCD Display Dual USB for RV Home Battery,₱389.00,N/A,https://www.lazada.com.ph/products/pdp-i15455182493.html
Flowatt 3.2KW Off Grid Hybrid Solar Inverter Built-In 80A MPPT Solar Charge Controller 50/60Hz Output frequency 24V TO 230Vac Pure Sine Wave Inverter Support DIY design,"₱1,699.00",N/A,https://www.lazada.com.ph/products/pdp-i4513200485.html
PowMr 1KW/1.6KW 12V Hybrid Solar Inverter 230Vac All in one inverter Built In 80A MPPT Solar Charge Controller 50/60Hz Auto Pure Sine Wave Inverter,"₱6,350.00",N/A,https://www.lazada.com.ph/products/pdp-i4420595849.html
PowMr 20A Fast Charger MPPT Solar Charger Controller Support 12V 24V Battery Solar Panel Regulator 60V PV INPUT LCD Display Battery Charger,"₱1,350.00",N/A,https://www.lazada.com.ph/products/pdp-i3308461231.html
High-Efficiency MPPT PWM Solar Charge Controller 30A 60A with LCD Display Auto Focus Tracking 99% Efficiency for Home Industrial Commercial Use 12V 24V System Protection,₱400.00,N/A,https://www.lazada.com.ph/products/pdp-i15469926124.html
EPEVER Tracer MPPT Solar Charge Controller 40A 30A 20A 10A With LCD Display Solar Regulator 12V 24V Battery Auto High Efficiency,"₱3,203.00",N/A,https://www.lazada.com.ph/products/pdp-i4818043417.html
PowMr 60A MPPT Solar Charger Controller 12V 24V 36V 48V With Blacklight LCD Regulator Max PV Input 160VDC Support Lithium Battery POW-M60-PRO,"₱3,800.00",N/A,https://www.lazada.com.ph/products/pdp-i3025146388.html
MPPT Solar Charge Controller 12v Waterproof Intelligent Portable Controller for AGM Gel Flooded and Lithium Battery,₱600.78,N/A,https://www.lazada.com.ph/products/pdp-i15437840078.html
PowMr MPPT 20A Solar Charger Controller – Maximum Power Point Tracking for Efficient Solar Charging (12V/24V Auto) with LCD Display and USB Ports,₱899.00,N/A,https://www.lazada.com.ph/products/pdp-i4948924043.html
Aoyang 40A 60A MPPT Aluminum Shell Solar Controller 12V 24V 36V 48V Auto Support Multiple Battery 180V Max WiFi Optional,"₱2,730.00",N/A,https://www.lazada.com.ph/products/pdp-i5384413375.html
MPPT Automatic Solar Controller PV Charging,"₱9,522.00",N/A,https://www.lazada.com.ph/products/pdp-i15405522389.html
Powmr 25A/35A/45A Mppt Solar Charge Controller 12V 24V Knob-Type Battery Switch Design Pv Max 100Vdc Supports Lifepo4 Battery Efficient Charging Easy to Use,"₱1,550.00",N/A,https://www.lazada.com.ph/products/pdp-i5269164521.html
QIUWU 5A DC-DC MPPT Solar Panel Solar Controller Module Regulator Controllers Constant Voltage Constant Current Charging,₱209.60,N/A,https://www.lazada.com.ph/products/pdp-i5179536302.html
PowMr 80A &100A MPPT Solar Controller with BlackLight LCD Display Fast Charging Max PV input 160VDC 12V-48V Auto Supports parallel Up To 12 Units,"₱5,300.00",N/A,https://www.lazada.com.ph/products/pdp-i5040914026.html
MPPT Solar Charge Controller 12V 24V Auto WiFi Solar Panel Regulator 60A 50A 40A 30A 20A 10A Dual USB LCD Display Controller,"₱2,685.31",N/A,https://www.lazada.com.ph/products/pdp-i4917508583.html
12V 24V 16A Wind Turbine Controller 300W-1000W Step Up Type MPPT PWM Wind Charge Controller Regulator,₱624.38,N/A,https://www.lazada.com.ph/products/pdp-i4611867539.html
PowMr 25A MPPT Solar Charger Controller 12V 24V With Blacklight LCD Regulator Max PV Input 60VDC Support Lifepo4 Battery Efficient charging,"₱1,550.00",N/A,https://www.lazada.com.ph/products/pdp-i4658431678.html
PowMr 15A MPPT Solar Charger Controller Supports 12-24V Battery Charging Connect Solar Panels For Quick Use Lcd Display Battery Protection,"₱1,088.00",N/A,https://www.lazada.com.ph/products/pdp-i4492339266.html
FUXING Reliable and Safe MPPT Stepdown Solar Controller for Solar Applications,"₱2,140.00",N/A,https://www.lazada.com.ph/products/pdp-i4583418645.html
300W MPPT Solar Charger Controller For Ebike Solar Boost Charge Controller 24V/36V/48V/72V Solar Power Battery Charger Electric Bicycle Battery Charger Controller,"₱1,448.00",N/A,https://www.lazada.com.ph/products/pdp-i4550717927.html
MPPT Solar Charge Controller 30A/ 60A/80A/100A 12V 24V 36V 48V with LCD Screen AUTO Battery Charger,₱799.00,N/A,https://www.lazada.com.ph/products/pdp-i5171283025.html
100A/60A/50A/40A/30A MPPT Solar Charge Controller Dual USB LCD Display Auto Solar Cell Panel Charger Regulator,₱468.00,N/A,https://www.lazada.com.ph/products/pdp-i4528810310.html
30A 40A 50A 60A MPPT Solar Panel Charge Controller 12V/24V LCD Digital Display Screen bluetooth Wifi Solar Controller Dual USB,₱851.41,N/A,https://www.lazada.com.ph/products/pdp-i4552189197.html
300W MPPT Solar Boost Charge Controller for e-bike 24V-72V,"₱1,800.00",N/A,https://www.lazada.com.ph/products/pdp-i4216221869.html
MPPT 30A/50A/100A 12V/24V Auto Focus Tracking Solar Panel Charge Controller Regulator with Dual,₱599.00,N/A,https://www.lazada.com.ph/products/pdp-i4841729811.html
100A 60A 30A Mppt Solar Charge Controller 12V/24V Battery Regulator Solar Panel Controller LCD Display,₱321.00,N/A,https://www.lazada.com.ph/products/pdp-i5408670566.html
Solar Charge Bluetooth MPPT Controller with LCD Display Dual USB Support 12V/24V/36V/48V/60V Battery,"₱1,028.01",N/A,https://www.lazada.com.ph/products/pdp-i5188119057.html
Solar Panel Charge Controller Fully Automatic Battery Dual USB LCD Mppt Power Lcd Display Regulator,₱599.00,N/A,https://www.lazada.com.ph/products/pdp-i4971788875.html
ADDO Digital Display MPPT Solar Charge Controller 12V/24V 30A 40A 100A Solar Control Panel High Efficiency Protects Battery Power Controller Home Use,₱412.09,N/A,https://www.lazada.com.ph/products/pdp-i5357579352.html
[Fast Delivery] 20A/30A/ 60A PWM Solar Charge Controller 12V/24V Intelligent Regulator battery charger LCD Display Dual USB Auto Solar Cell Panel Charger Regulator MPPT Original High-Efficiency Household Charging Panel,₱459.00,N/A,https://www.lazada.com.ph/products/pdp-i5192738162.html
AOYANG 40A/60A/120A MPPT 12V/24V/36V/48V/72V/84V/192V Battery Voltage Adaptive 150V/230V/480V Solar Charge Controller Optional WiFi,"₱4,670.00",N/A,https://www.lazada.com.ph/products/pdp-i5134486617.html
PowMr MPPT Solar Charger Controller 20A 30A 40A 12V 24V Solar Panel Regulator LCD Display Various Load Control Modes Support lithium batteries,"₱1,505.00",N/A,https://www.lazada.com.ph/products/pdp-i4130963321.html
MPPT Solar Charge Controller 12V Waterproof Intelligent Portable Solar Panel Controller for AGM Gel Flooded and Lithium Battery,₱607.43,N/A,https://www.lazada.com.ph/products/pdp-i15437139679.html
MPPT Solar Charge Controller Board Lithium Li-ion 18650 3.7V Battery Charger Controller Module Board,₱59.00,N/A,https://www.lazada.com.ph/products/pdp-i4161249236.html
【eelhoe】 MPPT Controller Outdoor Solar Charging 10A 30A 60A 100A Multiple Current Ratings [Auto Parts][not miss it]],₱928.00,N/A,https://www.lazada.com.ph/products/pdp-i15394535153.html
SNADI 60A 80A 100A (12/24V/36V/48) MPPT Solar Charge Controller High Efficiency,"₱8,499.00",N/A,https://www.lazada.com.ph/products/pdp-i2471531620.html
Bolinao Solar MPPT Solar Charge Controller (12V/24V/48V) 40A/ 60A/ 80A,"₱7,499.00",N/A,https://www.lazada.com.ph/products/pdp-i4045820420.html
Rongcheng Light 500W Boost Type MPPT Solar Energy Electric Vehicle Charging Controller for Lead Acid Lithium Battery 36V48V60V,"₱1,176.00",N/A,https://www.lazada.com.ph/products/pdp-i5169920808.html
300W MPPT 24V/36V/48V/60V/72V Solar Boost Charge Controller Electric Car Electric Vehicle Charging Voltage Regulator 97% Efficiency,"₱2,051.60",N/A,https://www.lazada.com.ph/products/pdp-i4113958648.html
PowMr 100A MPPT Solar Charger Controller 12V-48V Auto Blacklight LCD Regulator Max PV Input 160VDC Support Lifepo4 Battery Can Parallel Up to 12 Units,"₱6,704.00",N/A,https://www.lazada.com.ph/products/pdp-i4363397387.html
SWIFTTIDE Digital Display MPPT Solar Controller 60A 80A 100A Protects Battery Battery Charger Useful 12V/48V Solar Control Panel Home Use,₱845.96,N/A,https://www.lazada.com.ph/products/pdp-i5356629183.html
YoQi LCD Display 10/20/30A 12V/24V DC Input Solar Charge Controller Auto Parameter Adjustable MPPT Solar Panel Regulator,₱389.00,N/A,https://www.lazada.com.ph/products/pdp-i4012679550.html
PowMr MPPT 20A Solar Charger Controller 12V 24V Auto Solar Controller PV Max Input 60Voc Lcd Backlit Display 2 Usb Ports Free Warranty,"₱2,000.00",N/A,https://www.lazada.com.ph/products/pdp-i4209007384.html
SRNE BT-1 External Bluetooth module BT-1 ML series MF Series MPPT Solar Charge Controller,"₱1,699.00",N/A,https://www.lazada.com.ph/products/pdp-i1263184209.html
PowMr 45A MPPT Solar Charger Controller 12V 24V With Blacklight LCD Regulator Max PV Input 100VDC Support Lifepo4 Battery Efficient charging,"₱2,800.00",N/A,https://www.lazada.com.ph/products/pdp-i4658486134.html
ELEJOY MPPT 200W 400W 600W Step-down/up Real Time Solar Battery Recharging Charge Controller,"₱1,930.00",N/A,https://www.lazada.com.ph/products/pdp-i5396583203.html
【Latest model】MPPT 600W Solar Boost Charge Controller for 24V 36V 48V 60V 72V Battery Charger Charge Digital Controller,"₱2,477.60",N/A,https://www.lazada.com.ph/products/pdp-i15447081723.html
"Max 100A 4800W MPPT Solar Charge Controller, 80A 60A- 12V/24V/36V/48V Auto-Sensing, Dual USB, 7 Modes + LCD Display, Enhanced Heat Dissipation for Lead-Acid/LiFePO4 Batteries, Solar Home/RV/Off-Grid Systems","₱1,795.00",N/A,https://www.lazada.com.ph/products/pdp-i15443761199.html
"150A MPPT Solar Charge Controller — 12V/24V/36V/48V Auto-Recognition, LCD Display, Dual USB Charging Ports — Compatible with Lead-Acid and Lithium Batteries.","₱2,240.00",N/A,https://www.lazada.com.ph/products/pdp-i5014593351.html
300W/600W MPPT Solar Charger Controller For Ebike Solar Boost Charge Controller 24V/36V/48V/72V Solar Power Charge Controller For Ebike Solar Power Battery Charger Electric Bicycle Battery Charger Controller,"₱1,448.00",N/A,https://www.lazada.com.ph/products/pdp-i4666915071.html
10A 12V Lithium Battery LCD Digital MPPT Solar Charge Panel Controller Regulator Home Improvement Solar Replacement Part,₱546.00,N/A,https://www.lazada.com.ph/products/pdp-i5202622672.html
Qaao 12V/24V 30/100A MPPT Solar Panels Battery Charge Controller Regulator Colorful Screen For Lifepo4 GEL Lithium Lead Acid Battery,₱524.35,N/A,https://www.lazada.com.ph/products/pdp-i4611967134.html
MPPT 60A Solar Charge Controller Tools 12V/24V Dual USB Quick Charger Lead Aacid Lithium Battery with LCD Display Quick Charger,"₱1,735.00",N/A,https://www.lazada.com.ph/products/pdp-i4215801006.html
100A MPPT Solar Charge Controller Solar PV Regulator Dual USB Solar Panel Regulator 12V 24V 36V 48V for Solar Panel[Vodool Center],"₱1,328.00",N/A,https://www.lazada.com.ph/products/pdp-i15422760133.html
MPPT 200W 400W 600W Step-down/up Real time Solar Battery Recharging Charge Controller,"₱2,299.00",N/A,https://www.lazada.com.ph/products/pdp-i5381734770.html
Solar charge controller Mppt 10A 20A 30A 100A pwm charge controler pwm solar charge controller 12V/24V battery regulator for solar panel Controller LCD Display with Dual USB Port,₱213.00,N/A,https://www.lazada.com.ph/products/pdp-i3133475421.html
ELEJOY 14.6V Lifepo4 MPPT Solar Charge Controller 99% MPPT Efficiency Solar Battery Charger,"₱1,573.00",N/A,https://www.lazada.com.ph/products/pdp-i3260740690.html
PowMr 100% Mppt 60A Solar Charge Controller And Discharge Controller 12v-48v Auto 190Vdc Lcd Fan With Backlight Support Lead Acid Lithium Battery HHJ-60A,"₱3,350.00",N/A,https://www.lazada.com.ph/products/pdp-i2290288757.html
20A 30A 40A 60A MPPT Solar Charge Controller Solar Panel Controller LCD Display Solar Controller can use Lithium Battery,"₱2,675.00",N/A,https://www.lazada.com.ph/products/pdp-i4311434713.html
PRIMEPICKGLOBAL 12V/24V MPPT Solar Charge Controller Protects Battery Digital Display Solar Controller High Efficiency 30A 40A 100A Solar Control Panel Home Use,₱407.97,N/A,https://www.lazada.com.ph/products/pdp-i5313384460.html
MPPT Solar Charger Controller 30A/100A 12V 24V 36V48V Auto Battery Charger with LCD Display Screen For Lithium Battery,₱416.00,N/A,https://www.lazada.com.ph/products/pdp-i5357340914.html
"300W MPPT Solar Charger Controller For Ebike Solar Boost Charge Controller, Electric Bicycle Battery Charger Controller 24V/36V/48V/72V","₱1,398.00",N/A,https://www.lazada.com.ph/products/pdp-i4577939331.html
Mppt Solar Charge Controller 100A 30A Power Dual USB LCD Display Solar Regulator 12V Solar Regulator Battery Charger LCD Display Dual USB 5V Output,₱488.00,N/A,https://www.lazada.com.ph/products/pdp-i4118694038.html
EL-MU400SP 400W MPPT Solar Charge Controller Boost Converter 12V-72V Battery LCD Display Regulator for Lead-Acid/LiFePO4 IP65,"₱2,139.60",N/A,https://www.lazada.com.ph/products/pdp-i15454098690.html
Wind Driven Generator Controller 12/24V 800W MPPT Wind Charge Controller Wind Turbine Generator Controller with Monitor,"₱1,213.50",N/A,https://www.lazada.com.ph/products/pdp-i15461040190.html
"MPPT Solar Controller with Voltage Stabilizer, Inverter,Quick Charge QC2.0/3.0,Type-C & DC Output for DIY Solar Chargers",₱211.00,N/A,https://www.lazada.com.ph/products/pdp-i5382888713.html
【Weliba】 150A MPPT Solar Charge Controller with Large Wiring Ports 16mm 12V 24V 36V 48V [New Home Products Hot Sale],"₱1,185.00",N/A,https://www.lazada.com.ph/products/pdp-i15442585393.html
MPPT 30A/60A Solar Charge Controller Battery Charger with LCD for Lithium Battery Charger Digital Display Solar Control Panel Home Use,₱379.00,N/A,https://www.lazada.com.ph/products/pdp-i15399588710.html
AqToCna 5A DC-DC MPPT Solar Panel Solar Controller Module Regulator Controllers Constant Voltage Constant Current Charging,₱192.48,N/A,https://www.lazada.com.ph/products/pdp-i4839768373.html
MPPT Solar Charge Controller Multiple Protection Solar Solar QC3.0 Controller with LCD Screen,₱288.00,N/A,https://www.lazada.com.ph/products/pdp-i5202036594.html
Automatic MPPT Waterproof Solar Charge Controller 150W,"₱1,112.00",N/A,https://www.lazada.com.ph/products/pdp-i15448441077.html
300W MPPT Solar Charge Controller for Ebike 24V/36V/48V/72V Electric Bicycle Battery Charger,"₱1,699.00",N/A,https://www.lazada.com.ph/products/pdp-i4685050805.html
PowMr 25A/35A/45A MPPT Solar Charger Controller 12V 24V With Blacklight LCD Regulator Max PV Input 100VDC Support Lifepo4 Battery Efficient charging,"₱1,550.00",N/A,https://www.lazada.com.ph/products/pdp-i4658461431.html
MPPT Solar Charge Controller 60A/80A/100A 12V 24V 36V 48V with LCD Screen AUTO Battery Charger,₱898.00,N/A,https://www.lazada.com.ph/products/pdp-i5227540538.html
QIUWU DC 8-28V 5A 100W MPPT Solar Panel Solar Charge Controller Automatic Switch Solar Charging Panel 9V,₱213.92,N/A,https://www.lazada.com.ph/products/pdp-i15425514161.html
[New release] 1000-5000W MPPT Charge Controller 12V/24V AUTO 48V 10A-40A Wind Turbine Generator Water Proof Regulator Rectifier Factory Price,"₱1,614.76",N/A,https://www.lazada.com.ph/products/pdp-i15492565523.html
"MPPT Solar Photovoltaic Controller 10A 12V MPPT Solar Charge Controller with Type-C Input & USB Output For AGM, Lifepo Battery","₱1,059.34",N/A,https://www.lazada.com.ph/products/pdp-i15495526936.html
GUANGHEGUINENG | MPPT Automatic Universal Solar Charge Controller WiFi,"₱2,948.00",N/A,https://www.lazada.com.ph/products/pdp-i15405563471.html
100A/60A/30ASolar Charge Controller 12V/24V LCD display and four USB ports Waterproof and lightning protection ABS material Circuit protection Solar Panel solar charger controller Controller Regulator,₱388.00,N/A,https://www.lazada.com.ph/products/pdp-i5342613586.html
Hot 10A 12V Lithium Battery LCD Digital MPPT Solar Charge Panel Controller Regulator Home Improvement Solar Replacement Part,₱958.60,N/A,https://www.lazada.com.ph/products/pdp-i15478652755.html
Automatic Board Solar Controller Solar Controller Charger 3a Charging Module,₱105.00,N/A,https://www.lazada.com.ph/products/pdp-i5325128190.html
2S 20A 7.4V 8.4V 18650 Lithium Battery Protection Board/BMS Board Standard/Balance For DIY,₱75.31,N/A,https://www.lazada.com.ph/products/pdp-i4926550625.html
Solar Charge Controller High Efficiency MPPT Boost Regulator LED Display for 24V 36V 48V 60V 72V Multiple Battery Golf Cart,"₱1,816.25",N/A,https://www.lazada.com.ph/products/pdp-i15413415472.html
JDSTAR 10A/20A/30A/40A/50A/60A/80A MPPT Solar Charge Controller 12V 24V 48V Auto Color LCD Display,"₱2,220.00",N/A,https://www.lazada.com.ph/products/pdp-i5032408256.html
【Weliba】 MPPT Boost For Solar Charge Controller 450W 9V 60V Input for Batteries [New Home Products Hot Sale],"₱1,696.00",N/A,https://www.lazada.com.ph/products/pdp-i5368102414.html
SRNE MPPT 50A 40A 30A 20A 12V24V Solar Charge Controller Solar Regulator Max 100V PV Input WIFI optional For Gel Lead Lithium,"₱3,524.19",N/A,https://www.lazada.com.ph/products/pdp-i5293774686.html
BateriaPower20a12v/24V MPPT wireless solar charging controller outdoor portable,"₱2,400.00",N/A,https://www.lazada.com.ph/products/pdp-i5373815487.html
12V/24V Embedded MPPT Solar Controller 30A 60A bluetooth / Wifi App Control Lead-acid Lithium Battery Regulator for Solar System,₱921.24,N/A,https://www.lazada.com.ph/products/pdp-i5308332579.html
-7210A MPPT Solar Charge Controller Green Solar Charge Controller Metal Solar Charge Controller 24V/36V/48V/60V/72V Solar Regulator Battery Charger Panel Boost Voltage ModuleNew Year Special,"₱2,953.40",N/A,https://www.lazada.com.ph/products/pdp-i5401413998.html
"MPPT 4800W 100A/60A Fast Solar Charge Controller Compatible for 12V/24V/36V/48V Auto with Charging, LCD Display & USB Ports,Smart Regulator for Lead-Acid LiFePO4 Lithium Battery for Off-Grid RV Home System","₱1,542.00",N/A,https://www.lazada.com.ph/products/pdp-i15435829320.html
【Tech Max Store】 MPPT Boost Solar Controller 24V-72V 450W 12V-50V Step-Up Charger For Lead Acid/LiFePO4/Lithium,₱656.80,N/A,https://www.lazada.com.ph/products/pdp-i5392464294.html
LairtPow LT-1200W MPPT Solar Controller 12V 24V 36V 48V Auto 100V Max Input All Batteries are Compatible and Universal,"₱1,190.00",N/A,https://www.lazada.com.ph/products/pdp-i5227689130.html
【Latest model】Elejoy MPPT Solar Controller Boost MPPT Solar Charger 24V36V48V60V72V Universal Auto Universal Photovoltaic Controller,"₱3,546.54",N/A,https://www.lazada.com.ph/products/pdp-i15452239463.html
BOSCA Solar Charge Controller MPPT 12v 24v 40A,"₱3,999.00",N/A,https://www.lazada.com.ph/products/pdp-i4725617818.html
MPPT 600W Solar Boost Charge Controller for 24V 36V 48V 60V 72V Battery Charger Charge Digital Controller,"₱2,267.60",N/A,https://www.lazada.com.ph/products/pdp-i5228000546.html
【Jahall】 Self Cooling Wifi Bluetooth Mobile App Mppt Solar Charge Controller 30a 40a 50a 60a Support All Charging Regulator,"₱1,107.47",N/A,https://www.lazada.com.ph/products/pdp-i4483731525.html
12V/24V/36V/48V Auto 150A MPPT Solar Charge Controller Battery Charging Off-Grid Automatic Identification Controller,"₱1,890.20",N/A,https://www.lazada.com.ph/products/pdp-i5190723114.html
ROEXBY Solar Charge Controller MPPT 100A 80A 60A 12V 24V 36V 48V Solar Panel Battery Intelligent Regulator LCD Display Dual USB,"₱3,142.80",N/A,https://www.lazada.com.ph/products/pdp-i5323177449.html
"30A 60A Bluetooth Wift Solar Controller 5A Dual USB Output For Mobile Phones,IPads Charging MPPT Solar Panels Charge Controller",₱977.58,N/A,https://www.lazada.com.ph/products/pdp-i4611249375.html
【L-BEANS】 MPPT Solar Charge Controller 450W 24V/36V/48V/60V/72V Adjustable Output 12A,"₱1,581.00",N/A,https://www.lazada.com.ph/products/pdp-i15415697043.html
100A MPPT Solar Charge Controller Solar PV Battery Charger LCD Display Auto Solar Charge Controller for Solar Panel[Ueb Flagship Store],"₱1,259.00",N/A,https://www.lazada.com.ph/products/pdp-i5375438550.html
ELITEDEALSHUB Digital Display MPPT Solar Controller 60A 80A 100A Protects Battery Battery Charger Useful 12V/48V Solar Control Panel Home Use,₱854.47,N/A,https://www.lazada.com.ph/products/pdp-i15434704867.html
Solar controller Authentic SRNE 40A 12V/24V MPPT Solar Charge Controller,"₱7,532.00",N/A,https://www.lazada.com.ph/products/pdp-i3796946423.html
"PowMr 25A/35A/45A MPPT Solar Charge Controller 12V/24V with Backlight LCD – 100VDC PV Input, LiFePO4 Battery Support","₱2,488.00",N/A,https://www.lazada.com.ph/products/pdp-i5220379122.html
300W/600W MPPT Solar Charger Controller For Ebike Solar Boost Charge Controller 24V/36V/48V/72V,"₱1,449.00",N/A,https://www.lazada.com.ph/products/pdp-i4577851738.html
Smart Sensor 80A LCD Display PWM Photovoltaic Solar MPPT Charge Controller Regulador 12V/24V,"₱5,927.40",N/A,https://www.lazada.com.ph/products/pdp-i15419085022.html
300W MPPT 24V/36V/48V/60V/72V Solar Boost Charge Controller Electric Car Electric Vehicle Charging Voltage Regulator 97% Efficiency,"₱2,239.30",N/A,https://www.lazada.com.ph/products/pdp-i4265035833.html
Solar Charge Controller MPPT Solar Panel Solar Charge Regulator 12V 24V Battery PV Input 100VOC,"₱3,304.50",N/A,https://www.lazada.com.ph/products/pdp-i15447522855.html
Zamdon MPPT Solar Charge Controller 100A 36V 48V with max 300V PV input,"₱15,000.00",N/A,https://www.lazada.com.ph/products/pdp-i5373666365.html
ECGSOLAX 100A MPPT Solar Charge Controller 12V 24V 36V 48V Auto Solar Panel Regulator Controller,₱950.00,N/A,https://www.lazada.com.ph/products/pdp-i5343436775.html
MPPT Solar Charge Controller 12V 24V 36V 48V LCD Display Solar Panel Battery Intelligent Solar Regulator,"₱1,690.20",N/A,https://www.lazada.com.ph/products/pdp-i5025034500.html
PowMr 100% Mppt 60A Solar Charge Controller and Discharge Controller 12v-48v Auto 190vdc lcd fan with backlight Support Lead Acid Lithium Battery HHJ-60A,"₱3,350.00",N/A,https://www.lazada.com.ph/products/pdp-i4162093708.html
PowMr MPPT Solar Charge Controller 30A 40A 50A 60A 100A Dual USB LCD Display Auto 12V 24V Solar Cell Panel Charger Regulator with Load BL series,"₱1,052.00",N/A,https://www.lazada.com.ph/products/pdp-i2346870020.html
【Latest model】BM6072 600W MPPT Boost Solar Charge Controller for 24V 36V 48V 60V 72V Battery System Solar Panel 12-50V Input Voltage,"₱2,616.60",N/A,https://www.lazada.com.ph/products/pdp-i15447106423.html
12V/24V/36V/48V Auto 150A MPPT Solar Charge Controller Battery Charging Off-Grid Automatic Identification Controller,"₱1,934.20",N/A,https://www.lazada.com.ph/products/pdp-i5219926436.html
720W Solar Controller 25A MPPT Stepdown 18V-80V Input Charging For 12V 24V Lithium Lead-acid Gel Battery Real-time Tracking Adju,"₱1,626.00",N/A,https://www.lazada.com.ph/products/pdp-i4560761162.html
Solar Panel Kit 100W 12V with MPPT Charge Controller Aluminum for Outdoor RV Camping Boat Trailer Systems,₱899.30,N/A,https://www.lazada.com.ph/products/pdp-i5287524257.html
PowMr 1.5KW 24V Hybrid Solar Inverter 230Vac PV Start Voltage 30Voc Built In 80A MPPT Solar Charge Controller 50/60Hz Auto Pure Sine Wave Inverter,"₱7,000.00",N/A,https://www.lazada.com.ph/products/pdp-i4433391033.html
MPPT 100A 80A 60A Solar Charge Controller 12V 24V 36V 48V Solar Panel Lead Acid/Lithium Battery Regulator Dual USB,₱193.00,N/A,https://www.lazada.com.ph/products/pdp-i15475854657.html
MPPT Solar Charge Controller 30A 50A 80A 100A 12V 24V Auto LCD Display Dual USB Solar Charge and Discharge Controller,₱483.01,N/A,https://www.lazada.com.ph/products/pdp-i15491035101.html
PowMr 3.2KW Hybrid Solar Inverter 230Vac PV Start Voltage 30Voc Built In 80A MPPT Solar Charge Controller 50/60Hz Auto Pure Sine Wave Inverter,"₱11,000.00",N/A,https://www.lazada.com.ph/products/pdp-i4051943575.html
diymore DC 10-75V 20A Adjustable Buck Module MPPT Solar Charging Constant Voltage Constant Current Charging Module With Display Temperature Control Fan,₱667.00,N/A,https://www.lazada.com.ph/products/pdp-i5168478791.html
High-power MPPT Solar Controller Compatible Multiple Voltages and Battery Types,"₱4,751.00",N/A,https://www.lazada.com.ph/products/pdp-i15462649689.html
BAOZHASHAN | MPPT Solar Panel Controller,₱942.00,N/A,https://www.lazada.com.ph/products/pdp-i15418949339.html
100A MPPT Solar Charge Controller Solar PV Battery Charger 12V 24V 36V 48V Solar Panel Regulator for Solar Panel[Vodool Official Center],"₱1,328.00",N/A,https://www.lazada.com.ph/products/pdp-i15423309037.html
BOSCA Solar Charge Controller MPPT 12v 24v 40A,"₱4,000.00",N/A,https://www.lazada.com.ph/products/pdp-i4663673637.html
"Solar Panel Battery Regulator Charge Controller 20A 12V/24V Auto Switch MPPT A391 ""ON SALE!!!"" Limited Time Only..",₱450.00,N/A,https://www.lazada.com.ph/products/pdp-i5983833.html
PowMr 30A Fast Charger MPPT Solar Charger Controller Support 12V 24V Battery Solar Panel Regulator 75V PV INPUT LCD Display Battery Charger,"₱2,154.00",N/A,https://www.lazada.com.ph/products/pdp-i3308457245.html
BOSCA Solar Charge Controller MPPT 12v 24v 36v 48v AUTO 60A 80A 100A MPK6048 MPK8048 Air cooling Temp. compensation,"₱6,590.00",N/A,https://www.lazada.com.ph/products/pdp-i4042734843.html
"Aoyang 20A-60A MPPT DC-DC Solar Controller, 12V-72V Battery System, Can Operate Without Battery","₱6,500.00",N/A,https://www.lazada.com.ph/products/pdp-i5324824920.html
AYANG 100% Mppt Solar Charge Controller 12v-24v Auto 100vdc lcd fan No Backlight Support most Battery (can Optional WiFi),"₱2,270.00",N/A,https://www.lazada.com.ph/products/pdp-i4526891994.html
MPPT Solar Charge Controller 100A 30A Solar Panel Regulator Power Dual USB LCD Display 12V24V Cell Panel Regulator 12V Solar Regulator Battery Charger LCD Display Dual USB 5V Output,₱484.00,N/A,https://www.lazada.com.ph/products/pdp-i4118687091.html
CHUANGCHAO MPPT Solar Ccontroller 12V/24V/36V/48V AUTO 30A 60A 80A 100A Solar Charge Controller compatible with lead acid/colloid,₱669.00,N/A,https://www.lazada.com.ph/products/pdp-i4891291685.html
MPPT Solar Charge Controller 30A/100A 12V 24V 36V48V LCD Display Battery Intelligent Regulator For Lithium Battery,₱339.00,N/A,https://www.lazada.com.ph/products/pdp-i5361969254.html
"New 12V 24V 30/40/50/60/100A MPPT Solar Charge Controller Solar Panels Battery Charge Controller High Efficiency with LCD Display,Overheating Protection,Overcurrent Protection",₱438.21,N/A,https://www.lazada.com.ph/products/pdp-i5230835810.html
"MPPT 40A/60A/100A 12V/24V Auto Focus Tracking Solar Panel Charge Controller Regulator with Dual USB Port,LCD Display",₱321.00,N/A,https://www.lazada.com.ph/products/pdp-i5408732320.html
60A MPPT Solar Charge Controller 12V 24V Auto Waterproof with LCD Display USB Ports for Solar Panel System,₱349.00,N/A,https://www.lazada.com.ph/products/pdp-i5262813140.html
MPPT Solar Charge Controller 30A Dual USB 5V LCD Display Auto Solar Cell Panel Charger Regulator,₱199.00,N/A,https://www.lazada.com.ph/products/pdp-i15435365359.html
MPPT Solar Charge Controller 12/24V Auto Focus Solar Panel Controller 30A/40A/50A/60A/100A B-attery Intelligent Regulator with 4 USB Output Adjustable Parameter LCD Display Timer Setting,₱435.00,N/A,https://www.lazada.com.ph/products/pdp-i4858704445.html
BOSCA MPPT 12V/24V/36V/48V AUTO Solar Charge Controller 30A/40A/60A/80A/100A MPK Series COD,"₱5,790.00",N/A,https://www.lazada.com.ph/products/pdp-i3470742421.html
PowMr 60A MPPT Solar Charge Controller 160V PV Input | 12V/24V/36V/48V Auto | LCD Backlight | Lithium & Lead Acid Battery Solar Regulator,"₱6,540.00",N/A,https://www.lazada.com.ph/products/pdp-i15425308750.html
12/24/48v 2800w Mppt Hybrid Wind Solar Charge Controller Boost Regulator Max Support 1600w Wind Turbine,"₱7,599.00",N/A,https://www.lazada.com.ph/products/pdp-i3848416563.html
diymore MPPT Solar Charge Control Module 3S Lithium Battery Monitoring Power Supply Small Energy Storage Controller 60W/80W,₱300.00,N/A,https://www.lazada.com.ph/products/pdp-i5399687992.html
MPPT Wind Generator Controller MPPT Wind Turbine Charge Controller 100W‑600W with LED Indicator for Lighting,"₱1,390.00",N/A,https://www.lazada.com.ph/products/pdp-i5049696036.html
PowMr 60A MPPT Solar Charge Controller and Discharge Controller 12v-48v Auto 190vdc Lcd Fan With Backlight Support Lead Acid Lithium Battery,"₱3,350.00",N/A,https://www.lazada.com.ph/products/pdp-i5024372868.html
Newly 300W 400W 600W MPPT Boost Solar Charge Controller For 24V 36V 48V 60V 72V Battery System Solar Panel 12-50V input voltage,"₱1,892.73",N/A,https://www.lazada.com.ph/products/pdp-i15422853801.html
PowMr MPPT Solar Charger Controller 20A 30A 40A 12V/24V Solar Panel Regulator LCD Display Various Load Control Modes Support Lifepo4 Battery,"₱1,505.00",N/A,https://www.lazada.com.ph/products/pdp-i4131033230.html
(COD) 2025 NEW Mppt Solar Charge Controller 40a Power Dual USB Lcd Display,₱649.00,N/A,https://www.lazada.com.ph/products/pdp-i5280960885.html
BOSCA Solar Charge Controller MPPT,"₱3,600.00",N/A,https://www.lazada.com.ph/products/pdp-i15433699947.html
Protable Solar Charge Controller MPPT 30A 50A 80A 100A LCD Display 12V 24V AUTO Dual USB Solar Charge And Discharge Controller,₱539.66,N/A,https://www.lazada.com.ph/products/pdp-i15389114136.html
MPPT Solar Charge Controller Multiple Protection Solar Solar QC3.0 Controller with LCD Screen,₱286.00,N/A,https://www.lazada.com.ph/products/pdp-i5221433745.html
YHTU 30A/60A/120A 12V/24V/48V/96V/192V automatic recognition battery voltage MPPT solar charging controller maximum voltage 480V,"₱6,017.90",N/A,https://www.lazada.com.ph/products/pdp-i15433728346.html
MPPT Solar Controller Smart Auto Adjustment Universal For Home Use,"₱1,626.00",N/A,https://www.lazada.com.ph/products/pdp-i15456234997.html
PowMr 35A MPPT Solar Charger Controller 12V 24V With Blacklight LCD Regulator Max PV Input 80VDC Support Lifepo4 Battery Efficient charging,"₱2,200.00",N/A,https://www.lazada.com.ph/products/pdp-i4658398856.html
MPPT Solar Charge Controller 30A 40A 50A 60A 100A 12V 24V Auto Dual USB Load Discharger Solar Panel Regulator LCD Display,₱881.96,N/A,https://www.lazada.com.ph/products/pdp-i4825993254.html
New MPPT 100A Solar Charge Controller 12V 24V 36V 48V Solar Panel Lead Acid/Lithium Battery Regulator Dual USB Quick Charger,"₱1,736.44",N/A,https://www.lazada.com.ph/products/pdp-i15502341795.html
MPPT 100A 80A 60A Solar Charge Controller 12V 24V 36V 48V Solar Panel Lead Acid/Lithium Battery Regulator Dual USB【COD】,₱196.00,N/A,https://www.lazada.com.ph/products/pdp-i15489704900.html
PowMr 40A MPPT Solar Charger Controller 12V 24V Solar Panel Regulator 100V PV INPUT LCD Display Various Load Control Modes POW-Keeper1240,"₱2,750.00",N/A,https://www.lazada.com.ph/products/pdp-i3308403442.html
PowMr 15A MPPT Solar Charger Controller Supports 12~24V Battery Charging Connect Solar Panels For Quick Use Lcd Display Battery Protection,"₱1,088.00",N/A,https://www.lazada.com.ph/products/pdp-i4517923509.html
NEW SRNE MF SERIES MF4860 60A Auto (12/24V/36/48) MPPT Solar Charge Controller,"₱13,900.00",N/A,https://www.lazada.com.ph/products/pdp-i1798203188.html
30A 60A 120A MPPT Solar Charge Controller 12V 24V 48V 60V 72V 96V Auto Solar Controller PV 230VDC For Lithium GEL Batt,"₱5,049.70",N/A,https://www.lazada.com.ph/products/pdp-i5207109680.html
BOSCA MPPT 12V/24 AUTO Solar Charge Controller For Solar PV Power System 20A/30A/40A/60A MPJ Series,"₱1,850.00",N/A,https://www.lazada.com.ph/products/pdp-i3470647489.html
READY STOCK !!30A 40A 50A 60A 100A MPPT Solar Charge Controller 12V/24V Battery Regulator Solar Panel Controller LCD Display with Dual USB Port,₱470.00,N/A,https://www.lazada.com.ph/products/pdp-i4546751878.html
Zamdon MPPT Solar Charge Controller 80A 48V,"₱10,000.00",N/A,https://www.lazada.com.ph/products/pdp-i3851064096.html
"Y&H 140A MPPT Solar Charge Controller 48V Battery Regulator with LCD High Voltage Input PV MAX 500V for 48V Energy Storage Battery Chargers AMG,Flooded,LI,User","₱8,586.00",N/A,https://www.lazada.com.ph/products/pdp-i4369565266.html
"【Ntcpefy】MPPT Solar Charger Controller with Voltage Stabilizer, Quick Charge QC2.0/3.0, Type-C& DC Output, Inverter for DIY Systems",₱224.00,N/A,https://www.lazada.com.ph/products/pdp-i15446578703.html
SZX Solar charge controller Mppt 10A 20A 30A 50A pwm charge controller pwm solar charge controller 12V/24V battery regulator for solar panel Controller LCD Display with Dual USB Port,₱169.00,N/A,https://www.lazada.com.ph/products/pdp-i4599394040.html
SAVVYSHELF Digital Display MPPT Solar Controller Protects Battery 12V/48V Battery Charger 60A 80A 100A Solar Control Panel Home Use,₱874.89,N/A,https://www.lazada.com.ph/products/pdp-i15435083621.html
10A 12V Lithium Battery LCD Digital MPPT Solar Charge Panel Controller Regulator Home Improvement Solar Replacement Part,₱610.00,N/A,https://www.lazada.com.ph/products/pdp-i15402278927.html
MPPT Solar Panel Controller Module Adjustable Li-ion MPPT Lithium Battery Charging Module 1A 12V for -40℃ To ＋85℃ Automatic Charging,₱367.00,N/A,https://www.lazada.com.ph/products/pdp-i4880068298.html
"MPPT Solar Charge Controller OneSolarX 30A 40A 60A Auto 12V/24V Bluetooth MPPT Battery Compatible Li, AGM, Gel, Liquid","₱2,600.00",N/A,https://www.lazada.com.ph/products/pdp-i873972686.html
【L-BEANS】 MPPT For Solar Charge Controller 10A 20A 30A 40A with Low Voltage Load Cut Off,₱388.00,N/A,https://www.lazada.com.ph/products/pdp-i15423057560.html
RcTlB DC 8-28V 5A 100W MPPT Solar Panel Solar Charge Controller Automatic Switch Solar Charging Panel 9V,₱232.78,N/A,https://www.lazada.com.ph/products/pdp-i5341926276.html
[COD] PkYeG Tool DC 8-28V 5A 100W MPPT Solar Panel Solar Charge Controller Automatic Switch Solar Charging Panel 9V,₱219.34,N/A,https://www.lazada.com.ph/products/pdp-i15409241426.html
diymore DC 8-28V 5A 100W MPPT Solar Panel Regulator Controller 9V 12V 24V Auto Switch Solar Charging Panel,₱217.00,N/A,https://www.lazada.com.ph/products/pdp-i5077821095.html
100A 30A Mppt Solar Charge Controller 12V/24V Battery Regulator Solar Panel Controller LCD Display,₱484.00,N/A,https://www.lazada.com.ph/products/pdp-i4573800020.html
SNAT MPPT Solar Charge Controller CM80A/CM100A (Automatic System Voltage Identification 12V/24V/48V) 80A/100A,"₱20,999.00",N/A,https://www.lazada.com.ph/products/pdp-i1797471773.html
"【Latest model】MPPT Solar Charger Controller with Voltage Stabilizer, Quick Charge QC2.0/3.0, Type-C& DC Output, Inverter for DIY Systems",₱216.00,N/A,https://www.lazada.com.ph/products/pdp-i15446769521.html
"TaoZhong 60A/120A MPPT Solar Charge Controller with WiFi 24V/36V/48V/60V/72V/84V/96V Battery System Auto,Max Input 480V PV Solar Panel Regulator,fit for Gel Flooded and Lithium Battery User","₱5,886.00",N/A,https://www.lazada.com.ph/products/pdp-i5371517010.html
Meterk 400W MPPT Step-down Real-time Tracking Solar B-attery Recharging Controller L-ED Display 10~30V Output Voltage Adjustable Dustproof Waterproof,"₱2,659.45",N/A,https://www.lazada.com.ph/products/pdp-i2095987890.html
DC 8-28V 5A 100W MPPT Solar Panel Regulator Controller 9V 12V 24V Auto Switch Solar Charging Panel Temperature: -40°C to +85°C,₱230.50,N/A,https://www.lazada.com.ph/products/pdp-i15433212890.html
PowMr MPPT Solar Charge Controller 30A 40A 50A 60A 100A Dual USB LCD Display 12V 24V Auto Solar Cell Panel Charger Regulator With Load BL series,₱539.00,N/A,https://www.lazada.com.ph/products/pdp-i4509928607.html
Solar Controller Adaptive MPPT Solar Controller with Bluetooth 12V/24V Solar Charge Controller,₱871.00,N/A,https://www.lazada.com.ph/products/pdp-i15447356779.html
"【liuxiaomei】MPPT Solar Panel Charge Controller 12V 10A with Type-C and USB Output, Designed for , LiFePO? Battery CompatibilityHope you have a pleasant shopping experience<br><br>","₱1,555.00",N/A,https://www.lazada.com.ph/products/pdp-i15391597996.html
30A PWM Solar Charge Controller 12V/24V Battery Regulator MPPT Solar Panel Controller LCD Display With Dual USB Port,₱416.00,N/A,https://www.lazada.com.ph/products/pdp-i5261693607.html
ZHOURI | MPPT Universal Solar Charge Controller For Lead-Acid LiFePO4 Batteries,"₱1,652.00",N/A,https://www.lazada.com.ph/products/pdp-i15409066360.html
MceHKF DC 8-28V 5A 100W MPPT Solar Panel Solar Charge Controller Automatic Switch Solar Charging Panel 9V,₱258.08,N/A,https://www.lazada.com.ph/products/pdp-i15445906389.html
AYANG MPPT Solar PV Charging Controller 12V/24V/48V/96V Intelligent Charger Power Generation System,"₱4,670.00",N/A,https://www.lazada.com.ph/products/pdp-i4565093325.html
"[frthrthrt]MPPT Solar Charge Controller 12V 24V 36V 48V Battery System Auto,PV Solar Panel Regulator","₱1,664.30",N/A,https://www.lazada.com.ph/products/pdp-i5332872561.html
100A MPPT Solar Charger Controller 12V 24V 36V48V AUTO Battery Charger Regulator With LCD Display For Lead-acid/Lithium Battery,"₱1,202.00",N/A,https://www.lazada.com.ph/products/pdp-i5253817122.html
PowMr 100A MPPT Solar Charge Controller Dual USB LCD Display Auto 12V 24V Solar Cell Panel Charger Regulator with Load,"₱1,052.00",N/A,https://www.lazada.com.ph/products/pdp-i4757912929.html
"【Hot Sale】12V 24V 30/40/50/60/100A MPPT Solar Charge Controller High Efficiency Solar Panels Battery Charge Controller with LCD Display,Overheating Protection,Overcurrent Protection","₱1,063.00",N/A,https://www.lazada.com.ph/products/pdp-i4041544822.html
Flowatt 40A 60A 80A 100A MPPT Solar Charge Controller Max PV Input 100V Dual USB LCD Display 12V -48V Auto Battery Intelligent Regulator,"₱1,020.00",N/A,https://www.lazada.com.ph/products/pdp-i4597073919.html
SRNE BT-2 External Bluetooth module BT-2 MPPT Solar Charge Controller For MA Series MC Series SHINER SERIES,"₱1,480.00",N/A,https://www.lazada.com.ph/products/pdp-i4260531533.html
SRNE AUTHENTIC SRNE 60A 12V/24V/36V/48V MPPT Solar Charge Controller barattilla,"₱12,888.00",N/A,https://www.lazada.com.ph/products/pdp-i5165836411.html
DC 6-36V 5A MPPT LED Digital Solar Panel Controller 12V 24V DC-DC Step Down Charging Power Supply Module CC CV Voltage Regulator,₱422.97,N/A,https://www.lazada.com.ph/products/pdp-i4402324734.html
MUHUALAN | MPPT Boost Controller Variable Voltage,"₱1,336.81",N/A,https://www.lazada.com.ph/products/pdp-i15423871556.html
Flowatt MPPT Solar Charger Controller 60A 12V 24V 36V 48V Auto for Max 190VDC PV Input Solar Charge Support Lead Acid Lithium Battery,"₱4,900.00",N/A,https://www.lazada.com.ph/products/pdp-i4379345084.html
PowMr MPPT 60A Solar Charger Controller Max PV Input 160VDC 12V 24V 36V 48V Auto With Blacklight LCD Regulator Support Lithium Battery,"₱4,100.00",N/A,https://www.lazada.com.ph/products/pdp-i4509776550.html
PowMr 100A MPPT Parallel Solar Charger Controller 12V-48V Auto Blacklight LCD Regulator Max PV Input 160VDC Support Lifepo4 Battery Can Parallel Up to 12 Units Battery Charger,"₱6,345.00",N/A,https://www.lazada.com.ph/products/pdp-i5128512303.html
"Anern 20A/30A/60A MPPT Solar Controller 12V 24V 48V Auto Mppt Solar Charge Controller Fast Charger Support Lifepo4, Sealed,Flooded,Li(NiCoMn)O2 Battery","₱2,893.00",N/A,https://www.lazada.com.ph/products/pdp-i5198131170.html
ZHOUYANG | MPPT Solar Controller For Lead-Acid Lithium Battery,"₱1,691.00",N/A,https://www.lazada.com.ph/products/pdp-i15387854134.html
PowMr 80A MPPT Solar Charger Controller 12V-48V Auto Blacklight LCD Regulator Max PV Input 160VDC Support Lifepo4 Battery Can Parallel Up to 12 Units,"₱4,900.00",N/A,https://www.lazada.com.ph/products/pdp-i4363409275.html
Epever Tracer 20A MPPT Solar Charge Controller,"₱4,480.00",N/A,https://www.lazada.com.ph/products/pdp-i296630608.html
PowMr 80A MPPT Parallel Solar Charger Controller 12V-48V Auto Blacklight LCD Regulator Max PV Input 160VDC Support Lifepo4 Battery Can Parallel Up to 12 Units Battery Charger,"₱4,900.00",N/A,https://www.lazada.com.ph/products/pdp-i5128510300.html
[PENGGONG] 450W MPPT Step Down Solar Controller for 18V 80V Input with Smart Charging,"₱2,363.00",N/A,https://www.lazada.com.ph/products/pdp-i5360295794.html
EMX20A 1200W Step-Up/Down MPPT Solar Intelligent temperature Recharging Controller IP65 Waterproof Real-time Tracking Controller,"₱3,646.60",N/A,https://www.lazada.com.ph/products/pdp-i15453934839.html
【liuxiaomei】10A 12V Lithium Battery LCD Digital MPPT Solar Charge Panel Controller Regulator Home Improvement Solar Replacement PartHope you have a pleasant shopping experience<br><br>,₱607.00,N/A,https://www.lazada.com.ph/products/pdp-i5357482325.html
Solar Controller Dual USB PV Regulator MPPT Accessory 10A 20A 30A 12V 24V Home Accessories LCD Display Solar Battery Regulator,₱200.55,N/A,https://www.lazada.com.ph/products/pdp-i15429909284.html
BateriaPower 12v MPPT solar charging controller 10a automatic battery regulator solar panel maximum 150v input lithium sealed gel MC4 plug interface,"₱2,000.00",N/A,https://www.lazada.com.ph/products/pdp-i5359969539.html
TaoZhong 60A/120A MPPT Solar Controller Charge 12V/24V/36V/48V/60V/72V/84V/96V PV Max 230V for Sealed Lead Acid Gel and Lithium,"₱5,286.00",N/A,https://www.lazada.com.ph/products/pdp-i5371239883.html
600W MPPT Solar Charger Controller For Ebike Solar Boost Charge Controller 24V/36V/48V/72V Solar Power Battery Charger Electric Bicycle Charger Battery Controller,"₱2,684.00",N/A,https://www.lazada.com.ph/products/pdp-i4935355600.html
MPPT Solar Controller 30A/ 60A/80A/100A 12V 24V 36V 48V with LCD Screen AUTO Battery Charger,"₱1,030.00",N/A,https://www.lazada.com.ph/products/pdp-i5199150905.html
【Ntcpefy】Automatic Recognition 12V 24V 10A MPPT Solar Charge Controller Voltage Reduction Charge and Discharge,"₱1,521.60",N/A,https://www.lazada.com.ph/products/pdp-i15446680675.html
"【liuxiaomei】5A MPPT Solar Panel Regulator Controller Solar Charge Controller Battery Charging Module 9V 12V 18V 24V 300KHz PWM, Fine WorkmanshipHope you have a pleasant shopping experience<br><br>",₱420.00,N/A,https://www.lazada.com.ph/products/pdp-i15425880979.html
Wind Driven Generator Controller 12/24V 800W MPPT Wind Charge Controller Wind Turbine Generator Controller with Monitor,"₱1,160.50",N/A,https://www.lazada.com.ph/products/pdp-i5219947279.html
Professional Solar Controller with Auto MPPT Tracking Overheat Overcurrent Short Circuit Protection Reverse Connection Proof Low Heat Design Easy DC Connection,₱500.00,N/A,https://www.lazada.com.ph/products/pdp-i5381588973.html
【LeeandHan】 Smart Charging Solution Dual USB Ports on MPPT For Solar Regulator Unit,₱185.00,N/A,https://www.lazada.com.ph/products/pdp-i15427672744.html
【Huang Li Electronics】30A MPPT PWM Solar Charge Controller 12V 24V Solar Panel Battery Regulator Dual USB Port LCD Display,"₱1,306.30",N/A,https://www.lazada.com.ph/products/pdp-i15447621769.html
MPPT Wind Controller Efficient Charging Controller Wind Generator for 12V 24V Battery,"₱1,443.00",N/A,https://www.lazada.com.ph/products/pdp-i5049560611.html
【liuxiaomei】Wind Driven Generator Controller 12/24V 800W MPPT Wind Charge Controller Wind Turbine Generator Controller with MonitorHope you have a pleasant shopping experience<br><br>,"₱1,160.50",N/A,https://www.lazada.com.ph/products/pdp-i15405043799.html
【Latest model】MPPT Solar Charging Controller 12V 24V 36V 48V Automatic Identification,"₱1,956.20",N/A,https://www.lazada.com.ph/products/pdp-i15465442733.html
Diymore 12V 12A MPPT Solar Charge Control Module 4G Monitoring Power Supply Ternary Lithium Iron Phosphate,₱219.00,N/A,https://www.lazada.com.ph/products/pdp-i15427397815.html
Bateria Power 10A MPPT Solar Charge Controller 12V Auto Battery Regulator Solar Panel Max 150V Input for Lithium Sealed Gel,"₱1,900.00",N/A,https://www.lazada.com.ph/products/pdp-i5252775605.html
5A MPPT Solar Panel Controller DC-DC 6-36V Step down Buck CC/CV Charging Module Dual LED Display LED Regulator Controller,₱636.00,N/A,https://www.lazada.com.ph/products/pdp-i4380671805.html
MPPT Solar Boost Charge Controller 400W Booster Voltage Regulator for 24V 36V 48V 60V 72V Lead Acid/Lithium Battery,"₱2,061.10",N/A,https://www.lazada.com.ph/products/pdp-i15446991905.html
High Efficiency MPPT Solar Charge Controller 16-Bit AD Sampling Large LCD Display Adjustable Parameters Three-Stage Charging Full Protection for Battery System,₱500.00,N/A,https://www.lazada.com.ph/products/pdp-i5383165010.html
Decdeal 100A/60A/50A/40A/30A MPPT Solar Charge Controller Dual USB LCD Display Auto Solar Cell Panel Charger Regulator,₱693.00,N/A,https://www.lazada.com.ph/products/pdp-i762242664.html
【liuxiaomei】LCD BM3072 300W MPPT Solar Charge Controller Battery Charger 24/36/48/60/72V BoostHope you have a pleasant shopping experience<br><br>,"₱1,856.40",N/A,https://www.lazada.com.ph/products/pdp-i15424698459.html
【Latest model】MPPT 600W Solar Boost Charge Controller for 24V 36V 48V 60V 72V Battery Charger Charge Digital Controller,"₱2,444.60",N/A,https://www.lazada.com.ph/products/pdp-i15447180481.html
"【XINJIA】MPPT Solar Panel Charge Controller 12V 10A with Type-C and USB Output, for , LiFePO? Battery Compatible","₱1,555.00",N/A,https://www.lazada.com.ph/products/pdp-i15391433660.html
30A MPPT PWM Solar Charge Controller 12V 24V Solar Panel Battery Regulator Dual USB Port LCD Display,"₱1,109.19",N/A,https://www.lazada.com.ph/products/pdp-i5188038168.html
【Latest model】30A MPPT PWM Solar Charge Controller 12V 24V Solar Panel Battery Regulator Dual USB Port LCD Display,"₱1,387.30",N/A,https://www.lazada.com.ph/products/pdp-i15446810061.html
HOMETOOL Smart MPPT Solar Charge Controller 12V 24V 36V 48V with Dual USB Charging Ports,"₱2,361.22",N/A,https://www.lazada.com.ph/products/pdp-i5228000410.html
1000W Pure Sine Wave Inverter 12V to 220V 60Hz All in One Solar Power Kit with MPPT Controller Home Backup UPS for Brownout Philippines,"₱3,299.00",N/A,https://www.lazada.com.ph/products/pdp-i15499619501.html
12V/24V 800W MPPT Wind Turbine Generator Controller Low Voltage Charging Regulator IP67 With Voltage Display For 800W Wind,"₱1,322.85",N/A,https://www.lazada.com.ph/products/pdp-i15472474534.html
"【eryu01】MPPT 20A Solar Charger Controller 12V 24V Battery Regulator with LCD Display for , Gel, Flooded and Lithium","₱1,280.10",N/A,https://www.lazada.com.ph/products/pdp-i5341473384.html
【Ready Stock】Solar Charge Controller MPPT 100A LCD Display 12V 24V AUTO Dual USB Solar Charge And Discharge Controller,₱557.00,N/A,https://www.lazada.com.ph/products/pdp-i15488997185.html
【Parallel Version】PowMr 60A Mppt Solar Charge Controller With Cooling fan & Temperature Compensation Function 12V-48V Auto Max PV 160Vdc Solar Battery Recharging Controller,"₱4,400.00",N/A,https://www.lazada.com.ph/products/pdp-i4509776617.html
MPPT Solar Ccontroller 30A/ 60A/80A/100A 12V 24V 36V 48V AUTO Battery Charger with LCD Display,₱638.00,N/A,https://www.lazada.com.ph/products/pdp-i5170045314.html
SRNE 60A 12V/24V/36V/48V MPPT Solar Charge Controller 100% Authentic product,"₱11,855.00",N/A,https://www.lazada.com.ph/products/pdp-i4632713718.html
PowMr 60A MPPT Solar Charger Controller 12V 24V 36V 48V With Blacklight LCD Regulator Max PV Input 160VDC Support Lithium Battery,"₱4,170.00",N/A,https://www.lazada.com.ph/products/pdp-i4163068314.html
Unicorn MPPT Solar Charger 30A/60A/80A/100A 12V 24V 36V48V AUTO Battery Charger with LCD for lithium battery,₱669.00,N/A,https://www.lazada.com.ph/products/pdp-i5306024097.html
diymore | 60W 80W MPPT Solar Charge Control Module 3S Lithium Battery Monitoring Power Supply Small Energy Storage Controller,₱340.81,N/A,https://www.lazada.com.ph/products/pdp-i15439379210.html
"BateriaPower 60A 12/24/36/48V MPPT Solar Charge Controller, BateriaPower 99.5% MPPT Efficiency Solar Panel Charge Regulator","₱9,175.30",N/A,https://www.lazada.com.ph/products/pdp-i5252001536.html
NOONOR Digital Display MPPT Solar Controller 60A 80A 100A 12V/48V Battery Charger Protects Battery Solar Control Panel Home Use,₱851.06,N/A,https://www.lazada.com.ph/products/pdp-i5362026863.html
MPPT Solar Charger 30A/60A/80A/100A 12V 24V 36V48V AUTO Battery Charger with LCD Battery Intelligent Regulator Max 100V Input Dual USB for Lead-acid/Lithium,₱339.00,N/A,https://www.lazada.com.ph/products/pdp-i5241289896.html
"MPPT 20A Solar Charger Controller 12V 24V Battery Regulator with LCD Display for , Gel, Flooded and Lithium","₱1,296.62",N/A,https://www.lazada.com.ph/products/pdp-i5201877192.html
100A 48V MPPT Solar Charge Controller SRNE brand,"₱24,875.00",N/A,https://www.lazada.com.ph/products/pdp-i390562972.html
Anern 60A MPPT Solar Charge Controller 12V 24V 36V 48V Solar Controller With Blacklight LCD Regulator Support Lithium Battery,"₱3,878.00",N/A,https://www.lazada.com.ph/products/pdp-i5198415211.html
Lepmerk MPPT Wind Solar Hybrid Charge Controller Dump Load For Above 12/24V 800W Fan,"₱2,283.00",N/A,https://www.lazada.com.ph/products/pdp-i15438324602.html
PRIMEPICKGLOBAL Digital Display MPPT Solar Controller Protects Battery 12V/48V Battery Charger Useful 60A 80A 100A Solar Control Panel Home Use,₱859.58,N/A,https://www.lazada.com.ph/products/pdp-i15420053406.html
10A 12V MPPT Solar Charge Controller Auto Battery Regulator BateriaPower Solar Panel Max 150V Input for Lithium Sealed Gel,"₱1,800.00",N/A,https://www.lazada.com.ph/products/pdp-i5263904210.html
LUMINOU 12V/24V MPPT Solar Charge Controller Protects Battery 30A 40A 100A Solar Controller High Efficiency Digital Display Solar Control Panel Home Use,₱514.51,N/A,https://www.lazada.com.ph/products/pdp-i15461982423.html
"Zamdon MPPT Solar Charge Controller 40A 12/24V -Authentic Zamdon solar charge controller Adjustable, High-Efficiency, Gel/Lithium Compatible not set up solar controller only","₱7,844.00",N/A,https://www.lazada.com.ph/products/pdp-i4932612779.html
CANICE Digital Display MPPT Solar Controller 60A 80A 100A 12V/48V Solar Control Panel Useful Protects Battery Battery Charger Home Use,₱850.19,N/A,https://www.lazada.com.ph/products/pdp-i5295715298.html
METALIX Digital Display MPPT Solar Charge Controller Protects Battery 12V/24V Solar Control Panel High Efficiency 30A 40A 100A Power Controller Home Use,₱519.51,N/A,https://www.lazada.com.ph/products/pdp-i15464644886.html
Solar Charge Controller 12V 24V 60A 80A 100A Dual USB LCD Display Auto Cell MPPT Panel Charger Regulator With Load,₱731.14,N/A,https://www.lazada.com.ph/products/pdp-i5408547425.html
KLICKKRATE Protects Battery MPPT Solar Controller 60A 80A 100A Digital Display Solar Control Panel Useful 12V/48V Battery Charger Home Use,₱848.49,N/A,https://www.lazada.com.ph/products/pdp-i15427458732.html
"NEW EPEVER XTRA Series 10A 20A 30A 40A 12/24V Auto MPPT Solar Charge Controller ,","₱10,580.00",N/A,https://www.lazada.com.ph/products/pdp-i5027393551.html
COOLSOO Protects Battery MPPT Solar Controller 60A 80A 100A Digital Display Battery Charger Useful 12V/48V Solar Control Panel Home Use,₱849.34,N/A,https://www.lazada.com.ph/products/pdp-i5295681369.html
200W/400W/600W MPPT Solar Charge Controller | Real-Time Tracking | Adjustable Output 10~85V | LED Display | Waterproof Dustproof MPPT step-down/up solar charge controller,"₱3,788.00",N/A,https://www.lazada.com.ph/products/pdp-i5273554973.html
【Fast Shipping】 100A MPPT Solar Charge Controller Intelligent Regulator 12V 24V 36V 48V Auto Solar Charge Controller for Solar Panel,"₱1,259.00",N/A,https://www.lazada.com.ph/products/pdp-i15389841227.html
MARBLEX 12V/24V MPPT Solar Charge Controller Protects Battery Digital Display Power Controller High Efficiency 30A 40A 100A Solar Controller Home Use,₱517.51,N/A,https://www.lazada.com.ph/products/pdp-i15464095206.html
Aibecy Solar Panel Charge Controller Overcurrent Protection 12V 24V 36V 48V 60V MPPT Solar Panel Regulator for Industrial Site Monitoring,"₱5,444.05",N/A,https://www.lazada.com.ph/products/pdp-i5356795027.html
MPPT Solar Panel Controller Module 5A Solar Charging Panel Regulator Charging PCB Board Simple MPPT Charge Controller for Small System,₱515.00,N/A,https://www.lazada.com.ph/products/pdp-i4265459825.html
100A 30A Mppt Solar Charge Controller 12V/24V Battery Regulator Solar Panel Controller LCD Display,₱489.00,N/A,https://www.lazada.com.ph/products/pdp-i4574289019.html
20A Solar Charge Controller 12V/24V Solar Panel Regulator with 5V USB Port MPPT Charge Controller for Lead-acid Battery/LiFePO4 Battery/Ternary Lithium Battery,"₱1,402.80",N/A,https://www.lazada.com.ph/products/pdp-i4246751534.html
【Weliba】 12V 24V 36V 48V Solar Charge Controller 150A MPPT with LCD Screen and USB Ports [New Products Hot Sale],"₱1,187.00",N/A,https://www.lazada.com.ph/products/pdp-i15460701777.html
Anern 40A 60A MPPT Solar Controller with BlackLight LCD Display Fast Charging 12V 24V 36V 48V Auto Solar Charge Controller,"₱3,878.00",N/A,https://www.lazada.com.ph/products/pdp-i5198406186.html
MPPT Solar Charge Controller 12V 24V 36V 48V LCD Display Solar Panel Battery Intelligent Solar Regulator,"₱2,076.20",N/A,https://www.lazada.com.ph/products/pdp-i15419103615.html
【Rockhouse】 MPPT Wind Turbine Controller with Boost Charging Tech 500W 800W 12V 24V [New Products],"₱1,735.00",N/A,https://www.lazada.com.ph/products/pdp-i15405604597.html
Nss solar charge controller 10A/20A/30A mppt solar charge controller soalr panel power inverter controller solar controller charger solar charger heavy duty NS-3303C,"₱1,050.00",N/A,https://www.lazada.com.ph/products/pdp-i3497270573.html
【RlGIYH】Hybrid Wind Solar Controller MPPT Charging Boost Wind Turbine Generator Solar Panel Home Street Light Controller,"₱1,566.47",N/A,https://www.lazada.com.ph/products/pdp-i5307921739.html
[Trivony] 1000-5000W MPPT Charge Controller 12V/24V AUTO 48V 10A-40A Wind Turbine Generator Water Proof Regulator Rectifier Factory Price,"₱1,561.03",N/A,https://www.lazada.com.ph/products/pdp-i15492613141.html
"Y&H 30A MPPT Solar Charge Controller 12V/24V Auto with LCD Display Bluetooth Connection, Dual USB for GEL,FLD,Lithium Battery",₱854.69,N/A,https://www.lazada.com.ph/products/pdp-i5113465510.html
【XINJIA】Aluminum for Outdoor Solar Panel Kit 100W 12V with MPPT Charge Controller for RV Camping Boat Trailer Systems,₱985.60,N/A,https://www.lazada.com.ph/products/pdp-i5345701420.html
DC 4-38V 8A Voltage Regulator Module Digital PWM Adjustabl DC-DC Step Down Voltage Regulator XL4016E1 XH-M404,₱156.30,N/A,https://www.lazada.com.ph/products/pdp-i1334286661.html
48V 60V 72V boost charging MPPT solar controller electric tricycle photovoltaic charger,"₱2,750.00",N/A,https://www.lazada.com.ph/products/pdp-i5194167182.html
【Seasonal Sale】 Mppt 60a Solar Charge Controller Esmart4 12/24/36/48v Panel Voltage Regulator Multiple Charging App Wifi,"₱1,240.47",N/A,https://www.lazada.com.ph/products/pdp-i4313572409.html
DC-DC Boost Power Supply Module Lithium Battery Charging Board 12A 600W MPPT Solar Panel Charge Regulator Controller Board,₱549.40,N/A,https://www.lazada.com.ph/products/pdp-i3743739018.html
Flowatt PWM solar energy Solar Charger Controller 10A 20A 30A 40A 50A 60A 12V 24V Charger LCD Dual USB Solar MPPT Solar Panel Controller Panel Regulator for Max 50V PV Input RBL solar panel controller,₱110.00,N/A,https://www.lazada.com.ph/products/pdp-i4049538862.html
SRNE Smart MPPT Solar Charging Controller with Boost LED Driver 12V/24V/15A,"₱1,938.60",N/A,https://www.lazada.com.ph/products/pdp-i5121796917.html
60A/30A/20A Solar Charge Controller 12V/24V LCD display and four USB ports Waterproof and lightning protection ABS material Circuit protection Solar Panel solar charger controller Controller Regulator,₱369.00,N/A,https://www.lazada.com.ph/products/pdp-i5192714665.html
1.6KW 3KW Solar Hybrid Inverter DC 12V 24V To AC 230V Off Grid Hybrid Solar Inverter Built-in 80A MPPT Solar Charge Controller Max PV 400VDC,"₱10,500.00",N/A,https://www.lazada.com.ph/products/pdp-i5248593794.html
30/40/50/60/100A MPPT Solar Charge Controller Dual USB LCD Display 12V 24V Auto Solar Cell Panel Charger Regulator With Load,₱831.16,N/A,https://www.lazada.com.ph/products/pdp-i15433501968.html
💥0 electricity bill💥 60A/30A/20A Solar Charge Controller 12V/24V LCD display and four USB ports Waterproof and lightning protection ABS material Circuit protection Solar Panel solar charger controller Controller Regulator,₱469.00,N/A,https://www.lazada.com.ph/products/pdp-i4636039613.html
5A MPPT Solar Panel Regulator Controller Solar Charging Control Panel Battery Charging 9V 12V 24V Auto Switch,₱356.32,N/A,https://www.lazada.com.ph/products/pdp-i5326048767.html
10A MPPT SRNE Solar Charge Contoller 12v/24v,"₱1,393.00",N/A,https://www.lazada.com.ph/products/pdp-i669504282.html
ELEJOY 200W 400W MPPT SOLAR CHARGE CONTROLLER SCC Step-down Real-time Tracking charge controller LED,"₱2,295.00",N/A,https://www.lazada.com.ph/products/pdp-i3409664567.html
Flowatt Solar Hybrid Inverter 4.2kw/6.2kw On-grid/Off-grid Hybrid Inverter 48Vdc 230VAC Pure Sine Wave Solar Inverter Built in 120A MPPT Solar charge Controller Support Charge Controller Lifepo4 Battery RGB Light One-click Repair Function,"₱19,000.00",N/A,https://www.lazada.com.ph/products/pdp-i4409036386.html
BOSTO MPPT Wind Turbine Charge Controller High Efficiency 100W‑600W Universal MPPT Wind Generator Controller Fast Heat Dissipation with LED Indicator for Lighting,"₱1,277.57",N/A,https://www.lazada.com.ph/products/pdp-i15410438093.html
20W Solar Panel Dual USB DC Battery Charger Kit +10A-30A mppt solar charge controller for Outdoor Power Generation System Parking Shed Electric Car （solar panle +controller）,₱209.00,N/A,https://www.lazada.com.ph/products/pdp-i4967438843.html
10A/20A/30A/40A/50A/60A MPPT Solar Charge Controller 12V/24V Auto With WiFi Solar Panel Charge Regulator Max PV Input 100VOC,"₱2,718.65",N/A,https://www.lazada.com.ph/products/pdp-i15409343835.html
SRNE MPPT SOLAR CHARGE CONTROLLER 20A,"₱3,360.00",N/A,https://www.lazada.com.ph/products/pdp-i337194196.html
POWLSOJX 100A 80A 60A Solar Charge Controller 12V 24V 36V 48V Auto MPPT Focusing Regulator with Dual USB LCD Display for LiFePO4,"₱1,350.02",N/A,https://www.lazada.com.ph/products/pdp-i5365668614.html
"MPPT Solar Charge Controller 12V 10A, USB and Type-C Output Solar Panel Charge Controller for , LiFePO? Battery","₱1,555.00",N/A,https://www.lazada.com.ph/products/pdp-i15389906750.html
Zamdon MPPT Solar Charge Controller 40A 12/24V | Wonder2-401224 | High Efficiency Solar Regulator Authentic,"₱5,800.00",N/A,https://www.lazada.com.ph/products/pdp-i5079882354.html
12V/24V/36V/48V Auto 150A MPPT Solar Charge Controller Battery Charging Off-Grid Automatic Identification Controller,"₱1,890.20",N/A,https://www.lazada.com.ph/products/pdp-i5200891944.html
【Deal of the day】 MPPT Wind Turbine Generator Controller 500W 3000W Wind Power Generating Controller With Overcharging Protection IP67 Waterproof,"₱1,238.30",N/A,https://www.lazada.com.ph/products/pdp-i5189277666.html
Lepmerk Smart MPPT Solar Controller IP65 Waterproof Battery Charging Regulator DHS-MPWP5S with 3 Colors Indicator for 12V Acid Batteries,"₱1,758.00",N/A,https://www.lazada.com.ph/products/pdp-i15430462516.html
"【TTONG Mall】MPPT Solar Charge Controller 12V 10A, USB Output Type-C Solar Panel Charger for , LiFePO? Battery","₱1,555.00",N/A,https://www.lazada.com.ph/products/pdp-i5408457843.html
diymore DC10-60V 600W MPPT Solar Boost Controller LTC1871 for Polymer Battery Lithium Iron Battery,₱678.00,N/A,https://www.lazada.com.ph/products/pdp-i3373617316.html
[Vodool Brand Center]100A MPPT Solar Charge Controller Solar PV Regulator 12V 24V 36V 48V Auto Solar Charge Controller for Solar Panel,"₱1,175.00",N/A,https://www.lazada.com.ph/products/pdp-i15424334604.html
SDLA12TA MPPT Solar Controller Charging Module for 12V 1-1000AH Lead-Acid Battery Solar Panel Regulator Charger Board,₱299.92,N/A,https://www.lazada.com.ph/products/pdp-i15442077140.html
MT51 Remote for EPEVER TRACER AN MPPT Solar Charge Controller,"₱1,990.00",N/A,https://www.lazada.com.ph/products/pdp-i744004530.html
-7210A MPPT Solar Charge Controller 24V/36V/48V/60V/72V Solar Regulator Battery Charger Panel Boost Voltage Module,"₱2,992.40",N/A,https://www.lazada.com.ph/products/pdp-i15447030116.html
MPPT Solar Charge Controller 30A/60A/120A 12V/24V/48V Battery Regulator Solar Panel Controller LCD Display,"₱5,106.90",N/A,https://www.lazada.com.ph/products/pdp-i5181391342.html
MPPT Solar Charge Controller 300W Universal Voltage For Electric Bicycle Battery 24V/36V/48V/72V,"₱1,699.00",N/A,https://www.lazada.com.ph/products/pdp-i4946814317.html
"MPPT Solar Charge Controller 12V 24V 36V 48V Battery System Auto,PV Solar Panel Regulator","₱1,709.30",N/A,https://www.lazada.com.ph/products/pdp-i15447701280.html
100A MPPT Solar Charge Controller Solar PV Battery Charger LCD Display Auto Solar Charge Controller Dual USB 12V 24V 36V 48V for Solar Panel,"₱1,279.00",N/A,https://www.lazada.com.ph/products/pdp-i15456357492.html
【New Arrival】 100A MPPT Solar Charge Controller Solar PV Regulator Dual USB Solar PV Battery Charger 12V 24V 36V 48V for Solar Panel,"₱1,259.00",N/A,https://www.lazada.com.ph/products/pdp-i5400308917.html
100A MPPT Solar Charge Controller Solar PV Battery Charger 12V 24V 36V 48V Auto Solar Charge Controller for Solar Panel,"₱1,259.00",N/A,https://www.lazada.com.ph/products/pdp-i5375324543.html
【HCS】100A MPPT Solar Charge Controller Solar PV Regulator LCD Display Intelligent Regulator 12V 24V 36V 48V for Solar Panel,"₱1,259.00",N/A,https://www.lazada.com.ph/products/pdp-i15391140515.html
Snadi 40A 12V 24V Auto Detection MPPT Solar Charge Controller LifePO4 100V,"₱3,900.00",N/A,https://www.lazada.com.ph/products/pdp-i5078019831.html
Solar Charge Controller 12V 24V PWM 30A with Adjustable LCD Display Dual USB Port Timer Setting Auto Parameter,₱151.00,N/A,https://www.lazada.com.ph/products/pdp-i15446800494.html
10-40A MPPT Solar Charge Controller 12V/24V Battery Voltage Max Solar Panel 100V EPEVER Regulator With LCD Data Remote Monitor,"₱3,735.59",N/A,https://www.lazada.com.ph/products/pdp-i15493389041.html
PowMr 1KW 12V Hybrid Solar Inverter 230Vac PV Start Voltage 20Voc Built In 80A MPPT Solar Charge Controller 50/60Hz Auto Pure Sine Wave Inverter,"₱6,350.00",N/A,https://www.lazada.com.ph/products/pdp-i5122915113.html
PowMr 1.6KW Off-Grid Hybrid Solar Inverter 24V Pure Sine Wave 230V AC | 80A MPPT Charge Controller | 30–400Voc PV Input | LiFePO4 & Lead-Acid Support,"₱14,255.00",N/A,https://www.lazada.com.ph/products/pdp-i15474819044.html
PowMr 1.6KW/3.2KW Hybrid Solar Inverter 230Vac PV Start Voltage 30Voc Built In 80A MPPT Solar Charge Controller 50/60Hz Auto Pure Sine Wave Inverter,"₱11,000.00",N/A,https://www.lazada.com.ph/products/pdp-i4158692860.html
200W Solar Panel Dual USB DC Battery Charger Kit +10A-100A mppt solar charge controller for Outdoor Power Generation System Parking Shed Electric Car （solar panle +controller A set）,"₱1,180.00",N/A,https://www.lazada.com.ph/products/pdp-i2463781086.html
Zamdon Authentic Zamdon MPPT Solar Charge Controller 60A 12/24V solar energy saver barattilla,"₱7,488.00",N/A,https://www.lazada.com.ph/products/pdp-i4922687638.html
Lepmerk MPPT Lithium Battery Charging Module MPPT Solar Panel Controller Module LiFePO4 1A 12V Adjustable for Automatic Charging -40℃ To ＋85℃,₱367.00,N/A,https://www.lazada.com.ph/products/pdp-i4880009630.html
SRNE 40A 12V/24V MPPT Solar Charge Controller,"₱7,924.00",N/A,https://www.lazada.com.ph/products/pdp-i5091270994.html
MPPT 100A 80A 60A Solar Charge Controller 12V 24V 36V 48V Solar Panel Lead Acid/Lithium Battery Regulator Dual USB,"₱1,195.00",N/A,https://www.lazada.com.ph/products/pdp-i15489312000.html
【Popular choice】 Mppt Solar Controller With Temperature Sensor Epever 40a Tracer4210an 3210an 2210an 1210an 40amps Epsolar Regulator,"₱4,073.47",N/A,https://www.lazada.com.ph/products/pdp-i4313568497.html
diymore MPPT450W Solar Controller DC12-50V Input Boost Charge 24V36V48V60V72V Solar Boost Controller,"₱1,568.00",N/A,https://www.lazada.com.ph/products/pdp-i4414233102.html
NEW SRNE MA SERIES 30A 40A 60A (12/24V/48V) MPPT Solar Charge Controller LifePO4 Compatible High Efficiency,"₱9,100.00",N/A,https://www.lazada.com.ph/products/pdp-i3375490808.html
MPPT Solar Controller Charger,"₱11,857.00",N/A,https://www.lazada.com.ph/products/pdp-i15454992765.html
MPPT Solar Controller Boost Regulator 10A 24V-72V for Electric Vehicles Lithium Batteries Solar System Kits,"₱2,321.00",N/A,https://www.lazada.com.ph/products/pdp-i5045260561.html
BOSCA MPPT Solar Charge Controller 10A 20A 30A 40A 50A 60A 80A Solar Controller 12V 24V 48V Auto LCD Solar Regulator with Dual USB Solar Charge Controller,"₱2,499.00",N/A,https://www.lazada.com.ph/products/pdp-i1686188292.html
40A/30A/20A Solar Charger Controller 12V/24V MPPT Solar Controller Battery Charger Solar Panel Regulator with LCD Display,"₱2,160.00",N/A,https://www.lazada.com.ph/products/pdp-i4311429024.html
MPPT 450W Stepdown Solar Controller 18V-80V Input Charging For 12V 24V Lithium Lead-Acid Gel Battery Real-Time Tracking Adjustab,"₱3,176.80",N/A,https://www.lazada.com.ph/products/pdp-i5323204372.html
【Latest model】MPPT Solar Charging Controller 800w 24-85V Input/18-65V Output Adjustable Voltage with Display for Electric Vehicles,"₱3,959.54",N/A,https://www.lazada.com.ph/products/pdp-i15446740249.html
Lepmerk Wind Solar Hybrid Charge Controller MPPT 1000W Wind Turbine and 1000W Solar Panel Charge Controller with Boost Function and Dump Load,"₱11,040.00",N/A,https://www.lazada.com.ph/products/pdp-i15463448096.html
[PENGGONG] 70A 80A 90A MPPT Solar Charge Controller with Dual USB 5V Output and LCD Screen,"₱2,534.00",N/A,https://www.lazada.com.ph/products/pdp-i15461710389.html
"Y&H Solar Charge Controller with WiFi 60A/120A MPPT Controller 12V 24V 36V 48V 60V 72V 84V 96V Battery System Auto,Max Input 230V PV Solar Panel Regulator,fit for Gel Flooded and Lithium Battery User","₱5,786.00",N/A,https://www.lazada.com.ph/products/pdp-i5136363370.html
60A Mppt Solar Charge Controler 12v/24v/36v/48v/60v/72v/84v/96v,"₱8,800.00",N/A,https://www.lazada.com.ph/products/pdp-i3531046763.html
【Huang Li Electronics】MPT-7210A MPPT Solar Charge Controller Green Solar Charge Controller Metal Solar Charge Controller 24V/36V/48V/60V/72V Solar Regulator Battery Charger Panel Boost Voltage Module,"₱2,944.40",N/A,https://www.lazada.com.ph/products/pdp-i15447390911.html
ZHOUYANG | MPPT Solar Controller For Lead-Acid Lithium Battery,"₱1,601.00",N/A,https://www.lazada.com.ph/products/pdp-i15418661415.html
1400W MPPT WIND SOLAR HYBRID CHARGE CONTROLLER 12/24V AUTO FOR 800W WIND+600W SOLAR,"₱17,780.00",N/A,https://www.lazada.com.ph/products/pdp-i334720056.html
MPPT Solar Controller Boost Regulator 10A 24V-72V for Electric Vehicles Lithium Batteries Solar System Kits,"₱2,321.00",N/A,https://www.lazada.com.ph/products/pdp-i5049275663.html
PowMr MPPT Solar Charger Controller 60A 12V 24V 36V 48V Auto for Max 190VDC PV Input Solar Charge and Discharge Controller HHJ-60A,"₱3,150.00",N/A,https://www.lazada.com.ph/products/pdp-i5035956937.html
PowMr 60A Mppt Solar Charger Controller 12V-48V With Blacklight LCD Regulator Max PV Input 160VDC Support Lithium Battery Battery Charger,"₱4,170.00",N/A,https://www.lazada.com.ph/products/pdp-i4022034517.html
Luckybabys 10A-60A Mppt 12V/24V Solar Charger Controller Usb Dual Solar Panel Regulator,₱564.49,N/A,https://www.lazada.com.ph/products/pdp-i4288226342.html
BOSCA Solar Charge Controller MPPT 12v 24v 36v 48v AUTO 60A 80A 100A MPK6048 MPK8048 LED color display Button mode Parameters adjustable Maximum power point tracking Forced air cooling Temperature compensation,"₱6,599.00",N/A,https://www.lazada.com.ph/products/pdp-i3460120915.html
FUXING 600W MPPT Solar Boost Controller Charger for Golf Cart Electric Vehicle,"₱2,549.00",N/A,https://www.lazada.com.ph/products/pdp-i5200765227.html
DEMUDA New 12V/24v/36v/48v Automatic MPPT Solar Charge Controller 30a 40a 60a 80a 100 Amp Solar Panel Charger Controller with WIFI,"₱9,200.00",N/A,https://www.lazada.com.ph/products/pdp-i4224159826.html
Zamdon MPPT Solar Charge Controller 40A 12/24V,"₱5,999.00",N/A,https://www.lazada.com.ph/products/pdp-i3685786434.html
BateriaPower 12V MPPT Solar Charging Controller 10A Automatic Battery Regulator Solar Panel Maximum 150V Plug MC4 Conversion SAE Plug Interface Connection,"₱2,800.00",N/A,https://www.lazada.com.ph/products/pdp-i5411382747.html
BOSCA Solar Charge Controller MPPT,"₱3,500.00",N/A,https://www.lazada.com.ph/products/pdp-i15436563943.html
【Latest model】MPPT Boost Solar Charging Controller 800w 24-85V Input 18-65V Output Adjustable Voltage with Display Automatic Electric Vehicle,"₱3,839.54",N/A,https://www.lazada.com.ph/products/pdp-i15451886652.html
MPPT Boost Solar Controller 18V Charging 24V 48V 72V 900W Electric Vehicle Charging for RV Golf Car,"₱3,172.20",N/A,https://www.lazada.com.ph/products/pdp-i15409203341.html
MPPT Solar EBIKE Electric Vehicle Special Controller Boost Charge 600W Max PV Heavy Duty LiFePO4 Lea,"₱4,467.80",N/A,https://www.lazada.com.ph/products/pdp-i5033491412.html
PowMr 30/20/10A PWM Solar Charge Controller 12v 24v Auto With LCD Display Dual USB Solar Regulator Lithium Battery Activation,₱134.40,N/A,https://www.lazada.com.ph/products/pdp-i1923023966.html
1 Cell Lithium Battery Charge Charging Board CN3791 MPPT Solar Panel 3.7V 4.2V DC-DC Regulator Controller Module 6V 9V 12V 2A,₱77.00,N/A,https://www.lazada.com.ph/products/pdp-i3246865117.html
PowMr 30A/60A/80A PWM Solar Charge Controller 12V-48V Solar Controller Solar Panel Battery Regulator Dual USB LCD Display Pstar,₱979.20,N/A,https://www.lazada.com.ph/products/pdp-i2462538773.html
【10 Year warranty】150W/350W/500W Solar Panel Charging Panel heavy duty Monocrystalline Silicon Power Generation Panel waterproof lightning high conversion rate 0 electricity bill solar,₱479.00,N/A,https://www.lazada.com.ph/products/pdp-i15446147157.html
diymore DC 18-90V 800W Adjustable Step-Down Module MPPT Solar Charge Controller Universal for Lithium Battery Storage,"₱1,014.00",N/A,https://www.lazada.com.ph/products/pdp-i5267201054.html
RcTlB Solar Controller Charger 3A Automatic Charging Module Board Stable Output for 12V Battery Backup Solar Systems,₱102.43,N/A,https://www.lazada.com.ph/products/pdp-i15490263583.html
"30A PWM Solar Charge Controller 12V/24V Battery Regulator Solar Panel Controller LCD Display with Dual USB Port, Auto Parameter Adjustable, Multiple Load Control Modes",₱189.00,N/A,https://www.lazada.com.ph/products/pdp-i15477453797.html
💥0 electricity bill💥 60A/30A/20A Solar Charge Controller 12V/24V LCD display and four USB ports Waterproof and lightning protection ABS material Circuit protection Solar Panel solar charger controller Controller Regulator,₱459.00,N/A,https://www.lazada.com.ph/products/pdp-i5362914525.html
Ueblock✈12V 24V Solar Charge Controller Auto Solar Regulator Solar Panel Controller for Home and Outdoor Energy Solution,₱454.00,N/A,https://www.lazada.com.ph/products/pdp-i5397095880.html
0 Electricity Bill 20A Solar Charge Controller 12V 24V LCD Display 4 USB Ports Solar Power System Battery Regulator Energy Saver,₱389.00,N/A,https://www.lazada.com.ph/products/pdp-i15456338904.html
PowMr 1KW 12V Hybrid Solar Inverter 230Vac PV Start Voltage 20Voc Built In 80A MPPT Solar Charge Controller 50/60Hz Auto Pure Sine Wave Inverter,"₱7,200.00",N/A,https://www.lazada.com.ph/products/pdp-i4400695559.html
ECGSOLAX MPPT 40A Solar Charger Controller 12V/24V Auto Solar Controller with LCD Backlit Display,"₱2,300.00",N/A,https://www.lazada.com.ph/products/pdp-i5343625242.html
Risym | MPPT Display Solar Controller 5A,₱424.45,N/A,https://www.lazada.com.ph/products/pdp-i15433759061.html
20A 12V/24V Solar Charge Controller by Feel at Home,₱485.00,N/A,https://www.lazada.com.ph/products/pdp-i801774918.html
MPPT Solar Panel Boost Controller 450W Electric Vehicle Solar Charger 48V 60V 72V High Efficiency Silent Operation,"₱1,984.00",N/A,https://www.lazada.com.ph/products/pdp-i5164628826.html
NANWEI Boost Wind Turbine Controller High Efficiency Automatic Step Up Type MPPT Fast Heat Dissipation 16A Wind Charge Controller for Home,₱960.00,N/A,https://www.lazada.com.ph/products/pdp-i15407227571.html
"Flowatt MPPT-60A Solar Charge Controller 12/24/36/48V with Backlight, Automatic Voltage Detection, 150VDC Input, 60A Max Charging Current for LiFePO4 Batteries","₱2,800.00",N/A,https://www.lazada.com.ph/products/pdp-i4397575959.html
"MPPT Solar Ccontroller 60A/80A/100A12V 24V 36V 48V AUTO Battery Charger with LCD,Automatic VID",₱669.00,N/A,https://www.lazada.com.ph/products/pdp-i5105460121.html
Diymore MPPT Solar Controller 12V 10A Solar PV Controller Suitable for Lead-Acid and Lithium Batteries,"₱1,032.00",N/A,https://www.lazada.com.ph/products/pdp-i15428090613.html
EPEVER PWM Solar Charge Controller Loadstar LS1012E LS1012EU ViewStar VS1024BN Tracer 1210RN MPPT10A VS5048N 50A,"₱1,200.00",N/A,https://www.lazada.com.ph/products/pdp-i3477830173.html
MPPT Solar Charger 60A/80A/100A 12V 24V 36V48V AUTO Battery Charger with LCD for Lithium Battery,₱898.00,N/A,https://www.lazada.com.ph/products/pdp-i5224653344.html
MPPT 30A 60A 120A Solar Charge Controller 12V 24V 36V 48V Automatic voltage recognition Solar Panel Lead Acid/Lithium Battery Regulator,"₱6,016.90",N/A,https://www.lazada.com.ph/products/pdp-i15437132548.html
【HCS】100A MPPT Solar Charge Controller Solar PV Regulator LCD Display Intelligent Regulator 12V 24V 36V 48V for Solar Panel,"₱1,259.00",N/A,https://www.lazada.com.ph/products/pdp-i15392094766.html
"BOSCA MPJ Series MPPT SCC Solar Charge Controller for AGM, GEL, Liquid. LiFePO4 Batteries 12/24V 20A 30A 40A 60A","₱2,267.00",N/A,https://www.lazada.com.ph/products/pdp-i4727227452.html
[UEB Mall]100A MPPT Solar Charge Controller Intelligent Regulator Dual USB Solar Panel Regulator 12V 24V 36V 48V for Solar Panel,"₱1,259.00",N/A,https://www.lazada.com.ph/products/pdp-i5376625547.html
BOSTO ERYUE Intelligent MPPT Wind Solar Hybrid Charge Controller for Above 12/24V 800W Fan Suitable for WindSolar Hybrid Systems,"₱2,071.50",N/A,https://www.lazada.com.ph/products/pdp-i15421932275.html
"Unicorn MPPT Solar Ccontroller 60A/80A/100A12V 24V 36V 48V AUTO Battery Charger with LCD,Automatic VID，compatible with lead acid/colloid",₱669.00,N/A,https://www.lazada.com.ph/products/pdp-i4891415457.html
"PowMr MPPT 140A Solar Charge Controller with LCD High Voltage MAX PV Input 500V for 48V Energy Storage Battery Chargers AMG,Flooded,LI,User","₱12,500.00",N/A,https://www.lazada.com.ph/products/pdp-i4623790628.html
Solar Charge Controller KDY - APP Function 12V 24V 48V Self Adaption Pane US,"₱2,446.25",N/A,https://www.lazada.com.ph/products/pdp-i4559955922.html
【FURONGHUA】 MPPT Solar Charge Controller 150 Amp 12V 24V 36V 48V LCD Battery Regulator,"₱2,995.00",N/A,https://www.lazada.com.ph/products/pdp-i15461574312.html
"DEKES MPPT Solar Ccontroller 60A/80A/100A 12V 24V 36V 48V AUTO Battery Charger with LCD,Automatic VID",₱669.00,N/A,https://www.lazada.com.ph/products/pdp-i4891289937.html
"MPPT Solar Charge Controller 12V 24V 36V 48V Battery System Auto,PV Solar Panel Regulator","₱1,709.30",N/A,https://www.lazada.com.ph/products/pdp-i15421834553.html
"CHUANGCHAO MPPT Solar Ccontroller 60A/80A/100A12V 24V 36V 48V AUTO Battery Charger with LCD,Automatic VID",₱669.00,N/A,https://www.lazada.com.ph/products/pdp-i5362842088.html
"MPPT 20A Solar Charger Controller 12V 24V Battery Regulator with LCD Display for , Gel, Flooded and Lithium","₱1,502.10",N/A,https://www.lazada.com.ph/products/pdp-i15419137141.html
MPPT Solar Charge Controller DC 12V/24V/36V/48V - 60A & 100A,"₱1,488.00",N/A,https://www.lazada.com.ph/products/pdp-i4685390172.html
GARRYFIZH MPPT Wind Turbine Charger Controller 300W - 1000W 12V 24V 40A Mini Wind Turbine Generator Regulator IP67 Low Voltage Controller with Digital LED Indicator,₱855.00,N/A,https://www.lazada.com.ph/products/pdp-i5257831473.html
SRNE MC Series 20A 30A 40A 50A 12/24V Auto Detect MPPT Solar Charge Controller BT-1 BT-2 RM-5 Remote Meter For ML Series RM-6 Remote Meter For MC Series,"₱1,300.00",N/A,https://www.lazada.com.ph/products/pdp-i731514875.html
"Solar Charge Controller 20A 12V 24V 36V 48V MPPT for Lifepo4, Sealed, Gel,, Flooded,Lithium Battery","₱5,792.00",N/A,https://www.lazada.com.ph/products/pdp-i5250369538.html
"SRNE BT-2 External Bluetooth module MPPT Solar Charge Controller For MA Series MC Series Shiner Seri ,","₱3,950.00",N/A,https://www.lazada.com.ph/products/pdp-i5027378603.html
One Solar Mppt 40A Charger Charge Controller 12V 24V 48V 40A 60A 80A 100A not SRNE Fast Shipping,"₱10,880.00",N/A,https://www.lazada.com.ph/products/pdp-i5324191707.html
PowMr 1000W 12V MPPT Solar System 230Vac All in one Inverter Built In 80A MPPT Solar Charge Controller 200W Monocrystalline Solar Panel with 12V 100AH Lithium battery Rechargeable Power System,"₱8,500.00",N/A,https://www.lazada.com.ph/products/pdp-i15497964371.html
1.5KW 24V Hybrid Solar Inverter 230Vac PV Start Voltage 30Voc Built In 80A MPPT Solar Charge Controller 50/60Hz Auto Pure Sine Wave Inverter,"₱8,900.00",N/A,https://www.lazada.com.ph/products/pdp-i4537306735.html
Solar Panel Controller 20A/30A/ 60A Solar Charge Controller 12V/24V automatic recognition Battery Regulator Three-stage PWM adjustable charging Alloy heat dissipation back plate LED liquid crystal display and with four USB ports,₱369.00,N/A,https://www.lazada.com.ph/products/pdp-i5192716649.html
12V 24V Auto Solar Regulator Solar Power Controller LED Display Solar Controller for Home and Outdoor Energy Solution[Ueb Flagship Store],₱454.00,N/A,https://www.lazada.com.ph/products/pdp-i5357735692.html
Flowatt 1KW 1.5KW Off-grid Hybrid Solar inverter 12V 24V 220V Pure Sine Wave Hybrid inverter Solar Inverter MPPT 80A Solar Charge Controller Max PV 150VDC,"₱6,500.00",N/A,https://www.lazada.com.ph/products/pdp-i4109453220.html
60A/30A/20A 12V 24V Solar Charge Controller Lithium Battery Charge Controller LED Display Solar Controller for Home and Outdoor Energy Solution,₱369.00,N/A,https://www.lazada.com.ph/products/pdp-i5192715757.html
PowMr 1KW Off grid Hybrid Solar Inverter Built-in 80A MPPT Solar Charge Controller 12V to 230Vac Pure Sine Wave Inverter 50/60Hz Auto All In One Solar Inverter,"₱6,850.00",N/A,https://www.lazada.com.ph/products/pdp-i4516240556.html
【MotorrTop】400W MPPT Step-down Real-time Tracking Solar Battery Recharging Controller LED Display 10~30V Output Voltage Adjustable Dustproof Waterproof,"₱2,975.00",N/A,https://www.lazada.com.ph/products/pdp-i3439382325.html
💥0 electricity bill💥 60A/30A/20A Solar Charge Controller 12V/24V LCD display and four USB ports Waterproof and lightning protection ABS material Circuit protection Solar Panel solar charger controller Controller Regulator,₱449.00,N/A,https://www.lazada.com.ph/products/pdp-i4550436844.html
600W Step-Down MPPT Solar Charging Controller 10-30V/17-85V Output Solar Intelligent Temperature Recharging Controller,"₱2,887.05",N/A,https://www.lazada.com.ph/products/pdp-i15449565485.html
MPPT Solar Charge Controller Dual USB Port Backlit LCD Display Solar Panel Regulator 12V 24V 36V 48V Adaptive,"₱1,362.55",N/A,https://www.lazada.com.ph/products/pdp-i15469014456.html
Solar Controller MPPT Embeddable For Remote Surveillance,"₱4,766.00",N/A,https://www.lazada.com.ph/products/pdp-i15455443427.html
Smart MPPT Solar Charger Controller,"₱3,322.00",N/A,https://www.lazada.com.ph/products/pdp-i15455309761.html
【Latest model】MPPT Boost Solar Electric Vehicle Charging Controller 18V 24V 48V 72V 900W for RV Golf Car,"₱3,386.20",N/A,https://www.lazada.com.ph/products/pdp-i15446881880.html
BOSTO Solar Panel Controller Current Limit Charging 12V 24V 36V 48V MPPT Solar Regulator for Home Power Generation,"₱4,886.54",N/A,https://www.lazada.com.ph/products/pdp-i15412407115.html
AK | MPPT Inverter All-in-one Solar Controller,"₱3,162.00",N/A,https://www.lazada.com.ph/products/pdp-i15409217779.html
EPEVER Waterproof MPPT Solar Charger Controller 10A 15A 20A 30A Tracer2606BP Tracer2610BP 3906BP 3910B Tracer5206BP Tracer7810BP,"₱2,909.77",N/A,https://www.lazada.com.ph/products/pdp-i5308397982.html
PowMr 1.6KW 12V Hybrid Solar Inverter 230Vac PV Start Voltage 30Voc Built In 80A MPPT Solar Charge Controller 50/60Hz Auto Pure Sine Wave Inverter,"₱10,300.00",N/A,https://www.lazada.com.ph/products/pdp-i4058205155.html
KKmoon WiFi+BT 60A Solar Charger Controller 12V/24V/36V/48V/60V Charging MPPT Controllers LCD Display Dual USB 5V Output Controller APP Remote Control Solar Charge Controller,"₱2,037.37",N/A,https://www.lazada.com.ph/products/pdp-i4370319514.html
MPPT solar booster charging controller electric car charger 48V/60V/72V three-speed adjustable.,"₱3,073.40",N/A,https://www.lazada.com.ph/products/pdp-i4793156038.html
PowMr 2KW 3.2KW Hybrid Solar Inverter 230Vac Built In 80A MPPT Solar Charge Controller PV Start Voltage 30Voc 50/60Hz Auto All In One Solar Inverter,"₱10,000.00",N/A,https://www.lazada.com.ph/products/pdp-i4510118477.html
HanTech PowMr 3.2KW Hybrid Solar Inverter 230Vac PV Max 450Vdc Built In 80A MPPT Solar Charge Controller,"₱10,500.00",N/A,https://www.lazada.com.ph/products/pdp-i3776308505.html
"MPPT Solar Charge Controller 60A with Fan Cooling 12V 24V 36V 48V Regulator for Lithium LiFePo4 Lead-Acid,Batteries","₱4,910.70",N/A,https://www.lazada.com.ph/products/pdp-i5284302714.html
[frthrthrt]MPPT 60A Solar Charging Charger Controller with Fan Cooling 12V 24V 36V 48V Regulator for Lithium LiFePo4& Lead-Acid Battery Systems,"₱4,910.70",N/A,https://www.lazada.com.ph/products/pdp-i15445053821.html
BOSCA MPPT 10A/20A/30A/40A/50A/60A/80A Solar Charge Controller 12V 24V 48V Auto Color LCD with Dual USB Port,"₱3,499.00",N/A,https://www.lazada.com.ph/products/pdp-i3385456055.html
EPEVER XTRA MPPT Solar Charge Controller 10A/20A/30A/40A 12/24V High-Efficiency Battery Charger with Universal Plug for Solar Energy Solutions,"₱3,500.00",N/A,https://www.lazada.com.ph/products/pdp-i4132233081.html
【Latest model】60A12V-V125 MPPT Solar Charge Controller MPPT Solar Charge Controller 60A 12V MPPT Solar Charge Controller MPPT Solar Charge Controller forLi-NMC LifePO4 Lead-Acid Battery,"₱5,475.89",N/A,https://www.lazada.com.ph/products/pdp-i15451278342.html
[Ueb Wholesale Center]100A MPPT Solar Charge Controller Solar Panel Regulator 12V 24V 36V 48V Auto Solar Charge Controller for Solar Panel,"₱1,259.00",N/A,https://www.lazada.com.ph/products/pdp-i5406310411.html
【Fast delivery】 100A MPPT Solar Charge Controller Solar PV Regulator Dual USB Intelligent Regulator 12V 24V 36V 48V for Solar Panel,"₱1,783.00",N/A,https://www.lazada.com.ph/products/pdp-i5374688260.html
One Solar Mppt 60A Charger Charge Controller 12V 24V 48V 40A 60A 80A 100A not SRNE Fast Shipping,"₱16,280.00",N/A,https://www.lazada.com.ph/products/pdp-i5324221596.html
Solar MPPT step-up electric vehicle controller 24/36V48V/60V72V solar charger,"₱7,486.48",N/A,https://www.lazada.com.ph/products/pdp-i4992978223.html
[Chinatera Brand Store] 100A MPPT Solar Charge Controller Solar PV Battery Charger 12V 24V 36V 48V Auto Solar Charge Controller for Solar Panel,"₱1,259.00",N/A,https://www.lazada.com.ph/products/pdp-i15408166056.html
"【Latest model】MPPT Solar Charger Controller 60A 12V 24V 36V 48V Regulator with Fan Cooling for Lithium LiFePo4 Lead-Acid,Batteries","₱5,110.70",N/A,https://www.lazada.com.ph/products/pdp-i15434370993.html
YHTU 30A 60A 120A MPPT Solar Controller With Backlit LCD 12V/24V/36V/48V AUTO Wide Battery Compatibility 2880W Max /Battery Voltage/Capacity Display,"₱6,016.90",N/A,https://www.lazada.com.ph/products/pdp-i15447014434.html
"Victron energy SmartSolar MPPT 75/10, 75/15, 100/15 & 100/20","₱10,657.00",N/A,https://www.lazada.com.ph/products/pdp-i273265746.html
MPPT Solar Controller 30A/ 60A/80A/100A 12V 24V 36V 48V with LCD Screen AUTO Battery Charger,"₱1,464.50",N/A,https://www.lazada.com.ph/products/pdp-i4900989706.html
"BOSCA MPK Series MPPT SCC Solar Charge Controller for AGM, GEL, Liquid. LiFePO4 B7atteries MPJ Series 12-48V Auto 30A-100A","₱6,507.00",N/A,https://www.lazada.com.ph/products/pdp-i15455631546.html
SNAT MPPT Controller 96V 60A,"₱11,000.00",N/A,https://www.lazada.com.ph/products/pdp-i2309714664.html
PowMr 30A MPPT Solar Charger Controller 12-24V Auto Solar Panel Regulator 75Vdc PV Input LCD Display Various Load Control Modes,"₱2,154.00",N/A,https://www.lazada.com.ph/products/pdp-i4022175060.html
GUANGHEGUINENG | Automatic Universal MPPT Solar Controller Wifi Bluetooth,"₱8,327.00",N/A,https://www.lazada.com.ph/products/pdp-i15405564052.html
"MPPT Solar Charge Controller 10A 12V, Solar Panel Controller Featuring Type-C Input, USB Output For Lifepo Battery","₱1,336.15",N/A,https://www.lazada.com.ph/products/pdp-i15469021543.html
Solar Charge Controller 12V 24V PWM 30A with Adjustable LCD Display Dual USB Port Timer Setting Auto Parameter,₱209.00,N/A,https://www.lazada.com.ph/products/pdp-i4413309300.html
Snaterm 60A 80A 100A MPPT Solar Charge Controller Tool 12V 24V 36V 48V Solar Panel Battery Smart Regulator Lead Acid/Lithium use,"₱1,799.37",N/A,https://www.lazada.com.ph/products/pdp-i4421918115.html
PV Inverter 3600W 24V MPPT Solar Charging Controller Pure Xuanbo Inverter UPS Function 6200W 48V Household Appliance Driver Hybrid Solar Inverter,"₱16,297.40",N/A,https://www.lazada.com.ph/products/pdp-i5285986397.html
Risym | MPPT Solar Battery Charging Module 6/9/12V,₱109.16,N/A,https://www.lazada.com.ph/products/pdp-i5404275929.html
12V 24V Auto WiFi MPPT Solar Charge Controller 20A/30A/40A/60A Dual USB LCD Display Solar Panel Regulator Solar PV Regulators,"₱4,139.68",N/A,https://www.lazada.com.ph/products/pdp-i5393525111.html
"[LIXIAOJU] 30A 20A 10A Solar Charge Controller 12V 24V Auto Solar Panel PV LCD Controller For Lead-Acid Battery, Lithium Battery Dual USB",₱203.97,N/A,https://www.lazada.com.ph/products/pdp-i4746234753.html
"(BUY 1 TAKE 1)Extension cable socket long plug-in 0.5M/5M/10M/20M/30M /40M electric vehicle charging extention wire with socket,1.5M/1.8M extension cord socket#CP",₱119.00,N/A,https://www.lazada.com.ph/products/pdp-i4469088341.html
XYX Solar Controller Charger Board 3A Charging Module Intelligent Automatic Control for Small Solar Generator Kits,₱104.98,N/A,https://www.lazada.com.ph/products/pdp-i15468459750.html
- SDLA12TA MPPT Solar Controller Charging Module For 12V 1-1000AH Lead-Acid Battery Solar Panel Regulator Charger Board -,₱580.72,N/A,https://www.lazada.com.ph/products/pdp-i15463705514.html
3A Charging Module Automatic Board Solar Controller Solar Controller Charger,₱105.00,N/A,https://www.lazada.com.ph/products/pdp-i5350939315.html
100A 50A 30A Mppt Solar Charge Controller 12V/24V Battery Regulator Solar Panel Controller LCD Display,₱695.00,N/A,https://www.lazada.com.ph/products/pdp-i4919873259.html
300W MPPT 24V/36V/48V/60V/72V Solar Boost Charge Controller Electric Car Vehicle Charging Voltage Regulator 97% Efficiency,"₱2,239.30",N/A,https://www.lazada.com.ph/products/pdp-i5050285496.html
30A Solar Charge Controller 12V/24V LCD Display and 4 USB Ports,₱416.00,N/A,https://www.lazada.com.ph/products/pdp-i5316242485.html
400W MPPT Solar Charger Controller Step-up/Step-down Real-time Monitoring 24~85V/10~30V Output Voltage Solar Battery Recharging,"₱2,180.01",N/A,https://www.lazada.com.ph/products/pdp-i15424097690.html
"MPPT Solar Charge Controller 10A 12V, Solar Panel Controller Featuring Type-C Input, USB Output For Lead Acid Lithium Battery","₱1,083.03",N/A,https://www.lazada.com.ph/products/pdp-i15475505813.html
Solar Controller Dual USB LCD Display MPPT Accessory Solar Battery Regulator PV Regulator 10A 20A 30A 12V 24V Built-in Timer,₱317.00,N/A,https://www.lazada.com.ph/products/pdp-i15429655471.html
Hot Sale SDLA12TA MPPT Solar Controller Charging Module for 12V 1-1000AH Lead-Acid Battery Solar Panel Regulator Charger Board,₱445.37,N/A,https://www.lazada.com.ph/products/pdp-i15434946529.html
20A Solar Charge Controller 12V 24V LCD Display 4USB Output Solar Charger Controller No Electricity,₱389.00,N/A,https://www.lazada.com.ph/products/pdp-i15455447494.html
BOSCA Solar Charge Controller MPPT 12V 24V 36V 48V AUTO 30A 40A 60A 80A 100A LED Color Display Button Mode Parameters Adjustable Maximum Power Point Tracking Forced Air Cooling Temperature Compensation MPK4048 MPK6048 MPK8048,"₱6,748.00",N/A,https://www.lazada.com.ph/products/pdp-i4952115845.html
NANWEI Wind Solar Hybrid Charge Controller MPPT 1000W Wind Turbine and 1000W Solar Panel Charge Controller with Boost Function and Dump Load,"₱13,549.00",N/A,https://www.lazada.com.ph/products/pdp-i15404743505.html
GUANGHEGUINENG | MPPT Intelligent Solar Controller Universal Voltage,"₱7,957.00",N/A,https://www.lazada.com.ph/products/pdp-i15405519504.html
Upgrade NEW 100W Solar Panel Powered kit USB Charger 10A-60A MPPT Solar Charger Controller Multi-purpose for Mobile Phone Vehicle Ship Charging Board Caravan Van,₱918.74,N/A,https://www.lazada.com.ph/products/pdp-i3666658908.html
BOSTO Wind Solar Hybrid Charge Controller MPPT 1000W Wind Turbine and 1000W Solar Panel Charge Controller with Boost Function and Dump Load,"₱9,717.30",N/A,https://www.lazada.com.ph/products/pdp-i15404800882.html
MPPT Intelligent Display Solar Controller,"₱9,775.00",N/A,https://www.lazada.com.ph/products/pdp-i15405498450.html
SNAT MPPT Controller 48V 80A,"₱13,500.00",N/A,https://www.lazada.com.ph/products/pdp-i2306687454.html
SRNE MPPT 40A Charge Controller (12V/24V) LIFEPO4 Charger Fast Shipping,"₱13,980.00",N/A,https://www.lazada.com.ph/products/pdp-i5324244553.html
Lepmerk MPPT Wind Solar Controller 24V 48V Wind Solar Hybrid Controller LCD Automatic Recognition Wind 1000W for Street Lamp,"₱13,081.00",N/A,https://www.lazada.com.ph/products/pdp-i15408765975.html
DEKES MPPT Solar Charger 30A/60A/80A/100A 12V 24V 36V48V AUTO Battery Charger with LCD for lithium battery Automatic VID,₱659.00,N/A,https://www.lazada.com.ph/products/pdp-i5404483618.html
BOSCA 10A/20A/30A/40A/50A/60A MPPT Solar Charge Controller 12V 24V 48V Auto Color LCD Display,"₱3,520.00",N/A,https://www.lazada.com.ph/products/pdp-i2714054775.html
ANENG Solar Controller MPPT PV Solar Controller 12V 24V Voltage Regulation Easy To Install Photovoltaic Protection Function Lightweight for Factory,₱834.00,N/A,https://www.lazada.com.ph/products/pdp-i15410286454.html
MPPT SOLAR CONTROLLER DC-DC CHARGER by The Garage Manila battery charger solar charger,"₱16,850.00",N/A,https://www.lazada.com.ph/products/pdp-i5089131391.html
Mppt solar controller 30A photovoltaic panel charger lead-acid lithium battery 12V24V48 fully automatic universal type,"₱1,970.12",N/A,https://www.lazada.com.ph/products/pdp-i5112640349.html
NEW SRNE SHINER SERIES 10A 20A 30A 40A 60A (12/24V) MPPT Solar Charge Controller LifePO4 Compatible High Efficiency,"₱8,000.00",N/A,https://www.lazada.com.ph/products/pdp-i4282460488.html
SRNE ML2440 12/24V 40A LCD mppt solar charge controller,"₱17,731.12",N/A,https://www.lazada.com.ph/products/pdp-i4792384935.html
SRNE MD SERIES MD4830N06 30A (12/24V/48V) DC-DC Charger MPPT Solar Charge Controller,"₱13,800.00",N/A,https://www.lazada.com.ph/products/pdp-i3377870688.html
"EPEVER PWM Solar Charge Controller Loadstar LS1012E LS1012EU ViewStar VS1024BN Tracer 1210RN MPPT10 ,","₱3,977.00",N/A,https://www.lazada.com.ph/products/pdp-i5027462480.html
"NEW SRNE SHINER SERIES 10A 20A 30A 40A 60A (12/24V) MPPT Solar Charge Controller LifePO4 Compatible ,","₱12,977.00",N/A,https://www.lazada.com.ph/products/pdp-i5027540275.html
"SRNE shuori MPPT solar charge and discharge controller 10a20a, 30a, 40a, 50a, 60a, 80a and 100a.","₱31,758.42",N/A,https://www.lazada.com.ph/products/pdp-i4792954105.html
Victron energy SmartSolar MPPT 100/30 & 100/50,"₱22,100.00",N/A,https://www.lazada.com.ph/products/pdp-i274684572.html
Intelligent Temperature Controlled MPPT Step-Down Solar Charger 600W 10- 30V Input 17-85V Output Controller,"₱3,145.50",N/A,https://www.lazada.com.ph/products/pdp-i5228313738.html
PowMr MPPT 3.2KW Pure Sine Wave Solar Hybrid Inverter 24V Off Grid Built-in 80A Solar Controller PV 30-400VOC for LiFePO4 Battery,₱5.00,N/A,https://www.lazada.com.ph/products/pdp-i15491803031.html
MPPT Solar Charger 30A/60A/80A/100A 12V 24V 36V48V AUTO Battery Charger with LCD for lithium battery,₱939.00,N/A,https://www.lazada.com.ph/products/pdp-i15489596125.html
3KW/3.6KW Hybrid Solar Inverter 230Vac PV Max 450Vdc Built In 80A MPPT Solar Charge Controller 50/60Hz Auto Pure solar panel grid tie inverter Sine 24V Wave inverter hybrid inverter Inversor solar panel set Can be used for water pumps,"₱19,768.00",N/A,https://www.lazada.com.ph/products/pdp-i4981881953.html
Winnereco 12V 24V Solar Charge Controller Solar Power Controller Solar Panel Controller for Home and Outdoor Energy Solution,₱384.00,N/A,https://www.lazada.com.ph/products/pdp-i5203433849.html
PowMr 2KW Off-Grid Hybrid Solar Charger Inverter Built-in 80A MPPT Solar Charge Controller PV Input 30-450Voc 50/60Hz Auto Pure Sine Wave Solar Inverter,"₱10,000.00",N/A,https://www.lazada.com.ph/products/pdp-i4512792876.html
PowMr 1KW 12V All in one Solar Inverter 230Vac PV Start Voltage 20Voc Built In 80A MPPT Solar Charge Controller 50/60Hz Auto Pure Sine Wave Inverter,"₱6,350.00",N/A,https://www.lazada.com.ph/products/pdp-i5122867640.html
HOMZO High-Efficiency MPPT PWM Solar Charge Controller 30A 60A with LCD Display Auto Focus Tracking 99% Efficiency for Home Industrial Commercial Use 12V 24V System Protection,₱395.00,N/A,https://www.lazada.com.ph/products/pdp-i15471548812.html
LCD Display 10/20/30A 12V/24V DC Input Solar Charge Controller Auto Parameter Adjustable PWM Solar Panel Regulator,₱414.00,N/A,https://www.lazada.com.ph/products/pdp-i4543335396.html
10A 12V/24V SRDH60 Solar Charge Controller,₱896.00,N/A,https://www.lazada.com.ph/products/pdp-i250522399.html
"Huineng MPPT solar charge and discharge controller 10A, 20A, 40A, 50A, 60A, 80A, 100A","₱21,576.81",N/A,https://www.lazada.com.ph/products/pdp-i5097317223.html
MPPT solar photovoltaic charging controller for SRNE RV: lithium iron phosphate battery 12v/24v50a,"₱9,850.62",N/A,https://www.lazada.com.ph/products/pdp-i4953544396.html
Wind Solar Hybrid Controller Wind Solar Regulator Aluminum Alloy Boost MPPT Technology LCD Screen Display Safe and Reliable 12V 24V for Home,"₱11,512.00",N/A,https://www.lazada.com.ph/products/pdp-i5301884225.html
PowMr MPPT 20A/30A/40A/60A Solar Charger Controller 12V/24V Solar Panel Voltage Regulator,"₱5,178.00",N/A,https://www.lazada.com.ph/products/pdp-i4936066665.html
SNAT MPPT controller 48V 100A,"₱19,000.00",N/A,https://www.lazada.com.ph/products/pdp-i2306516726.html
VICTRON ENERGY SmartSolar MPPT 250V/70Amp Tr Solar Charge Controller,"₱39,708.00",N/A,https://www.lazada.com.ph/products/pdp-i5214080778.html
PowMr MPPT 20A/30A/40A/60A Solar Charger Controller 12V/24V Solar Panel Voltage Regulator,"₱5,178.00",N/A,https://www.lazada.com.ph/products/pdp-i4907347326.html
"20 A, 30 A, 60 A Solar Controller mppt Full-automatic Universal 12 V, 24 V, 48 V Lithium Battery Photovoltaic Charging","₱25,138.80",N/A,https://www.lazada.com.ph/products/pdp-i4840431922.html
VICTRON ENERGY SmartSolar MPPT 250V/70Amp MC4 Solar Charge Controller,"₱39,900.00",N/A,https://www.lazada.com.ph/products/pdp-i5214141588.html
SNAT MPPT Solar Controller 96V 100A,"₱24,000.00",N/A,https://www.lazada.com.ph/products/pdp-i2306585048.html
EASONCOLL | Automatic MPPT Solar Controller,"₱8,815.00",N/A,https://www.lazada.com.ph/products/pdp-i15405424542.html
VICTRON ENERGY SmartSolar MPPT 150V/85Amp MC4 Solar Charge Controller,"₱38,043.00",N/A,https://www.lazada.com.ph/products/pdp-i5204663682.html
"Intelligent MPPT solar charging controller 10-120A charging 12V, 24V48V Ferrous lithium phosphate with remote monitoring.","₱30,119.27",N/A,https://www.lazada.com.ph/products/pdp-i5122763591.html
EPEVER XTRA series MPPT solar controller 12V24V36V48V 10A 20A 30A 40A,"₱24,744.77",N/A,https://www.lazada.com.ph/products/pdp-i4942098442.html
Growatt SC 48120 MPPT solar charging controller for off-grid household power photovoltaic system,"₱42,003.06",N/A,https://www.lazada.com.ph/products/pdp-i5117814781.html
Zamdon MPPT Solar Charge Controller 80A 48V,"₱49,098.63",N/A,https://www.lazada.com.ph/products/pdp-i4992522403.html
【KaArtsy】 1000-5000W MPPT Charge Controller 12V/24V AUTO 48V 10A-40A Wind Turbine Generator Water Proof Regulator Rectifier Factory Price,"₱1,503.30",N/A,https://www.lazada.com.ph/products/pdp-i5331512647.html
Zamdon MPPT Solar Charge Controller 80A 48V,"₱50,098.56",N/A,https://www.lazada.com.ph/products/pdp-i4925081537.html
【Hot item】 20a 30a 40a Ep Solar Mppt Solar Charge Regulator 12v 24v Lcd Display Wifi App Epever Tracer Charge Controller 2210an 3210an,"₱1,271.47",N/A,https://www.lazada.com.ph/products/pdp-i4483818540.html
150A MPPT Solar Charge Controller 12V 24V 36V 48V Automatic Adaptation Charge Controller with Blacklight LCD Display Intelligent,"₱1,605.00",N/A,https://www.lazada.com.ph/products/pdp-i15434814923.html
SNADI 60A 100A (12/24V/36V/48) MPPT Solar Charge Controller High Efficiency,"₱12,366.19",N/A,https://www.lazada.com.ph/products/pdp-i3204849036.html
"Buy&Now MPPT Charge Controller 12V 24V 36V 48V Battery System Auto,PV Solar Panel Regulator","₱2,944.80",N/A,https://www.lazada.com.ph/products/pdp-i15445902791.html
【Limited Quantity】 Esmart4 Mppt Solar Charge Controller 60a 12v/24v/36v/48v Lithium Charger Regulator Wifi App Remote Control Optional,"₱1,199.47",N/A,https://www.lazada.com.ph/products/pdp-i4483828676.html
EMD600W MPPT Solar Controller W/LCD Display For Lead-Acid Lithium & LiFePO4 Batteries 10-30V Adjustable Intelligent Temperature,"₱3,051.60",N/A,https://www.lazada.com.ph/products/pdp-i15454236026.html
MPPT solar charging controller 30A 60A 120A LCD display automatic solar panel charger regulator with load BL series,"₱5,999.90",N/A,https://www.lazada.com.ph/products/pdp-i4901312350.html
【Top-Rated Product】 Esmart3 12/24/36/48v 40a Mppt Solar Charge Controller With Wifi App Bluetooth Module,"₱1,227.30",N/A,https://www.lazada.com.ph/products/pdp-i4406809685.html
✪【HJ-CES Store】MPPT Boost Solar Charge Controller 300W Car Battery Charging Voltage Regulator High-efficiency Charging 24/36/48/60/72V,"₱2,254.00",N/A,https://www.lazada.com.ph/products/pdp-i2252862583.html
MPPT Solar Charge Controller 10A 20A 40A 60A PV Panel Charger Regulator 12V 24V Battery Auto Support Lithium Max 50V 100V PV,"₱2,304.88",N/A,https://www.lazada.com.ph/products/pdp-i5308133995.html
30A 60A 120A12V/24V MPPT Solar Charge Controller,"₱5,039.20",N/A,https://www.lazada.com.ph/products/pdp-i4699491799.html
20A 50A MPPT solar charger controller 12V 24V 36V 48V automatic maximum 120VDC photovoltaic input solar charging and discharging controller,"₱1,643.30",N/A,https://www.lazada.com.ph/products/pdp-i5355220678.html
【Auto Parts Storeshop】 1*Solar Controller Charger 3a Charging Module Automatic Board Solar-Controller#,₱149.00,N/A,https://www.lazada.com.ph/products/pdp-i4549116791.html
Universal Battery Compatible Solar Charge Controller 12V 24V,₱531.00,N/A,https://www.lazada.com.ph/products/pdp-i5375578929.html
ELEJOY EMD60A 2700W Adjustable MPPT Solar Char Controller 12/24/36/48V LCD Display 50A/60A,"₱5,800.00",N/A,https://www.lazada.com.ph/products/pdp-i15496001005.html
Y&H 10A 20A 30A PWM Solar Charge Controller 12V/24V Bat Regulator Solar Panel Controller LCD Display with Dual USB Port,₱121.00,N/A,https://www.lazada.com.ph/products/pdp-i253613429.html
Universal Automatic Solar Charge Controller 12V 24V,₱574.47,N/A,https://www.lazada.com.ph/products/pdp-i15430753340.html
PowMr 30A 60A 80A PWM Solar Charge Controller with Dual USB Ports Max PV Voltage 100Vdc 12V 24V 36V 48V Auto Support LIthium Battery,"₱1,099.00",N/A,https://www.lazada.com.ph/products/pdp-i4509747492.html
COD 30A Solar Charge Controller Solar Panel Regulator Dual USB Backlight LCD Display and Timer Setting ON/Off Hours,₱167.32,N/A,https://www.lazada.com.ph/products/pdp-i15452193589.html
READY STOCK !!30A PWM Solar Charge Controller 12V/24V Battery Regulator Solar Panel Controller LCD Display with Dual USB Port,₱120.00,N/A,https://www.lazada.com.ph/products/pdp-i2824305856.html
Solar controller step-down and current-increasing photovoltaic charger 12V24V self-identification 10A-60A optional Automatic recognition of 12V24V36V48V/60A80A100A photovoltaic MPPT solar controller,₱752.00,N/A,https://www.lazada.com.ph/products/pdp-i15440907740.html
Y&H 10A 20A 30A Solar Charge Controller Solar Panel Regulator Dual USB Backlight LCD Display and Timer Setting ON/Off Hours,₱111.00,N/A,https://www.lazada.com.ph/products/pdp-i360882451.html
Battery Charge Discharge Controller Low Voltage Cut Off Switch Undervoltage Overvoltage Protection Voltage Percentage Display,₱322.00,N/A,https://www.lazada.com.ph/products/pdp-i3683931194.html
Epever Wifi 2.4G RJ45 D Serial Server Module for EPEVER MPPT Solar Charge Controller and Inverter,"₱1,799.00",N/A,https://www.lazada.com.ph/products/pdp-i743988785.html
Diymore SK120 Numerical Control Lift Voltage DC Adjustable Voltage Regulator Constant Voltage Constant Current Solar Charging Module Support MPPT,₱745.00,N/A,https://www.lazada.com.ph/products/pdp-i4546858704.html
⚡️0 electricity bill⚡️20/30/60ASolar Panel Regulator Charge Controller 12V/24V LCD Display 4USB ports Waterproof and lightning protection ABS material Circuit protection Solar Panel solar charger controller Solar Cell Panel Charger Regulator,₱449.00,N/A,https://www.lazada.com.ph/products/pdp-i4956970104.html
PowMr 1.5KW 24V Hybrid Inverter 230Vac PV Start Voltage 30Voc Built In 80A MPPT Solar Charge Controller 50hz 60Hz Auto Pure Sine Wave Inverter Solar Inverter All in one Inverter,"₱7,000.00",N/A,https://www.lazada.com.ph/products/pdp-i5128495330.html
"Y&H 60A Solar Panel Charge Controller 12V 24V 48V Battery Regulator with Dual USB fit for Sealed, Gel,Flooded and LiFePO4, Li(NiCoMn)O2 battery",₱756.00,N/A,https://www.lazada.com.ph/products/pdp-i5059222885.html
Flowatt Solar Charge Controller 30A 10A 20A 60A Solar Panel 12V 24V Solar Battery Charger LCD Solar Panel solar charger controller Controller Regulator for Max PWM 50V PV Lnput RBL Lead Acid Battery With Dual USB Port,₱120.00,N/A,https://www.lazada.com.ph/products/pdp-i4397425891.html
Moketa Bill 60A/30A Solar Charge Controller 12V/24V LCD Display and fourUSB Ports,₱398.00,N/A,https://www.lazada.com.ph/products/pdp-i15433884288.html
Moketa Solar Controller 30A-100A - 12V/24V/36V/48V Auto Battery Charger with LCD Display Screen,₱484.00,N/A,https://www.lazada.com.ph/products/pdp-i5181587288.html
Automatic Solar Panel Battery Charger Board Night Light LED Lamp Control Switch Battery Charger Charging Controller Module,₱96.42,N/A,https://www.lazada.com.ph/products/pdp-i4409231891.html
XH-M604 Battery Charger Control Module DC 6-60V Storage Lithium Battery Charging Control Switch Protection Board,₱149.00,N/A,https://www.lazada.com.ph/products/pdp-i5180334496.html
Multipurpose Voltage Current Power Meter DC4-30V 10A,₱221.00,N/A,https://www.lazada.com.ph/products/pdp-i5184948235.html
Hybrid Solar Inverter 230V Pure Sine Wave | Built-in 80A MPPT Charge Controller | 30Voc Low Start | 50/60Hz Auto | Off-Grid Solar Power System PowMr 2KW,"₱8,900.00",N/A,https://www.lazada.com.ph/products/pdp-i15457537220.html
[Fast Delivery] 30/60A PWM 12V/24V Solar Panel Regulator Charge Controller battery charger LCD Display USB,₱166.47,N/A,https://www.lazada.com.ph/products/pdp-i15471712699.html
[Hot selling ] 30/60A PWM 12V/24V Solar Panel Regulator Charge Controller battery charger LCD Display USB,₱178.11,N/A,https://www.lazada.com.ph/products/pdp-i15471941855.html
【Latest model】6-60V 30A Lead-Acid Solar Battery Charge Controller Protection Board Charger Time Switch 12V 24V 36V 48V Battery,₱240.00,N/A,https://www.lazada.com.ph/products/pdp-i15446667922.html
QIUWU Universal 3.2 3.7 4 11.1 12V Solar Controller Charging Street Light Switch Module,₱31.10,N/A,https://www.lazada.com.ph/products/pdp-i5174895360.html
PowMr 60A PWM Solar Charge Controller And Discharge Controller Support 12-48V Battery 100Vdc Pv Input Battery Charger Support Lead Acid and Lifepo4 Battery,"₱1,614.00",N/A,https://www.lazada.com.ph/products/pdp-i3625772524.html
PowMr 3.2KW Off-Grid Hybrid Solar Charger Inverter Built-in 80A MPPT Solar Charge Controller PV Input 30-450Voc 24V Pure Sine Wave Inverter 50/60Hz Auto All In One Solar Inverter,"₱12,500.00",N/A,https://www.lazada.com.ph/products/pdp-i4512819218.html
[UEB Mall]12V 24V Solar Panel Controller Lithium Battery Charge Controller LED Display Solar Controller for Lithium Lead-Acid,₱455.00,N/A,https://www.lazada.com.ph/products/pdp-i5397067131.html
PowMr 30A/60A/80A PWM Solar Charge Controller 12V-48V Solar Controller Solar Panel Battery Regulator Dual USB LCD Display,"₱1,020.00",N/A,https://www.lazada.com.ph/products/pdp-i4022073682.html
SRNE Solar Charger Controller PWM 12V 40A with USB Slot,"₱1,800.00",N/A,https://www.lazada.com.ph/products/pdp-i581970552.html
BOSCA Solar Charge Controller with LCD Display 12v /24v 40A / 50A / 60A,₱739.00,N/A,https://www.lazada.com.ph/products/pdp-i3725424302.html
"PowMr 1KW / 1.5KW Hybrid Solar Inverter 12V/24V Pure Sine Wave with 80A MPPT Charge Controller – Low Start Voltage 20V/30V, Off-Grid All-in-One Inverter","₱11,355.00",N/A,https://www.lazada.com.ph/products/pdp-i15472931765.html
PowMr 20A Solar Charger Controller 12V 24V Battery Charger LCD Dual USB Solar Panel Regulator for Max 50V PV Input RBL,₱135.00,N/A,https://www.lazada.com.ph/products/pdp-i4158753407.html
30A SEMPER PWM Solar Charge Controller 12V/24V Battery Regulator Solar Panel Controller LCD Display with Dual USB Port,₱239.00,N/A,https://www.lazada.com.ph/products/pdp-i1406394622.html
【COD】 12V 24V Solar Charge Controller Auto Solar Regulator Solar Panel Controller for Home and Outdoor Energy Solution,₱400.00,N/A,https://www.lazada.com.ph/products/pdp-i15419590946.html
"【XINJIA】For Lithium LiFePo4, Lead-Acid Battery Support- MPPT Solar Charger Controller 60A with Fan Cooling 12V 24V 36V 48V Regulator","₱4,910.70",N/A,https://www.lazada.com.ph/products/pdp-i5344512561.html
MPPT solar controller solar panel rectifier 10A / 20A / 30A / 40A / 50A / 60A 12v24v48v high power automatic intelligent LCD screen universal type,"₱3,212.00",N/A,https://www.lazada.com.ph/products/pdp-i1965072423.html
750W 80-430V Wide Range PV Voltage Dc Brushless Surface Solar Water Pump Ac Dc Mppt Controller Inclusions Solar Charge Controller With Accessories,"₱16,900.00",N/A,https://www.lazada.com.ph/products/pdp-i4283049257.html
100W 12V Solar Panel Kit with Charge Controller MPPT Aluminum Solar Panel for Outdoor RV Camping Boat Trailer System,₱944.00,N/A,https://www.lazada.com.ph/products/pdp-i5362089445.html
Universal Auto Solar Charge Controller 12/24/48V,₱566.00,N/A,https://www.lazada.com.ph/products/pdp-i15423471299.html
S-1/2/3Pcs 8-28V 9V Solar Charge Controller - 5A 100W MPPT Automatic Switch Solar Panel Charging Regulator Accessory,₱411.33,N/A,https://www.lazada.com.ph/products/pdp-i15480882303.html
[Mecola] 6V 12V 10A Auto Solar Panel Charge Controller Battery Charger Regulator PWM,₱316.95,N/A,https://www.lazada.com.ph/products/pdp-i1241112558.html
10/20/30/60A PWM 12V/24V Solar Panel Regulator Charge Controller battery charger LCD Display USB DN,₱199.00,N/A,https://www.lazada.com.ph/products/pdp-i5413122416.html
Flowatt 30/20/10A PWM Solar Charge Controller 12v 24v Auto With LCD Display Dual USB Solar Regulator solar panel Lithium battery activation,₱139.00,N/A,https://www.lazada.com.ph/products/pdp-i4061316154.html
OUSHIDUN | Automatic Charge and Discharge Solar Controller,₱313.82,N/A,https://www.lazada.com.ph/products/pdp-i15404591419.html
"Anern 30A PWM Solar Charge Controller 12V/24V Battery Regulator Solar Panel Controller LCD Display with Dual USB Port, Auto Parameter Adjustable, Multiple Load Control Modes",₱158.00,N/A,https://www.lazada.com.ph/products/pdp-i5190874495.html
【Seasonal Sale】 Cn3791 Mppt Mini Solar Panel Charging Reuglator Generating Electricity 6v 9v 12v Solar Panel Regulator Controller Module,₱447.00,N/A,https://www.lazada.com.ph/products/pdp-i4406847474.html
👉Hot Sale NcVHrt 3A Solar Controller Charger Module Advanced Charging Board for Efficient Offgrid Portable Solar Power Solutions,₱99.76,N/A,https://www.lazada.com.ph/products/pdp-i15474524792.html
30a Solar Panel Charge Controller For 12v 24v Lead Acid Lithium Batt With Dual USB LCD,₱162.00,N/A,https://www.lazada.com.ph/products/pdp-i5354017703.html
10A 20A 30A 60A PWM Solar Charge Controller 12V/24V Battery Regulator Solar Panel Controller LCD Display with Dual USB Port,₱218.00,N/A,https://www.lazada.com.ph/products/pdp-i1146998878.html
20/30A/60A PWM 12V/24V Solar Panel Regulator Charge Controller battery charger LED Display Four USB Out Put,₱336.00,N/A,https://www.lazada.com.ph/products/pdp-i5279138263.html
【KaArtsy】 Mppt Solar Controller With Temperature Sensor Epever 40a Tracer4210an 3210an 2210an 1210an 40amps Epsolar Regulator,"₱1,873.30",N/A,https://www.lazada.com.ph/products/pdp-i15471217091.html
【READY】Aideepen CD60 Solar Battery Charger Controller DC6-60V Charge Discharge Protection Module,₱330.00,N/A,https://www.lazada.com.ph/products/pdp-i1840416145.html
MPPT Solar Charge Controller Module 12V 12A With LED Indicator For Ternary Lithium Iron Phosphate Battery Protection,₱306.98,N/A,https://www.lazada.com.ph/products/pdp-i15460499452.html
【COD + local seller】10A 20A 30A 60A PWM Solar Charge Controller 12V/24V Battery Regulator Solar Panel Controller Adjustable LCD Display Solar Panel Battery Intelligent Regulator with Dual USB Port output,₱218.00,N/A,https://www.lazada.com.ph/products/pdp-i1498248636.html
JDSTAR YJSS Solar Charge Controller 10A/20A/30A PWM 12V/24V Solar Controller 5V Dual USB Output,₱165.00,N/A,https://www.lazada.com.ph/products/pdp-i5030418276.html
🔝 Original 30A PWM Solar Charge Controller 12V/24V Bat Regulator Solar Panel Controller LCD Display with Dual USB Port,₱204.00,N/A,https://www.lazada.com.ph/products/pdp-i2840871668.html
BUY 1 TAKE 1 Smart Weather Net Japan Black Weather Net Water Proof Net Shade Outdoor Smart Weather Net Water Proof Sunshade Outdoor Waterproof Fado Multifunction Weather Net Net For Green House Gardening Anti Uv Sunshade Net Outdoor,₱119.00,N/A,https://www.lazada.com.ph/products/pdp-i3134017080.html
Flowatt 2KW / 3KW Hybrid Solar Inverter 12V/24V Built-in 80A MPPT Solar Charge Controller Pure Sine Wave 230V Off-Grid Solar Power Inverter for Home with LCD,"₱4,899.00",N/A,https://www.lazada.com.ph/products/pdp-i15429758393.html
DIANXIZHAO | Solar PV Tool Kit MC4 Wrench Connector Stripper Pliers,₱816.34,N/A,https://www.lazada.com.ph/products/pdp-i5375658325.html
PowMr 1.5KW 24V All in one Solar Inverter 230Vac PV Start Voltage 30Voc Built In 80A MPPT Solar Charge Controller 50/60Hz Auto Battery Charger,"₱7,383.00",N/A,https://www.lazada.com.ph/products/pdp-i4433580516.html
"""Solar cell charger controller CD60 12V 24V 48V charging and discharging control module undervoltage current protection board """"Completely power-off DC voltage protection undervoltage and depletion protection board, battery charging control module CD60""""""",₱367.00,N/A,https://www.lazada.com.ph/products/pdp-i4279795615.html
PowMr 3.2KW Hybrid Solar Inverter 230Vac PV Max 450Vdc Built In 80A MPPT Solar Charge Controller 50/60Hz Auto Pure Sine Wave Inversor,"₱11,000.00",N/A,https://www.lazada.com.ph/products/pdp-i3249250994.html
HOMZO Solar controller step-down and current-increasing photovoltaic charger 12V24V self-identification 10A-60A optional Automatic recognition of 12V24V36V48V/60A80A100A photovoltaic MPPT solar controller,₱752.00,N/A,https://www.lazada.com.ph/products/pdp-i15440907779.html
CN3722 Solar MPPT Charger Module 1S 2S 3S 4S Li-ion LiFePO4 lead-acid Battery BMS 7.2V 8.4V 12V 12.6V 16.8V 2A Charging Current,₱536.49,N/A,https://www.lazada.com.ph/products/pdp-i5313310516.html
"SUOER 30A PWM SOLAR CHARGE CONTROLLER for LIFEPO4, LION, LEAD ACID",₱650.00,N/A,https://www.lazada.com.ph/products/pdp-i3492089553.html
diymore DC 6-50V 15A MPPT Constant Voltage Constant Current Boost Charging Module Synchronous Rectifier Solar Charging Module Adjustable Power Supply,₱451.00,N/A,https://www.lazada.com.ph/products/pdp-i5167524689.html
【ZenCrate】 MPPT Solar Charge Controller 12V/24V/36V/48V Auto LCD Dual USB 100A/80A/60A/50A Solar PV Charger Tools,₱582.30,N/A,https://www.lazada.com.ph/products/pdp-i15441426960.html
XH-M604 Battery Charger Control Module DC 6-60V Storage Lithium Battery Charging Control Switch Protection Board,₱149.00,N/A,https://www.lazada.com.ph/products/pdp-i5180317878.html
12v 24v Solar Panel Charge Controller Intelligent Regulator with LCD Display PWM Solar Charge 10A 30A Dual USB Charger,₱145.00,N/A,https://www.lazada.com.ph/products/pdp-i1046384846.html
12V/24V 400W-1000W Wind Solar Hybrid Generator Charge Controller Regulator,"₱1,858.00",N/A,https://www.lazada.com.ph/products/pdp-i15454554594.html
2PCS Mini Driving Light White+Yellow Pair With Free Domino 3Way Switch High quality (Lowest price),₱137.00,N/A,https://www.lazada.com.ph/products/pdp-i5324107204.html
MPPT Solar Charge Controller DC 18-90V 800W Adjustable Step-Down Module Universal for Lithium Battery Storage Solar Power System,"₱1,269.99",N/A,https://www.lazada.com.ph/products/pdp-i5357178294.html
【Can be used for 50 years】Solar Panel 150W/350W/500W Charging Panel Monocrystalline Silicon Band 30 A Controller Household Charging Panel Multifuncitional and Portable generator 0 electricity bill waterproof,₱479.00,N/A,https://www.lazada.com.ph/products/pdp-i5233334620.html
PowMr 2KW Hybrid Solar Inverter Built In 80A MPPT Solar Charge Controller 50/60Hz Auto 230Vac PV Start Voltage 30Voc Pure Sine Wave Inverter,"₱10,000.00",N/A,https://www.lazada.com.ph/products/pdp-i4551320422.html
PowMr 1KW 12V All in one Solar Inverter 230Vac PV Start Voltage 20Voc Built In 80A MPPT Solar Charge Controller 50/60Hz Auto Pure Sine Wave Inverter,"₱7,200.00",N/A,https://www.lazada.com.ph/products/pdp-i4442914253.html
BOSCA PWM/MPPT Photovoltaic Inverter DC 12V to AC 220V All in one SUS Series 1000W 1500W 2000W Inverter with Solar Charge Controller,"₱2,499.00",N/A,https://www.lazada.com.ph/products/pdp-i15477341214.html
MEISITEKEKE | Creative Wireless Doorbell with Volume Control Weatherproof for Indoors and Outdoors,₱173.80,N/A,https://www.lazada.com.ph/products/pdp-i15419532565.html
"1000W Solar Panel Kit, 12V 100A MPPT Solar Charge Controller, Solar Fast Battery Charger for Home Power, Camping, RV, Car","₱1,522.67",N/A,https://www.lazada.com.ph/products/pdp-i5283684819.html
MPPT 10A 20A 30A 40A 50A 60A Solar Charge Controller 12V 24V Auto PV Regulator 100VDC For Lead Aacid Lithium Battery,"₱1,695.52",N/A,https://www.lazada.com.ph/products/pdp-i4607569366.html
MPPT 600W Solar Boost Charge Controller for 24V 36V 48V 60V 72V Battery Charger Charge Digital Controller,"₱2,444.60",N/A,https://www.lazada.com.ph/products/pdp-i15433037627.html
【Lowest Prices Online】 MPPT Waterproof PWM Wind Turbine Charge Controller 20A 30A 40A Low Wind Speed Regulator Voltage Boost 12V 24V AUTO 48V 5KW,"₱1,286.30",N/A,https://www.lazada.com.ph/products/pdp-i15462948682.html
Y&H 60A MPPT Solar Controller Charge Regulator 12V/24V/36V/48V/60V/72V/84V/96V PV Max 230V for Sealed Lead Acid Gel and Lithium,"₱6,286.00",N/A,https://www.lazada.com.ph/products/pdp-i4716577999.html
30A MPPT PWM Solar Charge Controller 12V 24V Solar Panel Battery Regulator Dual USB Port LCD Display,"₱1,317.40",N/A,https://www.lazada.com.ph/products/pdp-i4057251955.html
Outdoor Charging Solar Controller USB Charging Module Solar Controller 50x35x12mm 92 Efficiency Wide Input 6V-40V,₱123.96,N/A,https://www.lazada.com.ph/products/pdp-i15394713466.html
Xl4015 5A Constant Current And Voltage Current 5A Lithium-Ion Battery Charging LED,₱56.00,N/A,https://www.lazada.com.ph/products/pdp-i5007947890.html
PowMr 30A PWM Solar Charge Controller And Discharge Controller Support 12-48V Battery 100Vdc Pv Input Battery Charger Support Lead Acid and Lifepo4 Battery,"₱1,020.00",N/A,https://www.lazada.com.ph/products/pdp-i3625787140.html
"12V10A MPPT Solar Panel Controller Acid,Gel,Lithium iron phosphate Battery Charge Regulator USB Type C Solar PV Charging control","₱1,145.59",N/A,https://www.lazada.com.ph/products/pdp-i15490211093.html
Manganese Steel Double-sided Sharpening Sickle Agricultural Weeding Tool For Garden Banana Orchard Gardening Tools,₱54.00,N/A,https://www.lazada.com.ph/products/pdp-i5249242966.html
Foldable Solar Panel Charger 25% High Efficiency Portable N Type Cell USB-C/USB-A/DC12V MPPT Fast Charging IP67 Waterproof Lightweight Solar Charger for Outdoor Travel Camping Hiking Fishing Emergency,"₱1,699.00",N/A,https://www.lazada.com.ph/products/pdp-i15458182098.html
VANPA Solar Panel Charge Controller Mini Voltage Stabilizer Anti-Overvoltage & Anti-Fluctuation DC5521 Compatible 12A-5V Output Stabilizer at Proteksyon ng Boltahe para sa Power Station Charge,₱650.00,N/A,https://www.lazada.com.ph/products/pdp-i15461364169.html
👉Hot Sale NcVHrt Universal 3.2 3.7 4 11.1 12V Solar Controller Charging Street Light Switch Module,₱33.14,N/A,https://www.lazada.com.ph/products/pdp-i5330879715.html
"1-20Pcs Thicken Microfiber Car Cleaning Towels, Soft Quick Drying Windows Mirrors Wiping Rags, Highly Absorbent Cleaning Cloth, Reusable Car Wash Cloth, Home Double-sides Clean Cloths",₱24.00,N/A,https://www.lazada.com.ph/products/pdp-i4855291095.html
[Vodool Brand Center]Dual USB LCD Solar Charge Controller 12V 24V Solar Panel Charger Regulator,₱374.00,N/A,https://www.lazada.com.ph/products/pdp-i15419559052.html
MPPT 600W Solar Boost Charge Controller for 24V 36V 48V 60V 72V Battery Charger Charge Digital Controller,"₱2,444.60",N/A,https://www.lazada.com.ph/products/pdp-i15431406790.html
"BateriaPower 20A 12V/24V MPPT Wireless Solar Charge Controller, Bateria Power Intelligent Solar Panel Regulator 20 Amp BT APP","₱3,000.00",N/A,https://www.lazada.com.ph/products/pdp-i5251305439.html
Solar Charge and Discharge Controller 10~100A MPPT Solar Charge Controller 12V/24V Solar Panel Battery Intelligent Regulator,₱341.22,N/A,https://www.lazada.com.ph/products/pdp-i4609945323.html
3A Dual Usb Output Solar Controller Charger Module Solar Controller,₱105.00,N/A,https://www.lazada.com.ph/products/pdp-i5326417873.html
BOSTO Solar Panel Regulator Good Compatibility Multifunctional Solar Charge Controller 10A 24V 36V 48V 60V 72V for Scooters,"₱2,079.42",N/A,https://www.lazada.com.ph/products/pdp-i15408932537.html
RcTlB CN3722 3S 3A 12V MPPT Solar Panel Controller Module 3 Serial Li-ion Battery Charger For 9V 12V 18V 24V Solar Panels,₱236.11,N/A,https://www.lazada.com.ph/products/pdp-i5341726708.html
PowMr 10A 20A 30A 40A 50A 60A PWM Solar Charger Controller 12V 24V Battery Charger LCD Dual USB Solar Panel Regulator for Max 50V PV Input RBL,₱144.00,N/A,https://www.lazada.com.ph/products/pdp-i2452480954.html
USB Charging Controller 30A Solar Controller with DC Hole 12V/24V LCD Display Photovoltaic Charging Module,₱275.00,N/A,https://www.lazada.com.ph/products/pdp-i15443360794.html
"100% Legit High Yield Red Papaya Seeds Red Lady Dwarf Papaya Seeds for Planting Fruits (High Germination, 10pcs) Fresh Bonsai Papaya Plant Seeds for Garden Sweet Papaya Potted Fruit Seeds Real Plants Red Lady F1 Papaya Seeds Fruit Bearing Tree Seedlings",₱82.00,N/A,https://www.lazada.com.ph/products/pdp-i5270504021.html
🌞20A 30A 60A PWM🌞 Solar Charge Controller 12V/24V LCD Display with Dual USB Port Solar Panel Controller controller high conversion rate 0 electricity bill waterproof lightning solar charging panel 10 year Warranty Outdoor home generator Waterproof,₱449.00,N/A,https://www.lazada.com.ph/products/pdp-i4581134941.html
MPPT Waterproof Solar Controller 10A,"₱1,306.00",N/A,https://www.lazada.com.ph/products/pdp-i15470796795.html
30A PWM Solar Charge Controller 12V/24V Battery Regulator Solar Panel Controller LCD Display with Dual USB Port,₱129.00,N/A,https://www.lazada.com.ph/products/pdp-i3582830946.html
NEW 12V Charging Management 18V Solar 3-series Lithium Battery Charger MPPT Solar Controller CN3722,₱808.97,N/A,https://www.lazada.com.ph/products/pdp-i15464865746.html
Solar Charge Controller 12V 24V PWM 30A with Adjustable LCD Display Dual USB Port Timer Setting Auto Parameter 【in stock】,₱197.01,N/A,https://www.lazada.com.ph/products/pdp-i15432652129.html
All-in-One 6000W Solar Generator: 600W Panel + MPPT Controller & Dual Voltage Inverter (110V/220V) for Home & RV & Camping,"₱4,431.27",N/A,https://www.lazada.com.ph/products/pdp-i5273655244.html
COD Solar Charge Controller 100a 60a 50a 40a 30a Power Dual USB Lcd Display,₱199.00,N/A,https://www.lazada.com.ph/products/pdp-i15422707555.html
30A 12V 24V Solar Charge Controller Lithium Battery LCD Display PWM Dual USB Solar Panel Charger,₱208.00,N/A,https://www.lazada.com.ph/products/pdp-i5325586565.html
TOUGLESY | MPPT Solar Charging Module,₱241.53,N/A,https://www.lazada.com.ph/products/pdp-i15397923943.html
Flowatt 1.8KW/3KW Hybrid Solar Inverter 12V 24V 230V With Max 80A MPPT Charge Controller PV Max 450VDC Pure Sine Wave Inverter,"₱11,000.00",N/A,https://www.lazada.com.ph/products/pdp-i4069428818.html
✅COD 10/20/30/60A PWM 12V/24V Solar Panel Regulator Charge Controller battery charger LCD Display USB,₱174.00,N/A,https://www.lazada.com.ph/products/pdp-i15391034936.html
Flowatt 3KW Hybrid Solar Inverter Off Grid hybrid inverter 24Vdc 230Vac Pure Sine Wave Inverter Built in 80A Mppt Solar Charge Controller Support Lead-Acid/Lithium Battery Lifepo4 Battery,"₱12,500.00",N/A,https://www.lazada.com.ph/products/pdp-i4409569041.html
Flowatt Solar Charge Controller 10A 12V/24V Battery Regulator Solar Panel Controller LCD Display with Dual USB Port,₱130.00,N/A,https://www.lazada.com.ph/products/pdp-i4409036858.html
PowMr 3.2KW Hybrid Solar Inverter 230Vac PV Start Voltage 30Voc Built In 80A MPPT Solar Charge Controller 50/60Hz Auto Pure Sine Wave Inverter,"₱13,696.00",N/A,https://www.lazada.com.ph/products/pdp-i4052026448.html
PowMr 10A 20A 30A PWM Solar Controller 12V 24V LCD Display Auto with Dual 5V USB Solar Charge Controller RBL,₱120.00,N/A,https://www.lazada.com.ph/products/pdp-i278272793.html
DC 18-90V 800W Adjustable Step-Down Module MPPT Solar Charge Controller Buck Regulator Power Module,"₱1,152.85",N/A,https://www.lazada.com.ph/products/pdp-i5373460156.html
EPEVER 10A 20A 30A 12V 24V Solar charger Landstar LS3024B LS2024B LS1024B Programmable Solar Charge controller Regulators,"₱1,996.81",N/A,https://www.lazada.com.ph/products/pdp-i5239522967.html
MPPT Solar Controller Module 12V 12A For Ternary Lithium Iron Phosphate Battery Charger Module Battery Charging Board,₱306.98,N/A,https://www.lazada.com.ph/products/pdp-i15482419430.html
"Y&H 30A Solar Charge Controller 12V/24V/36V PV Max 80V WIFI Bluetooth Communication Solar Panel Regulator Intelligent for Lead Acid, LiFePO4 Batteries","₱1,286.00",N/A,https://www.lazada.com.ph/products/pdp-i5307122480.html
PowMr 10A Solar Charger Controller 12V 24V Battery Charger LCD Dual USB Solar Panel Regulator for Max 50V PV Input RBL,₱115.00,N/A,https://www.lazada.com.ph/products/pdp-i4158786221.html
【Trending in Fashion】 MPPT Solar Charge Controller 12V/24V Auto Dual USB LCD 50A 60A 80A 100A,₱546.30,N/A,https://www.lazada.com.ph/products/pdp-i15415956042.html
Flowatt Solar Controller 12V 24V Charge Regulator for Solar Panel Lead Acid Battery PWM 10A 20A 30A Solar Charge Controller Dual USB 5V 2.5A Output,₱380.00,N/A,https://www.lazada.com.ph/products/pdp-i5148084143.html
SUOER 30A SOLAR CHARGE CONTROLLER SCC PWM INVERTER BATTERY SOLARAMP,₱699.00,N/A,https://www.lazada.com.ph/products/pdp-i807584166.html
BOSCA PWM Solar Charge Controller 12V/24V/48V AUTO For Solar Off-Grid System 10A/20A/30A/40A/50A/60A/80A/100A,"₱1,059.00",N/A,https://www.lazada.com.ph/products/pdp-i3467164306.html
Solar Charge Controller 10A/30A Solar Panel PWM 12/24V Battery Controller LCD Display regulator USB Maaaring gamitin sa bahay at sa labas ligtas at tiwala,₱197.01,N/A,https://www.lazada.com.ph/products/pdp-i5214412739.html
PowMr 10A 20A 30A Solar Charge Controller Solar Panel Regulator Dual USB Backlight LCD Display and Timer Setting ON/Off Hours,₱133.00,N/A,https://www.lazada.com.ph/products/pdp-i5032811472.html
PowMr 10A 20A 30A PWM Solar Controller 12V 24V Auto LCD Display Work For Lead Acid And Lithium Batt Solar Charge Controller RBL-LI,₱140.00,N/A,https://www.lazada.com.ph/products/pdp-i949936642.html
