name,price,ratings,url
5000W Vertical Wind Turbine High Efficiency Windmill 12v 24v 48v Wind Energy Generator Eectric Generator Home Appliance Camping,N/A,N/A,https://www.lazada.com.ph/products/pdp-i5222606974.html
600W/1000W Wind Turbine 12V 24V Mild Wind Start Magnetic Levitation Generator High-Power 220V Inverter Output Wind,N/A,N/A,https://www.lazada.com.ph/products/pdp-i4244931148.html
Wind Generator 300W/400W/500W/600W Wind Generator AC12V 24V Wind Turbines Wind Turbines Motor Generator with 3 Nylon Fiber Blades Wind Power Generator with Charge Controller for Home Marine Industrial Energy(Not included mast),N/A,N/A,https://www.lazada.com.ph/products/pdp-i5224947981.html
(With MPPT controller)500W Wind Turbines Generator AC12V/24V Wind Turbines Generator with 3 Blades,N/A,N/A,https://www.lazada.com.ph/products/pdp-i3150125074.html
Gemvan Wind Turbine Generator,N/A,N/A,https://www.lazada.com.ph/products/pdp-i4588458403.html
Wind Turbine 12V 24V 48V S-type Horizontal Axis 6 Blade 800W Breeze Activated Wind Solar Complementary Street Light Wind Turbine Generator,N/A,N/A,https://www.lazada.com.ph/products/pdp-i5158186583.html
【Fast delivery】 3-Phase Electric Wind Turbine Generator DIY Brushless Power Motor AC/DC9V-72V,N/A,N/A,https://www.lazada.com.ph/products/pdp-i5025842829.html
300W/400W/500W/600W Wind Turbine Generator 12V/24V 5 Blades Nylon Fiber Auto Wind Direction Electromagnetic Brake Ideal for Home Outdoor Use White,N/A,N/A,https://www.lazada.com.ph/products/pdp-i5224970400.html
🔶(With MPPT controller)300W/400W/500W/600W Wind Turbines Generator AC12V/24V Wind Turbines Generator with 3 Blades,N/A,N/A,https://www.lazada.com.ph/products/pdp-i4942721103.html
【With Mppt Control】Wind Generator 300W / 400W / 500W / 600W Wind Generator 12V 24V Wind Turbines Wind Turbines Generator with 3 Nylon Fiber Blades Not Included Pole,N/A,N/A,https://www.lazada.com.ph/products/pdp-i5104301620.html
1000W Peak 12V/24V/48V 6 Blades Horizontal Wind Turbine Generator Residential Home Windmill Power Generator,N/A,N/A,https://www.lazada.com.ph/products/pdp-i5339922034.html
Aibecy Green Wind Turbine Green Lantern‑Shaped Wind Power Generator with Controller for Charging Boats Terraces Cabins Mobile Homes,N/A,N/A,https://www.lazada.com.ph/products/pdp-i5222416527.html
100W wind generator Wind Turbine Motor 3 Blades Wind Power Generator with Charge Controller for Home Marine Industrial Energy(Not included mast),N/A,N/A,https://www.lazada.com.ph/products/pdp-i3744851868.html
Wind Driven Generator 1200W Motor Kit Wind Turbine with Controller for Boat for Home,N/A,N/A,https://www.lazada.com.ph/products/pdp-i5066789802.html
Small 300W-600W Horizontal Axis Wind Turbine Generator Home Use Wind Power Generator Easy Installation by Jiangsu Naiel Wind Power,N/A,N/A,https://www.lazada.com.ph/products/pdp-i5198466056.html
【Weliba】 Swinging Tail Wind Turbine Generator Kit Teach Physics Concepts Creatively [New Home Products Hot Sale],N/A,N/A,https://www.lazada.com.ph/products/pdp-i15398729916.html
1000w Wind Turbine Generator 12V 24V 48V DC 220v AC Home Sys,N/A,N/A,https://www.lazada.com.ph/products/pdp-i4823137868.html
Wind Turbines 2m/s Start Speed 2 Layer Wind Power Generator 1200W AC Lantern Type Energy Charge for Home for Boat,N/A,N/A,https://www.lazada.com.ph/products/pdp-i5067115529.html
Green Wind Turbine 4 Blades Wind Power Generator for Charging Boats Terraces Cabins Mobile Homes,N/A,N/A,https://www.lazada.com.ph/products/pdp-i5302299224.html
12V 1200W Wind Generator with Charger Controller 5 Blades S-Type Minitype Wind Turbine Generator Kit Clear Energy Windmill for Home Highways Boats,N/A,N/A,https://www.lazada.com.ph/products/pdp-i3980719104.html
"500W Residential Wind Turbine Generator 12V/24V, White - Safe for Home Use with Electromagnetic Brake, 5-Blade Auto-Wind Direction (Typhoon Resistant Design) for Outdoor Power",N/A,N/A,https://www.lazada.com.ph/products/pdp-i4991620406.html
Lepmerk Wind Turbine Generator 300W High Efficiency Weatherproof Wind Generator Low Startup Wind Speed for Homes Farms RVs Boats,N/A,N/A,https://www.lazada.com.ph/products/pdp-i15457316030.html
800W Wind Turbines 12V 24V 48V Off Grid Small Wind Turbine Generators Household 6 Blades Renewable Energy,N/A,N/A,https://www.lazada.com.ph/products/pdp-i5351171309.html
Andoer Wind Turbine 1200W Electricity Producer Equipment 5 Blade Generator for Mobile Homes,N/A,N/A,https://www.lazada.com.ph/products/pdp-i5343785544.html
TBRBG High Speed Brushless Motor Wind Turbine for DIY Generator Long Life Lightweight Home Power Solution,N/A,N/A,https://www.lazada.com.ph/products/pdp-i15460510205.html
Small Horizontal Axis Wind Turbine Generator 100W 200W 300W 400W for Home Use Street Lighting Wind And Solar Complementary Light,N/A,N/A,https://www.lazada.com.ph/products/pdp-i5077116453.html
（PENGGONG)For Wind Turbine Generator with USB Light for Creative Science Experiments,N/A,N/A,https://www.lazada.com.ph/products/pdp-i15415136950.html
RcTlB High Quality Brushless Motor Turbine High Speed DIY Wind Generator Home Energy Saving Tool,N/A,N/A,https://www.lazada.com.ph/products/pdp-i15444929684.html
【With Mppt Control】2.3M Diameter Wind Generator Actual Power 1000W Wind Generator AC48V Wind Turbines Wind Turbines Generator with 3 Nylon Fiber Blades Not Included Pole,N/A,N/A,https://www.lazada.com.ph/products/pdp-i4592478549.html
Wind Generator with Charger Controller 3 Blades S-Type Minitype Wind Turbine Generator,N/A,N/A,https://www.lazada.com.ph/products/pdp-i5386811206.html
BOSTO Wind Generator 300W High Efficiency Water Proof Wind Turbine Generator for Homes Farms RVs Boats,N/A,N/A,https://www.lazada.com.ph/products/pdp-i15406131613.html
Vertical Wind Generator Wind Turbine-Kit Wind Turbine Instructional Model 100-6000RPM Wind-Turbine Teaching Experiment Tools,N/A,N/A,https://www.lazada.com.ph/products/pdp-i4774262831.html
Lepmerk NE-100S3 Wind Turbine Generator 100W 3PCS 580mm Nylon Fiber Wind Blades Power Windmill (12V),N/A,N/A,https://www.lazada.com.ph/products/pdp-i15450711903.html
【In-Stock】 Mini Small 3-Phase Wind Turbines Hand Alternator Generator 3v-24v 12v New,N/A,N/A,https://www.lazada.com.ph/products/pdp-i4488434323.html
【Local Stock】1000W Horizontal Axis Wind Turbine 3 Phase AC48V Wind Power Turbine Generator Windmill For Home Farm(Without Pole),N/A,N/A,https://www.lazada.com.ph/products/pdp-i4592773634.html
Wind Generator AC12V/24V Wind Turbines Wind Turbines Generator with 3 Blades ( With MPPT controller),N/A,N/A,https://www.lazada.com.ph/products/pdp-i5233849667.html
【L-BEANS】 Student Science Wind Turbine Generator Kit with 3000rpm Motor and Diode,N/A,N/A,https://www.lazada.com.ph/products/pdp-i15445474415.html
【XIXINBO】 Wind Turbines Generator Teaching Sample Model Small and Portable for Learning [not miss it][New product release],N/A,N/A,https://www.lazada.com.ph/products/pdp-i15456971297.html
FUXING Electric Wind Turbine Generator with Brushless Motor ACDC Power 9V 72V,N/A,N/A,https://www.lazada.com.ph/products/pdp-i5114023842.html
forsso | Mini Wind Turbine Generator 12v,N/A,N/A,https://www.lazada.com.ph/products/pdp-i15400352305.html
3-Phase Electric Wind Turbine Generator DIY Brushless Power Motor AC/DC9V-72V Brushless Wind Generator Brushless Wind Generator,N/A,N/A,https://www.lazada.com.ph/products/pdp-i4541788051.html
Wind Turbine Generator Motor 6000W 12V 24V 3 Phase Gearless Permanent Magnet AC Alternator For Wind Water Turbine Diesel Engine,N/A,N/A,https://www.lazada.com.ph/products/pdp-i4803511061.html
READY STOCK 400W 12V 24V Lantern Vertical Axis Wind Turbines Generator 5 Blades Motor Kit,N/A,N/A,https://www.lazada.com.ph/products/pdp-i3848639484.html
【SensoDaily】 Mini Wind Turbine Generator Kit with Dc Motor and Small Fan Blade for Learning [New Arrivals][nice day],N/A,N/A,https://www.lazada.com.ph/products/pdp-i15394229594.html
Moon Riverr Mini Wind Generator Wind Turbine Model Set Kits Teaching Tool,N/A,N/A,https://www.lazada.com.ph/products/pdp-i15420703279.html
Round fan 400W Lantern Vertical Axis Wind Turbines Generator 5 Blades Motor Kit,N/A,N/A,https://www.lazada.com.ph/products/pdp-i5234935763.html
Handmade Mini Wind Turbine Generator Motor Physical Science Experiment Educational Toy for Children Conversion of Wind Energy to Electrical Energy,N/A,N/A,https://www.lazada.com.ph/products/pdp-i2849236393.html
Baosity Mini Wind Generator Wind Turbine Model Set Kits Teaching Tool,N/A,N/A,https://www.lazada.com.ph/products/pdp-i5346930143.html
DC 3V-24V 1A 12W Micro Three Phase AC Wind Generator Turbines Brushless Motor Hand Cranked Generator RPM3000-6000 With LED,N/A,N/A,https://www.lazada.com.ph/products/pdp-i4585620253.html
Mini Wind Energy Generator Kit Assembly Home Use Micro Motor Wind Power Experiment Electric Model Kit Small Generator Model,N/A,N/A,https://www.lazada.com.ph/products/pdp-i4585092874.html
【LeeandHan】 Micro Wind Turbine Motor Blade Energy Generator Micro Generator 5 Watts,N/A,N/A,https://www.lazada.com.ph/products/pdp-i5396627042.html
【FUXING】 Smallest Wind Turbine Generator LED Kit for Experiential Science Lessons [not miss it][expectancy],N/A,N/A,https://www.lazada.com.ph/products/pdp-i15438738745.html
Prettyia Wind Turbines Blade Horizontal Wind Turbines Generator Blade Lightweight,N/A,N/A,https://www.lazada.com.ph/products/pdp-i15428140574.html
【LeeandHan】 Teaching Tool Small Wind Turbine Generator for Science Projects and Experiments,N/A,N/A,https://www.lazada.com.ph/products/pdp-i15423684113.html
Turbine blade miniature wind generator DC bicycle electric self-propelled wind energy LED mini home,N/A,N/A,https://www.lazada.com.ph/products/pdp-i4816348182.html
24V Generator Miniature Hand Crank Emergency Wind Turbine Generator Motor,N/A,N/A,https://www.lazada.com.ph/products/pdp-i5256845851.html
24V Generator Miniature Hand Crank Emergency Wind Turbine Generator Motor,N/A,N/A,https://www.lazada.com.ph/products/pdp-i15430608049.html
Turbine blade miniature wind generator DC bicycle electric self-propelled wind energy LED mini home,N/A,N/A,https://www.lazada.com.ph/products/pdp-i4876191988.html
Dolity 90mm Micro Wind Turbine Small Wind Generator Kits DC Motor Turbines,N/A,N/A,https://www.lazada.com.ph/products/pdp-i319684776.html
Flameer Mini Wind Generator Wind Turbine Model Set Kits Teaching Tool,N/A,N/A,https://www.lazada.com.ph/products/pdp-i15422068509.html
【WELIBA】 Wind Turbine Generator Kit Small Dc Motor with Paddle Fan Blade for Science Use,N/A,N/A,https://www.lazada.com.ph/products/pdp-i15434681387.html
Lepmerk 800W Small Wind Generator 5 Blades Power Parts Turbines Kit for Marine Home Charging,N/A,N/A,https://www.lazada.com.ph/products/pdp-i15437713187.html
【LeeandHan】 Complete Set Small Wind Turbine Hydro Generator Motor for Student Engagement,N/A,N/A,https://www.lazada.com.ph/products/pdp-i15427398052.html
RONGWEIFU | Mini Wind Turbine Generator Landscape Decoration Warning Light,N/A,N/A,https://www.lazada.com.ph/products/pdp-i15449221769.html
ZHANGRONGTU | Science Education Wind Turbine Generator,N/A,N/A,https://www.lazada.com.ph/products/pdp-i15421467578.html
【Latest model】50W 12V DC Output Low Wind Speed Brushless Generator Micro Wind Turbine Generator,N/A,N/A,https://www.lazada.com.ph/products/pdp-i15434630632.html
PENGGONG Wind Turbine Generator DIY Kit with Motor Blade and USB Powered 5W Bulb,N/A,N/A,https://www.lazada.com.ph/products/pdp-i15423143394.html
[tfsdfvd]DIY Wind Turbine Generator Kit DC 0.1V-3V Generator with Holder Blades Brushless Motor Mini Dynamo Generator Teaching,N/A,N/A,https://www.lazada.com.ph/products/pdp-i15431792368.html
[frthrthrt]1Pc Wind Turbine Generator Kit Micro-Hand Dynamo Generator DC12V Generator Power Supply,N/A,N/A,https://www.lazada.com.ph/products/pdp-i15389816740.html
[100% satisfied] 1pc Wind Turbine Generator Kit Micro Hand Dynamo generator DC 5V-24V Generator Power Supply,N/A,N/A,https://www.lazada.com.ph/products/pdp-i15453893243.html
12v miniature wind turbine generator set small DC wind generator motor 20v science toys.,N/A,N/A,https://www.lazada.com.ph/products/pdp-i4989618637.html
【LeeandHan】 Wind Turbine Generator Kit for Renewable Energy Lessons and Student Projects,N/A,N/A,https://www.lazada.com.ph/products/pdp-i15427138690.html
gumahus | Waterproof Mini Wind Turbine Generator,N/A,N/A,https://www.lazada.com.ph/products/pdp-i5246585515.html
Turbine blade miniature wind generator DC bicycle electric self-propelled wind energy LED mini home,N/A,N/A,https://www.lazada.com.ph/products/pdp-i4951643293.html
Wind Turbine 5 Blade Generator Stable with Controller for Hybrids Streetlight for Mobile Homes,N/A,N/A,https://www.lazada.com.ph/products/pdp-i5067234166.html
Turbine blade miniature wind generator DC bicycle electric self-propelled wind energy LED mini home,N/A,N/A,https://www.lazada.com.ph/products/pdp-i5051421991.html
【Rockhouse】 Small Size Wind Turbine Generator for LED Teaching Tools and Experiments [New Products],N/A,N/A,https://www.lazada.com.ph/products/pdp-i15434292432.html
Miniature Wind Turbine Generator Model Handmade Science Experiment Materials Small Invention Creative DIY Technology Making,N/A,N/A,https://www.lazada.com.ph/products/pdp-i4946746745.html
220V permanent magnet DC generator Dechang 775 motor 34W household appliance motor wind turbine generator,N/A,N/A,https://www.lazada.com.ph/products/pdp-i5027800151.html
【Gfryerty】DIY Wind Turbine Generator Kit DC 0.1V-3V Generator with Holder Blades Brushless Motor Mini Dynamo Generator Teaching,N/A,N/A,https://www.lazada.com.ph/products/pdp-i5277916127.html
🔶 300W/400W/500W/600W 12V 24V Lantern Vertical Axis Wind Turbines Generator 5 Blades Motor Kit,N/A,N/A,https://www.lazada.com.ph/products/pdp-i4942435614.html
【liuxiaomei】DIY Wind Turbine Generator Kit DC 0.1V-3V Generator with Holder Blades Brushless Motor Mini Dynamo Generator TeachingHope you have a pleasant shopping experience<br><br>,N/A,N/A,https://www.lazada.com.ph/products/pdp-i5358691353.html
KKmoon Vertical Wind Turbine Quiet Dual Bearing 500W Low Vibration Maglev Wind Turbine Generator High Efficiency with MPPT Controller for Industries,N/A,N/A,https://www.lazada.com.ph/products/pdp-i15408792145.html
Wind energy generator 100W/200W/300W Wind turbine 12V/24V Electromagnetic suspension generator with low wind speed startup High power 220V Inverter output Wind energy,N/A,N/A,https://www.lazada.com.ph/products/pdp-i15443267195.html
MUHUALAN | Mini Waterproof AC Generating Wind Turbine,N/A,N/A,https://www.lazada.com.ph/products/pdp-i15424825154.html
DIY Wind Turbine Generator Kit DC 0.1V-3V Generator with Holder Blades Brushless Motor Mini Dynamo Generator Teaching,N/A,N/A,https://www.lazada.com.ph/products/pdp-i5191054320.html
DIY Wind Turbine Generator Kit DC 0.1V-3V Generator with Holder Blades Brushless Motor Mini Dynamo Generator Teaching,N/A,N/A,https://www.lazada.com.ph/products/pdp-i15403135826.html
【Flash sale】 Three Phase Mini Ac Wind Turbines Brushless Motor Hand Cranked Generator 3-24v 0.1a-1a 0.5-12w Rpm3000-6000,N/A,N/A,https://www.lazada.com.ph/products/pdp-i4488400553.html
【XINJIA】DIY Wind Turbine Generator Kit DC 0.1V-3V Generator with Holder Blades Brushless Motor Mini Dynamo Generator Teaching,N/A,N/A,https://www.lazada.com.ph/products/pdp-i15394378131.html
High Power Hand Crank Wind Turbine Generator Experiment Power Supply Device Dachang Generator Small Size Portable Hardware,N/A,N/A,https://www.lazada.com.ph/products/pdp-i5315152733.html
1Pc Wind Turbine Generator Kit Micro-Hand Dynamo Generator DC12V Generator Power Supply,N/A,N/A,https://www.lazada.com.ph/products/pdp-i15430206785.html
1Pc Wind Turbine Generator Kit Micro-Hand Dynamo Generator DC12V Generator Power Supply,N/A,N/A,https://www.lazada.com.ph/products/pdp-i5257636911.html
【liuxiaomei】1Pc Wind Turbine Generator Kit Micro-Hand Dynamo Generator DC12V Generator Power SupplyHope you have a pleasant shopping experience<br><br>,N/A,N/A,https://www.lazada.com.ph/products/pdp-i15438248332.html
Unnicoco 3 Phase Brushless Wind Turbine Generator Motor for DIY Power Generation 9V 72V,N/A,N/A,https://www.lazada.com.ph/products/pdp-i5316531904.html
1Pc Wind Turbine Generator Kit Micro-Hand Dynamo Generator DC12V Generator Power Supply,N/A,N/A,https://www.lazada.com.ph/products/pdp-i5214931096.html
【XIXINBO】 Mini Wind Turbine Generator Powering LED Teaching Tools and Experiments [not miss it][New product release],N/A,N/A,https://www.lazada.com.ph/products/pdp-i15438830371.html
Micro Motor Wind Turbine Alternator Generator 2V-22V 3000rpm for Home Power System Small Wind Energy Generator Set,N/A,N/A,https://www.lazada.com.ph/products/pdp-i5226946417.html
DIY Kit Small Motor Vertical Wind Turbines Blades Breeze Electricity Generator,N/A,N/A,https://www.lazada.com.ph/products/pdp-i4670717609.html
5v small micro wind turbine small DC wind generator motor technology small production large wind generator.,N/A,N/A,https://www.lazada.com.ph/products/pdp-i5052688006.html
ZUNYI | Quiet Science Experiment Home Use Wind Turbine 12V DC,N/A,N/A,https://www.lazada.com.ph/products/pdp-i15419295057.html
Experimental science toys of Small DC Wind Generator for Multifunctional 12v Mini Wind Turbine.,N/A,N/A,https://www.lazada.com.ph/products/pdp-i4673150606.html
Vertical axis wind turbine model three-phase permanent magnet generator windmill toy night light production DIY display,N/A,N/A,https://www.lazada.com.ph/products/pdp-i4729263091.html
DIY Wind Turbine Generator Kit DC 0.1V-3V Generator with Holder Blades Brushless Motor Mini Dynamo Generator Teaching,N/A,N/A,https://www.lazada.com.ph/products/pdp-i5216755640.html
Wind Turbine Generator Kit Wind Turbine 4 Blade Lantern Type for Ships Terraces Cabins Mobile,N/A,N/A,https://www.lazada.com.ph/products/pdp-i4994997916.html
Aibecy S3-300W Wind Turbine Generator 300W 3PCS 630mm Wind Blades Power Windmill,N/A,N/A,https://www.lazada.com.ph/products/pdp-i5228190410.html
XIYUYANGGUANG | Miniature Wind Turbine for Educational Toys 12V,N/A,N/A,https://www.lazada.com.ph/products/pdp-i5373322673.html
tobbehere-DIY Wind Turbine Generator Kit DC 0.1V-3V Generator with Holder Blades Brushless Motor Mini Dynamo Generator Teaching,N/A,N/A,https://www.lazada.com.ph/products/pdp-i15397882883.html
( With MPPT controller)500W Wind Generator AC12V/24V Wind Turbines Wind Turbines Generator with 3 Nylon Fiber Blades,N/A,N/A,https://www.lazada.com.ph/products/pdp-i4458724265.html
Wind Power Hand Cranked Generator Hand Cranked Generator Motor Three Phase AC Micro-Brushless 3-24V Micro-Hydraulic Generater Power Equipment,N/A,N/A,https://www.lazada.com.ph/products/pdp-i5257731314.html
Eight-Blade Wind Turbine Micro-Wind Startup and Solar/Wind Complementary System,N/A,N/A,https://www.lazada.com.ph/products/pdp-i15456571957.html
300W/400W/500W/600W Wind Turbine 12V 24V Mild Wind Start Magnetic Levitation Generator High-Power Inverter Output Wind,N/A,N/A,https://www.lazada.com.ph/products/pdp-i5104435264.html
High Power Miniature Wind Energy Generator Outdoor Emergency Hand Crank Power Supply 6V 12V 24V 50V Wind Turbine Electric Motor,N/A,N/A,https://www.lazada.com.ph/products/pdp-i5150851104.html
Wind Power Generator Wind Turbines Reduces the Drag Torsion High Temperature Resistance External Rotor AC Motor for Charging Boats for Mobile Homes,N/A,N/A,https://www.lazada.com.ph/products/pdp-i5302000661.html
"Various models of 100W/200W/300W wind turbines, 12V/24V low wind speed startup electromagnetic levitation generators, high-power 220V inverter output, wind energy",N/A,N/A,https://www.lazada.com.ph/products/pdp-i15465479048.html
Lepmerk Winds Power Generator 400W High Efficiency 5 Blade Wind Turbine for Hybrid Generation System,N/A,N/A,https://www.lazada.com.ph/products/pdp-i15456247226.html
Lepmerk S3-300W Wind Turbine Generator 300W 3PCS 630mm Wind Blades Power Windmill,N/A,N/A,https://www.lazada.com.ph/products/pdp-i15450987137.html
DIY Wind Turbine Generator Kit DC 0.1V-3V Generator with Holder Blades Brushless Motor Mini Dynamo Generator Teaching,N/A,N/A,https://www.lazada.com.ph/products/pdp-i15426034008.html
BOSTO S3-300W Wind Turbine Generator 300W 3PCS 630mm Wind Blades Power Windmill,N/A,N/A,https://www.lazada.com.ph/products/pdp-i15439988803.html
Turbine blade miniature wind generator DC bicycle electric bicycle wind energy LED mini home,N/A,N/A,https://www.lazada.com.ph/products/pdp-i4905925053.html
Experimental science toys of Small DC Wind Generator for Multifunctional 12v Mini Wind Turbine.,N/A,N/A,https://www.lazada.com.ph/products/pdp-i5150982927.html
Wind Turbine Generator Charge Controller Charging Regulator300w-600w 12v/24v,N/A,N/A,https://www.lazada.com.ph/products/pdp-i3848898568.html
Wind Driven Generator Controller 12/24V 800W MPPT Wind Charge Controller Wind Turbine Generator Controller with Monitor,N/A,N/A,https://www.lazada.com.ph/products/pdp-i15461040190.html
【Trivony】 1000-5000W MPPT Charge Controller 12V/24V AUTO 48V 10A-40A Wind Turbine Generator Water Proof Regulator Rectifier Factory Price,N/A,N/A,https://www.lazada.com.ph/products/pdp-i5254004133.html
Stainless Steel Roof Ventilator Wind Turbines Air Vent Attic Ventilator exhaust 300mm-600mm for Residential and Industrial Exhaust Fan with Wind Powered,N/A,N/A,https://www.lazada.com.ph/products/pdp-i5240044410.html
220V 1500W High-Power Small Generators Permanent Magnet Brushless Constant Copper Core Genuine Home,N/A,N/A,https://www.lazada.com.ph/products/pdp-i4207696977.html
Portable Wind Turbine Power Generator 12V/24V 300W Vertical Wind Turbine Generator Portable Windmill Generator,N/A,N/A,https://www.lazada.com.ph/products/pdp-i15465791994.html
1Pc Wind Turbine Generator Kit Micro-Hand Dynamo Generator DC12V Generator Power Supply,N/A,N/A,https://www.lazada.com.ph/products/pdp-i5144140066.html
Fityle 360 Degreen Micro Vertical Wind Turbines Generator Mini Motor Blade Parts LED DIY Teaching Model,N/A,N/A,https://www.lazada.com.ph/products/pdp-i252582079.html
"🚀Local Warehouse🚀10W 12V micro hydro Water Turbine generator, LED power supply DIY Hydropower Station",N/A,N/A,https://www.lazada.com.ph/products/pdp-i4300695661.html
【WELIBA】 Wind Turbine Generator Kit with Hand Crank for Home Use and Outdoor Fun 12V 80W,N/A,N/A,https://www.lazada.com.ph/products/pdp-i15469991306.html
【Weliba】 3-Phase Brushless Wind Turbine Generator DC9V to 72V Motor for Power Lab Use [New Products Hot Sale],N/A,N/A,https://www.lazada.com.ph/products/pdp-i15489665312.html
New Home Wind Turbine 220v,N/A,N/A,https://www.lazada.com.ph/products/pdp-i15443711077.html
petsola Mini Wind Generator Wind Turbine Model Set Kits Teaching Tool,N/A,N/A,https://www.lazada.com.ph/products/pdp-i15486864338.html
B-F Portable Wind Power Generator Set Turbine Motor Alternator Emergency Phone Charger,N/A,N/A,https://www.lazada.com.ph/products/pdp-i15493757862.html
Hybrid Wind Solar Controller MPPT Charging Boost Wind Turbine Generator Solar Panel Home Street Light Controller,N/A,N/A,https://www.lazada.com.ph/products/pdp-i5206467029.html
12V/24V 800W MPPT Wind Turbine Generator Controller Low Voltage Charging Regulator IP67 With Voltage Display For 800W Wind,N/A,N/A,https://www.lazada.com.ph/products/pdp-i15472474534.html
【FURONGHUA】 Wind Turbine Generator LED Teaching Tools 360graus At Any Angle Home Improvement 【New product】,N/A,N/A,https://www.lazada.com.ph/products/pdp-i15471331393.html
【Rockhouse】 Wind Turbine Motor Blade with USB Bulb DIY Kit for Energy Generation Learning In Stock,N/A,N/A,https://www.lazada.com.ph/products/pdp-i15492487094.html
Small Mini Wind Turbine Generator Charger Dc 5v Usb Output Power Motors,N/A,N/A,https://www.lazada.com.ph/products/pdp-i5414564766.html
Gracekarin Micro Wind Turbine Generator Kit for Renewable Energy Science Experiment Free shipping,N/A,N/A,https://www.lazada.com.ph/products/pdp-i15495796129.html
Dc 220v Double Ball Bearing High Efficiency Wind Turbine Generator 220v3100rpm,N/A,N/A,https://www.lazada.com.ph/products/pdp-i4645350482.html
【LeeandHan】 Reliable and Durable Wind Turbine Generator for Long Lasting Performance,N/A,N/A,https://www.lazada.com.ph/products/pdp-i15491026097.html
Electric Generator Motor Energy Wind Turbine Power Mini Kids Led Education Dc Motor Wind Power Generation Experiment,N/A,N/A,https://www.lazada.com.ph/products/pdp-i5414595478.html
[PENGGONG] Mini Wind Turbine Generator Kit Small DC Motor for Student Science Use,N/A,N/A,https://www.lazada.com.ph/products/pdp-i15494218091.html
Miniature Spiral Wind Turbine Archimedes Rose Type Model Breeze Start Science Experiments Generate Electricity Light,N/A,N/A,https://www.lazada.com.ph/products/pdp-i15493480026.html
【EELHOE】 Hand Crank Wind Turbine Generator for DIY Home Energy Solutions 12V 80W [New product release][Large Inventory],N/A,N/A,https://www.lazada.com.ph/products/pdp-i15470268361.html
1Pc Wind Turbine Generator Kit Micro-Hand Dynamo Generator DC12V Generator Power Supply,N/A,N/A,https://www.lazada.com.ph/products/pdp-i15426429205.html
GARRYFIZH 100W Wind Turbines Generator 5 Blades High Efficiency Power Supply for Boats Mobile Homes,N/A,N/A,https://www.lazada.com.ph/products/pdp-i15486582366.html
【WELIBA】 Mini Portable Wind Turbine Reliable Source of Power for Outdoor Enthusiasts [Large Inventory Hot Selling],N/A,N/A,https://www.lazada.com.ph/products/pdp-i15490760752.html
Gracekarin Sustainable Power Source Portable Miniature Wind Turbine for Travel Use Free shipping,N/A,N/A,https://www.lazada.com.ph/products/pdp-i15488300132.html
GARRYFIZH 400W Wind Turbines Generator 5 Blades High Efficiency Power Supply for Boats Mobile Homes,N/A,N/A,https://www.lazada.com.ph/products/pdp-i15486523284.html
sjlerst 12V Wind Generator with Charger Controller 5 Blades Minitype Lantern Wind Turbine Generator Kit Clear Energy Windmill for Home Highways Boats,N/A,N/A,https://www.lazada.com.ph/products/pdp-i15483846378.html
Tester for electrical wiring screw tester 220 volts strong torque highlight tester testlight for electrical trade tools ac voltage tester light for electrical electric tester with led light multi tester digital tester pen wind turbine generator wire teste,N/A,N/A,https://www.lazada.com.ph/products/pdp-i4236045433.html
Funny Small Electricity Generator Plastic Material Durable Vertical Wind Turbines Micro Wind Turbines DIY Project,N/A,N/A,https://www.lazada.com.ph/products/pdp-i15495530836.html
GARRYFIZH Wind Turbine Generator Power Generator Quiet 300W Low Startup Wind Speed for Homes Farms RVs Boats,N/A,N/A,https://www.lazada.com.ph/products/pdp-i15491940463.html
400W 12V 24V Wind Turbine Charge Controller Wind Generator Controller IP67 Waterproof,N/A,N/A,https://www.lazada.com.ph/products/pdp-i5256872774.html
Gracekarin White Color ABS+Metal Brushless Power Motor For Wind Turbine Generator Free shipping,N/A,N/A,https://www.lazada.com.ph/products/pdp-i15495457604.html
[LeeandHan] STEM Wind Turbine Generator Kit for School Lab Teaching and DIY Assembly New,N/A,N/A,https://www.lazada.com.ph/products/pdp-i15492023303.html
【L-BEANS】 STEM Wind Turbine Generator Educational Model for Hands On Learning Activities,N/A,N/A,https://www.lazada.com.ph/products/pdp-i15490942258.html
Lepmerk 800W Small Wind Generator Turbines Kit 3 Blades Power Parts for Marine Home Charging,N/A,N/A,https://www.lazada.com.ph/products/pdp-i15475080160.html
Gracekarin 360 Degree Rotation Wind Turbine Model Wind Generator Kit Assembly Parts NEW,N/A,N/A,https://www.lazada.com.ph/products/pdp-i15469227041.html
【】 2v-22v 3000rpm Motor Wind Turbine Generator Alternator Diy Accossories Drop Ship,N/A,N/A,https://www.lazada.com.ph/products/pdp-i4410263398.html
automalls 360 Degree Rotation Wind Turbine Model Automatic Alignment Wind Generator Kit 【NEW】,N/A,N/A,https://www.lazada.com.ph/products/pdp-i15468942115.html
【eelhoe】 Mini Wind Turbine Kit for DIY Power Generation and Teaching Experiment [Auto Parts][not miss it]],N/A,N/A,https://www.lazada.com.ph/products/pdp-i15405628651.html
400W 12V 24V Wind Turbine Charge Controller Mini Wind Turbine Generator Controller IP67 Waterproof,N/A,N/A,https://www.lazada.com.ph/products/pdp-i4026297735.html
【Weliba】 12V For Mini Turbine Motor for Blades DIY Wind Power Generator Education Kit [New Products Hot Sale],N/A,N/A,https://www.lazada.com.ph/products/pdp-i15445605722.html
Fityle DIY Mini Micro Small 3-phase Miniature AC Wind Turbine Hand Alternator Generator 3V-24V Power Source Teaching Model,N/A,N/A,https://www.lazada.com.ph/products/pdp-i252456137.html
Gracekarin Compact Wind Turbine Dynamo Generator Kit Micro Motor for Small Scale Power Free shipping,N/A,N/A,https://www.lazada.com.ph/products/pdp-i4853067723.html
【L-BEANS】 Wind Turbine Motor Kit with Blades for Small Scale 12V Power Generation,N/A,N/A,https://www.lazada.com.ph/products/pdp-i15417383736.html
DIY Kit Small DC Motor Vertical Wind Turbines Blades Generator Micro Motor Wind Turbine Generator,N/A,N/A,https://www.lazada.com.ph/products/pdp-i4670657937.html
120mm turbine blade micro wind generator DC wind power LED mini home physics,N/A,N/A,https://www.lazada.com.ph/products/pdp-i5023220658.html
GARRYFIZH Wind Energy Turbine Generator Green Professional Wind Generator Kit 4 Blades for Boats for Terraces for Cabins for Home,N/A,N/A,https://www.lazada.com.ph/products/pdp-i15483852868.html
【FURONGHUA】 Wind Turbine Generator Sample for Physics Class and Energy Conversion Study,N/A,N/A,https://www.lazada.com.ph/products/pdp-i15494434375.html
SIMAIJIE | Educational Mini Wind Turbine Generator,N/A,N/A,https://www.lazada.com.ph/products/pdp-i15431696820.html
【FURONGHUA】 Wind Turbine Generator Kit for Middle School Science Curriculum and Projects,N/A,N/A,https://www.lazada.com.ph/products/pdp-i15470146892.html
Zonejoy Wind Turbine Generator Power Generator Water Proof Quiet Weatherproof 300W for Homes Farms RVs Boats,N/A,N/A,https://www.lazada.com.ph/products/pdp-i15465876887.html
Gracekarin Wind Energy Generation Made Easy with Reliable Turbine Repeller Blades Free shipping,N/A,N/A,https://www.lazada.com.ph/products/pdp-i15480657926.html
【Weliba】 Wind Turbine Generator Kit for Physics Labs and Student Hands-On Learning [New Products Hot Sale],N/A,N/A,https://www.lazada.com.ph/products/pdp-i15488095812.html
3D Modeling of 3D Drawing Model of Wind Turbine Wind Blade Generator Solidworks with STP,N/A,N/A,https://www.lazada.com.ph/products/pdp-i4986896007.html
Vertical axis wind turbine model three-phase permanent magnet generator windmill toy night light production DIY display,N/A,N/A,https://www.lazada.com.ph/products/pdp-i5123344328.html
【FUXING】 Compact Mini Wind Turbine Outdoor Portable USB Charger for Electronics [New Hot Sale],N/A,N/A,https://www.lazada.com.ph/products/pdp-i15490861099.html
SHPYHT High Speed Wind Turbine for Brushless Motor Eco Friendly Windshield for Stable Power Generation Outdoors,N/A,N/A,https://www.lazada.com.ph/products/pdp-i15448070476.html
12v miniature wind turbine generator set small DC wind generator motor 20v science toys.,N/A,N/A,https://www.lazada.com.ph/products/pdp-i4984570411.html
New Vertical Axis Micro Wind Turbine Small DC DIY Technology Making Physical Generator+|,N/A,N/A,https://www.lazada.com.ph/products/pdp-i5080447356.html
Tbz Small Mini Wind Micro Turbine Generator,N/A,N/A,https://www.lazada.com.ph/products/pdp-i15456505482.html
5 Blade Generator Double Layer Wind Turbine for Hybrids Streetlight for Mobile Homes,N/A,N/A,https://www.lazada.com.ph/products/pdp-i5066839615.html
12v miniature wind turbine generator set small DC wind generator motor 20v science toys.,N/A,N/A,https://www.lazada.com.ph/products/pdp-i5139217307.html
12v miniature wind turbine generator set small DC wind generator motor 20v science toys.,N/A,N/A,https://www.lazada.com.ph/products/pdp-i5140445644.html
FUXING Wind Turbine Generator Kit with Blades Motor Diode for Student Experiments,N/A,N/A,https://www.lazada.com.ph/products/pdp-i15491904592.html
12v miniature wind turbine generator set small DC wind generator motor 20v science toys.,N/A,N/A,https://www.lazada.com.ph/products/pdp-i5071307968.html
Aibecy Wind Power Generator 6 Blades 300W Wind Turbine Generator Kit for Voltage Regulation Effective Current,N/A,N/A,https://www.lazada.com.ph/products/pdp-i5224698786.html
NANWEI Wind Turbine Generator Power Generator Quiet 300W Low Startup Wind Speed for Homes Farms RVs Boats,N/A,N/A,https://www.lazada.com.ph/products/pdp-i5409029443.html
Wind power wind energy motor New wind power generator Household 220v small complete set of household friction speed ring,N/A,N/A,https://www.lazada.com.ph/products/pdp-i4824626150.html
ZUNYI | Permanent Magnet DC Water Wind Generator 34W,N/A,N/A,https://www.lazada.com.ph/products/pdp-i15424279035.html
【PHYTR】 Wind Turbine for DIY Project High Speed Brushless Motor Durable Home Power Generation Solution,N/A,N/A,https://www.lazada.com.ph/products/pdp-i15494625114.html
Outdoor portable display of vertical five-blade wind turbine model three-phase permanent magnet brushless power generation low-speed windmill,N/A,N/A,https://www.lazada.com.ph/products/pdp-i4562972185.html
【RlGIYH】Hybrid Wind Solar Controller MPPT Charging Boost Wind Turbine Generator Solar Panel Home Street Light Controller,N/A,N/A,https://www.lazada.com.ph/products/pdp-i5307921739.html
100W/200W/300W wind turbines 12V/24V light wind-starting magnetic levitation generator high power 220V inverter output wind energy,N/A,N/A,https://www.lazada.com.ph/products/pdp-i15427093690.html
Vertical axis wind turbine model three-phase permanent magnet generator windmill toy night light production DIY display,N/A,N/A,https://www.lazada.com.ph/products/pdp-i5122335133.html
500W Wind Generator Wind Turbine Generator 550W Maximum 8 Blades for Boat,N/A,N/A,https://www.lazada.com.ph/products/pdp-i5301436702.html
FUXING Compact Wind Turbine with Motor for Science Education and Hands on Learning,N/A,N/A,https://www.lazada.com.ph/products/pdp-i15428717297.html
"Factory-sold wind turbine 12V, 24V, 120V, 80W Small permanent magnet DC hand-cranked generator.",N/A,N/A,https://www.lazada.com.ph/products/pdp-i4939601900.html
Oral-B | Hand Cranked Wind Generator Use High Torque Powerful DC Motor 50W,N/A,N/A,https://www.lazada.com.ph/products/pdp-i15433150550.html
【Weliba】 Small Dc Motor Wind Turbine Generator Kit with 60mm Four Leaf Fan for Projects [New Products Hot Sale],N/A,N/A,https://www.lazada.com.ph/products/pdp-i15460667572.html
Small x3 Vertical Axis Wind Turbine Low Startup Speed For Mobile And Street Lighting,N/A,N/A,https://www.lazada.com.ph/products/pdp-i4527761017.html
500W 48V Three-phase AC Permanent Generator Mini High Efficiency 950RPM Low Speed Wind Generator Motor AC Alternator for Wind Generators DIY,N/A,N/A,https://www.lazada.com.ph/products/pdp-i4266392261.html
Naier Wind Power 400W500W600W800Ｗ Rare Earth Permanent Magnet Wind Turbine Three-phase Alternator,N/A,N/A,https://www.lazada.com.ph/products/pdp-i5109247966.html
1000W wind turbine 12v 24v vertical axis wind generator VAWT small windmill free energy band MP,N/A,N/A,https://www.lazada.com.ph/products/pdp-i4791503908.html
12v miniature wind turbine generator set small DC wind generator motor 20v science toys.,N/A,N/A,https://www.lazada.com.ph/products/pdp-i5137449047.html
"M3 wind generator 600W, 12V, 24V, 48V horizontal axis small wind turbine breezes to start foreign trade.",N/A,N/A,https://www.lazada.com.ph/products/pdp-i5073447675.html
Experimental science toys of Small DC Wind Generator for Multifunctional 12v Mini Wind Turbine.,N/A,N/A,https://www.lazada.com.ph/products/pdp-i5058659043.html
Wind Turbine Permanent Magnet Generator 3-Phase Alternator S,N/A,N/A,https://www.lazada.com.ph/products/pdp-i5152654705.html
Experimental science toys of Small DC Wind Generator for Multifunctional 12v Mini Wind Turbine.,N/A,N/A,https://www.lazada.com.ph/products/pdp-i4969205044.html
BOSTO NE-100S3 Wind Turbine Generator 100W 3PCS 580mm Nylon Fiber Wind Blades Power Windmill (12V),N/A,N/A,https://www.lazada.com.ph/products/pdp-i15440427001.html
【With Mppt Control】2.3M Diameter 1000W 48V Wind Generator Actual Power Wind Generator AC48V Wind Turbines Wind Turbines Generator with 3 Nylon Fiber Blades Not Included Pole,N/A,N/A,https://www.lazada.com.ph/products/pdp-i4605796142.html
Wind Turbine Permanent Magnet Generator -Phase Alternator S,N/A,N/A,https://www.lazada.com.ph/products/pdp-i4823518458.html
Wind turbine generator kit 400W12V wind turbine generator set with 5 blades and charging controller,N/A,N/A,https://www.lazada.com.ph/products/pdp-i4953520401.html
NANWEI S3-300W Wind Turbine Generator 300W 3PCS 630mm Wind Blades Power Windmill (12V),N/A,N/A,https://www.lazada.com.ph/products/pdp-i15424926987.html
"600W small-scale household wind turbines are started by breeze, and efficient portable household power generation is 12V24V48v.",N/A,N/A,https://www.lazada.com.ph/products/pdp-i4838057779.html
Wind Turbine Permanent Magnet Generator 3-Phase Alternator S,N/A,N/A,https://www.lazada.com.ph/products/pdp-i4891496657.html
Wind Generator 5‑blades Wind Energy Generator with Controller for Mobile Homes for Charging Boats for Terraces,N/A,N/A,https://www.lazada.com.ph/products/pdp-i5067433368.html
500W5 Three-phase Small Permanent Magnet Household Wind Generator Breeze Wind Turbine 12v24v,N/A,N/A,https://www.lazada.com.ph/products/pdp-i5069760127.html
Wind Turbine Permanent Magnet Generator 3-Phase Alternator S,N/A,N/A,https://www.lazada.com.ph/products/pdp-i5052695440.html
NANWEI NE-100S3 Wind Turbine Generator 100W 3PCS 580mm Nylon Fiber Wind Blades Power Windmill (12V),N/A,N/A,https://www.lazada.com.ph/products/pdp-i15425389537.html
Wind Generator 3-Phase Alternator Wind Turbine Permanent Mag,N/A,N/A,https://www.lazada.com.ph/products/pdp-i4992836852.html
H1 vertical axis wind turbine wind-solar hybrid power generation system base station new energy household small generator,N/A,N/A,https://www.lazada.com.ph/products/pdp-i5031213529.html
Household wind turbine 220v small wind-solar hybrid power generation system 12v miniature vertical axis portable.,N/A,N/A,https://www.lazada.com.ph/products/pdp-i5125900932.html
"M3 wind generator 600W, 12V, 24V, 48V horizontal axis small wind turbine breezes to start foreign trade.",N/A,N/A,https://www.lazada.com.ph/products/pdp-i5279395467.html
Vertical Wind Turbine Power Generator Free Energy 1000w 1500,N/A,N/A,https://www.lazada.com.ph/products/pdp-i5072027390.html
"600W small-scale household wind turbines are started by breeze, and efficient portable household power generation is 12V24V48v.",N/A,N/A,https://www.lazada.com.ph/products/pdp-i4840238053.html
NANWEI Wind Generator Kit High Power Tracking Intelligent Microprocessor Magnetic Wind Turbine 500W for Wind Solar Hybrid Street Light,N/A,N/A,https://www.lazada.com.ph/products/pdp-i15408798696.html
1000W wind turbine 12v 24v vertical axis wind generator VAWT small windmill free energy band MP,N/A,N/A,https://www.lazada.com.ph/products/pdp-i5018984121.html
Lepmerk ERYUE 1200W Efficient Small Wind Generator 3 Blades Kit for Marine Home Charging Nylon Fiber Material (Blue 18),N/A,N/A,https://www.lazada.com.ph/products/pdp-i15437545852.html
Wind power generator home 220V small wind energy high power 12v24v permanent magnet wind-solar power generation complementary system.,N/A,N/A,https://www.lazada.com.ph/products/pdp-i4928191047.html
Wind-solar complementary power supply system of 500W vertical small wind turbine with new energy tulip wind generator,N/A,N/A,https://www.lazada.com.ph/products/pdp-i5028073742.html
Wind-solar complementary power supply system of 500W vertical small wind turbine with new energy tulip wind generator,N/A,N/A,https://www.lazada.com.ph/products/pdp-i4625100079.html
Wind generator household 220v outdoor small 12v DC low-speed permanent magnet wind generator,N/A,N/A,https://www.lazada.com.ph/products/pdp-i5042246694.html
Wind Turbine Permanent Magnet Generator 3-Phase Alternator S,N/A,N/A,https://www.lazada.com.ph/products/pdp-i4984765352.html
ANENG Maglev Wind Turbine Generator Quiet Low Vibration 500W Curved Blade Stable Movement Vertical Wind Turbine for Household,N/A,N/A,https://www.lazada.com.ph/products/pdp-i15410727093.html
China Factory Vertical Axis Maglev Wind Turbine Generator 10,N/A,N/A,https://www.lazada.com.ph/products/pdp-i5033625931.html
100-1000W Wind Controller 12V 24V 48V Water Proof MPPT Rectifier Brake Charging Rectifier Bridge Sliver Wind Turbine Generator,N/A,N/A,https://www.lazada.com.ph/products/pdp-i15498260523.html
Postage 5v small micro wind turbine small DC wind generator motor technology small production.,N/A,N/A,https://www.lazada.com.ph/products/pdp-i4958388750.html
Mini Wind Turbines Generator Hydraulic Water Generator Teaching DIY Kit Test,N/A,N/A,https://www.lazada.com.ph/products/pdp-i15392135474.html
Vertical Axis Wind Turbine Model Three-phase Permanent Magnet Generator Windmill Toy Night Light Production DIY Display,N/A,N/A,https://www.lazada.com.ph/products/pdp-i4105587981.html
Wind turbine household 12v24v220v permanent magnet small wind energy outdoor wind-solar complementary power generation system,N/A,N/A,https://www.lazada.com.ph/products/pdp-i5189321091.html
Zixi vertical red lantern wind turbine generator Wirbin wind turbine generator,N/A,N/A,https://www.lazada.com.ph/products/pdp-i4821210285.html
Wind Turbine Small Household Solar Power Generation System Roof Outdoor 220V Full Set of Wind-solar Complementary Equipment,N/A,N/A,https://www.lazada.com.ph/products/pdp-i4791150335.html
"600W small-scale household wind turbines are started by breeze, and efficient portable household power generation is 12V24V48v.",N/A,N/A,https://www.lazada.com.ph/products/pdp-i5255205632.html
Direct-supply wind turbine 1000w small household wind power generation promotion,N/A,N/A,https://www.lazada.com.ph/products/pdp-i5123389726.html
Wind-solar complementary power supply system of 500W vertical small wind turbine with new energy tulip wind generator,N/A,N/A,https://www.lazada.com.ph/products/pdp-i4875458616.html
Household 220V wind turbine Small wind energy high power permanent magnet portable wind-solar power generation complementary system,N/A,N/A,https://www.lazada.com.ph/products/pdp-i5121494369.html
Direct-supply wind turbine 1000w small household wind power generation promotion,N/A,N/A,https://www.lazada.com.ph/products/pdp-i4879880723.html
Direct-supply wind turbine 1000w small household wind power generation promotion,N/A,N/A,https://www.lazada.com.ph/products/pdp-i4958500179.html
【Our Homes Store 】 Educational Mini Wind Turbine Generator with LED Lighting for Experiments [High Quality Products[[Large Inventory],N/A,N/A,https://www.lazada.com.ph/products/pdp-i15456126802.html
Beautiful Homes Store Portable Wind Turbine Generator Kit Small Dc Motor with Efficient Fan Blade,N/A,N/A,https://www.lazada.com.ph/products/pdp-i15462214149.html
Wind Turbine Generator Set for Teaching Principles of Energy Conversion,N/A,N/A,https://www.lazada.com.ph/products/pdp-i15458182938.html
1-20V 20W ature wind driven generator Model Wind Turbine three-phase permanent magnet Power generation experimental windmill,N/A,N/A,https://www.lazada.com.ph/products/pdp-i4875280001.html
LazaraHome 90mm Micro Wind Turbine Small Wind Generator Kits DC Motor Turbines,N/A,N/A,https://www.lazada.com.ph/products/pdp-i1776462327.html
MYTOOLS Student Science Kit Wind Turbine Generator with 0.1-12V Output Voltage Range 【Ready Stock】,N/A,N/A,https://www.lazada.com.ph/products/pdp-i15465046411.html
Miniature Wind Turbine Generator for Educational Purposes and Science Projects,N/A,N/A,https://www.lazada.com.ph/products/pdp-i15458224725.html
Online Electr 300-6000 Revolutions 5v Power Three-phase Wind Turbines Alternator Generator,N/A,N/A,https://www.lazada.com.ph/products/pdp-i15464481626.html
BBST Micro Wind Turbine Generator Inspire Young Minds with DIY Power Generation,N/A,N/A,https://www.lazada.com.ph/products/pdp-i15465785390.html
【WCOS】 Wind Turbine Generator LED Teaching Tools Automatically Teaching Sample Template [New Products][niceday],N/A,N/A,https://www.lazada.com.ph/products/pdp-i15456641675.html
24V Generator Miniature Hand Crank Emergency Wind Turbine Generator Motor,N/A,N/A,https://www.lazada.com.ph/products/pdp-i15456064494.html
24V Generator Miniature Hand Crank Emergency Wind Turbine Generator Motor,N/A,N/A,https://www.lazada.com.ph/products/pdp-i15459893954.html
【NEWELECTR】 Handmade Wind Turbine Generator Inspire Sustainable Thinking in Students,N/A,N/A,https://www.lazada.com.ph/products/pdp-i15460604780.html
[DHGO] Small Wind Turbine Generator Kit with 60mm Fan Blade for Science Experiments,N/A,N/A,https://www.lazada.com.ph/products/pdp-i15460226735.html
24V Generator Miniature Hand Crank Emergency Wind Turbine Generator Motor,N/A,N/A,https://www.lazada.com.ph/products/pdp-i15456503212.html
【Free-delivery】 Vertical Axis Wind Turbine Model Three-Phase Permanent Magnet Generator Windmill Toy Diy Display Vertical Wind Generator Model,N/A,N/A,https://www.lazada.com.ph/products/pdp-i5377691023.html
1000W Peak 12V/24V/48V 6 Blades Horizontal Wind Turbine Generator Residential Home Windmill Power Generator,N/A,N/A,https://www.lazada.com.ph/products/pdp-i4481046553.html
500W Wind Generator 8 Blades Wind Turbine Generator Nylon Fiber Blade for Boat Fast Shipping,N/A,N/A,https://www.lazada.com.ph/products/pdp-i5062182432.html
YFTOOLS Wind Turbine Generator Kit with Small DC Motor and Fan Blade for Kids Science 【Ready Stock】,N/A,N/A,https://www.lazada.com.ph/products/pdp-i15454951283.html
DIY Wind Turbine Generator Kit DC 0.1V-3V Generator with Holder Blades Brushless Motor Mini Dynamo Generator Teaching,N/A,N/A,https://www.lazada.com.ph/products/pdp-i15425648371.html
New DC Wind Generator Hand Dynamo Hydraulic Test 5v/6v/12v/24v 1500mA 20W Gerador Wind Turbine,N/A,N/A,https://www.lazada.com.ph/products/pdp-i4875364303.html
Small Wind Turbine Generator Micro Motor Power Electricity Fan Blades Model LED Light DIY Kits for Experiment Power Generation,N/A,N/A,https://www.lazada.com.ph/products/pdp-i15434980776.html
24V Generator Miniature Hand Crank Emergency Wind Turbine Generator Motor,N/A,N/A,https://www.lazada.com.ph/products/pdp-i15465648552.html
【Hot demand】 2022 Hot Selling Mini Solar Driving Wind Turbine Model Mini Solar Toy Mini Wind Turbine Generator Model Solar Powered Windmill,N/A,N/A,https://www.lazada.com.ph/products/pdp-i3155464357.html
Windmill Model Mini Wind Turbines Generator for for Ages 8+ Kids Children,N/A,N/A,https://www.lazada.com.ph/products/pdp-i5159855993.html
Wind Turbine Generator 600W High Safety Wind Turbine for Boat Fast Shipping,N/A,N/A,https://www.lazada.com.ph/products/pdp-i5062224300.html
Mini Small Wind Generator Turbine Motor Blade Set LED DIY Power Teaching Model,N/A,N/A,https://www.lazada.com.ph/products/pdp-i15443874933.html
Micro 120V Generator Motor Double Ball Bearing Compensated Carbon Brush DC120V Motor Wind Turbine,N/A,N/A,https://www.lazada.com.ph/products/pdp-i4049673774.html
Student Science Experiment Materials Wind Power Generator Set Led Light Fan Maker Tool Physics Experiment for Learning And Education,N/A,N/A,https://www.lazada.com.ph/products/pdp-i2849225684.html
diymore DC 5V/12V/80V Micro Hydro Generator DC Water Flow Generator Turbine Generator Hydroelectric Tap Water Flow Hydraulic DIY,N/A,N/A,https://www.lazada.com.ph/products/pdp-i3081401532.html
Wind Turbine Kit Gourd Wind Turbine Hoop Mounting Generator with 5 X Blades for Wind Turbine Kit,N/A,N/A,https://www.lazada.com.ph/products/pdp-i4993111975.html
1pcs Mini Wind Turbine Blade Vertical Axis Micro-generator Blades Small Kit,N/A,N/A,https://www.lazada.com.ph/products/pdp-i5233935317.html
Turbine 220 Pipe V Type High Power Portable Hydraulic Generator,N/A,N/A,https://www.lazada.com.ph/products/pdp-i15427020254.html
Portable Miniature DC Wind Turbine Generator Set 12V Motor 20V Power Generation Accessories Simple Installation 3 Blades,N/A,N/A,https://www.lazada.com.ph/products/pdp-i4998991078.html
1PC brushless wind generator brushless DC motor Wind Generator Hand Generator DIY power generation experiment accessories,N/A,N/A,https://www.lazada.com.ph/products/pdp-i5290038022.html
DIY Power Generation Experiment of NIDEC Brushless Generator Brushless Wind Generator Hand-operated Hydraulic Generator,N/A,N/A,https://www.lazada.com.ph/products/pdp-i4873655836.html
3D Printed PAL Material Mini Wind Generator,N/A,N/A,https://www.lazada.com.ph/products/pdp-i4572864404.html
Beauty <br>DIY Wind Turbine Generator Kit DC 0.1V-3V Generator with Holder Blades Brushless Motor Mini Dynamo Generator Teaching,N/A,N/A,https://www.lazada.com.ph/products/pdp-i15434258442.html
90mm Micro Wind Turbine Small Wind Generator Kits DC Motor Turbines,N/A,N/A,https://www.lazada.com.ph/products/pdp-i5180853543.html
【Quality】 Micr Wind Turbine Motor With USB Bulb DIY Set Power Energy Generator Wind Generator Wind Energy,N/A,N/A,https://www.lazada.com.ph/products/pdp-i5384293042.html
【In-demand】 Delta Wing High Carbon Fibers Wind Turbine Generator For Wind Turbine Generator Windmill 200w 600w 800w,N/A,N/A,https://www.lazada.com.ph/products/pdp-i5377531571.html
Micr Wind Turbine Motor Blade With USB Light Bulb DIY Set Power Energy Generator Wind Generator Wind Energy,N/A,N/A,https://www.lazada.com.ph/products/pdp-i5109939936.html
Wind Energy Wind Turbine 4 Blade Wind Power Generator Wind Turbine Generator Kit 12V/24V/48V 3 Styles for Home Ship Street Lighitng Fast Shipping,N/A,N/A,https://www.lazada.com.ph/products/pdp-i5062160493.html
Taixer Wind Power Generator Science Learning Toy Experiment Electricity Power Physics Electronic Assembly Toy Wind Turbine Students,N/A,N/A,https://www.lazada.com.ph/products/pdp-i4655052576.html
【Limited stock】 3v-24v Mini Three-Phase Alternator Three-Phase Generator Wind Turbines Hand Generator Dynamo,N/A,N/A,https://www.lazada.com.ph/products/pdp-i4313527890.html
DIY Mini Micro Small 3-phase Miniature AC Wind Turbine Hand Alternator Generator 3V-24V Power Source Teaching Model,N/A,N/A,https://www.lazada.com.ph/products/pdp-i5241190492.html
[concise]1Pc Wind Turbine Generator Kit Micro-Hand Dynamo Generator DC12V Generator Power Supply,N/A,N/A,https://www.lazada.com.ph/products/pdp-i15391572474.html
【Trending】 Usb 5v Mini Portable Miniature Wind Power Generator Set Turbine Motor Alternator Emergency Phone Charger For Outdoor,N/A,N/A,https://www.lazada.com.ph/products/pdp-i5031803252.html
【User-friendly】 Wind Turbine Model 20w Wind Turbine With Led Vertical Wind Generator For Free Energy Education,N/A,N/A,https://www.lazada.com.ph/products/pdp-i5377646492.html
【SensoDaily】 LED Wind Turbine Generator Teaching Model for Renewable Energy Education [New Arrivals][nice day],N/A,N/A,https://www.lazada.com.ph/products/pdp-i15456747888.html
【New release】 ◎N12j◎ Dolity 90mm Micro Wind Turbine Kit na Wind Generator na may DC Motor Turbines,N/A,N/A,https://www.lazada.com.ph/products/pdp-i4285921439.html
DIY Wind Turbine Generator Kit DC 0.1V-3V Generator with Holder Blades Brushless Motor Mini Dynamo Generator Teaching,N/A,N/A,https://www.lazada.com.ph/products/pdp-i15456275618.html
【original】 Fltxny 10w 5v Wind Turbine With Led Vertical Wind Generator With Separately Controller For New Energy Class,N/A,N/A,https://www.lazada.com.ph/products/pdp-i4488455333.html
DIY Wind Turbine Generator Kit DC 0.1V-3V Generator with Holder Blades Brushless Motor Mini Dynamo Generator Teaching,N/A,N/A,https://www.lazada.com.ph/products/pdp-i15459848540.html
DIY Wind Turbine Generator Kit DC 0.1V-3V Generator with Holder Blades Brushless Motor Mini Dynamo Generator Teaching,N/A,N/A,https://www.lazada.com.ph/products/pdp-i15462113275.html
【Shop the Look】 Usb 5v Mini Portable Miniature Wind Power Generator Set Turbine Motor Alternator Emergency Phone Charger For Outdoor,N/A,N/A,https://www.lazada.com.ph/products/pdp-i4488397606.html
【No-profit】 2 in 1 Solar Wind Turbine Generator Model and Exhibition Stand Windmill Educational Assembly Kit Desktop Decoratio,N/A,N/A,https://www.lazada.com.ph/products/pdp-i3155502858.html
【New and Improved】 Three Phase Mini Ac Wind Turbines Brushless Motor Hand Cranked Generator 3-24v 0.1a-1a 0.5-12w Rpm3000-6000,N/A,N/A,https://www.lazada.com.ph/products/pdp-i5030658350.html
【Hot deal】 Three Phase Ac Wind Generator Turbines Brushless Motor Hand Cranked Generator 3-24v 0.1a-1a 0.5-12w Rpm3000-6000 Led,N/A,N/A,https://www.lazada.com.ph/products/pdp-i5030684196.html
【Shop Now】 <br>DIY Wind Turbine Generator Kit DC 0.1V-3V Generator with Holder Blades Brushless Motor Mini Dynamo Generator Teaching,N/A,N/A,https://www.lazada.com.ph/products/pdp-i15402986714.html
12V Dual-Purpose Turbine Generator Outdoor Generator Usb Charger Wind Power Water Manual Household Manual Household,N/A,N/A,https://www.lazada.com.ph/products/pdp-i15459640235.html
MOTOR-24V Generator Miniature Hand Crank Emergency Wind Turbine Generator Motor Carnex,N/A,N/A,https://www.lazada.com.ph/products/pdp-i15445720458.html
DIY Wind Turbine Generator Kit DC 0.1V-3V Generator with Holder Blades Brushless Motor Mini Dynamo Generator Teaching,N/A,N/A,https://www.lazada.com.ph/products/pdp-i15458552360.html
DIY Wind Turbine Generator Kit DC 0.1V-3V Generator with Holder Blades Brushless Motor Mini Dynamo Generator Teaching,N/A,N/A,https://www.lazada.com.ph/products/pdp-i15463911113.html
DIY Wind Turbine Generator Kit DC 0.1V-3V Generator with Holder Blades Brushless Motor Mini Dynamo Generator Teaching,N/A,N/A,https://www.lazada.com.ph/products/pdp-i15456147952.html
DIY Wind Turbine Generator Kit DC 0.1V-3V Generator with Holder Blades Brushless Motor Mini Dynamo Generator Teaching,N/A,N/A,https://www.lazada.com.ph/products/pdp-i15460944521.html
2-in-1 Wind /Water Generator Turbine Hydroelectric Generator Power Motor Kids Assemble Toy,N/A,N/A,https://www.lazada.com.ph/products/pdp-i15444365160.html
REAIM Gasoline Generator 950W 4000W 4 Stroke Portable Silent Power Generator for Home Outdoor 220V/60Hz,N/A,N/A,https://www.lazada.com.ph/products/pdp-i15453515899.html
REAIM 1000W/4000W Gasoline Generator Manual Electric Start Generator Household Home Outdoor Small Generator Portable Power Generator,N/A,N/A,https://www.lazada.com.ph/products/pdp-i5168890988.html
"REAIM 3000W 4-Stroke Gasoline Generator with 12.5L Tank, 210CC Portable Power Generator for Home and Outdoor Use",N/A,N/A,https://www.lazada.com.ph/products/pdp-i5290186648.html
DIY Power Generation Experiment of NIDEC Brushless Generator Brushless Wind Generator Hand-operated Hydraulic Generator,N/A,N/A,https://www.lazada.com.ph/products/pdp-i5038820649.html
REAIM 4000W Gasoline Generator Household Home Outdoor Small Generator 4-Stroke Portable Power Generator Manual Electric Start Generator Air Cooled Generators,N/A,N/A,https://www.lazada.com.ph/products/pdp-i5168938221.html
【Planet age】Mini Wind DC Generator Hand Dynamo Hydraulic Test DC 12V 24V Motor Machine Supply Emergency Generator,N/A,N/A,https://www.lazada.com.ph/products/pdp-i5366009376.html
REAIM Gasoline Generator 950W Portable Double protection Household Outdoor Ultra High Performance Manual Start low noise Household Generator,N/A,N/A,https://www.lazada.com.ph/products/pdp-i5247614771.html
Educational Wind Generator Model Set with Degree Rotation DIY Experiment,N/A,N/A,https://www.lazada.com.ph/products/pdp-i15423915962.html
Compact Water Wheel Turbine Generator Motor for Environmental Awareness,N/A,N/A,https://www.lazada.com.ph/products/pdp-i15422431008.html
【Weliba】 DIY Wind Turbine Motor Blade and USB Bulb Set for Energy Generator Projects [New Products Hot Sale],N/A,N/A,https://www.lazada.com.ph/products/pdp-i15489723441.html
DIY Wind Turbine Generator Kit DC 0.1V-3V Generator with Holder Blades Brushless Motor Mini Dynamo Generator Teaching,N/A,N/A,https://www.lazada.com.ph/products/pdp-i15459612475.html
DIY Wind Turbine Generator Kit DC 0.1V-3V Generator with Holder Blades Brushless Motor Mini Dynamo Generator Teaching,N/A,N/A,https://www.lazada.com.ph/products/pdp-i15456483229.html
50W 12V DC Output Low Wind Speed Brushless Generator 12V DC Output Low Wind Speed (1.5m/S) Effective Three-Phase PM Brushless Generator Micro Wind Turbine Generator,N/A,N/A,https://www.lazada.com.ph/products/pdp-i15455604523.html
1Pc Wind Turbine Generator Kit Micro-Hand Dynamo Generator DC12V Generator Power Supply,N/A,N/A,https://www.lazada.com.ph/products/pdp-i15463131323.html
【Popular choice】 Wind Turbine Generator Kit Dynamo Generator Dc 0-20v Gerador Electrical Equipment,N/A,N/A,https://www.lazada.com.ph/products/pdp-i5031760731.html
DIY Kit Small Motor Vertical Wind Turbines Blades Breeze Electricity Generator Science Model Wind Energy Vertical Wind Generator,N/A,N/A,https://www.lazada.com.ph/products/pdp-i5282789803.html
50W 12V DC Output Low Wind Speed Brushless Generator 12V DC Output Low Wind Speed (1.5m/S) Effective Three-Phase PM Brushless Generator Micro Wind Turbine Generator,N/A,N/A,https://www.lazada.com.ph/products/pdp-i15460091121.html
【Versatile】 Vertical Wind Generator Electricity Small Motor Wind Energy Generator Diy Kit Turbines Blades Breeze Power Generation,N/A,N/A,https://www.lazada.com.ph/products/pdp-i5031826048.html
【SUNNY2015 SHIPPING】DIY Wind Turbine Generator Kit DC 0.1V-3V Generator with Holder Blades Brushless Motor Mini Dynamo Generator Teaching,N/A,N/A,https://www.lazada.com.ph/products/pdp-i15393503482.html
Low Speed 100W 200W 300W 12V 24V 48V 3 Phase Gearless Permanent Magnet Generator AC Alternators For Wind Turbine Water Turbine DIY,N/A,N/A,https://www.lazada.com.ph/products/pdp-i3590987908.html
DIY Vertical Axis Wind Turbine Model - Three-Phase Permanent Magnet Generator Windmill Toy for Night Lights Display,N/A,N/A,https://www.lazada.com.ph/products/pdp-i5336933790.html
【Expert Recommended】 Vertical Axis Wind Turbine Model Three-Phase Permanent Magnet Generator Windmill Toy Night Making Diy Display,N/A,N/A,https://www.lazada.com.ph/products/pdp-i4488403519.html
Portable vertical/horizontal wind turbine model three-phase permanent magnet generator scientific and educational experiment DIY,N/A,N/A,https://www.lazada.com.ph/products/pdp-i5337102241.html
300W 12V 24 Volt DIY 3 Phase PMSG Brushless Electric Wind Power Turbine Generator Permanent Magnet Generator Alternator Motor,N/A,N/A,https://www.lazada.com.ph/products/pdp-i3250130819.html
DIY Kit Small DC Motor Vertical Wind Turbines Blades Generator Micro Motor Wind Turbine Generator,N/A,N/A,https://www.lazada.com.ph/products/pdp-i4670870443.html
Lepmerk DIY Kit Small DC Motor Vertical Wind Turbines Blades Generator Micro Motor Wind Turbine Generator,N/A,N/A,https://www.lazada.com.ph/products/pdp-i4670704632.html
CNABPC Generator Brushless Motor Wind Turbine High Speed Windshield Enhanced for Small Wind Power DIY Projects,N/A,N/A,https://www.lazada.com.ph/products/pdp-i15460520290.html
Low-speed three-phase permanent magnet brushless AC wind generator hand-operated hydraulic 12-220V speed-increasing gearbox.,N/A,N/A,https://www.lazada.com.ph/products/pdp-i5269608184.html
DIY Power Generation Experiment of NIDEC Brushless Generator Brushless Wind Generator Hand-operated Hydraulic Generator,N/A,N/A,https://www.lazada.com.ph/products/pdp-i4887436492.html
BOSTO Xtahdge Compact Micro Hydro Generator Pump Turbine Energy Generator Low Noise Eco-Friendly and Easy for Personal Installation (F50 80V Transparent Yellow),N/A,N/A,https://www.lazada.com.ph/products/pdp-i15421886505.html
【L-BEANS】 DIY Wind Energy Generator Kit for Teaching and Practical Learning Activities,N/A,N/A,https://www.lazada.com.ph/products/pdp-i15422199100.html
Wind Hydraulic Generator Hand Crank Dynamo Miniature Hand Crank Emergency Energy Dynamo Motor,N/A,N/A,https://www.lazada.com.ph/products/pdp-i5257747421.html
FUXING Accessories Wind Turbine Motor Energy Generator Outdoor Wind Power Supplies,N/A,N/A,https://www.lazada.com.ph/products/pdp-i15428198424.html
Small wind energy generator assembling household micro-motor wind power generation experiment motor set small generator model,N/A,N/A,https://www.lazada.com.ph/products/pdp-i5130268258.html
【Weliba】 Lightweight Wind Turbine Generator for Student Experiment Applications [New Products Hot Sale],N/A,N/A,https://www.lazada.com.ph/products/pdp-i15488266718.html
Field hydraulic turbine hydraulic generator household small portable high-power outdoor test pipeline type,N/A,N/A,https://www.lazada.com.ph/products/pdp-i5057920422.html
Solar Wind Power Generator Aluminum Alloy Electric Bike Range Extending Generator 12V to 125V for Electric Vehicles,N/A,N/A,https://www.lazada.com.ph/products/pdp-i4609987218.html
Andoer Wind Turbines 12M/S Rated Wind Speed Heat Resistant Wind Power Generator 2M/S Starting Wind Speed for Cabins or Mobile Homes for Charging Boats Terraces,N/A,N/A,https://www.lazada.com.ph/products/pdp-i15490430510.html
【FURONGHUA】 Hydraulic Generator Plastic 12V Water flow Pump Micro Turbine Solar energy 【New product】,N/A,N/A,https://www.lazada.com.ph/products/pdp-i15471018558.html
12V small micro wind turbine small DC wind generator motor 20V science toys postage,N/A,N/A,https://www.lazada.com.ph/products/pdp-i4950011984.html
REAIM Portable Gasoline Generator Portable GeneratorSet Efficient Strong Endurance GeneratorAll-copper Generator HighManual Start Generator High-power Household Outdoor Small Generator,N/A,N/A,https://www.lazada.com.ph/products/pdp-i5222150090.html
REAIM 4000W Gasoline Generator Portable Silent Power 4-Stroke High Power Double protection Air Cooled Household Generator,N/A,N/A,https://www.lazada.com.ph/products/pdp-i5262924909.html
Gasoline Generator 2200W/60Hz Portable Silent Power Gasoline Generator 4 Stroke 220V Home Household Outdoor Small Powerful Generator All Copper Single-Phase Generator,N/A,N/A,https://www.lazada.com.ph/products/pdp-i5177985656.html
NANWEI Gasoline Generator 4kw/60Hz Home Gasoline Generator Small Household Generator 4-Stroke Generator 220V Portable Small All-copper Generator -With Multiple Protection Systems,N/A,N/A,https://www.lazada.com.ph/products/pdp-i4862958740.html
DAIMAX 2KW/3.5KW/5KW generator for home Portable Gasoline Generator 4 Stroke 220V 60HZ Household Outdoor Small Manual Electric Start,N/A,N/A,https://www.lazada.com.ph/products/pdp-i4442529046.html
Gasoline Generator 4KW/60Hz Portable Silent Power Gasoline Generator 4 Stroke Generators 220V Home Household Outdoor Small Generator Manual Electric Start Single-Phase Generator,N/A,N/A,https://www.lazada.com.ph/products/pdp-i4898869161.html
4000W Portable Gasoline Generator 60Hz Silent Power Gasoline Generator 4 Stroke Generators 220V Home Household Outdoor Small Generator Manual Electric Start Single-Phase Generator,N/A,N/A,https://www.lazada.com.ph/products/pdp-i5178040921.html
Dolity DC12V Micro Hydro Turbine Generator High Power Flow Hydraulic Water Charging,N/A,N/A,https://www.lazada.com.ph/products/pdp-i319094920.html
Andoer Wind Turbine Charge Regulator 400W 12/24V Wind Generator Controller Wear Resistance Modular Design Stable Corrosion Resistance for Protection,N/A,N/A,https://www.lazada.com.ph/products/pdp-i15497005420.html
Wind Generator 1200W Convenient To Installation 5 Blades Wind Turbines Kit 45M/S Safe Wind Speed for Charging Boats Terraces for Cabins or Mobile Homes,N/A,N/A,https://www.lazada.com.ph/products/pdp-i15496392958.html
Educational Mini Wind Generator Kit for Students and Children Experimentation,N/A,N/A,https://www.lazada.com.ph/products/pdp-i15397988945.html
Mini wind turbine mini DC generator DIY technology production Jia Bai Chen abosun DC,N/A,N/A,https://www.lazada.com.ph/products/pdp-i5142740346.html
Small portable and high-power outdoor test of hydraulic turbine hydraulic generator for home use,N/A,N/A,https://www.lazada.com.ph/products/pdp-i5039579371.html
DIY Power Generation Experiment of NIDEC Brushless Generator Brushless Wind Generator Hand-operated Hydraulic Generator,N/A,N/A,https://www.lazada.com.ph/products/pdp-i4928260562.html
Lepmerk Magnetic Wind Turbine Accurate Injection Moulding Small Windmill Generator 3 Blade Aluminum Alloy Die Casting for Wind Solar Hybrid Street Light,N/A,N/A,https://www.lazada.com.ph/products/pdp-i15447779034.html
12V small micro wind turbine small DC wind generator motor 20V science toys postage,N/A,N/A,https://www.lazada.com.ph/products/pdp-i4631491741.html
12Vdc 10W Micro Hydro Generator/ Water Turbine Generator,N/A,N/A,https://www.lazada.com.ph/products/pdp-i869480543.html
KKmoon BLW‑12/24 400W Wind Generator Turbine Controller Waterproof Battery Charging Regulator,N/A,N/A,https://www.lazada.com.ph/products/pdp-i15483977254.html
Field hydraulic turbine hydraulic generator household small portable high-power outdoor test pipeline type,N/A,N/A,https://www.lazada.com.ph/products/pdp-i5038841438.html
【liuxiaomei】Wind Power Hand Cranked Generator Hand Cranked Generator Motor Three Phase AC Micro-Brushless 3-24V Micro-Hydraulic Generater Power EquipmentHope you have a pleasant shopping experience<br><br>,N/A,N/A,https://www.lazada.com.ph/products/pdp-i15402214367.html
Permanent magnet DC machine 220-hand V-rocking generator Hand motor charging silent power generation wind turbine generator small,N/A,N/A,https://www.lazada.com.ph/products/pdp-i4730646059.html
Hoop Mounting Generator Power Equipment Wind Turbine Kit Gourd Wind Turbine with 5 X Blades for Wind Turbine Kit,N/A,N/A,https://www.lazada.com.ph/products/pdp-i5067103339.html
Electric Motor Generator 12V Easy Installation Permanent Magnet Generator for Wind Turbine,N/A,N/A,https://www.lazada.com.ph/products/pdp-i5015854130.html
Lepmerk 100W Wind Turbines Generator 5 Blades High Efficiency Power Supply for Boats Mobile Homes,N/A,N/A,https://www.lazada.com.ph/products/pdp-i15475060682.html
Electric Motor Generator Wear Resistant 12V Aluminum Alloy and Carbon Steel Permanent Magnet Generator for Wind Turbine,N/A,N/A,https://www.lazada.com.ph/products/pdp-i5015704974.html
Direct-selling outdoor hydraulic turbine hydraulic generator household small portable 220v high-power outdoor test tube.,N/A,N/A,https://www.lazada.com.ph/products/pdp-i4990736118.html
Rare Earth Permanent Magnet Three-phase Alternator 100w200w300w12v24v48v Small Wind Turbine Generator,N/A,N/A,https://www.lazada.com.ph/products/pdp-i5038924101.html
L DC brushless motor small running generator wind outdoor manual generator motor home DIY system,N/A,N/A,https://www.lazada.com.ph/products/pdp-i4464351275.html
Mini Wind DC Generator Hand Dynamo Hydraulic Test DC 12V 24V Motor Machine Supply Emergency Generator,N/A,N/A,https://www.lazada.com.ph/products/pdp-i5229104324.html
"Unicorn Portable Gasoline Generator For Home 4 Stroke 220V 60HZ Dual Protection System With Ultra High Performance Manual Electric Start OHV Air Cooled Generators For Outing, Brownout, Agriculture, Vacation, Portable Household Generator",N/A,N/A,https://www.lazada.com.ph/products/pdp-i5322481460.html
Gasoline Generator Portable 4000W Home Portable Gasoline Generator 4 Stroke 220V 60Hz Portable Small All-copper Generator Dual Protection System With Ultra High Performance Gasoline Generator,N/A,N/A,https://www.lazada.com.ph/products/pdp-i4126371288.html
ANENG Waterproof Wind Turbine Generator Charge Controller Regulator FW12/24,N/A,N/A,https://www.lazada.com.ph/products/pdp-i15484231952.html
[PENGGONG] DIY Wind Energy Project Kit with 12V 80W Permanent Magnet Generator and Crank,N/A,N/A,https://www.lazada.com.ph/products/pdp-i15462401747.html
Postage 5v small micro wind turbine small DC wind generator motor technology small production.,N/A,N/A,https://www.lazada.com.ph/products/pdp-i5188697120.html
Field hydraulic turbine hydraulic generator household small portable high-power outdoor test pipeline new model,N/A,N/A,https://www.lazada.com.ph/products/pdp-i4550062228.html
【XINJIA】Wind Power Hand Cranked Generator Hand Cranked Generator High Quality Motor Three Phase AC Micro-Brushless 3-24V Micro-Hydraulic Generater Power Equipment,N/A,N/A,https://www.lazada.com.ph/products/pdp-i15397631118.html
【Weliba】 For Wind Turbines Generator Wind Blades Unusually Light FRP Fiberglass Mixture [New Products Hot Sale],N/A,N/A,https://www.lazada.com.ph/products/pdp-i15456568636.html
【Gfryerty】Mini Wind DC Generator Hand Dynamo Hydraulic Test DC 12V 24V Motor Machine Supply Emergency Generator,N/A,N/A,https://www.lazada.com.ph/products/pdp-i5313067985.html
Power Generators 950W generator for home Gasoline Generator Small household generator Manual Start 2500W 3000W,N/A,N/A,https://www.lazada.com.ph/products/pdp-i4098773848.html
12V/24V 9000W Wind Turbines Generator Controller Waterproof Battery Charge Overvoltage Protection Controller Regulator,N/A,N/A,https://www.lazada.com.ph/products/pdp-i5216618392.html
REAIM Portable Gasoline Generator Set 4000W High-power 220V All Copper Single-Phase Generator Household Outdoor Small Generator,N/A,N/A,https://www.lazada.com.ph/products/pdp-i5362937587.html
Wind turbine vertical-axis lighting for household street lamps. Micro wind-driven startup. Solar energy complementation. Magnetic levitation power generation.,N/A,N/A,https://www.lazada.com.ph/products/pdp-i15466276317.html
REAIM 4-Stroke Gasoline Generator Portable Silent Power Gasoline Generator 220V 1000W Small Generator Single-Phase Generator,N/A,N/A,https://www.lazada.com.ph/products/pdp-i5362912644.html
DAIMAX 2KW/3.5KW/5KW generator for home Portable Gasoline Generator 4 Stroke 220V 60HZ Household Outdoor Small Manual Electric Start,N/A,N/A,https://www.lazada.com.ph/products/pdp-i3257966912.html
Gasoline Generator 4KW/60Hz Portable Silent Power Gasoline Generator 4 Stroke Generators 220V Home Household Outdoor Small Generator Manual Electric Start Single-Phase Generator,N/A,N/A,https://www.lazada.com.ph/products/pdp-i4026695900.html
Gasoline Generator 2200W/4-Stroke Portable Household Outdoor Small Powerful Generator 220V/60HZ Ultra Quiet Manual Start Generator All-copper Generator Efficient Strong Endurance Generator,N/A,N/A,https://www.lazada.com.ph/products/pdp-i5163284590.html
Meterk 100W Wind Turbines Generator 5 Blades High Efficiency Power Supply for Boats Mobile Homes,N/A,N/A,https://www.lazada.com.ph/products/pdp-i15490708506.html
Solidworks 3D geometric model of wind turbine generator fan blade propeller stair tower,N/A,N/A,https://www.lazada.com.ph/products/pdp-i4947774241.html
500W Wind Turbine Generator Controller Waterproof for Humidity Salinity,N/A,N/A,https://www.lazada.com.ph/products/pdp-i5068638023.html
250RPM 15A Mini Slip Ring 3 Wires 0-600V for Wind Turbine Power Generator,N/A,N/A,https://www.lazada.com.ph/products/pdp-i4895794281.html
sjlerst Wind Turbine Generator Wind Generator 3 Blades for Household,N/A,N/A,https://www.lazada.com.ph/products/pdp-i15493215378.html
KKmoon Wind Turbine Generator Environmentally Friendly Wind Generator Kit 3 Blades 50M/S Survival Wind Speed for Marine Rv Home for Hybrid Solar Wind System,N/A,N/A,https://www.lazada.com.ph/products/pdp-i15483976261.html
Meterk Power Generator Water Proof Wind Turbine Generator Low Startup Wind Speed Weatherproof for Homes Farms RVs Boats,N/A,N/A,https://www.lazada.com.ph/products/pdp-i15486006408.html
MUSLADY 12V 1200W Wind Generator with Charger Controller 5 Blades S Type Minitype Wind Turbine Generator Kit Clear Energy Windmill for Home Highways Boats,N/A,N/A,https://www.lazada.com.ph/products/pdp-i15491204676.html
GARRYFIZH 5 Blade Wind Turbine High Efficiency Hoop Mounting Winds Power Generator for Hybrid Generation System,N/A,N/A,https://www.lazada.com.ph/products/pdp-i15482553957.html
KKmoon 800W Small Wind Generator Turbines Kit 3 Blades Power Parts for Marine Home Charging,N/A,N/A,https://www.lazada.com.ph/products/pdp-i15483906724.html
"【Pokhdye】2X Wind Turbine Charge Controller, 400W 12V 24V Mini Wind Turbine Generator Controller IP67 Waterproof",N/A,N/A,https://www.lazada.com.ph/products/pdp-i15429105169.html
KKmoon 100W Wind Turbines Generator 5 Blades High Efficiency Power Supply for Boats Mobile Homes,N/A,N/A,https://www.lazada.com.ph/products/pdp-i15484033291.html
【eelhoe】 Hand Crank Wind Turbine Generator 12V 80W for DIY Projects and Lighting [Auto Parts][not miss it]],N/A,N/A,https://www.lazada.com.ph/products/pdp-i15470821495.html
1200W Wind Turbine Kit Double Layer 5‑Blades Wind Energy Generator for Charging Blue,N/A,N/A,https://www.lazada.com.ph/products/pdp-i15496443103.html
BOSTO Wind Turbine Charge Regulator Wind Generator Controller Corrosion Resistance 400W 12/24V Waterproof Aluminum Alloy for Protection,N/A,N/A,https://www.lazada.com.ph/products/pdp-i15494201765.html
12V/24V 9000W Wind Turbines Generator Controller Waterproof Battery Charge Overvoltage Protection Controller Regulator,N/A,N/A,https://www.lazada.com.ph/products/pdp-i5206132772.html
Meterk BLW‑12/24 400W Wind Generator Turbine Controller Waterproof Battery Charging Regulator,N/A,N/A,https://www.lazada.com.ph/products/pdp-i15485528644.html
Meterk Wind Generator 45M/S Safe Wind Speed 5 Blades 12M/S Rated Wind Speed Wind Turbines Kit with Tool Kit for Charging Boats Terraces for Cabins or Mobile Homes,N/A,N/A,https://www.lazada.com.ph/products/pdp-i15485901822.html
KKmoon 400W Wind Turbines Generator 5 Blades High Efficiency Power Supply for Boats Mobile Homes,N/A,N/A,https://www.lazada.com.ph/products/pdp-i15484086095.html
Outdoor portable display of vertical five-blade wind turbine model three-phase permanent magnet brushless power generation low-speed windmill,N/A,N/A,https://www.lazada.com.ph/products/pdp-i5069889683.html
Meterk 800W Small Wind Generator 5 Blades Power Parts Turbines Kit for Marine Home Charging,N/A,N/A,https://www.lazada.com.ph/products/pdp-i15485381985.html
Meterk Wind Turbine Controller Reliable IP67 Protection Aluminium Alloy Shell Wind Generator Controller 1000W MPPT for Factory,N/A,N/A,https://www.lazada.com.ph/products/pdp-i15486258901.html
Wind Turbine Kit Alloy Steel and Plastic Material Wind Generator Kit 1200W for Charging Boats Terraces Cabins for Solar and Wind Hybrid System,N/A,N/A,https://www.lazada.com.ph/products/pdp-i5067342974.html
DIY Power Generation Experiment of NIDEC Brushless Generator Brushless Wind Generator Hand-operated Hydraulic Generator,N/A,N/A,https://www.lazada.com.ph/products/pdp-i5033954514.html
Miniature hand-cranked generator 20W permanent magnet external rotor generator wind power generation long shaft,N/A,N/A,https://www.lazada.com.ph/products/pdp-i4841171024.html
S11 Horizontal Axis Wind Turbine 400w500w600w12v24v48v Wind Turbine Foreign Trade,N/A,N/A,https://www.lazada.com.ph/products/pdp-i5096781211.html
Wind power generator hand generator motor 220v DC motor high power motor high torque.,N/A,N/A,https://www.lazada.com.ph/products/pdp-i5137448061.html
KKmoon Wind Generator Wind Turbine Low Voltage Controller Low Voltage Shine Wind Turbine MPPT Charge Regulator for Household Use for Engineering,N/A,N/A,https://www.lazada.com.ph/products/pdp-i15475678564.html
Demonstration of physical power generation principle of small DC DIY technology for vertical axis micro wind turbine,N/A,N/A,https://www.lazada.com.ph/products/pdp-i5027953273.html
【Weliba】 DIY Brushless Three-Phase AC Generator Motor for Wind Turbine Projects [New Products Hot Sale],N/A,N/A,https://www.lazada.com.ph/products/pdp-i15460300889.html
Mini Wind DC Generator Hand Dynamo Hydraulic Test DC 12V 24V Motor Machine Supply Emergency Generator,N/A,N/A,https://www.lazada.com.ph/products/pdp-i5200769463.html
Maglev Wind Turbine Generator Stable Movement Vertical Wind Turbine Low Vibration 500W Curved Blade for Household,N/A,N/A,https://www.lazada.com.ph/products/pdp-i15496366855.html
Wind Generator Kit External Rotor AC Motor Wind Turbine Kit for Solar and Wind Hybrid System for Charging Boats Terraces Cabins,N/A,N/A,https://www.lazada.com.ph/products/pdp-i5067441526.html
Hand Crank 220V Permanent Magnet DC Generator Wind Water Power Phone Charging DIY,N/A,N/A,https://www.lazada.com.ph/products/pdp-i15436601070.html
Solar Panel 500W 300W Household Charging Panel 30A Controller Portable Solar Generator Solar Power Station for Home,N/A,N/A,https://www.lazada.com.ph/products/pdp-i4340461816.html
【New Upgrade】DEKES Portable Gasoline Generator 2 Stroke 220v HouseholdHome Outdoor Small Generator 950w 60HZ Ultra Qulet HighQuality Max Power Output,N/A,N/A,https://www.lazada.com.ph/products/pdp-i4764571282.html
Meterk 400W Wind Turbines Generator 5 Blades High Efficiency Power Supply for Boats Mobile Homes,N/A,N/A,https://www.lazada.com.ph/products/pdp-i15490617557.html
2200W Portable Gasoline Generator 220V/60HZ Household Outdoor Small Powerful Generator Manual Start 4-Stroke Efficient Strong Endurance Generator All Copper Generator,N/A,N/A,https://www.lazada.com.ph/products/pdp-i5193789421.html
【COD】Gasoline Generator 4000W Gasoline Generator Household Portable Generator 220V/60Hz Four-stroke Super Power Silent Generator Full Copper Engine Dual Protection System Ultra-Long Endurance Generator,N/A,N/A,https://www.lazada.com.ph/products/pdp-i4476048691.html
REAIM Gasoline Generator 950W 4000W 4 Stroke Portable Silent Power Generator for Home Outdoor 220V/60Hz,N/A,N/A,https://www.lazada.com.ph/products/pdp-i15424302724.html
Wind power permanent magnet DC generator 12V24V250 600w can be changed to manual generator for hydraulic pedal charging.,N/A,N/A,https://www.lazada.com.ph/products/pdp-i5041871770.html
Andoer Wind Energy Turbine Generator Professional Vertical Wind Turbine Generator Green Durable for Boats for Home for Terraces for Cabins,N/A,N/A,https://www.lazada.com.ph/products/pdp-i15490379234.html
【EELHOE】 Plastic Water Turbine Generator with Two Wire DC and Three Wire AC Output [New Products Hot Sale],N/A,N/A,https://www.lazada.com.ph/products/pdp-i15494873379.html
【Rockhouse】 Efficient Micro Water Turbine Generator Reliable Power for Electronics In Stock,N/A,N/A,https://www.lazada.com.ph/products/pdp-i15494593473.html
Solar Wind Power Generator 12V-125V Electric Vehicle Range Extender Waterproof for Electric 4 Wheeler,N/A,N/A,https://www.lazada.com.ph/products/pdp-i5051866925.html
【Latest model】Mini Wind DC Generator Hand Dynamo Hydraulic Test DC 12V 24V Motor Machine Supply Emergency Generator,N/A,N/A,https://www.lazada.com.ph/products/pdp-i15432442790.html
Wind small DC vertical axis micro generator 12V-24V permanent magnet model motor 36W DC motor,N/A,N/A,https://www.lazada.com.ph/products/pdp-i4823246485.html
Coreless disk generator emergency power supply disk generator wind generator hand generator,N/A,N/A,https://www.lazada.com.ph/products/pdp-i4891587854.html
Rare Earth Permanent Magnet Three-phase Alternator 100w200w300w12v24v48v Small Wind Turbine Generator,N/A,N/A,https://www.lazada.com.ph/products/pdp-i5306160872.html
QUEZHOU | Silent Water-powered Portable Mini Generator 220v,N/A,N/A,https://www.lazada.com.ph/products/pdp-i15431616199.html
Gasoline Generator 2.2kw/60Hz Home Gasoline Generator Small Household Generator 4-Stroke Generator Ultra High Performance OHV Air Cooled Generators 220V Portable Small All-copper Generator -With Multiple Protection Systems,N/A,N/A,https://www.lazada.com.ph/products/pdp-i5175878893.html
Diymore DC 0-30V Wind Hydraulic Generator Electric Light Generator Hand Crank Dynamo Miniature Emergency Energy Dynamo Motor DC Non Stabilized Voltage Wind Micro Electric Motors,N/A,N/A,https://www.lazada.com.ph/products/pdp-i3896488553.html
Field hydraulic turbine hydraulic generator household small portable high-power outdoor test pipeline new model,N/A,N/A,https://www.lazada.com.ph/products/pdp-i5028735555.html
Miniature brushless three-phase permanent magnet generator Brushless motor 60 100w waterwheel wind power 12v24v order,N/A,N/A,https://www.lazada.com.ph/products/pdp-i4844601951.html
80 miniature disc coreless permanent magnet generator high efficiency mini low speed low resistance DIY wind power and water power,N/A,N/A,https://www.lazada.com.ph/products/pdp-i5022630502.html
80 miniature disc coreless permanent magnet generator high efficiency mini low speed low resistance DIY wind power and water power,N/A,N/A,https://www.lazada.com.ph/products/pdp-i4821313500.html
Field hydraulic turbine hydraulic generator household small portable high-power outdoor test pipeline type,N/A,N/A,https://www.lazada.com.ph/products/pdp-i5117725029.html
Field hydraulic turbine hydraulic generator household small portable high-power outdoor test pipeline type,N/A,N/A,https://www.lazada.com.ph/products/pdp-i4795839812.html
Gasoline Generator 2200W/60Hz Portable Silent Power Gasoline Generator 4 Stroke Generators 220V Home Household Outdoor Small Generator Manual Electric Start Single-Phase Generator,N/A,N/A,https://www.lazada.com.ph/products/pdp-i5169401496.html
BOSTO Small Windmill Generator Magnetic Wind Turbine Accurate Injection Moulding 3 Blade for Wind Solar Hybrid Street Light,N/A,N/A,https://www.lazada.com.ph/products/pdp-i15444394174.html
I outdoor hydraulic turbine hydraulic generator outdoor B test pipeline for household small portable DC generator,N/A,N/A,https://www.lazada.com.ph/products/pdp-i5117077345.html
Customized hand-cranked generator 220 volt field generator household DC brushless drive generator wind power generation,N/A,N/A,https://www.lazada.com.ph/products/pdp-i5097688983.html
"Yadea, a two-wheeled and three-wheeled wind generator with solar energy extended range endurance for electric vehicles, fully automatically charges while walking.",N/A,N/A,https://www.lazada.com.ph/products/pdp-i4953427941.html
120V DC motor generator household small hand wind generator high power motor generator,N/A,N/A,https://www.lazada.com.ph/products/pdp-i5188008444.html
tobbehere-Mini Wind DC Generator Hand Dynamo Hydraulic Test DC 12V 24V Motor Machine Supply Emergency Generator,N/A,N/A,https://www.lazada.com.ph/products/pdp-i15422955192.html
"REAIM 4 Stroke Generators Gasoline Efficient Strong Endurance Generator Portable Generator Generator Household Outdoor Small Generator For Outing, Brownout, Agriculture, Vacation, Portable Household Generator Manual Electric Start Single-Phase Generator",N/A,N/A,https://www.lazada.com.ph/products/pdp-i5230289722.html
"Permanent magnet DC generator 12v, 24v, 100w, 180w, 300w Hand-operated wind-driven pedal hydraulic battery charging.",N/A,N/A,https://www.lazada.com.ph/products/pdp-i5102805047.html
Senjiu gasoline generator 220v household mini mute frequency conversion 2KW portable outdoor camping,N/A,N/A,https://www.lazada.com.ph/products/pdp-i4927653406.html
Small generator 220v household silent water flow hydraulic turbine outdoor R camping portable DC water.,N/A,N/A,https://www.lazada.com.ph/products/pdp-i4942056963.html
Wind Power Generator 12V High Reliability Wind Alternator Permanent Magnet Generator for -40℃ - 80℃ 50Hz,N/A,N/A,https://www.lazada.com.ph/products/pdp-i5017322780.html
600W1000W 12V24V48V Horizontal Axis Wind Turbine 3-Blade Wind Power Motor Kit,N/A,N/A,https://www.lazada.com.ph/products/pdp-i4436005089.html
"Wind generator 12V, 24V, 120V, 80w Small permanent magnet DC hand-cranked generator high power lamp.",N/A,N/A,https://www.lazada.com.ph/products/pdp-i5048754806.html
REAIM Generator Portable 4-Stroke 1000W 98CC Heavy Duty Gasoline for Home Silent,N/A,N/A,https://www.lazada.com.ph/products/pdp-i15392298265.html
S11 Horizontal Axis Wind Turbine 400w500w600w12v24v48v Wind Turbine Foreign Trade,N/A,N/A,https://www.lazada.com.ph/products/pdp-i4831169594.html
sjlerst 400W Three-Phase Alternator Rare Earth NdFeB Permanent Magnet Generator 750rpm 12V High Speed Permanent Magnet Generator 3-Phase Synchronous AC Alternator for Vertical Horizontal Wind Turbine,N/A,N/A,https://www.lazada.com.ph/products/pdp-i15486572308.html
Fityle DC 12V 10W Water Turbine Mini Hydroelectric Generator for Light Charging,N/A,N/A,https://www.lazada.com.ph/products/pdp-i581584403.html
Wind Turbine Generator Set Micro Dynamo Motor Kit DC 020V Gerador Energia,N/A,N/A,https://www.lazada.com.ph/products/pdp-i15423542307.html
100W/200W/300W wind turbines 12V/24V light wind-starting magnetic levitation generator high power 220V inverter output wind energy,N/A,N/A,https://www.lazada.com.ph/products/pdp-i15484027172.html
MUSLADY 12V Wind Generator with Charger Controller 5 Blades Minitype Lantern Wind Turbine Generator Kit Clear Energy Windmill for Home Highways Boats,N/A,N/A,https://www.lazada.com.ph/products/pdp-i15491085972.html
Wind Generator Kit Magnetic Wind Turbine 3 Blade High Wind Energy Utilization Aluminum Alloy Die Casting for Wind Solar Hybrid Street Light,N/A,N/A,https://www.lazada.com.ph/products/pdp-i15496874420.html
【Rockhouse】 Mini Wind Turbine DIY Blade Set 4 Pack of Vertical Generator Accessories [New Products],N/A,N/A,https://www.lazada.com.ph/products/pdp-i5375451956.html
"Unicorn generator for home silent type,german technology 4-stroke Gasoline generator household small 220v silent digital frequency conversion 3500W mini generator dual protection system for Outing, Brownout, Agriculture, Vacation.",N/A,N/A,https://www.lazada.com.ph/products/pdp-i2552283369.html
Miniature field hydraulic generator turbine hydraulic generator household small portable impact permanent magnet brushless micro,N/A,N/A,https://www.lazada.com.ph/products/pdp-i5098384391.html
GARRYFIZH NE-100S3 Wind Turbine Generator 100W 3PCS 580mm Nylon Fiber Wind Blades Power Windmill (12V),N/A,N/A,https://www.lazada.com.ph/products/pdp-i15487650917.html
Explosives Electric Vehicle Endurance Artifact Increase Running and Charging Generator Wind Turbine Small Increase Program 3,N/A,N/A,https://www.lazada.com.ph/products/pdp-i5189321926.html
Hydraulic Generator High Power Household 220V500W Permanent Magnet Brushless Pure Copper Wire Axial Flow Turbine Small Field,N/A,N/A,https://www.lazada.com.ph/products/pdp-i5109451889.html
Zonejoy 1200W Wind Turbine Kit Double Layer 5‑Blades Wind Energy Generator for Charging Blue,N/A,N/A,https://www.lazada.com.ph/products/pdp-i15491842987.html
"REAIM 1000W/4000W Gasoline Generator Household Outdoor Small Generator For Outing, Brownout, Agriculture, Vacation, Manual Electric Start Generator",N/A,N/A,https://www.lazada.com.ph/products/pdp-i5227582590.html
DIY Power Generation Experiment of NIDEC Brushless Generator Brushless Wind Generator Hand-operated Hydraulic Generator,N/A,N/A,https://www.lazada.com.ph/products/pdp-i5134983151.html
"Low-speed hand-cranked generator 80 to 12V, 36V and 350W permanent magnet pedal wind power hydraulic high-power battery charging.",N/A,N/A,https://www.lazada.com.ph/products/pdp-i4820978942.html
Miniature field hydraulic generator turbine hydraulic generator household small portable impact permanent magnet brushless micro,N/A,N/A,https://www.lazada.com.ph/products/pdp-i4948341376.html
Slip Ring Wind Generator Slip Ring 15A Mini 3 Wires 0-600V Anti-Jamming Multi-channel 3 Wires Slip Ring High Temperature for Wind Turbine Power Generator,N/A,N/A,https://www.lazada.com.ph/products/pdp-i4895765445.html
300w Wind Turbine Household Small Vehicle-mounted Wind Power Generation System Portable Fan with Wind-solar Complementary High Temperature Resistance,N/A,N/A,https://www.lazada.com.ph/products/pdp-i5038849968.html
"Household 220v generator, 120V DC motor, high-power motor, small wind-driven hand-cranked generator.",N/A,N/A,https://www.lazada.com.ph/products/pdp-i5300338066.html
"Hydroelectric generator, domestic outdoor water, O-force turbine, 300-watt small portable high-power outdoor test tube, O",N/A,N/A,https://www.lazada.com.ph/products/pdp-i4958449149.html
Portable generator Household miniature 650w/800w gasoline generator small with 12v mute,N/A,N/A,https://www.lazada.com.ph/products/pdp-i4810868270.html
Coreless generator Wind-driven low-resistance generator hard disk motor.,N/A,N/A,https://www.lazada.com.ph/products/pdp-i5011727393.html
Automation of Francis turbine generator set in Changpin Hydropower Station is economical and efficient.,N/A,N/A,https://www.lazada.com.ph/products/pdp-i5116604981.html
0 Hand-cranked generator 220v field generator household DC brushless drive generator wind generator 0,N/A,N/A,https://www.lazada.com.ph/products/pdp-i5119351597.html
Gasoline generator 220V household small single three-phase 380v dual voltage 12kw3/5/8/10kW frequency conversion.,N/A,N/A,https://www.lazada.com.ph/products/pdp-i4942003861.html
12-24V300W double-bearing positive and negative carbon brush DC generator Wind-hydraulic hand-cranked high-power motor motor,N/A,N/A,https://www.lazada.com.ph/products/pdp-i4887266909.html
New Low-speed Three-phase Permanent Magnet Brushless AC Wind Generator Hand-operated Hydraulic 12220V Speed-increasing Gear,N/A,N/A,https://www.lazada.com.ph/products/pdp-i5012046800.html
"Household 220v generator, 120V DC motor, high-power motor, small wind-driven hand-cranked generator.",N/A,N/A,https://www.lazada.com.ph/products/pdp-i4998463675.html
Factory New DC Brushless Motor Small Hand-generated Wind Outdoor Manual Generator Motor Household DIY System,N/A,N/A,https://www.lazada.com.ph/products/pdp-i5277022239.html
Gasoline generator 220V household small portable tram outdoor RV mute mini digital frequency conversion,N/A,N/A,https://www.lazada.com.ph/products/pdp-i4875507156.html
Naier wind power new permanent magnet generator 600W-1000W motor three-phase permanent magnet generator can be customized.,N/A,N/A,https://www.lazada.com.ph/products/pdp-i5092432559.html
Household wind generator 12v24v2kw vertical axis magnetic levitation generator with MPPT controller.,N/A,N/A,https://www.lazada.com.ph/products/pdp-i5028598350.html
Full-automatic wind generator with intelligent charging while running for new energy electric vehicle with solar extended range and endurance artifact,N/A,N/A,https://www.lazada.com.ph/products/pdp-i5073156416.html
Wind generator c12 Direct Volt 24V 120V 80W Small Current Permanent Magnet V-type Hand Generator High Power,N/A,N/A,https://www.lazada.com.ph/products/pdp-i5057811474.html
Manufacturers supply household low-speed generators 3KW small permanent magnet generators with sufficient power for wind-driven hydropower generation.,N/A,N/A,https://www.lazada.com.ph/products/pdp-i5118272032.html
Hydraulic Generator High Power Household 220V500W Permanent Magnet Brushless Pure Copper Wire Axial Flow Turbine Small Field,N/A,N/A,https://www.lazada.com.ph/products/pdp-i4873555434.html
S11 Horizontal Axis Wind Turbine 400w500w600w12v24v48v Wind Turbine Foreign Trade,N/A,N/A,https://www.lazada.com.ph/products/pdp-i5298599238.html
Gasoline generator 220V household small portable tram outdoor RV mute mini digital frequency conversion,N/A,N/A,https://www.lazada.com.ph/products/pdp-i4891877565.html
200-watt small low-speed and low-resistance disk coreless permanent magnet generator with high efficiency wind and water power.,N/A,N/A,https://www.lazada.com.ph/products/pdp-i5046352605.html
220V High-Power Small Generator Home Lighting Permanent Magnet Brushless with Pressurizer Fine Copper Wire Core,N/A,N/A,https://www.lazada.com.ph/products/pdp-i3960253903.html
[Bside Tool Store] Super Arc 400KV High Voltage Generator Module Inverter Transformer Pulse,N/A,N/A,https://www.lazada.com.ph/products/pdp-i1652250347.html
Gasoline generator set household 3/5/7/10kW/8kW single three-phase 380V dual-voltage 220V generator.,N/A,N/A,https://www.lazada.com.ph/products/pdp-i5121589462.html
Small gasoline generator 220v home outdoor mini mini car camping volt portable custom 8|,N/A,N/A,https://www.lazada.com.ph/products/pdp-i4876738386.html
"New permanent magnet DC generator 12v, 24v, 100W18H0W, 300W hand-operated, wind-driven and pedal hydraulic battery.",N/A,N/A,https://www.lazada.com.ph/products/pdp-i5058590354.html
"Unicorn 4-stroke Gasoline generator household small 220v silent digital frequency conversion 3500W mini generator dual protection system for Outing, Brownout, Agriculture, Vacation.",N/A,N/A,https://www.lazada.com.ph/products/pdp-i1727764649.html
1500W wind turbine with 8 blades MPPT controller 12/24/48/220V household small wind turbine,N/A,N/A,https://www.lazada.com.ph/products/pdp-i5123335715.html
Full-automatic wind generator with intelligent charging while running for new energy electric vehicle with solar extended range and endurance artifact,N/A,N/A,https://www.lazada.com.ph/products/pdp-i5154417063.html
High-power disc-type permanent magnet three-phase generator with iron core and low reluctance wind power manual hand-cranked power generation DIY,N/A,N/A,https://www.lazada.com.ph/products/pdp-i4816643271.html
Red Lantern RV uses wind generator to start 100W wind generator with 220v vertical axis for household use.,N/A,N/A,https://www.lazada.com.ph/products/pdp-i4984219544.html
Gasoline Generator For Home & Business Use Multiple Power Options,N/A,N/A,https://www.lazada.com.ph/products/pdp-i15405645041.html
Energy-saving and environmental protection of horizontal axis household wind generator with three blades,N/A,N/A,https://www.lazada.com.ph/products/pdp-i5031719616.html
Exploration of low-speed and high-efficiency wind hydraulic free energy of high-power DIY disc permanent magnet coreless generator,N/A,N/A,https://www.lazada.com.ph/products/pdp-i5043162158.html
Factory direct vertical axis wind generator 100-300W magnetic suspension wind generator breeze start.,N/A,N/A,https://www.lazada.com.ph/products/pdp-i4835786143.html
Gasoline generator 380V220 dual voltage outdoor household small single three-phase 5KW6/8/10KW frequency conversion,N/A,N/A,https://www.lazada.com.ph/products/pdp-i4984399385.html
Exploration of low-speed and high-efficiency wind hydraulic free energy of high-power DIY disc permanent magnet coreless generator,N/A,N/A,https://www.lazada.com.ph/products/pdp-i5292638693.html
Germany imported small gasoline generator 220v home outdoor mini car camping mute volt mini portable.,N/A,N/A,https://www.lazada.com.ph/products/pdp-i4637890867.html
Fanston 3.3kW 220V Home Outdoor RV Camping Small Portable Gasoline Variable Frequency Generator,N/A,N/A,https://www.lazada.com.ph/products/pdp-i5042184875.html
Factory New DC Brushless Motor Small Hand-generated Wind Outdoor Manual Generator Motor Household DIY System,N/A,N/A,https://www.lazada.com.ph/products/pdp-i5057085030.html
Small wind generator with high efficiency 500W 600W 12V24V48V controller for domestic and marine engineering.,N/A,N/A,https://www.lazada.com.ph/products/pdp-i4958049424.html
Small wind generator with high efficiency 500W 600W 12V24V48V controller for domestic and marine engineering.,N/A,N/A,https://www.lazada.com.ph/products/pdp-i5188279205.html
. Gasoline generator household small 220v silent digital frequency conversion 2000w three-phase 5kw generator mini micro,N/A,N/A,https://www.lazada.com.ph/products/pdp-i5142365919.html
Freddie gasoline variable frequency generator household mute portable RV 2/3kW small 220v high power,N/A,N/A,https://www.lazada.com.ph/products/pdp-i5027690284.html
"Hand-cranked generators. Household vv DC motors, high-power motors, small-scale wind disaster prevention and emergency response",N/A,N/A,https://www.lazada.com.ph/products/pdp-i5157562254.html
Fanston 3.6 kW 220V Variable Frequency Household Outdoor Camping RV Portable Small Gasoline Generator,N/A,N/A,https://www.lazada.com.ph/products/pdp-i5279178654.html
TS high-performance export home travel outdoor camping RV portable 220V small portable gasoline generator.,N/A,N/A,https://www.lazada.com.ph/products/pdp-i4993127258.html
Gasoline generator 220V household small single-phase 3kW/5/6/8/10kW silent three-phase electricity 380V.,N/A,N/A,https://www.lazada.com.ph/products/pdp-i4847669627.html
Shenchi silent RV generator digital frequency conversion gasoline generator home outdoor air conditioning sc4000i,N/A,N/A,https://www.lazada.com.ph/products/pdp-i4898167622.html
Gasoline generator 220V household small single three-phase 380v dual voltage 5kw6/8/10kW frequency conversion outdoor.,N/A,N/A,https://www.lazada.com.ph/products/pdp-i5297732533.html
Longxin gasoline generator 220V small ultra-quiet frequency conversion home outdoor camping RV portable mini,N/A,N/A,https://www.lazada.com.ph/products/pdp-i5109349340.html
Fanston 2.5 kW 220V frequency conversion household outdoor camping RV portable small gasoline generator,N/A,N/A,https://www.lazada.com.ph/products/pdp-i5012903060.html
Permanent magnet high-efficiency 1KW wind generator 1000W generator low torque ultra-low speed power generation 48V/24V/12V.,N/A,N/A,https://www.lazada.com.ph/products/pdp-i4537848399.html
Gasoline generator 220v household small 3kw single-phase 5/6/8kw 380V three-phase electricity mute 3000W.,N/A,N/A,https://www.lazada.com.ph/products/pdp-i5123872136.html
TS high-performance export home travel outdoor camping RV portable 220V small portable gasoline generator.,N/A,N/A,https://www.lazada.com.ph/products/pdp-i5052820143.html
Flameer Mini Wind Generator Wind Turbine Model Set Kits Teaching Tool,N/A,N/A,https://www.lazada.com.ph/products/pdp-i15455326284.html
Gasoline generator 220V household small single three-phase 380v high power 5kw6/8/10kW outdoor mute,N/A,N/A,https://www.lazada.com.ph/products/pdp-i4953406298.html
Gasoline generator dongcheng 220V small single-phase emergency generator household 5000W high-power outdoor generator.,N/A,N/A,https://www.lazada.com.ph/products/pdp-i4953250281.html
180W high-power 12V DC generator Hand-operated wind power and water power can be added with a speed reducer.,N/A,N/A,https://www.lazada.com.ph/products/pdp-i5151333162.html
Multi-purpose wind turbine 12v24v220vz permanent magnet small wind energy outdoor wind-solar complementary power generation system.,N/A,N/A,https://www.lazada.com.ph/products/pdp-i5110096778.html
Gasoline generator 220v household small 3kw single-phase 5/6/8kw 380V three-phase electricity 3000W miniature.,N/A,N/A,https://www.lazada.com.ph/products/pdp-i5026842376.html
Wind Driven Generator Controller 12/24V 800W MPPT Wind Charge Controller Wind Turbine Generator Controller with Monitor,N/A,N/A,https://www.lazada.com.ph/products/pdp-i3729303076.html
1pcs Wind Turbine Generator Nylon Fiber Blades Windmill Power Charge Accessories White - 550mm,N/A,N/A,https://www.lazada.com.ph/products/pdp-i4083107374.html
Micro 120V Generator Motor Double Ball Bearing Compensated Carbon Brush DC120V Motor Wind Turbine,N/A,N/A,https://www.lazada.com.ph/products/pdp-i4652764585.html
Portable Hand-Cranked Generator Small Outdoor Wilderness Mobile Phone Charging USB Lighting Home Emergency Backup 5V,N/A,N/A,https://www.lazada.com.ph/products/pdp-i4572939117.html
Waterproof Auto-Switching Wind Turbine Controller,N/A,N/A,https://www.lazada.com.ph/products/pdp-i15457176266.html
【RlGIYH】12V/24V 9000W Wind Turbines Generator Controller Waterproof Battery Charge Overvoltage Protection Controller Regulator,N/A,N/A,https://www.lazada.com.ph/products/pdp-i5308472317.html
Senjiu 1KW gasoline generator 220V small household mute frequency conversion outdoor RV camping emergency charger,N/A,N/A,https://www.lazada.com.ph/products/pdp-i4927645822.html
MPPT Wind Generator Controller MPPT Wind Turbine Charge Controller 100W‑600W with LED Indicator for Lighting,N/A,N/A,https://www.lazada.com.ph/products/pdp-i5049696036.html
Wind Driven Generator Controller 12/24V 800W MPPT Wind Charge Controller Wind Turbine Generator Controller with Monitor,N/A,N/A,https://www.lazada.com.ph/products/pdp-i5219947279.html
Wind Generator Charge Controller Multilateral Bottom Plate IP67 Protection Wind Turbine Charging Controller 48V Rated 1000W Waterproof for Factory,N/A,N/A,https://www.lazada.com.ph/products/pdp-i5045735975.html
【liuxiaomei】24V Generator Miniature Hand Crank Emergency Wind Turbine Generator MotorHope you have a pleasant shopping experience<br><br>,N/A,N/A,https://www.lazada.com.ph/products/pdp-i15438441371.html
USB 5W Mini Portable Wind Power Generator Motor Alternator Emergency Phone Charger for Camping and Hiking,N/A,N/A,https://www.lazada.com.ph/products/pdp-i5221883367.html
400W500W600W12V24V Wind Turbine Street Lamp Horizontal Axis Home Startup Power Generation Wind-solar Complementary,N/A,N/A,https://www.lazada.com.ph/products/pdp-i5116401662.html
BOSTO Wind Turbine Controller High Efficiency Wind Turbine Generator Controller MPPT Control 12V 24V Fast Heat Dissipation for Home Use,N/A,N/A,https://www.lazada.com.ph/products/pdp-i15453290154.html
BOSTO Waterproof Wind Turbine Generator Charge Controller Regulator FW12/24,N/A,N/A,https://www.lazada.com.ph/products/pdp-i15422529424.html
Miniature Turbine Blade 12cm Diameter Wind Generator Model Aeronautical Simulation Micro Mini Wind Power Plant Blade,N/A,N/A,https://www.lazada.com.ph/products/pdp-i4846598504.html
USB 5W Mini Portable Wind Power Generator Motor Alternator Emergency Phone Charger for Camping and Hiking,N/A,N/A,https://www.lazada.com.ph/products/pdp-i15399008746.html
Electric vehicle solar extended range endurance 48v60 wind generator 72v full-automatic charging artifact while walking,N/A,N/A,https://www.lazada.com.ph/products/pdp-i5255505963.html
Water flow hydraulic generator small outdoor 220v mini charging household outdoor mute 12v DC high power,N/A,N/A,https://www.lazada.com.ph/products/pdp-i5018982997.html
"REAIM four-stroke generator, small outdoor generator for household use, portable household generator, manual electric start single-phase generator suitable for picnics, power outages, agriculture, leisure vacations, irrigation, flood discharge gasoline ge",N/A,N/A,https://www.lazada.com.ph/products/pdp-i5410254509.html
300w Wind Turbine Household Small Vehicle-mounted Wind Power Generation System Portable Fan with Wind-solar Complementary High Temperature Resistance,N/A,N/A,https://www.lazada.com.ph/products/pdp-i5125106577.html
【liuxiaomei】12V/24V 9000W Wind Turbines Generator Controller Waterproof Battery Charge Overvoltage Protection Controller RegulatorHope you have a pleasant shopping experience<br><br>,N/A,N/A,https://www.lazada.com.ph/products/pdp-i15436263684.html
Gasoline generator 220V household small single-phase 3kW/5/6/8/10kW silent three-phase electricity 380V.,N/A,N/A,https://www.lazada.com.ph/products/pdp-i4895286163.html
Fanston 3.3 kW 220V frequency conversion household outdoor camping RV portable small gasoline generator,N/A,N/A,https://www.lazada.com.ph/products/pdp-i5064154051.html
Gasoline generator 220V household small single-phase 3kW/5/6/8/10kW three-phase 380V outdoor site.,N/A,N/A,https://www.lazada.com.ph/products/pdp-i5072356865.html
Senjiu 1KW gasoline generator 220V small household mute frequency conversion outdoor RV camping emergency charger,N/A,N/A,https://www.lazada.com.ph/products/pdp-i5070480158.html
Gasoline generator 220V household small generator 3kw5/6/8/10kW three-phase 380V outdoor.,N/A,N/A,https://www.lazada.com.ph/products/pdp-i4891128073.html
Fanston 2.5 kW 220V frequency conversion household outdoor camping RV portable small gasoline generator,N/A,N/A,https://www.lazada.com.ph/products/pdp-i4948031075.html
German gasoline generator 220v380 household mute commercial 3/5/8kw10kw single three-phase outdoor small-sized,N/A,N/A,https://www.lazada.com.ph/products/pdp-i5123421880.html
Gasoline generator 220v household small 2KW/ kW silent inverter RV portable outdoor camping portable,N/A,N/A,https://www.lazada.com.ph/products/pdp-i5038198685.html
German gasoline generator 220v380 household mute commercial 3/5/8kw10kw single three-phase outdoor small-sized,N/A,N/A,https://www.lazada.com.ph/products/pdp-i4887366356.html
Longxin gasoline generator 220V small ultra-quiet frequency conversion home outdoor camping RV portable mini,N/A,N/A,https://www.lazada.com.ph/products/pdp-i5018994847.html
Wind Turbine Small Household Solar Power Generation System Roof Outdoor 220V Full Set of Wind-solar Complementary Equipment,N/A,N/A,https://www.lazada.com.ph/products/pdp-i5275426590.html
Gasoline generator 220v household small 2KW/ kW silent inverter RV portable outdoor camping portable,N/A,N/A,https://www.lazada.com.ph/products/pdp-i5009049346.html
Yuchai gasoline generator 220V household small single three-phase 380V outdoor mute 3/5/6/8/10KW kW,N/A,N/A,https://www.lazada.com.ph/products/pdp-i4985916883.html
Gasoline generator 220V household small single-phase 3kW/5/6/8/10kW silent three-phase electricity 380V.,N/A,N/A,https://www.lazada.com.ph/products/pdp-i5042497705.html
Fujiwara miniature gasoline generator 220v household small mute frequency conversion standby emergency outdoor camping portable,N/A,N/A,https://www.lazada.com.ph/products/pdp-i4788570863.html
Yuchai variable frequency gasoline generator 220v household small mute standby power RV outdoor camping portable,N/A,N/A,https://www.lazada.com.ph/products/pdp-i5075601818.html
Gasoline generator 220v household small 3kw single-phase 5/6/8kw 380V three-phase electricity mute 3000W.,N/A,N/A,https://www.lazada.com.ph/products/pdp-i5297971250.html
1Pc Wind Turbine Generator Kit Micro-Hand Dynamo Generator DC12V Generator Power Supply,N/A,N/A,https://www.lazada.com.ph/products/pdp-i4505948024.html
100-50 micro-landscape type D vertical axis wind generator Breeze start type 0 wind generator,N/A,N/A,https://www.lazada.com.ph/products/pdp-i5018843119.html
Youpin Longpeng gasoline generator 220V home mini 3kW outdoor camping portable RV micro super,N/A,N/A,https://www.lazada.com.ph/products/pdp-i4561016726.html
Gasoline generator 220V household small single three-phase 380v dual voltage 5kw6/8/10kW frequency conversion outdoor.,N/A,N/A,https://www.lazada.com.ph/products/pdp-i5162027078.html
3 kW silent gasoline generator 220V outdoor small portable home RV new energy charging mini,N/A,N/A,https://www.lazada.com.ph/products/pdp-i5079894681.html
Gasoline generator 220V small copper household mini single-phase gasoline brushless digital frequency conversion mini portable.,N/A,N/A,https://www.lazada.com.ph/products/pdp-i5047970798.html
1Pc Wind Turbine Generator Kit Micro-Hand Dynamo Generator DC12V Generator Power Supply,N/A,N/A,https://www.lazada.com.ph/products/pdp-i15454654243.html
LazaraSale Mini Small Wind Generator Turbine Motor Blade Set LED DIY Power Teaching Model - intl,N/A,N/A,https://www.lazada.com.ph/products/pdp-i2447094008.html
Fanston 3.6 kW 220V Variable Frequency Household Outdoor Camping RV Portable Small Gasoline Generator,N/A,N/A,https://www.lazada.com.ph/products/pdp-i5058468818.html
Senjiu gasoline generator 220V silent household small frequency conversion 2KW portable outdoor power emergency charging.,N/A,N/A,https://www.lazada.com.ph/products/pdp-i5033947380.html
Gasoline generator 220v silent household commercial 3/5/8kw10kw single three-phase 380v outdoor miniature.,N/A,N/A,https://www.lazada.com.ph/products/pdp-i4943766473.html
【Daily Deals】 Small Mini Wind Turbine Generator Charger Dc 5v Usb Output Power Motors,N/A,N/A,https://www.lazada.com.ph/products/pdp-i5377538891.html
Zongshen Dajiang Emergency Gasoline Generator Portable Portable Household Small 220V Generator Outdoor RV,N/A,N/A,https://www.lazada.com.ph/products/pdp-i4830896976.html
Gasoline generator 220V frequency conversion mute portable small outdoor camping stall household single three-phase emergency 380V,N/A,N/A,https://www.lazada.com.ph/products/pdp-i4940127292.html
Longpeng gasoline generator 220v household emergency small intelligent frequency conversion 2/3KW RV outdoor camping portable,N/A,N/A,https://www.lazada.com.ph/products/pdp-i5126305022.html
Aerospace Bashan frequency conversion 2.5KW kw gasoline generator 220v household outdoor small camping low noise portable.,N/A,N/A,https://www.lazada.com.ph/products/pdp-i5072089782.html
Senjiu gasoline generator 220V household miniature mute frequency conversion outdoor portable RV camping,N/A,N/A,https://www.lazada.com.ph/products/pdp-i5013016842.html
Gasoline generator 220V dual voltage equal power 380v three-phase 5kw6kw 3KW small household generator.,N/A,N/A,https://www.lazada.com.ph/products/pdp-i4831857374.html
Gasoline generator 220v household small 3kw single-phase 5/6/8/10kW 380V three-phase electric start mute.,N/A,N/A,https://www.lazada.com.ph/products/pdp-i5075652006.html
LazaraSuper 360 Degreen Micro Vertical Wind Turbines Generator Mini Motor Blade Parts LED DIY Teaching Model,N/A,N/A,https://www.lazada.com.ph/products/pdp-i2385085323.html
【Shop the Look】 Small Mini Wind Turbine Generator Charger Dc 5v Usb Output Power Motors,N/A,N/A,https://www.lazada.com.ph/products/pdp-i5031930660.html
Multi-purpose wind turbine 12v24v220vz permanent magnet small wind energy outdoor wind-solar complementary power generation system.,N/A,N/A,https://www.lazada.com.ph/products/pdp-i4810884346.html
Gracekarin Compact Wind Turbine Dynamo Generator Kit Micro Motor for Small Scale Power Free shipping,N/A,N/A,https://www.lazada.com.ph/products/pdp-i15452224968.html
Minyue gasoline generator 220V household small 3kW/5/8/10/12kW single/three-phase 380V mute.,N/A,N/A,https://www.lazada.com.ph/products/pdp-i5135178907.html
Chongqing Aerospace Bashan 4.2kw generator gasoline 220v household small frequency conversion outdoor portable 380 low noise,N/A,N/A,https://www.lazada.com.ph/products/pdp-i5025242799.html
Gasoline generator 220V household small single-phase 3kW/2/5/8/10kW three-phase electricity 380V portable mute,N/A,N/A,https://www.lazada.com.ph/products/pdp-i5116998718.html
Lightweight Portable Wind Turbine Designed for Outdoor Use and Easy Transport,N/A,N/A,https://www.lazada.com.ph/products/pdp-i15458577810.html
Gasoline generator 220V household small single three-phase 380v dual voltage 5kw6/8/10kW frequency conversion outdoor.,N/A,N/A,https://www.lazada.com.ph/products/pdp-i4943842038.html
Permanent magnet high-efficiency 1KW wind generator 1000W generator low torque ultra-low speed power generation 48V/24V/12V.,N/A,N/A,https://www.lazada.com.ph/products/pdp-i5148498366.html
Small-scale wind generator Micro-wind T-force generator Wind generator is manufactured and sold.,N/A,N/A,https://www.lazada.com.ph/products/pdp-i5083787161.html
Senjiu gasoline generator 220V small mini household mute frequency conversion outdoor RV camping charging portable,N/A,N/A,https://www.lazada.com.ph/products/pdp-i4788745255.html
Mini gasoline generator 220v household mini silent RV standby emergency outdoor camping mini portable,N/A,N/A,https://www.lazada.com.ph/products/pdp-i5012624833.html
【QAN】-1Pc Wind Turbine Generator Kit Micro-Hand Dynamo Generator DC12V Generator Power Supply,N/A,N/A,https://www.lazada.com.ph/products/pdp-i4773562136.html
360 Degreen Micro Vertical Wind Turbines Generator Mini Motor Blade Parts LED DIY Teaching Model,N/A,N/A,https://www.lazada.com.ph/products/pdp-i5243786700.html
STToys Windmill Model DC Micro Wind Motor Suit Experiment Kit Mini Wind Turbines Generator for for Ages 8+ Student Kids,N/A,N/A,https://www.lazada.com.ph/products/pdp-i5254791910.html
Yuchai variable frequency gasoline generator 220v household small mute standby power RV outdoor camping portable,N/A,N/A,https://www.lazada.com.ph/products/pdp-i4866113021.html
Gasoline generator 220V household mute small single three-phase 380v 5kw3/6/8/10kW diesel outdoor,N/A,N/A,https://www.lazada.com.ph/products/pdp-i5098494484.html
Gasoline generator 220V/2KW All-copper wire household outdoor RV camping small portable digital frequency conversion,N/A,N/A,https://www.lazada.com.ph/products/pdp-i5063916931.html
Gasoline generator 220V frequency conversion mute portable small outdoor camping stall household single three-phase emergency 380V,N/A,N/A,https://www.lazada.com.ph/products/pdp-i4821320414.html
Gasoline generator 220v household small 2KW/ kW silent inverter RV portable outdoor camping portable,N/A,N/A,https://www.lazada.com.ph/products/pdp-i5120080053.html
【Hot item】 Wind Turbine Generator Kit Dynamo Generator Dc 0-20v Gerador Electrical Equipment,N/A,N/A,https://www.lazada.com.ph/products/pdp-i5030626425.html
REAIM Gasoline Generator 4-STROKE Manual Electric Start Generator 1000W Portable Power Generator,N/A,N/A,https://www.lazada.com.ph/products/pdp-i5233288675.html
REAIM Gasoline Generator Household Outdoor Small Generator Portable Generator High Quality Powerful Generator Efficient Strong Endurance Generator,N/A,N/A,https://www.lazada.com.ph/products/pdp-i5053651730.html
"8-capacitor Hand Generator USB Charging Camping Equipment Outdoor Emergency Tool Cranked for 2 Minutes, can Lgnite 40-50 Times",N/A,N/A,https://www.lazada.com.ph/products/pdp-i5145619615.html
Wind-solar hybrid photovoltaic power generation system full set of 220v power generation panels household wind turbine solar integrated machine,N/A,N/A,https://www.lazada.com.ph/products/pdp-i5079753305.html
Wind-solar complementary solar power generation system with 220v panel for wind turbine household.,N/A,N/A,https://www.lazada.com.ph/products/pdp-i4820723718.html
Gasoline generator 220v household miniature 2/3KW silent outdoor RV portable 3kW frequency conversion,N/A,N/A,https://www.lazada.com.ph/products/pdp-i5125138040.html
Gasoline generator 220v household small 3kw single-phase 5/6/8kw 380V three-phase electricity 3000W miniature.,N/A,N/A,https://www.lazada.com.ph/products/pdp-i4657778001.html
Gasoline generator 220V household small single-phase 3kW/5/6/8/10kW three-phase electricity 380V outdoor mute,N/A,N/A,https://www.lazada.com.ph/products/pdp-i5011461019.html
Gasoline generator 220V household small single-phase 3kW/5/6/8/10kW three-phase electricity 380V outdoor mute,N/A,N/A,https://www.lazada.com.ph/products/pdp-i4927536029.html
Senjiu 1KW gasoline generator 220V small household mute frequency conversion outdoor RV camping emergency charger,N/A,N/A,https://www.lazada.com.ph/products/pdp-i5300078214.html
Senjiu gasoline generator small silent household 220V frequency conversion portable new energy vehicle outdoor emergency charging.,N/A,N/A,https://www.lazada.com.ph/products/pdp-i5052893468.html
Gasoline generator 220V household small single three-phase 380v dual voltage 5kw6/8/10kW frequency conversion outdoor.,N/A,N/A,https://www.lazada.com.ph/products/pdp-i4894331348.html
Dormitory portable gasoline generator small R gas steam generator 2K20v gasoline generator voltage regulator dew,N/A,N/A,https://www.lazada.com.ph/products/pdp-i5269701175.html
Gasoline generator 220V household small single three-phase 380v dual voltage 5kw6/8/10kW frequency conversion outdoor.,N/A,N/A,https://www.lazada.com.ph/products/pdp-i4880720111.html
【Storewide Sale】 Delta Wing High Carbon Fibers Wind Turbine Generator For Wind Turbine Generator Windmill 200w 600w 800W,N/A,N/A,https://www.lazada.com.ph/products/pdp-i5187215118.html
Gasoline generator high power 4KW household 220V RV outdoor charging variable frequency lighting portable.,N/A,N/A,https://www.lazada.com.ph/products/pdp-i5159175270.html
Minyue gasoline generator 220V household small 3kW/5/8/10/12kW single/three-phase 380V mute.,N/A,N/A,https://www.lazada.com.ph/products/pdp-i5018932744.html
Small gasoline generator 220v household engineering construction mute outdoor mini 3/4/5/7/8/10kw mini,N/A,N/A,https://www.lazada.com.ph/products/pdp-i4947657839.html
Longpeng gasoline generator 2/3KW small household 220V silent frequency conversion RV outdoor 3000W portable,N/A,N/A,https://www.lazada.com.ph/products/pdp-i4939211141.html
Fujiwara variable frequency gasoline generator 220V small family RV outdoor portable digital mute generator,N/A,N/A,https://www.lazada.com.ph/products/pdp-i4930944713.html
Yangzi portable gasoline generator small household 220V indoor and outdoor mute high power 2/3KW,N/A,N/A,https://www.lazada.com.ph/products/pdp-i5115309277.html
Gasoline generator 220V high-power hand-pulled household small mute frequency conversion outdoor camping portable,N/A,N/A,https://www.lazada.com.ph/products/pdp-i5294567667.html
Energy-saving and environmental protection of horizontal axis household wind generator with three blades,N/A,N/A,https://www.lazada.com.ph/products/pdp-i5268612382.html
Gasoline generator 220V household mute small single three-phase 380v 5kw3/6/8/10kW diesel outdoor,N/A,N/A,https://www.lazada.com.ph/products/pdp-i5162043422.html
Senjiu gasoline generator 220V household small mute frequency conversion 3.5KW remote control RV outdoor camping portable,N/A,N/A,https://www.lazada.com.ph/products/pdp-i5027849300.html
Senjiu gasoline generator 220V household small mute new energy electric vehicle emergency charging outdoor portable,N/A,N/A,https://www.lazada.com.ph/products/pdp-i5071529984.html
Yuchai variable frequency gasoline generator 220v household small mute standby power RV outdoor camping portable,N/A,N/A,https://www.lazada.com.ph/products/pdp-i4993156927.html
Senjiu gasoline generator small household 220V silent frequency conversion 2.8kW portable outdoor emergency power supply.,N/A,N/A,https://www.lazada.com.ph/products/pdp-i4840511959.html
LS2G HOT 1Pc Wind Turbine Generator Kit Micro-Hand Dynamo Generator DC12V Generator Power Supply,N/A,N/A,https://www.lazada.com.ph/products/pdp-i15423164392.html
Gasoline generator 220V household small single-phase 3kW/2/5/8/10kW three-phase electricity 380V portable mute,N/A,N/A,https://www.lazada.com.ph/products/pdp-i4928311080.html
Gasoline generator 220V household small single-phase 3kW/2/5/8/10kW three-phase electricity 380V portable mute,N/A,N/A,https://www.lazada.com.ph/products/pdp-i5053233215.html
Senjiu gasoline generator household mute small 220V inverter portable RV outdoor camping charging.,N/A,N/A,https://www.lazada.com.ph/products/pdp-i5279588586.html
Aerospace Bashan frequency conversion 2.5KW kw gasoline generator 220v household outdoor small camping low noise portable.,N/A,N/A,https://www.lazada.com.ph/products/pdp-i5123202642.html
Aerospace Bashan frequency conversion 2.5KW kw gasoline generator 220v household outdoor small camping low noise portable.,N/A,N/A,https://www.lazada.com.ph/products/pdp-i4831258075.html
Jialing gasoline generator 220V single-phase small household 3kw5/7/8/10kW three-phase 380V dual electricity,N/A,N/A,https://www.lazada.com.ph/products/pdp-i4861607945.html
【Latest Style】 Delta Wing High Carbon Fibers Wind Turbine Generator For Wind Turbine Generator Windmill 200w 600w 800w,N/A,N/A,https://www.lazada.com.ph/products/pdp-i5307368718.html
Dinggong gasoline generator household small mute digital frequency conversion emergency portable outdoor camping intelligent portable,N/A,N/A,https://www.lazada.com.ph/products/pdp-i5027947409.html
Gasoline generator 220V high-power hand-pulled household small mute frequency conversion outdoor camping portable,N/A,N/A,https://www.lazada.com.ph/products/pdp-i5130436981.html
Longpeng gasoline generator 220V household mini 3kW outdoor camping portable RV miniature ultra-quiet,N/A,N/A,https://www.lazada.com.ph/products/pdp-i5038325570.html
Gasoline generator 220V household small single-phase 3kW/2/5/8/10kW three-phase electricity 380V portable mute,N/A,N/A,https://www.lazada.com.ph/products/pdp-i4993383444.html
21V Portable Mini Intelligent Inverter Power Converter Universal Socket LED Voltage display Supported device up to 120W Power Station Generator,N/A,N/A,https://www.lazada.com.ph/products/pdp-i5210606260.html
【Full In 10s】Portable Solar Generator 500W 220V Fast Charging Power Station Outdoor Portable USB DC AC Output Solar Input Generator Station Original Solar Panels Travel Camping Home Backup Emergency Power,N/A,N/A,https://www.lazada.com.ph/products/pdp-i5167674264.html
"STHIL 4200W Gasoline Chainsaw 20""/22""/24"" - High Power, Powerful Mini Power Saw with Complete Accessories",N/A,N/A,https://www.lazada.com.ph/products/pdp-i4281190149.html
Inverter 6000W Inverter 12v/24v to 220v Heavy Duty Set Inverter Original Power Inverter LED Intelligent Digital Display Solar Inverter Inverter Adapter Solar Power Generation Car Inverter,N/A,N/A,https://www.lazada.com.ph/products/pdp-i3895149258.html
BUY 1 TAKE 1 Smart Weather Net Japan Black Weather Net Water Proof Net Shade Outdoor Smart Weather Net Water Proof Sunshade Outdoor Waterproof Fado Multifunction Weather Net Net For Green House Gardening Anti Uv Sunshade Net Outdoor,N/A,N/A,https://www.lazada.com.ph/products/pdp-i3134017080.html
"2026Anker SOLIX C300DC Station Outdoor 288Wh(90,000mAh) Portable Power Station LiFePO4 Battery 300W Solar Generator, for Camping, Traveling, and Emergencies A1726COD",N/A,N/A,https://www.lazada.com.ph/products/pdp-i15486968617.html
[5 Year warranty]500watts solar panel heavy duty Monocrystalline Silicon Power Generation Panel waterproof lightning high conversion rate 0 electricity bill solar charging panel,N/A,N/A,https://www.lazada.com.ph/products/pdp-i4523044470.html
Anti-UV 90% Sunshade Net Garden Plant Shading Net Waterproof And High-Temperature Resistant,N/A,N/A,https://www.lazada.com.ph/products/pdp-i4315184690.html
【Can be used for 50 years】Solar Panel 150W/350W/500W Charging Panel Monocrystalline Silicon Band 30 A Controller Household Charging Panel Multifuncitional and Portable generator 0 electricity bill waterproof,N/A,N/A,https://www.lazada.com.ph/products/pdp-i5233334620.html
Pressure Washer Portable Wireless Car Washer High power spray Water Gun Can Rechargeable COD,N/A,N/A,https://www.lazada.com.ph/products/pdp-i4684732800.html
"REAIM Gasoline Generator 4 Stroke Generators 220V Home Household Outdoor Small Generator Manual Electric Start Single-Phase Generator For Outing, Brownout, Agriculture, Vacation, Portable Household Generator",N/A,N/A,https://www.lazada.com.ph/products/pdp-i5134241734.html
"REAIM four-stroke generator, small outdoor generator for household use, portable household generator, manual electric start single-phase generator suitable for picnics, power outages, agriculture, leisure vacations, irrigation, flood discharge gasoline ge",N/A,N/A,https://www.lazada.com.ph/products/pdp-i5268402575.html
Gasoline generator 220V household small single-phase 3kW/5/6/8/10kW silent three-phase electricity 380V.,N/A,N/A,https://www.lazada.com.ph/products/pdp-i5097639427.html
Gasoline generator 220V household small single three-phase 380v dual voltage 5kw6/8/10kW frequency conversion outdoor.,N/A,N/A,https://www.lazada.com.ph/products/pdp-i5030700050.html
Gasoline generator 220V high-power hand-pulled household small mute frequency conversion outdoor camping portable,N/A,N/A,https://www.lazada.com.ph/products/pdp-i4664208814.html
Runtong miniature gasoline generator 220v household small mute digital frequency conversion emergency outdoor camping portable,N/A,N/A,https://www.lazada.com.ph/products/pdp-i5073673165.html
Gasoline generator 220v household miniature portable outdoor single-phase silent generator,N/A,N/A,https://www.lazada.com.ph/products/pdp-i5096739610.html
Small gasoline generator 220v household engineering construction mute outdoor mini 3/4/5/7/8/10kw mini,N/A,N/A,https://www.lazada.com.ph/products/pdp-i4873486361.html
Senjiu gasoline generator small household 220V silent frequency conversion 2.8kW portable outdoor emergency power supply.,N/A,N/A,https://www.lazada.com.ph/products/pdp-i5070158020.html
Vertical mini hand-cranked 5000w civil single-phase adjustable two-phase small generator 220v silent household.,N/A,N/A,https://www.lazada.com.ph/products/pdp-i5135741633.html
Gasoline generator 220V household small single-phase 3kW/5/6/8kW three-phase 380V mini outdoor mute,N/A,N/A,https://www.lazada.com.ph/products/pdp-i5125478045.html
[superbuy666]DIY Power Generation Experiment Brushless DC Motor Wind Generator Brushless Wind Generator Hand Generator Accessories,N/A,N/A,https://www.lazada.com.ph/products/pdp-i15458634085.html
Gasoline generator 220v household miniature 2/3KW silent outdoor RV portable 3kW frequency conversion,N/A,N/A,https://www.lazada.com.ph/products/pdp-i4659777284.html
Senjiu gasoline generator small household 220V silent frequency conversion 2.8kW portable outdoor emergency power supply.,N/A,N/A,https://www.lazada.com.ph/products/pdp-i5150408579.html
Jialing gasoline generator 220V single-phase small household 3kw5/7/8/10kW three-phase 380V dual electricity,N/A,N/A,https://www.lazada.com.ph/products/pdp-i5000062085.html
Yuchai variable frequency gasoline generator 220v household small bass power RV outdoor camping portable portable,N/A,N/A,https://www.lazada.com.ph/products/pdp-i5150562026.html
Used in Siemensgamesa/Vestas/GE wind turbine/Hydraulic generator/high-rating generator/Mine motor/generator winding/Support customization,N/A,N/A,https://www.lazada.com.ph/products/pdp-i15417907403.html
Yuchai variable frequency gasoline generator 220v household small bass power RV outdoor camping portable portable,N/A,N/A,https://www.lazada.com.ph/products/pdp-i5071397393.html
1PC brushless wind generator brushless DC motor wind generator hand generator DIY power generation experiment accessories,N/A,N/A,https://www.lazada.com.ph/products/pdp-i4551054700.html
【】 2018 Wind Turbine Generator Kit Dynamo Generator Dc 0-20v Gerador De Energia,N/A,N/A,https://www.lazada.com.ph/products/pdp-i4410300230.html
【Premium Quality】 Usb 5v Mini Portable Miniature Wind Power Generator Set Turbine Motor Alternator Emergency Phone Charger For Outdoor,N/A,N/A,https://www.lazada.com.ph/products/pdp-i4716520462.html
Gasoline generator 220jv household small mute 3 kW single-phase three-phase generator portable power generation,N/A,N/A,https://www.lazada.com.ph/products/pdp-i4941879648.html
Longpeng gasoline generator 220V household mini 3kW outdoor camping portable RV miniature ultra-quiet,N/A,N/A,https://www.lazada.com.ph/products/pdp-i5075241847.html
[DHGO] Wind Motor Generator Kit with 120mm Leaf Paddle for Science Demonstrations,N/A,N/A,https://www.lazada.com.ph/products/pdp-i15455165333.html
Daily sale <br>1Pc Wind Turbine Generator Kit Micro-Hand Dynamo Generator DC12V Generator Power Supply,N/A,N/A,https://www.lazada.com.ph/products/pdp-i15455804890.html
LeiJim 2kW 3kw silent gasoline frequency conversion outdoor room car portable digital portable small household generator,N/A,N/A,https://www.lazada.com.ph/products/pdp-i4985984211.html
Gasoline generator 8KW and other power household generators save fuel and start small generators 220V/380V.,N/A,N/A,https://www.lazada.com.ph/products/pdp-i5148664289.html
Senjiu gasoline generator mute 220v household high-power 4.5KW small portable mobile electric/remote start.,N/A,N/A,https://www.lazada.com.ph/products/pdp-i5155953259.html
Mini Wind DC Generator Hand Dynamo Hydraulic Test DC 12V 24V Motor Machine Supply Emergency Generator,N/A,N/A,https://www.lazada.com.ph/products/pdp-i5109426461.html
Senjiu gasoline generator 220V household small mute new energy electric vehicle emergency charging outdoor portable,N/A,N/A,https://www.lazada.com.ph/products/pdp-i4953262168.html
MUSLADY 400W Three-Phase Alternator Rare Earth NdFeB Permanent Magnet Generator 750rpm 12V High Speed Permanent Magnet Generator 3-Phase Synchronous AC Alternator for Vertical Horizontal Wind Turbine,N/A,N/A,https://www.lazada.com.ph/products/pdp-i15492885131.html
BUY 1 TAKE 1 Sunshade Net For Garden Sale Shade Net Sun Shades Outdoor Waterproof Anti-UV Sunshade Net 90% Heat-Resistant Mesh Garden Net Shade for Plants Canopy Sunblock Black Farm Net Greenhouse Net Car Cover Sunscreen NeT,N/A,N/A,https://www.lazada.com.ph/products/pdp-i3133505733.html
【liuxiaomei】Wind Driven Generator Controller 12/24V 800W MPPT Wind Charge Controller Wind Turbine Generator Controller with MonitorHope you have a pleasant shopping experience<br><br>,N/A,N/A,https://www.lazada.com.ph/products/pdp-i15405043799.html
"Magneto Stator, Flywheel 170F / 173F / 178F / 186F / 186FA / 188F / 192F / 195F for Electric Start Single Piston Air-cooled Diesel Engines and Generators",N/A,N/A,https://www.lazada.com.ph/products/pdp-i1719374327.html
With 5-10M Hose Portable High Pressure Nozzle Spray Wireless Car Washer Portable 10m garden Hose Cleaning Water Gun 3 levels of adjustment Washer Spray Gun Nozzle Pressure Water Jet For Washing Motorcycle Car Gun Household Watering Nozzle Sprinkler,N/A,N/A,https://www.lazada.com.ph/products/pdp-i4342083753.html
1Pc Wind Turbine Generator Kit Micro-Hand Dynamo Generator DC12V Generator Power Supply,N/A,N/A,https://www.lazada.com.ph/products/pdp-i15482242256.html
BUY1 TAKE1 Smart Weather Net Free 5M rope Japan Black Weather Net Water Proof Net Shade Outdoor BUY 1 TAKE 1 Smart Weather Net Water Proof Sunshade Outdoor Waterproof Multifunction Weather Net Net For Green House Gardening Anti Uv Sunshade Net Outdoor#ZYW,N/A,N/A,https://www.lazada.com.ph/products/pdp-i4766773797.html
【FUXING】 STEM Wind Turbine Kit ABS+PP+Metal Construction 120mm Blade 24mm Motor [buy now],N/A,N/A,https://www.lazada.com.ph/products/pdp-i15424841229.html
（Free rope）BUY 1 TAKE 1 Cologer Smart Weather Net Japan Black Weather Net Water Proof Net Shade Outdoor Multifunction Weather Net Net For Green House Gardening Anti Uv Sunshade Net Outdoor#ZYW,N/A,N/A,https://www.lazada.com.ph/products/pdp-i4773067520.html
"(With 150W Solar Panel)Outdoor PowerBank 1000W/220V Multi-Function Home Power Station Solar Generator 988,000mAh Large Capacity Fast-Charging Power Bank Travel Camping Home Emergency Power DC/AC External Battery Support USB Port Charging AC Output",N/A,N/A,https://www.lazada.com.ph/products/pdp-i15422745661.html
Oral-B | Creative DIY Mini Wind Turbine Model,N/A,N/A,https://www.lazada.com.ph/products/pdp-i15433103620.html
Lepmerk Wind Turbine Generator Controller 500W 12V 24V Good Heat Dissipation Aluminium Alloy Casing Wind Turbine Charge Controller Modular Design for Power,N/A,N/A,https://www.lazada.com.ph/products/pdp-i15427718536.html
DEKES 4000W Portable Gasoline Generator 4 Stroke 220V 60HZ Household Outdoor Small Manual/Electric Start All-copper Generator,N/A,N/A,https://www.lazada.com.ph/products/pdp-i4846554506.html
BOSTO Winds Generator Regulator PWM 12V 24V Auto Recognition Wind Turbine Low Voltage Controller for Power Generation Equipment,N/A,N/A,https://www.lazada.com.ph/products/pdp-i15417352601.html
KELAJI | Aeolus Screw Wind Turbine Three-phase Permanent Magnet Brushless DC Output 50W,N/A,N/A,https://www.lazada.com.ph/products/pdp-i15419639329.html
Gracekarin Eco Friendly Portable Wind Turbine for Outdoor Use and Device Charging Free shipping,N/A,N/A,https://www.lazada.com.ph/products/pdp-i15488109446.html
【XIXINBO】 Mini Wind Turbine DIY Blade Set for Micro Generator Blade Set Included [not miss it][New product release],N/A,N/A,https://www.lazada.com.ph/products/pdp-i5378301575.html
Oral-B | Wind Turbine Model Science Toy,N/A,N/A,https://www.lazada.com.ph/products/pdp-i15449833505.html
Gasoline generator 220V household small single three-phase 380v dual voltage 5kw6/8/10kW frequency conversion outdoor.,N/A,N/A,https://www.lazada.com.ph/products/pdp-i5117466222.html
Gasoline generator 8KW and other power household generators save fuel and start small generators 220V/380V.,N/A,N/A,https://www.lazada.com.ph/products/pdp-i4873629528.html
Gasoline generator 220V household small single three-phase 380v high power 5kw6/8/10kW outdoor mute,N/A,N/A,https://www.lazada.com.ph/products/pdp-i5025946332.html
DIY Vertical Five-Blade Wind Turbine Model Three-phase Permanent Magnet Brushless Power Generation Low Speed Windmill,N/A,N/A,https://www.lazada.com.ph/products/pdp-i15459981242.html
1Pc Wind Turbine Generator Kit Micro-Hand Dynamo Generator DC12V Generator Power Supply,N/A,N/A,https://www.lazada.com.ph/products/pdp-i15459061489.html
1Pc Wind Turbine Generator Kit Micro-Hand Dynamo Generator DC12V Generator Power Supply,N/A,N/A,https://www.lazada.com.ph/products/pdp-i15454396539.html
MOTOR-1Pc Wind Turbine Generator Kit Micro-Hand Dynamo Generator DC12V Generator Power Supply Carnex,N/A,N/A,https://www.lazada.com.ph/products/pdp-i15445663744.html
Wind Power Hand Cranked Generator Motor Three Phase AC Micro-Brushless 3-24V Micro-Hydraulic Generater Power Equipment,N/A,N/A,https://www.lazada.com.ph/products/pdp-i15459434048.html
MYTOOLS DIY Wind Power Generator Kit with Holder and Blades for Innovative Learning 【Ready Stock】,N/A,N/A,https://www.lazada.com.ph/products/pdp-i15465163704.html
2X Wind Power Hand Cranked Generator Motor Three Phase AC Micro-Brushless 3-24V Micro-Hydraulic,N/A,N/A,https://www.lazada.com.ph/products/pdp-i15457781236.html
Mini Wind DC Generator Hand Dynamo Hydraulic Test DC 12V 24V Motor Machine Supply Emergency Generator,N/A,N/A,https://www.lazada.com.ph/products/pdp-i15463133089.html
Jialing 1KW gasoline generator household frequency conversion generator 220V mini portable digital generator,N/A,N/A,https://www.lazada.com.ph/products/pdp-i4949119632.html
Gasoline generator 220V household small single-phase 3kW/5/6/8kW three-phase 380V mini outdoor mute,N/A,N/A,https://www.lazada.com.ph/products/pdp-i5053295168.html
Mini Wind DC Generator Hand Dynamo Hydraulic Test DC 12V 24V Motor Machine Supply Emergency Generator,N/A,N/A,https://www.lazada.com.ph/products/pdp-i4444614623.html
400W Three-Phase Alternator Rare Earth NdFeB Permanent Magnet Generator 750rpm 12V High Speed Permanent Magnet Generator 3-Phase Synchronous AC Alternator with Controller for Vertical Horizontal Wind Turbine,N/A,N/A,https://www.lazada.com.ph/products/pdp-i4458991360.html
Mini Wind DC Generator Hand Dynamo Hydraulic Test DC 12V 24V Motor Machine Supply Emergency Generator,N/A,N/A,https://www.lazada.com.ph/products/pdp-i15425908930.html
【 JJM MALL】-Mini Wind DC Generator Hand Dynamo Hydraulic Test DC 12V 24V Motor Machine Supply Emergency Generator,N/A,N/A,https://www.lazada.com.ph/products/pdp-i4719940149.html
Mini Wind DC Generator Hand Dynamo Hydraulic Test DC 12V 24V Motor Machine Supply Emergency Generator,N/A,N/A,https://www.lazada.com.ph/products/pdp-i15455105154.html
(TNAQ) Mini Wind DC Generator Hand Dynamo Hydraulic Test DC 12V 24V Motor Machine Supply Emergency Generator,N/A,N/A,https://www.lazada.com.ph/products/pdp-i4446587655.html
Jialing gasoline generator 220V single-phase small household 3kw5/7/8/10kW three-phase 380V dual electricity,N/A,N/A,https://www.lazada.com.ph/products/pdp-i5057975064.html
500W 48V Three-phase AC Permanent Magnet GeneratorHigh Efficiency 950RPM Low Speed Wind Generator Motor AC Alternator for Wind Generators DIY,N/A,N/A,https://www.lazada.com.ph/products/pdp-i15449437430.html
bago para sa Low-Speed Three-Phase Permanent Magnet AC Brushless Wind Generator Ballast 200W Hand Hydraulic Power 12V-300V,N/A,N/A,https://www.lazada.com.ph/products/pdp-i4586465878.html
FM-P2 21V Portable Mini Intelligent Inverter Power Converter Power Station Generator,N/A,N/A,https://www.lazada.com.ph/products/pdp-i4718790981.html
"600W Portable Power Station – Large Capacity Power Bank with Solar Charging | Outdoor Generator for Home, Camping, Emergency Use",N/A,N/A,https://www.lazada.com.ph/products/pdp-i15455204307.html
Solar Power Generation Portable Power Station Multifunctional Emergency Equipment Large Capacity,N/A,N/A,https://www.lazada.com.ph/products/pdp-i4633531567.html
300 watts Solar Panel original 18Volt Pv Solar Cell Panel generator set for home 220v complete set battery,N/A,N/A,https://www.lazada.com.ph/products/pdp-i4302212327.html
19 inches Gardening Tool for Garden use only,N/A,N/A,https://www.lazada.com.ph/products/pdp-i5336085434.html
200W/400W Solar Panel 18Volt Pv Solar Cell Panel Generator Set For Home With 10A/20A/30A Solar Charge Controller Portable Generator 0 Electricity Bill Waterproof Lightning Solar For All Appliances,N/A,N/A,https://www.lazada.com.ph/products/pdp-i4372660253.html
Solar Generators With Solar Panel set 3000W Solar Power Inverter DC 12V to AC 220V Solar battery Panel 100A Solar Charge Controller for home all appliances,N/A,N/A,https://www.lazada.com.ph/products/pdp-i2905589039.html
Inflatable Swimming Pool Kids Swimming Pool Baby Swimming Pool Air Pump Family Size Swimming LARGE Inflatable Swimming Pool Thickened Swiming Pool for Family Adult Kids,N/A,N/A,https://www.lazada.com.ph/products/pdp-i3585928578.html
Pressure Washer 24V 48V Lithium Battery 30000kpa Cleaning Water Gun Garden Sprayer High Pressure Water Pump Cordless Car Washer Water Handheld Spray Gun,N/A,N/A,https://www.lazada.com.ph/products/pdp-i4112834270.html
Wind Chimes Outdoor Garden Yard Bells Hanging Charm Decor Windchime Ornament Tube number,N/A,N/A,https://www.lazada.com.ph/products/pdp-i467626354.html
8 pcs N38 6.22mm x 5.7mm x 1.4mm Neodymium Arc Magnet For Motor Generator Wind Turbine Super Strong Rare Earth NdFeB Permanent Magnet,N/A,N/A,https://www.lazada.com.ph/products/pdp-i420862981.html
【EELHOE】 Compact and Reliable Wind Generator Slip Ring 3 Wire 90 Amp for Wind Turbines [New product release][Large Inventory],N/A,N/A,https://www.lazada.com.ph/products/pdp-i15434441140.html
Gasoline generator 220V household small single-phase 3kW/5/6/8/10kW three-phase 380V outdoor site.,N/A,N/A,https://www.lazada.com.ph/products/pdp-i5139688927.html
Mini Wind DC Generator Hand Dynamo Hydraulic Test DC 12V 24V Motor Machine Supply Emergency Generator,N/A,N/A,https://www.lazada.com.ph/products/pdp-i15462476983.html
ZONGSHEN Zongshen gasoline generator household small 8 kW 220V generator 380,N/A,N/A,https://www.lazada.com.ph/products/pdp-i4986280619.html
Dinggong gasoline generator household small mute digital frequency conversion emergency portable outdoor camping intelligent portable,N/A,N/A,https://www.lazada.com.ph/products/pdp-i5151778739.html
Jialing 1KW gasoline generator household frequency conversion generator 220V mini portable digital generator,N/A,N/A,https://www.lazada.com.ph/products/pdp-i5072401397.html
Fujiwara gasoline generator small household portable room car generator 2kw 1000W digital frequency conversion 220V,N/A,N/A,https://www.lazada.com.ph/products/pdp-i4799759988.html
Japan imported Honda silent gasoline generator for household commercial new energy charging emergency outdoor travel camping.,N/A,N/A,https://www.lazada.com.ph/products/pdp-i4538209583.html
Solidworks 3D geometric model of wind turbine generator fan blade propeller stair tower,N/A,N/A,https://www.lazada.com.ph/products/pdp-i4863775925.html
1 Piece Micro-Hydro Generator DC Water Flow Generator Turbine Generator Hydropower 80V 10W Tap Water Flow Hydraulic DIY,N/A,N/A,https://www.lazada.com.ph/products/pdp-i5227988666.html
Wind Generator Charge Controller Wind Turbine Charge Controller Aluminium Alloy Fast Heat Dissipation Multilateral Base Plate for Off Grid,N/A,N/A,https://www.lazada.com.ph/products/pdp-i5046581110.html
Generator Fittings for 2KW 3KW 6.5KW 8KW,N/A,N/A,https://www.lazada.com.ph/products/pdp-i15422974984.html
1 pcs Free Shipping RS555 DC Hobby Motor Turbine Generator 1,N/A,N/A,https://www.lazada.com.ph/products/pdp-i5018731890.html
MUZHAN | Vehicle Specific Permanent Magnet DC Stable Voltage Generator 12V 14V,N/A,N/A,https://www.lazada.com.ph/products/pdp-i15416051796.html
Manganese Steel Double-sided Sharpening Sickle Agricultural Weeding Tool For Garden Banana Orchard Gardening Tools,N/A,N/A,https://www.lazada.com.ph/products/pdp-i5249242966.html
600W 12V/24V/48V Horizontal Axis Wind Turbine With Permanent Magnet High-Efficiency Household/Farm/Off Grid System Including Controller,N/A,N/A,https://www.lazada.com.ph/products/pdp-i15484743391.html
Power Station 600W 400000mAh Large Capacity Home Generator Multifunctional Solar Generator,N/A,N/A,https://www.lazada.com.ph/products/pdp-i15489046346.html
The external 3D drawing model of solidworks2016 of wind turbine generator set can be edited with parameters [554],N/A,N/A,https://www.lazada.com.ph/products/pdp-i5115307125.html
Wind Turbine Kit Power Equipment Hoop Mounting Generator with 5 X Blades for Wind Turbine Kit,N/A,N/A,https://www.lazada.com.ph/products/pdp-i5066703924.html
Hose for Water with Nozzle and Connector for Faucet High Pressure Washer 10/15/20M Garden Heavy Duty,N/A,N/A,https://www.lazada.com.ph/products/pdp-i4436098060.html
BOSTO MPPT Wind Turbine Charge Controller High Efficiency 100W‑600W Universal MPPT Wind Generator Controller Fast Heat Dissipation with LED Indicator for Lighting,N/A,N/A,https://www.lazada.com.ph/products/pdp-i15410438093.html
Maglev Wind Turbine Generator Dual Bearing High Power Generation Vertical Wind Turbine Curved Blade 500W with MPPT Controller for Machine Room,N/A,N/A,https://www.lazada.com.ph/products/pdp-i15496925699.html
100W-300W Magnetic Levitation Wind Turbine 12V/24V Light Start Wind Generator with 220V Inverter,N/A,N/A,https://www.lazada.com.ph/products/pdp-i15484052133.html
Portable 5W USB Wind Turbine for Bike Mount EV Use and Off Grid Charging,N/A,N/A,https://www.lazada.com.ph/products/pdp-i15462899585.html
12 pcs N42 16mm x 6mm x 4mm Neodymium Arc Magnet For Motor Generator Wind Turbine Super Strong Rare Earth NdFeB Permanent Magnet,N/A,N/A,https://www.lazada.com.ph/products/pdp-i417462256.html
Zonejoy Wind Turbines Kit Generator 5 Blades Small Power Supply for Mobile Room Boats Cabin 200W,N/A,N/A,https://www.lazada.com.ph/products/pdp-i15490701601.html
KKmoon NE-100S3 Wind Turbine Generator 100W 3PCS 580mm Nylon Fiber Wind Blades Power Windmill (12V),N/A,N/A,https://www.lazada.com.ph/products/pdp-i15490358930.html
Aoresac 300W Three-Phase Alternator Permanent Magnet Generator 750rpm 12V High Speed Rare Earth NdFeB Permanent Magnet Generator AC Alternator with Controller for Vertical Horizontal Wind Turbine,N/A,N/A,https://www.lazada.com.ph/products/pdp-i15494317643.html
"100% Legit High Yield Red Papaya Seeds Red Lady Dwarf Papaya Seeds for Planting Fruits (High Germination, 10pcs) Fresh Bonsai Papaya Plant Seeds for Garden Sweet Papaya Potted Fruit Seeds Real Plants Red Lady F1 Papaya Seeds Fruit Bearing Tree Seedlings",N/A,N/A,https://www.lazada.com.ph/products/pdp-i5270504021.html
Solar Panel 200/400W 18Volt Pv Solar Module Cell Panel Generator Set For Home With 30A Solar Controller Monocrystalline Silicon Power Generation Panel,N/A,N/A,https://www.lazada.com.ph/products/pdp-i4416557367.html
78800mAh Outdoor 220V Portable Solar Generator Fast Charge Large Capacity Power Station with Solar Charging Board Power Station Heavy Duty Outdoor Power Bank Travel Camping Home Emergency Power DC/AC External Battery Support USB Port Charging AC Output,N/A,N/A,https://www.lazada.com.ph/products/pdp-i3529148772.html
2026EcoFlow 500Wh RIVER 2 Max Portable Power Station 220V Solar Generator with Solar Panel LiFeP04 Quick Charge in 1 Hour Up to 1000 W Power for Emergency Power Camping Motor Homes HomeCOD,N/A,N/A,https://www.lazada.com.ph/products/pdp-i15486934700.html
REAIM Gasoline Generator - 950W-4000W 4-Stroke Portable Silent Power Generator for Home & Outdoor (220V/60Hz),N/A,N/A,https://www.lazada.com.ph/products/pdp-i5384095478.html
NANWEI 22L Automatic Knapsack Sprayer Electric Sprayer Agriculture Rechargeable Sprayer Gardening Great Pressure Power,N/A,N/A,https://www.lazada.com.ph/products/pdp-i5266719931.html
High Pressure Car Washer Pressure Water Gun 25M flexible tube Flushing Cleaning Garden Portable Water Gun Floor Wall,N/A,N/A,https://www.lazada.com.ph/products/pdp-i4448340080.html
【EELHOE】 Harness the Wind Mini Portable Wind Turbine for Outdoor Power Generation [New product release][Large Inventory],N/A,N/A,https://www.lazada.com.ph/products/pdp-i15408845476.html
Black/Brown Sunshade net shade sunshade outdoor waterproof sun shade net garden net 98% Sunblock Shade Cloth Net#ZYW#ZYW02,N/A,N/A,https://www.lazada.com.ph/products/pdp-i4901428921.html
Mishilei Sunshade Net Shade Sunshade Outdoor Waterproof Sun Shade Net Garden Net 90% Sunblock Shade Cloth Net,N/A,N/A,https://www.lazada.com.ph/products/pdp-i5268244613.html
Power Inverter DC 12V To AC 220V Fully Automatic Solar Current Conversion Modified Sine Wave Inverter High Frequency 220W with 2.4A Dual USB Port As A Emergency Equipment for Car Travel Fishing Outdoor,N/A,N/A,https://www.lazada.com.ph/products/pdp-i4550725649.html
Wind Generator Charge Controller Wind Turbine Controller MPPT Multilateral Bottom Plate for Farm,N/A,N/A,https://www.lazada.com.ph/products/pdp-i5048383276.html
Zonejoy Wind Turbine Stable Movement Curved Blade 500W Maglev Wind Turbine Generator with MPPT Controller for Industries,N/A,N/A,https://www.lazada.com.ph/products/pdp-i15487627753.html
Wind-solar complementary monitoring power generation system for wind turbines 6/10/12m outdoor LED solar street lamp poles are super bright.,N/A,N/A,https://www.lazada.com.ph/products/pdp-i4905585292.html
Lepmerk Wind Turbines Kit Generator 5 Blades Small Power Supply for Mobile Room Boats Cabin 200W,N/A,N/A,https://www.lazada.com.ph/products/pdp-i15490385681.html
Meterk DC18V 2A 36W Small Hydroelectric Generator Water Turbine Generator Brushless DC AC Hydraulic Pump Generator High Power Generator Can Used with Solar Controller E25830,N/A,N/A,https://www.lazada.com.ph/products/pdp-i15493731986.html
KKmoon S3-300W Wind Turbine Generator 300W 3PCS 630mm Wind Blades Power Windmill (12V),N/A,N/A,https://www.lazada.com.ph/products/pdp-i15490357294.html
ANENG NE-100S3 Wind Turbine Generator 100W 3PCS 580mm Nylon Fiber Wind Blades Power Windmill (12V),N/A,N/A,https://www.lazada.com.ph/products/pdp-i15490552885.html
Vertical axis of 36W DC miniature 12V-24V permanent magnet DC motor model of wind turbine,N/A,N/A,https://www.lazada.com.ph/products/pdp-i5097745218.html
Vertical axis of 36W DC miniature 12V-24V permanent magnet DC motor model of wind turbine,N/A,N/A,https://www.lazada.com.ph/products/pdp-i5057922355.html
【XIXINBO】 For Mini Portable Wind Generator for Outdoor Activities USB Charging Device [not miss it][New product release],N/A,N/A,https://www.lazada.com.ph/products/pdp-i15490658757.html
【Weliba】 Educational Wind Generator - LED Illumination Demonstrates Energy Conversion [New Products Hot Sale],N/A,N/A,https://www.lazada.com.ph/products/pdp-i15488252277.html
【WELIBA】 For DIY Wind Energy Generator Accessories for Creative Science Projects,N/A,N/A,https://www.lazada.com.ph/products/pdp-i15427102593.html
BOSTO Wind Turbine 500W Curved Blade High Efficiency Dual Bearing Stable Movement Magnetic Levitation Wind Generator for LED Street Lights,N/A,N/A,https://www.lazada.com.ph/products/pdp-i15492384457.html
Vertical axis of 36w straight 5-flow miniature 12v24v permanent magnet DC motor model of wind turbine,N/A,N/A,https://www.lazada.com.ph/products/pdp-i5033722975.html
BOSTO Vertical Wind Turbine Kit Electromagnetic Braking Vertical Wind Turbine 12V 300W Permanent Magnet Generator for Large Equipment Factory,N/A,N/A,https://www.lazada.com.ph/products/pdp-i15493648480.html
ANENG S3-300W Wind Turbine Generator 300W 3PCS 630mm Wind Blades Power Windmill (12V),N/A,N/A,https://www.lazada.com.ph/products/pdp-i15490495585.html
【XIXINBO】 Rotatable Wind Generator Model Kit for Learning About Sustainable Energy [not miss it][New product release],N/A,N/A,https://www.lazada.com.ph/products/pdp-i15470192478.html
High-torque and high-power DC motor DIY motor generator wind generator,N/A,N/A,https://www.lazada.com.ph/products/pdp-i4887566139.html
"150W Power Station with FREE Solar charger, portable home generator multi-function power station",N/A,N/A,https://www.lazada.com.ph/products/pdp-i15466182377.html
Meterk Wind Generator Kit 12m/s Rated Wind Speed 1200W Wind Turbine Kit for Charging Boats Terraces Cabins for Solar and Wind Hybrid System,N/A,N/A,https://www.lazada.com.ph/products/pdp-i15485968515.html
Vertical axis of 36W DC miniature 12V-24V permanent magnet DC motor model of wind turbine,N/A,N/A,https://www.lazada.com.ph/products/pdp-i5154285520.html
BOSTO Wind Power Generator Power Equipment Gourd Wind Turbine Hoop Mounting Generator for Wind Kit,N/A,N/A,https://www.lazada.com.ph/products/pdp-i15419133325.html
Power Station 300W 220V Generator Multi-Function Portable Big Capacity Power Station AC/DC/USB Output Generator Emergency Power supply for CPAP Outdoor Adventure Laptop Powerbank 220V Portable Generator Auto Travel Home Emergency Power Supply,N/A,N/A,https://www.lazada.com.ph/products/pdp-i15498665318.html
DC18V 2A 36W Small Hydroelectric Generator Water Turbine Generator Brushless DC AC Hydraulic Pump Generator High Power Generator Can Used with Solar Controller E25830,N/A,N/A,https://www.lazada.com.ph/products/pdp-i4280770531.html
Permanent Magnet Synchronous Motor 12V 3 Phase Generator Easy Installation for Vertical or Horizontal Wind Turbines,N/A,N/A,https://www.lazada.com.ph/products/pdp-i5015679282.html
【FURONGHUA】 DC 5.5V Free Energy Mini Small Windmill Vertical Wind Generator High Quality New 【New product】,N/A,N/A,https://www.lazada.com.ph/products/pdp-i15470023031.html
Jade Plant Money maker with FREE plastic pot and garden soil (plant for indoor and limited stock only) P-L-A-N-T-S for S-A-L-E,N/A,N/A,https://www.lazada.com.ph/products/pdp-i2433803235.html
"Water Hose, PVC Pressure washer, Garden Hose set, Heavy duty 5,10,15,20,30,40,50 Meter#RSG",N/A,N/A,https://www.lazada.com.ph/products/pdp-i5222001506.html
【XIXINBO】 For DIY Wind Power Generator Set with Motor Blades for Educational Projects [not miss it][New product release],N/A,N/A,https://www.lazada.com.ph/products/pdp-i15424663974.html
Portable Power Inverter 150W DC 18V to 220V Lithium Battery Inverter for Makita Mini Intelligent Inverter Power Converter Power Generator,N/A,N/A,https://www.lazada.com.ph/products/pdp-i5360137160.html
2026Zamdon Toroidal Off Grid Inverter 12V1KW - Solar Inverter 1000W12VCOD,N/A,N/A,https://www.lazada.com.ph/products/pdp-i15486984529.html
Multifunctional power inteligent Cordless Portable Inverter Power Converter Power Station Generator 2 PORTS DC 3 USB 1 type-c,N/A,N/A,https://www.lazada.com.ph/products/pdp-i5315899041.html
78800mAh Outdoor 220V Portable Solar Generator Fast Charge Large Capacity Power Station with Solar Charging Board Power Station Heavy Duty Outdoor Power Bank Travel Camping Home Emergency Power DC/AC External Battery Support USB Port Charging AC Output,N/A,N/A,https://www.lazada.com.ph/products/pdp-i4021889572.html
Power Station 500W/220V Portable 288000mAh Quick Charge High Capacity Power Station Multifunctional Solar Generator Fast Charge Home Emergency Generator Powerbank Power Supply for Outdoor Camping With LED Light + 45W Solar Panel,N/A,N/A,https://www.lazada.com.ph/products/pdp-i5120448533.html
400W Solar Panel 18 Volt Pv Solar Module Solar Cell Panel Multifuncitional and Portable generator with inverter,N/A,N/A,https://www.lazada.com.ph/products/pdp-i5242347146.html
All-in-One 6000W Solar Generator: 600W Panel + MPPT Controller & Dual Voltage Inverter (110V/220V) for Home & RV & Camping,N/A,N/A,https://www.lazada.com.ph/products/pdp-i5273655244.html
1000W/998000mAh Outdoor 220V Portable Solar Generator Fast Charge Large Capacity Power Station with 150W Solar Board Power Station Heavy Duty Outdoor Power Bank Travel Camping Home Emergency Power DC/AC External Battery Support USB Port Charging AC Output,N/A,N/A,https://www.lazada.com.ph/products/pdp-i5270139694.html
Non Inflatable No Airpump Required Swimming Pool For Family Foldable Swimming Pool For Kids,N/A,N/A,https://www.lazada.com.ph/products/pdp-i5012533834.html
4000W/2200W/950W Gasoline Generator 4-Stroke Portable Power Generator 220V/60HZ High-Power Home Gasoline Generator Outdoor Small All-Copper Generator Multiple Protection Systems High Performance OHV Air Cooled Generators (Manual/Electric Start),N/A,N/A,https://www.lazada.com.ph/products/pdp-i15447904374.html
MOKETA Portable Solar Power Generation Power Station Multifunctional Emergency Equipment Large Capacity,N/A,N/A,https://www.lazada.com.ph/products/pdp-i5373824130.html
Wind Generator Controller Waterproof Battery Charging Regulator for Home Use,N/A,N/A,https://www.lazada.com.ph/products/pdp-i5068403901.html
"REAIM 4 Stroke Generators Gasoline Generator Household Outdoor Small Generator For Outing, Brownout, Agriculture, Vacation, Portable Household Generator Manual Electric Start Single-Phase Generator",N/A,N/A,https://www.lazada.com.ph/products/pdp-i5148140010.html
Gasoline Generator 4000W Gasoline Generator Household Portable Generator 220V/60Hz Four-stroke Super Power Silent Generator Full Copper Engine Dual Protection System Ultra-Long Endurance Generator,N/A,N/A,https://www.lazada.com.ph/products/pdp-i4406010448.html
Gasoline generator 220V household small single-phase 3kW/5/6/8kW three-phase 380V silent high power.,N/A,N/A,https://www.lazada.com.ph/products/pdp-i5052356956.html
Japan imported Honda generator gasoline mute portable 220v home new energy vehicle charging outdoor camping.,N/A,N/A,https://www.lazada.com.ph/products/pdp-i4090606567.html
【VONSHEF】3-month extended warranty 3-month virtual extended warranty 3-month virtual extended warranty 3-month extended warranty 3-month virtual warranty 3-month warranty 1000W Power Station With 150W Solar Charging Board Heavy Duty Outdoor Generator,N/A,N/A,https://www.lazada.com.ph/products/pdp-i15488775999.html
Asolar Solar panel 150W 300W solar panel board monocrystalline silicon power generation panel 18V With controller high conversion rate 0 electricity bill waterproof lightning solar charging panel 10 year Warranty Outdoor home generator Waterproof,N/A,N/A,https://www.lazada.com.ph/products/pdp-i4129746509.html
High Quality Portable Gasoline Generator 2 Stroke 220v Household Home Outdoor Small Generator 950W 60HZ Ultra Quiet Max Power Output,N/A,N/A,https://www.lazada.com.ph/products/pdp-i15434853568.html
12V Wind-Cooled Diesel Generator Starter Motor Single-Cylinder Micro-Tillage Machine Shaluo Brand QD114A Generator Part,N/A,N/A,https://www.lazada.com.ph/products/pdp-i5105105963.html
DC 3V-6V bis 400kV 400000V 1000KV Boost Step up Power Module High Voltage Generator Generator 1000kV Boost Step up Power,N/A,N/A,https://www.lazada.com.ph/products/pdp-i4409363582.html
Portable 200000MAH Power Station Multi-functional 300W/220V Large Capacity Solar Generator Powerbank,N/A,N/A,https://www.lazada.com.ph/products/pdp-i15453543463.html
1M long grooved metal DIN fixed rail general circuit breaker rail relay rail DIN mounting rail,N/A,N/A,https://www.lazada.com.ph/products/pdp-i2401325714.html
GARRYFIZH Wind Turbine Inverters EU Plug 220V Small Size Micro Inverter for Home Use,N/A,N/A,https://www.lazada.com.ph/products/pdp-i15482281767.html
AVR for Gasoline Generator 8KW 470uf 450v,N/A,N/A,https://www.lazada.com.ph/products/pdp-i5005087446.html
Vertical axis of 36w straight 5-flow miniature 12v24v permanent magnet DC motor model of wind turbine,N/A,N/A,https://www.lazada.com.ph/products/pdp-i4664040646.html
"220W Power Inverter Compatible with Dewalt 20V Battery, DC 20V to AC 110V Inverter, Portable Power Station Generator with 1 AC Outlet, 2 USB Ports & 1 Type-C Fast Charging, 400LM LED Work Light",N/A,N/A,https://www.lazada.com.ph/products/pdp-i15488087478.html
Water Plant Pot Plastic Transparent Hydroponic Small Pots for Indoor Water Garden or Plants Lazy Flower Pot Automatic Water Absorbing Self-Watering Flowerpot Soilless Planting Gardening Planter Home Decor,N/A,N/A,https://www.lazada.com.ph/products/pdp-i2799739287.html
220V High-Power Small Generator Home Lighting Permanent Magnet Brushless with Pressurizer Fine Copper Wire Core,N/A,N/A,https://www.lazada.com.ph/products/pdp-i15493896298.html
DAFA 5V 2W USB Output Portable Solar Power PanelSolar Panel,N/A,N/A,https://www.lazada.com.ph/products/pdp-i4642929600.html
GROUNDING BUSBAR W/ NEUTRAL 12 WAYS,N/A,N/A,https://www.lazada.com.ph/products/pdp-i2198088926.html
950W 2 Stroke Single-Phase Gasoline Generator 220V 60Hz OHV Air Cooled Portable Generator Manual & Electric Start Dual Protection System for Home Outdoor Agriculture Emergency Power Supply,N/A,N/A,https://www.lazada.com.ph/products/pdp-i15494569854.html
Semi-spherical vertical axis micro wind turbine DC mini DIY technology making maker steam material,N/A,N/A,https://www.lazada.com.ph/products/pdp-i4930140905.html
"5/10/15/20/30/40/50M Garden Hose Set Heavy-Duty 3-Ply PVC , 1/2"" with Spray Nozzle for Car Wash, Gardening & Outdoor#RSG#RSG03",N/A,N/A,https://www.lazada.com.ph/products/pdp-i5178123031.html
Brushless DC Motor with Driver Board DIY Wind Generator,N/A,N/A,https://www.lazada.com.ph/products/pdp-i15434670250.html
25pcs/pack High Yield Chayote Seeds for Planting Vegetables - Fresh Chayote Melon Seeds Organic Sayote Vegetables Seeds for Gardening Bonsai Chayote Seedlings Pickled Sayote Balcony Potted Sayote Live Plant Garden Veggie Seeds Easy To Grow in Philippines,N/A,N/A,https://www.lazada.com.ph/products/pdp-i5174768979.html
REAIM Power Station with Solar Panel Portable Generator 512W Fast Charge Portable Big Capacity,N/A,N/A,https://www.lazada.com.ph/products/pdp-i15498386656.html
⭐️6.6 Mega Sales⭐️ B0SCH Multi-Function Power Station 100W-300W | High-Capacity Portable Generator | Emergency Backup Power | 5-Year Warranty,N/A,N/A,https://www.lazada.com.ph/products/pdp-i4776293381.html
OUSHIDUN | Frost Resistant Extendable High Pressure Garden Water Hose,N/A,N/A,https://www.lazada.com.ph/products/pdp-i15405317089.html
Multi-Function Portable 288000mAh Super Large Capacity Power Station 220V/500W Outdoor Solar Generator With Solar Charging Board Heavy Duty Outdoor Generator For Travel Camping Home Emergency Power bank,N/A,N/A,https://www.lazada.com.ph/products/pdp-i15425787325.html
【LeeandHan】 4 20mA Signal Generator with Precision Display and Connection Terminal,N/A,N/A,https://www.lazada.com.ph/products/pdp-i15398913775.html
SOARFLY Turbo 3000W High Pressure Washer Water Jet Heavy Duty Portable Washer Power Sprayer Machine Car Wash,N/A,N/A,https://www.lazada.com.ph/products/pdp-i4583822944.html
12 Inch Portable Chainsaw Rechargeable Chainsaw 888V Electric Saw Mini Chainsaw Power Saw Tools,N/A,N/A,https://www.lazada.com.ph/products/pdp-i5156650751.html
300W 96000mAh Portable Outdoor Solar Generator Fast Charge Large Capacity Power Station With 30W Solar Charging Board support AC/DC/USB Output Multifunction Generator Portable Power Station 220V Outdoor Car Travel Camping Home Emergency Power Supply,N/A,N/A,https://www.lazada.com.ph/products/pdp-i3666870917.html
Anti UV Resistant 99% With Rope High Quality Sunshade Net Garden Plant Outdoor Waterproof Insulation Multifunction Weather,N/A,N/A,https://www.lazada.com.ph/products/pdp-i3938756984.html
998V Rechargeable Pressure Washer – Portable Wireless Car Spray Gun with High-Power Jet high portable washing machine cordless power spray agriculture water gun car wash 6 car washing modes,N/A,N/A,https://www.lazada.com.ph/products/pdp-i3724747400.html
1Set/5set MC4 Connectors Waterproof Male female Plug cable Terminals for Solar Panels Dedicated Assembly,N/A,N/A,https://www.lazada.com.ph/products/pdp-i2519659438.html
300WH 200W 220V Generator Multi-Function Portable Big Capacity Power Station AC/DC/USB Output Generator Emergency Power supply for CPAP Outdoor Adventure Laptop Powerbank 220V Portable Generator Auto Travel Home Emergency Power Supply,N/A,N/A,https://www.lazada.com.ph/products/pdp-i4781101929.html
Inverter 6000W solar inverter 12V/24V to 220V home 50Hz power Inverter Power Converters inverter DC12V/24V TO AC 220V For Aircon/Car/Home/Equipment /Outdoor Travel,N/A,N/A,https://www.lazada.com.ph/products/pdp-i3895098667.html
Honda Chainsaw Gasoline Saw 20/22/24 Inches 72CC 9.9KW Portable Chain Saw Made in Japan Outdoor Power Tools,N/A,N/A,https://www.lazada.com.ph/products/pdp-i5170881657.html
【COD/Original】Swimming pool for family size for adult Inflatable Swimming Pool For Kids baby Big Pool,N/A,N/A,https://www.lazada.com.ph/products/pdp-i3700789306.html
Gasoline Generator 4000W Gasoline Generator Household Portable Generator 220V/60Hz Four-stroke Super Power Silent Generator Full Copper Engine Dual Protection System Ultra-Long Endurance Generator,N/A,N/A,https://www.lazada.com.ph/products/pdp-i4343386790.html
REAIM Gasoline Generator Portable Gasoline Generator Set Manual Start Generator All-copper Generator Set High Quality Powerful Generator Efficient Strong Endurance Generator,N/A,N/A,https://www.lazada.com.ph/products/pdp-i5078076229.html
Gasoline generator 220V household small single three-phase 380v dual voltage 5kw6/8/10kW frequency conversion outdoor.,N/A,N/A,https://www.lazada.com.ph/products/pdp-i5042723393.html
Hose for Water with Nozzle and Connector for Faucet High Pressure Washer 10/15/20M Garden Heavy Duty,N/A,N/A,https://www.lazada.com.ph/products/pdp-i4459616689.html
3 Phase Generator Permanent Magnet Synchronous Motor 12V Easy Installation with Base for Vertical or Horizontal Wind Turbines,N/A,N/A,https://www.lazada.com.ph/products/pdp-i5015610720.html
Planting box high quality free combination flower box artificial rattan planting flower box outdoor garden flower pot / artificial rattan combination flower stand / garden flower pot planting flower box / balcony flower box,N/A,N/A,https://www.lazada.com.ph/products/pdp-i15495522550.html
MONQIQI Power Inverter DC 12V to AC 220V Fully automatic solar current conversion Modified Sine Wave Inverter High Frequency 220W with 2.4A Dual USB Port as A Emergency Equipment for Car Travel,N/A,N/A,https://www.lazada.com.ph/products/pdp-i4154471471.html
2KW-5.5KW Portable Gasoline Generator 4 Stroke Manual/Electric Start Industrial Generator For Home,N/A,N/A,https://www.lazada.com.ph/products/pdp-i3763824248.html
1000PCS Double Petals Mixed Portulaca Seeds Moss Rose Flower Seeds for Gardening Bonsai Seeds for Planting Flowers Rare Portulaca Grandiflora Flowering Plants Seeds Home Potted Bonsai Portulaca Live Plants Garden Flower Plant Seeds Indoor Plants,N/A,N/A,https://www.lazada.com.ph/products/pdp-i5182838908.html
PowMr 30/20/10A PWM Solar Charge Controller 12v 24v Auto With LCD Display Dual USB Solar Regulator Lithium Battery Activation,N/A,N/A,https://www.lazada.com.ph/products/pdp-i1923023966.html
2pcs Garden Pruning Shears Set Flower Fruit Tree Garden Shears Stainless Steel Scissors Trimming Garden Tools,N/A,N/A,https://www.lazada.com.ph/products/pdp-i4933753421.html
Automatic Inverter Power Converter 12V to Adapter Automatic Inverter 12V to 220V 220W/500W/1000W Inverter Convert Power,N/A,N/A,https://www.lazada.com.ph/products/pdp-i4003125970.html
"Waveshare Direct Drive Servo Motor Driver Board (B), Integrates ESP32 and Control Circuit, 2.4G WiFi Support",N/A,N/A,https://www.lazada.com.ph/products/pdp-i4899296650.html
Universal Gasoline Generator Single Phase Auto Voltage Regulator For 5-6.5KW Generator AVR 220V,N/A,N/A,https://www.lazada.com.ph/products/pdp-i4721015157.html
100W-1000W waterproof wind turbine charging controller with battery protection function.,N/A,N/A,https://www.lazada.com.ph/products/pdp-i5292249510.html
Power Station 1000W 220V Portable Solar Power Generator 988000mAh Fast Charge Super Big Capacity Power Station With 150W Solar Board Power Heavy Duty Outdoor Power Bank Travel Camping Home Emergency Power With LED Light,N/A,N/A,https://www.lazada.com.ph/products/pdp-i15481180015.html
【ZenCrate】 High-Power Hand-Cranked Generator 220V 500W DC12V Outdoor Charging Device,N/A,N/A,https://www.lazada.com.ph/products/pdp-i15406262189.html
Horticultural Shears Pruning Shears Flower Shears Landscaping Shears Floral Shears Branch Cutters Fruit Tree Shears Pruning Shears Flower Trimming Shears,N/A,N/A,https://www.lazada.com.ph/products/pdp-i5404179356.html
Portable Power Station Solar Generator Backup Battery 220v Large Capacity Outdoor Camping Emergency Home Use,N/A,N/A,https://www.lazada.com.ph/products/pdp-i15495281003.html
Wind Chimes Lucky Charm Garden Yard Charm Decor Windchimes Money tree Wind Chimes Bell bring in Wealth and Treasure,N/A,N/A,https://www.lazada.com.ph/products/pdp-i3284837178.html
Generator Circuit Breaker Circuit Breaker High Sensitivity Professional for Petrol Generators,N/A,N/A,https://www.lazada.com.ph/products/pdp-i5068506474.html
"SeedsPLAZA™ - Bonsai Papaya (20 Seeds) for Planting Vegetable Plants + Instructions, Dwarf Red Baby F1 Plant Seed",N/A,N/A,https://www.lazada.com.ph/products/pdp-i3199644538.html
Meterk Magnetic Wind Turbine High Power Tracking Intelligent Microprocessor Wind Generator Kit Aluminum Alloy Die Casting for Wind Solar Hybrid Street Light,N/A,N/A,https://www.lazada.com.ph/products/pdp-i15476703422.html
2 Set 139/140/GX35/TU43/GX25/TU26/40-5 Petrol Strimmer Fuel Hose Oil Pipe With Tank Filter Assy & Grommet Gasoline Tank Chain Saw Original Brush Cutter Lawn Mower Strimmer Grass Trimmer,N/A,N/A,https://www.lazada.com.ph/products/pdp-i5113648443.html
LEDUO | Water Flow Generator Mini Hydroelectric Power High Efficiency,N/A,N/A,https://www.lazada.com.ph/products/pdp-i15418296431.html
Pecron E1500LFP 1536Wh/2200W Outdoor Portable Power Station LiFePO4 Home Emergency Generator for UPS,N/A,N/A,https://www.lazada.com.ph/products/pdp-i4051431424.html
MPPT Automatic Universal Solar Controller,N/A,N/A,https://www.lazada.com.ph/products/pdp-i15418442387.html
"500W/300W Portable Power Station with 220V Output, Lithium Iron Phosphate Battery, Solar Panel Charging, for Camping & Travel & House",N/A,N/A,https://www.lazada.com.ph/products/pdp-i15491443055.html
Portable Solar Generator Portable Power Station 78800 200 Pure Sine Wave Qc3 0 Usb Sulit Matibay Camping Home,N/A,N/A,https://www.lazada.com.ph/products/pdp-i15460766684.html
BAOZHILING | Heavy-duty Silent Caster Wheels,N/A,N/A,https://www.lazada.com.ph/products/pdp-i15395522857.html
Chain saw 20/22/24 Inch 58CC 4.2Kw Original Steel Chainsaw Gasoline Mini Chainsaw Electric Metal Tool,N/A,N/A,https://www.lazada.com.ph/products/pdp-i3934645013.html
SOARFLY Heavy-Duty Portable Adjustable Pressure Washer for Car Wash 900000pa,N/A,N/A,https://www.lazada.com.ph/products/pdp-i15416889368.html
150W 300W Solar Panel set home full set inverter solar powered generator with panels 220v complete set panel board solar panels for appliances watertight,N/A,N/A,https://www.lazada.com.ph/products/pdp-i4479129071.html
Emergency Power Supply 150W Portable Power Station 220V | Solar Generator Large Capacity Battery for Camping Outdoor Emerge,N/A,N/A,https://www.lazada.com.ph/products/pdp-i15460719486.html
"2026BLUETTI Elite 30 V2 Portable Power Station, 77,837 mAh/288Wh Solar Generator, 600W AC Outlets (PowerCOD",N/A,N/A,https://www.lazada.com.ph/products/pdp-i15486801809.html
gardening tools pang kahoy at kawayan molye may subo,N/A,N/A,https://www.lazada.com.ph/products/pdp-i5149768228.html
"Best Quality Complete Set Solar Power Inverter Includes 12 volts Battery & 15 Watts Solar Panel, Zero Electricity, Best for All Kinds of Appliances For Brown out, Charging, Electricity Saving, Emergency, Camping & Hiking",N/A,N/A,https://www.lazada.com.ph/products/pdp-i3821112243.html
Hantech {IN Manila} Solar panel 100W/160W/210W 300W monocrystalline silicon power generation panel 12V household high conversion rate 0 electricity bill waterproof lightning solar charging panel,N/A,N/A,https://www.lazada.com.ph/products/pdp-i3746473541.html
50cm*300cm Artificial Leaf fence Screening Roll UV Fade Protected Privacy Hedging Wall Landscaping Garden for Fences Balcony Screen for Outdoor Garden Fences Backyard Home Decor Greenery Walls Garden Decoration artificial grass mat,N/A,N/A,https://www.lazada.com.ph/products/pdp-i3619445504.html
SAMSUNG LED Mosquito Killer Electric Lamp Household Insect Repellent Lamp Ultraviolet Ray Mosquito Trap,N/A,N/A,https://www.lazada.com.ph/products/pdp-i3973904593.html
Lepmerk Charging Control Module Battery Charging Module Electronic Component Overcharging Protection for Electric Vehicles Charge for Wind Turbines for Car Generators,N/A,N/A,https://www.lazada.com.ph/products/pdp-i15436777125.html
Gasoline generator 220V household small single three-phase 380v dual voltage 5kw6/8/10kW frequency conversion outdoor.,N/A,N/A,https://www.lazada.com.ph/products/pdp-i5053283756.html
Senjiu gasoline generator 220v household small 2KW/ kW silent inverter RV outdoor camping portable,N/A,N/A,https://www.lazada.com.ph/products/pdp-i4985936602.html
"DEKES Portable 4000W Gasoline Generator 4-Stroke 220V 60Hz Electric/Manual Start for Home & Outdoor Use, All-Copper",N/A,N/A,https://www.lazada.com.ph/products/pdp-i15409554007.html
Lepmerk DC18V 2A 36W Small Hydroelectric Generator Water Turbine Generator Brushless DC AC Hydraulic Pump Generator High Power Generator Can Used with Solar Controller E25830,N/A,N/A,https://www.lazada.com.ph/products/pdp-i15445550384.html
300W 96000mAh Portable Outdoor Solar Generator Fast Charge Large Capacity Power Station With Solar Charging Board support AC/DC/USB Output Multifunction Generator Portable Power Station 220V Outdoor Car Travel Camping Home Emergency Power Supply,N/A,N/A,https://www.lazada.com.ph/products/pdp-i15434967339.html
Vertical axis of 36W DC miniature 12V-24V permanent magnet DC motor model of wind turbine,N/A,N/A,https://www.lazada.com.ph/products/pdp-i4878682856.html
Muti-purpose Universal Adjustable Car Wash Water Gun with 10/15 Meters Hose Garden High Pressure Brass Sprayer Wand Straight Copper Spray Hose Nozzle Garden Tool,N/A,N/A,https://www.lazada.com.ph/products/pdp-i4601106355.html
240Wh River 2 Portable Power Station Solar Generator with LiFeP04 Quick Charge in 1 Hour Up to 500 W Power for Emergency Power Camping Motor Homes Home,N/A,N/A,https://www.lazada.com.ph/products/pdp-i15449308527.html
Sunshade Net Anti UV 90% Outdoor Swimming Pool Cover Sun Shade Net Outdoor Garden Net Shade Cloth Net Car Cover Courtyard Sunscreen Insulation Sunscreen Net Farm Net Greenhouse Net Sunscreen Sunblock Shade Cloth Net car sunshade Multiple sizes available,N/A,N/A,https://www.lazada.com.ph/products/pdp-i3081441008.html
"【With Includes 150W Solar Panel】Portable Power Station 1000W/988000mAh Solar Generator Portable Outdoor Power Bank Multifunction Power Station -Power Backup for Entry Level Computers, Laptops, TVs, Routers, Printers, CCTV and other Appliances",N/A,N/A,https://www.lazada.com.ph/products/pdp-i15465451823.html
QUANJIDE | Agricultural Irrigation Sprinkler Head,N/A,N/A,https://www.lazada.com.ph/products/pdp-i5375867367.html
GARDEN NET / 4.5FT x 1 METER / B54 NET / GREENHOUSE NET / POULTRY NET / FISHING NET / SHADING NET / CONSTRUCTION NET / ALL-PURPOSE NET,N/A,N/A,https://www.lazada.com.ph/products/pdp-i2416529033.html
9733 Blower fan for kalanheater Blower air blower for kalan Cooking Portable Blower Machine Air Blower Adjustable Speed,N/A,N/A,https://www.lazada.com.ph/products/pdp-i4971499618.html
8000W Peak Power Inverter DC to AC Converter for Solar System Home Appliances RV Camping,N/A,N/A,https://www.lazada.com.ph/products/pdp-i15455155221.html
Electric Fly Catcher,N/A,N/A,https://www.lazada.com.ph/products/pdp-i15421860700.html
Made in Japan SK-5pruning shears for garden pruning tools pruning scissor Cutter Home Gardening Plant Scissor Stainless Steel Garden Scissors Flower Fruit Tree Garden Shears Branch Pruner Tree Garden Shears,N/A,N/A,https://www.lazada.com.ph/products/pdp-i4353996629.html
Gasoline Generator Accessories 168f 2KW 2.5kW 3kW Circuit Breaker 9.1a 11A 13A Overcurrent Protector,N/A,N/A,https://www.lazada.com.ph/products/pdp-i2613592966.html
TCCA 90% Chlorine Tablets for Swimming Pool Cleaning Jumbo Chlor (1 kilo),N/A,N/A,https://www.lazada.com.ph/products/pdp-i15492902196.html
22L/15L/8L Knapsack Electric Sprayer Multi-Purpose Agriculture Power Sprayer Rechargeable Gardening/Disinfectant Electric Sprayer Portable Electric Pesticide Spray,N/A,N/A,https://www.lazada.com.ph/products/pdp-i5259474015.html
Cordless Portable Mini Smart Inverter Power Converter Power Generator 2 PORTS 220V + USB 21V,N/A,N/A,https://www.lazada.com.ph/products/pdp-i5260790823.html
12V24V36V48V60V72V220V low-speed three-phase brushless AC wind generator 200 watt hydraulic power,N/A,N/A,https://www.lazada.com.ph/products/pdp-i5116885574.html
300pcs/pack Fresh Organic Red Hot Chili Pepper Seeds for Planting Vegetables High Yield Siling Labuyo Hybrid Hot Pepper Taiwan Chili Seeds Siling Taiwan Vegetable Seeds for Gardening Siling Labuyo Seeds Bonsai Chili Pepper Plant Seeds Vegetable Plants,N/A,N/A,https://www.lazada.com.ph/products/pdp-i5159636149.html
Meterk Maglev Wind Turbine Generator 500W Dual Bearing Vertical Wind Turbine Stable Movement Low Vibration High Efficiency for Household,N/A,N/A,https://www.lazada.com.ph/products/pdp-i15476464862.html
Hand saw Wooden saw Fruit tree pruning saw portable shell carpentry saw Waist saw Household sk5 Hand Saw Wooden/Tree Pruning Saw Lagaring Kahoy Garden Trimming Saw Shell Carpentry Saw Waistsaw,N/A,N/A,https://www.lazada.com.ph/products/pdp-i5175760994.html
Guide wheel assembly of wire cutting accessories 451 copper sleeve of guide wheel assembly with outer diameter of 42* length of 75 for the wind turbine,N/A,N/A,https://www.lazada.com.ph/products/pdp-i5277593451.html
"Chlorine for swimming pool Chlorine for water treatment Pools spa cleaning Specially designed for swimming pools, it purifies water and turns the water blue. Chlorine tablets for pool Algaecide for swimming pool",N/A,N/A,https://www.lazada.com.ph/products/pdp-i4424178994.html
MUSLADY Wind Turbine Maglev Wind Turbine Generator High Power Generation 500W Curved Blade Low Vibration Stable Movement for Industries,N/A,N/A,https://www.lazada.com.ph/products/pdp-i15480278433.html
Stainless Steel Pruning Shears,N/A,N/A,https://www.lazada.com.ph/products/pdp-i15423212070.html
200pcs/pack High Yield Purple Big Eggplant Seeds for Planting Vegetables Plants Fresh Eggplant Vegetable Seeds for Gardening Potted Eggplant Live Plant Veggie Seeds Bonsai Eggplant Seedlings F1 Hybrid Eggplant Ready To Plant Vegetable Seeds Fast Growing,N/A,N/A,https://www.lazada.com.ph/products/pdp-i5177198169.html
HOMEMORY 2000000mAh Portable Power Station 800W 220V Solar Generator Emergency Backup Power Supply for Home Typhoon Brownout Camping Philippines,N/A,N/A,https://www.lazada.com.ph/products/pdp-i15453392364.html
【FUXING】 Wind Turbine for Outdoor Use Compact Design for Portable Power Generation [buy now],N/A,N/A,https://www.lazada.com.ph/products/pdp-i15490699938.html
Power Station 220V 100W/300w Home Solar Generator Multi-Function Big Capacity Solar Powerbank,N/A,N/A,https://www.lazada.com.ph/products/pdp-i4805670308.html
500W 288000mAh Portable Power Station Large Capacity Outdoor Solar Generator 220V Fast Charge Mobile Power Large Capacity Inverter Portable Solar Generator For Travel Camping Home Emergency Power Supply Support AC/DC/USB Outpu,N/A,N/A,https://www.lazada.com.ph/products/pdp-i5111890491.html
Power Generator Portable 150W 96000mAh With Solar Panel Power Station Multi-Function Big Capacity Solar Generator Station,N/A,N/A,https://www.lazada.com.ph/products/pdp-i5240270797.html
Plug-in 12 Inch Electric Chainsaw - Wood Cutting for Orchard Garden Home Tree Trimming,N/A,N/A,https://www.lazada.com.ph/products/pdp-i5316042879.html
【In stock】NANWEI 2200W/220V High horsepower Gasoline generator 60hz Portable Gasoline Generator High Quality 4-Stroke Generator Home/Outdoor/Emergency Generator (OHV Air Cooled Generators),N/A,N/A,https://www.lazada.com.ph/products/pdp-i5186939436.html
REAIM Gasoline Generator 220V Portable Heavy Duty Generator Household Home Outdoor Small Generator,N/A,N/A,https://www.lazada.com.ph/products/pdp-i5362059216.html
【100%High power】128000W Ultrasonic Inverter DC12V Electric Fisher Machine Safe Inverter Original,N/A,N/A,https://www.lazada.com.ph/products/pdp-i5091529282.html
【10 Year warranty】Solar Panel 500W /350W/150WCharging Panel Monocrystalline Silicon Band 30 A Controller Household Charging Panel Multifuncitional and Portable generator 0 electricity bill waterproof,N/A,N/A,https://www.lazada.com.ph/products/pdp-i5349174844.html
Portable Gasoline Generator 2 Stroke 220v HouseholdHome Outdoor Small Generator 950w 60HZ Ultra Qule,N/A,N/A,https://www.lazada.com.ph/products/pdp-i5105180634.html
【Rockhouse】 2PCS Mini Electric Motors for DIY Electronic Wind Turbines Model 3 Volt 2500RPM [New Products],N/A,N/A,https://www.lazada.com.ph/products/pdp-i5381583805.html
REAIM Portable Gasoline Generator High-power 220V Household Outdoor Small Generator 650W/1000W/4000W Manual Start Generator,N/A,N/A,https://www.lazada.com.ph/products/pdp-i5217522007.html
Gasoline Generator 4000W Gasoline Generator Portable Four Stroke Engine Dual Protection System 220V Home Household Outdoor Small Generator Manual Electric Start Single-Phase Generator,N/A,N/A,https://www.lazada.com.ph/products/pdp-i5180318220.html
MUSLADY Small Windmill Generator Magnetic Wind Turbine 3 Blade Accurate Injection Moulding 500W High Wind Energy Utilization for Wind Solar Hybrid Street Light,N/A,N/A,https://www.lazada.com.ph/products/pdp-i15480417436.html
Gasoline Generator 4000W/60HZ Portable High Power All-Copper Generator For Home/Outdoor Four-Stroke,N/A,N/A,https://www.lazada.com.ph/products/pdp-i15498880312.html
Portable Power Station Solar Generator 220v 150w Backup Battery Large Capacity Emergency Home Outdoor,N/A,N/A,https://www.lazada.com.ph/products/pdp-i15496216407.html
Small wind generator motor wind generator fan led lamp physical science experiment popular science manual,N/A,N/A,https://www.lazada.com.ph/products/pdp-i5294878355.html
BERMA BABY Portable Power Station Solar Generator 150W 200Wh Pure Sine Wave USB AC Car Charger Emergency Backup Camping Home Blackout,N/A,N/A,https://www.lazada.com.ph/products/pdp-i15479670448.html
100% Legit 60pcs High Yield Smooth Green Okra Seeds for Planting Vegetables F1 Dwarf Okra Potted Seeds Fresh Bonsai Okra Seeds Hybrid Long Okra Live Plant Veggie Seed Lady Finger Okra Vegetable Seeds for Gardening Organic Fruit Okra Seedlings Indoor Plant,N/A,N/A,https://www.lazada.com.ph/products/pdp-i5184949520.html
Vertical axis of 36W DC miniature 12V-24V permanent magnet DC motor model of wind turbine,N/A,N/A,https://www.lazada.com.ph/products/pdp-i4664592107.html
Portable High-Power Hand Crank Generator,N/A,N/A,https://www.lazada.com.ph/products/pdp-i15424081038.html
80 miniature disc coreless permanent magnet generator high efficiency mini low speed low resistance DIY wind power and water power,N/A,N/A,https://www.lazada.com.ph/products/pdp-i5135258063.html
MPPT Wind Controller Efficient Charging Controller Wind Generator for 12V 24V Battery,N/A,N/A,https://www.lazada.com.ph/products/pdp-i5049560611.html
Battery Car Solar Wind Power Generator Automatic Adaptation 12V‑125V Electric Vehicle Range Extending Generator for Outdoor Working,N/A,N/A,https://www.lazada.com.ph/products/pdp-i5049106032.html
Wind small DC vertical axis micro generator 12V-24V permanent magnet model motor 36W DC motor,N/A,N/A,https://www.lazada.com.ph/products/pdp-i5079698179.html
FPS Power Station with Solar Charging 65000mAh solar generator station Portable Multi-function Large Capacity Outdoor Travel Camping Home Emergency Power bank150W AC 220V,N/A,N/A,https://www.lazada.com.ph/products/pdp-i5290176039.html
100% Original 60pcs Bonsai Guava Seeds for Planting Fruit Plants High Yield Taiwan Red Guava Seed Tropical Fruit Seeds Dwarf Guava Tree Plant Garden Balcony Potted Guava Live Plants Guava Seedlings Fruit Bearing Tree Seeds Easy To Grow Fruits Vegetable,N/A,N/A,https://www.lazada.com.ph/products/pdp-i5119184344.html
Power station 220v 150w power station multi-function portable big capacity solar generator,N/A,N/A,https://www.lazada.com.ph/products/pdp-i15426962699.html
TWNSS 220V 500W solar generator mah portable power station for fan/laptop power supplyKorea,N/A,N/A,https://www.lazada.com.ph/products/pdp-i15486435153.html
2000W wind turbine grid-connected inverter wind power generation DC45-90V AC190-260V with WIFI.,N/A,N/A,https://www.lazada.com.ph/products/pdp-i4983897219.html
Outside 78* inside 60 mm high stator pure iron core 36 slot brushless motor generator,N/A,N/A,https://www.lazada.com.ph/products/pdp-i4793286567.html
Emergency Portable Generator Charger,N/A,N/A,https://www.lazada.com.ph/products/pdp-i15424732481.html
100% Original 250pcs Fresh Long Purple Eggplant Seeds Talong Seeds for Planting Vegetable Plants - High Yield Potted Eggplant Vegetables Seeds Legit Eggplant Ready To Plant Hybrid Long Eggplants Seedlings Bonsai Eggplant Live Plant Veggie Seeds Fast Grow,N/A,N/A,https://www.lazada.com.ph/products/pdp-i5197472755.html
120v permanent magnet DC motor Small hand-cranked mini diy power generation wind generator motor mute high power.,N/A,N/A,https://www.lazada.com.ph/products/pdp-i4947490647.html
Vertical axis of 36w straight 5-flow miniature 12v24v permanent magnet DC motor model of wind turbine,N/A,N/A,https://www.lazada.com.ph/products/pdp-i5079416928.html
JCSYFAC YINGRAN High Speed Wind Turbine for Brushless Motor Eco Friendly Windshield for Stable Power Generation Outdoors,N/A,N/A,https://www.lazada.com.ph/products/pdp-i15498407336.html
Science Experiment Generator Kit DIY Educational Toy,N/A,N/A,https://www.lazada.com.ph/products/pdp-i5404053103.html
【LingRuii】3-month extended warranty 3-month virtual extended warranty 3-month virtual extended warranty 3-month extended warranty 3-month virtual extended warranty 3-month extended warranty 3-month 800W Outdoor Solar Generator Power Station,N/A,N/A,https://www.lazada.com.ph/products/pdp-i15428615066.html
Gardening Pruning Shears High Carbon Steel Garden Plant Scissors Cutter Branch Hands Pruner Cutter,N/A,N/A,https://www.lazada.com.ph/products/pdp-i3893532303.html
plamingko gawa sa molye,N/A,N/A,https://www.lazada.com.ph/products/pdp-i5334083716.html
TUNG 12 inches Cordless Electric Chainsaw 888VF Mini Chainsaw Pure copper motor Cordless Chainsaw Durable&Powerful cutting Easily cut wood Handheld Chainsaw Portable chainsaw,N/A,N/A,https://www.lazada.com.ph/products/pdp-i5101196007.html
"[Pure sine wave] 1000W/988,800MAH Portable Power Station with 150W Solar Panel Set for Home Outdoor Power Supply",N/A,N/A,https://www.lazada.com.ph/products/pdp-i15450966747.html
Kids Pool NO Inflatable No Pump Needed - Quick Setup & Foldable Design Durable Family Swimming Pool for Garden Outdoor swimming pool for kids sale,N/A,N/A,https://www.lazada.com.ph/products/pdp-i4385767008.html
(5 year warranty)500watts solar panel 500w original set home full monocrystalline solar panel with panels complete set panel board solar panels for appliances,N/A,N/A,https://www.lazada.com.ph/products/pdp-i4523070596.html
【10 Year warranty】Solar Panel 150W/350W/500W Charging Panel Monocrystalline Silicon Band 30 A Controller Household Charging Panel,N/A,N/A,https://www.lazada.com.ph/products/pdp-i5147750915.html
100A/60A/50A/40A/30A MPPT Solar Charge Controller Dual USB LCD Display Auto Solar Cell Panel Charger Regulator,N/A,N/A,https://www.lazada.com.ph/products/pdp-i4636020914.html
ChicDecor Pressure Washer Gun 48V Lithium Battery 30000kpa Cleaning Water Garden Sprayer High Pressure Water Pump Cordless Car Washer Gun Water Handheld Spray#XCQ01,N/A,N/A,https://www.lazada.com.ph/products/pdp-i5221989732.html
preferred 8mx10m sunscreen net 90% UV sun shade net Outdoor garden net shade umbrella greenhouse net weather net shade net,N/A,N/A,https://www.lazada.com.ph/products/pdp-i5218299891.html
Solar Panel with inverter battery complete set 4000W inverter DC 12V to AC 220V Solar Power Generation System Dual USB Solar Inverter Solar Panel Solar Charge Controller for home appliances,N/A,N/A,https://www.lazada.com.ph/products/pdp-i3006283224.html
REAIM Gasoline Generator 4-STROKE Manual Electric Start Generator 1000W Portable Power Generator,N/A,N/A,https://www.lazada.com.ph/products/pdp-i15446961734.html
REAIM Portable Gasoline Generator High-power Household Outdoor Small Generator HighManual Start Generator All-copper Generator Set Efficient Strong Endurance Generator Portable Generator,N/A,N/A,https://www.lazada.com.ph/products/pdp-i5206741772.html
DIN Rail C45 Circuit Breaker Rail Mounting Track for MCB Breakers Metal Groove – Steel Rail Bar - RAPID TOOLS PH,N/A,N/A,https://www.lazada.com.ph/products/pdp-i5159603507.html
ECGSOLAX PWM Solar Controller 12V 24V Auto LCD Display Work For Lead Acid And Lithium Batt 10A 20A 30A Solar Charge Controller MPPT With Dual USB Backlight Car Battery Charger,N/A,N/A,https://www.lazada.com.ph/products/pdp-i4394321983.html
2026EcoFlow Portable Power Station RIVER 2 Pro 768Wh Solar Generator with LiFeP04 Quick Charge in 70 Minutes 3 x 800 W 220V AC Sockets for Emergency Backup Camping Motors HomeCOD,N/A,N/A,https://www.lazada.com.ph/products/pdp-i15486809693.html
Garden Hose Complete Set with Booster for Water Faucet Car Wash High Pressure Power Sprayer Carwash Spray Gun Nozzle Portable Washer Heavy Duty,N/A,N/A,https://www.lazada.com.ph/products/pdp-i4409127784.html
❤quality Guarantee ❤agricultural Sickle Wooden Handle Mowing Gardening Tool Piece Crescent Semi-circle Small Sickle With Weeding Tool,N/A,N/A,https://www.lazada.com.ph/products/pdp-i4562286857.html
New Modular Combination Dual In and Out Breaker Connection Busbar,N/A,N/A,https://www.lazada.com.ph/products/pdp-i4880456752.html
ICare Dual Exercise Wheel,N/A,N/A,https://www.lazada.com.ph/products/pdp-i5205444626.html
FAMILIFE 12pcs (1 Dozen) 2 Clips Colored Hanging Small Vertical Flower Pot for Indoor/Outdoor Gardening and Home Decor Pots,N/A,N/A,https://www.lazada.com.ph/products/pdp-i3226878728.html
"SK5 High Carbon Steel Titanium Plated Rust-Proof Garden Pruning Shears, Garden Pruning Shears Are Suitable For Pruning Branches, Super Sharp And Easy To Prune",N/A,N/A,https://www.lazada.com.ph/products/pdp-i5167868135.html
【Solar Kit】Pecron E1500LFP 1536Wh/2200W Outdoor Portable Power Station LiFePO4 Home Emergency Generator for UPS Solar Panel Set,N/A,N/A,https://www.lazada.com.ph/products/pdp-i4206444074.html
【1-3 Days Delivery】Agricultural Manganese Steel Machete Hand-Forged Outdoor Path-Clearing Chopping Knife Garden Long with wooden Handle,N/A,N/A,https://www.lazada.com.ph/products/pdp-i5270592057.html
Electric Start Flywheel for Gas Generator,N/A,N/A,https://www.lazada.com.ph/products/pdp-i15418476192.html
ZHANGRONGTU | Solar Controller Inverter System 220V,N/A,N/A,https://www.lazada.com.ph/products/pdp-i15414015537.html
300 Seeds/pack Mixed Portulaca Seed Moss Rose Flower Seeds for Gardening Bonsai Seeds for Planting Flowers Potted,N/A,N/A,https://www.lazada.com.ph/products/pdp-i4127483268.html
Tree Manual Saw high-branch saw High Altitude Branch Pruning garden pruning branch garden double hook Bending Saw,N/A,N/A,https://www.lazada.com.ph/products/pdp-i4485001574.html
Moving Water Catcher Tray Round,N/A,N/A,https://www.lazada.com.ph/products/pdp-i5370914887.html
Sharp Hand Saws for Tree Trimming Outdoor Portable Garden Multi-Function Saw with Balde Mini Cutting Tool,N/A,N/A,https://www.lazada.com.ph/products/pdp-i4060793663.html
6M High Branch Pruning Saw Pole Saw for Tree Trimming Telescoping Trimming Garden Fruit Pruning Tool,N/A,N/A,https://www.lazada.com.ph/products/pdp-i5139286576.html
Japan original 250mm SK5 Steel U-Shaped Portable Folding Hand Saw Outdoor Camping Pocket Saws Garden Fruit Tree Pruning Tools Woodworking Wood Cutting Saw,N/A,N/A,https://www.lazada.com.ph/products/pdp-i4136362636.html
BAOZHILING | Electric Chainsaw Chain Sharpener,N/A,N/A,https://www.lazada.com.ph/products/pdp-i15396874467.html
Pitcha Sticker Pool Numbers From 1 to 12 with Magic Borax 20grams,N/A,N/A,https://www.lazada.com.ph/products/pdp-i5288506598.html
Woodify Sunshade Net Waterproof Garden Net Shade Net Anti-Uv 90% Net Shade Outdoor Waterproof,N/A,N/A,https://www.lazada.com.ph/products/pdp-i3912278777.html
SUPER SHARP SAW Japanese mini handle steel saw for wood cutting wood saw SK5 Saw in a narrow position lagaring pang kahoy original Hand Saws for Tree Trimming Outdoor Portable Garden Multi-Function Saw with Balde Mini Cutting Tool,N/A,N/A,https://www.lazada.com.ph/products/pdp-i4056680726.html
Hand saw Wooden saw Fruit tree pruning saw portable shell carpentry saw Waist saw Household sk5 Hand Saw Wooden/Tree Pruning Saw Lagaring Kahoy Garden Trimming Saw Shell Carpentry Saw Waistsaw,N/A,N/A,https://www.lazada.com.ph/products/pdp-i5175901998.html
XIYUYANGGUANG | Outdoor Power Generation 6V Solar Panel,N/A,N/A,https://www.lazada.com.ph/products/pdp-i15430532687.html
Bougainvillea Mr and Mrs Splash Live Flowering Plant,N/A,N/A,https://www.lazada.com.ph/products/pdp-i5070225316.html
[BAGSAK PRESYO] 99 PESOS PROMO - Braided Money Tree (10 inches - 5 stalks) - free pot and white pebbles - The Dirty Gloves PH.,N/A,N/A,https://www.lazada.com.ph/products/pdp-i1954422488.html
Anti UV 90% Sunshade Net black and green Outdoor Garden Net Farm Net Greenhouse Net Sunscreen Sunblock Shade Cloth Net,N/A,N/A,https://www.lazada.com.ph/products/pdp-i2187690446.html
24V DC Permanent Magnet Motor Generator for Wind Turbine PMA,N/A,N/A,https://www.lazada.com.ph/products/pdp-i15483955229.html
Wind Turbine Generator Teaching Aid for Understanding Energy Conversion,N/A,N/A,https://www.lazada.com.ph/products/pdp-i15475981002.html
24V Wind Power Turbine Generator + Charge Controller for Street Light Lighting Equipment,N/A,N/A,https://www.lazada.com.ph/products/pdp-i15483969180.html
For Wind Turbine Generator with 5W Bulb 1m USB Cable for STEM Education,N/A,N/A,https://www.lazada.com.ph/products/pdp-i15458584127.html
20248PCS NdFeB Arc Segment Magnet Diameter OR30xIR5x45DEGx5mm for Generators Wind Turbine Neodymium Rotor Magnetics DIY Craft,N/A,N/A,https://www.lazada.com.ph/products/pdp-i4614707541.html
EA440 Stamford 500kva Generator Avr Price,N/A,N/A,https://www.lazada.com.ph/products/pdp-i4069771644.html
Generator Assembly,N/A,N/A,https://www.lazada.com.ph/products/pdp-i15439832021.html
【100%-original】 Agricultural 2000w Three-Wheel Tractor High-Power Generator 14v 28v Permanent Magnet Dc Brushless Generator,N/A,N/A,https://www.lazada.com.ph/products/pdp-i5081515194.html
Mini Generators Motor Electric Motor for DIY Electronic Wind Turbines Generators Hand Cranked Power Model School Projects,N/A,N/A,https://www.lazada.com.ph/products/pdp-i5250816744.html
844PCS Creative Series Vestas Wind Turbine Building Blocks Electric Windmill Generator Model 10268 Bricks Toys For Boy Kids Gift,N/A,N/A,https://www.lazada.com.ph/products/pdp-i5247081058.html
1 Piece Micro-Hydro Generator Turbine Generator Hydropower 80V 10W Tap Water Hydraulic DIY,N/A,N/A,https://www.lazada.com.ph/products/pdp-i15459653409.html
Gasoline generator 220V household mute small single three-phase 380v 5kw3/6/8/10kW diesel outdoor,N/A,N/A,https://www.lazada.com.ph/products/pdp-i5069388118.html
Mini Wind DC Generator Hand Dynamo Hydraulic Test DC 12V 24V Motor Machine Supply Emergency Generator,N/A,N/A,https://www.lazada.com.ph/products/pdp-i15468789639.html
(LAM1) 3X Mini Wind DC Generator Hand Dynamo Hydraulic Test DC 12V 24V Motor Machine Supply Emergency Generator,N/A,N/A,https://www.lazada.com.ph/products/pdp-i15474618783.html
"Small Production Electromagnetic Permanent Generator Technology- Physics Experiment Parts, Invention, , DIY",N/A,N/A,https://www.lazada.com.ph/products/pdp-i15460802376.html
Generator Mini Teaching Model Power Portable Hydroelectric Water Emergencysmall Electricity Manual Generators Dynamo Crank Wind,N/A,N/A,https://www.lazada.com.ph/products/pdp-i15488791429.html
[Trivony] Manual Generator Hand Crank High-Power 220V 500W DC12V Outdoor Charging Device,N/A,N/A,https://www.lazada.com.ph/products/pdp-i15485128407.html
【Top-Rated Product】 1626 Mini 16mm Big Coreless Motor Dc 5v-12v 17000rpm High Speed Built-In Driver Brushless Motor Bearing Pwm Speed,N/A,N/A,https://www.lazada.com.ph/products/pdp-i5414641302.html
5-blade hoist wind generator vertical axis wind power generation new energy wind turbine generator adapter,N/A,N/A,https://www.lazada.com.ph/products/pdp-i5096680187.html
【Customer favorite】 Diy Hand Electricity Generator Model Generator Faraday Electromagnetic Induction Experiment Education Toys,N/A,N/A,https://www.lazada.com.ph/products/pdp-i4488433256.html
solar pad solar panel 500w original 18V Monocrystalline Silicon Power Generation Panel solar battery heavy duty Pv Solar Module Cell Panel generator set for home with controller,N/A,N/A,https://www.lazada.com.ph/products/pdp-i4523010704.html
"【Latest model】Electromagnetic Permanent Generator Technology, Invention, , Physics Experiment Parts, Small Production, DIY",N/A,N/A,https://www.lazada.com.ph/products/pdp-i15428900245.html
Hydro Power Mini Generator 5V12,N/A,N/A,https://www.lazada.com.ph/products/pdp-i15453135052.html
chains forward teaching sways magnetic craw mother baby winds up early,N/A,N/A,https://www.lazada.com.ph/products/pdp-i15493145345.html
12V24V36V48V60V72V220V low-speed three-phase brushless AC wind generator 200 watt hydraulic power,N/A,N/A,https://www.lazada.com.ph/products/pdp-i4890540222.html
TWFlashFish Power Station 220V 200W Multi-Function Portable Big Capacity Solar Generator 48000mAhKorea,N/A,N/A,https://www.lazada.com.ph/products/pdp-i15486437136.html
"[rooqs]Electromagnetic Permanent Generator Technology, Invention, , DIY- Small Production, Physics Experiment Components",N/A,N/A,https://www.lazada.com.ph/products/pdp-i15423851425.html
Vertical axis of 36w straight 5-flow miniature 12v24v permanent magnet DC motor model of wind turbine,N/A,N/A,https://www.lazada.com.ph/products/pdp-i5279581175.html
DIY Model Generator for Electromagnetic Induction Experiment Model Generator,N/A,N/A,https://www.lazada.com.ph/products/pdp-i15418797963.html
Precision Nideco self-driven brushless motor DC motor external rotor brushless can generate 24V 38W.,N/A,N/A,https://www.lazada.com.ph/products/pdp-i5119543297.html
【SUNNY2015 SHIPPING】USB BTC Miner Solo Lottery Miner 40-50KH/S Bitcoin BTC Miner Asic Mining Low Power Miner for Home Office,N/A,N/A,https://www.lazada.com.ph/products/pdp-i15393509352.html
[Circuit board is broken] Nidec external rotor DC brushless motor without driving high-power generator motor,N/A,N/A,https://www.lazada.com.ph/products/pdp-i5295561381.html
Arrow High Pressure Washer Nozzle Power Spray Nozzle Nozzle Sprayer Car Wash Spray hose Garden Portable Water Gun with 20m hose,N/A,N/A,https://www.lazada.com.ph/products/pdp-i4386184727.html
"Electric Dust Blower,Portable Dust Cleaner,Cordless Leaf Blower ,Compressed Air Duster with Adjustable Speed,Jet Dry Blower for Cleaning,Camping,Outdoor Turbo Fan Leaf Blower 3 Wind Speed High Power Strong Wind Violent Fan",N/A,N/A,https://www.lazada.com.ph/products/pdp-i5239640937.html
220v permanent magnet DC motor Small hand-cranked mini diy power generation wind generator motor mute high power.,N/A,N/A,https://www.lazada.com.ph/products/pdp-i5150274078.html
"Small Production Electromagnetic Permanent Generator Technology, Physics Experiment Components, Invention, DIY",N/A,N/A,https://www.lazada.com.ph/products/pdp-i15426056582.html
Agricultural Use Single Phase Motor 220V,N/A,N/A,https://www.lazada.com.ph/products/pdp-i15418825671.html
4 Stroke Portable Gasoline Generator 2KW-5.5KW Manual/Electric Start Industrial Generator For Home,N/A,N/A,https://www.lazada.com.ph/products/pdp-i3418431619.html
Mulon Garden Flower Plant Pot Holder Hanger Metal Iron Art Hanging Baskets Rack Stand Great for Outdoor Patio Balcony Window Porch Garden Fence Planters Indoor Office Home Decor Hanging Plant Iron Racks Balcony Flower Pot Rack Gardening,N/A,N/A,https://www.lazada.com.ph/products/pdp-i15496103480.html
"Electromagnetic Permanent Generator Technology, Small Production, Physics Experiment Parts , Invention, , DIY",N/A,N/A,https://www.lazada.com.ph/products/pdp-i15455808908.html
Portable Grass Cutter Cordless Lawn Mower Electric Mower 48V/24V/12V Cordless Grass Trimmer with Rechargeable Lithium Battery Garden Pruning tool grass trimmer brush Cutter Adjustable lawn mower Multifunction Home grass trimmer grass cutter,N/A,N/A,https://www.lazada.com.ph/products/pdp-i3781379386.html
109600mAh Portable Super Large Capacity Power Station 220V/350W Multi-Function Outdoor Solar Generator With Solar Charging Board Heavy Duty Outdoor Generator,N/A,N/A,https://www.lazada.com.ph/products/pdp-i4821960095.html
"[BUY 1 TAKE 1] ORGANIC LOAM SOIL 8 to 10 KGs - Ready to Use - Best for Plants, Indoor, Outdoor, Common to Rare - The Dirty Gloves PH",N/A,N/A,https://www.lazada.com.ph/products/pdp-i3354204253.html
Power Station 300W/150W/100W Portable Solar Power Generator 988000mAh Super Big Capacity Quick Charge High Capacity Power Station Multifunctional Solar Generator Power Station Emergency Power With LED Light - 24H Shipping,N/A,N/A,https://www.lazada.com.ph/products/pdp-i15425753393.html
100% Authentic 50pcs Fragrant White Jasmine Seeds for Planting Flowers Seeds for Gardening Ornamental Potted Live Jasmine Plant Seeds Jasmine Flower Seeds Home Garden Decor Indoor Plant Air Plant Flowering Plants Seeds Bonsai Seeds Buto Ng Bulaklak,N/A,N/A,https://www.lazada.com.ph/products/pdp-i5152226464.html
Power Station Portable 500W 288000mAh Solar Generator Outdoor Multi-Function 220V Power Station Portable Large Capacity With Solar Panel Power Bank For Self-driving Tourist Bus Camping Homestall Backup Generator Home Emergency Power Supply,N/A,N/A,https://www.lazada.com.ph/products/pdp-i4999347547.html
Swimming Pool For Family Big Non inflatable Foldable Pool Adult/Kids Family Size Can be used indoors/outdoor,N/A,N/A,https://www.lazada.com.ph/products/pdp-i4386369339.html
Swimming Pool for Kids Sale Non-inflatable Swimming Pool Foldable Pool Adult/Kids Family Size for Garden Outdoor,N/A,N/A,https://www.lazada.com.ph/products/pdp-i5402048303.html
2026One Solar Toroidal Solar Inverter - not Snadi Snat Deye Inverter COD,N/A,N/A,https://www.lazada.com.ph/products/pdp-i15486890675.html
"Four Stroke Portable Power Generator 4kw Gasoline Generator For Home Gasoline Generator 220V/60HZ Outdoor Small Generator Engine Dual Protection System With Ultra High Performance Manual Electric Start OHV Air Cooled Generators,Big Fuel Tank Generator",N/A,N/A,https://www.lazada.com.ph/products/pdp-i4139967309.html
Portable Generator Gasoline For Home 220V Double Protection System High Efficiency Pure Copper Motor,N/A,N/A,https://www.lazada.com.ph/products/pdp-i3257921555.html
Gasoline Generator 4KW/60Hz Portable Silent Power Gasoline Generator 4 Stroke Generators 220V Home Household Outdoor Small Generator Manual Electric Start Single-Phase Generator,N/A,N/A,https://www.lazada.com.ph/products/pdp-i5040323537.html
Gasoline generator 220V frequency conversion mute portable small outdoor camping stall household single three-phase emergency 380V,N/A,N/A,https://www.lazada.com.ph/products/pdp-i4793536195.html
Gasoline generator 220V household mute small single three-phase 380v 5kw3/6/8/10kW diesel outdoor,N/A,N/A,https://www.lazada.com.ph/products/pdp-i5011879199.html
FM-P2+ Inverter WITH LIGHT + 21V to 220V Intelligent Transformer Multi-purpose Battery Inverter,N/A,N/A,https://www.lazada.com.ph/products/pdp-i5262608964.html
Heavy-Duty Cutter Precision Outdoor Tree Wood Cutting Tool,N/A,N/A,https://www.lazada.com.ph/products/pdp-i5057193443.html
Science Project Energy Conversion Generator DIY Motor Kit,N/A,N/A,https://www.lazada.com.ph/products/pdp-i5334399643.html
LUODI | 45 Steel Grade 12A with Flange Industrial Sprocket,N/A,N/A,https://www.lazada.com.ph/products/pdp-i15419109163.html
100% Authentic 80pcs High Yield Brazillian Grape Tree Seeds for Planting Rare Jaboticaba Seeds Fruit Seeds for Gardening Bonsai Brazillian Grape Seeds Brazilian Grapes Fruit Vine Plant Seeds Brazillian Grape Seedlings Bonsai Tree Lipote Fruit Live Plant,N/A,N/A,https://www.lazada.com.ph/products/pdp-i5149204890.html
[BAGSAK PRESYO] Millionaires Plant (LIVE PLANT) - Free pot and white pebbles - The Dirty Gloves PH,N/A,N/A,https://www.lazada.com.ph/products/pdp-i5266959540.html
imported bougainvillea cuttings,N/A,N/A,https://www.lazada.com.ph/products/pdp-i5215911039.html
"150W Solar Power Station | Emergency Generator for Brownout, CP, Wifi, Fan, Home Use",N/A,N/A,https://www.lazada.com.ph/products/pdp-i15449366383.html
REAIM 3000W 4-Stroke Gasoline Generator 210CC Portable Power Station with 12.5L Fuel Tank for Home Backup & Outdoor Camping,N/A,N/A,https://www.lazada.com.ph/products/pdp-i15447102039.html
Portable Gasoline Generator 2 Stroke 220V Household Home Outdoor Small Generator 950W 60Hz Ultra Quiet High Quality Max Power Output,N/A,N/A,https://www.lazada.com.ph/products/pdp-i4305560808.html
100% Authentic 45pcs American Red Maple Tree Seeds for Planting Flowers Four Seasons Acer Palmatum Bonsai Seeds Japanese Red Maple Plants Seeds Indoor Potted Ornamental Flower Plant Air Plants Bonsai Tree Live Plants for Sale Real Plant Flowers Seeds,N/A,N/A,https://www.lazada.com.ph/products/pdp-i5168802384.html
"DEWALT Turbo Fan Leaf Blower | High Power Handheld Brushless Motor Air Blower | Strong Wind, Lightweight",N/A,N/A,https://www.lazada.com.ph/products/pdp-i5396642919.html
100% Legit 5pcs High Yield Round Green Bitter Gourd Seeds for Planting Vegetables Plants Fresh Green Apple Bitter Melon Seed F1 Momordica Charantia Seeds Organic Ampalaya Balsam Pear Seeds Vegetable Seeds for Gardening Veggie Potted Seedlings (Low Bitter),N/A,N/A,https://www.lazada.com.ph/products/pdp-i5260124080.html
"10W 12V micro hydro generator, LED power supply DIY Hydropower Station",N/A,N/A,https://www.lazada.com.ph/products/pdp-i5227298360.html
bougainvillea cuttings newest varieties,N/A,N/A,https://www.lazada.com.ph/products/pdp-i5351243647.html
21V Portable Mini Intelligent Inverter Power Converter Power Station Generator,N/A,N/A,https://www.lazada.com.ph/products/pdp-i5263628510.html
Power Station 78800mAh Large Capacity Portable 200W/220V Outdoor Power Station Solar Generator,N/A,N/A,https://www.lazada.com.ph/products/pdp-i15449491433.html
【10 Year warranty】150W/350W/500W Solar Panel Charging Panel heavy duty Monocrystalline Silicon Power Generation Panel waterproof lightning high conversion rate 0 electricity bill solar,N/A,N/A,https://www.lazada.com.ph/products/pdp-i15446147157.html
Chinese Kangkong Seeds /（100seeds） Upland Kang kong / Water Spinach Seeds,N/A,N/A,https://www.lazada.com.ph/products/pdp-i4420761934.html
"100 Pcs Plastic Plant Labels - Garden Waterproof Hanging Plant Tree Tags,for Plants, Potted Plants",N/A,N/A,https://www.lazada.com.ph/products/pdp-i3998216557.html
REAIM Solar Generator Outdoor Portable multi-function Outdoor Generator 13000mah High Power Fast Charge Emergency Power Camping Motor Homes Home,N/A,N/A,https://www.lazada.com.ph/products/pdp-i5311412020.html
"Portable Solar Panel Charger With Adapter Cable Integrated Solar Panel Usb Charger Heavy Duty Solar Generator 18W 21W Solar Panel Only Folding Waterproof Outdoor Compatible with Portable Generator, Smartphones, Tablets and More",N/A,N/A,https://www.lazada.com.ph/products/pdp-i4305701959.html
【Warranty 10 Years】DC12V 128000W Ultrasonic Inverter Electric Fisher Machine High Power Inverter,N/A,N/A,https://www.lazada.com.ph/products/pdp-i5122372635.html
Professional Woodworking Saw with Sharp Teeth for Garden Outdoor and Household Use,N/A,N/A,https://www.lazada.com.ph/products/pdp-i5399925163.html
BEI JESS | Educational Beginner Piano Toy,N/A,N/A,https://www.lazada.com.ph/products/pdp-i5351600968.html
13ft x 29ft Anti-UV 95% Thick Sunshade Net Outdoor Garden Net Farm Net Greenhouse Net Sunscreen sun shade garden net,N/A,N/A,https://www.lazada.com.ph/products/pdp-i5164453446.html
Makita 6Inch Electric Chainsaw Cordless 48V 2 Li-ion Battery Rechargeable Portable Handheld Pruning Saw Wood,N/A,N/A,https://www.lazada.com.ph/products/pdp-i5162561401.html
SHARKPRO 7800i GASOLINE GENERATOR SET (BRAND NEW),N/A,N/A,https://www.lazada.com.ph/products/pdp-i5229369118.html
【With 150W Solar panel】Power Station 300W/350W/500W/800W/1000W Portable Solar Power Generator 988000mAh Super Big Capacity Quick Charge High Capacity Power Station Multifunctional Solar Generator Power Station Emergency Power With LED Light - 24H Shipping,N/A,N/A,https://www.lazada.com.ph/products/pdp-i5217007160.html
"Garden shading net, greenhouse net, farm net, green/black shading net, shading rate of 70%",N/A,N/A,https://www.lazada.com.ph/products/pdp-i5250257430.html
black Sunshade Net Shade Anti-UV Resistant 90% Waterproof Net And Shade Outdoor Garden ﻿Greenhouse,N/A,N/A,https://www.lazada.com.ph/products/pdp-i5078559858.html
Hoop Mounting Generator Gourd Wind Wind Kit with 5 X Blades for Wind Turbine Kit,N/A,N/A,https://www.lazada.com.ph/products/pdp-i5045419907.html
150W Solar Power Generator Energy Power Storage Portable Power Station Mini Generator,N/A,N/A,https://www.lazada.com.ph/products/pdp-i5035963393.html
"Portable Multi-Function Outdoor Solar Powered Generator 78,800mAh 200W 220V Big Capacity Power Station AC/DC/USB Output Emergency Power supply for Outdoor Adventure Laptop Powerbank Generator Auto Travel Home Emergency Power Supply",N/A,N/A,https://www.lazada.com.ph/products/pdp-i4365459398.html
SOARFLY Power Station Portable 220v 500w Multifunctional Solar Power Station Large Capacity solar Generator station power supply With Solar panels,N/A,N/A,https://www.lazada.com.ph/products/pdp-i5034126854.html
Fully Hand Forged Manganese Steel Weeding Tool Agricultural Garden Multifunctional Mowing Tools,N/A,N/A,https://www.lazada.com.ph/products/pdp-i5203694127.html
Lepmerk 800W Wind Generator Controller Wind Turbine Controller Simple Wiring Good Sealing IP67 Protection 12V 24V for Power Application,N/A,N/A,https://www.lazada.com.ph/products/pdp-i15427909774.html
BOSTO Wind Turbine Controller IP67 Waterproof 48V Aluminium Alloy Modular Design Winds Generator Regulator Good Sealing for Power,N/A,N/A,https://www.lazada.com.ph/products/pdp-i15416449094.html
Gasoline generator 380V220 dual voltage outdoor household small single three-phase 5KW6/8/10KW frequency conversion,N/A,N/A,https://www.lazada.com.ph/products/pdp-i4811433109.html
Gasoline generator 220V household small single three-phase 380v dual voltage 5kw6/8/10kW frequency conversion outdoor.,N/A,N/A,https://www.lazada.com.ph/products/pdp-i5299548892.html
2026JANTECH EG-013 100W Solar Power Station | Portable Generator for Typhoon & Blackout | Laptop PhoneCOD,N/A,N/A,https://www.lazada.com.ph/products/pdp-i15486871580.html
"diymore 50KV 400KV 500KV 800KV 1000KV Arc generator module, inverter transformer, pulse module, arc inverter generator, module",N/A,N/A,https://www.lazada.com.ph/products/pdp-i1018794757.html
"E&R agri shop. Magneto stator flywheel 178f/186f/186fa/188f/192/195f, for electric start single piston aircooled diesel engine and generator.",N/A,N/A,https://www.lazada.com.ph/products/pdp-i4572358342.html
⭐️6.6 Mega Sales⭐️B0SCH Portable Solar Panel Foldable Solar Charger Panel for Power Station / Generator / Outdoor Camping Solar Charging,N/A,N/A,https://www.lazada.com.ph/products/pdp-i15432679418.html
REAIM 20L Knapsack Sprayer Rechargeable 2-IN-1 Electric & Manual Sprayers Agricultural With 4KG Lead batteries Long Life,N/A,N/A,https://www.lazada.com.ph/products/pdp-i4279937336.html
Pneumatic vacuum generator ZU05S ZU07S ZU05L manipulator ZU07L linear tube negative pressure generator,N/A,N/A,https://www.lazada.com.ph/products/pdp-i5027102327.html
Portable power station solar generator backup power supply 220v lcd display led light usb type c camping emergency matibay sulit,N/A,N/A,https://www.lazada.com.ph/products/pdp-i15494049482.html
【0 Electricity Bill】Portable power 450W 109600mAHmAH Station Outdoor Portable Solar Powered Generator 220V Solar Generator,N/A,N/A,https://www.lazada.com.ph/products/pdp-i15484087668.html
80W DC generator motor dual-purpose motor DC 12-24V table saw special motor DIY electric drill motor,N/A,N/A,https://www.lazada.com.ph/products/pdp-i5096816294.html
AC Motor CCW/CW Direction Synchronous Electric Transmission AC 220‑240V 4W 6RPM 48mm Synchronous Motor for Air Blower 4W Geared Motor 220-240V Egg Turner Motor Synchronous Motor for Incubator Eggs Tray 2.5/3RPM CW/CCW,N/A,N/A,https://www.lazada.com.ph/products/pdp-i4139768037.html
"2026Morita Shop 600W/558,800mAh Power Station 3 Month WarrantyCOD",N/A,N/A,https://www.lazada.com.ph/products/pdp-i15486833720.html
Oral-B | Micro Generator Motor 100V DC Permanent Magnet Motor,N/A,N/A,https://www.lazada.com.ph/products/pdp-i15433272306.html
Precision Nideco self-driven brushless motor DC motor external rotor brushless can generate 24V 38W.,N/A,N/A,https://www.lazada.com.ph/products/pdp-i5041913920.html
【Latest model】Hand-Cranked Dynamo Mini Hand-Cranked Generator Emergency Outdoor Portable Power Bank,N/A,N/A,https://www.lazada.com.ph/products/pdp-i15447135910.html
Portable Gasoline Generator 2 Stroke 220V Household Home Outdoor Small Generator 950W 60HZ Ultra Qulet High Quality Max Power Output,N/A,N/A,https://www.lazada.com.ph/products/pdp-i5372133603.html
"Germany imported 220v permanent magnet DC motor, small hand-cranked mini diy power generation wind generator, static motor.",N/A,N/A,https://www.lazada.com.ph/products/pdp-i5054454640.html
【auj mall】For 0406-0972-01 Door Latch T-Handle Kit with 2 Keys for Generator Units,N/A,N/A,https://www.lazada.com.ph/products/pdp-i5303996303.html
Spray Nozzle High Pressure Water Adjustable Straight Nozzle High Pressure Sprinkler Connector Hose Sprinkler For Cleaning Car Washer Garden Watering,N/A,N/A,https://www.lazada.com.ph/products/pdp-i4299157604.html
NANWEI Power Station 220V 350W Power Station 109600mah Multi-function Portable Big Capacity Solar Generator 200W Home Emergency Power Banks Outdoor Power Tools,N/A,N/A,https://www.lazada.com.ph/products/pdp-i5084493330.html
Threaded Vaccum Generator 1 分,N/A,N/A,https://www.lazada.com.ph/products/pdp-i15442345472.html
【Latest model】BTC Solo Miner 40KH/S Lottery Miner Bitcoin Mini Miner Asic Mining Miner for Home,N/A,N/A,https://www.lazada.com.ph/products/pdp-i15471904372.html
MOSHITO JAPAN Knapsack Electric Battery Power Sprayer HEAVY DUTY,N/A,N/A,https://www.lazada.com.ph/products/pdp-i2092813476.html
Oral-B | Pulse Arc Generator Inverter,N/A,N/A,https://www.lazada.com.ph/products/pdp-i15436549309.html
Household sk5 Hand saw Wooden saw Fruit tree pruning saw portable shell carpentry saw Waist saw,N/A,N/A,https://www.lazada.com.ph/products/pdp-i4546615261.html
22L/15L Knapsack Electric Sprayer Multi-Purpose Agriculture Power Sprayer Rechargeable Gardening/Disinfectant Electric Sprayer Portable Electric Pesticide Spray,N/A,N/A,https://www.lazada.com.ph/products/pdp-i5256423617.html
Wind Generator 12M/S Rated Wind Speed Heat Resistant 5 Blades Wind Turbines Kit 1200W for Charging Boats Terraces for Cabins or Mobile Homes,N/A,N/A,https://www.lazada.com.ph/products/pdp-i15499084241.html
1Pc Wind Generator Conductive Slip Ring 2-8 Wires 10A 250Rpm 220VDC/AC FOR Wind Turbine Diameter 22MM Wind Generator Electrical Circuitry .,N/A,N/A,https://www.lazada.com.ph/products/pdp-i3890239523.html
wired 12/16 inches electric mini chainsaw portable wood cutting logging Small household handheld wooden saw,N/A,N/A,https://www.lazada.com.ph/products/pdp-i4469231213.html
ELITEYA Indoor Outdoor Pool Accessories Rainproof Dust Cover Heat Insulation Film Rectangular Pool Cover Tarpaulin Swimming Pool Cover Pool Solar Tarpaulin Swimming Pool Protection,N/A,N/A,https://www.lazada.com.ph/products/pdp-i5306167112.html
NSS Power station 220v 300w power station multi-function portable big capacity solar generator station,N/A,N/A,https://www.lazada.com.ph/products/pdp-i5090200824.html
Solar Panel Aluminum Solar End Clamp PV Mounting Bracket Z Clips for Mounting Solar Panel,N/A,N/A,https://www.lazada.com.ph/products/pdp-i3971265862.html
REAIM 12 Inches Electric Chain Saw Cordless Chainsaw Lithium Electric Saw owerful Battery Saw Wood Saw Portable plastic box Garden Portable Cutting Tool for Makita Battery,N/A,N/A,https://www.lazada.com.ph/products/pdp-i4758368549.html
Solar Power Generator 150W With Solar Panel Large Capacity Outdoor Portable Power Station Travel Camping Home Emergency,N/A,N/A,https://www.lazada.com.ph/products/pdp-i5259527237.html
Pool Filter Balls Eco-friendly Swimming Pool Cleaning Filter Media Fiber Cotton Balls Alternative to Sand Filters,N/A,N/A,https://www.lazada.com.ph/products/pdp-i4656717904.html
9m Length Plastic Garden Grass Lawn Edge Edging Border Fence Wall Driveway Roll Path,N/A,N/A,https://www.lazada.com.ph/products/pdp-i4303761871.html
DY Faucet Kit Fitting Gardening Supplies Bulkhead Accessories Bucket Spigot Outdoors 3/4 Inch Rain Poke For Water Tanks Aquariums Tubs Barrel,N/A,N/A,https://www.lazada.com.ph/products/pdp-i4503671566.html
Gasoline generator 220V household small single-phase 3kW/5/6/8/10kW three-phase 380V outdoor mute,N/A,N/A,https://www.lazada.com.ph/products/pdp-i4781902962.html
Gasoline generator 220v high power single-phase 380v three-phase 5/6kW 10Kw household small portable.,N/A,N/A,https://www.lazada.com.ph/products/pdp-i5022421572.html
The national general agent rhubarb dog 2-6s 450mah 100C crossing machine lithium battery flying circle machine indoor.,N/A,N/A,https://www.lazada.com.ph/products/pdp-i5098025310.html
Gasoline Generator Double Cylinder Portable Gasoline Generator 4 Stroke Engine Open Type Recoil Household Home Outdoor Small Generator New High Quality Powerful Generator,N/A,N/A,https://www.lazada.com.ph/products/pdp-i2633468383.html
2 Packs of Drive Wheels for HRJ216 HRJ215 HRJ196 Mowers Superior Durability,N/A,N/A,https://www.lazada.com.ph/products/pdp-i5243057189.html
[tfsdfvd]DIY Model Generator for Electromagnetic Induction Experiment Model Generator,N/A,N/A,https://www.lazada.com.ph/products/pdp-i15433360184.html
Lepmerk High Voltage Generator DC4.8V-6V High Voltage Generator 50kV-800kV Super Electric Arc Module,N/A,N/A,https://www.lazada.com.ph/products/pdp-i4895503722.html
Pneumatic vacuum generator cv/ev-10/15/20/25/30hsck large flow and large suction negative pressure generator,N/A,N/A,https://www.lazada.com.ph/products/pdp-i5045898369.html
Professional Pruning Shears,N/A,N/A,https://www.lazada.com.ph/products/pdp-i5371559866.html
PATGEAR | Emergency Escape Window Breaker And Seatbelt Cutter Vehicle Safety Tool,N/A,N/A,https://www.lazada.com.ph/products/pdp-i5367733130.html
Lepmerk Wind Solar Hybrid Charge Generator Solar Intelligent 12/24V Wind Energy Durable Stable Wind Solar Hybrid Charge Controller for Industrial for Charge Batteries,N/A,N/A,https://www.lazada.com.ph/products/pdp-i15456060843.html
"1PCS 16"" Compass Saw Wooden Handle",N/A,N/A,https://www.lazada.com.ph/products/pdp-i2045938311.html
16L/20L Knapsack Electric Sprayer Agriculture Rechargeable Automatic Agricultural Power Sprayer,N/A,N/A,https://www.lazada.com.ph/products/pdp-i4957235315.html
SUPER SHARP SAW Japanese mini handle steel saw for wood cutting wood saw SK5 Saw in a narrow position lagaring pang kahoy original Hand Saws for Tree Trimming Outdoor Portable Garden Multi-Function Saw with Balde Mini Cutting Tool,N/A,N/A,https://www.lazada.com.ph/products/pdp-i4797725659.html
OUSHIDUN | Rustic Bird Wind Chime Decor Metal Painted Glass Hummingbird Dragonfly,N/A,N/A,https://www.lazada.com.ph/products/pdp-i15400206116.html
100% Original 80pcs Brazillian Grape Tree Seeds Rare Jaboticaba Seeds for Planting - High Yield Bonsai Brazillian Grape Fruit Seeds Jaboticaba Brazilian Grapes Fruit Vining Plant Seeds Potted Lipote Fruit Tree Real Jaboticaba Seedlings Easy To Grow Fruits,N/A,N/A,https://www.lazada.com.ph/products/pdp-i5110859270.html
Educational Baby Wind Instrument Toy,N/A,N/A,https://www.lazada.com.ph/products/pdp-i15436605225.html
【liuxiaomei】DIY Model Generator for Electromagnetic Induction Experiment Model GeneratorHope you have a pleasant shopping experience<br><br>,N/A,N/A,https://www.lazada.com.ph/products/pdp-i5354308954.html
Steel Matting Vertical Garden Mesh Wire Steel Thick White Steel Matting,N/A,N/A,https://www.lazada.com.ph/products/pdp-i3959144043.html
Hand Crank Driven Electricity Generator Mechanical Emergency Power Supply,N/A,N/A,https://www.lazada.com.ph/products/pdp-i4671135513.html
DIN Rail C45 Metal Mounting Rail 35MM x 1.2MM Zinc Galvanized DIN Mounting Rail Grooved Metal DIN Fixed Rail - QFX Depot,N/A,N/A,https://www.lazada.com.ph/products/pdp-i4447481846.html
Swimming pool for kids NO Inflatable No Pump big size Foldable Efficient Drainage swimming pool for kids family pool sale,N/A,N/A,https://www.lazada.com.ph/products/pdp-i4954407136.html
【Fast delivery】Anti-UV Sun shade Net Outdoor garden shade Cloth garden net shade for plants 90% UV-resistant heat-resistant Sunshade Net Sunblock Shade Cloth Net Plant,N/A,N/A,https://www.lazada.com.ph/products/pdp-i3451559075.html
Wind power generator hand generator motor 220v DC motor high power motor high torque.,N/A,N/A,https://www.lazada.com.ph/products/pdp-i5071303362.html
Micro External Combustion Engine Generator Model,N/A,N/A,https://www.lazada.com.ph/products/pdp-i15447236422.html
2000W wind turbine grid-connected inverter wind power generation DC45-90V AC190-260V with WIFI.,N/A,N/A,https://www.lazada.com.ph/products/pdp-i4798677624.html
Nidec 24V self-driven brushless motor DC motor external rotor brushless generator double balls,N/A,N/A,https://www.lazada.com.ph/products/pdp-i4387886956.html
Fujihama Knapsack Battery Sprayer FT16B,N/A,N/A,https://www.lazada.com.ph/products/pdp-i3784624304.html
Pure Sine Wave Inverter 1000W-3000W,N/A,N/A,https://www.lazada.com.ph/products/pdp-i15466510628.html
Cherry Blossom tree Live SEEDLING PLANT BALAYONG PLANT 1-2ft tall! Live plant! BUY 2 PLUS 1 FREE!!!,N/A,N/A,https://www.lazada.com.ph/products/pdp-i5152109696.html
5X Makapal Sun Shade Garden Net 6x6m outdoor garden farm plant greenhouse net Car shed sunshade tent,N/A,N/A,https://www.lazada.com.ph/products/pdp-i5009876415.html
[Buy 1 take 1]sunshade net Outdoor garden net weather net outdoor plants UV protection sunshade net greenhouse sunshade net sunscreen car cover sunshade cloth cover 90% shading rate,N/A,N/A,https://www.lazada.com.ph/products/pdp-i3845246726.html
【SHINMAX】Portable Gasoline Generator For Home 220V60HZ Double Protection System High Efficiency Pure,N/A,N/A,https://www.lazada.com.ph/products/pdp-i3947804592.html
Portable 4-Stroke 2200W/60Hz Gasoline Generator Durable Low Fuel Low NoiseOutdoor/Household/Emergency High Quality Multiple Protection All-Copper Motor New Powerful Generator,N/A,N/A,https://www.lazada.com.ph/products/pdp-i15413179883.html
GARRYFIZH Wind Turbine Controller 12V/24V 300W/600W Waterproof Wind Turbine Generator Charge Controller Regulator,N/A,N/A,https://www.lazada.com.ph/products/pdp-i15482610843.html
REAIM 4000W 4-Stroke Gasoline Generator Household Outdoor Small Generator Dual Protection Air Cooled High Quality Max Power Output Gasoline Generator,N/A,N/A,https://www.lazada.com.ph/products/pdp-i5300447160.html
INXX Black/Brown Sunshade net shade sunshade outdoor waterproof sun shade net garden net 97% Sunblock Shade Cloth Net,N/A,N/A,https://www.lazada.com.ph/products/pdp-i4371105996.html
Power Station Portable 220v 150w With Solar Panel Multi-function Big Capacity Generator Outdoor Travel Home Emergency,N/A,N/A,https://www.lazada.com.ph/products/pdp-i5206911713.html
Portable Power Station Solar Generator 960000mAh Large Capacity 300W 220V Portable Outdoor Generator Home Emergency Power Powerbank Power Station with solar panel,N/A,N/A,https://www.lazada.com.ph/products/pdp-i4357933316.html
15M High Pressure Water Hose 5/10/15M with Spray Nozzle Portable Car Wash Gun for Garden Home PVC,N/A,N/A,https://www.lazada.com.ph/products/pdp-i5268808339.html
Gasoline generator household low noise and energy saving 3kw small single-phase 220V three-phase 380v 5/6/8kW/10kW,N/A,N/A,https://www.lazada.com.ph/products/pdp-i5025274139.html
Gasoline generator 220V household small single three-phase 380v dual voltage 5kw6/8/10kW frequency conversion outdoor.,N/A,N/A,https://www.lazada.com.ph/products/pdp-i5126080575.html
Flexible Cold-Resistant Water Hose for Car Washing and Gardening 1,N/A,N/A,https://www.lazada.com.ph/products/pdp-i15415945365.html
LazaraMall MOT ELECTRIC ENGINE DC DIY Voltage Dynamo Generator,N/A,N/A,https://www.lazada.com.ph/products/pdp-i3297189382.html
220v permanent magnet DC motor Small hand-cranked mini diy power generation wind generator motor mute high power.,N/A,N/A,https://www.lazada.com.ph/products/pdp-i4831205384.html
Portable Power Station Explorer 220V/150W Solar Generator Backup Lithium Battery Generator,N/A,N/A,https://www.lazada.com.ph/products/pdp-i15465386313.html
MUSLADY Solar Generator Portable Generators Widely Used Multifunctional Low Power for RV Outdoor Camping,N/A,N/A,https://www.lazada.com.ph/products/pdp-i15478960498.html
Pneumatic vacuum generator cv/ev-10/15/20/25/30hsck large flow and large suction negative pressure generator,N/A,N/A,https://www.lazada.com.ph/products/pdp-i5114653458.html
ciiemen | Quiet Brushless DC 3-Phase Generator 220V,N/A,N/A,https://www.lazada.com.ph/products/pdp-i15442841925.html
【0 Electricity Bill】Portable Multi-Function Solar Power Station Portable Solar Generator multifunction Big Capacity Solar For Wifi Router Laptop,N/A,N/A,https://www.lazada.com.ph/products/pdp-i15465324104.html
"Portable Power Station 76.8Wh Solar Generator 150W – 6 Output Ports, Fast Charging",N/A,N/A,https://www.lazada.com.ph/products/pdp-i15465344797.html
Simple Gas Generator Small-sized Qipu Generator Making Carbon Dioxide and Hydrogen Small-sized Device Teaching Instruments Glass Instruments Experimental Supplies in Junior High School and High School Laboratories,N/A,N/A,https://www.lazada.com.ph/products/pdp-i4958011152.html
4KW Generator For Home Gasoline Generator 220V/60HZ Outdoor Small Generator High Quality,N/A,N/A,https://www.lazada.com.ph/products/pdp-i4627033431.html
MEISITEKEKE | Stable 12V DC Mini Water Power Generator,N/A,N/A,https://www.lazada.com.ph/products/pdp-i15414368449.html
Oral-B | CNC Control Handwheel Pulse Generator,N/A,N/A,https://www.lazada.com.ph/products/pdp-i15442393895.html
Professional Hair Dryer Nozzle Concentrator Flat Tip Thickened,N/A,N/A,https://www.lazada.com.ph/products/pdp-i15450133056.html
Tornado Science Experiment Kit Educational Toy,N/A,N/A,https://www.lazada.com.ph/products/pdp-i15423168781.html
78800mAH 200W 220V Solar Generator Multi-Function Portable Big Capacity Power Station AC/DC/USB Output Solar Generator Emergency Power supply for CPAP Outdoor Adventure Laptop Powerbank 220V Portable Generator Auto Travel Home Emergency Power Supply,N/A,N/A,https://www.lazada.com.ph/products/pdp-i3527535564.html
Lepmerk Electricity Generator Emergency Charger Hand Crank Driven for Experiments Education Kits,N/A,N/A,https://www.lazada.com.ph/products/pdp-i4670965468.html
Risym | Mini High-speed DC Motor,N/A,N/A,https://www.lazada.com.ph/products/pdp-i5404844543.html
[Chinatera Malll] 600ML Smoothies Fast Mixing Machine USB Charging for Home Office,N/A,N/A,https://www.lazada.com.ph/products/pdp-i15491113177.html
"MENGMIAN | Gasoline Generator with Anti-loosening Socket for US, EU, and Japanese Standards",N/A,N/A,https://www.lazada.com.ph/products/pdp-i5257076363.html
12V Regulated DC Micro-Type Hydro Generator Small Generator Water Flow Air Pressure Generator Faucet Power,N/A,N/A,https://www.lazada.com.ph/products/pdp-i5215261368.html
Solar Hanging Display Motor Rotating Small Motor Solar Energy Wind Spinner Motor Multi-Purposes Rotatable Hook 2Pcs,N/A,N/A,https://www.lazada.com.ph/products/pdp-i5265757127.html
Sunshade Net Waterproof BUY 1 TAKE 1 Garden Net WITH ROPE Cooling Net Japan Black Multi function Smart Weather Net Shade Net Anti-Uv 90% Net Shade Outdoor Waterproof Swimming Pool Cover Farm Net Sunshade Outdoor Waterproof Fado,N/A,N/A,https://www.lazada.com.ph/products/pdp-i4478975219.html
Solar Power Station 150W 220V for Home Blackout Backup Portable Solar Generator for Fan/Light/Phone,N/A,N/A,https://www.lazada.com.ph/products/pdp-i15465451883.html
Generator Assembly,N/A,N/A,https://www.lazada.com.ph/products/pdp-i15439496892.html
High Pressure Washer Nozzle Power Spray Nozzle Nozzle Sprayer Car Wash Spray hose Garden Portable Water Gun with 10m hose,N/A,N/A,https://www.lazada.com.ph/products/pdp-i4288206551.html
K7Xd-3420 30W High Speed Cw/Ccw Permanent Magnet Dc Motor For Diy Generator,N/A,N/A,https://www.lazada.com.ph/products/pdp-i5258474469.html
MEI DIAN Power Station 300W Portable Multifunctional Solar Power Station 96000mAh Large Capacity Generator,N/A,N/A,https://www.lazada.com.ph/products/pdp-i15465068446.html
Makita 9980VF Cordless Leaf Blower Dust Collector Sweeper Garden Tools 30000RPM 6-speed Cordless Electric Air Blower,N/A,N/A,https://www.lazada.com.ph/products/pdp-i5146072451.html
350W 109600mAh Portable Power Station Large Capacity Outdoor Solar Powerbank Large Capacity Inverter Solar Generator 220V Fast Charge Portable Solar Generator Storage Emergency Power With 30W Solar Charging Board,N/A,N/A,https://www.lazada.com.ph/products/pdp-i4933549248.html
"DEKES Portable 4000W Gasoline Generator 4-Stroke 220V 60Hz Electric/Manual Start for Home & Outdoor Use, All-Copper",N/A,N/A,https://www.lazada.com.ph/products/pdp-i4867248231.html
"Portable 4000W Gasoline Generator 4 Stroke Single-Phase Generator 220V/60Hz Silent Power Gasoline Generator 4kw Household Outdoor Small Generator Dual Protection System For Outing, Brownout, Agriculture, Vacation, Manual Electric Start Portable Generator",N/A,N/A,https://www.lazada.com.ph/products/pdp-i4104585105.html
KEELAT Cordless Portable Mini Smart Inverter Power Converter Power Station Generator 2 PORTS 220V + USB 21V,N/A,N/A,https://www.lazada.com.ph/products/pdp-i5150643065.html
"REAIM Industrial Gasoline Engine 4-Stroke Air Cooled,8.5HP-18HP High Power High Speed 3600RPM Power Motor for Pump Generator",N/A,N/A,https://www.lazada.com.ph/products/pdp-i5320713766.html
2 PORTS 220V + USB 21V Portable Mini Intelligent Inverter Power Converter Power Station Generator,N/A,N/A,https://www.lazada.com.ph/products/pdp-i5201765926.html
【12 inches】Cordless Electric Chainsaw 888VF/1088VF Mini Chainsaw Pure copper motor Cordless Chainsaw Durable&Powerful cutting Easily cut wood Handheld Chainsaw Portable chainsaw,N/A,N/A,https://www.lazada.com.ph/products/pdp-i5099510324.html
"Cordless Mini Inverter Power Generator 220V - Smart Portable Converter with 2 Ports & 21V USB, Emergency Backup",N/A,N/A,https://www.lazada.com.ph/products/pdp-i5264192012.html
TaskTool Knapsack Electric Sprayer 3-in-1 Rechargeable Agriculture Sprayer Automatic Manual Stirring Gardening Power Tools Agricultural Power Sprayer 16L/20L,N/A,N/A,https://www.lazada.com.ph/products/pdp-i4560074883.html
Lepmerk Waterproof Wind Turbine Generator Charge Controller Regulator FW12/24,N/A,N/A,https://www.lazada.com.ph/products/pdp-i15440264071.html
"REAIM 650/1000/3000W Portable Gasoline Generator, 4-Stroke Engine with Universal Outlet for Home Outdoor Camping and Emergency Power Supply",N/A,N/A,https://www.lazada.com.ph/products/pdp-i5301914324.html
【Local Shipping】10W 12V Micro-hydro Water Turbine Generator Water Hydroelectric DIY LED Power,N/A,N/A,https://www.lazada.com.ph/products/pdp-i5099524940.html
Longpeng gasoline generator 220V household mini mute frequency conversion 2/3KW RV outdoor camping portable,N/A,N/A,https://www.lazada.com.ph/products/pdp-i5019499576.html
【liuxiaomei】Micro-Hydro Generator 10W DC Water Generator Turbine Generator Hydroelectric Tap Water Hydraulic DIYHope you have a pleasant shopping experience<br><br>,N/A,N/A,https://www.lazada.com.ph/products/pdp-i5304614991.html
【Lanbao】3-month extended warranty 3-month virtual extended warranty 3-month virtual extended warranty 3-month extended warranty 3-month virtual extended warranty 3-month warranty Power Station Big Capacity Powerbank Multi-functional Solar Generator,N/A,N/A,https://www.lazada.com.ph/products/pdp-i15489223351.html
Portable Power Station 500W/220V Multi-functional Power Station Large Capacity Solar Generator,N/A,N/A,https://www.lazada.com.ph/products/pdp-i15480477192.html
BX50H cabinet box control generator diesel meter digital engine controller generator function Multi GM50H,N/A,N/A,https://www.lazada.com.ph/products/pdp-i4208436419.html
Aecoway | Sugary-free Low-fat Meal Replacement Protein Bars,N/A,N/A,https://www.lazada.com.ph/products/pdp-i5405301021.html
Besee | Learning Bike Auxiliary Wheels Support Balance,N/A,N/A,https://www.lazada.com.ph/products/pdp-i5328568535.html
Gasoline Saw Original Germany 20/22/24 inches Portable High Power electric saw 58CC/4.2KW original Gasoline saw Mini Portable Power Saws,N/A,N/A,https://www.lazada.com.ph/products/pdp-i4291757345.html
[24 Hours Ship] Sunshade Net Anti-UV 90% Outdoor Garden 18 Pin Net Farm Net Greenhouse Net Sunscreen Sunshade Shelter Pergola Canopy Sun Cover Agriculture Greenhouse,N/A,N/A,https://www.lazada.com.ph/products/pdp-i3848405095.html
Outdoor Portable Solar Panel Electric Generator 3 LED Bulb Power System Kit,N/A,N/A,https://www.lazada.com.ph/products/pdp-i5227734212.html
Portable Mini Smart Inverter 21V to 220V Power Converter with USB Port for Brownout Emergency Outdoor Camping,N/A,N/A,https://www.lazada.com.ph/products/pdp-i5352107142.html
[LA1R]Portable Dynamo Power Generator Portable Dynamo Power Generator for Outdoor Camping,N/A,N/A,https://www.lazada.com.ph/products/pdp-i15395443144.html
SHINMAX Portable Gasoline Generator 1000W 1500W 4800W Household Home Outdoor Small Generator Ultra Quiet High Quality,N/A,N/A,https://www.lazada.com.ph/products/pdp-i4398848514.html
100% Original 10pcs Fresh Bonsai Rambutan Tree Seeds for Sale Dwarf Rambutan Tree Plant Seeds for Planting Fruits Edible Rambutan Fruit Seeds Tropical Rambutan Seedlings Garden Indoor Potted Rambutan Live Plant Fruit Bearing Tree Seeds Fast Growing Trees,N/A,N/A,https://www.lazada.com.ph/products/pdp-i5144755416.html
Portable Gasoline Generator 2 Stroke 220v Household Home Outdoor Small Generator 950W 60HZ Ultra Quiet High Quality Max Power Output Strong Endurance All-copper Generator Set,N/A,N/A,https://www.lazada.com.ph/products/pdp-i5072880301.html
REAIM 16L/20L Knapsack Electric Sprayer Agriculture Rechargeable Sprayer Gardening Power,N/A,N/A,https://www.lazada.com.ph/products/pdp-i5345950211.html
MINGRENBANG | Light-up Magnetic Spinning Yo-Yo,N/A,N/A,https://www.lazada.com.ph/products/pdp-i15423689827.html
Automatic inverter 12V 220V 220W/500W/1000W Inverter convert power 12V to 220V,N/A,N/A,https://www.lazada.com.ph/products/pdp-i15435497054.html
Es500c Portable Outdoor generator 80000mAh 500W UPS Emergency Power laptop powerbank power station solar inverter Pure Sine Wave 60hz Jackdshop,N/A,N/A,https://www.lazada.com.ph/products/pdp-i316188102.html
FIREFLY ECL820DL CIRCULAR TUBE 20W,N/A,N/A,https://www.lazada.com.ph/products/pdp-i4547044628.html
Solar Hanging Display Motor Rotating Small Motor Solar Energy Wind Spinner Motor Multi-Purposes Rotatable Hook 2Pcs,N/A,N/A,https://www.lazada.com.ph/products/pdp-i5250549986.html
Kawasaki 2 stroke Grass Cutter TD40 Clutch Shoe Spare Parts,N/A,N/A,https://www.lazada.com.ph/products/pdp-i3000501736.html
MW KBPC3510 35A 1000V Single Phase Diode Bridge – Metal Case,N/A,N/A,https://www.lazada.com.ph/products/pdp-i3266580472.html
288000mAh Solar Generator 500W /220V Multi-Function Portable Big Capacity Power Station Solar Powered Generator Heavy Duty Outdoor Power Bank For Travel Camping Home Emergency Power Support AC/DC/USB Output With + 45W Solar Panel,N/A,N/A,https://www.lazada.com.ph/products/pdp-i4678743262.html
Portable Gasoline Generator 2 Stroke 220v Household Home Outdoor Small Generator 950W 60HZ Ultra Quiet High Quality Max Power Output,N/A,N/A,https://www.lazada.com.ph/products/pdp-i4200116828.html
Nidec 24V self-driven brushless motor DC motor external rotor brushless generator double balls,N/A,N/A,https://www.lazada.com.ph/products/pdp-i5129135548.html
2PACK 100PCS Mixed Portulaca Seed Moss Rose Flower Seeds for Gardening Bonsai Seeds for Planting Flowers Potted,N/A,N/A,https://www.lazada.com.ph/products/pdp-i3667211165.html
Andoer FO5-12/24V 500W Wind Turbine Generator Controller Waterproof Battery Charging Regulator,N/A,N/A,https://www.lazada.com.ph/products/pdp-i15491828459.html
PENGGONG FRP Wind Turbine Blade Repeller 580mm Suitable for Small Wind Power Generators,N/A,N/A,https://www.lazada.com.ph/products/pdp-i15468774065.html
"TOP.1 New 36"" inches Portable Chainsaw Gasoline Chainsaw Original Steel Chainsaw Power Tools",N/A,N/A,https://www.lazada.com.ph/products/pdp-i5407304982.html
Original STHIL Chainsaw 24 Inches Chain Saw 9.9KW High Power Original Steel Chainsaw Germany Mini 070 Chainsaw,N/A,N/A,https://www.lazada.com.ph/products/pdp-i5168415346.html
JOYUHON 6000W Solar System Inverter Built-in Solar Controller 18W Solar Panel with 4 USB Charger and 2 Universal Socket,N/A,N/A,https://www.lazada.com.ph/products/pdp-i2939505517.html
HONDA 24 Inches Gasoline Chainsaw High Power Original Imported Portable Chainsaw Steel Mini Power Saw Metal Tool,N/A,N/A,https://www.lazada.com.ph/products/pdp-i5318625929.html
4000W Gasoline Generator 4-Stroke Portable Power Generator For Home High Power 220V/60Hz Manual Electric Start Generator German Technology Dual Protection System With Ultra High Performance OHV Air Cooled Generators,N/A,N/A,https://www.lazada.com.ph/products/pdp-i4626822740.html
DEKES Power Station Multi-Function Portable Big Capacity Solar Generator Power Station 220V 150/200/300W,N/A,N/A,https://www.lazada.com.ph/products/pdp-i5391570155.html
DOKIO Solar Power Generation System Dual USB Solar Panel 4000W Power Inverter 12v to 220 with LED Battery Display 100A Solar Charge Controller home appliances,N/A,N/A,https://www.lazada.com.ph/products/pdp-i3217610378.html
300W 96000mAh Portable Outdoor Solar Generator Fast Charge Large Capacity Power Station With Solar Charging Board support AC/DC/USB Output Multifunction Generator Portable Power Station 220V Outdoor Car Travel Camping Home Emergency Power Supply,N/A,N/A,https://www.lazada.com.ph/products/pdp-i4590122830.html
Gasoline Generator Four Stroke Portable Power Generator For Home 4000W Strong Power 220V/60Hz Manual Electric Start Generator German Technology Dual Protection System With Ultra High Performance OHV Air Cooled Generators,N/A,N/A,https://www.lazada.com.ph/products/pdp-i4345225562.html
Outdoor Hand-Cranked Generator Large Capacity Power Supply 220V Camping Mobile Power 150W Household Appliance Power,N/A,N/A,https://www.lazada.com.ph/products/pdp-i5078568340.html
Yisheng | Home Use High Power Generator,N/A,N/A,https://www.lazada.com.ph/products/pdp-i15445258918.html
Water Jet Car Wash Gun High Pressure Spray Watering Hose Nozzle Sprinkler For Home Garden,N/A,N/A,https://www.lazada.com.ph/products/pdp-i4299140587.html
【Weliba】 Easily Convert Your Generator with This and Natural Gas Carburetor Kit [New Products Hot Sale],N/A,N/A,https://www.lazada.com.ph/products/pdp-i15456608832.html
NSS PORTABLE POWER STATION 300W NS-2579,N/A,N/A,https://www.lazada.com.ph/products/pdp-i15484631291.html
Solar Hanging Display Motor Rotating Small Motor Solar Energy Wind Spinner Motor Multi-Purposes Rotatable Hook 2Pcs,N/A,N/A,https://www.lazada.com.ph/products/pdp-i5251708720.html
YAMADA Electric Knapsack Sprayer,N/A,N/A,https://www.lazada.com.ph/products/pdp-i978192808.html
MAKITA 6 Inch Cordless Gardening Portable Electric Chainsaw Pruning Chain Saw Wood Cutter One-Hand Saw Woodworking Power Tools With 2 Battery,N/A,N/A,https://www.lazada.com.ph/products/pdp-i5319769394.html
JIMBIAO precision motor 2KW-3KW gasoline generator special 170F engine original hand pull plate.,N/A,N/A,https://www.lazada.com.ph/products/pdp-i4951998622.html
REAIM 4-Stroke Portable Power Generator 4000W Gasoline Generator For Home High Power High Quality Powerful Generator With Ultra High Performance OHV Gasoline generator,N/A,N/A,https://www.lazada.com.ph/products/pdp-i5168969470.html
XINBAI | Soft Throwable Three-leaf Boomerang,N/A,N/A,https://www.lazada.com.ph/products/pdp-i5367641834.html
XIXIANGZI | Window Screen Stainless Steel Track Roller,N/A,N/A,https://www.lazada.com.ph/products/pdp-i15449893665.html
220v permanent magnet DC motor Small hand-cranked mini diy power generation wind generator motor mute high power.,N/A,N/A,https://www.lazada.com.ph/products/pdp-i5048288044.html
Gasoline Generator Portable All-copper Four-Stroke 4Stroke 4000W High Power Low Noise -High Quality,N/A,N/A,https://www.lazada.com.ph/products/pdp-i15462420163.html
Silent Portable Generator inverter FERREX 4stroke 220v digital frequency inverter 1200w Gasoline Generator 220v Household Home Outdoor Small Generator High Quality Powerful Generator,N/A,N/A,https://www.lazada.com.ph/products/pdp-i2911890711.html
Outdoor Solar Pool Lights RGB Color Changing LED Waterproof with Remote for Swimming Pool Pond Garde,N/A,N/A,https://www.lazada.com.ph/products/pdp-i15472997266.html
Universal Swimming Pool Main Drain Port Bottom 8 Inch Spa Water Outlet Suction For Water park/ Spa/ aquarium/ swimming pool,N/A,N/A,https://www.lazada.com.ph/products/pdp-i3629474126.html
Solar Generator 96000mAh Outdoor Power Supply Pure Sine Wave Portable Generator With solar panel Self-driving Tourist Bus Camping Home Stall Backup Generator Home Emergency Power Supply Notebook Charging Treasure,N/A,N/A,https://www.lazada.com.ph/products/pdp-i4381229042.html
RAW MATERIALS (see description box for more details),N/A,N/A,https://www.lazada.com.ph/products/pdp-i4443526474.html
16L Backpack sprayer heavy duty sprayer for agriculture chargable sprayer battery operated knapsack sprayer for Agricultural and Garden,N/A,N/A,https://www.lazada.com.ph/products/pdp-i5236878538.html
Diesel generator rental Shanghai Yangtze River Delta rental mobile generator silent 50-1000KW maintenance,N/A,N/A,https://www.lazada.com.ph/products/pdp-i5079523838.html
🔶Wood Wind Chimes Metal Chimes Bell Mini Hanging Bell Pendent,N/A,N/A,https://www.lazada.com.ph/products/pdp-i5108445611.html
"FUJIHAMA KC2500i LT148F Engine Inverter Generator, 4S OHV Single Cylinder Manual Start, Portable for Home Backup & Outdoor Activities",N/A,N/A,https://www.lazada.com.ph/products/pdp-i15436974128.html
UNA Power Station with Solar Charging Power Station Portable Multi-function Large Capacity Outdoor Travel Camping Home Emergency Power bank150W AC 220V,N/A,N/A,https://www.lazada.com.ph/products/pdp-i5225036481.html
Needle Lake by Justine Champine,N/A,N/A,https://www.lazada.com.ph/products/pdp-i15413912670.html
Portable Gasoline Generator 2 Stroke 220v Household Home Outdoor Small Generator 950W 60HZ Ultra Quiet High Quality Max Power Output,N/A,N/A,https://www.lazada.com.ph/products/pdp-i4207536912.html
PIPIBAO | Corrosion Protection Sacrificial Anode Rod for Water Heater,N/A,N/A,https://www.lazada.com.ph/products/pdp-i15439891353.html
CHUANGCHAO Portable Gasoline Generator 950W 60HZ Ultra Quiet High Quality Mini Home Energy Saving 2 Stroke,N/A,N/A,https://www.lazada.com.ph/products/pdp-i5295261842.html
【Ntcpefy】Solar Hanging Display Motor Rotating Small Motor Solar Energy Wind Spinner Motor Multi-Purposes Rotatable Hook 6Pcs,N/A,N/A,https://www.lazada.com.ph/products/pdp-i5279678641.html
KKmoon Wind Turbine Charge Controller Efficient Charging Wind Generator Charge Controller Aluminium Alloy for Wind Turbine Charge,N/A,N/A,https://www.lazada.com.ph/products/pdp-i15496563119.html
Bestway Steel Pro Rectangular Folding Swimming Pool Frame Set / 221cm *15cm *43cm / 259cm *170cm *61cm / 300cm *201cm *66cm / 400cm *211cm *81cm / Four Sizes Best Quality Original Swimming Pool No Airpump Required Easy Set Up,N/A,N/A,https://www.lazada.com.ph/products/pdp-i3574700314.html
SOARFLY 4800W Turbo High Pressure Washer Household Power Sprayer Pressur Car Washer machine,N/A,N/A,https://www.lazada.com.ph/products/pdp-i4584122018.html
【In stock】Double Glass 600/620Watts Solar Panel Monocrystalline Solar Panels A+ Glass Heavy Duty Generate 3.8kwh Per Day,N/A,N/A,https://www.lazada.com.ph/products/pdp-i5130483707.html
KAWASAKI Knapsack Electric Sprayer 18L for Durable and Reliable Performance with Rechargeable Battery(free 1pc single nozzle - BRASS),N/A,N/A,https://www.lazada.com.ph/products/pdp-i4345579319.html
"150W,200W Balcony Power Plant Solar Mini Grid Tie Micro Inverter 12-30V DC Input, AC Output 180~265VAC, MPPT 99%,IP45, DIY",N/A,N/A,https://www.lazada.com.ph/products/pdp-i15443722099.html
High Pressure Washer Hose Carwash 8.5mm Hose 3PLY 5Layer 10M 15M 20M 30M 40M 50M,N/A,N/A,https://www.lazada.com.ph/products/pdp-i4103205500.html
Samsung Mosquito Killer Electric Lamp Insect Fly Electric Killer Killer Repellent Traps Eliminator Hanging UV,N/A,N/A,https://www.lazada.com.ph/products/pdp-i4960451829.html
2025 KAWASAKI Sprayer Agriculture Rechargeable Knapsack Auto Manual 2in1 Sprayer 18L,N/A,N/A,https://www.lazada.com.ph/products/pdp-i5136665884.html
MPPT 30A/60A Solar Charge Controller Battery Charger with LCD for Lithium Battery Charger Digital Display Solar Control Panel Home Use,N/A,N/A,https://www.lazada.com.ph/products/pdp-i15399588710.html
Gasoline Generator 4000W Gasoline Generator Household Portable Generator 220V/60Hz Four-stroke Super Power Silent Generator Full Copper Engine Dual Protection System Ultra-Long Endurance Generator,N/A,N/A,https://www.lazada.com.ph/products/pdp-i4149969959.html
500w Monocrystalline Silicon Power Generation Panel 18v With Controller Waterproof Lightning Solar Panel,N/A,N/A,https://www.lazada.com.ph/products/pdp-i4434735235.html
SUMINOE Gasoline Generator 3000W 4 Stroke Portable Generator Backup Power High-power Generator Air Cooled Household Generator,N/A,N/A,https://www.lazada.com.ph/products/pdp-i15488483754.html
HY4008W brand new original genuine high-power field effect MOS tube HY5208 HY5608W HY5608,N/A,N/A,https://www.lazada.com.ph/products/pdp-i5302813020.html
REAIM 20inches Portable Chainsaw Gasoline Chainsaw Original Steel Mini Power Saw Metal Tool,N/A,N/A,https://www.lazada.com.ph/products/pdp-i5408564568.html
"Advanced Solar Power Set Up Complete Set Zero Electricity for Brownout, Energy Saving, Camping, Emergency Long Lasting",N/A,N/A,https://www.lazada.com.ph/products/pdp-i3974460914.html
Universal Lawn Mower Shoulder Strap With Breathable Padding Single Shoulder Nylon Strap Black,N/A,N/A,https://www.lazada.com.ph/products/pdp-i15412860610.html
AMETEK PRESSURE GAUGE-lyn,N/A,N/A,https://www.lazada.com.ph/products/pdp-i2773561408.html
Stainless Steel Window Track Accessories Bottom Mounted Snap-in,N/A,N/A,https://www.lazada.com.ph/products/pdp-i15434414381.html
"REAIM 1800W Heavy Duty Cordless Chainsaw, Cuts 30cm Diameter Wood, 12/16Inch Brushless Electric Chain Saw with Fast Charger",N/A,N/A,https://www.lazada.com.ph/products/pdp-i5268131698.html
FBI 10-6 TERMINAL BLOCK FIXED BRIDGE 10 POSITION JUMPER BAR | VAT INCLUDED PRICES,N/A,N/A,https://www.lazada.com.ph/products/pdp-i4383423318.html
One Solar Mppt Charger Mppt Charge Controller 12v 24v 48v 40A 60A SRNE SNADI SNAT,N/A,N/A,https://www.lazada.com.ph/products/pdp-i1298814950.html
Electric Start Motor for Gasoline Engine 5-6.5KW,N/A,N/A,https://www.lazada.com.ph/products/pdp-i15418234775.html
KC-16 Knapsack Electric Battery Power Sprayer HEAVY DUTY,N/A,N/A,https://www.lazada.com.ph/products/pdp-i800112644.html
Chainsaw Carburetor 52/58 Petrol Saw 4500 5200 5800 Carb 2 Stroke Engine 45cc 52cc 58cc,N/A,N/A,https://www.lazada.com.ph/products/pdp-i5333514581.html
☑️ Swimming pool Automatic Fresh Water Chlorine Dispenser Chlorinator chemical dosing machine swimming pool Chlorine feeder,N/A,N/A,https://www.lazada.com.ph/products/pdp-i3628818110.html
10PCS 1S 3.2V 3.7V 3A LiFePO4 / Lithium Li-ion BMS PCM Battery Protection Board Pcm For 18650 32650 Battery Packs,N/A,N/A,https://www.lazada.com.ph/products/pdp-i4973035962.html
2PCS BTC Solo Miner 40KH/S Lottery Miner Bitcoin Mini Miner Asic Mining Miner for Home Office,N/A,N/A,https://www.lazada.com.ph/products/pdp-i15418778967.html
Solar Power Station Set 200W/300W Outdoor Large Capacity Portable Generator and Solar Panel and Solar Battery For Self-driving Camping Homestall Backup Generator Home Emergency Power Supply Adventure Notebook Charging Treasure,N/A,N/A,https://www.lazada.com.ph/products/pdp-i4362466151.html
PVC Rain Barrel Diverter Kit 3/4 Inch Rain Barrel Valve Rain Barrel Spigot Kit with Bulkhead Fitting Adapter Faucet Kit Fitting Gardening Supplies Bulkhead Accessories Bucket Spigot Outdoors 3/4 Inch Rain Poke For Water Tanks Aquariums Tubs Barrel,N/A,N/A,https://www.lazada.com.ph/products/pdp-i4882134325.html
Toothed Flywheel Assembly for Wuling,N/A,N/A,https://www.lazada.com.ph/products/pdp-i15447449916.html
"Weighted stainless steel bearing sliding door pulley moving door and window pulley all copper pulley large, medium and small.",N/A,N/A,https://www.lazada.com.ph/products/pdp-i5167118215.html
"5/8"" galvanized electrical grounding per piece",N/A,N/A,https://www.lazada.com.ph/products/pdp-i3678954864.html
BinhiPLAZA™ - Baguio Beans Seeds for Planting Vegetable Plants (10 Seed) F1 Hybrid Bonsai Plant Veggies Plants for Pots,N/A,N/A,https://www.lazada.com.ph/products/pdp-i15492733309.html
【Fast delivery】Solar Water Pump Fountain Kit for Garden Decoracion Pool Pond Fountain Aquarium DC 7V 180L/H Automatic Solar Powered Pump pool,N/A,N/A,https://www.lazada.com.ph/products/pdp-i3331666693.html
60Mesh Anti-Insect Bird Nets Farm Vegetable Pest Control Screen Garden Plants Care Netting Fly Net,N/A,N/A,https://www.lazada.com.ph/products/pdp-i15432266610.html
16L/20L Electric Spray Agriculture Knapsack Sprayer Rechargeable and Automatic Agricultural Power Sprayer 2in1 Sprayer Gardening Tools,N/A,N/A,https://www.lazada.com.ph/products/pdp-i5099995486.html
16L/20L Electric Spray for Agriculture Rechargeable Knapsack Sprayer Gardening Tools Automatic Agricultural Power Sprayer,N/A,N/A,https://www.lazada.com.ph/products/pdp-i5100029541.html
20/22/24 inches Portable Chainsaw Gasoline Chainsaw Original Steel Mini Power Saw Power Tool,N/A,N/A,https://www.lazada.com.ph/products/pdp-i5196022658.html
3PCS BTC Solo Miner 40KH/S Lottery Miner Bitcoin Mini Miner Asic Mining Miner for Home Office,N/A,N/A,https://www.lazada.com.ph/products/pdp-i15418786901.html
2 pcs N42 22.7mm x 6.5mm x 2.4mm Neodymium Arc Magnet For Motor Generator Wind Turbine Super Strong Rare Earth NdFeB Permanent Magnet,N/A,N/A,https://www.lazada.com.ph/products/pdp-i414834504.html
【Flash charge】NSS Solar Power Generator big capacity 220V 150W multi-function portable with solar panel Camping Energy Emergency Backup Powerbank Outdoor Power AC Output/DC 12V /QC USB Ports,N/A,N/A,https://www.lazada.com.ph/products/pdp-i5182642986.html
"Portable 199,800mAh Super Large Capacity Power Station 220V/400W Multi-Function Solar Generator Household Emergency Power Supply High-power Outdoor Power Bank",N/A,N/A,https://www.lazada.com.ph/products/pdp-i5396551468.html
Portable Power Station 300W Multi-functional Power Station 96000mAh Large Capacity Solar Generator,N/A,N/A,https://www.lazada.com.ph/products/pdp-i4881500374.html
"Generator 4000W Gasoline Generator Four Stroke Engine Dual Protection System With Ultra High Performance Manual Electric Start OHV Air Cooled Generators For Outing, Brownout, Agriculture, Vacation, Portable Household Generator",N/A,N/A,https://www.lazada.com.ph/products/pdp-i5007922987.html
🔥6.6 BIG PROMO🔥B0SCH Power Station Solar Generator 100W/150W/200W/300W Outdoor Portable Power Supply LED Display,N/A,N/A,https://www.lazada.com.ph/products/pdp-i4965534862.html
Outdoor Garden Solid Wood Garden Fence Foldable Modern Simple Mesh Fence Suitable for homes and gardens,N/A,N/A,https://www.lazada.com.ph/products/pdp-i5218300714.html
Chainsaw 20/22/24 Inches Portable Original Gasoline Chainsaw 58/60/62CC Chain Saw Mini Chainsaw Power Tools,N/A,N/A,https://www.lazada.com.ph/products/pdp-i4684325395.html
"Generator Four stroke gasoline generator 4000W German technology dual protection system with ultra high performance Manual Electric Start OHV Air Cooled Generators ,strong power heart of the motor Big fuel tank",N/A,N/A,https://www.lazada.com.ph/products/pdp-i4158065943.html
78800mAh Outdoor 220V Portable Solar Generator Fast Charge Large Capacity Power Station with Solar Charging Board Power Station Heavy Duty Outdoor Power Bank Travel Camping Home Emergency Power DC/AC External Battery Support USB Port Charging AC Output,N/A,N/A,https://www.lazada.com.ph/products/pdp-i15446735701.html
KFA Shop. AVR for generator 1800w-3500w.,N/A,N/A,https://www.lazada.com.ph/products/pdp-i3133260532.html
Power Station 220V 150W Power Station Multi-function Portable Big Capacity Solar Generator,N/A,N/A,https://www.lazada.com.ph/products/pdp-i15465382242.html
300W 96000mAh Portable Outdoor Solar Generator Fast Charge Large Capacity Power Station With Solar Charging Board support AC/DC/USB Output Multifunction Generator Portable Power Station 220V Outdoor Car Travel Camping Home Emergency Power Supply,N/A,N/A,https://www.lazada.com.ph/products/pdp-i4454427150.html
JIEBITU | Non-Slip Heavy Silent Basketball 5,N/A,N/A,https://www.lazada.com.ph/products/pdp-i5351616990.html
XD-3420 Permanent Magnet Motor 12V/24V 30W High Torque DC Motor DIYDC Motor Generator Cw/ccw Motor with Mounting Bracket,N/A,N/A,https://www.lazada.com.ph/products/pdp-i5359285007.html
sways forward up chain magnetic early winds baby chicken mother teaching,N/A,N/A,https://www.lazada.com.ph/products/pdp-i15433350056.html
78000mAH 200W 220V Solar Generator Multi-Function Portable Big Capacity Power Station AC/DC/USB Output Solar Power Banks Emergency Power supply for CPAP Outdoor Adventure Laptop Powerbank 220V Portable Generator Auto Travel Home Emergency Power Supply,N/A,N/A,https://www.lazada.com.ph/products/pdp-i3969879802.html
150W Power Station with Solar Panel 220V Portable LargeCapacity Solar Generator Outdoor Power Supply,N/A,N/A,https://www.lazada.com.ph/products/pdp-i15451258246.html
JIMBIAO precision motor 2KW-3KW gasoline generator special 170F engine original hand pull plate.,N/A,N/A,https://www.lazada.com.ph/products/pdp-i5083149445.html
Forklift generator 2JF11A New Heli Hangzhou Longgong Xinchai 490 National Second Forklift Generator JF151,N/A,N/A,https://www.lazada.com.ph/products/pdp-i4958010149.html
ZUOLEJIA | Brushless Gimbal Motor For Handheld Gimbal,N/A,N/A,https://www.lazada.com.ph/products/pdp-i15434255760.html
Aquaflask | Five-Band Driver Inverter Power 40000VA,N/A,N/A,https://www.lazada.com.ph/products/pdp-i15433575229.html
REAIM Gasoline Chainsaw52CC High Power Saw outdoor power tools chain saw with Fuel Mixing Canister/Tools Set/Manual Original Steel Germany 20 inches 4500W High Power Saw Portable Chainsaw,N/A,N/A,https://www.lazada.com.ph/products/pdp-i15423045228.html
Honda Gasoline Generator 950W Household Outdoor Small Manual Start Portable Generators,N/A,N/A,https://www.lazada.com.ph/products/pdp-i4078741020.html
Belt type220V 7000W High Power Small Pulley Type Permanent Magnet Lighting Generator,N/A,N/A,https://www.lazada.com.ph/products/pdp-i5158598640.html
12V24V36V48V60V72V220V low-speed three-phase brushless AC wind generator 200 watt hydraulic power,N/A,N/A,https://www.lazada.com.ph/products/pdp-i4969185592.html
DC48-60V high-power brushless motor 1300W DC brushless motor Hall-free high-power generator,N/A,N/A,https://www.lazada.com.ph/products/pdp-i5150653342.html
Portable Gasoline Generator 220V/60HZ Home Outdoor Small Generator 2 Stroke 950W Ultra Quiet High Quality Engine Original All-copper Portable Gasoline Generator Set Hand Start,N/A,N/A,https://www.lazada.com.ph/products/pdp-i4240475132.html
220V Portable Small All-copper Generator Gasoline Generator 4KW/60Hz Single-Phase 4-Stroke Generator Household Outdoor Small Generator,N/A,N/A,https://www.lazada.com.ph/products/pdp-i15434825726.html
[Chinatera Malll]DC18V/21V To 220V AC Power Supply Inverter Lightweight Outdoor Battery Inverter for Outdoor Travel Hiking Adventure,N/A,N/A,https://www.lazada.com.ph/products/pdp-i5333136248.html
Portable Emergency Generator Super Hand Crank Generator for Outdoor Operation,N/A,N/A,https://www.lazada.com.ph/products/pdp-i5013812959.html
Educational DIY Wind-powered Robotic Animal,N/A,N/A,https://www.lazada.com.ph/products/pdp-i15434601766.html
(BAGSAK PESYO) Mother Jade Plant (Lucky Money Plant) with FREE Garden Soil and Plastic Pot - PIPH,N/A,N/A,https://www.lazada.com.ph/products/pdp-i4877081122.html
12V24V36V48V60V72V220V low-speed three-phase brushless AC wind generator 200 watt hydraulic power,N/A,N/A,https://www.lazada.com.ph/products/pdp-i4499736571.html
Wind motor 12V24V rare earth permanent magnet generator 100W300W400W permanent magnet synchronous generator,N/A,N/A,https://www.lazada.com.ph/products/pdp-i5129123757.html
MOKETA 1000W Generator Gasoline Portable 220V Mini Generator For Home Ultra Power Generator 60HZ,N/A,N/A,https://www.lazada.com.ph/products/pdp-i5389431170.html
Portable High-Power DC Emergency Generator for School DIY Experiments,N/A,N/A,https://www.lazada.com.ph/products/pdp-i15434827922.html
Wind Turbines Wind Power Generator 45M/S Safe Wind Speed 5 Blades 1200W with Tool Kit for Cabins or Mobile Homes for Charging Boats Terraces,N/A,N/A,https://www.lazada.com.ph/products/pdp-i15498608005.html
YINGYU | Heavy Object Moving Roller Dolly,N/A,N/A,https://www.lazada.com.ph/products/pdp-i15418797804.html
Portable Thickened Big Inflatable Swimming Pool For Kids/Adult Indoor/Outdoor Family Size,N/A,N/A,https://www.lazada.com.ph/products/pdp-i15446938215.html
Unicorn 96000mAh Portable Power Station 300W AC 220V Output Emergency Backup Power Solar Generator Battery Charger for Camping,N/A,N/A,https://www.lazada.com.ph/products/pdp-i5307574637.html
DEKES 950W Gasoline Generator 220v Household Home Outdoor Small Generator High Quality Powerful Generator,N/A,N/A,https://www.lazada.com.ph/products/pdp-i4076467539.html
78000mAH 200W 220V Solar Generator Multi-Function Portable Big Capacity Power Station Output Solar Generator Emergency Power supply for CPAP Outdoor Adventure Laptop Powerbank AC/DC/USB 220V Portable Generator Auto Travel Home Emergency Power Supply,N/A,N/A,https://www.lazada.com.ph/products/pdp-i4075995323.html
Wind Charge Controller IP67 Waterproof Wind Turbine Generator Controller for Wind Power Parts Accessories 12V/24V 300W/600W,N/A,N/A,https://www.lazada.com.ph/products/pdp-i4895608127.html
DEWALT 6’’ Cordless Chainsaw Power Saws Portable 1300W Electric Chainsaw for Wood Cutting,N/A,N/A,https://www.lazada.com.ph/products/pdp-i15413723792.html
4000W/60Hz(Peak) Solar System with battery set Inverter DC 12V to AC 220V Solar Panel and solar Battery with solar charge Controller solar powered generator complete set,N/A,N/A,https://www.lazada.com.ph/products/pdp-i2914344484.html
REAIM Portable Chainsaw 24 Inches Gasoline Saw Highower 4.2KW Guide bar and chain in Japan Outdoor Power Tools,N/A,N/A,https://www.lazada.com.ph/products/pdp-i5337064358.html
REAIM Gasoline Chainsaw 20 inches 4500W High Power Saw Portable Chainsaw 18/20/22/24inches 52CC High Power Saw outdoor power tools chain saw with Fuel Mixing Canister/Tools Set/Manual Original Steel Germany,N/A,N/A,https://www.lazada.com.ph/products/pdp-i5145352570.html
20/22/24 inches Portable Chainsaw Gasoline 070 Chainsaw Original Steel Mini Power Saw Power Metal Tools,N/A,N/A,https://www.lazada.com.ph/products/pdp-i4373933122.html
2000W Heavy Duty Cordless Chainsaw Pure copper motor Cordless Chainsaw 12 Inch Cordless Chainsaw Heavy Duty Electric Original Chainsaw Battery Mini Chain Saw 21V Brushless Electric Chain Saw with Fast Charger Durable&Powerful cutting Easily cut wood,N/A,N/A,https://www.lazada.com.ph/products/pdp-i15411597323.html
SANKEN rectifier bridge reactor RBV5006 50A/600V large row bridge flat bridge/row bridge original.,N/A,N/A,https://www.lazada.com.ph/products/pdp-i4993273844.html
300W 96000mAh Portable Outdoor Solar Generator Fast Charge Large Capacity Power Station With Solar Charging Board support AC/DC/USB Output Multifunction Generator Portable Power Station 220V Outdoor Car Travel Camping Home Emergency Power Supply,N/A,N/A,https://www.lazada.com.ph/products/pdp-i4736312954.html
4000W Gasoline Generator 4-Stroke Portable Power Generator For Home High Power 220V/60Hz Manual Electric Start Generator German Technology Dual Protection System With Ultra High Performance OHV Air Cooled Generators,N/A,N/A,https://www.lazada.com.ph/products/pdp-i4701943491.html
Portable 288000mAh Super Large Capacity Power Station 220V/500W Multi-Function Outdoor Solar Generator With Solar Charging Board Heavy Duty Outdoor Generator For Travel Camping Home Emergency Power bank,N/A,N/A,https://www.lazada.com.ph/products/pdp-i4693515686.html
【Acmdehk】Solar Hanging Display Motor Rotating Small Motor Solar Wind Spinner Motor Multi-Purposes Rotatable Hook 4Pcs,N/A,N/A,https://www.lazada.com.ph/products/pdp-i15433161924.html
KACHUNSHI | Portable Hand Crank Generator for Emergency Outdoor Power,N/A,N/A,https://www.lazada.com.ph/products/pdp-i15418388136.html
NANWEI 220V 150W/200W Power Station 78800mAh Multi-Function Portable Big Capacity Solar Generator High-power Outdoor Emergency Power Supply High-Quality PowerBank,N/A,N/A,https://www.lazada.com.ph/products/pdp-i5216817781.html
Small-type blade wind of phase alternating current permanent magnet wind generator for horizontal axis D wind power generation in Kejia III.,N/A,N/A,https://www.lazada.com.ph/products/pdp-i5071725542.html
"Portable Outdoor Solar Generator 300W 96,000mAh Large Capacity Fast Charge Solar Power Station AC/DC/USB Output Multifunction Outdoor Mobile Power Home Heavy Duty 220V Travel Camping Home Emergency Power Supply",N/A,N/A,https://www.lazada.com.ph/products/pdp-i4375521905.html
TASKTOOL Electric Sprayer 16/20L Large Capacity Agriculture Power Knapsack Sprayer 35W Lithium Barttery Sprayer,N/A,N/A,https://www.lazada.com.ph/products/pdp-i4869944387.html
outdoor Power station 220V Big Large Capacity solar generator supply station generator station outdoor Multifunctional,N/A,N/A,https://www.lazada.com.ph/products/pdp-i4907405321.html
"Vacuum generator, large suction, integrated tubular suction cup, pneumatic large flow cv-10/15/20/25HS",N/A,N/A,https://www.lazada.com.ph/products/pdp-i4876037919.html
【Weliba】 RF-500TB-18280 DC 3V-6V 32mm Brushed Motor for Spray Machine Solar Projects [New Home Products Hot Sale],N/A,N/A,https://www.lazada.com.ph/products/pdp-i15465486000.html
Lightning Protection Grounding Rod Zinc Coated,N/A,N/A,https://www.lazada.com.ph/products/pdp-i5088159743.html
[BUY 2 GET 1] BOOSTER 76 150ML | Organic Flowering & Fruiting Fertilizer | For All Plants,N/A,N/A,https://www.lazada.com.ph/products/pdp-i5227406764.html
12v hydraulic generator DC household small water wheel diy permanent magnet pipeline brushless generator,N/A,N/A,https://www.lazada.com.ph/products/pdp-i4566544538.html
Portable Gasoline Generator Set 950W High-power 220V 60HZ Household Outdoor Small Generator High Quality Ultra Quiet Manual Start Generator All-copper Generator Set Efficient Strong Endurance Generator Portable Generator,N/A,N/A,https://www.lazada.com.ph/products/pdp-i5049047614.html
TOS | Mini Manual Hoist for Air Conditioning Installation Easy Lifting,N/A,N/A,https://www.lazada.com.ph/products/pdp-i15418164805.html
Dewalt 6 Inch Cordless Chainsaw Portable Electric Chain Saw rechargeable Pruning Saw Cutter dewalt electric chain saw hand chainsaw portable chainsaw rechargeable,N/A,N/A,https://www.lazada.com.ph/products/pdp-i5152541143.html
SHNGki 3 Phase Diode Bridge Rectifier 35A 1000V SQL35A,N/A,N/A,https://www.lazada.com.ph/products/pdp-i4750828551.html
【Weliba】 12V Brushless Motor 3000KV with Dual Thread for 3S For Mini Outer Rotor [New Home Products Hot Sale],N/A,N/A,https://www.lazada.com.ph/products/pdp-i15468886464.html
2200W Gasoline Generator 4-Stroke Portable Power Generator For Home High Power 220V/60Hz Manual Electric Start Generator German Technology Dual Protection System With Ultra High Performance OHV Air Cooled Generators,N/A,N/A,https://www.lazada.com.ph/products/pdp-i5309421683.html
Zekoki ZKK-1101RB Air Blower by Powertool.ph,N/A,N/A,https://www.lazada.com.ph/products/pdp-i15493702701.html
Emergency Escape Hammer Window Breaker,N/A,N/A,https://www.lazada.com.ph/products/pdp-i15436321307.html
Educational Winding Animal Toy,N/A,N/A,https://www.lazada.com.ph/products/pdp-i15428967983.html
FlashFish Power station 220v 150w power station multi-function portable big capacity solar generator station,N/A,N/A,https://www.lazada.com.ph/products/pdp-i4295556520.html
AC Permanent Magnet Brushless High Power Generator Brushless Alternator Pulley Permanent Magnet 220V 800W1300W,N/A,N/A,https://www.lazada.com.ph/products/pdp-i4830444857.html
220v permanent magnet DC motor Small hand-cranked mini diy power generation wind generator motor mute high power.,N/A,N/A,https://www.lazada.com.ph/products/pdp-i4951779034.html
300W Solar Panel 18 Volt Pv Solar Module Solar Cell Panel generator for electric fan and tv,N/A,N/A,https://www.lazada.com.ph/products/pdp-i3980043183.html
10KV high-voltage grounding wire portable short-circuit grounding wire 35KV power distribution room busbar grounding wire outdoor grounding rod,N/A,N/A,https://www.lazada.com.ph/products/pdp-i4883260044.html
300W AC 12V 24V Wind Turbines Generator Lantern 5 Blades Motor Kit Vertical Axis For or Home Hybrids Streetlight Electromagnetic,N/A,N/A,https://www.lazada.com.ph/products/pdp-i15466547607.html
0.01-15V Wind Turbine and Generator for Educational Renewable Energy Kits,N/A,N/A,https://www.lazada.com.ph/products/pdp-i15465714537.html
24V Generator Miniature Hand Crank Emergency Wind Turbine Generator Motor,N/A,N/A,https://www.lazada.com.ph/products/pdp-i15470334899.html
NE 12V/24V 4200W 5 Blade Wind Turbine Generator Windmill Power Charge Controller,N/A,N/A,https://www.lazada.com.ph/products/pdp-i4481077517.html
Wind Turbine Replacement Blades Efficient Generation Production Wind Turbine Blades,N/A,N/A,https://www.lazada.com.ph/products/pdp-i15459844640.html
【Tech Max Store】 MPPT Charge Controller 12V/24V 48V 10A-40A Wind Turbine Generator Waterproof Regulator Rectifier,N/A,N/A,https://www.lazada.com.ph/products/pdp-i5411651044.html
【support】 Wind Turbine Model 20w Wind Turbine With Led Vertical Wind Generator For Free Energy Education,N/A,N/A,https://www.lazada.com.ph/products/pdp-i4488487146.html
【Must-have】 High-quality Wind Turbine Blades Stable Wind Generators For Wind Turbines Generator Repeller Blades Replacement,N/A,N/A,https://www.lazada.com.ph/products/pdp-i5207056630.html
Electric Motor Generator Permanent Magnet Generator Dual Axes Power Saving AC 24V Compact for Wind Turbines,N/A,N/A,https://www.lazada.com.ph/products/pdp-i15496299560.html
20248PCS Neodymium Magnetic Arc Segment OR10xIR6x180degx3mm Motor Magnets Parts Generators Wind Turbine Neodymium Magnetics Materials,N/A,N/A,https://www.lazada.com.ph/products/pdp-i4614832083.html
(CFEB) 400W 12V 24V Wind Turbine Charge Controller Mini Wind Turbine Generator Controller Wind Generator Controller IP67 Waterproof,N/A,N/A,https://www.lazada.com.ph/products/pdp-i4529280242.html
Zonejoy Wind Turbine Generator Controller IP67 DC12-24V Automatic Controller BLW‑12/24 400W Battery Charging Regulator,N/A,N/A,https://www.lazada.com.ph/products/pdp-i15494060862.html
Magnetic Levitation Wind Generator Stable Movement Vertical Wind Turbine High Efficiency 500W Low Vibration with MPPT Controller for Household,N/A,N/A,https://www.lazada.com.ph/products/pdp-i15476533420.html
【Zerali】 135mm Diameter 3/5/6 Vanes Blades S/m Wind Turbines Hub Generator Windmill Wheel Hub Accessories For All Wind Turbine Generator,N/A,N/A,https://www.lazada.com.ph/products/pdp-i5049960598.html
【TTONG Mall】12V/24V 9000W Wind Turbines Generator Controller Waterproof Battery Charge Overvoltage Protection Controller Regulator,N/A,N/A,https://www.lazada.com.ph/products/pdp-i5315354203.html
LazaraHome DC12V Micro Hydro Turbine Generator High Power Flow Hydraulic Water Charging,N/A,N/A,https://www.lazada.com.ph/products/pdp-i1157436339.html
1 PCS Micro-Hydro Generator Turbine Generator Hydropower 80V 10W Tap Water Hydraulic DIY,N/A,N/A,https://www.lazada.com.ph/products/pdp-i15459672726.html
Lepmerk Wind Generator Controller Wind Turbine Charge Controller Wear Resistance Waterproof Aluminum Alloy 400W 12/24V for Protection,N/A,N/A,https://www.lazada.com.ph/products/pdp-i15428041301.html
"Gasoline Generator 4-Stroke Portable Power Generator For Home High Power 220V/60Hz Manual Electric Start Generator 4000W Household Outdoor Small Generator Dual Protection System For Outing, Brownout, Agriculture, Manual Electric Start Portable Generator",N/A,N/A,https://www.lazada.com.ph/products/pdp-i4585075909.html
Mini Wind DC Generator Hand Dynamo Hydraulic Test DC 12V 24V Motor Machine Supply Emergency Generator,N/A,N/A,https://www.lazada.com.ph/products/pdp-i15468794568.html
"[superbuy666]Electromagnetic Permanent Generator Technology, Invention, , DIY- Small Production, Physics Experiment Components",N/A,N/A,https://www.lazada.com.ph/products/pdp-i15458212978.html
USB Power Generator Crank Hand Shake 2000 U/Min 20W Emergency Camp With USB Interface Charger,N/A,N/A,https://www.lazada.com.ph/products/pdp-i4830560364.html
Circuit Breaker 36.5 Amperes for 10Kw / 18hp Diesel Generator 198F,N/A,N/A,https://www.lazada.com.ph/products/pdp-i4128524416.html
DC 3V-6V bis 400kV 400000V 1000KV Boost Step up Power Module High Voltage Generator Generator 1000kV Boost Step up Power,N/A,N/A,https://www.lazada.com.ph/products/pdp-i4347008922.html
【Fast and Free Delivery】 Hand Crank Generator Mobile Phone Charging Treasure High Power 220v 500w Large Outdoor Dc12v 240w Manual Generator,N/A,N/A,https://www.lazada.com.ph/products/pdp-i5178793942.html
TUNG 12/16 inches Cordless Electric Chainsaw 468/999/1088VF Mini Chainsaw Pure copper motor Cordless Chainsaw Durable&Powerful cutting Easily cut wood Handheld Chainsaw Portable chainsaw,N/A,N/A,https://www.lazada.com.ph/products/pdp-i5387449993.html
Solar Charging Panel 15W 10W 6W 6V Fast Charging Solar Energy Panel with 4 USB Ports for Camping Cellphone,N/A,N/A,https://www.lazada.com.ph/products/pdp-i5391838650.html
Communication Tower Windmill Power Generation Power Facilities Game model Unreal 4 ue4 Electric Central,N/A,N/A,https://www.lazada.com.ph/products/pdp-i4939544017.html
【Weliba】 For Siemens 150 Amp And 200 Amp Generator Interlock Kit With-Installation-Tool [New Products Hot Sale],N/A,N/A,https://www.lazada.com.ph/products/pdp-i15461573945.html
REAIM Gasoline Chainsaw 20 inches Portable Chainsaw 4500W High Power Saw Original Steel Germany Portable 52CC High Power Saw outdoor power tools chain saw,N/A,N/A,https://www.lazada.com.ph/products/pdp-i4774740098.html
220V High-Power Small Generator Home Lighting Permanent Magnet Brushless with Pressurizer Fine Copper Wire Core,N/A,N/A,https://www.lazada.com.ph/products/pdp-i1875639603.html
"220V Power Station 1000W/800W/500W/300W/200W Portable Solar Power Generator 988,000mAh Large Capacity Quick Charge Power Station Heavy Duty Outdoor Travel Camping Home Emergency Power DC/AC External Battery Support USB Port Charging AC Output",N/A,N/A,https://www.lazada.com.ph/products/pdp-i5281958218.html
Bridge Diode 35amp 1000v Metal Case Single Phase Diode,N/A,N/A,https://www.lazada.com.ph/products/pdp-i2637135939.html
Makita【2500W】Air blower portable Cordless blower 9980VF 200000r/min Blower vacuum 2 in 1 portable 12-Turbofan Blades Stepless speed change Light body Leaf Blower Cordless blower with battery Portable blower cordless,N/A,N/A,https://www.lazada.com.ph/products/pdp-i5231190353.html
"Makita Compact Cordless Chainsaw for Wood & Tree Pruning, Lightweight Brushless Electric Mini Saw with High-Temperature Resistance",N/A,N/A,https://www.lazada.com.ph/products/pdp-i5408989907.html
1200W Wind Turbine Kit Double Layer 5‑Blades Wind Energy Generator for Charging Blue,N/A,N/A,https://www.lazada.com.ph/products/pdp-i15499066277.html
2200W/950W Gasoline Generator 220V Household Home Outdoor Small Generator New High Quality Powerful Generator,N/A,N/A,https://www.lazada.com.ph/products/pdp-i5184302920.html
5 FT LAPAD/ MOSQUITO NET/ GARDEN NET/ SHADE NET/ DRY NET/ MULTI-PURPOSE NET/ SOLD PER YARD,N/A,N/A,https://www.lazada.com.ph/products/pdp-i2301415784.html
【A+ Glass】Dual-Glass 620Watts Solar Panel Monocrystalline Solar Panels Heavy Duty Generate 3.7kwh Per Day,N/A,N/A,https://www.lazada.com.ph/products/pdp-i4059694008.html
【12H delivery】Solar Panel Charging Panel 150W/350W/500W Monocrystalline Silicon Band 30 A Controller,N/A,N/A,https://www.lazada.com.ph/products/pdp-i15409604105.html
2026Zamdon Solar Inverter 24V3000W - Toroidal Off Grid InverterCOD,N/A,N/A,https://www.lazada.com.ph/products/pdp-i15486867666.html
TWToroidal Solar Inverter 24V3000W One Toroid Solar Inverter like Snadi SnatKorea,N/A,N/A,https://www.lazada.com.ph/products/pdp-i15486462931.html
TIPSUN BATTERY 32650 32700 LiFePo4 6500 mAh rechargeable solar,N/A,N/A,https://www.lazada.com.ph/products/pdp-i4267346301.html
NANWEI 300W/96000mAh Portable Power Station with Solar Panel Set for Home Outdoor Power Supply 220V High Power Solar Generator Big capacity Emergency Powerbank,N/A,N/A,https://www.lazada.com.ph/products/pdp-i5330652009.html
Honda Japanese Imported Gasoline Chainsaw 22/24-Inch Portable 78cc 9900W Low-Power High-Power Outdoor Chainsaw With A Full Set Of Accessories,N/A,N/A,https://www.lazada.com.ph/products/pdp-i3970496601.html
REAIM Gasoline Chainsaw52CC High Power Saw outdoor power tools chain saw with Fuel Mixing Canister/Tools Set/Manual Original Steel Germany 20 inches 4500W High Power Saw Portable Chainsaw,N/A,N/A,https://www.lazada.com.ph/products/pdp-i5229280499.html
"Booster 76 500ml–Organic Fertilizer for Plantations, Strong Flowering, Heavy Fruiting for plants",N/A,N/A,https://www.lazada.com.ph/products/pdp-i5241284770.html
【Glue protection】FIGO Cordless Electric Mini Chainsaw Brushless 8/6 Inches Rechargeable Lithium Battery Portable Electric Wood Cutting,N/A,N/A,https://www.lazada.com.ph/products/pdp-i15410500211.html
Moketa Cordless Chainsaw 16 Inch Rechargeable 6000W Pure copper Brushless Motor Electric Chainsaw,N/A,N/A,https://www.lazada.com.ph/products/pdp-i15408471139.html
DeWalt 1300W Ultra Power Cordless Chainsaw with Battery Portable Heavy Duty Power Saw for Wood Cutting,N/A,N/A,https://www.lazada.com.ph/products/pdp-i15421051523.html
MAKITA Cordless Leaf Blower Light Weight Powerful Electric Air Blower Rechargeable 2 in 1 Vacuum Cleaner with Batteries,N/A,N/A,https://www.lazada.com.ph/products/pdp-i4961902203.html
good day order lng po garden tools po 20inch long with handle,N/A,N/A,https://www.lazada.com.ph/products/pdp-i5147460346.html
【No.1 Cutting Power】FIGO 6 Inch Cordless Electric Mini Chainsaw Portable Household Wood Cutting Power Tool with 2 Battery And Charger For Metal PVC Pipe Cutting Portable Handheld Power Saw With Saw Blades Anti-Reverse Safety Lock,N/A,N/A,https://www.lazada.com.ph/products/pdp-i15428367075.html
REAIM Cordless Mini Chainsaw 6 Inch Rechargeable Portable Electric Chainsaw,N/A,N/A,https://www.lazada.com.ph/products/pdp-i5379531223.html
"Cordless Electric Chainsaw 6-inch Lightweight Handheld Wood Cutter with LED Light, Rechargeable Battery, and Universal Plug",N/A,N/A,https://www.lazada.com.ph/products/pdp-i4064948503.html
Makita Electric Chainsaw 16 inches Corded Chainsaw Corded Electric Chainsaw for Tree Wood Cutting,N/A,N/A,https://www.lazada.com.ph/products/pdp-i5215345998.html
REAIM Pressure Washer Hose M22×15mm Outlet Pipe 7m/10m/15m/20m,N/A,N/A,https://www.lazada.com.ph/products/pdp-i5411597111.html
Tanzu | Rechargeable High Power Li-ion Blower,N/A,N/A,https://www.lazada.com.ph/products/pdp-i15418759418.html
4 6 8 Inch Mini Steel Chainsaw Chains 1/4 Electric Chainsaws Accessory Chains Replacement Mini Electric Chainsaw Chain Saw,N/A,N/A,https://www.lazada.com.ph/products/pdp-i4938007304.html
200W /220V Multi-Function Portable 78800mAh Big Capacity Power Station Power Generators With Solar Panels Outdoor Power Bank,N/A,N/A,https://www.lazada.com.ph/products/pdp-i15443172809.html
Orchid Power Bloom+ PowderMix Fertilizer for Orchids Fast Bloom Flower Booster Plant Nutrients,N/A,N/A,https://www.lazada.com.ph/products/pdp-i15492116846.html
"Automatic 1,000 Watts Inverter Solar Power Set Up Complete Set Zero Electricity for Brownout, Energy Saving, Camping, Emergency Long Lasting",N/A,N/A,https://www.lazada.com.ph/products/pdp-i4140239693.html
REAIM Turbo Blower Cordless Lithium-Ion High-Power Wireless Brushless Leaf Blower Handheld Motor Blower,N/A,N/A,https://www.lazada.com.ph/products/pdp-i5231580624.html
Ultra thick 2MM PC Full Transparent Lighting Board Endurance Board Plastic Hard Board Roof Canopy Greenhouse Balcony Transmittance reaches 100% durable for 50 years,N/A,N/A,https://www.lazada.com.ph/products/pdp-i5286942317.html
GROUND ROD (5/8) GALVANIZED,N/A,N/A,https://www.lazada.com.ph/products/pdp-i5238532791.html
"【Granular form, no water required】herbicide to kill tree,hexazione which can effectively kill big trees,tree killer chemical 500g,cycloazinone herbicide,permanent grass killer Die of Rotten Roots Weeding and land reclamation, bamboo tree root killer",N/A,N/A,https://www.lazada.com.ph/products/pdp-i4290257621.html
18V Portable Mini Intelligent Inverter Power Converter Power Station Generator 150W To 220VAC,N/A,N/A,https://www.lazada.com.ph/products/pdp-i5289123623.html
REAIM Portable Chainsaw 24 Inches Gasoline Saw Highower 4.2KW Guide bar and chain in Japan Outdoor Power Tools,N/A,N/A,https://www.lazada.com.ph/products/pdp-i15418233905.html
Aluminum L-Foot Kit Roof Solar Panel Mounting System,N/A,N/A,https://www.lazada.com.ph/products/pdp-i2885293650.html
Solar Panel 500W High-Efficiency Monocrystalline Silicon Photovoltaic Solar Module Solar Cell Panel For Home Garden Rv,N/A,N/A,https://www.lazada.com.ph/products/pdp-i4404090507.html
Original 16L/20L Knapsack Electric Sprayer Agriculture Rechargeable Sprayer Agricultural Garden Power Spray,N/A,N/A,https://www.lazada.com.ph/products/pdp-i4522951892.html
[15-year warranty] Solar panel 150/300/500w original 0 electricity bill High efficiency Suitable for all electrical appliances Household solar panels High conversion rate monocrystalline solar panel Waterproof solar panels Solar panel Complete set,N/A,N/A,https://www.lazada.com.ph/products/pdp-i15409500495.html
"【Hot Sale】Electric Cordless Reciprocating Saw Rechargeable Saber Saw Lithium Battery Handheld Cordless Chainsaw For Tree, Wood,Metal, PVC, Frozen Food, Ice or Bone Cutting With Free 4 Blades",N/A,N/A,https://www.lazada.com.ph/products/pdp-i4396012607.html
6M/10M High Pressure Washer Cleaning Hose For Karcher K2/K3/K4/K5/K6/K7,N/A,N/A,https://www.lazada.com.ph/products/pdp-i5407570565.html
"Advanced 3,000 Watts Inverter Solar Power Set Up Complete Set Zero Electricity for Brownout, Energy Saving, Camping, Emergency Long Lasting",N/A,N/A,https://www.lazada.com.ph/products/pdp-i4140400021.html
Ortiva Top 325SC 1liter Fungicide,N/A,N/A,https://www.lazada.com.ph/products/pdp-i5320670674.html
20W-1000W Solar Panel 12V Solar Cell 100A Controller Solar Panel for Phone RV Car MP3 PAD Charger Outdoor Battery Supply Camping,N/A,N/A,https://www.lazada.com.ph/products/pdp-i4470491293.html
bougainvillea fertilizer 500G Organic fertilizer for bougainvillea Bougainvillea flowering fertilize,N/A,N/A,https://www.lazada.com.ph/products/pdp-i4812849769.html
power station 220v 150w power station multi-function portable big capacity solar generator station,N/A,N/A,https://www.lazada.com.ph/products/pdp-i4443075103.html
"Upgraded 7,000 Watts Solar Set Up Complete Set Zero Electricity for All Appliances, Energy Saving, Emergency, Camping",N/A,N/A,https://www.lazada.com.ph/products/pdp-i3974462942.html
【XINJIA】400W 12V 24V Wind Turbine Charge Controller Wind Generator Controller IP67 Waterproof,N/A,N/A,https://www.lazada.com.ph/products/pdp-i15401292038.html
Solar outdoor power plant 220v 150w large capacity portable solar power plant generator,N/A,N/A,https://www.lazada.com.ph/products/pdp-i5251216428.html
4000W Gasoline Generator 4-Stroke Portable Power Generator For Home High Power 220V/60Hz Manual Electric Start Generator German Technology Dual Protection System With Ultra High Performance OHV Air Cooled Generators,N/A,N/A,https://www.lazada.com.ph/products/pdp-i4414119997.html
Makita 6 Inch Mini Chainsaw Cordless Electric Chainsaw Single Hand Saw Rechargeable Chain Saw Wood Cutter Home Tool,N/A,N/A,https://www.lazada.com.ph/products/pdp-i5189181227.html
4000W Gasoline Generator 4-Stroke Home Household Outdoor Generator High Power 220V/60Hz Manual Electric Start Generator OHV Air Cooled Generators Ultra Quiet Low Fuel Consumption High Quality Max Power Output,N/A,N/A,https://www.lazada.com.ph/products/pdp-i4468802099.html
Gasoline Generator 4kw/60Hz Single-Phase 4-Stroke Generator 220V Portable Small All-copper Generator (Manual/Electric Start) High Quality Gasoline Generator,N/A,N/A,https://www.lazada.com.ph/products/pdp-i5073249799.html
MA 480 Long Axis High Speed High Torque Strong Magnet Generator Motor,N/A,N/A,https://www.lazada.com.ph/products/pdp-i4842524307.html
Solar generator 160000mah 350w 220v portable power station for home emergency travel and outdoor use,N/A,N/A,https://www.lazada.com.ph/products/pdp-i5341823474.html
500W Outdoor Solar Generator 288000mAh Fast Charge Large capacity Power Station With Solar Charging Board Outdoor Power Bank Travel Camping Home Emergency Power DC/AC External Battery Support usb Port Charging AC Output,N/A,N/A,https://www.lazada.com.ph/products/pdp-i4649259774.html
Makita 6 Inch Cordless Gardening Portable Electric Chainsaw Pruning Chain Saw Wood Cutter One-Hand Saw Woodworking Power Tools With 2 Battery,N/A,N/A,https://www.lazada.com.ph/products/pdp-i4151153458.html
【Free Shipping+Local Ship】Expandable Magic Car Watering Washing Retractable Coil Hose Garden Supplies Irrigation Water Hose,N/A,N/A,https://www.lazada.com.ph/products/pdp-i2274327759.html
Jingke Solar Panel Class B Solar Panel 400W Single-sided Power Generation Panel Single Crystal 410W Photovoltaic Module,N/A,N/A,https://www.lazada.com.ph/products/pdp-i4517259434.html
Moketa Cordless Chainsaw 12 Inch Electric Pruning Saw Rechargeable 788V Brushless Electric Saw 5000W,N/A,N/A,https://www.lazada.com.ph/products/pdp-i5174557182.html
Moketa 6 Inch Cordless Electric Chainsaw 4000W Electric Pruning Saw Rechargeable 998V Lithium Battery,N/A,N/A,https://www.lazada.com.ph/products/pdp-i5181720011.html
950W Portable Gasoline Generator – Compact Home Power Supply,N/A,N/A,https://www.lazada.com.ph/products/pdp-i5282864406.html
Electric Motor 12/24V 30W High Speed CW/CCW Permanent Magnet Motor For DIY Generator High Speed Motor,N/A,N/A,https://www.lazada.com.ph/products/pdp-i15430989768.html
【12 inches】Cordless Electric Chainsaw 1288VF Mini Chainsaw Pure copper motor Cordless Chainsaw Durable&Powerful cutting Easily cut wood Handheld Chainsaw Portable chainsaw,N/A,N/A,https://www.lazada.com.ph/products/pdp-i5243403564.html
Miniature DIY Rechargeable Generator 775 220V DC High Voltage DC motor Generator Set Double Bearing Mute Motor,N/A,N/A,https://www.lazada.com.ph/products/pdp-i5287877366.html
Original diymore 15KV High Frequency Inverter High Voltage Generator Coil Arc Generator Plasma Boost Converter Inverter Step-Up Power Module,N/A,N/A,https://www.lazada.com.ph/products/pdp-i1121656121.html
Wz | Waterproof Rain Resistant 304 Stainless Steel Electrical Box,N/A,N/A,https://www.lazada.com.ph/products/pdp-i15423437315.html
New 200W Portable Power Station Big Capacity Outdoor&Home Use Multi-Function 220V Solar Generator,N/A,N/A,https://www.lazada.com.ph/products/pdp-i5337548232.html
MAKUTE 450W PORTABLE BLOWER,N/A,N/A,https://www.lazada.com.ph/products/pdp-i3413746033.html
Wind Turbine Generator Kit Wind Turbine Kit 12m/s Rated Wind Speed for Solar and Wind Hybrid System for Charging Boats Terraces Cabins,N/A,N/A,https://www.lazada.com.ph/products/pdp-i15498576361.html
Solar Generator 220V 150W Multi-function Big Capacity Portable Emergency Generator,N/A,N/A,https://www.lazada.com.ph/products/pdp-i15454070251.html
（COD）12 inch Chainsaw Cordless Electric Chainsaw Battery Rechargeable Electric Portable Chain Saw Wood Cutter Wood Fast Cutting Machine Handheld Chainsaw（Wired/Wireless）,N/A,N/A,https://www.lazada.com.ph/products/pdp-i5327947358.html
Portable Power Station Explorer 220V/150W Solar Generator Backup Lithium Battery Generator,N/A,N/A,https://www.lazada.com.ph/products/pdp-i15465355973.html
78800mAh 220V Portable Generator Fast Charge Large Capacity with Solar Board Station Heavy Duty,N/A,N/A,https://www.lazada.com.ph/products/pdp-i15449465608.html
ZUOLEJIA | Solar Windmill Model Kit Educational Toy,N/A,N/A,https://www.lazada.com.ph/products/pdp-i15436397898.html
Multi-function Portable 220v 150W Solar Generator Power Station Emergency Power,N/A,N/A,https://www.lazada.com.ph/products/pdp-i15449533459.html
DIODIY Premium Electric Mosquito Swatter / Insect Killer 3 in 1,N/A,N/A,https://www.lazada.com.ph/products/pdp-i5150622690.html
Gasoline Saw Original Germany 20/22/24 inches Portable High Power electric saw 58CC/4.2KW original Gasoline saw Mini Portable Power Saw,N/A,N/A,https://www.lazada.com.ph/products/pdp-i3783867418.html
Arrow Sunshade net shade Black/Brown Sunshade Outdoor waterproof sun shade net garden net 95% Shade Cloth Net Insulation Sunscreen Multiple sizes available,N/A,N/A,https://www.lazada.com.ph/products/pdp-i4354065199.html
Torque Drive for GY6,N/A,N/A,https://www.lazada.com.ph/products/pdp-i5369899443.html
[BUY1 TAKE 1] Mulberry Stem Cuttings (1-4 stems available) (Live Plant) with FREE garden soil.,N/A,N/A,https://www.lazada.com.ph/products/pdp-i3354146401.html
SSSHiker Gasoline generator Portable Gasoline Generator Set 1000W High-power 220V Household Outdoor Small Generator High Quality,N/A,N/A,https://www.lazada.com.ph/products/pdp-i15481374814.html
Portable 109600mAh Large Capacity Power Station 220V/350W Multifunctional Solar Generator,N/A,N/A,https://www.lazada.com.ph/products/pdp-i5098312899.html
BMW Compatible Generator,N/A,N/A,https://www.lazada.com.ph/products/pdp-i15439745871.html
220V Power Station Multi-Function Portable 150W/68800mAh Big Capacity Solar Generator Outdoor Power Station Multi-Function Outdoor Solar Generator With Solar Charging Board Heavy Duty Outdoor Generator For Travel Camping Home Emergency Power bank,N/A,N/A,https://www.lazada.com.ph/products/pdp-i15456932936.html
KAMPEON Portable Power Station Solar Generator 220V Output Camping Battery USB DC AC Charger Emergency,N/A,N/A,https://www.lazada.com.ph/products/pdp-i5264112212.html
ARUCARIA LIVE ROOTED PLANTS,N/A,N/A,https://www.lazada.com.ph/products/pdp-i5287223973.html
【Top-rated】 Vertical Axis Wind Turbine Model Three-Phase Permanent Magnet Generator Windmill Toy Diy Display Vertical Wind Generator Model,N/A,N/A,https://www.lazada.com.ph/products/pdp-i4488379874.html
[New release] 1000-5000W MPPT Charge Controller 12V/24V AUTO 48V 10A-40A Wind Turbine Generator Water Proof Regulator Rectifier Factory Price,N/A,N/A,https://www.lazada.com.ph/products/pdp-i15492565523.html
【Bestselling Product】 Small Mini 10w Wind Turbine Generator 5.5v Led Teaching Tools Sample Model Windmill,N/A,N/A,https://www.lazada.com.ph/products/pdp-i4488379772.html
【Limited-time offer】 Mini New Wind Turbine Generator Charger Dc 5v Usb Output Power Motors,N/A,N/A,https://www.lazada.com.ph/products/pdp-i4488404673.html
NE 12V/24V 4200W 5 Blade Wind Turbine Generator Windmill Power Charge Controller,N/A,N/A,https://www.lazada.com.ph/products/pdp-i5339694631.html
【Must-Have Style】 545 DC DC12V-38V generator High-quality motor wind turbines 2400-6800RPM Free shipping,N/A,N/A,https://www.lazada.com.ph/products/pdp-i3155537582.html
12V Small Wind Turbine High Efficient Domestic Wind Turbine Generator 5 Blades Wind Energy Rotor,N/A,N/A,https://www.lazada.com.ph/products/pdp-i15466698141.html
【Get the Perfect Fit】 Mini Wind Generator Wind Turbine Model Set Kits Teaching Tool G,N/A,N/A,https://www.lazada.com.ph/products/pdp-i4488425315.html
24V Generator Miniature Hand Crank Emergency Wind Turbine Generator Motor,N/A,N/A,https://www.lazada.com.ph/products/pdp-i15475160639.html
【Hot ticket】 Vertical Axis Wind Turbine Model Three-Phase Permanent Magnet Generator Windmill Toy Night Making Diy Display,N/A,N/A,https://www.lazada.com.ph/products/pdp-i4488397608.html
【QJAT】 360 Degree Rotation Wind Turbine Model Wind Generator Kit Hands-on Practice 【NEW】,N/A,N/A,https://www.lazada.com.ph/products/pdp-i15468949328.html
50W 12V DC Output Low Wind Speed Brushless Generator Micro Wind Turbine Generator,N/A,N/A,https://www.lazada.com.ph/products/pdp-i15469400856.html
Electricity Generator DIY Kit Small Motor Vertical Wind Turbines Blades Breeze Wind Energy Vertical Wind Generator Science Model,N/A,N/A,https://www.lazada.com.ph/products/pdp-i15474168245.html
10000W Efficient DC 48V Wind Turbines Generator MPPT Charge Controller IP67 Waterproof Battery Charge Controller Regulator,N/A,N/A,https://www.lazada.com.ph/products/pdp-i4007802476.html
844PCS Creative Series Vestas Wind Turbine Building Blocks Electric Windmill Generator Model Bricks Toys For Boy Kids Gift,N/A,N/A,https://www.lazada.com.ph/products/pdp-i5329817320.html
【TIANXIN MALL】 1000-5000W MPPT Charge Controller 12V/24V AUTO 48V 10A-40A Wind Turbine Generator Water Proof Regulator Rectifier Factory Price,N/A,N/A,https://www.lazada.com.ph/products/pdp-i5257655821.html
Wind Turbine Generator Accurate Injection Moulding 3 Blade 500W Small Windmill Generator for Wind Solar Hybrid Street Light,N/A,N/A,https://www.lazada.com.ph/products/pdp-i15481697850.html
600W DC12V Wind Turbine Vertical Wind Generator Kit Electricity Producer Equipment White,N/A,N/A,https://www.lazada.com.ph/products/pdp-i15485174964.html
MOTOR-1Pc Wind Turbine Generator Kit Micro-Hand Dynamo Generator DC12V Generator Power Supply Part Mend,N/A,N/A,https://www.lazada.com.ph/products/pdp-i15445661470.html
【Value Bundle】 Hand Crank Generator Mobile Phone Charging Treasure High Power 220v 500w Large Outdoor Dc12v 240w Manual Generator,N/A,N/A,https://www.lazada.com.ph/products/pdp-i15490390206.html
[Trivony] Manual Generator Hand Crank High-Power 220V 500W DC12V Outdoor Charging Device,N/A,N/A,https://www.lazada.com.ph/products/pdp-i15486296748.html
【Clearance】 220v Pulley Permanent Magnet 1500w Constant Voltage New Pure Copper Household Small Ac Generator,N/A,N/A,https://www.lazada.com.ph/products/pdp-i4305032608.html
[jusumall]AC220V 150W High Power Hand Crank Generator Mobile Phone Charging Treasure DC12V 240W Outdoor Large Capacity,N/A,N/A,https://www.lazada.com.ph/products/pdp-i15478409720.html
60HZ pure sine wave off grid inverter 5000W 8000W DC 12V/24V to AC 220V portable converter solar car inverter transformer,N/A,N/A,https://www.lazada.com.ph/products/pdp-i15466437316.html
FANG TAI 300W Solar Panel 18 Volt Pv Solar Module solar panels 10000w set board Solar with controller Multifuncitional and Portable generator 0 electricity bill waterproof lightning solar outdoor heavy duty for all appliances 220v complete set battery,N/A,N/A,https://www.lazada.com.ph/products/pdp-i4235060614.html
Chunzitang Birch Powder for Facial Cleansing,N/A,N/A,https://www.lazada.com.ph/products/pdp-i15486384986.html
Hand Crank Generator High Power AC220V 150W Mobile Phone Charging Treasure Outdoor DC12V 240W Large Capacity,N/A,N/A,https://www.lazada.com.ph/products/pdp-i15472568186.html
【Eco-friendly】 Permanent Magnet Brushless Motor Generator Set Output Ac 220v Double Bearing Silent Inner Rotor Dc High Voltage Dc 12v Motor 775,N/A,N/A,https://www.lazada.com.ph/products/pdp-i5281269445.html
Pool Vacuum Cleaner Hose Suction Swimming Replacement Pipe Tool Swimming Pool Cleaning Hose PE singl,N/A,N/A,https://www.lazada.com.ph/products/pdp-i5228616884.html
Agricultural Diesel Engine Starter,N/A,N/A,https://www.lazada.com.ph/products/pdp-i15430570191.html
Yoqu Fruit Picker with Long Pole Fruit Picking Stainless Steel High-altitude Rod Artifact Telescopic Rod,N/A,N/A,https://www.lazada.com.ph/products/pdp-i3766139466.html
Pure Sine Wave DC 12V-48V to AC 220V Inverter 750W,N/A,N/A,https://www.lazada.com.ph/products/pdp-i15415530274.html
6/8/10/12FT Round Swimming Pool Cover Quick Coverage of Family Swimming Pool,N/A,N/A,https://www.lazada.com.ph/products/pdp-i4256083295.html
0-30psi 0-2bar Air Pressure Hydraulic Gauge 1/4inch NPT Side Mount Manometer,N/A,N/A,https://www.lazada.com.ph/products/pdp-i5149761171.html
XiMei WoodWork | PVC-Wood Villa Fencing for Outdoor Garden Terrace Protection,N/A,N/A,https://www.lazada.com.ph/products/pdp-i15395303190.html
"MAKITA Cordless Lithium Electric Saw 4""/8""/10""/12"" Electric Pruning Saw Rechargeable Lithium BatteryElectric Saw",N/A,N/A,https://www.lazada.com.ph/products/pdp-i4300495834.html
【High Quality】Saw Guide Rail Electricity Circular Saw Multi-function Cutting Machine Hand Trimmer For 4/5/7 Inches,N/A,N/A,https://www.lazada.com.ph/products/pdp-i4463111474.html
KAWASAKI Knapsack Electric Sprayer 18L Rechargeable Battery Electric and Manual Sprayer 2 IN 1 Sprayer--Rechargeable Type 18liters METAL ROD (free 1pc single nozzle - BRASS),N/A,N/A,https://www.lazada.com.ph/products/pdp-i4930535318.html
NATSEN | Waterproof Solar Panel,N/A,N/A,https://www.lazada.com.ph/products/pdp-i15418352750.html
An LAN MALL【COD】Pool Filter Pump 330 GPH Pool Electric Water Pump with 2 Pool Filter Cartridge and telescopic tubes,N/A,N/A,https://www.lazada.com.ph/products/pdp-i5252239738.html
Y&H 4.2KW/6.2KW/10.2KW hybrid inverter dedicated WiFi,N/A,N/A,https://www.lazada.com.ph/products/pdp-i4330234718.html
LOCAL STOCK Pure sine wave inverter 12v to 220v 60Hz 1000W 1600W 2000W 3000W 4000W 24v dc to ac 220Voltage solar battery car original power Converter,N/A,N/A,https://www.lazada.com.ph/products/pdp-i4559928216.html
5/16/20L Knapsack Electric Sprayer Automatic and Manual Agricultural Rechargeable Sprayer Heavy Duty Electric Pesticide Spray Electric Power Sprayer Garden Sprayer Breeding Atomizer for Farmer,N/A,N/A,https://www.lazada.com.ph/products/pdp-i4430757972.html
Garden Plant Fence Artificial Faux Green Leaf Privacy Screen Panels Rattan Outdoor Hedge Garden Home Decora 0.5X1M,N/A,N/A,https://www.lazada.com.ph/products/pdp-i4235238288.html
"Electric Cordless Reciprocating Saw Rechargeable Saber Saw Lithium Battery Handheld Cordless Chainsaw For Tree, Wood,Metal, PVC, Frozen Food, Ice or Bone Cutting With Free 4 Blades",N/A,N/A,https://www.lazada.com.ph/products/pdp-i5252204434.html
"Y&H 3200W Solar Hybrid Inverter DC24V to AC230V, Off-Grid Pure Sine Wave Inverter with 80A MPPT Solar Charger + AC Charger,Max PV 3000W DC55-450V Input,fit for 24V Lead-Acid/Lithium Battery",N/A,N/A,https://www.lazada.com.ph/products/pdp-i3834672381.html
Cow Manure Organic Dried Odorless Cow Dung Nutrients for Soil Plants Gardening per takal,N/A,N/A,https://www.lazada.com.ph/products/pdp-i4413007753.html
Honda chainsaw gasoline saw 24 inches 78cc 9.9KW Portable Mini Chainsaw high Power saw outdoor power tools Made In Japan,N/A,N/A,https://www.lazada.com.ph/products/pdp-i4415548698.html
2024 New Edition Chainsaw Guide Bar 20/22/24 inch 2 years warranty For saw Accessories,N/A,N/A,https://www.lazada.com.ph/products/pdp-i5190261746.html
【COD】BOSCH Mini 20''22'' 24inch Gasoline Chain Saw 5.8/9.9W High Power 58/78CC Logging Chain Saw Free Accessories,N/A,N/A,https://www.lazada.com.ph/products/pdp-i5180000832.html
Zamdon MPPT Solar Charge Controller 40A 12V24V,N/A,N/A,https://www.lazada.com.ph/products/pdp-i3850972125.html
power window motor for toyota vios Gen3 (Superman),N/A,N/A,https://www.lazada.com.ph/products/pdp-i15418472659.html
Tansi Nylon Grass Cutter Size 400 mm 350 mm 300 mm 250mm 200mm - Sold per Roll Durable. Grass cutting. Sampayan. Pantali ng Balsa. Kurtina ng bahay jeep at tricycle,N/A,N/A,https://www.lazada.com.ph/products/pdp-i1869950584.html
lawn mower parts trimmer gearbox gear head lawn mower gearbox assembly7teeth,N/A,N/A,https://www.lazada.com.ph/products/pdp-i2841056269.html
Thickened Heavy Duty Sun Shade Net 98% UV Protection Waterproof Garden Cover with Free Rope,N/A,N/A,https://www.lazada.com.ph/products/pdp-i15435030553.html
BAIPUXI 16-inch Brushless Cordless Chainsaw - Portable Rechargeable Powerful Cutting Electric Tool,N/A,N/A,https://www.lazada.com.ph/products/pdp-i5326433761.html
1000W Solar Panel 12V Solar Cell 10A-100A Controller Solar Panel for Phone RV Car MP3 PAD Charger Outdoor Battery Supply,N/A,N/A,https://www.lazada.com.ph/products/pdp-i4448629890.html
PER ROLL/Tansi Used in Grass cutter Nylon tansi Grass Cutter Trimmer line String(1.50 2.50 3.50 4.0),N/A,N/A,https://www.lazada.com.ph/products/pdp-i4489113450.html
Portable Household Electric Chainsaw,N/A,N/A,https://www.lazada.com.ph/products/pdp-i15406200764.html
New Chainsaw Gasoline saw Original 18/20/22 inches 52CC Portable High Power saw Large electric saw Outdoor Power Tools Steel Chain Saw Electric Metal Tools,N/A,N/A,https://www.lazada.com.ph/products/pdp-i4315111025.html
JOYUHON Solar Power Inverter System Kit DC12V/24V TO AC220V 12000W/6000W Intelligent Power Inverter 18W Solar Panel 30A Solar Controller for Home Car Outdoor,N/A,N/A,https://www.lazada.com.ph/products/pdp-i4061223430.html
REAIM High Pressure Washer Hose 7/10/15/20 Meters M22x15 Retardant Anti-corrosion,N/A,N/A,https://www.lazada.com.ph/products/pdp-i5253018065.html
12/16 inches Brushless Cordless mini Chainsaw high-power Electric Portable Rechargeable Wood Cutting,N/A,N/A,https://www.lazada.com.ph/products/pdp-i4461093970.html
Snake Plant good for indoor. Uprooted with FREE plastic pot. Real Plants not Seeds / Indoor Plant / Plants fo Sale.,N/A,N/A,https://www.lazada.com.ph/products/pdp-i2367154452.html
"Quality Metal Grooved Din Rail 35MM (MCB & Relay Mounting Rail) | 20CM, 50CM, 70CM, 100CM",N/A,N/A,https://www.lazada.com.ph/products/pdp-i4167089141.html
10km Farm Electric Poultry Equipments Portable Power Solar Panel Electric Fence Energizer Metal Garden Fence Fence Accessories,N/A,N/A,https://www.lazada.com.ph/products/pdp-i4409533851.html
1.8% Avermectin Fruit Tree Red Spider Vegetable Aphid Flower Planthopper Small White Medicine Cabbage Insecticide,N/A,N/A,https://www.lazada.com.ph/products/pdp-i5203837299.html
Yoqu High-branch Saw Garden Pruning High Branch Saw 10M Telescopic Pole Saw Tree Hand Tools,N/A,N/A,https://www.lazada.com.ph/products/pdp-i4732057342.html
【Limited stock】 Permanent Magnet Brushless Motor Generator Set Output Ac 220v Double Bearing Silent Inner Rotor Dc High Voltage Dc 12v Motor 775,N/A,N/A,https://www.lazada.com.ph/products/pdp-i5107065893.html
Double Ends Solar Extension Cable with Connector 1-10 Meter 4mm2/6mm2 1000V/1500V PV DC Connector Solar Cable Photovoltaic Wire,N/A,N/A,https://www.lazada.com.ph/products/pdp-i4409608178.html
Chainsaw Rechargeable 4/6/8/10/12'' Portable Electric Cordless Chain Saw Set Woodworking Cutting Tools,N/A,N/A,https://www.lazada.com.ph/products/pdp-i4753217927.html
"Yamasaki Nutrient Solution 1L | fertilizer for plant, hydroponics solution, snap solution, 001",N/A,N/A,https://www.lazada.com.ph/products/pdp-i423856784.html
Delixi | High Power Portable Electric Chainsaw,N/A,N/A,https://www.lazada.com.ph/products/pdp-i5394187355.html
3pcs Round Chainsaw File 4.8mm 3/16 & 7/32 Chainsaw Sharpener Suitable for 325 Chain,N/A,N/A,https://www.lazada.com.ph/products/pdp-i4262306938.html
Agricultural Electric Sprayer Rechargeable Knapsack 16L/20L Agriculture Knapsack Sprayer For Agriculture and Garden Power Tools,N/A,N/A,https://www.lazada.com.ph/products/pdp-i4509868323.html
BOSCA 10W Solar Panel Mono 10 Watt 12 Volt Pv Solar Module Solar Cell Panel (Original) 5 Years Warranty,N/A,N/A,https://www.lazada.com.ph/products/pdp-i4014233151.html
REAIM Gasoline Chainsaw 20 22 24 inches 5500W Portable High Power original packaging With A Full Set Of Accessories,N/A,N/A,https://www.lazada.com.ph/products/pdp-i5215620661.html
VFD Inverter 220V Input 1phase 220V Output 3phase 220V 0.4KW-5.5KW Three-phase Motor Speed Controller Frequency Converter AC Drive,N/A,N/A,https://www.lazada.com.ph/products/pdp-i3252329473.html
SDJZT UTENSIL Universal Two-stroke Chainsaw Logging Super Carburetor 5200 5800 5900 Chinese Professional Gasoline Chainsaw Accessories,N/A,N/A,https://www.lazada.com.ph/products/pdp-i15464270507.html
MOC Power Function Technical Building Blocks Pro M/L Motor Servo Motor PF 2x3 Micro Motor Compatible with Legoeds 43362c01 2986,N/A,N/A,https://www.lazada.com.ph/products/pdp-i15434729554.html
"STIHL Original 78CC Upgraded Mini Gas Chainsaw (Model 070) – Imported Portable Power Tool with 20/22/24 Inch Bar for Tree Felling, Branch Cutting & Firewood Processing",N/A,N/A,https://www.lazada.com.ph/products/pdp-i5184489625.html
22/24 Inch HONDA 100% Original Chainsaw 5500W 68cc Portable Gasoline Chain Saw Outdoor Tool First Choice,N/A,N/A,https://www.lazada.com.ph/products/pdp-i5043075697.html
"DICALITE USA Diatomaceous Earth DE Powder , KILO/s | BAG",N/A,N/A,https://www.lazada.com.ph/products/pdp-i1365238466.html
Tabletop Fountain Ornaments Home Gardening Decoration Rockery Water Fountain Crafts Gifts Desktop Decorations,N/A,N/A,https://www.lazada.com.ph/products/pdp-i5215739210.html
20/22/24 Inches Chainsaw Original Gasoline Chain saw Mini Portable Chainsaw Steel Power Saw Tool,N/A,N/A,https://www.lazada.com.ph/products/pdp-i4123208536.html
78CC 9.9KW Gasoline Chainsaw 22/24 Inches Mini Portable High Power Cutting Tool Original Import for Versatile Gardening and Tree Trimming,N/A,N/A,https://www.lazada.com.ph/products/pdp-i4171175114.html
"Tanzu High-power cordless blower, cordless leaf blower, suitable for blowing dust, leaves, etc",N/A,N/A,https://www.lazada.com.ph/products/pdp-i4768783162.html
Viocky Gasoline Blower Petrol Engine 25CC 26CC Suction Leaf Blower Machine Leaves Machine Hand Duty Held Blower Garden Street,N/A,N/A,https://www.lazada.com.ph/products/pdp-i4449144232.html
ZEHY High-Efficiency Corded Electric Chainsaw 12/16-inch with Pure Copper Motor and Import Quenching Chain,N/A,N/A,https://www.lazada.com.ph/products/pdp-i4707807304.html
Garden Tool Set Heavy Duty Garden Trowels Cast Aluminum Garden Hand Shovels with Non Slip Rubber Grip Idea for Transplanting Weeding Digging Planting Shovel Rake Hoe Gardening Tools garden shovel,N/A,N/A,https://www.lazada.com.ph/products/pdp-i4196195300.html
RHEA TOOL | Leak-Proof Pressure Reducing Nitrogen Regulator,N/A,N/A,https://www.lazada.com.ph/products/pdp-i5375747898.html
Elevated Windscreen,N/A,N/A,https://www.lazada.com.ph/products/pdp-i15442263731.html
SDEJ | For Mazda Ruiyi CX-45 Benteng X80 Atz Window Motor,N/A,N/A,https://www.lazada.com.ph/products/pdp-i5375646354.html
Oral-B | DIY Calculator Kit,N/A,N/A,https://www.lazada.com.ph/products/pdp-i15435958425.html
Electric Glass Turntable,N/A,N/A,https://www.lazada.com.ph/products/pdp-i15436547592.html
Oral-B | Default Defective DIY Research Kitchen Scale,N/A,N/A,https://www.lazada.com.ph/products/pdp-i15436355245.html
Oral-B | OtterQ,N/A,N/A,https://www.lazada.com.ph/products/pdp-i15442384060.html
DIY Science Experiment Educational Toy,N/A,N/A,https://www.lazada.com.ph/products/pdp-i15454669879.html
Pure Sine Wave Inverter Module 12V/24V/48V to 220V,N/A,N/A,https://www.lazada.com.ph/products/pdp-i15422873305.html
Primary school students' scientific experiment battery set power generation children's sixth grade and fourth grade circuit experiment set small light bulb,N/A,N/A,https://www.lazada.com.ph/products/pdp-i5268756418.html
Modification Wheel,N/A,N/A,https://www.lazada.com.ph/products/pdp-i15439584774.html
High Speed DC Large Torque Copper Small Motor,N/A,N/A,https://www.lazada.com.ph/products/pdp-i3278253169.html
MINGRENBANG | Soft Tri-blade Flying Toy,N/A,N/A,https://www.lazada.com.ph/products/pdp-i15423755798.html
[China Plug Adapter Needed] Home Small Drying Machine,N/A,N/A,https://www.lazada.com.ph/products/pdp-i15439689771.html
BTC Solo Miner 40KH/S Lottery Miner Bitcoin Mini Miner Asic Mining Miner for Home Office,N/A,N/A,https://www.lazada.com.ph/products/pdp-i5229240900.html
Mishilei 150W Solar Power Generation Portable Power Station Multifunctional Emergency Equipment Large Capacity Generator,N/A,N/A,https://www.lazada.com.ph/products/pdp-i5341404817.html
Magnetic UV Finished Sun System 4 Layer Magic Cube,N/A,N/A,https://www.lazada.com.ph/products/pdp-i15436126805.html
Diesel generator rental Shanghai Yangtze River Delta rental mobile generator silent 50-1000KW maintenance,N/A,N/A,https://www.lazada.com.ph/products/pdp-i5050258311.html
12V semiconductor refrigerator set DIY small refrigerator small air conditioner water cooling system set electronic refrigerator,N/A,N/A,https://www.lazada.com.ph/products/pdp-i5268631344.html
Bougainvillea Variegated Live Plant Flowering Plant,N/A,N/A,https://www.lazada.com.ph/products/pdp-i4372927423.html
[COD] Japan High Presure Water Spray Gun Car Wash Portable Electric Sale Heavy Duty Lithium Battery 48v/68v/88v/128v/168v Rechargable Car Wash Water Gun High Presure,N/A,N/A,https://www.lazada.com.ph/products/pdp-i4115380533.html
High Power 220V 2000W Belt Drive Pure Copper Wire Brushless AC Generator Small Home Use Permanent Magnet Generator,N/A,N/A,https://www.lazada.com.ph/products/pdp-i5161149107.html
Plant Climbing Net Trellis Durable Nylon Plant Net Gardening for Ampalaya Sitaw Fruit Vegetables Support Flower Climbing Vine Plant Patio Shape Indoor Outdoor,N/A,N/A,https://www.lazada.com.ph/products/pdp-i3829447937.html
"REAIM 5L-20L Electric Sprayer Manual & Automatic 2-in-1, Adjustable Speed Knapsack Sprayer with Rechargeable Battery for Agriculture",N/A,N/A,https://www.lazada.com.ph/products/pdp-i5303466079.html
BLUE EUGENIA LIVE ROOTED PLANTS,N/A,N/A,https://www.lazada.com.ph/products/pdp-i5287435286.html
tobbehere-Current Voltage Signal Generator 4-20mA with 4 Digit Display and Battery Power Supply,N/A,N/A,https://www.lazada.com.ph/products/pdp-i15419145266.html
Solar Power Inverter 12V to 220V | 220W 500W 1000W High Efficiency DC to AC Converter with Cooling Fan & Anti-Interference,N/A,N/A,https://www.lazada.com.ph/products/pdp-i5400160761.html
Science Project Kit for Kids DIY Radio Model Toy,N/A,N/A,https://www.lazada.com.ph/products/pdp-i15416972513.html
Gold Star Brown Anti-UV Sunshade Net 90% Shading Rate Outdoor Garden Net Farm Net Greenhouse Net Shade Cloth Net Car Cover,N/A,N/A,https://www.lazada.com.ph/products/pdp-i2323505233.html
Miniature 28MM three-phase (four-wire) brushless motor DC6V 5000 rotor brushless motor,N/A,N/A,https://www.lazada.com.ph/products/pdp-i4869805115.html
100A/60A/50A/40A/30A MPPT Solar Charge Controller Dual USB LCD Display Auto Solar Cell Panel Charger Regulator,N/A,N/A,https://www.lazada.com.ph/products/pdp-i4528810310.html
LUGG【COD】Expandable Magic Car Watering Washing Retractable Coil Hose 7.5M/15M/20M Garden Supplies Irrigation Water Hose,N/A,N/A,https://www.lazada.com.ph/products/pdp-i3794150929.html
24 Inches Gasoline Chainsaw Original Portable Chain saw 070 Mini Steel Power Saw Metal Tool,N/A,N/A,https://www.lazada.com.ph/products/pdp-i5167865379.html
Honda Chain saw Gasoline Saw 24 Inches 58cc 4.2KW Portable High Power Saw Made in Japan Outdoor Power Tools Chain Saw,N/A,N/A,https://www.lazada.com.ph/products/pdp-i4237994293.html
24 Inches Germany Original Gasoline Chainsaw Portable Mini Chain Saw High Power Steel Saw Power Tool Wood Cutting,N/A,N/A,https://www.lazada.com.ph/products/pdp-i5256325051.html
Cable Connector MC4 Branch Y3/Y4/Y5 T3/T4/T5 Adapter Connectors M/M/F and F/F/M For Solar Panels,N/A,N/A,https://www.lazada.com.ph/products/pdp-i4443400553.html
Privacy Screen for Balcony Backyard Deck Patio Fence Porch Sunshade Net Sail Anti UV 90% Black Sun Shade Sail for Garden Backyard,N/A,N/A,https://www.lazada.com.ph/products/pdp-i2612546881.html
200W 300W Waterproof Solar Panel Set Monocrystalline Solar Panel Kit Battery USBsolar charge controller10A-100A solar For Car/Boat/ Home,N/A,N/A,https://www.lazada.com.ph/products/pdp-i2946266163.html
"Swimming Pool Algae Brush 5"", Stainless Steel Bristles, Aluminum Back/Handle (Telescopic pole sold separately)",N/A,N/A,https://www.lazada.com.ph/products/pdp-i3849431872.html
【Original+24hours delivery】1000W Automatic Inverter Power Converter 12V to 220V 220W 1000/500W,N/A,N/A,https://www.lazada.com.ph/products/pdp-i4055474403.html
20*1.0KBG/JDG galvanized conduit KBG metal conduit galvanized conduit has complete specifications.,N/A,N/A,https://www.lazada.com.ph/products/pdp-i5008290599.html
Crossing machine MT2204 2205 KV2300 UAV model QAV250 four-axis brushless motor motor,N/A,N/A,https://www.lazada.com.ph/products/pdp-i4951472679.html
Japan Nidec external rotor brushless motor 12-24V frequency conversion motor with built-in drive brushless fan with shell,N/A,N/A,https://www.lazada.com.ph/products/pdp-i4894261182.html
SDJZT Nidec 20N Micro DC Brushless Motor DC 6V-12V 12000RPM High Speed Large Torque Mini 24mm Brushless Motor With Driver Board DIY,N/A,N/A,https://www.lazada.com.ph/products/pdp-i15497510245.html
Three-phase internal rotor brushless motor generator DIY power generation experiment motor small generator,N/A,N/A,https://www.lazada.com.ph/products/pdp-i5158859159.html
HY4008W brand new original genuine high-power field effect MOS tube HY5208 HY5608W HY5608,N/A,N/A,https://www.lazada.com.ph/products/pdp-i5014591089.html
Safe Returnable Kids Flying Disc,N/A,N/A,https://www.lazada.com.ph/products/pdp-i5404110250.html
【Latest model】BTC Solo Miner 40KH/S Lottery Miner Bitcoin Mini Miner Asic Mining Miner for Home,N/A,N/A,https://www.lazada.com.ph/products/pdp-i15452272205.html
Multi-rotor model brushless motor ZD2808-V1.9 High-efficiency disc brushless motor KV value is 700KV.,N/A,N/A,https://www.lazada.com.ph/products/pdp-i5051224403.html
ORIGINAL TITANUM AVR SVC-1000N 1000 WATTS WITH TIME DELAY,N/A,N/A,https://www.lazada.com.ph/products/pdp-i2446510944.html
300W、600W、700W、1200W Grid Tie Micro Inverter with WIFI Communication Waterproof MPPT Stackable DC30-60V Solar Input,N/A,N/A,https://www.lazada.com.ph/products/pdp-i15498288607.html
BTC Solo Miner 40KH/S Lottery Miner Bitcoin Mini Miner Asic Mining Miner for Home Office,N/A,N/A,https://www.lazada.com.ph/products/pdp-i5200299068.html
FENFA | DIY Radio Model Educational Toy Kit,N/A,N/A,https://www.lazada.com.ph/products/pdp-i15391709647.html
Heavy Duty Silent Swivel Caster Wheel,N/A,N/A,https://www.lazada.com.ph/products/pdp-i15438375290.html
3PCS BTC Solo Miner 40KH/S Lottery Miner Bitcoin Mini Miner Asic Mining Miner for Home Office,N/A,N/A,https://www.lazada.com.ph/products/pdp-i5218737068.html
Processing of corrosion-resistant square common board air duct for kitchen smoke exhaust and ventilation pipeline with galvanized air duct and tin sheet spiral pipe,N/A,N/A,https://www.lazada.com.ph/products/pdp-i5269932181.html
Factory direct unidirectional plastic tensile geogrid TGDG80 polyethylene HDEP polypropylene pp unidirectional geogrid,N/A,N/A,https://www.lazada.com.ph/products/pdp-i5038721842.html
Galvanized grounding pin grounding pin T-pillar lightning rod grounding wire lightning protection device accessories household grounding pile,N/A,N/A,https://www.lazada.com.ph/products/pdp-i4823563599.html
BTC Miner Solo Lottery Miner 70-80KH/S Bitcoin BTC Miner Asic Mining WiFi Low Power Miner for Home Office,N/A,N/A,https://www.lazada.com.ph/products/pdp-i5202654061.html
220v permanent magnet DC motor Small hand-cranked mini diy power generation wind generator motor mute high power.,N/A,N/A,https://www.lazada.com.ph/products/pdp-i5011807211.html
4000W Gasoline Generator 4-Stroke Portable Power Generator For Home High Power 220V/60Hz Manual Electric Start Generator German Technology Dual Protection System With Ultra High Performance OHV Air Cooled Generators,N/A,N/A,https://www.lazada.com.ph/products/pdp-i4846596461.html
Safe EVA Flying Disc Toy,N/A,N/A,https://www.lazada.com.ph/products/pdp-i15423286235.html
Bulk cargo 2205 DC brushless motor 1350KV model brushless motor,N/A,N/A,https://www.lazada.com.ph/products/pdp-i4791290519.html
Stanford AS440 AVR Original,N/A,N/A,https://www.lazada.com.ph/products/pdp-i3910286677.html
Original Haocheng CR17450 Lithium Battery 3V Injection Molding Machine Flowmeter Special Household Smoke Sense for Cold Water Meter,N/A,N/A,https://www.lazada.com.ph/products/pdp-i4883407167.html
REAIM Gasoline Chainsaw 52CC Gasoline Saw 20 Inches With A Full Set Of Accessories,N/A,N/A,https://www.lazada.com.ph/products/pdp-i5213796467.html
Crossing machine MT2204 2205 KV2300 UAV model QAV250 four-axis brushless motor motor,N/A,N/A,https://www.lazada.com.ph/products/pdp-i4880493413.html
YUEXIAOMENG | Nutritional Supplement Food for Golden Hamsters Suitable for Baby Growth,N/A,N/A,https://www.lazada.com.ph/products/pdp-i5403612542.html
Handle of external operating mechanism of plastic case circuit breaker cz3c22-b1b23a1a2 rotating handle durable,N/A,N/A,https://www.lazada.com.ph/products/pdp-i5292703207.html
"Batch gbfdhbwtghrg/yu,erl6gyhijk",N/A,N/A,https://www.lazada.com.ph/products/pdp-i5109792908.html
【₱100 OFF】HONDA Grass Cutter 4 Stroke Cordless Gasoline Lawn Mower High Quality 45CC Portable Trimmer Garden Tool Brush Grass Trimme,N/A,N/A,https://www.lazada.com.ph/products/pdp-i4743099079.html
10m Automatic Watering Kits Brass Micro Misting Spray Cooling System Garden Agriculture Greenhouse Mushroom Reproduction,N/A,N/A,https://www.lazada.com.ph/products/pdp-i4546617035.html
PVC Coated Chicken Wire Galvanized Welded Wire Mesh for Plants and Animal Fences | Different Sizes and Thickness Available | Green PVC Mesh,N/A,N/A,https://www.lazada.com.ph/products/pdp-i4212968130.html
Portable Power Station Fast Charging 78800mAh Solar Generator Multi-Function Outdoor Power Supply,N/A,N/A,https://www.lazada.com.ph/products/pdp-i15446634932.html
Vitality Expandable Magic Car Watering Washing Retractable Coil Hose Garden Supplies Irrigation Water Hose Garden Hose Flexible Home Magic Expanding Hose Flexible high,N/A,N/A,https://www.lazada.com.ph/products/pdp-i3911598218.html
DEKES Portable Gasoline Generator 2 Stroke 220v Household Home Outdoor Small Generator 950W 60HZ Ultra Quiet High Quality Max Power Output,N/A,N/A,https://www.lazada.com.ph/products/pdp-i4481745460.html
High-power 2200W 220V 60Hz small household outdoor generator set with all-copper generator efficient and strong endurance portable generator with super silent manual start generator,N/A,N/A,https://www.lazada.com.ph/products/pdp-i5310940961.html
RGB Swimming Pool Lights AC12V LED Underwater light Waterproof IP68 Outdoor decoration Lamp SMD dimmable landscape Wate,N/A,N/A,https://www.lazada.com.ph/products/pdp-i3699410925.html
Outdoor Solar Generator 300W 96000mAh 220V Portable Fast Charging Solar Generator AC/DC/USB Output Solar Generator Station Original Solar Panels Multifunction Heavy Duty Outdoor Mobile Power For Home 220V Car Travel Camping Home Emergency Power Supply,N/A,N/A,https://www.lazada.com.ph/products/pdp-i4375413780.html
4000w/60Hz Gasoline Generator Portable All-copper Four-Stroke 220V Small Generator,N/A,N/A,https://www.lazada.com.ph/products/pdp-i5386253598.html
DELIXI Electric | High-pressure Multi-functional Water Hose For Garden and Car Washing with Reel,N/A,N/A,https://www.lazada.com.ph/products/pdp-i5272067804.html
Agricultural Transport Cart with Twin Buckets,N/A,N/A,https://www.lazada.com.ph/products/pdp-i15401279907.html
Science DIY Kit Hand Crank Generator,N/A,N/A,https://www.lazada.com.ph/products/pdp-i5370919871.html
POWERHOUSE PH-AGRI18L-12V-LI E-Sprayer Battery Operated Agricultural Sprayer 18L [POWERMARK | PPT],N/A,N/A,https://www.lazada.com.ph/products/pdp-i2222244846.html
"POWERHOUSE Compass Saw 12"" with PVC Handle PHHT",N/A,N/A,https://www.lazada.com.ph/products/pdp-i1260148932.html
HDPE Blue & Black Pipe SDR-11 Hose | 1/2 3/4 | Irrigation Waterline | (Sold per meter),N/A,N/A,https://www.lazada.com.ph/products/pdp-i4035622187.html
1500W gasoline generator 1500watts generators,N/A,N/A,https://www.lazada.com.ph/products/pdp-i5169428076.html
"Starter Rope 4-Meter Pull Cord with 2 Starter Handle Replacement,for Lawn Mower Chainsaw",N/A,N/A,https://www.lazada.com.ph/products/pdp-i3919083404.html
2000W&300000 mAh Portable outdoor power station Large Capacity Powerbank Emergency Solar generator for Outdoor Camping,N/A,N/A,https://www.lazada.com.ph/products/pdp-i4041423815.html
Imported FF-N20 Panasonic N20 DC high-speed energy-saving small motor 3V solar small motor 1.5-6V,N/A,N/A,https://www.lazada.com.ph/products/pdp-i4548550128.html
PlayPark Foldable Indoor Swimming Pool For Kids Non Inflatable 90/120/160 Swimming pool No Airpump need,N/A,N/A,https://www.lazada.com.ph/products/pdp-i5414389606.html
ZUOLEJIA | Rice Milling Machine 6NF-4,N/A,N/A,https://www.lazada.com.ph/products/pdp-i15442150722.html
Garden Decorative Metal Windmill,N/A,N/A,https://www.lazada.com.ph/products/pdp-i15460461917.html
"CHUANGCHAO generator for home,portable generator,3.5KW Gasoline Generator, Double protection system, Pure copper motor, strong power heart of the motor Big fuel tank for your battery life Multiple fuel options to meet more needs, 4 Stroke Air Cooled",N/A,N/A,https://www.lazada.com.ph/products/pdp-i2585467923.html
Swimming Pool Vacuum Cleaner Portable Cleaning Tool Batteries Without Brush Vacuum Pool Kit EU/US Brush Cleaner Pond Founta F8U0,N/A,N/A,https://www.lazada.com.ph/products/pdp-i3866641400.html
Multi-rotor aircraft model brushless motor PVW1- power motor LD2808-700KV voltage 3S-4S,N/A,N/A,https://www.lazada.com.ph/products/pdp-i5109445102.html
4 Pack 77 stainless steel double W flat wheel plastic steel push-pull sliding door and window pulley glass window track roller with,N/A,N/A,https://www.lazada.com.ph/products/pdp-i5269905791.html
Grounding pin power galvanized grounding pin lightning protection grounding wire grounding pile grounding rod household grounding pin,N/A,N/A,https://www.lazada.com.ph/products/pdp-i5102316936.html
Japan nidec 20N built-in drive external rotor brushless motor 5V-12V microstrip two-way signal feedback.,N/A,N/A,https://www.lazada.com.ph/products/pdp-i5278347852.html
BTC Solo Miner 40KH/S Lottery Miner Bitcoin Mini Miner Asic Mining Miner for Home Office,N/A,N/A,https://www.lazada.com.ph/products/pdp-i5258488976.html
Brushless motor BLDC permanent magnet synchronous motor PMSM drive development scheme data STM32 FOC library,N/A,N/A,https://www.lazada.com.ph/products/pdp-i5064296966.html
Outdoor Camping Household Emergency Solar Generator 220V,N/A,N/A,https://www.lazada.com.ph/products/pdp-i15448325456.html
【Swimming Pool】1.0M & 1.7M Kids and Adults Sprinkle And Splash Play Mat Swimming Pool Inflatable Round Durable & Thickened Inflatable Pool For Kids,N/A,N/A,https://www.lazada.com.ph/products/pdp-i1901451666.html
【PRE-ORDER】PECRON F5000LFP 7200W Portable Power Station 5120Wh 120V/220V/240V – Coming Soon,N/A,N/A,https://www.lazada.com.ph/products/pdp-i5401841304.html
TASKTOOL 20L Knapsack Electric Sprayer Agriculture Rechargeable and Automatic agricultural Power Sprayer Gardening Power,N/A,N/A,https://www.lazada.com.ph/products/pdp-i4820120843.html
SOARFIY 4800W Water Jet High Pressure Washer Portable Car Cleaner Spray Gun 220V,N/A,N/A,https://www.lazada.com.ph/products/pdp-i4671867575.html
220V power station 200W portable mobile power 78000mAh large capacity solar generator portable outdoor camping generator family emergency power supply,N/A,N/A,https://www.lazada.com.ph/products/pdp-i2203675838.html
Generator Gasoline 4000W 220V/60Hz Technology Dual Protection System Portable All-copper Generator,N/A,N/A,https://www.lazada.com.ph/products/pdp-i4627281807.html
"External rotor brushless motor 12-24V built-in drive brushless motor support, please do not shoot straight.",N/A,N/A,https://www.lazada.com.ph/products/pdp-i5057829872.html
Battery-powered Blower,N/A,N/A,https://www.lazada.com.ph/products/pdp-i15418292807.html
No Need Inflatable Swimming Pool For Family Kids Outdoor Portable Swimming Pool Family Pool Party Foldable Big Size Pool,N/A,N/A,https://www.lazada.com.ph/products/pdp-i4387107041.html
Mitsushi 7kw Gasoline Generator 220V/60Hz Portable Power Generator Backup Power High Quality Ultra Quiet Manual Start Generator All-copper Generator Set,N/A,N/A,https://www.lazada.com.ph/products/pdp-i4999582270.html
COD Chainsaw Portable 20/22/24 Inches 68/78CC 9.9KW Original Power Tools Wood Cutting Gasoline Saw,N/A,N/A,https://www.lazada.com.ph/products/pdp-i5185592656.html
150W Portable Power Station 68800mAh Outdoor Solar Generator Large Capacity Fast Charging Multifunctional Generator With Solar Charging Panel Household Camping And Travel Emergency Power Supply Heavy-Duty Solar Generator,N/A,N/A,https://www.lazada.com.ph/products/pdp-i5245028811.html
Yoqu Portable Power Station Outdoor 60hz 220V Portable Solar Generator Fast Charge Large Capacity Power Bank,N/A,N/A,https://www.lazada.com.ph/products/pdp-i4293583043.html
MAKITA Cordless Electric Chain Saw Mini 6 Inch Woodworking Handheld Pruning Chainsaw Cutting Tool,N/A,N/A,https://www.lazada.com.ph/products/pdp-i5167916650.html
Unicorn Power Station 220V Power Station 100W-300W Multi-Function Portable Big Capacity Solar Generator,N/A,N/A,https://www.lazada.com.ph/products/pdp-i5298323784.html
Honda 20/22/24 Inches Original Gasoline Chainsaw Portable Chainsaw 78CC/99KW High Power Saw Tool,N/A,N/A,https://www.lazada.com.ph/products/pdp-i5242551959.html
288000mAh Portable Solar Generator 500W/220V Multi-Function Portable Big Capacity Power Station Solar Powered Generator With Solar Charging Board Heavy Duty Outdoor Power Bank For Travel Camping Home Emergency Power Support AC/DC/USB Outpu,N/A,N/A,https://www.lazada.com.ph/products/pdp-i5118743912.html
"BAIPUXI Dual-Battery Cordless Brushless Chainsaw 12/16"" Wood Cutting Power Tool",N/A,N/A,https://www.lazada.com.ph/products/pdp-i4708118774.html
20/22/24 Inches Honda Chainsaw 68cc 5.5KW High-Power Chainsaw Original Imported From Japan,N/A,N/A,https://www.lazada.com.ph/products/pdp-i4165953132.html
"200pcs Waterproof Plant Hanging Tags with String,Plastic Reusable Labels Hanging Marking Tags",N/A,N/A,https://www.lazada.com.ph/products/pdp-i5250316103.html
1000W Digital Inverter Gasoline Generator,N/A,N/A,https://www.lazada.com.ph/products/pdp-i364720836.html
2set Signal Generator with USB Cable Touch Screen ADF4351 35M-4.4G Signal Generator PLL Sweep Generator,N/A,N/A,https://www.lazada.com.ph/products/pdp-i5289202516.html
Portable 78800mAh Large Capacity Station 220V 200W Multifunctional Solar Generator,N/A,N/A,https://www.lazada.com.ph/products/pdp-i15447773688.html
"Portable 78800mAh Power Station, 220V 200W Multifunctional Solar Generator for Outdoor Camping",N/A,N/A,https://www.lazada.com.ph/products/pdp-i15447775839.html
220V 150W/200W Power Station 78800mAh Multi-Function Portable Big Capacity Solar Generator,N/A,N/A,https://www.lazada.com.ph/products/pdp-i15452429734.html
【Hot Sale】Gasoline Generator 950W Portable Silent Power Gasoline Generator 220V/60HZ Household Outdoor Small Generator New High Quality Powerful 2-Stroke Generator All-copper Generator Set Efficient Strong Endurance Generator,N/A,N/A,https://www.lazada.com.ph/products/pdp-i5373612308.html
【New Upgrade】 Portable Gasoline Generator 2 Stroke 220V Household Outdoor Small Generator 950W 60Hz Ultra Qulet High Quality Max Power Output,N/A,N/A,https://www.lazada.com.ph/products/pdp-i5076537036.html
Portable Power Station 8KG Dual Universal Socket Solar Compatible For Camping Home Emergency Support,N/A,N/A,https://www.lazada.com.ph/products/pdp-i15424420328.html
PRIMUS Net Shade Outdoor Heavy Duty Waterproof Anti-Uv 98% Garden Sunshade Net for Plant Garden Shade Sunscreen Awning,N/A,N/A,https://www.lazada.com.ph/products/pdp-i4930462277.html
SUNTREE ELECTRIC 50watts solar panel 100 watt original Monocrystalline Silicon solar panel set home full set with controller,N/A,N/A,https://www.lazada.com.ph/products/pdp-i4424163513.html
LIXADA Manual Generator USB Output Practical Portable Generator for Outdoor,N/A,N/A,https://www.lazada.com.ph/products/pdp-i5295599505.html
78000mAh 220V 200W Power Station Power Station Multi-Function Portable Big Capacity Solar Generator Outdoor Power Supply Portable Outdoor Power Supply,N/A,N/A,https://www.lazada.com.ph/products/pdp-i15456898595.html
Makita Extendable Chainsaw High Branch Saw Height Adjustable Telescoping Pole Electric Saw Cordless Garden Tree Pruning Tool,N/A,N/A,https://www.lazada.com.ph/products/pdp-i5295917044.html
"【PRE-ORDER】PECRON Portable Power Station E3800LFP with 30A AC Cable, 3840Wh LiFePO4 Battery Backup, 4200W Solar Generator, Expandable to 53.76kWh Power Station, Fast Charging for Home Emergency, Camping, RV",N/A,N/A,https://www.lazada.com.ph/products/pdp-i15417933986.html
5m 1/1.5/2/2.5/3mm Black Bonsai Wire Anodized Aluminum Bonsai Training Wire Garden DIY Tool For Plan,N/A,N/A,https://www.lazada.com.ph/products/pdp-i5106687404.html
78800mAh Outdoor 220V Portable Solar Generator Fast Charge Large Capacity Power Station with Solar,N/A,N/A,https://www.lazada.com.ph/products/pdp-i15447997609.html
LIXADA Solar Inverter DC To AC Modified Sine Wave Inverter ABS Widely Used 500W for Camping,N/A,N/A,https://www.lazada.com.ph/products/pdp-i15490420107.html
Portable Gasoline Generator Set 950W High-power 220V/60Hz New High Quality Powerful 2-Stroke Generator High Quality Ultra Quiet Manual Start Generator All-copper Generator Set Efficient Strong Endurance Generator Household Outdoor Small Generator,N/A,N/A,https://www.lazada.com.ph/products/pdp-i5086824558.html
CST ENERGY 48V 324AH Lifepo4 Battery 16588Wh Solar Battery Lithium Iron Phosphate Vertical Storage Battery Grade A Cell,N/A,N/A,https://www.lazada.com.ph/products/pdp-i5084224953.html
FUXINZHI | Fly Prevention Drying Net,N/A,N/A,https://www.lazada.com.ph/products/pdp-i15442482621.html
RGB LED Pool Lights Swimming Pool Light Underwater lamp Waterproof IP68 AC12V hotel holiday village villa outdoors Landscape fountain Spotlights Under Water Light for pond With Remote Control,N/A,N/A,https://www.lazada.com.ph/products/pdp-i3701423390.html
"🔥 5 Year Warranty🔥Dewalt Cordless Electric Chainsaw 6-inch Lightweight Handheld Wood Cutter with LED Light, Rechargeable Battery, and Universal Plug",N/A,N/A,https://www.lazada.com.ph/products/pdp-i5343782520.html
Power Arc Gasoline Generator 4stroke 1500W,N/A,N/A,https://www.lazada.com.ph/products/pdp-i15435093058.html
Heavy Duty Sun Shade Net Makapal UV Resistant Waterproof for Garden Greenhouse with Rope,N/A,N/A,https://www.lazada.com.ph/products/pdp-i15435190059.html
🔥🔥【COD+IN STOCK】6/8/10/12ft Round Swimming Pool Cover Lot for Garden Outdoor Accessories Dustproof Sunproof PE Paddling Family Pools,N/A,N/A,https://www.lazada.com.ph/products/pdp-i4788013531.html
LONGKE | High-power Leaf Blower Dust Cleaner,N/A,N/A,https://www.lazada.com.ph/products/pdp-i5272085205.html
TOS | Automatic Press Air Blowing Device,N/A,N/A,https://www.lazada.com.ph/products/pdp-i15418150876.html
RONGWEIFU | Pure Sine Wave Inverter 24V to 220V,N/A,N/A,https://www.lazada.com.ph/products/pdp-i15434353936.html
【Stylish】 550mm Blades Wind Generator Accessories Diy Blades Factory Sell Shape Blades For Horizontal Wind Turbine,N/A,N/A,https://www.lazada.com.ph/products/pdp-i4410269603.html
【NEWELECTR】 ABS Plastic Wind Turbine Motor Teaching Model Tool Wind Energy Generator,N/A,N/A,https://www.lazada.com.ph/products/pdp-i15469204134.html
MotorPart King [SUNAGE] Turbines Alternator Generator 3V-24v Small 12v Power Three-phase Wind,N/A,N/A,https://www.lazada.com.ph/products/pdp-i15474638326.html
(LAXE) 2Pc Wind Turbine Generator Kit Micro-Hand Dynamo Generator DC12V Generator Power Supply,N/A,N/A,https://www.lazada.com.ph/products/pdp-i15467965216.html
【Wireless】 Mppt Wind Turbine Generator Controller 500W 3000W Wind Power Generating Controller with Overcharging Protection Ip67 Waterproof,N/A,N/A,https://www.lazada.com.ph/products/pdp-i15463181708.html
Rose shaped model of micro spiral wind turbine for starting scientific experiments with a gentle breeze Power generation lamp,N/A,N/A,https://www.lazada.com.ph/products/pdp-i15459775602.html
90mm Micro Wind Turbine Small Wind Generator Kits DC Motor Turbines,N/A,N/A,https://www.lazada.com.ph/products/pdp-i15478021722.html
MotorPart King Lidu12 Mini Micro 3-phase AC power Wind Turbines Hand Alternator Generator 3V-24v Model,N/A,N/A,https://www.lazada.com.ph/products/pdp-i15474691802.html
【Popular Categories】 1 Set Electrical Mini Wind Generator Alternator Diy Kit Portable Emergency Mobile Phone Charger Wind Turbine Motor Wwo,N/A,N/A,https://www.lazada.com.ph/products/pdp-i4410260235.html
【Wireless】 Miniature Wind Turbine Vertical Axis Wind Alternative Energy Generator Diy Technology Making Physical Power Principle,N/A,N/A,https://www.lazada.com.ph/products/pdp-i4488382938.html
360 Degree Rotation Wind Turbine Model Automatic Alignment Wind Generator Kit,N/A,N/A,https://www.lazada.com.ph/products/pdp-i15469033277.html
🎀LIECAI🎀 Brushless Motor Turbine Wind Efficient High Speed DIY Home Generator Replacement Renewable Energy Part,N/A,N/A,https://www.lazada.com.ph/products/pdp-i15475959894.html
"Hands-on Learning DIY Wind Turbine Kit Easy to Assemble Wind Power Generator Model Paintable Wood Educational Toy for Students, Kids, Classroom",N/A,N/A,https://www.lazada.com.ph/products/pdp-i15490617661.html
【Best Price Guaranteed】 600w 12v 24v Auto Ip67 Wind Turbine Generator Charge Discharge Controller Windmill Regulator For Lifepo4 Lfp Lead-Acid,N/A,N/A,https://www.lazada.com.ph/products/pdp-i5007653706.html
DIY Wind Turbine Generator Kit DC 0.1V-3V Generator with Holder Blades Brushless Motor Mini Dynamo Generator Teaching,N/A,N/A,https://www.lazada.com.ph/products/pdp-i15474952577.html
【KaArtsy】 MPPT Wind Charge Controller 100-1000W 40A 12V/24V/48V For Wind Turbine Generator System Waterproof IP67,N/A,N/A,https://www.lazada.com.ph/products/pdp-i15441614619.html
MotorPart King FIVEST⭐Turbines Alternator Generator 3V-24v Micro Small 12v Power Three-phase Wind,N/A,N/A,https://www.lazada.com.ph/products/pdp-i15474821068.html
MotorPart King LOVELYU⭐Turbines Alternator Generator 3V-24v Micro Small 12v Power Three-phase Wind,N/A,N/A,https://www.lazada.com.ph/products/pdp-i15474731520.html
(LAM1) 2X Mini Wind DC Generator Hand Dynamo Hydraulic Test DC 12V 24V Motor Machine Supply Emergency Generator,N/A,N/A,https://www.lazada.com.ph/products/pdp-i15474670626.html
2026Zamdon Toroidal Off Grid Inverter 24V1KW - Solar Inverter 1000W24VCOD,N/A,N/A,https://www.lazada.com.ph/products/pdp-i15486913347.html
VBNFH 1.2m Starter Without Cover Generator Pull Handle Rope Cord,N/A,N/A,https://www.lazada.com.ph/products/pdp-i5327085399.html
【Hot ticket】 12v Generator Agricultural Diesel Truck Tractor Silicon Generator Forklift Charging Tricycle,N/A,N/A,https://www.lazada.com.ph/products/pdp-i4482309660.html
220V Miniature DIY Rechargeable Generator 775 Motor High Voltage DC Motor Generator Set Double Bearing Mute Motor,N/A,N/A,https://www.lazada.com.ph/products/pdp-i15450607624.html
DIY Drawing Windmill Toy,N/A,N/A,https://www.lazada.com.ph/products/pdp-i15443735490.html
Yunnei D25 high-power generator JFZ2120-2517 D25TCIE-700052 120A,N/A,N/A,https://www.lazada.com.ph/products/pdp-i15449283515.html
Huairdum Gauge Manometer Reliable Small Diameter 1/8NPT Micro Mini Low Gauge Manometer for Paintball PCP Air 3000psi 5000psi Two Specifications( 1),N/A,N/A,https://www.lazada.com.ph/products/pdp-i5250082384.html
100pcs Garden Labels Plant Classification Sorting Sign Tag Ticket Plastic Writing Plate Board Plug In Card Seedling Labels,N/A,N/A,https://www.lazada.com.ph/products/pdp-i4018226907.html
【Eco-friendly】 Permanent Magnet Brushless Motor Generator Set Output Ac 220v Double Bearing Silent Inner Rotor Dc High Voltage Dc 12v Motor 775,N/A,N/A,https://www.lazada.com.ph/products/pdp-i5174986256.html
Used in wind turbine/hydraulic torque wrench/Hydraulic torque wrench pump/Tensioner/Puller/Ultra-high pressure stretching pump,N/A,N/A,https://www.lazada.com.ph/products/pdp-i5400399269.html
Accessories Modification Snow Wheel,N/A,N/A,https://www.lazada.com.ph/products/pdp-i15442507143.html
【Trivony】 Zhengke zgb37rg zytd520 DC 12v 24v cylinder shape permanent magnet motor 6mm shaft 10W robot 2.5-175rpm reversible rotary,N/A,N/A,https://www.lazada.com.ph/products/pdp-i5253934580.html
XiMei WoodWork | Weatherproof Outdoor Fence,N/A,N/A,https://www.lazada.com.ph/products/pdp-i15394479471.html
220v to 380v 4.0KW/5.5kw/7.5kw Input 220v 1phase output 380v 3 phase VFD Variable Frequency Drive Inverter Professional for Pump/motor/fan,N/A,N/A,https://www.lazada.com.ph/products/pdp-i5057398881.html
6/8m Gutter Guard Mesh Leaf Protection Mesh Splash Roof Panels with 10 Stakes Eaves Net Guard,N/A,N/A,https://www.lazada.com.ph/products/pdp-i4460572530.html
"Portable Power Station, 200000mAh/333Wh Solar Generator, 650W AC Outlets, Fast Charging LiFePO4 Battery Backup for Camping, Road Trip, Outage (Solar Panel Optional)",N/A,N/A,https://www.lazada.com.ph/products/pdp-i15449102530.html
【JIN】-Upgraded Nerdminer Miner 117KH/S with Color Screen Mini Bitcoin BTC Miner BTC Solo Lottery Mining Miner Nerd Miner,N/A,N/A,https://www.lazada.com.ph/products/pdp-i4974676997.html
Off Grid Solar System for Home 6000W 220v Inverter 30A Controller 5V Solar Panel Full Set for House Camping For Car RV,N/A,N/A,https://www.lazada.com.ph/products/pdp-i4712085433.html
NerdAxe Bitaxe Miner BM1366 ASIC Chip 500Gh/S NerdMiner Lottery Mining Miner Solo Lottery BTC Miner UK PLUG,N/A,N/A,https://www.lazada.com.ph/products/pdp-i15426063442.html
【Best Seller】NANWEI 4 Stroke Grass Cutter gasoline High Quality 4000W/173CC Hand Push Lawn Mower Household Heavy Duty Grass Cutter Garden Professional Weeding Artifact Multifunctional Gasoline Lawn Mower,N/A,N/A,https://www.lazada.com.ph/products/pdp-i5272984246.html
Chainsaw Portable Original Gasoline 24 Inches Portable Chainsaw 52/58cc Chain Saw Mini Chainsaw Power Tools,N/A,N/A,https://www.lazada.com.ph/products/pdp-i4502873715.html
"High Pressure Car Washing Water And Water Pipe Hose Home Set Car Water Gun Tool and Garden sprinkler Car wash, watering, garden irrigation tools",N/A,N/A,https://www.lazada.com.ph/products/pdp-i2309033792.html
【100*300cm】Artificial fence Leaves Grass Wall Panels Hedge Panels Privacy Fencing Garden Screen Decor,N/A,N/A,https://www.lazada.com.ph/products/pdp-i5228962024.html
Zamdon Toroidal Off-grid Inverter 24V1000W,N/A,N/A,https://www.lazada.com.ph/products/pdp-i4054856445.html
2IN1 Original 16L/20L Knapsack Electric Sprayer Agriculture Rechargeable and Automatic agricultural Power Sprayer TaskTool,N/A,N/A,https://www.lazada.com.ph/products/pdp-i4522985348.html
SOARFLY 4800W/7000W water jet High Pressure washer Electric Car Wash pump portable automatic car washer machine,N/A,N/A,https://www.lazada.com.ph/products/pdp-i4714095332.html
Power station 220V 300W 500W 700W portable Big Capacity power station for Home Emergency Travel,N/A,N/A,https://www.lazada.com.ph/products/pdp-i15445862068.html
"Portable rechargeable photovoltaic panel monocrystalline silicon, solar panel 200w/400w",N/A,N/A,https://www.lazada.com.ph/products/pdp-i5242354047.html
Dokio 80W 100W 160W 200W 300W18V Flexible Foldble Solar Panel With 12V USB Charge Controller Portable Solar Cell Kit For Boats/Out-door Camping,N/A,N/A,https://www.lazada.com.ph/products/pdp-i4842482327.html
10pcs Garden Fence Edging Cobbled Stone Effec Flower Bed Border Decorative Plastic Garden Edging Lawn Palisade,N/A,N/A,https://www.lazada.com.ph/products/pdp-i3980055325.html
Makita Portable Chainsaw Cordless Electric Chain Saw Mini 6 Inch Woodworking Handheld Pruning Chainsaw Garden Cutting Tool Set,N/A,N/A,https://www.lazada.com.ph/products/pdp-i4886515630.html
[JAPAN] SOLAR Surface Centrifugal Water Pool Solar Pump AC DC 2Hp 3Hp SOLAR,N/A,N/A,https://www.lazada.com.ph/products/pdp-i15404860775.html
Home Solar System 2.5KW-3KW Inverter 550W Solar Panel LFP Battery 12V100AH/200AH with BMS Suitable for 1P Air Conditioner Off-grid Solar Power System,N/A,N/A,https://www.lazada.com.ph/products/pdp-i15477298314.html
High Pressure Water Gun Fan-Shaped Water Gun Car Washing Machine Universal Water Gun Accessories,N/A,N/A,https://www.lazada.com.ph/products/pdp-i5104319523.html
Yoqu Portable Power Station 800000mAh Outdoor 600W 220V Portable Solar Generator Large Capacity Inverter,N/A,N/A,https://www.lazada.com.ph/products/pdp-i3845911915.html
REAIM Rechargeable 16INCH Chainsaw - Cordless Electric Handheld Portable Saw for Fast Wood Cutter,N/A,N/A,https://www.lazada.com.ph/products/pdp-i5349814947.html
Dicalite Pool Diatomaceous Earth DE Filter Powder 1kg bag,N/A,N/A,https://www.lazada.com.ph/products/pdp-i5028990640.html
REAIM 16INCH Cordless Electric Chainsaw - Portable Rechargeable Handheld Saw with Battery for Wood Cutting,N/A,N/A,https://www.lazada.com.ph/products/pdp-i5349849195.html
Yoqu Portable Power Station Outdoor 60hz 220V Portable Solar Generator Large Capacity Inverter,N/A,N/A,https://www.lazada.com.ph/products/pdp-i4293333836.html
Pool Water Descent Spillway Waterfall fountain Swimming pool light garden decor Acrylic With RGB LED strip 300mm-1200mm,N/A,N/A,https://www.lazada.com.ph/products/pdp-i4335470658.html
JC Swimming Pool Light AC12V Underwater Light Waterproof 18W/25W/35W/45W LED IP68 Fountain Spotlight RGB with Remote Control,N/A,N/A,https://www.lazada.com.ph/products/pdp-i3680758083.html
KEELAT 2.5m-6.5m Telescopic High Branch Shears Tree Cutter Pruner Trimmer Gunting Kait Buah Saw Gergaji Fruit Picker Pruning Shears,N/A,N/A,https://www.lazada.com.ph/products/pdp-i3292822933.html
CPAI | Compact Portable Chain Saw,N/A,N/A,https://www.lazada.com.ph/products/pdp-i15409539474.html
2HP ALUM Single Phase Electric Induction Motor 4 poles 1720rpm 220V 60Hz (YC100L-4) Densui Brand,N/A,N/A,https://www.lazada.com.ph/products/pdp-i602930796.html
Durable Brush Cutter Blade Manganese Steel Rectangle Grass Cutter Blade For Softer Weeds Fishweed,N/A,N/A,https://www.lazada.com.ph/products/pdp-i15387981132.html
PowMr 100% Mppt 60A Solar Charge Controller 12v-48v Auto 160vdc lcd fan Support Parallel Up to 12 Units Support Lead Acid Lithium Battery Temperature Compensation,N/A,N/A,https://www.lazada.com.ph/products/pdp-i4315208655.html
Herbicide for grass and weeds Weed and grass killer Grass killer chemical Remove stubborn weeds Weeds start to die remove grass in 7 days,N/A,N/A,https://www.lazada.com.ph/products/pdp-i5084315245.html
Mini 20/22/24 Inch Portable Gasoline Chainsaw | Upgraded 78CC Mini Power Saw (Model 070) | Imported Tool,N/A,N/A,https://www.lazada.com.ph/products/pdp-i5119073205.html
Germany Original Chainsaw 24 Inches Gasoline Chainsaw Portable Chain saw 070 Mini Steel Power Saw Metal Tool,N/A,N/A,https://www.lazada.com.ph/products/pdp-i5084118869.html
【READY STOCK】Chainsa Original Germany Chainsaw 36/24/20 Inches Model-MS070 Portable High Power Saw Made in Germany Outdoor Power Metal Tools Chain Saw Mini ChainSaw,N/A,N/A,https://www.lazada.com.ph/products/pdp-i5085959341.html
Hot Shot Fogger With Odor Neutralizer,N/A,N/A,https://www.lazada.com.ph/products/pdp-i3727731875.html
air filter Toyota Rush,N/A,N/A,https://www.lazada.com.ph/products/pdp-i5232696439.html
12 Inch Electric Chainsaw Cordless Brushless Chain Saw Portable Chainsaw Electric Saw for Cutting Wood Handheld Cordless Chainsaw Heavy Duty Rechargeable Chainsaw For Makita 21V Lithium Battery Woodworking Trees Trimming Power Tool,N/A,N/A,https://www.lazada.com.ph/products/pdp-i5349601132.html
Honda 20/22/24 inches Chainsaw Original Gasoline Chainsaw Portable Mini Chain saw Metal Tool,N/A,N/A,https://www.lazada.com.ph/products/pdp-i5167829698.html
【Suntree Electric】 200W Monocrystalline Solar Panel with 20A Controller and Waterproof Design for Home Use,N/A,N/A,https://www.lazada.com.ph/products/pdp-i4244895434.html
PowMr 1.6KW/3.2KW Hybrid Solar Inverter 230Vac PV Start Voltage 30Voc Built In 80A MPPT Solar Charge Controller 50/60Hz Auto Pure Sine Wave Inverter,N/A,N/A,https://www.lazada.com.ph/products/pdp-i4158692860.html
Per Roll | Welded Wire Mesh Screen | Chicken Wire | Sold per Roll 3ft 4ft,N/A,N/A,https://www.lazada.com.ph/products/pdp-i4035532797.html
Hantech Solar Panel 60 Watts 100 Watts 160 Watts 200 Watts 300 Watts Outdoor Waterproof Power Generation Original Solar Panel,N/A,N/A,https://www.lazada.com.ph/products/pdp-i5159652326.html
PowMr 6W/20W/40W/60W/80W/100W/150W/200W Flexible Solar Panel Flexible Monocrystalline Solar Cell DIY Cable Outdoor Car RV Waterproof Rechargeable Power System,N/A,N/A,https://www.lazada.com.ph/products/pdp-i4283347246.html
UAPOW 220V Portable Power Station AP500 482Wh/600W Solar Generator with LiFeP04 UPS Quick Charge for Emergency Power Camping Motor Homes Home,N/A,N/A,https://www.lazada.com.ph/products/pdp-i4487090245.html
PowMr 25A/35A/45A MPPT Solar Charger Controller 12V 24V With Blacklight LCD Regulator Max PV Input 100VDC Support Lifepo4 Battery Efficient charging,N/A,N/A,https://www.lazada.com.ph/products/pdp-i4658427737.html
RIZHIBAO | Industrial Cylindrical Pure Copper Motor,N/A,N/A,https://www.lazada.com.ph/products/pdp-i15439458850.html
High Quality Sunshade net UV resistant 99% with Rope outdoor garden greenhouse net sunscreen and shading Waterproof,N/A,N/A,https://www.lazada.com.ph/products/pdp-i4365784263.html
Hand-cranked Generator Portable High Power Hand-cranked Charging Generator USB Charging Emergency Dynamotor,N/A,N/A,https://www.lazada.com.ph/products/pdp-i4879934037.html
EcoFlow 240Wh River 2 Portable Power Station Solar Generator with LiFeP04 Quick Charge in 1 Hour Up to 600 W Power for Emergency Power Camping Motor Homes Home,N/A,N/A,https://www.lazada.com.ph/products/pdp-i4550822924.html
78000mAh Outdoor 220V Portable Solar Generator Fast Charge Large Capacity Power Station with Solar Charging Board Power Station Heavy Duty Outdoor Power Bank Travel Camping Home Emergency Power DC/AC External Battery Support USB Port Charging AC Output,N/A,N/A,https://www.lazada.com.ph/products/pdp-i5363597782.html
SOARFLY 500W 512Wh Portable Power Station LiFePO4 Battery 220V Solar Generator 10 Outputs Outdoor Camping Home Emergency Power Supply Real Capacity,N/A,N/A,https://www.lazada.com.ph/products/pdp-i15452157507.html
Portable Solar Power Station 300W Emergency Backup Generator for Brownout WiFi Router Laptop,N/A,N/A,https://www.lazada.com.ph/products/pdp-i4652319065.html
High Power Pure Sine Wave Inverter,N/A,N/A,https://www.lazada.com.ph/products/pdp-i15423475770.html
Solar panel 150W 300W 500W solar panel board monocrystalline silicon power generation panel 18V With controller high conversion rate 0 electricity bill waterproof lightning solar charging panel 10 year Warranty Outdoor home generator Waterproof,N/A,N/A,https://www.lazada.com.ph/products/pdp-i4840244348.html
"【Free Gift+Warranty】Solar Generator Portable 220v Outdoor Power with 10W Solar Panel for Self-Driving, Camping etc",N/A,N/A,https://www.lazada.com.ph/products/pdp-i4575442653.html
Andoer Wind Turbine Charging Controller 48V Rated Reliable MPPT Wind Generator Charge Controller Waterproof for Factory,N/A,N/A,https://www.lazada.com.ph/products/pdp-i15492436571.html
"Gasoline Generator Portable 4000W Home Portable Gasoline Generator 4 Stroke 220V/60Hz Outdoor Small Generator German Technology Dual Protection System Manual Electric Start OHV Air Cooled Generators For Outing,Brownout,Agriculture,Vacation Generator Set",N/A,N/A,https://www.lazada.com.ph/products/pdp-i4242165442.html
Wind Driven Generator Controller 12/24V 800W MPPT Wind Charge Controller Wind Turbine Generator Controller with Monitor,N/A,N/A,https://www.lazada.com.ph/products/pdp-i15425045778.html
Minyue gasoline generator 220V household small 3kW/5/8/10/12kW single/three-phase 380V mute.,N/A,N/A,https://www.lazada.com.ph/products/pdp-i4985023724.html
MOTOR-24V Generator Miniature Hand Crank Emergency Wind Turbine Generator Motor Part Mend,N/A,N/A,https://www.lazada.com.ph/products/pdp-i15445490835.html
Winds Generator Regulator Wind Turbine Controller Modular Design for Power,N/A,N/A,https://www.lazada.com.ph/products/pdp-i5049320480.html
Wind Turbine Generator Controller Waterproof Wind Turbine Charge Controller for Battery,N/A,N/A,https://www.lazada.com.ph/products/pdp-i5301794539.html
PWM Controller 300W Wind Turbine Charge Controller Water Proof Regulator for Wind Generator 12V 24V AUTO Switch 16A,N/A,N/A,https://www.lazada.com.ph/products/pdp-i5216742165.html
BOSTO FO5-12/24V 500W Wind Turbine Generator Controller Waterproof Battery Charging Regulator,N/A,N/A,https://www.lazada.com.ph/products/pdp-i15421295609.html
Wind Turbine Charge Regulator Aluminum Alloy Waterproof Wind Generator Controller for Protection,N/A,N/A,https://www.lazada.com.ph/products/pdp-i5046458837.html
800W Generator Controller Wind Turbine Controller IP67 Protection Simple Wiring for Power Application,N/A,N/A,https://www.lazada.com.ph/products/pdp-i5046470733.html
【XIXINBO】 Water Turbine Generator with Dual DC Output 5V and 12V G1/2 Inch Male Thread [not miss it][New product release],N/A,N/A,https://www.lazada.com.ph/products/pdp-i15434597251.html
【XINJIA】Wind Driven Generator Controller 12/24V 800W MPPT Wind Charge Controller Wind Turbine Generator Controller with Monitor,N/A,N/A,https://www.lazada.com.ph/products/pdp-i15401083307.html
Wind Generator Charge Controller Lightning Protection IP67 Waterproof Open Circuit Protection Wind Turbine Controller Efficient Charging for Off Grid,N/A,N/A,https://www.lazada.com.ph/products/pdp-i5301764229.html
Pure Sine Wave Inverter,N/A,N/A,https://www.lazada.com.ph/products/pdp-i15466588474.html
JYHOME | Portable Water Powered 220V Generator,N/A,N/A,https://www.lazada.com.ph/products/pdp-i5375601362.html
NATSEN | Electric Steam Boiler Generator,N/A,N/A,https://www.lazada.com.ph/products/pdp-i15423108643.html
6v 3w Bicycle Generator Light,N/A,N/A,https://www.lazada.com.ph/products/pdp-i15450099078.html
150W Portable Power Station Solar Generator with LED Light Multiple Outputs for Camping Power Backup,N/A,N/A,https://www.lazada.com.ph/products/pdp-i15471610310.html
REAIM Cordless Electric Chainsaw - 6 Inch Mini Portable Handheld Saw with Rechargeable Battery for Pruning & Wood Cutting,N/A,N/A,https://www.lazada.com.ph/products/pdp-i15453496844.html
High-Power Motor RC Car,N/A,N/A,https://www.lazada.com.ph/products/pdp-i4458276724.html
"【XINJIA】Innovation Invention, Electromagnetic Permanent Generator Technology- Small Production, Physics Experiment Parts DIY",N/A,N/A,https://www.lazada.com.ph/products/pdp-i15390044497.html
Centrifugal Blower 220V,N/A,N/A,https://www.lazada.com.ph/products/pdp-i15420620639.html
G7Xd-3420 30W High Speed Cw/Ccw Permanent Magnet Dc Motor For Diy Generator,N/A,N/A,https://www.lazada.com.ph/products/pdp-i15434745051.html
300W 96000mAh Outdoor Portable Generator With solar panel Fast Charge Large Capacity Outdoor AC/DC/USB Output Emergency Power supply for Adventure Laptop Powerbank Generator Auto 220V Travel Home Emergency Power Supply,N/A,N/A,https://www.lazada.com.ph/products/pdp-i4388933289.html
Portable Power Station 960000mAh Large Capacity 300W 220V Portable Outdoor Generator Home Emergency Power Powerbank Power Station with solar panel,N/A,N/A,https://www.lazada.com.ph/products/pdp-i4351636488.html
【Latest model】60G Portable Generator with Tube Long 100W Power AC220V for Home and Office,N/A,N/A,https://www.lazada.com.ph/products/pdp-i5326873619.html
[tfsdfvd]Hand Cranked Generator High Quality Motor Three Phase AC Micro-Brushless 3-24V Micro-Hydraulic Generater Power Equipment,N/A,N/A,https://www.lazada.com.ph/products/pdp-i15435242879.html
GN250 Start Motor,N/A,N/A,https://www.lazada.com.ph/products/pdp-i15418382542.html
KUWUBIANJING | Multipurpose Movable Stand,N/A,N/A,https://www.lazada.com.ph/products/pdp-i5370753817.html
Honda 78cc 9.9KW 24 Inch Gasoline Chain Saw - Portable High - Power Japanese - Made Outdoor Power Tool,N/A,N/A,https://www.lazada.com.ph/products/pdp-i4363535823.html
18W/45W Swimming Pool Light Stainless Steel Underwater Decoration Waterproof Fountain Landscape Light RGB 300*70mm,N/A,N/A,https://www.lazada.com.ph/products/pdp-i3094099671.html
【 Free Ship 】Bestway Pool Water Descent Spillway Waterfall Fountain 304 Stainless Steel Swimming Pool Garden Decor,N/A,N/A,https://www.lazada.com.ph/products/pdp-i4895092724.html
100% Authentic 20seeds High Yield Sweet Glutinous Mini Strawberry Corn Seeds for Sale Cereal Seeds Strawberry Corn Plant Seeds Organic Vegetable Seeds for Planting Condor Seeds Buto Ng Gulay Fruit Corn Seeds for Planting Vegetables Live Plants for Sale,N/A,N/A,https://www.lazada.com.ph/products/pdp-i5227775325.html
DAIDEN Gasoline Powered Engine 7.5-HP LOW Speed (for Concrete Mixer),N/A,N/A,https://www.lazada.com.ph/products/pdp-i1756026913.html
Portable Gasoline Super Silent 2200W Digital Inverter Power Generator,N/A,N/A,https://www.lazada.com.ph/products/pdp-i5321052107.html
Original Germany Chainsaw 24 Inches Gasoline Chainsaw Portable Chain saw 070 Mini Steel Power Saw Metal Tool,N/A,N/A,https://www.lazada.com.ph/products/pdp-i5206495965.html
Japanese Original Honda 20/22/24 Inches Gasoline Chainsaw Portable Chainsaw 78CC/99KW High Power Saw Tool,N/A,N/A,https://www.lazada.com.ph/products/pdp-i5256318216.html
Original Germany Gasoline Chainsaw 24 Inches Portable Mini Chain saw High Power Steel Saw Power Tool,N/A,N/A,https://www.lazada.com.ph/products/pdp-i5217774536.html
REAIM Cordless Chainsaw Electric Hand Saw Portable Wood Cutter 12inch rechargeable SawHandheld high-power Chainsaw Heavy Duty,N/A,N/A,https://www.lazada.com.ph/products/pdp-i5320487847.html
Solar Power Station 150W/68800mAh Large Capacity Power Station 220V Fast Charge Heavy Duty Generator Portable Outdoor Solar Generator With Solar Charging Board Multi-Function Solar Generator For Travel Camping Home Emergency Power,N/A,N/A,https://www.lazada.com.ph/products/pdp-i4613948002.html
Portable Solar Power Station 68800mAh Large Capacity Power Station 150W Fast Charge Heavy Duty Generator Portable With Solar Charging Board Multi-Function 220V Solar Generator For Travel Camping Outdoor Solar Generator Home Emergency Power,N/A,N/A,https://www.lazada.com.ph/products/pdp-i5178060270.html
R9Xd-3420 30W High Speed Cw/Ccw Permanent Magnet Dc Motor For Diy Generator,N/A,N/A,https://www.lazada.com.ph/products/pdp-i4734422692.html
Toolstar DC 12V 24V Dynamo Motor Generator Hand Dynamo Hydraulic Test generator Power Supply Miniature Emergency Energy Dynamo,N/A,N/A,https://www.lazada.com.ph/products/pdp-i1016766626.html
Portable Gasoline Generator 2 Stroke 220v Household Home Outdoor Small Generator 950W 60HZ Ultra Quiet High Quality Max Power Output,N/A,N/A,https://www.lazada.com.ph/products/pdp-i4353179749.html
High Power Inverter 60V-72V Sine Wave,N/A,N/A,https://www.lazada.com.ph/products/pdp-i15463248302.html
CBLUE Sunshade Net Anti UV 90% Outdoor Garden Protection Sunscreen Net Farm Greenhouse For Plant,N/A,N/A,https://www.lazada.com.ph/products/pdp-i4340474547.html
300W 96000mAh Portable Outdoor Solar Generator 220V Fast Charge Large Capacity Power Station With Solar Charging Board Support Multifunction Generator AC/DC/USB Output Portable Power Station Outdoor Car Travel Camping Home Emergency Power Supply,N/A,N/A,https://www.lazada.com.ph/products/pdp-i5177970052.html
Swiming pool light Underwater Decor RGB SMD LED light remote control Dimmable IP68 Waterproof,N/A,N/A,https://www.lazada.com.ph/products/pdp-i5220071423.html
DJI 1000 V2 Portable Power Station 2600W 1024Wh LiFePO4 Battery 220V 60Hz Solar Generator with UPS for Outdoor Camping,N/A,N/A,https://www.lazada.com.ph/products/pdp-i4578002947.html
DinQuAn | Brazed Alloy Dish-Shaped Parallel Grinding Wheel Diamond Hard Metal,N/A,N/A,https://www.lazada.com.ph/products/pdp-i15419053288.html
Swimming Pool Lights AC12V LED RGB Stainless Steel Decoration Landscape Waterproof IP68 Pool Light Underwater 12W-45W,N/A,N/A,https://www.lazada.com.ph/products/pdp-i3788852628.html
OSTS HOYOMA JAPAN HEAVY DUTY KNAPSACK SPRAYER 16L BATTERY OPERATED,N/A,N/A,https://www.lazada.com.ph/products/pdp-i2818195339.html
Besee | Food Storage Basket Bamboo Rattan,N/A,N/A,https://www.lazada.com.ph/products/pdp-i5294605843.html
ZUNYI | Portable Handheld Lithium Rechargeable Electric Chainsaw Single-Hand Use Wood Cutting Tool,N/A,N/A,https://www.lazada.com.ph/products/pdp-i15414382771.html
KEDINI | Automatic Wire Winding and Tassel Making Machine,N/A,N/A,https://www.lazada.com.ph/products/pdp-i15421031744.html
Portable Mini Chainsaw for Cutting Bamboo,N/A,N/A,https://www.lazada.com.ph/products/pdp-i15409424068.html
"【COD】Pecron E300LFP Portable Power Station 600W 288Wh Solar Generator LiFePO4 Battery with UPS Solar Power Station for Home,Camping(Solar Panel Optional)",N/A,N/A,https://www.lazada.com.ph/products/pdp-i4693156583.html
Upgraded Miner 117KH/S with Color Screen Mini Bitcoin BTC Miner BTC Solo Lottery Mining Miner Miner,N/A,N/A,https://www.lazada.com.ph/products/pdp-i5324309808.html
PaulWeekend Outdoor Power Supply 100W/150W/200W/300W Lithium Iron Phosphate Mobile Power Supply Emergency Supply,N/A,N/A,https://www.lazada.com.ph/products/pdp-i15446556607.html
PATGEAR | Portable Outdoor Solar Panel,N/A,N/A,https://www.lazada.com.ph/products/pdp-i5367580918.html
Beige Swimming Pool for family size for kid Foldable Inflation-Free Outdoor Swimming Pool 1.6M-3M,N/A,N/A,https://www.lazada.com.ph/products/pdp-i5372639388.html
RGB Swimming Pool Lights LED AC12V Stainless Steel SpasPools wall lamp Waterproof Underwater Pool Light 18W/25W/35W/45W,N/A,N/A,https://www.lazada.com.ph/products/pdp-i3822042612.html
LED RGB Swimming Pool Light AC12V LED Underwater Light Waterproof IP68 Fountain Spotlight Landscape Pond with Remote Control Outdoor Garden Lawn Lamp 18W/25W/35W/45W Swimming pool light RGB,N/A,N/A,https://www.lazada.com.ph/products/pdp-i4798416749.html
AC12V pool light 9/12/18W LED pool light IP68 waterproof Underwater light stainless steel pool light,N/A,N/A,https://www.lazada.com.ph/products/pdp-i5211024736.html
REAIM Gasoline Generator High horsepower Portable Silent Power 2200W 4-Stroke High Quality Household Generator,N/A,N/A,https://www.lazada.com.ph/products/pdp-i15495780107.html
PowMr MPPT 4.2kw/6.2kw/10.2kw On-Grid/Off-Grid hybrid inverter 24Vdc/48Vdc 230VAC PV Panel Input 500vdc Pure Sine Wave Solar Inverter 120A Solar Controller RGB Light,N/A,N/A,https://www.lazada.com.ph/products/pdp-i4346324683.html
BLUETTI （EB3A upgraded version）Elite 30 V2 288WH Portable Power Station Solar Generator with LiFeP04 Fast Charge Up to 1500 W Power for Emergency Power Camping Motor Homes Home,N/A,N/A,https://www.lazada.com.ph/products/pdp-i4692165190.html
REAIM Portable 950W Gasoline Generator Set - All-Copper Ultra Quiet 2/4-Stroke Heavy Generator with Manual Start,N/A,N/A,https://www.lazada.com.ph/products/pdp-i5384137691.html
NANWEI Portable Power Station 300W/220V Multi-functional Power Station 96000mAh Large Capacity Solar Generator,N/A,N/A,https://www.lazada.com.ph/products/pdp-i4561986683.html
【Exclusive Discount】 1000-5000W MPPT Charge Controller 12V/24V AUTO 48V 10A-40A Wind Turbine Generator Water Proof Regulator Rectifier Factory Price,N/A,N/A,https://www.lazada.com.ph/products/pdp-i5307513307.html
【New-store】 10000w Efficient Dc 48v Wind Turbines Generator Mppt Charge Controller Ip67 Waterproof Charge Controller Regulator,N/A,N/A,https://www.lazada.com.ph/products/pdp-i4305020518.html
【KaArtsy】 1000-5000W MPPT Charge Controller 12V/24V AUTO 48V 10A-40A Wind Turbine Generator Water Proof Regulator Rectifier Factory Price,N/A,N/A,https://www.lazada.com.ph/products/pdp-i5331512647.html
"Lawn Mower with Wheels Electric Grass Cutter Trimmer Portable Lawnmower Grass Trimmer Adjustable Lawn Mower Wheel-Gift for Parents,Complete Accessories, Perfect packaging, Worry-free After-sales.",N/A,N/A,https://www.lazada.com.ph/products/pdp-i2183041549.html
【COD】FlashFish E200 200W Solar Generator 40800mAh Multi-Function Portable Big Capacity Power Station Outdoor Emergency Power Supply CPAP Battery Recharged by Solar Panel/Wall Outlet/Car 220V AC Out/DC 12V /QC USB Ports,N/A,N/A,https://www.lazada.com.ph/products/pdp-i3719868671.html
【Ready Stock】NEW Chain saw 20/24/36-In Original Steel Chainsaw Gasoline Mini Chainsaw Electric Metal Tool Made in Germany Outdoor Power Tools Chain Saw Mini ChainSaw,N/A,N/A,https://www.lazada.com.ph/products/pdp-i5234331002.html
Power Station 500/400/300/200W Portable Multifunctional Solar Power Station 99000mAh Large Capacity Generator,N/A,N/A,https://www.lazada.com.ph/products/pdp-i5360079563.html
Swimming Pool Underwater Cleaning Vacuum Cleaner Cleaning Brushing Pool Tools Suitable for Telescopic Rod,N/A,N/A,https://www.lazada.com.ph/products/pdp-i4927768472.html
Mini Chainsaw 6 inch Makita Original Cordless Electric 2pc Battery Rechargeable 36v to 198v Optional High Power Chainsaw Single Hand Saw Rechargeable Chain Saw Pruning Wood Cutting Home Tool,N/A,N/A,https://www.lazada.com.ph/products/pdp-i4910717259.html
500W 288000mAh Portable Power Station Large Capacity Outdoor Solar Generator 220V Fast Charge Mobile Power Large Capacity Inverter Portable Solar Generator For Travel Camping Home Emergency Power Supply Support AC/DC/USB Outpu,N/A,N/A,https://www.lazada.com.ph/products/pdp-i5061332301.html
Second Generation Racing Drone Motor,N/A,N/A,https://www.lazada.com.ph/products/pdp-i15450059366.html
Manual De-hydrator Spinner,N/A,N/A,https://www.lazada.com.ph/products/pdp-i15455951475.html
【Trending in Fashion】 BF-UV5RH 10W portable AM FM commuter VHF station Ham wireless set long range,N/A,N/A,https://www.lazada.com.ph/products/pdp-i5200503399.html
【Exclusive Discount】 Permanent Magnet Brushless Motor Generator Set Output Ac 220v Double Bearing Silent Inner Rotor Dc High Voltage Dc 12v Motor 775,N/A,N/A,https://www.lazada.com.ph/products/pdp-i5081566191.html
【HOT SALE】 zemic L1E loadcell 50kg 60kg 100kg 200kg 300kg 350kg 500kg load cells,N/A,N/A,https://www.lazada.com.ph/products/pdp-i5176868730.html
螺旋藻片 提高 增强免疫力 成人碱性食品备孕养胃官方咀嚼片 .TasteWorld,N/A,N/A,https://www.lazada.com.ph/products/pdp-i15437217366.html
Upgrade Speed Cube Competition Ready,N/A,N/A,https://www.lazada.com.ph/products/pdp-i15442487946.html
"CHUANGCHAO generator for home silent type,3.5KW Gasoline Generator portable , Double protection system, Pure copper motor, strong power heart of the motor Big fuel tank for your battery life Multiple fuel options to meet more needs, 4 Stroke Air Cooled",N/A,N/A,https://www.lazada.com.ph/products/pdp-i2090086594.html
【Popular choice】 Hand Crank Generator Mobile Phone Charging Treasure High Power 220v 500w Large Outdoor Dc12v 240w Manual Generator,N/A,N/A,https://www.lazada.com.ph/products/pdp-i5050011315.html
BLUETTI AC70 Portable Power Station 768Wh 1000W LiFePO4 Battery Solar Generator for Emergency Backup Camping Motors Home,N/A,N/A,https://www.lazada.com.ph/products/pdp-i4693543870.html
【New Upgrade】 Portable Gasoline Generator 4 Stroke 220v HouseholdHome Outdoor Small Generator 2200w 60HZ Ultra Qulet HighQuality Max Power Output,N/A,N/A,https://www.lazada.com.ph/products/pdp-i5307087524.html
Portable Hand-Cranked Multi-Function Generator Output 220V 12V 5V Power Bank Emergency Lamp Hardware Tools Other Generators,N/A,N/A,https://www.lazada.com.ph/products/pdp-i5108207534.html
"HIGH QUALITY VEGETABLE SEEDS! (Pechay, Tomato, Talong, Sitaw, Ampalaya, Kalabasa, Carrot, Sigarilyas, Bell, Sili, Upo)",N/A,N/A,https://www.lazada.com.ph/products/pdp-i3191677373.html
REAIM Cordless Electric Chainsaw - 6 Inch Mini Portable Handheld Saw with Rechargeable Battery for Pruning & Wood Cutting,N/A,N/A,https://www.lazada.com.ph/products/pdp-i5383010611.html
Blackstone Generator Gasoline Electric Starter BS3800,N/A,N/A,https://www.lazada.com.ph/products/pdp-i4222195208.html
OUKUMAN | Scientific Calculator for Students and Professionals Multi-Function,N/A,N/A,https://www.lazada.com.ph/products/pdp-i15419047307.html
【From Germany】STHIL 36 Inches portable Chainsaw 070 20‘’/24‘’/36‘’ Saw Original Power Saw big chainsaw High Power,N/A,N/A,https://www.lazada.com.ph/products/pdp-i4820037405.html
(Local delivery)Japan Import 6 Inch Cordless Electric Mini Chainsaw Battery Portable Electric Cordless Chain SawHandheld Pruning Elektrik Saw for Wood Cutter Original Rechargeable,N/A,N/A,https://www.lazada.com.ph/products/pdp-i4385566254.html
Portable Gasoline Generator 2 Stroke 220v Household Home Outdoor Small Generator 950W 60HZ Ultra Quiet High Quality Max Power Output,N/A,N/A,https://www.lazada.com.ph/products/pdp-i4333650877.html
Vogue Magazine: Gemma Cruz Araneta,N/A,N/A,https://www.lazada.com.ph/products/pdp-i5193966666.html
【COD】Chainsaw 20/22/24 Inches Gasoline Chainsaw Original Portable Chainsaw Mini Steel Power Saw Tool,N/A,N/A,https://www.lazada.com.ph/products/pdp-i5242239321.html
PGM GOLF | Youth 7 Iron Golf Club Single,N/A,N/A,https://www.lazada.com.ph/products/pdp-i15396877870.html
Solar Generator Portable Power Station 220V AC Outlets Output 350W Fast Charging Station 109600mAh Large Capacity Support Solar Panel Charging Mobile Power For Outdoor Camping Emergency Hiking,N/A,N/A,https://www.lazada.com.ph/products/pdp-i4350023396.html
"SOARFLY 220V 500W Portable Power Station with Solar Panels, for Outdoor Camping Home Emergency Jobsite Construction Power Supply",N/A,N/A,https://www.lazada.com.ph/products/pdp-i5091142330.html
4000W Gasoline Generator 4-Stroke Home Household Outdoor Generator High Power 220V/60Hz Manual Electric Start Generator OHV Air Cooled Generators Ultra Quiet Low Fuel Consumption High Quality Max Power Output,N/A,N/A,https://www.lazada.com.ph/products/pdp-i4878732207.html
High Power Outdoor Sine Wave Inverter,N/A,N/A,https://www.lazada.com.ph/products/pdp-i15469269658.html
20/22/24 Inches Original 070 Chainsaw Gasoline Portable Chainsaw Mini Chainsaw High Power Saw Tool,N/A,N/A,https://www.lazada.com.ph/products/pdp-i4686687735.html
AOBIXIONG | Large Outdoor Thickened Inflatable Swimming Pool,N/A,N/A,https://www.lazada.com.ph/products/pdp-i5405222273.html
【COD】20/24/36 inches Power Chainsaw petrol ChainSaw Wood Working Saw Mini Power Saw Power Metal Tool 72/58cc,N/A,N/A,https://www.lazada.com.ph/products/pdp-i5143340943.html
Swimming Pool for Kids Sale Non-inflatable Swimming Pool Heavy Duty Family Foldable Swimming Pool No Pump Needed Davian Blue style,N/A,N/A,https://www.lazada.com.ph/products/pdp-i5410103167.html
ECGSOLAX 5KW On-grid/Off-grid Hybrid Solar Inverter 24V VDC 230VAC 160A MPPT Work Without battery,N/A,N/A,https://www.lazada.com.ph/products/pdp-i5385073374.html
150W Solar Panel Complete Set 12V DC USB With 60A/100A Solar Controller Solar Cell solar battery for home appliances,N/A,N/A,https://www.lazada.com.ph/products/pdp-i2965291693.html
COD 24 Inch 58/72CC Gasoline Chainsaw MS070 Portable Saw w/ 5.5/9.9KW Engine | Pro Wood Cutting Tool,N/A,N/A,https://www.lazada.com.ph/products/pdp-i5234020030.html
Beautiful Petal Cement Mold DIY Walkway Stepping Stones Cement Paving Mould For Garden Road Courtyard Plastic molds,N/A,N/A,https://www.lazada.com.ph/products/pdp-i4452676934.html
Yoqu High Branch Saw 2M-5M Telescopic Pole Saw Tree Cutter Pruner High Branch Tree Trimming Garden Saw,N/A,N/A,https://www.lazada.com.ph/products/pdp-i5252822659.html
【₱100 OFF】COD Original 22/24inch Gasoline Chainsaw High Power 5.5/9.9KW Chain Saw 78CC Outdoor Electric Logging Saw Free Accessories,N/A,N/A,https://www.lazada.com.ph/products/pdp-i5232897839.html
DOKIO Solar Panel generator System Peak Power Inverter Battery set 18V Solar Panel with 100A Solar Charge Controller with LED Voltage Display for Home Applicance,N/A,N/A,https://www.lazada.com.ph/products/pdp-i3217652841.html
THUNDERBOLT GASOLINE INVERTER GENERATOR,N/A,N/A,https://www.lazada.com.ph/products/pdp-i4109548708.html
【Ready Stock】Chainsaw 20/24/36 Inch Orlginal Germany MS070 High-Power Chain Saw Big Chainsaw,N/A,N/A,https://www.lazada.com.ph/products/pdp-i5085991364.html
588V Grass Cutter Cordless Lawn Mower Electric Mower Grass Trimmer with Rechargeable Lithium Battery Garden Pruning tool,N/A,N/A,https://www.lazada.com.ph/products/pdp-i2601265250.html
PowMr 200W Flexible Solar Panel Monocrystalline Solar Cell DIY Cable Outdoor Car RV Waterproof Rechargeable Power System,N/A,N/A,https://www.lazada.com.ph/products/pdp-i4358927284.html
SHENGXUE | Water Guiding Drainage Chain,N/A,N/A,https://www.lazada.com.ph/products/pdp-i5292685151.html
PowMr 1KW/1.6KW 12V Hybrid Solar Inverter 230Vac All in one inverter Built In 80A MPPT Solar Charge Controller 50/60Hz Auto Pure Sine Wave Inverter,N/A,N/A,https://www.lazada.com.ph/products/pdp-i4420595849.html
Magic Fruit Tree Plant,N/A,N/A,https://www.lazada.com.ph/products/pdp-i5401081018.html
Manual Refrigeration Flaring Tool Kit,N/A,N/A,https://www.lazada.com.ph/products/pdp-i15457591052.html
POWER ARC 2.5Kw 4 Stroke Air-cooled Gasoline Generator PAG2500 Rexxon Power Tools Trading,N/A,N/A,https://www.lazada.com.ph/products/pdp-i4379951878.html
"PaulWeekend Portable Quiet Inverter Generator with 7L Large Fuel Tank, Intelligent Frequency Regulation, Ideal for Home, Outdoor Camping, Construction and Street Vending",N/A,N/A,https://www.lazada.com.ph/products/pdp-i15453379067.html
REAIM Tiller Cultivator Machine 7.5hp Mini Tiller Cultivator Rotary Cultivator for Farm Garden Soil Plowing and Rotary Tilling,N/A,N/A,https://www.lazada.com.ph/products/pdp-i15420622152.html
PowMr 1.5KW 24V Hybrid Solar Inverter 230Vac PV Start Voltage 30Voc Built In 80A MPPT Solar Charge Controller 50/60Hz Auto Pure Sine Wave Inverter,N/A,N/A,https://www.lazada.com.ph/products/pdp-i4433391033.html
100pcs Adjustable Tree Tags Around Hanging Tags Waterproof Plant Tags,N/A,N/A,https://www.lazada.com.ph/products/pdp-i4384992899.html
Jimdary Correction Sine Wave Inverter 12 V Converter 220V 1000W Power Inverter with Solar Panel,N/A,N/A,https://www.lazada.com.ph/products/pdp-i15490351528.html
YUNHONG | Garden Outdoor Mosquito Killer Device,N/A,N/A,https://www.lazada.com.ph/products/pdp-i15434326494.html
PowMr6W/10W/20W/40W/50W/60W/80W/100W/120W/150W/200W/300W Flexible Solar Panel Monocrystalline Solar Cell DIY Cable Outdoor Car RV Waterproof Rechargeable Power System,N/A,N/A,https://www.lazada.com.ph/products/pdp-i4484665160.html
YUNHONG | Solar Mothkilling Insect Light,N/A,N/A,https://www.lazada.com.ph/products/pdp-i15434226665.html
Wind-Cooled Diesel Engine Starter Motor for Micro-Tillage Machine 170F178F186F192F Farm Use Agricultural Equipment Starter,N/A,N/A,https://www.lazada.com.ph/products/pdp-i5156341342.html
REAIM Micro-Tiller Gasoline Small Rotary Cultivator Machine hevy duty 6500W 7.5HP Outdoor Multi-function Agricultural Garden With Full Set Accessory,N/A,N/A,https://www.lazada.com.ph/products/pdp-i15489526424.html
"Gasoline Generator 4000W Four-Stroke Portable Generator Household Gasoline Generator 220V/60HZ Engine Double-Layer Protection System Equipped with Ultra-High Performance Manual Electric Start OHV Air-Cooled Generator Suitable for Going Out, Power Outage,",N/A,N/A,https://www.lazada.com.ph/products/pdp-i4582161031.html
Zamdon Solar Generator 1000W/12V – Reliable Off-Grid Power with Built-in Battery & MPPT authentic zamdon solar Generator barattilla,N/A,N/A,https://www.lazada.com.ph/products/pdp-i5076604396.html
DEKES 4000W Portable Gasoline Generator 4 Stroke 220V 60HZ Household Outdoor Small Manual/Electric Start All-copper Generator,N/A,N/A,https://www.lazada.com.ph/products/pdp-i15423085442.html
PowMr 3.2KW Hybrid Solar Inverter 230Vac PV Start Voltage 30Voc Built In 80A MPPT Solar Charge Controller 50/60Hz Auto Pure Sine Wave Inverter,N/A,N/A,https://www.lazada.com.ph/products/pdp-i4051943575.html
Chainsaw 20/24/36Inch Portable Chainsaw Gasoline Chainsaw Original Steel Chainsaw Power Tools,N/A,N/A,https://www.lazada.com.ph/products/pdp-i4854628591.html
STEM Science Experiment Toy Set,N/A,N/A,https://www.lazada.com.ph/products/pdp-i5403932951.html
2X NerdMiner V2 2.8 Inch Display BTC Solo Lottery Nerd Miner 56KH/S Crypto Solo Mining Machine,N/A,N/A,https://www.lazada.com.ph/products/pdp-i4980159669.html
350W portable solar power station 109600mah large capacity household multi-function generator with solar charging panel supports USB port charging AC output heavy-duty outdoor mobile power supply travel camping household emergency power supply,N/A,N/A,https://www.lazada.com.ph/products/pdp-i4370246497.html
Handmade Roller Coaster Building Kit Educational 3D Slide Ball Track Toy Blocks Gift for Third Grade Children,N/A,N/A,https://www.lazada.com.ph/products/pdp-i5169321938.html
NSS [NEW LAUNCH] Solar Generator 300W-300W Peak Power Inverter 31000mAh Portable Power Station Multi-Functional Lithium Battery Emergency Power Supply for Camping Outdoor Home Blackout with AC/DC/USB Ports,N/A,N/A,https://www.lazada.com.ph/products/pdp-i15469695001.html
200Watt 12V Solar Panel Complete Set with 10-100A Controller Monocrystalline PV Module for home appliances,N/A,N/A,https://www.lazada.com.ph/products/pdp-i2965237790.html
STEM Education Electronic Experiment Kit,N/A,N/A,https://www.lazada.com.ph/products/pdp-i15429034180.html
Portable power station with solar panels with solar panels/Wall socket/Vehicle 220v AC output/DC 12v /QC USB interface/Outdoor power supply,N/A,N/A,https://www.lazada.com.ph/products/pdp-i4485286301.html
Queen Victoria Variegata plant,N/A,N/A,https://www.lazada.com.ph/products/pdp-i15426731214.html
1Pc Wind Turbine Generator Kit Micro-Hand Dynamo Generator DC12V Generator Power Supply,N/A,N/A,https://www.lazada.com.ph/products/pdp-i15466602813.html
MotorPart King fol Mini Micro 3-phase AC power Wind Turbines Hand Alternator Generator 3V-24v Model,N/A,N/A,https://www.lazada.com.ph/products/pdp-i15474600452.html
MotorPart King CH* Mini Micro 3-phase AC power Wind Turbines Hand Alternator Generator 3V-24v Model,N/A,N/A,https://www.lazada.com.ph/products/pdp-i15474761731.html
(LAXE) 1Pc Wind Turbine Generator Kit Micro-Hand Dynamo Generator DC12V Generator Power Supply,N/A,N/A,https://www.lazada.com.ph/products/pdp-i15467798220.html
【ZenCrate】 100-1000W 40A 12V/24V/48V MPPT Wind Charge Controller For Wind Turbine Generator System Waterproof IP67 Factory Price,N/A,N/A,https://www.lazada.com.ph/products/pdp-i15490090653.html
Wind Turbine Generator Kit Ind Charge Regulator Shine Wind Turbine Low Voltage for Engineering for Household Use,N/A,N/A,https://www.lazada.com.ph/products/pdp-i15476095070.html
1Pc Wind Turbine Generator Kit Micro-Hand Dynamo Generator DC12V Generator Power Supply,N/A,N/A,https://www.lazada.com.ph/products/pdp-i15475008599.html
【Storewide Sale】 Portable Wind Power Generator Set Turbine Motor Alternator Self-Generation Emergency Phone Charger Generator Technology Kit,N/A,N/A,https://www.lazada.com.ph/products/pdp-i4488468378.html
12V/24V 1200W 5-Blade Horizontal Wind Turbine Generator with Controller New,N/A,N/A,https://www.lazada.com.ph/products/pdp-i15483908821.html
【Auto Parts Storeshop】 DIY Handmade Wind Turbine Generator Kit for Environmentally Friendly Projects,N/A,N/A,https://www.lazada.com.ph/products/pdp-i15467144454.html
【Hot demand】 Diy Small Horizontal Wind Turbine Generator High Strength Nylon Fiber Blades 370mm 8 Blades For Windmill,N/A,N/A,https://www.lazada.com.ph/products/pdp-i4488381958.html
LazaraHome 360 Degreen Micro Vertical Wind Turbines Generator Mini Motor Blade Parts LED DIY Teaching Model,N/A,N/A,https://www.lazada.com.ph/products/pdp-i1471306776.html
[Trivony] 1000-5000W MPPT Charge Controller 12V/24V AUTO 48V 10A-40A Wind Turbine Generator Water Proof Regulator Rectifier Factory Price,N/A,N/A,https://www.lazada.com.ph/products/pdp-i15487545723.html
Portable Wind Turbine Generator Kit Dc Motor Small Fan Blade 60mm for Learning,N/A,N/A,https://www.lazada.com.ph/products/pdp-i15457867228.html
(LAM1) Mini Wind DC Generator Hand Dynamo Hydraulic Test DC 12V 24V Motor Machine Supply Emergency Generator,N/A,N/A,https://www.lazada.com.ph/products/pdp-i15474664641.html
2026Zamdon Solar Inverter 24V1000W - Toroidal Off Grid InverterCOD,N/A,N/A,https://www.lazada.com.ph/products/pdp-i15486988503.html
GAVR 8A GAVR 12A AVR Brushless Diesel Generator Automatic Regulator Stabilizer Electric Generator Parts GAVR-8A GAVR-12A,N/A,N/A,https://www.lazada.com.ph/products/pdp-i4858734869.html
"XHQ-PT 12/24V valve for diesel generator engine shutdown control power on, power off and pull control shutdown device 12V diesel generator extinguisher stop solenoid valve",N/A,N/A,https://www.lazada.com.ph/products/pdp-i5001190697.html
"Generator Auto Start Control DSE7320 Auto Mains Failure Controller，Original, replace",N/A,N/A,https://www.lazada.com.ph/products/pdp-i5357450257.html
"(1000W double wheel ) Generator 12V Permanent Magnet AC/DC Charging with Lamp Dual Purpose for Agricultural Vehicles, Tricycles, Four-wheel Tractors Fast Shipping",N/A,N/A,https://www.lazada.com.ph/products/pdp-i4981164999.html
Interactive Educational Parachute Toy,N/A,N/A,https://www.lazada.com.ph/products/pdp-i15459790793.html
【Tech Max Store】 Manual Generator Hand Crank High-Power 220V 500W DC12V Outdoor Charging Device,N/A,N/A,https://www.lazada.com.ph/products/pdp-i5392475262.html
Non-stick Indoor Electric Griddle 110V,N/A,N/A,https://www.lazada.com.ph/products/pdp-i15486539609.html
【Crafira】 Permanent Magnet Brushless Motor Generator Set Output Ac 220v Double Bearing Silent Inner Rotor Dc High Voltage Dc 12v Motor 775,N/A,N/A,https://www.lazada.com.ph/products/pdp-i5069627972.html
【Exclusive】 Dc High Quality Brushless Motor Generator 12/24v 3000-6000 Rpm Large High Power Low Noise Cw/ccw Permanent Magnet Dc Motor,N/A,N/A,https://www.lazada.com.ph/products/pdp-i4226532114.html
Magnetic Speed Cubing Puzzle Toy,N/A,N/A,https://www.lazada.com.ph/products/pdp-i15449912232.html
"Four Stroke Portable Power Generator 4000w Gasoline Generator For Home Gasoline Generator 220V/60HZ Outdoor Small Generator Engine Dual Protection System With Ultra High Performance Manual Electric Start OHV Air Cooled Generators,Big Fuel Tank Generator",N/A,N/A,https://www.lazada.com.ph/products/pdp-i4433386236.html
【COD】power station 220V 100W--300w solar charge portable home generator multi-functional power station,N/A,N/A,https://www.lazada.com.ph/products/pdp-i5376251949.html
Solar Generator with Solar Panel Included 220V 300W 96000MAH Big Battery Capacity Portable Power Station Battery Backup for Home Outdoor camping self-driving tour backup generator,N/A,N/A,https://www.lazada.com.ph/products/pdp-i4359443177.html
Portable Gasoline Generator 2 Stroke 950W High-power 220V 60HZ Household Outdoor Small Generator High Quality Ultra Quiet Manual Start Generator Original All-copper Generator Set Efficient Strong Endurance Generator,N/A,N/A,https://www.lazada.com.ph/products/pdp-i4567008695.html
"Generator Four Stroke Gasoline Generator 4000W Engine Dual Protection System With Ultra High Performance Manual Electric Start OHV Air Cooled Generators ,strong power heart of the motor Big fuel tank",N/A,N/A,https://www.lazada.com.ph/products/pdp-i4146934159.html
ASTER Gasoline generator Portable Gasoline Generator Set 1000W High-power 220V Household Outdoor Small Generator High Quality,N/A,N/A,https://www.lazada.com.ph/products/pdp-i15481385413.html
Xinfei steam ironing machine home iron small hanging vertical ironing hand-held ironing machine electric iron authentic,N/A,N/A,https://www.lazada.com.ph/products/pdp-i5268656115.html
Nature Exploration Scientific Experiment Toy Set,N/A,N/A,https://www.lazada.com.ph/products/pdp-i15427766146.html
Deguobao Portable Gasoline Generator 2 Stroke 220V Household Home Outdoor Small Generator 950W 60Hz Ultra Quiet High Quality Max Power Output,N/A,N/A,https://www.lazada.com.ph/products/pdp-i4562113697.html
Portable Power Station 300W 90000mAh Solar Generator Portable Generator 220v Outdoor Power Supply High-power Multi-function Portable Camping travling self-tour Mobile power Supply Plus Household emergency necessary generator large capacity power,N/A,N/A,https://www.lazada.com.ph/products/pdp-i2620731694.html
纯螺旋藻粉官方食品级蓝色食用海藻粉小球即食藻蓝蛋白 .TasteWorld,N/A,N/A,https://www.lazada.com.ph/products/pdp-i15436886891.html
Power Arc Gasoline Generator 4stroke 1500W,N/A,N/A,https://www.lazada.com.ph/products/pdp-i15431860799.html
Permanent magnet DC 12V dual-purpose generator tricycle four-wheeled tractor generator,N/A,N/A,https://www.lazada.com.ph/products/pdp-i4894039756.html
[LA1R]D2822 Brushless Motor Brushless Outer Rotor Motor Suitable for Remote Control Multi-Rotor Fixed-Wing Aircraft,N/A,N/A,https://www.lazada.com.ph/products/pdp-i15429687099.html
4000W Gasoline Generator 220V/60Hz Portable Household Generator Four-Stroke Silent Generator Dual Protection System With Ultra High Performance Manual Electric Start OHV Air Cooled Generators For Outing/Brownout/Agriculture/Vacation,N/A,N/A,https://www.lazada.com.ph/products/pdp-i4969986094.html
DEKES 4000W Portable Gasoline Generator 4 Stroke 220V 60HZ Household Outdoor Small Manual/Electric Start All-copper Generator,N/A,N/A,https://www.lazada.com.ph/products/pdp-i4701218445.html
Portable Gasoline Generator Set 950W High-power 220V 60HZ Household Outdoor Small Generator High Quality Ultra Quiet Manual Start Generator All-copper Generator Set Efficient Strong Endurance Generator Portable Generator,N/A,N/A,https://www.lazada.com.ph/products/pdp-i5048442820.html
950W Gasoline Generator 2-Stroke Portable Power Generator For Home High Power 220V/60Hz Manual Electric Start Generator German Technology Dual Protection System With Ultra High Performance OHV Air Cooled Generators,N/A,N/A,https://www.lazada.com.ph/products/pdp-i5186894917.html
Portable Gasoline Generator 950W/2200W/4000W High-Power 220V 60HZ Household Outdoor Small Generator 4-Stroke All-Copper Generator Set Manual Electric Start Generator Multiple Protection Systems High Performance OHV Air Cooled Generators,N/A,N/A,https://www.lazada.com.ph/products/pdp-i5381274470.html
Portable Gasoline Generator Set 950W High-power 220V 60HZ Household Outdoor Small Generator High Quality Ultra Quiet Manual Start Generator All-copper Generator Set Efficient Strong Endurance Generator Portable Generator,N/A,N/A,https://www.lazada.com.ph/products/pdp-i4275670351.html
4-Strokes SUPER Silent type 2200 watts Generators Gasoline Digital Inverter Power Generator Set,N/A,N/A,https://www.lazada.com.ph/products/pdp-i5168525721.html
4000W/2200W/950W Gasoline Generator 4-Stroke Portable Power Generator 220V/60HZ High-Power Home Gasoline Generator Outdoor Small All-Copper Generator Multiple Protection Systems High Performance OHV Air Cooled Generators (Manual/Electric Start),N/A,N/A,https://www.lazada.com.ph/products/pdp-i5348227313.html
"2200W high-power 220V 60Hz small household outdoor generator set with all-copper generator, efficient and strong endurance, portable generator with super silent manual start generator",N/A,N/A,https://www.lazada.com.ph/products/pdp-i5167846375.html
"4000W Gasoline Generator Four Stroke Engine Dual Protection System With Ultra High Performance Manual Electric Start OHV Air Cooled Generators For Outing, Brownout, Agriculture, Vacation, Portable Household Generator",N/A,N/A,https://www.lazada.com.ph/products/pdp-i4865263022.html
REAIM Portable Gasoline Generator Heavy Duty Gasoline 4000W High Power Quality All-copper 4-Stroke Generator,N/A,N/A,https://www.lazada.com.ph/products/pdp-i15392351410.html
Portable Gasoline Generator 2200W/950W Household Home Outdoor Small Generator New High Quality Powerful 220V Generator,N/A,N/A,https://www.lazada.com.ph/products/pdp-i5301830577.html
【SHINMAX】Diesel Generator Japan Technology High Efficiency Low Noise For Home 3/5/6/7GFCL 3/5/6GFCLE,N/A,N/A,https://www.lazada.com.ph/products/pdp-i3259811036.html
Portable Gasoline Generator Set 950W High-power 220V 60HZ Household Outdoor Small Generator High Quality Ultra Quiet Manual Start Generator All-copper Generator Set Efficient Strong Endurance Generator Portable Generator,N/A,N/A,https://www.lazada.com.ph/products/pdp-i4741580077.html
Gasoline Generator 220V/60Hz Household Outdoor Gasoline Generator 950W High-Power Manual Start Generator Portable Low-Noise Silent High-Quality Generator Original All-Copper Generator High-Efficiency Strong Endurance Gasoline Generator,N/A,N/A,https://www.lazada.com.ph/products/pdp-i4181316657.html
RONGWEIFU | Multi-functional Low Speed Generator 12V-60V 600W,N/A,N/A,https://www.lazada.com.ph/products/pdp-i15447591749.html
"4000W Gasoline Generator Four Stroke Engine Dual Protection System With Ultra High Performance Manual Electric Start OHV Air Cooled Generators For Outing, Brownout, Agriculture, Vacation, Portable Household Generator",N/A,N/A,https://www.lazada.com.ph/products/pdp-i4960272725.html
2200W Portable Gasoline Generator 4 Stroke 220V 60HZ Household Outdoor Small Powerful Generator Manual Start All-copper Generator,N/A,N/A,https://www.lazada.com.ph/products/pdp-i5184448337.html
Portable gasoline generator 950W60HZ ultra quiet high-quality 2-stroke diesel generator maximum power output,N/A,N/A,https://www.lazada.com.ph/products/pdp-i4873023405.html
Xiejinshui1 1000W Digital Inverter Gasoline Generator,N/A,N/A,https://www.lazada.com.ph/products/pdp-i3541960647.html
reaim Portable 4kw/60Hz Gasoline Generator 4-Stroke Single-Phase Generator 220V Small All-copper Generator,N/A,N/A,https://www.lazada.com.ph/products/pdp-i5302003324.html
"Generator 4000W Gasoline Generator Four Stroke Engine Dual Protection System With Ultra High Performance Manual Electric Start OHV Air Cooled Generators For Outing, Brownout, Agriculture, Vacation, Portable Household Generator",N/A,N/A,https://www.lazada.com.ph/products/pdp-i4125018500.html
"REAIM Heavy Duty Gasoline Generator 3000W Max Power, 4-Stroke Engine Manual Start with Universal Socket for Job Site",N/A,N/A,https://www.lazada.com.ph/products/pdp-i5302421059.html
DEKES Portable Gasoline Generator Set 950W High-power 60HZ ultra quiet 2-stroke diesel generator Household Outdoor Small Generator,N/A,N/A,https://www.lazada.com.ph/products/pdp-i5391665570.html
【RlGIYH】Hand Crank Generator High Power Large Capacity 150W AC220V Mobile Phone Charging Treasure Outdoor DC12V 240W,N/A,N/A,https://www.lazada.com.ph/products/pdp-i5307534188.html
1000 Watt Hydroelectric Generator 220v aluminum alloy TV with monitoring lighting computer charger,N/A,N/A,https://www.lazada.com.ph/products/pdp-i4625388793.html
Germany imported gasoline generator 220v silent household commercial 3/5/8kw10kw single three-phase 380v household.,N/A,N/A,https://www.lazada.com.ph/products/pdp-i4945605844.html
Household alternator high-power hand generator permanent magnet generator 120v220V generator 500W,N/A,N/A,https://www.lazada.com.ph/products/pdp-i5056730873.html
"Permanent magnet DC generator 12v, 24v, 100w, 180w, 300w Hand-operated wind-driven pedal hydraulic battery charging.",N/A,N/A,https://www.lazada.com.ph/products/pdp-i5052342003.html
Generator mini gasoline generator custom 110/220V home small generator portable.,N/A,N/A,https://www.lazada.com.ph/products/pdp-i4556606268.html
Portable Gasoline Generator 2500W 220V 60Hz Recoil Start Air-Cooled Low-Noise with Accessories COD Available,N/A,N/A,https://www.lazada.com.ph/products/pdp-i5025761935.html
Yamaha gasoline generator 220V household 3000w small frequency conversion mute single-phase 10kw three-phase 380v8kw,N/A,N/A,https://www.lazada.com.ph/products/pdp-i4894579159.html
3kw household small gasoline generator 220v single-phase 5/6/8/10kw generator Three-phase dual voltage 380V.,N/A,N/A,https://www.lazada.com.ph/products/pdp-i5306404872.html
Portable 4000W Gasoline Generator Household Outdoor Small Generator Dual Protection System,N/A,N/A,https://www.lazada.com.ph/products/pdp-i4627410525.html
"Permanent magnet DC generator 12v, 24v, 100w, 180w, 300w Hand-operated wind-driven pedal hydraulic battery charging.",N/A,N/A,https://www.lazada.com.ph/products/pdp-i5010033222.html
TANABE JAPAN 3.5KVA / 3500W GASOLINE GENERATOR - ELECTRIC START - 100% COPPER WINDING - WITH AVR‼️TNB-3800E‼️,N/A,N/A,https://www.lazada.com.ph/products/pdp-i4836879798.html
Gasoline Generator 4000W Gasoline Generator Household Portable Generator 220V/60Hz Four-stroke Super Power Silent Generator Full Copper Engine Dual Protection System Ultra-Long Endurance Generator,N/A,N/A,https://www.lazada.com.ph/products/pdp-i4362616614.html
Household gasoline generator 220v3000 380v three-phase multi-fuel small 5/6/7kw single-phase mute,N/A,N/A,https://www.lazada.com.ph/products/pdp-i5125549263.html
Unicorn 220V/60HZ Generator for Outdoor camping Gasoline Generator Small household generator Pure copper motor,N/A,N/A,https://www.lazada.com.ph/products/pdp-i4696574156.html
Gasoline Generator 950W High-power Gasoline Generator Household Portable 220V/60Hz Manual Start Generator All-copper Generator Set Low Noise Silent High-quality Generator Efficient Strong Endurance Generator,N/A,N/A,https://www.lazada.com.ph/products/pdp-i4334031657.html
Portable Gasoline Generator Set 2200W High-power 220V 60HZ Household Outdoor Small Generator High Quality Ultra Quiet Manual Start Generator All-copper Generator Set Efficient Strong Endurance Generator Portable Generator,N/A,N/A,https://www.lazada.com.ph/products/pdp-i5165154947.html
"Generator 4000W Gasoline Generator Four Stroke Engine Dual Protection System With Ultra High Performance Manual Electric Start OHV Air Cooled Generators For Outing, Brownout, Agriculture, Vacation, Portable Household Generator",N/A,N/A,https://www.lazada.com.ph/products/pdp-i4857215256.html
"Ronix RH-4703 Gasoline Generator 1.2 KW need electrical power during a power outage in your house, workspace, or in large-scale places such as hospitals, construction sites, organizations, factories, etc.",N/A,N/A,https://www.lazada.com.ph/products/pdp-i4089061826.html
High Power Small Generator 5/6/8/10KW for Camping Outdoor Stall Selling 220V Gasoline Generator with Electric Start by Yuba,N/A,N/A,https://www.lazada.com.ph/products/pdp-i5136109875.html
BUILDMATE Powerhouse USA 5.0-6.0KW Gasoline Generator Energize Series with Key Electric Start PWH7500E - PHI DBS,N/A,N/A,https://www.lazada.com.ph/products/pdp-i1802153798.html
Marpro 2200watts Silent Type Inverter Power Generator Household,N/A,N/A,https://www.lazada.com.ph/products/pdp-i3912388263.html
【DAIMAX】Portable Gasoline Generator 4 Stroke 220V 60HZ Household Outdoor Small Manual/Electric Start,N/A,N/A,https://www.lazada.com.ph/products/pdp-i3440123364.html
"Ronix RH-4703 Gasoline Generator 1.2 KW need electrical power during a power outage in your house, workspace, or in large-scale places such as hospitals, construction sites, organizations, factories, etc.",N/A,N/A,https://www.lazada.com.ph/products/pdp-i4378941961.html
"Ronix RH-4703 Gasoline Generator 1.2 KW need electrical power during a power outage in your house, workspace, or in large-scale places such as hospitals, construction sites, organizations, factories, etc.",N/A,N/A,https://www.lazada.com.ph/products/pdp-i4094649866.html
Portable Gasoline Generator 3000W Electric Battery and Manual Recoil Dual Start Generator Engine,N/A,N/A,https://www.lazada.com.ph/products/pdp-i5026119009.html
"Generator 4000W Gasoline Generator Four Stroke Engine Dual Protection System With Ultra High Performance Manual Electric Start OHV Air Cooled Generators For Outing, Brownout, Agriculture, Vacation, Portable Household Generator",N/A,N/A,https://www.lazada.com.ph/products/pdp-i4351811428.html
KTEC Gasoline Generator 7500 With wheels Watts 7.5kva AIR COOLED COPPER WIRE G7500E,N/A,N/A,https://www.lazada.com.ph/products/pdp-i15432121979.html
Yuchai gasoline generator 3/5/6/8/10kW small household generator 220V single-phase three-phase 380V,N/A,N/A,https://www.lazada.com.ph/products/pdp-i5303157181.html
Small hand-cranked generator outdoor emergency high power 30W mobile phone notebook manual charger portable home.,N/A,N/A,https://www.lazada.com.ph/products/pdp-i5083297025.html
"Bargaining goods: second-hand Japanese imported YANMAR Yangma YSG750 portable generator, such as",N/A,N/A,https://www.lazada.com.ph/products/pdp-i5282504748.html
Kabaru3kw gasoline generator 220V single-phase 380v three-phase 3/5/6kW 8Kw mini home,N/A,N/A,https://www.lazada.com.ph/products/pdp-i5152695387.html
Small Diesel Generator 2000W Single Phase 220V Three Phase 380V Home Use Compact Size Power Generation Equipment,N/A,N/A,https://www.lazada.com.ph/products/pdp-i5162515968.html
"Japan international Kubo gasoline generator, three-phase 10 kW Honda GX670 power, color.",N/A,N/A,https://www.lazada.com.ph/products/pdp-i5298635299.html
Yuchai Power 3/5/6/8/10KW Small Gasoline Generator Household 220V Single Three 380V Double Voltage,N/A,N/A,https://www.lazada.com.ph/products/pdp-i5154390268.html
7000 watts disel generator 7kva silent type marpro brand,N/A,N/A,https://www.lazada.com.ph/products/pdp-i5111828810.html
Small hydro-generator generator high power 220V600W3000W permanent magnet brushless pure copper wire impact type,N/A,N/A,https://www.lazada.com.ph/products/pdp-i5279609659.html
Yuchai power gasoline generator 220V household small 3/5/6/8/10KW single three-phase 380v outdoor,N/A,N/A,https://www.lazada.com.ph/products/pdp-i4821448115.html
Cummins 50kW KW Generator Generator Mobile Emergency Standby Low Noise Diesel Power Generation,N/A,N/A,https://www.lazada.com.ph/products/pdp-i4721786880.html
10KW gasoline generator 220V single cylinder 5kw6kw 8KW outdoor single-phase small household 380v,N/A,N/A,https://www.lazada.com.ph/products/pdp-i5014739662.html
Daishen variable frequency gasoline generator 220v small silent home users exposed stall barracks car portable pull rod.,N/A,N/A,https://www.lazada.com.ph/products/pdp-i4791599339.html
ASPIRE variable frequency generator 220v gasoline domestic small 24V parking generator outdoor camping car hand,N/A,N/A,https://www.lazada.com.ph/products/pdp-i5076063134.html
. Gasoline generator household small 220v silent digital frequency conversion 2000w three-phase 5kw generator mini micro,N/A,N/A,https://www.lazada.com.ph/products/pdp-i5279766106.html
Germany imported gasoline generator 220v silent household commercial 3/5/8kw10kw single three-phase 380v household.,N/A,N/A,https://www.lazada.com.ph/products/pdp-i4931499909.html
Small gasoline generator 220v household outdoor mini car camping mute volt portable portable,N/A,N/A,https://www.lazada.com.ph/products/pdp-i5058262729.html
Postage small silent 1kw gasoline generator 220V household 1000W mini single-phase portable fuel-saving CE certification.,N/A,N/A,https://www.lazada.com.ph/products/pdp-i5121387245.html
Generator commercial ultra-quiet gasoline 220v small portable outdoor mini home emergency camping,N/A,N/A,https://www.lazada.com.ph/products/pdp-i4841218371.html
"Bargaining goods: second-hand Japanese imported YANMAR Yangma YSG750 portable generator, such as",N/A,N/A,https://www.lazada.com.ph/products/pdp-i4552020268.html
German imported gasoline generator 220V household small single-phase 3kW/4/5/6/8/10kW three-phase 380V.,N/A,N/A,https://www.lazada.com.ph/products/pdp-i5135061774.html
Vehicle-mounted generator portable gasoline generator 1000w220v household mini outdoor bass,N/A,N/A,https://www.lazada.com.ph/products/pdp-i5109853252.html
New small ultra-quiet 220v portable gasoline generator outdoor camping home mini portable car transformer,N/A,N/A,https://www.lazada.com.ph/products/pdp-i4864078746.html
Cummins diesel generator set 30 kW 50/100/150/200/300/400KW three-phase automatic mute,N/A,N/A,https://www.lazada.com.ph/products/pdp-i5012358417.html
Small gasoline generator 220v household outdoor mini car camping mute volt portable portable,N/A,N/A,https://www.lazada.com.ph/products/pdp-i4836001560.html
Maverick gasoline generator 220v household small mute intelligent automatic frequency conversion is suitable for outdoor camping and portable.,N/A,N/A,https://www.lazada.com.ph/products/pdp-i4891518666.html
Yuchai Power 3/5/6/8/10KW small gasoline generator household single-phase 220V three 380V mute.,N/A,N/A,https://www.lazada.com.ph/products/pdp-i4890381279.html
"Wind turbine, family car, complete solar power generation system, solar panels, photovoltaic panels, wind and light complementary.",N/A,N/A,https://www.lazada.com.ph/products/pdp-i4427231694.html
"Wind turbine, family car, complete solar power generation system, solar panels, photovoltaic panels, wind and light complementary.",N/A,N/A,https://www.lazada.com.ph/products/pdp-i4659518623.html
Small hydro-generator generator high power 220V600W3000W permanent magnet brushless pure copper wire impact type,N/A,N/A,https://www.lazada.com.ph/products/pdp-i5070398782.html
Portable gasoline generator frequency conversion 220v single-phase household small outdoor car mute mini portable,N/A,N/A,https://www.lazada.com.ph/products/pdp-i4892180943.html
Imported Japanese Yamaha 1000W gasoline generator ET950 silent household range extender pure copper stall second punch,N/A,N/A,https://www.lazada.com.ph/products/pdp-i5102998255.html
Small gasoline generator 220v household outdoor mini car camping mute volt portable portable,N/A,N/A,https://www.lazada.com.ph/products/pdp-i5122048540.html
3kw gasoline generator household small 220v mute 5000w power failure started with 5 kW portable flashlight.,N/A,N/A,https://www.lazada.com.ph/products/pdp-i4893826683.html
Wonderful frequency conversion small gasoline generator 220v single-phase household 3kw commercial emergency outdoor construction portable,N/A,N/A,https://www.lazada.com.ph/products/pdp-i5025647713.html
Small gasoline generator 220v household outdoor mini car camping mute volt portable portable,N/A,N/A,https://www.lazada.com.ph/products/pdp-i4930353719.html
Small gasoline generator 220v household outdoor mini car camping mute volt portable portable,N/A,N/A,https://www.lazada.com.ph/products/pdp-i5023318632.html
Wonderful frequency conversion small gasoline generator 220v single-phase household 3kw commercial emergency outdoor construction portable,N/A,N/A,https://www.lazada.com.ph/products/pdp-i5046354298.html
Maverick gasoline generator 220v household small mute intelligent automatic frequency conversion is suitable for outdoor camping and portable.,N/A,N/A,https://www.lazada.com.ph/products/pdp-i5079412639.html
Shoujia 3 kW small gasoline generator single-phase 220V/ three-phase 380v household 5kw frequency conversion 8KW/10kw,N/A,N/A,https://www.lazada.com.ph/products/pdp-i4887952153.html
Portable gasoline generator household 1000W220 single-phase volt mini outdoor low-mute vehicle frequency conversion,N/A,N/A,https://www.lazada.com.ph/products/pdp-i5075278240.html
Mechanic gasoline generator 220v household miniature frequency conversion outdoor emergency RV portable camping,N/A,N/A,https://www.lazada.com.ph/products/pdp-i5134658513.html
Shoujia 3 kW small gasoline generator single-phase 220V/ three-phase 380v household 5kw frequency conversion 8KW/10kw,N/A,N/A,https://www.lazada.com.ph/products/pdp-i5154013128.html
Mini Stirling Engine Mini Generator External Turbine Steam Engine Model Science Education Supplies,N/A,N/A,https://www.lazada.com.ph/products/pdp-i15456449552.html
Imported Japanese Yamaha 1000W gasoline generator ET950 silent household range extender pure copper stall second punch,N/A,N/A,https://www.lazada.com.ph/products/pdp-i4949716697.html
Hemei gasoline generator 220v small household outdoor silent camping RV portable variable frequency high power.,N/A,N/A,https://www.lazada.com.ph/products/pdp-i5042641608.html
Chengdu Generator Factory/Gasoline Generator Household Small Single-phase 220V Three-phase 380V5/6/10kW 8KW,N/A,N/A,https://www.lazada.com.ph/products/pdp-i5142315035.html
Yuchai Power Gasoline Generator 220V Household Small Generator 380V Generator 3/5/6/8/10KW,N/A,N/A,https://www.lazada.com.ph/products/pdp-i5009383084.html
Gasoline generator single-phase 220V household low-noise oil-gas dual-purpose 380 three-phase commercial 3kw5/6/8/10kW,N/A,N/A,https://www.lazada.com.ph/products/pdp-i5140011786.html
Small gasoline generator 220v household outdoor mini car camping portable mute volt portable,N/A,N/A,https://www.lazada.com.ph/products/pdp-i4997391875.html
JIMBIAO frequency conversion gasoline generator 2KW RV generator 4KW household 220 small portable mute,N/A,N/A,https://www.lazada.com.ph/products/pdp-i5123319572.html
Silent gasoline generator 220v small household 3000W380v three-phase 3kw single-phase 5/6/8kW outdoor,N/A,N/A,https://www.lazada.com.ph/products/pdp-i5056837290.html
Dongcheng FF-3600 gasoline generator household small generator single-phase 2.8KW power emergency power generation tool,N/A,N/A,https://www.lazada.com.ph/products/pdp-i4993167325.html
Yuchai Power Gasoline Generator 3kW/5/6/8/10kW Single-phase 220V Three-phase 380V Small Household,N/A,N/A,https://www.lazada.com.ph/products/pdp-i5027863036.html
3000W gasoline generator 3kw silent outdoor miniature 2000w digital frequency conversion 3KW 220V miniature household,N/A,N/A,https://www.lazada.com.ph/products/pdp-i4847980963.html
2KW outdoor portable gasoline mini mini generator camping portable variable frequency 220V mute 3kW,N/A,N/A,https://www.lazada.com.ph/products/pdp-i5153399781.html
Yuchai gasoline generator 220V household small generator single three-phase 3/5/6/8/10kW outdoor 380V,N/A,N/A,https://www.lazada.com.ph/products/pdp-i5083439339.html
Micro gasoline generator 220V frequency conversion mute portable small outdoor camping stall household single three-phase emergency.,N/A,N/A,https://www.lazada.com.ph/products/pdp-i5025270408.html
10KW gasoline generator 380V dual voltage 8kw small three-phase generator 220V high power outdoor 380v,N/A,N/A,https://www.lazada.com.ph/products/pdp-i5030880704.html
"220V Portable Gasoline Generator 4-Stroke 60Hz ElectricManual Start for Home Outdoor Use, Copper",N/A,N/A,https://www.lazada.com.ph/products/pdp-i5006185672.html
Shoujia 3 kW small gasoline generator single-phase 220V/ three-phase 380v household 5kw frequency conversion 8KW/10kw,N/A,N/A,https://www.lazada.com.ph/products/pdp-i4882442118.html
220V gasoline generator small household mute 2.5kw inverter outdoor RV camping portable,N/A,N/A,https://www.lazada.com.ph/products/pdp-i4663740537.html
Dajiang gasoline generator portable portable household small 220V generator outdoor camping air conditioning RV,N/A,N/A,https://www.lazada.com.ph/products/pdp-i4514570244.html
Promotion frequency conversion 220V outdoor hand gasoline mini-rechargeable RV mute small camping generator home,N/A,N/A,https://www.lazada.com.ph/products/pdp-i5042580785.html
Bellon frequency conversion gasoline generator Small household outdoor high-power RV air conditioning new energy 5000 watts silent.,N/A,N/A,https://www.lazada.com.ph/products/pdp-i5061219183.html
Yuchai gasoline generator 3/5/6/8/10kW small household generator 220V single-phase three-phase 380V,N/A,N/A,https://www.lazada.com.ph/products/pdp-i5111564704.html
German gasoline generator 220v380 household mute commercial 3/5/8kw10kw single three-phase outdoor small-sized,N/A,N/A,https://www.lazada.com.ph/products/pdp-i5064182394.html
3kw household small gasoline generator 220v single-phase 5/6/8/10kw generator Three-phase dual voltage 380V.,N/A,N/A,https://www.lazada.com.ph/products/pdp-i5019270438.html
Powerhouse 10.5kW Super Silent Type Diesel Generator Emergency Backup Quiet Generator PH-PWH-12500E-DST - PHI,N/A,N/A,https://www.lazada.com.ph/products/pdp-i4881214760.html
Postage small silent 1kw gasoline generator 220V household 1000W mini single-phase portable fuel-saving CE certification.,N/A,N/A,https://www.lazada.com.ph/products/pdp-i4875506208.html
Small gasoline generator 220v household outdoor mini car camping mute volt portable portable,N/A,N/A,https://www.lazada.com.ph/products/pdp-i5123248690.html
Bellon small generator 220v household ultra-quiet mini outdoor gasoline portable mini 3000w,N/A,N/A,https://www.lazada.com.ph/products/pdp-i5269977941.html
Yuchai power gasoline generator household single-phase 220V small mute 3/5/6/8/10KW KW 3 380V,N/A,N/A,https://www.lazada.com.ph/products/pdp-i4932130539.html
Yuchai Power Small Household 3KW Gasoline Generator 5/6/8/10 kW Single-phase 220 Three-phase 380V Mute,N/A,N/A,https://www.lazada.com.ph/products/pdp-i4782110136.html
Generator electromechanical gasoline 220V household outdoor camping small frequency conversion mute portable 2kW -10KW single phase.,N/A,N/A,https://www.lazada.com.ph/products/pdp-i5058436236.html
Yuchai power gasoline generator household single-phase 220V small mute 3/5/6/8/10KW KW 3 380V,N/A,N/A,https://www.lazada.com.ph/products/pdp-i5130755634.html
Yuchai power gasoline generator household single-phase 220V small mute 3/5/6/8/10KW KW 3 380V,N/A,N/A,https://www.lazada.com.ph/products/pdp-i5042658092.html
Yuchai Power 3/5/6/8/10KW small gasoline generator household single-phase 220V three 380V mute.,N/A,N/A,https://www.lazada.com.ph/products/pdp-i5027922388.html
10KW gasoline generator 380V dual voltage 8kw small three-phase generator 220V high power outdoor 380v,N/A,N/A,https://www.lazada.com.ph/products/pdp-i5038554989.html
Yuqing gasoline generator 3kw small household outdoor camping generator portable AC variable frequency generator,N/A,N/A,https://www.lazada.com.ph/products/pdp-i5130087177.html
1KW gasoline generator 220V small household mute frequency conversion outdoor RV camping emergency charger,N/A,N/A,https://www.lazada.com.ph/products/pdp-i4826144836.html
ASPIRE Variable Frequency Generator 220v Gasoline Household Small Low Noise 24V Parking Generator Outdoor Camping,N/A,N/A,https://www.lazada.com.ph/products/pdp-i4953606274.html
Mini household silent gasoline generator commercial small 380v220v outdoor 5kw10KW three-phase 3000W,N/A,N/A,https://www.lazada.com.ph/products/pdp-i5097584532.html
Authentic Honda EC2500 single-phase 220V small household 2KW low-noise gasoline generator set factory outlet,N/A,N/A,https://www.lazada.com.ph/products/pdp-i4949604636.html
Mini household silent gasoline generator commercial small 380v220v outdoor 5kw10KW three-phase 3000W,N/A,N/A,https://www.lazada.com.ph/products/pdp-i4704925829.html
Future Wanjia Multifunctional Generator 220v Small Linghu Agricultural 380V Single Three-phase Gasoline Household Generator,N/A,N/A,https://www.lazada.com.ph/products/pdp-i5083160139.html
3kw household small gasoline generator 220v single-phase 5/6/8/10kw generator Three-phase dual voltage 380V.,N/A,N/A,https://www.lazada.com.ph/products/pdp-i5126259299.html
Small portable gasoline generator set 7kW gasoline generator 220V380v generator Jialing generator,N/A,N/A,https://www.lazada.com.ph/products/pdp-i5023149053.html
New small ultra-quiet 220v portable gasoline generator outdoor camping home mini portable car transformer,N/A,N/A,https://www.lazada.com.ph/products/pdp-i4897459635.html
Dongcheng gasoline generator household small single-phase/three-phase electricity 3/5/6/8/10KW high-power emergency outdoor.,N/A,N/A,https://www.lazada.com.ph/products/pdp-i4848456945.html
Chongqing Longpeng 3/5/10kw variable frequency generator gasoline 220v domestic outdoor commercial power supply with low noise and high power.,N/A,N/A,https://www.lazada.com.ph/products/pdp-i5102717525.html
KEMAGE Power Small 8.5KW Gasoline Generator Single-phase Three-phase Electric Start Portable Copper Wire Home,N/A,N/A,https://www.lazada.com.ph/products/pdp-i4945992048.html
Small gasoline generator 220v household outdoor mini car camping mute volt portable portable,N/A,N/A,https://www.lazada.com.ph/products/pdp-i5083157195.html
Malaya gasoline generator 356810KW220V380V Multi-fuel dual-voltage equal-power household small-sized,N/A,N/A,https://www.lazada.com.ph/products/pdp-i4873650733.html
3kw gasoline generator 1/3/5/8/10 kW household small single-phase 220v380v emergency three-phase mute,N/A,N/A,https://www.lazada.com.ph/products/pdp-i5083050491.html
10KW gasoline generator 380V dual voltage 8kw small three-phase generator 220V high power outdoor 380v,N/A,N/A,https://www.lazada.com.ph/products/pdp-i4897497939.html
Portable small generator silent frequency conversion gasoline generator 2.5kw family RV outdoor country camp,N/A,N/A,https://www.lazada.com.ph/products/pdp-i5056812343.html
Factory direct home small gasoline generator 220v 380v miniature three-phase 3/5/6/10/8kw.,N/A,N/A,https://www.lazada.com.ph/products/pdp-i5155925076.html
1KW gasoline generator 220V small household mute frequency conversion outdoor RV camping emergency charger,N/A,N/A,https://www.lazada.com.ph/products/pdp-i5073656823.html
Three-phase dual-voltage generator gasoline 220V electric start 380V household outdoor small 5/6 kW /8/10KW,N/A,N/A,https://www.lazada.com.ph/products/pdp-i4927434307.html
Authentic Honda EC2500 single-phase 220V small household 2KW low-noise gasoline generator set factory outlet,N/A,N/A,https://www.lazada.com.ph/products/pdp-i5157501587.html
5kw horizontal dual-purpose hydraulic generator 5000w horizontal dual-purpose hydraulic generator,N/A,N/A,https://www.lazada.com.ph/products/pdp-i4947791072.html
Germany imported gasoline generator 220V household outdoor small 3/5/8KW 10 kW 380V inverter car none.,N/A,N/A,https://www.lazada.com.ph/products/pdp-i5150608094.html
Bellon small generator 220v household ultra-quiet mini outdoor gasoline portable mini 3000w,N/A,N/A,https://www.lazada.com.ph/products/pdp-i5048760926.html
Yuchai technology gasoline generator 220V frequency conversion mute portable outdoor household emergency single-phase three-phase 380v,N/A,N/A,https://www.lazada.com.ph/products/pdp-i4984700403.html
Japan imported Yamaha gasoline generator mute portable 220/380V frequency conversion small outdoor camping home.,N/A,N/A,https://www.lazada.com.ph/products/pdp-i5135286247.html
Yuchai power frequency conversion low noise gasoline generator 220V small household gasoline generator portable camping,N/A,N/A,https://www.lazada.com.ph/products/pdp-i5135106698.html
Household gasoline generator 220v3000 380v three-phase multi-fuel small 5/6/7kw single-phase mute,N/A,N/A,https://www.lazada.com.ph/products/pdp-i4823825027.html
Wuling diesel generator 220v380v single-phase three-phase dual voltage 3kw5kw6kw8kw10kw small household.,N/A,N/A,https://www.lazada.com.ph/products/pdp-i5298032294.html
Wind-solar complementary solar power generation system with 220v panel for wind turbine household.,N/A,N/A,https://www.lazada.com.ph/products/pdp-i4820697283.html
Yuchai Power Gasoline Generator 220V Household Single-phase Small 3/5/6/8/10KW Three 380V Silent,N/A,N/A,https://www.lazada.com.ph/products/pdp-i5009294196.html
Yuchai Power Gasoline Generator 220V Household Single-phase Small 3/5/6/8/10KW Three 380V Silent,N/A,N/A,https://www.lazada.com.ph/products/pdp-i5058004786.html
Yuchai Power Gasoline Generator 3/5/6/8/10 kW 220V Household Single-phase Small Three-phase 380V Outdoor,N/A,N/A,https://www.lazada.com.ph/products/pdp-i5057661628.html
Germany imported Bosch gasoline generator 220v household small mute digital frequency conversion emergency outdoor camping.,N/A,N/A,https://www.lazada.com.ph/products/pdp-i4846210077.html
Japan imported Honda gasoline generator outdoor camping 220V household small frequency conversion mute portable emergency electricity.,N/A,N/A,https://www.lazada.com.ph/products/pdp-i4874501167.html
Yuchai Power 3/5/6/8/10KW small gasoline generator household single-phase 220V three 380V outdoor.,N/A,N/A,https://www.lazada.com.ph/products/pdp-i5109374649.html
Yuchai Power Gasoline Generator 220V Household Single-phase Small 3/5/6/8/10kW Three-phase 380V Outdoor,N/A,N/A,https://www.lazada.com.ph/products/pdp-i4841175157.html
Senjiu 220V small gasoline generator frequency conversion 4kw high power and low noise outdoor construction portable portable.,N/A,N/A,https://www.lazada.com.ph/products/pdp-i5102722529.html
DC12V Micro Hydro Turbine Generator High Power Flow Hydraulic Water Charging,N/A,N/A,https://www.lazada.com.ph/products/pdp-i5171564981.html
Shoujia 3 kW small gasoline generator single-phase 220V/ three-phase 380v household 5kw frequency conversion 8KW/10kw,N/A,N/A,https://www.lazada.com.ph/products/pdp-i4875559228.html
Yuchai power gasoline generator 220V household small 3/5/6/8/10KW single three-phase 380v outdoor,N/A,N/A,https://www.lazada.com.ph/products/pdp-i5142963994.html
Longpeng gasoline frequency conversion 220v generator Small household mute outdoor portable RV 2/3KW high power,N/A,N/A,https://www.lazada.com.ph/products/pdp-i5150427152.html
JIMBIAO small gasoline generator 3kw household single-phase 220V three-phase 380v 5/6/8kW/10kW,N/A,N/A,https://www.lazada.com.ph/products/pdp-i5121605728.html
Trinidad 2kw3kw small mute variable frequency gasoline generator household portable 220V RV outdoor camping.,N/A,N/A,https://www.lazada.com.ph/products/pdp-i4986494260.html
6.5kw kw generator single three-phase hand start small household portable gasoline generator 220/380V,N/A,N/A,https://www.lazada.com.ph/products/pdp-i4951524096.html
Yuchai Power 3/5/6/8/10KW small gasoline generator household single-phase 220V three 380V mute.,N/A,N/A,https://www.lazada.com.ph/products/pdp-i5129894802.html
Bellon variable frequency gasoline generator 220v household small mute high power outdoor portable RV portable models,N/A,N/A,https://www.lazada.com.ph/products/pdp-i4951429361.html
Sadon generator portable gasoline 220V mute small household outdoor room car frequency conversion two 3000kW.,N/A,N/A,https://www.lazada.com.ph/products/pdp-i5069750582.html
DC 12V 10W Water Turbine Mini Hydroelectric Generator for Light Charging,N/A,N/A,https://www.lazada.com.ph/products/pdp-i4487581110.html
2/3KW small gasoline generator 220V household intelligent frequency conversion RV outdoor ultra-quiet portable high power,N/A,N/A,https://www.lazada.com.ph/products/pdp-i5058762472.html
2000W Small Frequency Conversion Gasoline Generator Low Noise RV Outdoor Camping Portable 220v Household Single Phase,N/A,N/A,https://www.lazada.com.ph/products/pdp-i5102270766.html
Yuchai technology gasoline generator 220V small single three-phase 380v dual voltage 12kw3/5/8/10kW,N/A,N/A,https://www.lazada.com.ph/products/pdp-i4880800008.html
Mini household silent gasoline generator commercial small 380v220v outdoor 5kw10KW three-phase 3000W,N/A,N/A,https://www.lazada.com.ph/products/pdp-i4887731095.html
JIMBIAO small gasoline generator 3kw household single-phase 220V three-phase 380v 5/6/8kW/10kW,N/A,N/A,https://www.lazada.com.ph/products/pdp-i5122926320.html
Yuchai power frequency conversion low noise gasoline generator 220V small household gasoline generator portable camping,N/A,N/A,https://www.lazada.com.ph/products/pdp-i5097351657.html
Yuchai gasoline generator 3/5/6/8/10KW household small single three-phase 220V industrial 380V outdoor.,N/A,N/A,https://www.lazada.com.ph/products/pdp-i5064147872.html
Yangzi gasoline generator 220v household small single-phase 3kw/5.5/8/10kw380v low-noise outdoor.,N/A,N/A,https://www.lazada.com.ph/products/pdp-i4958170535.html
JIMBIAO frequency conversion gasoline generator 2KW RV generator 4KW household 220 small portable mute,N/A,N/A,https://www.lazada.com.ph/products/pdp-i5279647068.html
10KW gasoline generator 380V dual voltage 8kw small three-phase generator 220V high power outdoor 380v,N/A,N/A,https://www.lazada.com.ph/products/pdp-i5102937817.html
Yuchai power frequency conversion gasoline generator 220V household small low noise portable generator RV outdoor,N/A,N/A,https://www.lazada.com.ph/products/pdp-i5096987208.html
New portable emergency 2 gasoline 00 supermarket small field 220v generator 50 dormitory 10kw line,N/A,N/A,https://www.lazada.com.ph/products/pdp-i4729712361.html
Yuchai gasoline generator 220V household small generator single three-phase 3/5/6/8/10kW outdoor 380V,N/A,N/A,https://www.lazada.com.ph/products/pdp-i5275276095.html
Germany and Japan imported gasoline generator 220V household small single three-phase 380v dual voltage 5KW6/8/10.,N/A,N/A,https://www.lazada.com.ph/products/pdp-i5057025822.html
Yuchai gasoline generator 3/5/6/8/10KW household small single three-phase 220V industrial 380V outdoor.,N/A,N/A,https://www.lazada.com.ph/products/pdp-i4953563727.html
Yuchai Power 3/5/6/8/10KW small gasoline generator household single-phase 220V three 380V mute.,N/A,N/A,https://www.lazada.com.ph/products/pdp-i4208976781.html
Yuchai Power Quiet Small Automatic Diesel Generator 10KW Household 220v/6/8 6/8kW Three-phase 380V,N/A,N/A,https://www.lazada.com.ph/products/pdp-i4799901895.html
Yuchai power gasoline generator frequency conversion low noise gasoline generator 220V small portable household camping,N/A,N/A,https://www.lazada.com.ph/products/pdp-i5150959969.html
Xiaoguge household generator 220V silent variable frequency generator 380V commercial kilowatt gasoline engine high power.,N/A,N/A,https://www.lazada.com.ph/products/pdp-i5097957584.html
Y&H 2.2KW/3.2KW hybrid inverter dedicated WiFi,N/A,N/A,https://www.lazada.com.ph/products/pdp-i4360145238.html
Perfk Electric Fence Energizer Compact Easy to Use Livestock Fence Charger Livestock Supplies for Livestock Lawn Garden Cattle Farm,N/A,N/A,https://www.lazada.com.ph/products/pdp-i5035270476.html
Sharp Razor Wire BTO-22 Hot Dipped Galvanized For Anti-climb Security Perimeter Fence Razor Barbed Wire High Security Wire,N/A,N/A,https://www.lazada.com.ph/products/pdp-i4128681489.html
10m 3/4/5/6FT Galvanized Cyclone Fence Wire 2mm/2.5mm Thickness Mesh Chain Link Fence for Farm Fence Pang Bakod Net Mesh,N/A,N/A,https://www.lazada.com.ph/products/pdp-i5231968016.html
MC4 waterproof IP67 Cable Connectors for solar PV system DC 1000v branch connector male & female,N/A,N/A,https://www.lazada.com.ph/products/pdp-i4336560216.html
REAIM Cordless Electric Chain Saw 12inch Portable Saw for Wood Cutting Handheld Cordless cordless chainsaw Rechargeable Battery,N/A,N/A,https://www.lazada.com.ph/products/pdp-i5318389526.html
SUPER DRY NET(8FT) UV LAMBAT GARDEN POOL FISNET SAFETY NET,N/A,N/A,https://www.lazada.com.ph/products/pdp-i5189782315.html
POWERHOUSE Foam Bottle Pressure Washer Accessories Spare Parts,N/A,N/A,https://www.lazada.com.ph/products/pdp-i4463118392.html
Bougainvillea Buttiana Variegated Leaves Live flowering Plant,N/A,N/A,https://www.lazada.com.ph/products/pdp-i5070287015.html
"Plastic Green Net Screen Fencing Mesh for Garden Fences, Porch Gardens, Terrace, Balconies,Sidewalks",N/A,N/A,https://www.lazada.com.ph/products/pdp-i15407994707.html
220V gasoline generator small household mute 2.5kw inverter outdoor RV camping portable,N/A,N/A,https://www.lazada.com.ph/products/pdp-i5157539320.html
3000W gasoline generator 3kw silent outdoor miniature 2000w digital frequency conversion 3KW 220V miniature household,N/A,N/A,https://www.lazada.com.ph/products/pdp-i5278583362.html
Silent gasoline generator 220v household small kilowatt frequency conversion RV portable outdoor camping portable single phase,N/A,N/A,https://www.lazada.com.ph/products/pdp-i5155624140.html
Small gasoline generator 220v household outdoor mini car camping mute volt portable,N/A,N/A,https://www.lazada.com.ph/products/pdp-i4949892954.html
Yuchai Power 3/5/6/8/10KW small gasoline generator household single-phase 220V three 380V mute.,N/A,N/A,https://www.lazada.com.ph/products/pdp-i4744588941.html
Dajiang gasoline generator portable portable household small 220V generator outdoor camping air conditioning RV,N/A,N/A,https://www.lazada.com.ph/products/pdp-i4986626986.html
Silent gasoline generator 220v small household 3000W380v three-phase 3kw single-phase 5/6/8kW outdoor,N/A,N/A,https://www.lazada.com.ph/products/pdp-i5125775367.html
Yuchai technology gasoline generator 220V small single three-phase 380v dual voltage 12kw3/5/8/10kW,N/A,N/A,https://www.lazada.com.ph/products/pdp-i5012875257.html
Yuchai Power Small Household 3KW Gasoline Generator 5/6/8/10 kW Single-phase 220 Three-phase 380V Mute,N/A,N/A,https://www.lazada.com.ph/products/pdp-i5042865723.html
Yuchai Power 3/5/6/8/10KW small gasoline generator 220V household 380V three-phase mute,N/A,N/A,https://www.lazada.com.ph/products/pdp-i5027824977.html
Longpeng gasoline frequency conversion 220v generator Small household mute outdoor portable RV 2/3KW high power,N/A,N/A,https://www.lazada.com.ph/products/pdp-i5038470118.html
Yuchai Power 3/5/6/8/10KW small gasoline generator household single-phase 220V three 380V outdoor.,N/A,N/A,https://www.lazada.com.ph/products/pdp-i5013174604.html
Yuchai Power 3/5/6/8/10KW small gasoline generator household single-phase 220V380V low noise.,N/A,N/A,https://www.lazada.com.ph/products/pdp-i5159962084.html
Yuchai Power 3/5/6/8/10KW small gasoline generator household single-phase 220V380V low noise.,N/A,N/A,https://www.lazada.com.ph/products/pdp-i5069260481.html
Yuchai Power 3/5/6/8/10KW small gasoline generator household single-phase 220V three 380V mute.,N/A,N/A,https://www.lazada.com.ph/products/pdp-i5038970991.html
10KW gasoline generator 380V dual voltage 8kw small three-phase generator 220V high power outdoor 380v,N/A,N/A,https://www.lazada.com.ph/products/pdp-i5046570179.html
Japan imported Fujiwara small generator household 220v silent outdoor gasoline electric start 3/5/8kw.,N/A,N/A,https://www.lazada.com.ph/products/pdp-i5115407798.html
Chongqing Dajiang gasoline generator 1.6/2/3 kW silent portable 2000W digital frequency conversion 220V postage,N/A,N/A,https://www.lazada.com.ph/products/pdp-i4958526027.html
Yuchai Power 3/5/6/8/10KW small gasoline generator household single-phase 220V three 380V outdoor.,N/A,N/A,https://www.lazada.com.ph/products/pdp-i4948041380.html
Yuchai Power Small Household 3KW Gasoline Generator 5/6/8/10 kW Single-phase 220 Three-phase 380V Mute,N/A,N/A,https://www.lazada.com.ph/products/pdp-i4951625945.html
Yuchai Power Quiet Small Automatic Diesel Generator 10KW Household 220v/6/8 6/8kW Three-phase 380V,N/A,N/A,https://www.lazada.com.ph/products/pdp-i5118366436.html
CHAMPION AURA Small Domestic Gasoline Generator 5 6 7 8KW Equal Power Portable 220v380V,N/A,N/A,https://www.lazada.com.ph/products/pdp-i4887624145.html
CHAMPION AURA Small Domestic Gasoline Generator 5 6 7 8KW Equal Power Portable 220v380V,N/A,N/A,https://www.lazada.com.ph/products/pdp-i5000191548.html
Boda gasoline generator 220V single-phase 380v three-phase 3/5/6kW 8Kw mini-household,N/A,N/A,https://www.lazada.com.ph/products/pdp-i4958011615.html
Small gasoline generator 220v household 2KW/ kW silent inverter RV portable outdoor camping portable,N/A,N/A,https://www.lazada.com.ph/products/pdp-i5000149161.html
Yamaha gasoline generator 220v small single-phase household 5/6/8/10/ kW three-phase 380 silent commercial,N/A,N/A,https://www.lazada.com.ph/products/pdp-i4953160015.html
10KW gasoline generator 380V dual voltage 8kw small three-phase generator 220V high power outdoor 380v,N/A,N/A,https://www.lazada.com.ph/products/pdp-i4881536239.html
Minggu 3000W gasoline generator 220v single-phase industrial silent generator 3000W manual start+steam burning,N/A,N/A,https://www.lazada.com.ph/products/pdp-i4831578518.html
Yuchai Power Gasoline Generator 220V Household Single-phase Small 3/5/6/8/10kW Three-phase 380V Outdoor,N/A,N/A,https://www.lazada.com.ph/products/pdp-i5152819499.html
CHAMPIONAURA gasoline generator 8KW220V380V single three-phase small household portable outdoor,N/A,N/A,https://www.lazada.com.ph/products/pdp-i4958056165.html
SOARFLY pressure washer Water Jet 4800W High Pressure Heavy Duty Washer Portable Car Cleaner Water Spray 220V,N/A,N/A,https://www.lazada.com.ph/products/pdp-i4671641247.html
TASKTOOL 20L Automatic Knapsack Sprayer Mixing Electric Sprayer Agriculture Rechargeable Sprayer Gardening Great Pressure Power,N/A,N/A,https://www.lazada.com.ph/products/pdp-i4841643048.html
KAWASAKI Knapsack Electric Sprayer 18L Rechargeable Battery Electric Sprayer Backpack Sprayer Manual Sprayer 2 IN 1 Sprayer--Rechargeable Type 18liters METAL ROD (free 1pc single nozzle - BRASS),N/A,N/A,https://www.lazada.com.ph/products/pdp-i5341944020.html
BuildIt Aluminum Solar Railings for Solar Panels (2.4M / 2.2M / 2.1M / 1.1M),N/A,N/A,https://www.lazada.com.ph/products/pdp-i3028112580.html
Solar Panel Extension Cable 1Pair Black & Red 1/3/6/10 Meter 14AWG Solar Wire Cable With MC4 Female and Male Connector,N/A,N/A,https://www.lazada.com.ph/products/pdp-i300112591.html
6 Inch Cordless Chainsaw with Extension Pole Portable Electric Chain Saw Rechargeable Pruning Saw Cutter Electric Pole Saws for Tree Trimming,N/A,N/A,https://www.lazada.com.ph/products/pdp-i5284526802.html
MPPT Solar Charge Controller 200W 400W 600W Step Up Down Battery Charger,N/A,N/A,https://www.lazada.com.ph/products/pdp-i5407745924.html
AQUAPRO Under Water Pool Light Transformer 12V AC 50W / 105W / 160W / 200W /300W / 400W,N/A,N/A,https://www.lazada.com.ph/products/pdp-i3390354455.html
200 Watts Solar Panel Kit 100A 12V Battery Charger with 10A/20A/30A-100A Controller Caravan Boat Waterproof solar panel complete set,N/A,N/A,https://www.lazada.com.ph/products/pdp-i2711835510.html
PowerHouse 2 in 1 E-Sprayer Cordless Lithium-Ion Battery Agricultural Sprayer 18L PH-AGRI18L-12V-LI PHI,N/A,N/A,https://www.lazada.com.ph/products/pdp-i4928120789.html
Yuchai Power 3/5/6/8/10KW small gasoline generator 220V household 380V three-phase mute,N/A,N/A,https://www.lazada.com.ph/products/pdp-i4720534730.html
Dinggong gasoline generator household small mute digital frequency conversion emergency portable outdoor camping intelligent portable,N/A,N/A,https://www.lazada.com.ph/products/pdp-i5255552433.html
Japan imported gasoline generator 2kw KW household small 220v inverter outdoor RV camping portable.,N/A,N/A,https://www.lazada.com.ph/products/pdp-i4984170665.html
Factory Chongqing Dajiang gasoline generator 1623kW silent portable 2000W digital frequency conversion 220V underwriting.,N/A,N/A,https://www.lazada.com.ph/products/pdp-i5303170948.html
Authentic Jialing gasoline variable frequency generator 220V small household mute outdoor portable RV 2KW3KW,N/A,N/A,https://www.lazada.com.ph/products/pdp-i4984866884.html
8kw single-phase 10 gasoline generator household 3000w small 220v three-phase 380v56 56kw,N/A,N/A,https://www.lazada.com.ph/products/pdp-i4927326135.html
Household small 2KW/ kW outdoor camping portable portable vehicle-mounted 220V gasoline generator,N/A,N/A,https://www.lazada.com.ph/products/pdp-i5140870264.html
Longpeng gasoline frequency conversion 220v generator Small household mute outdoor portable RV 2/3KW high power,N/A,N/A,https://www.lazada.com.ph/products/pdp-i4953582147.html
Authentic Jialing gasoline variable frequency generator 220V small household mute outdoor portable RV 2KW3KW,N/A,N/A,https://www.lazada.com.ph/products/pdp-i5156051241.html
Factory Chongqing Dajiang gasoline generator 1623kW silent portable 2000W digital frequency conversion 220V underwriting.,N/A,N/A,https://www.lazada.com.ph/products/pdp-i5156167987.html
Minggu 8000W gasoline generator 220v single-phase household low-noise small generator 220V8000W steam burning,N/A,N/A,https://www.lazada.com.ph/products/pdp-i4983775213.html
"2000W Small Gasoline Generator, Genset Gasoline Small Home 220V Generator 2kw Hand start and Electric start 2000w Portable Gener",N/A,N/A,https://www.lazada.com.ph/products/pdp-i5127084878.html
Yuanye 10KW small household silent diesel generator set 5/6/8kW single-phase 220V380V dual voltage.,N/A,N/A,https://www.lazada.com.ph/products/pdp-i5071584006.html
Factory Chongqing Dajiang gasoline generator 1623kW silent portable 2000W digital frequency conversion 220V underwriting.,N/A,N/A,https://www.lazada.com.ph/products/pdp-i4823542811.html
MITSUSHI 7.5KW GASOLINE INVERTER Diesel generators Generators Set Genset Generadors Heavy Duty Emergency Backup Power,N/A,N/A,https://www.lazada.com.ph/products/pdp-i4999324171.html
Yuchai Power 3/5/6/8/10KW small gasoline generator household single-phase 220V380V low noise.,N/A,N/A,https://www.lazada.com.ph/products/pdp-i4891120173.html
Minchao 3kw gasoline generator household small single-phase 220v mini mini 5000w/8kW three-phase 380V,N/A,N/A,https://www.lazada.com.ph/products/pdp-i4931351167.html
Diesel generator set 8KW household 3/6/5/10kW small mute 220V single three-phase 380v dual voltage.,N/A,N/A,https://www.lazada.com.ph/products/pdp-i4646311691.html
Yiye Silent Small 5/6/8KW Gasoline Generator Household 10KW KW 380V Dual Voltage 110V220V,N/A,N/A,https://www.lazada.com.ph/products/pdp-i5015021434.html
Bai Sen portable gasoline generator 220V household small silent RV charging outdoor portable variable frequency 12V.,N/A,N/A,https://www.lazada.com.ph/products/pdp-i5255566771.html
Hand Crank Generator USB Emergency Charging 12V Permanent Magnet Small Power Generator For Outdoor Camping Power 50W,N/A,N/A,https://www.lazada.com.ph/products/pdp-i5321509191.html
Japan imported Honda gasoline generator 220v household small mute emergency outdoor travel camping portable.,N/A,N/A,https://www.lazada.com.ph/products/pdp-i5157969468.html
Yuchai Power Quiet Small Automatic Diesel Generator 10KW Household 220v/6/8 6/8kW Three-phase 380V,N/A,N/A,https://www.lazada.com.ph/products/pdp-i4906385748.html
Zhenghao large-capacity high-power dual-fuel intelligent generator power failure emergency standby camping self-driving RV,N/A,N/A,https://www.lazada.com.ph/products/pdp-i5083210274.html
Yuchai power dual-cylinder diesel generator 3kW/5/6/8/10kW single-phase 220V three 380V silent household.,N/A,N/A,https://www.lazada.com.ph/products/pdp-i5028672239.html
Longpeng gasoline frequency conversion 220v generator Small household mute outdoor portable RV 2/3KW high power,N/A,N/A,https://www.lazada.com.ph/products/pdp-i5137672950.html
Diesel generator set household small 5 kW 3/6/8/10KW220V three-phase 380 dual voltage Chang Chai Power.,N/A,N/A,https://www.lazada.com.ph/products/pdp-i5294713490.html
Diesel generator set 220V household 380 V small 5 kW 8/10/15kw single three-phase dual voltage mute,N/A,N/A,https://www.lazada.com.ph/products/pdp-i4788966893.html
Diesel generator 15KW household 220v single-phase 3.5/8/10kW gasoline mute three-phase 380V dual voltage,N/A,N/A,https://www.lazada.com.ph/products/pdp-i5060982310.html
Japan imported Honda gasoline generator 220v household small mute emergency outdoor travel camping portable.,N/A,N/A,https://www.lazada.com.ph/products/pdp-i5295134278.html
8X Heavy Duty Thick preferred 8mx10m sunscreen net 97+ UV sun shade net Outdoor garden net shade umbrella greenhouse net weather net shade net Car cover,N/A,N/A,https://www.lazada.com.ph/products/pdp-i4389863200.html
90% Shading HDPE Beige Sunshade Net Garden Plant Shed Shading Sail UV Protection Outdoor Sun Cover Swimming Pool Awning,N/A,N/A,https://www.lazada.com.ph/products/pdp-i4345346313.html
Hantech Solar Panel 100Watts 160 Watts 210 Watts 300 WattsOutdoor Waterproof Sun Power Mono Poly,N/A,N/A,https://www.lazada.com.ph/products/pdp-i3376055665.html
12V 24V to 220V Industrial Frequency Inverter with Protections for Continuous Operation,N/A,N/A,https://www.lazada.com.ph/products/pdp-i15420761498.html
Swimming Pool Return ABS plastic connection nozzle Inlet Outlet Bath Tub Nozzle Adjustable Jet Accessory SP-2826,N/A,N/A,https://www.lazada.com.ph/products/pdp-i4267312252.html
10 Inch 3t Trimmer Mower Blade 3 Tooth Steel Brush Blade Trimmer Accessory Suitable For Changing The Blade Of Trimmer And Weeder (Black),N/A,N/A,https://www.lazada.com.ph/products/pdp-i2344882141.html
Children's Wheel,N/A,N/A,https://www.lazada.com.ph/products/pdp-i15424732296.html
POWERHOUSE Brick Trowel with Plastic Handle 9 inches [GOLDEN | PHT],N/A,N/A,https://www.lazada.com.ph/products/pdp-i1350284027.html
Shop opening special small activities lottery turntable kindergarten teaching aid mini desktop fun turntable erasable.,N/A,N/A,https://www.lazada.com.ph/products/pdp-i5255365872.html
"Ground Rod Galvanized 1/2"" x 5 feet",N/A,N/A,https://www.lazada.com.ph/products/pdp-i2717764927.html
Japan imported Honda gasoline generator 220v household outdoor travel camping portable small silent emergency.,N/A,N/A,https://www.lazada.com.ph/products/pdp-i5119941005.html
Yuchai power dual-cylinder diesel generator 3kW/5/6/8/10kW single-phase 220V three 380V silent household.,N/A,N/A,https://www.lazada.com.ph/products/pdp-i4953829325.html
3/35 Power KW Generator 2208 Gasoline/6 Single-phase 5 Generator/Small V kW Household,N/A,N/A,https://www.lazada.com.ph/products/pdp-i5072595155.html
Diesel generator 15KW household 220v single-phase 3.5/8/10kW gasoline mute three-phase 380V dual voltage,N/A,N/A,https://www.lazada.com.ph/products/pdp-i5070370936.html
Diesel generator 15KW household 220v single-phase 3.5/8/10kW gasoline mute three-phase 380V dual voltage,N/A,N/A,https://www.lazada.com.ph/products/pdp-i4508954169.html
Vehicle-mounted household portable gasoline generator 2t20v silent outdoor camping small portable digital frequency conversion,N/A,N/A,https://www.lazada.com.ph/products/pdp-i4958221140.html
German Small 3000w Oil Generator Outdoor 3kw Diesel Generator 5/6/8kw 220v Silent House Use,N/A,N/A,https://www.lazada.com.ph/products/pdp-i4572425279.html
Two-cylinder gasoline generator set 220V household small single three-phase 380v dual voltage 12kW/20/25kW,N/A,N/A,https://www.lazada.com.ph/products/pdp-i5155902308.html
Hand Launch Flying Disc Toy,N/A,N/A,https://www.lazada.com.ph/products/pdp-i15392918496.html
Wind-up Walking Robot Mini DIY Kit,N/A,N/A,https://www.lazada.com.ph/products/pdp-i15414198059.html
MINGRENBANG | Educational Science Experiment Toy Kit,N/A,N/A,https://www.lazada.com.ph/products/pdp-i15423759671.html
Colorful Windmill Toy,N/A,N/A,https://www.lazada.com.ph/products/pdp-i5404328081.html
Science Experiment DIY Kit Hand Crank Generator Project,N/A,N/A,https://www.lazada.com.ph/products/pdp-i5377076952.html
sorthome | Destructive Vacuum Generator,N/A,N/A,https://www.lazada.com.ph/products/pdp-i15423068521.html
KELAJI | STEM Educational DIY Radio Kit,N/A,N/A,https://www.lazada.com.ph/products/pdp-i15447587140.html
Heat Dissipation Disc Brake Rotor 160/180mm,N/A,N/A,https://www.lazada.com.ph/products/pdp-i15442309574.html
Crawl Learning Inflatable Toy for 0-1 Year Olds,N/A,N/A,https://www.lazada.com.ph/products/pdp-i15455705929.html
MINGRENBANG | Science Experiment Teaching Kit DIY Assemble,N/A,N/A,https://www.lazada.com.ph/products/pdp-i15423893512.html
For LYM100T-3 Huajia and Fuyi Rim,N/A,N/A,https://www.lazada.com.ph/products/pdp-i15419097182.html
Scientific Experiment Dropper Dyeing Materials,N/A,N/A,https://www.lazada.com.ph/products/pdp-i5378779567.html
FANGXIANSHENG | Omnidirectional Silent Heavy-duty Casters,N/A,N/A,https://www.lazada.com.ph/products/pdp-i5388579260.html
BTC Solo Miner 40KH/S Lottery Miner Bitcoin Mini Miner Asic Mining Miner for Home,N/A,N/A,https://www.lazada.com.ph/products/pdp-i15463019780.html
"AIRAJ Hand Saw , Japanese Style Saw, Tree Sawing Tool , Garden Logging Tool , Woodworking Saw , Household Small Handheld Sharp",N/A,N/A,https://www.lazada.com.ph/products/pdp-i4712114939.html
Yisheng | Glowing Windmill Toy,N/A,N/A,https://www.lazada.com.ph/products/pdp-i15443795223.html
BTC Miner Solo Lottery Miner 70-80KH/S Bitcoin BTC Miner Asic Mining WiFi Low Power Miner for Home Office,N/A,N/A,https://www.lazada.com.ph/products/pdp-i4981611574.html
XIAOYAOJIN YANGGE | Child-friendly Beginner Easy-to-Fly High-end Cartoon Kite,N/A,N/A,https://www.lazada.com.ph/products/pdp-i5245533556.html
KELAJI | Dual Flat Surface Synchronous Wheels,N/A,N/A,https://www.lazada.com.ph/products/pdp-i15435826117.html
Educational Fun Experiment Toys,N/A,N/A,https://www.lazada.com.ph/products/pdp-i15429283317.html
Kids Fun Science Experiment DIY Kit,N/A,N/A,https://www.lazada.com.ph/products/pdp-i15429031917.html
Fixed wing motor of model helicopter brushless motor crossing machine 1912 2500kv 2308 1000kv,N/A,N/A,https://www.lazada.com.ph/products/pdp-i4548562838.html
1Pc Wind Turbine Generator Kit Micro-Hand Dynamo Generator DC12V Generator Power Supply,N/A,N/A,https://www.lazada.com.ph/products/pdp-i15470203364.html
1Pc Wind Turbine Generator Kit Micro-Hand Dynamo Generator DC12V Generator Power Supply,N/A,N/A,https://www.lazada.com.ph/products/pdp-i15475054255.html
2024 N32H NdFeB Arc Segment OR8.88xIR5.94xT10mm Motor Magnet for Generators Wind Turbine Neodymium Brushless Rotor Magnet 4 PCS/Lot,N/A,N/A,https://www.lazada.com.ph/products/pdp-i4614818155.html
【Special Promotion】 Mini Three Phase Ac Wind Turbine Generator Brushless Motor Hand Cranked Wind Power Generator 3-24v 0.1a-1a 0.5-12w,N/A,N/A,https://www.lazada.com.ph/products/pdp-i4488495157.html
24V DC Permanent Magnet Motor Generator for Wind Turbine PMA,N/A,N/A,https://www.lazada.com.ph/products/pdp-i15483911791.html
FRP Wind Turbine Repeller for Blade Mounting on 580mm Diameter Generator Rotors,N/A,N/A,https://www.lazada.com.ph/products/pdp-i15458362409.html
Brushless Motor Turbine Wind Efficient High Speed DIY Home Generator Replacement Renewable Energy Part,N/A,N/A,https://www.lazada.com.ph/products/pdp-i15472263091.html
MotorPart King YIN Mini Micro 3-phase AC power Wind Turbines Hand Alternator Generator 3V-24v Model,N/A,N/A,https://www.lazada.com.ph/products/pdp-i15474624419.html
(JGWU) 12V/24V 9000W Wind Turbines Generator Controller Waterproof Battery Charge Overvoltage Protection Controller Regulator,N/A,N/A,https://www.lazada.com.ph/products/pdp-i4524621300.html
【TIANXIN MALL】 MPPT Charge Controller 12V/24V 48V 10A-40A Wind Turbine Generator Waterproof Regulator Rectifier,N/A,N/A,https://www.lazada.com.ph/products/pdp-i15406234877.html
50W 12V DC Output Low Wind Speed Brushless Generator Micro Wind Turbine Generator,N/A,N/A,https://www.lazada.com.ph/products/pdp-i15476419717.html
Used in Siemensgamesa/Vestas/GE wind turbine/Bearings,N/A,N/A,https://www.lazada.com.ph/products/pdp-i5406446809.html
Dynamo Front Wheel Dynamo Axa Hr-Traction 6v-3w Power Generator,N/A,N/A,https://www.lazada.com.ph/products/pdp-i15458883958.html
"[Fast life] Invention, Electromagnetic Permanent Generator Technology- Small Production, Physics Experiment Parts DIY",N/A,N/A,https://www.lazada.com.ph/products/pdp-i15483125450.html
【ZenCrate】 Manual Generator Hand Crank High-Power 220V 500W DC12V Outdoor Charging Device,N/A,N/A,https://www.lazada.com.ph/products/pdp-i15470944544.html
2026Zamdon Solar Inverter 12V1000W - Toroidal Off Grid InverterCOD,N/A,N/A,https://www.lazada.com.ph/products/pdp-i15486986553.html
【Discount】 Outdoor Portable Multifunction Emergency Survival Hand Crank Charge Generator Manual For Cellphone Lap 3w Dynamo,N/A,N/A,https://www.lazada.com.ph/products/pdp-i4488503113.html
"For Small-Scale Power Generation Experiment Compatible Miniature DIY Brushless Generator, 220V DC High Voltage Motor",N/A,N/A,https://www.lazada.com.ph/products/pdp-i15459220925.html
GM50H Multi Ftion Generator Controller Engine Digital Meter Diesel Generator Control Cabinet BX50H,N/A,N/A,https://www.lazada.com.ph/products/pdp-i4069753816.html
ULEEK outdoor solar lawn light wind-driven firefly light led outdoor courtyard garden plug-in light waterproof decorative light,N/A,N/A,https://www.lazada.com.ph/products/pdp-i5262164548.html
【Premium Quality】 Projection Screen Motor 60ktyz 220v 25w Permanent Magnet Synchronous Electric Silver Screen Cloth Lifting Motor,N/A,N/A,https://www.lazada.com.ph/products/pdp-i5106043919.html
Orchid Specific Moss Cultivation Medium,N/A,N/A,https://www.lazada.com.ph/products/pdp-i15457209092.html
PA6 BASF B3WG6 B3WG3 B3WG5 B3WG7 Glass Fiber Reinforced Nylon Fiber Plastic Raw Materials,N/A,N/A,https://www.lazada.com.ph/products/pdp-i5046547826.html
【Wireless】 Permanent Magnet Brushless Motor Generator Set Output Ac 220v Double Bearing Silent Inner Rotor Dc High Voltage Dc 12v Motor 775,N/A,N/A,https://www.lazada.com.ph/products/pdp-i5168648405.html
Infineon IRF630NPBF original authentic mos tube single N-channel power field effect,N/A,N/A,https://www.lazada.com.ph/products/pdp-i5070945584.html
Random Bundle Beyblade Spinner,N/A,N/A,https://www.lazada.com.ph/products/pdp-i15436266330.html
【Fast and Free Delivery】 Generator Set Output Ac 220v Double Bearing Silent Inner Rotor Motor Permanent Magnet Brushless Dc Motor High Voltage Motor 775,N/A,N/A,https://www.lazada.com.ph/products/pdp-i4488412769.html
【Weliba】 Permanent Magnet DC 12V Brushless Motor Compact Design Replacement Motor [New Home Products Hot Sale],N/A,N/A,https://www.lazada.com.ph/products/pdp-i15469398139.html
Ninja 400/650/500 Competitive Side Wing & Shock Absorption Spoiler Modification Parts,N/A,N/A,https://www.lazada.com.ph/products/pdp-i15418907496.html
LANCATPEPP | ND Magnet BLDC Motor FOC Control,N/A,N/A,https://www.lazada.com.ph/products/pdp-i15441922589.html
MUZHAN | Multiple Power Source Electric Vehicle Range Extender,N/A,N/A,https://www.lazada.com.ph/products/pdp-i15415516911.html
Infineon IRFB7446PBF original mos tube authentic N-channel power field effect.,N/A,N/A,https://www.lazada.com.ph/products/pdp-i5033237151.html
Built-in drive board DC24V brushless motor (45ZWN) rare earth strong magnetic double ball bearing inner rotor,N/A,N/A,https://www.lazada.com.ph/products/pdp-i5030793815.html
Fine brushwork-dragonfly and bamboo,N/A,N/A,https://www.lazada.com.ph/products/pdp-i5292042860.html
FRP bridge FRP trough FRP cable bridge trough ladder tray FRP bridge trough,N/A,N/A,https://www.lazada.com.ph/products/pdp-i5158785634.html
MUZHAN | Sinewave 300W 12V to 220V 50Hz Inverter,N/A,N/A,https://www.lazada.com.ph/products/pdp-i15414496602.html
[tfsdfvd]D2822 Brushless Motor Brushless Outer Rotor Motor Suitable for Remote Control Multi-Rotor Fixed-Wing Aircraft,N/A,N/A,https://www.lazada.com.ph/products/pdp-i15435107176.html
Primary school students' science and technology small production electric vortex children's scientific experiment toy electric water tornado manual,N/A,N/A,https://www.lazada.com.ph/products/pdp-i5255543515.html
V2 78KH/S BTC Solo Lottery Miner with LCD Display Bitcoin BTC Crypto Miner ASIC Mining Miner Silent Miner,N/A,N/A,https://www.lazada.com.ph/products/pdp-i15461532881.html
Emergency Stop Self-resetting Electronic Handwheel,N/A,N/A,https://www.lazada.com.ph/products/pdp-i15431711296.html
【Heavy Duty Thick】Preferred outdoor 4mx9m thickened sun shade net outdoor garden balcony car shed farm greenhouse cover sun shade net tent,N/A,N/A,https://www.lazada.com.ph/products/pdp-i5014351487.html
"Adjustable Portable Handheld 3m Telescopic pole Swimming pool cleaning tools, aluminum alloy cleaning equipment",N/A,N/A,https://www.lazada.com.ph/products/pdp-i4451561397.html
6/8/10/12FT Round Swimming Pool Cover Quick Coverage of Family Swimming Pool,N/A,N/A,https://www.lazada.com.ph/products/pdp-i4420244452.html
9mm superhard safety bow grain magnetic ceramic bullet mud ball marble steel ball for magnetic weighted mud ball slingshot,N/A,N/A,https://www.lazada.com.ph/products/pdp-i5279533195.html
Solar Generator 78800mAh/220V Portable Solar Generator Fast Charge Large Capacity Outdoor Power Station With Solar Charging Board Heavy Duty Outdoor Power Bank AC/DC/USB Output Solar Generator Travel Supply For Camping Home Emergency Power,N/A,N/A,https://www.lazada.com.ph/products/pdp-i4368360662.html
【SUNTREE ELECTRIC】 Monocrystalline Solar Panel 50/100/200Watt Waterproof and High Efficiency Suitable for All Home Appliances Monocrystalline Silicon Waterproof,N/A,N/A,https://www.lazada.com.ph/products/pdp-i4424157926.html
Hantech SOLAR PANEL 100WATTS 160WATTS 200WATTS 300WATTS OUTDOOR WATERPROOF SUN POWER MONOCRYSTALLINE,N/A,N/A,https://www.lazada.com.ph/products/pdp-i3375400846.html
"SUNSHADE NET OUTDOOR/ SUNBLOCK SHADE 6 AND 8 NEEDLE (50% & 70% APERTURE) GREEN AND BLACK FOR GARDEN, TERRACE, GREEN HOUSE.",N/A,N/A,https://www.lazada.com.ph/products/pdp-i4341846818.html
"Solar setup APARATO ONLY 500watts, 1000watts, 1.6KW,2KW,3.5KW",N/A,N/A,https://www.lazada.com.ph/products/pdp-i5248642328.html
68800mAh Portable Super Large Capacity Power Station 220V/150W Multi-Function Outdoor Solar Generator With Solar Charging Board Heavy Duty Outdoor Generator,N/A,N/A,https://www.lazada.com.ph/products/pdp-i4776117347.html
DIY Solar House Kit Physics Construction Set,N/A,N/A,https://www.lazada.com.ph/products/pdp-i15421219977.html
【liuxiaomei】High-Power 755 DC Electric Motor 21V Double Bearing Motor Electric Lawn Mower with Brush MotorHope you have a pleasant shopping experience<br><br>,N/A,N/A,https://www.lazada.com.ph/products/pdp-i5371518105.html
PANDUOXIANG | Magnetic Building Blocks Children Puzzle Toy,N/A,N/A,https://www.lazada.com.ph/products/pdp-i5335062930.html
"100pcs Plastic Garden Hanging Plant Tags Colorful Waterproof Plants Marker for Plants, Potted Plants, Nurseries, Trees，Gardening",N/A,N/A,https://www.lazada.com.ph/products/pdp-i3993318908.html
【Trivony】 Projection Screen Motor 60ktyz Permanent Magnet Synchronous Flat Shaft 8mm Electric Silver Screen Cloth Lifting Motor,N/A,N/A,https://www.lazada.com.ph/products/pdp-i5253909888.html
Power Station 220V 200W Portable 78800mAh Large Capacity Fast Charging Power Station Solar Generator,N/A,N/A,https://www.lazada.com.ph/products/pdp-i5360417367.html
RC Tracked Race Car Construction Toy,N/A,N/A,https://www.lazada.com.ph/products/pdp-i15436355522.html
BONINGYU | Outdoor Portable Power Station 200W,N/A,N/A,https://www.lazada.com.ph/products/pdp-i5400668970.html
300W Corrected Sine Wave Inverter Board 50-60Hz DC-AC 12V to 220V Step Up Boost Converter Power Supply,N/A,N/A,https://www.lazada.com.ph/products/pdp-i5200784140.html
【fdhjtyhtjj】Sucked Electric Lifting Magnet Electromagnet 12VDC 2.5Kg 5.5LB 20x15mm,N/A,N/A,https://www.lazada.com.ph/products/pdp-i15454506456.html
Chinesse WHOLY Live Plants And Rooted,N/A,N/A,https://www.lazada.com.ph/products/pdp-i5342188699.html
Multi-rotor motor 2204-2300KV model airplane motor QAV210 250 brushless motor motor,N/A,N/A,https://www.lazada.com.ph/products/pdp-i5268802712.html
BUILDMATE Wadfow 20L Knapsack Disinfectant Sprayer Backpack Garden Sprayer WKS1520 - WHT,N/A,N/A,https://www.lazada.com.ph/products/pdp-i4363199305.html
VEGETABLES SEEDS/HIGH QUALITY (Pechay/KangKong/Mustasa/Sitaw),N/A,N/A,https://www.lazada.com.ph/products/pdp-i4382849149.html
Solar panel 150W 300W solar panel board monocrystalline silicon power generation panel 18V household high conversion rate 0 electricity bill waterproof lightning solar charging panel 5 year Warranty,N/A,N/A,https://www.lazada.com.ph/products/pdp-i4129735314.html
Two-Way Radio Battery,N/A,N/A,https://www.lazada.com.ph/products/pdp-i5405192235.html
201 export foreign trade electric vehicle stainless steel basket basket bicycle increase front rear basket basket.,N/A,N/A,https://www.lazada.com.ph/products/pdp-i5295001089.html
Mimosa potted indoor balcony plants evergreen flowers shy plants colorful fun plants.,N/A,N/A,https://www.lazada.com.ph/products/pdp-i5282143944.html
Vancouver Skyline Building Block Kit,N/A,N/A,https://www.lazada.com.ph/products/pdp-i15449694842.html
Metal Sliding Door Track and Rollers,N/A,N/A,https://www.lazada.com.ph/products/pdp-i15420762642.html
Retractable Wood Fence Wooden Garden Decoration Panel Plant Flower Stand Outdoor Yard Lawn Guardrail,N/A,N/A,https://www.lazada.com.ph/products/pdp-i5190756737.html
5th 7th vinnic silver warrior alkaline battery toy electric mosquito swatter home remote control children's video game alarm clock table wireless mouse keyboard Bida aa battery for electronic smart door lock.,N/A,N/A,https://www.lazada.com.ph/products/pdp-i5299522321.html
0.7 green round tie wire length 150mm quantity 1000 galvanized iron wire garden tie vines.,N/A,N/A,https://www.lazada.com.ph/products/pdp-i5292390263.html
LEMIXIONG | Educational Beginner Musical Toy for Girls Mini Electronic Piano,N/A,N/A,https://www.lazada.com.ph/products/pdp-i15419037694.html
40+ Sizes THICK Black/Brown Sun Shade Garden Net Outdoor Waterproof Heavy Duty 95% UV Protection Net Free Rope,N/A,N/A,https://www.lazada.com.ph/products/pdp-i5359017293.html
Aomosin | DIY Magnetic Train Track Cube Puzzle Toy,N/A,N/A,https://www.lazada.com.ph/products/pdp-i5354194931.html
Insect Educational Toy Models,N/A,N/A,https://www.lazada.com.ph/products/pdp-i5378729220.html
Science Experiment Kit for Kids DIY,N/A,N/A,https://www.lazada.com.ph/products/pdp-i15419189115.html
Universal Byd Wheels 15-17 Inches,N/A,N/A,https://www.lazada.com.ph/products/pdp-i15442618293.html
STHIL Chainsaw 20/22/24 inch gasoline chain saw original steel portable power saw Power Tools ；,N/A,N/A,https://www.lazada.com.ph/products/pdp-i5070714454.html
Solar generator 160000mah 450w 220v portable power station for home emergency travel and outdoor use Portable Power Station 300W AC 220V Output Emergency Backup Power Solar Generator Battery Charger for Camping,N/A,N/A,https://www.lazada.com.ph/products/pdp-i5341882376.html
Variable Frequency Drive 220V Output 0.4/0.75/1.5/2.2KW frequency inverter for single phase 220V 0.5/1/2/3HP,N/A,N/A,https://www.lazada.com.ph/products/pdp-i5231115734.html
Fail-safe Disc Electromagnet 4.5kg Force,N/A,N/A,https://www.lazada.com.ph/products/pdp-i15477287529.html
Aftermarket Wheel,N/A,N/A,https://www.lazada.com.ph/products/pdp-i15436255753.html
Marine Stainless Steel Under Platform 3-Step Ladders Telescoping With Wider Spring Swimming Pool Ladder,N/A,N/A,https://www.lazada.com.ph/products/pdp-i15454888623.html
1.5KW Three-Phase Asynchronous Motor 380V/220V Full Copper 2HP Vertical And Horizontal National Standard JIN WEI Electric Motor,N/A,N/A,https://www.lazada.com.ph/products/pdp-i5166859265.html
Infineon IRFS7437TRL7PP Original mos Tube Authentic N-channel Power Field Effect,N/A,N/A,https://www.lazada.com.ph/products/pdp-i5269870179.html
Multi-rotor model brushless motor ZD2808 high-efficiency disc three-phase brushless motor KV value 700KV.,N/A,N/A,https://www.lazada.com.ph/products/pdp-i5042718748.html
6.5-inch 7-inch 8-inch 10-inch two-wheel intelligent electric balance car twisting brushless motor wheel hub universal,N/A,N/A,https://www.lazada.com.ph/products/pdp-i5109527021.html
Infineon IRFS7437TRL7PP Original mos Tube Authentic N-channel Power Field Effect,N/A,N/A,https://www.lazada.com.ph/products/pdp-i4992986072.html
12V24V36V48V60V72V220V low-speed three-phase brushless AC wind generator 200 watt hydraulic power,N/A,N/A,https://www.lazada.com.ph/products/pdp-i4731850148.html
12V2a4V36V48V60V72V220V low-speed three-phase brushless AC wind generator 200W hydraulic power.,N/A,N/A,https://www.lazada.com.ph/products/pdp-i5028996285.html
Andoer NE-400S3 400W Wind Generator Power Windmill Nylon Fiber Blade Wind Mill Generator,N/A,N/A,https://www.lazada.com.ph/products/pdp-i15494764011.html
Insect Observation Kit for Kids Outdoor Exploration,N/A,N/A,https://www.lazada.com.ph/products/pdp-i15455753747.html
Compatible with Mercedes Models Generator,N/A,N/A,https://www.lazada.com.ph/products/pdp-i15439768269.html
Generator diode 82PFR80.82PF80 LSA50.2 Lilesenma series LSA491 diode,N/A,N/A,https://www.lazada.com.ph/products/pdp-i5155246147.html
Mini outdoor portable hand generator power failure emergency high-power hand generator USB mobile phone charger,N/A,N/A,https://www.lazada.com.ph/products/pdp-i4928032232.html
Portable Solar Power Station 350W12 Multi-Function Backup Generator with AC USB Output Large Capacity Rechargeable Generator,N/A,N/A,https://www.lazada.com.ph/products/pdp-i15489653259.html
Hand-cranked generator small outdoor emergency supplies hand-cranked power charging treasure charging mini hand-cranked power.,N/A,N/A,https://www.lazada.com.ph/products/pdp-i4846197137.html
Crossing MT2204 2206 2300KV UAV model QAV210 250 four-axis brushless motor motor,N/A,N/A,https://www.lazada.com.ph/products/pdp-i5118267451.html
Science Experiment Circuit Toy DIY Kit,N/A,N/A,https://www.lazada.com.ph/products/pdp-i15436348114.html
TOMSHOO Sine Waving Inverter Grid Connected Solar Power Inverters IP55 350W 230V 0.2 To 1.6KW for Small Solar Systems,N/A,N/A,https://www.lazada.com.ph/products/pdp-i15491753044.html
Circuit Breaker ABB T1 T2 T3 T4 T5 T6 Manual Operating Mechanism Outside the Cabinet Handle,N/A,N/A,https://www.lazada.com.ph/products/pdp-i5072479090.html
chuangyi calculator financial accounting office supplies s,N/A,N/A,https://www.lazada.com.ph/products/pdp-i5306527382.html
JIAKAI | STEM Education Teaching Aids,N/A,N/A,https://www.lazada.com.ph/products/pdp-i15433071607.html
Lu 'an Weite Y. YKK (10kV) series medium-sized high-voltage motors are brand-new and original with high cost performance.,N/A,N/A,https://www.lazada.com.ph/products/pdp-i5165310485.html
Imported my2n-D2-jmy4n-d2my4n-D2-jly2n-D2-j24vdc DC electrical appliances.,N/A,N/A,https://www.lazada.com.ph/products/pdp-i5069570080.html
"Fujihama KC950 Portable Gasoline Generator – Compact, Efficient, and Reliable Power Source",N/A,N/A,https://www.lazada.com.ph/products/pdp-i15476887208.html
ZUOLEJIA | Educational Science Experiment DIY Kit,N/A,N/A,https://www.lazada.com.ph/products/pdp-i15442542611.html
Zhiying power RCINPOWER SmooX 2306 Plus motor traversing machine freestyle brushless motor,N/A,N/A,https://www.lazada.com.ph/products/pdp-i5027787044.html
STEM Education Science Experiment Kit DIY Toy,N/A,N/A,https://www.lazada.com.ph/products/pdp-i15429197809.html
3548/2826 High-power Brushless Motor with 35mm Outer Rotor KV1180 with Brushless Outer Rotor,N/A,N/A,https://www.lazada.com.ph/products/pdp-i4840802402.html
R438 Leroy Somer Copy Automatic VoltageRegulator Generador AVR R438 High Quality Brushless Alternator Spare Part,N/A,N/A,https://www.lazada.com.ph/products/pdp-i4581873882.html
Micro-tiller hand-operated pull-free starter 170F178F186F air-cooled diesel engine generator starter new style,N/A,N/A,https://www.lazada.com.ph/products/pdp-i5041589489.html
Fujihama KC950 Portable Gasoline Generator 650W 220V with Manual Recoil Starter & 4-4.2L Fuel Tank,N/A,N/A,https://www.lazada.com.ph/products/pdp-i15391350763.html
1Pc Wind Turbine Generator Kit Micro-Hand Dynamo Generator DC12V Generator Power Supply,N/A,N/A,https://www.lazada.com.ph/products/pdp-i5110820955.html
DIY Soft Material Wheel Toy,N/A,N/A,https://www.lazada.com.ph/products/pdp-i15417465711.html
Generator 220V/60Hz Portable Gasoline Generator Set 950W High Quality Ultra Quiet Manual Start Generator All-copper Generator Set Efficient Strong Endurance Generator Portable Generator,N/A,N/A,https://www.lazada.com.ph/products/pdp-i4635863616.html
TOMSHOO Solar Micro Inverter IP55 Waterproof 230V 300W Solar Grid Tie Inverter for Small Solar Systems,N/A,N/A,https://www.lazada.com.ph/products/pdp-i15496222140.html
yishujia office | Refrigeration And Ice Maker Ventilator Motor,N/A,N/A,https://www.lazada.com.ph/products/pdp-i15435800777.html
Mini 20/22/24 Inch Gasoline Chainsaw | Original Steel Blade Portable Power Saw (070),N/A,N/A,https://www.lazada.com.ph/products/pdp-i5118804571.html
Underwater Light IP68 Waterproof Lamp Fountain Spotlight Landscape Pond with Remote Control Engineering lights Outdoor Garden Lawn Lamp Water Features Swimming Pool Light AC12V LED light RGB Underwater Pool Lights,N/A,N/A,https://www.lazada.com.ph/products/pdp-i3666987669.html
Chainsaw 20/24/36 inches Portable Chainsaw Gasoline 070 Chainsaw Original Steel Mini Power Saw Power Metal Tool,N/A,N/A,https://www.lazada.com.ph/products/pdp-i5086639142.html
Chain saw 20/24/36 Inch 58CC 4.2Kw Original Steel Chainsaw Gasoline Mini Chainsaw Electric Metal Tool,N/A,N/A,https://www.lazada.com.ph/products/pdp-i5408690198.html
Honda Chainsaw Gasoline Saw 20/22/24 Inches 78cc Portable Chain saw High Power Saw Tools Made In Japan,N/A,N/A,https://www.lazada.com.ph/products/pdp-i4448577152.html
"Generator Four Stroke Gasoline Generator 4000W Engine Dual Protection System With Ultra High Performance Manual Electric Start OHV Air Cooled Generators ,strong power heart of the motor Big fuel tank",N/A,N/A,https://www.lazada.com.ph/products/pdp-i4136613423.html
Pool underwater lights LED Swimming pool Fountain Landscape Pond Outdoor decoration lamp RGB Waterproof IP68,N/A,N/A,https://www.lazada.com.ph/products/pdp-i4249046975.html
Ultrathin 6mm Swimming Pool Lights LED Stainless Steel or ABS Waterproof IP68 Underwater Wall,N/A,N/A,https://www.lazada.com.ph/products/pdp-i5211035419.html
1 set 1:12 dollhouse miniature outdoor golf with ball for doll garden toys,N/A,N/A,https://www.lazada.com.ph/products/pdp-i15457379817.html
Honda Chainsaw Japanese Original Gasoline Chainsaw 20/22/24 inches Portable Mini Chainsaw Metal Tool,N/A,N/A,https://www.lazada.com.ph/products/pdp-i5084111249.html
POWER ARC 1.2Kw 4 Stroke Air-cooled Gasoline Generator PAG1500 Rexxon Power Tools Trading,N/A,N/A,https://www.lazada.com.ph/products/pdp-i4379942772.html
Qualitell electric mosquito swatter household bedroom rechargeable powerful mosquito swatter indoor large mesh can,N/A,N/A,https://www.lazada.com.ph/products/pdp-i5306547697.html
MUHUASHA | Electric Forklift Drive Wheel,N/A,N/A,https://www.lazada.com.ph/products/pdp-i15400399112.html
ZHENMIAO | Rotating Circular Clothes Drying Rack,N/A,N/A,https://www.lazada.com.ph/products/pdp-i5371808404.html
【Weliba】 VFD Inverter for Motor Speed Control 450W 750W 1.1kW Single to Three Phase [New Products Hot Sale],N/A,N/A,https://www.lazada.com.ph/products/pdp-i15446600985.html
Shinmax Gasoline Engine 7.5 HP Heavy Duty for Cement Mixer Low Speed,N/A,N/A,https://www.lazada.com.ph/products/pdp-i2808550617.html
TOYOHAMA TY2200i Inverter Generator 1500W Quiet Lightweight Gasoline Power for Home Backup Camping Portable,N/A,N/A,https://www.lazada.com.ph/products/pdp-i15393587293.html
Science Learning Experiment Circuit Kit Toy Set,N/A,N/A,https://www.lazada.com.ph/products/pdp-i15428910856.html
2022 new multifunctional electric mosquito swatter 2-in-1 lithium battery rechargeable household mosquito killer W powerful dry battery flies,N/A,N/A,https://www.lazada.com.ph/products/pdp-i5294591942.html
"Generator Four Stroke Gasoline Generator 4000W Engine Dual Protection System With Ultra High Performance Manual Electric Start OHV Air Cooled Generators ,strong power heart of the motor Big fuel tank",N/A,N/A,https://www.lazada.com.ph/products/pdp-i4135973732.html
DIYUE | Tungsten Carbide Rotary Burr,N/A,N/A,https://www.lazada.com.ph/products/pdp-i15393060566.html
Disassemble PMC25.2-002 wind turbine pitch control system module of Germany OAT wind power generation project.,N/A,N/A,https://www.lazada.com.ph/products/pdp-i5292660699.html
MLADEN 200W Portable Power Station 78800mAh Large Capacity Outdoor Universal Solar Generator,N/A,N/A,https://www.lazada.com.ph/products/pdp-i15446998286.html
Ruiming all-copper wire diesel generator 10kw15KW20 20kw brush AC synchronous single-phase three-phase generator.,N/A,N/A,https://www.lazada.com.ph/products/pdp-i4560623716.html
60KTYZ permanent magnet synchronous motor AC gear reduction motor large torque bidirectional controllable miniature motor,N/A,N/A,https://www.lazada.com.ph/products/pdp-i5268992121.html
Dongfanghong Luotuo 4108 tractor Futian Oubao harvester 12V24V pure copper brushless high-power generator,N/A,N/A,https://www.lazada.com.ph/products/pdp-i5294370297.html
Zonejoy KIMISS MPPT Solar Grid Tie Inverter Pure Sine Waving Aluminium Alloy Micro Solar Grid Tie Inverter AC120V 180W Professional Accessories (260W) KIMISS2eo98ah4wt-14,N/A,N/A,https://www.lazada.com.ph/products/pdp-i15482044386.html
"Toyohama TH950 Portable Genset (Generator) Single phase, 2 stroke, Manual Start",N/A,N/A,https://www.lazada.com.ph/products/pdp-i767806303.html
Industrial-Grade Blower | Efficient Dust Blower for Carpentry & Workshops,N/A,N/A,https://www.lazada.com.ph/products/pdp-i4966341903.html
Production and supply of Tenglong 2.8KW/5KW single-phase gasoline generator set efficient gasoline generator.,N/A,N/A,https://www.lazada.com.ph/products/pdp-i5097167605.html
Electric household outdoor grounding rod galvanized grounding nail lightning rod lightning protection grounding pin nail grounding pile grounding electrode,N/A,N/A,https://www.lazada.com.ph/products/pdp-i5117491243.html
520 handmade diy tulip basket diy twist bouquet twist stick complete set of materials package finished products sent to girlfriend boudoir,N/A,N/A,https://www.lazada.com.ph/products/pdp-i5295100286.html
Hand-cranked generator Small household high-power outdoor portable USB mobile phone computer 12V power failure emergency charger,N/A,N/A,https://www.lazada.com.ph/products/pdp-i5097987189.html
Diansheng | Professional Speedcubing Intelligence Development Puzzle Cube,N/A,N/A,https://www.lazada.com.ph/products/pdp-i15429032322.html
Simulation Winch,N/A,N/A,https://www.lazada.com.ph/products/pdp-i15449890278.html
COD 100% Original Gasoline Chain Saw 24 Inches | 72cc 9.9KW High Power | Made in Japan Portable Outdoor Power Tool,N/A,N/A,https://www.lazada.com.ph/products/pdp-i5141503378.html
【Latest model】For FOC Brushless Motor Driver Board Works with Simple FOC Shield V2.0.4,N/A,N/A,https://www.lazada.com.ph/products/pdp-i15462141202.html
Galvanized grounding pin copper braided grounding wire outdoor lightning protection grounding rod grounding pile household grounding pin,N/A,N/A,https://www.lazada.com.ph/products/pdp-i5047890778.html
Plastic steel window pulley stainless steel copper wheel waterproof rust 88 plastic door and window roller 77 80 window screen wheel,N/A,N/A,https://www.lazada.com.ph/products/pdp-i5268643433.html
POWER ARC 3.5Kw 4 Stroke Air-cooled Gasoline Generator PAG3500 Rexxon Power Tools Trading,N/A,N/A,https://www.lazada.com.ph/products/pdp-i4382559151.html
HONDA Original Made in Japan 24 Inches Portable Gasoline Chainsaw Original Steel Mini Power Saw Tool,N/A,N/A,https://www.lazada.com.ph/products/pdp-i4372636996.html
12/16 inch Portable Chainsaw Rechargeable chainsaw Electric Saw Mini Chainsaw with box Outdoor Power Tools,N/A,N/A,https://www.lazada.com.ph/products/pdp-i4186100125.html
"DEKES power generator for home,3.5KW Gasoline Generator set, Double protection system, Pure copper motor, strong power heart of the motor Big fuel tank for your battery life Multiple fuel options to meet more needs With wheels4 Stroke Air Cooled",N/A,N/A,https://www.lazada.com.ph/products/pdp-i2459147757.html
"Manuyama Non-Inflatable Foldable Swimming Pool for Adults & Kids, 5-Second Setup",N/A,N/A,https://www.lazada.com.ph/products/pdp-i15423832652.html
Air Cooled Diesel Engine 7Hp 4 Stroke 3000RPM/1250RPM Outdoor Portable 200F Engine,N/A,N/A,https://www.lazada.com.ph/products/pdp-i4382168886.html
NANWEI 950W Portable Gasoline Generator Set 220V/60HZ Household Outdoor Small Generator High Quality 2-Stroke Generator,N/A,N/A,https://www.lazada.com.ph/products/pdp-i4862959034.html
Wall spike fence anti theft 1.25m stainless steel Galvanized anti climb wall roof spikes Villa Yard fence garden,N/A,N/A,https://www.lazada.com.ph/products/pdp-i4543352718.html
Solar complete set with battery Solar System Built-in 12V Battey Solar Controller and Solar Panel with inverter 12v to 220v heavy duty set 4 USB Charger + 2 Universal Socket,N/A,N/A,https://www.lazada.com.ph/products/pdp-i3308336177.html
【Ready Stock】Chainsaw 20/24/36Inch Portable Chainsaw Gasoline Chainsaw Original Steel Chainsaw Power Tools,N/A,N/A,https://www.lazada.com.ph/products/pdp-i5086614287.html
ASOLAR Solar Panel 200Watts MONOCRYSTALLINE 12BB Solar Panel 200W,N/A,N/A,https://www.lazada.com.ph/products/pdp-i4504885921.html
【COD】Heavy Duty Stainless Steel Glass Pool Fence Clip Luxury Design Floor Glass Stand Fixed Fittings Clamp,N/A,N/A,https://www.lazada.com.ph/products/pdp-i4101984327.html
Bosch Germany Original Gasoline Chinsaw 20/22/24 Inches Portable Chain saw Mini Steel Chainsaw Wood Cutting Metal Power Tools,N/A,N/A,https://www.lazada.com.ph/products/pdp-i5291157217.html
GWYNET | Inflatable Thickened Swimming Pool,N/A,N/A,https://www.lazada.com.ph/products/pdp-i5347618291.html
◎TZT MALL◎ DC12V 24V To AC220V Inverter Boost Module 300W 50HZ Low Frequency Inverter Drive Board,N/A,N/A,https://www.lazada.com.ph/products/pdp-i4395399398.html
"REAIM 4-Stroke Gasoline Engine 168F Model 8.5HP, High Efficiency Air Cooled Motor for Farm Equipment",N/A,N/A,https://www.lazada.com.ph/products/pdp-i5328990766.html
REAIM Cordless Electric Chainsaw Portable 8inch Handheld Chainsa Woodworking Cutting Rechargeable Lithium Battery Power Saws Cutting Tool Set,N/A,N/A,https://www.lazada.com.ph/products/pdp-i5267190755.html
【XIXINBO】 Brushless Motor 5520 with For PWM Control for 24V DC High Torque Applications [not miss it][New product release],N/A,N/A,https://www.lazada.com.ph/products/pdp-i5375074657.html
PowMr 25A/35A/45A MPPT Solar Charger Controller 12V 24V With Blacklight LCD Regulator Max PV Input 100VDC Support Lifepo4 Battery Efficient charging,N/A,N/A,https://www.lazada.com.ph/products/pdp-i4658461431.html
"Bestway Flowclear Filter Pump (530 Gal)220-240V, 50HZ 3.5A; 0.54HP Compatible with Intex Pools and most 300 - 14,400 gallon (1100-14300 L) above ground pools",N/A,N/A,https://www.lazada.com.ph/products/pdp-i4533455884.html
【Ready Stock】Original Gasoline Chainsaw 20/24/36 Inches Model-MS070 Portable High Power Saw Made in Germany Outdoor Power Tools Chain Saw Mini ChainSaw,N/A,N/A,https://www.lazada.com.ph/products/pdp-i5085957161.html
1pc Swimming Pool Spa Nozzle Sp-1434 Pool Massage Spa Jets Nozzle Fitting,N/A,N/A,https://www.lazada.com.ph/products/pdp-i15407953370.html
Honda Japanese Original Gasoline Chinsaw 20/22/24 Inches Portable Chain saw Mini Chainsaw Wood Cutting Metal Power Tools,N/A,N/A,https://www.lazada.com.ph/products/pdp-i5242505489.html
4X NerdMiner V2 2.8 Inch Display BTC Solo Lottery Nerd Miner 56KH/S Crypto Solo Mining Machine,N/A,N/A,https://www.lazada.com.ph/products/pdp-i4979641880.html
Actellic 50 EC Syngenta Insecticide for Stored Product Pests Rice Weevil Flour Beetle Warehouse Moth Tobacco Beetle,N/A,N/A,https://www.lazada.com.ph/products/pdp-i3358409960.html
🔥Available 100㎡🔥snake repellent outdoor 30PCS anti snake protection,N/A,N/A,https://www.lazada.com.ph/products/pdp-i5213731247.html
Swiming pool light Underwater Decor RGB SMD LED light remote control Dimmable IP68 Waterproof,N/A,N/A,https://www.lazada.com.ph/products/pdp-i5211148185.html
SENDA Household portable move power station 220v 150w power station multi-function portable big capacity solar generator station Portable outdoor camping power supply Household emergency backup power,N/A,N/A,https://www.lazada.com.ph/products/pdp-i4095653829.html
KOMAX Trimmer Blade nylon Based Grass cutter /Brush cutter Blade universal,N/A,N/A,https://www.lazada.com.ph/products/pdp-i2801010576.html
{in stock}Magical house Swimming Pool Vacuum Cleaner For Swimming Pool Cleaning Tool Zooplankton Body,N/A,N/A,https://www.lazada.com.ph/products/pdp-i3759194278.html
"3.5cm Aperture Plastic Fence Net Outdoor Poultry Breeding, Chicken Net Orchard Garden Fence Net",N/A,N/A,https://www.lazada.com.ph/products/pdp-i5205736457.html
"SUMIPRO EW | METOFLUTHRIN | D,D-T-CYPENOTHRIN | PIPERONYL BUTOXIDE - 1 LITER",N/A,N/A,https://www.lazada.com.ph/products/pdp-i3660015011.html
HanTech 60/100/160/210/300 Watts Original Solar Panel IP66 12V 18V Mono Waterproof Full Power Generation Sun Daily,N/A,N/A,https://www.lazada.com.ph/products/pdp-i3777509646.html
TEKANAI | Solar Floating Fountain Water Pump Oxygenator,N/A,N/A,https://www.lazada.com.ph/products/pdp-i5373475258.html
AQUACLEAR Dry Acid / pH Minus / pH Decreaser / pH Reducer for Swimming Pool,N/A,N/A,https://www.lazada.com.ph/products/pdp-i1365224315.html
GARRYFIZH Wind Generator Kit Accurate Injection Moulding Wind Turbine Generator 3 Blade Aluminum Alloy Die Casting for Forest Fire Protection Power Generation,N/A,N/A,https://www.lazada.com.ph/products/pdp-i15499098093.html
Ingco 20V Lithium-Ion Cordless Battery Knapsack Sprayer UNIT ONLY P20S POWERSHARE CSPLI2001 IPT,N/A,N/A,https://www.lazada.com.ph/products/pdp-i987464738.html
XiMei WoodWork | Garden Fencing Wall Separator Outdoor Screen Plastic Wood Fence,N/A,N/A,https://www.lazada.com.ph/products/pdp-i15395228219.html
DOKIO 220V Solar Panel Station System 18V Solar Panel Set With Battery and Charge Controller 4000W Solar Inverter DC12v to AC 220v Kit Complete Power Generation Kit,N/A,N/A,https://www.lazada.com.ph/products/pdp-i3242960169.html
GREENER | Portable Powerful Multi-chain Saw Electric Chain Saw 220v,N/A,N/A,https://www.lazada.com.ph/products/pdp-i15397900315.html
LED Swimming Pool Lights With Transformer Waterproof IP68 AC12V With Remote Control RGB lamp Underwater Light,N/A,N/A,https://www.lazada.com.ph/products/pdp-i15449418817.html
18BB Dual Glass 200 Watts solar panel 12V/18V Volt Monocrystalline IP67 Waterproof With MC4 For RV/Boat,N/A,N/A,https://www.lazada.com.ph/products/pdp-i5205879075.html
Solar Panel Mounting Roof PV L-Foot Extension Hanger Bolts For Metal OR For Wood,N/A,N/A,https://www.lazada.com.ph/products/pdp-i4525054013.html
"Bestpro 8"" Main Drain Cover SP-1030, Round ABS for Swimming Pool",N/A,N/A,https://www.lazada.com.ph/products/pdp-i4107472890.html
OPTIMAX JAPAN Low Noise Fuel Efficient Portable Generator 2200W 1000W Lightweight Gasoline Generator,N/A,N/A,https://www.lazada.com.ph/products/pdp-i5396911116.html
Dual Glass 200 Watts 18BB Solar Panel 12V/18V Monocrystalline Silicon 200W Solar Panel Full Power,N/A,N/A,https://www.lazada.com.ph/products/pdp-i5372296857.html
BOSCH Chainsaw Portable Original Gasoline Orange 24 Inches Portable Chainsaw 78CC Chain Saw Chainsaw Power Tools,N/A,N/A,https://www.lazada.com.ph/products/pdp-i5180055964.html
【Ready Stock】Orlginal Chainsaw 20/24/36 Inch Orlginal Germany MS070 High-Power Chain Saw Big Chainsaw,N/A,N/A,https://www.lazada.com.ph/products/pdp-i5088270680.html
Pool Waterfall Spillway Fountain Acrylic RGB LED Strip 30-120cm Swimming Pool Garden Light Decor,N/A,N/A,https://www.lazada.com.ph/products/pdp-i5167408315.html
Power Station 600W/220V Multi-Function Portable Big Capacity Station Powered Generator With Solar,N/A,N/A,https://www.lazada.com.ph/products/pdp-i15451019437.html
Swimming pool light Underwater Decor RGB SMD LED light remote control Dimmable IP68 Waterproof Fountain Landscape water parks pool accessories air water nozzle jetspa no sloar AC12V 18-45W,N/A,N/A,https://www.lazada.com.ph/products/pdp-i3094119184.html
24V350W12V250W deceleration brush DC permanent magnet motor 428 teeth Haocheng Lingying Younette MY1016,N/A,N/A,https://www.lazada.com.ph/products/pdp-i5072006172.html
[tfsdfvd]For LV02 74KH/S SHA256 BTC SOLO Miner Lottery Device Crypto Miner ASIC Mining Silent Miner,N/A,N/A,https://www.lazada.com.ph/products/pdp-i15434617967.html
Qunxi EDF 70mm bypass brushless motor QF2822 bullet fixed wing bypass motor,N/A,N/A,https://www.lazada.com.ph/products/pdp-i4821201211.html
"The patron saint of new electric motors, Suling & the maintenance and replacement chip of industrial brushless motor in Jingbei",N/A,N/A,https://www.lazada.com.ph/products/pdp-i4986578446.html
Galvanized grounding rod household grounding rod grounding needle outdoor grounding electrode device for lightning protection pile of photovoltaic power building,N/A,N/A,https://www.lazada.com.ph/products/pdp-i4864103927.html
Yiku original factory built-in motor synchronous wheel Little Monkey m3 pulley m6 tooth plate Little Turtle King built-in tooth wheel,N/A,N/A,https://www.lazada.com.ph/products/pdp-i4863765598.html
【liuxiaomei】Upgraded Miner 117KH/S with Color Screen Mini BTC Solo Lottery Mining Miner Bitcoin BTC Miner MinerHope you have a pleasant shopping experience<br><br>,N/A,N/A,https://www.lazada.com.ph/products/pdp-i5364088705.html
Fixed wing motor of model helicopter brushless motor crossing machine 1912 2500kv 2308 1000kv,N/A,N/A,https://www.lazada.com.ph/products/pdp-i5124944644.html
Interactive Crawling Guidance Toy 1,N/A,N/A,https://www.lazada.com.ph/products/pdp-i5404150148.html
Langyu Edge Racing Lite 2205 2300KV2480KV Race Crossing Machine Motor Brushless Motor,N/A,N/A,https://www.lazada.com.ph/products/pdp-i4861958394.html
[tfsdfvd]2PCS USB Miner 77KH/S BTC Solo Lottery Mining Miner with Color Screen Mini Bitcoin BTC Miner Miner,N/A,N/A,https://www.lazada.com.ph/products/pdp-i15433368548.html
RCinpower surplus power SmooX 1404 Plus brushless motor 3-4 inch traversing machine motor,N/A,N/A,https://www.lazada.com.ph/products/pdp-i5012141095.html
【Latest model】3X USB BTC Miner Solo Lottery Miner 40-50KH/S Bitcoin BTC Miner Asic Mining Low Power Miner for Home,N/A,N/A,https://www.lazada.com.ph/products/pdp-i15435189083.html
FUNNYDEER | Silent Running Wheel Toy Hamster Run,N/A,N/A,https://www.lazada.com.ph/products/pdp-i15394288696.html
【liuxiaomei】D2822 Brushless Motor Brushless Outer Rotor Motor Suitable for Remote Control Multi-Rotor Fixed-Wing AircraftHope you have a pleasant shopping experience<br><br>,N/A,N/A,https://www.lazada.com.ph/products/pdp-i5355888687.html
BOSCA 5 Year Warranty 35W Solar Panel Mono 35 Watt 12 Volt Pv Solar Module Solar Cell Panel BOSCA-NEW,N/A,N/A,https://www.lazada.com.ph/products/pdp-i1504804047.html
Minshan indoor fire hydrant rotary reel dedicated indoor fire hydrant DN65DN50 fire hydrant is fully qualified.,N/A,N/A,https://www.lazada.com.ph/products/pdp-i5294873581.html
KELAJI | V-Belt SPB Series,N/A,N/A,https://www.lazada.com.ph/products/pdp-i15452829063.html
Flashfish 300W 60Hz solar generator solar panel power station Lifepo4 can be used when charging,N/A,N/A,https://www.lazada.com.ph/products/pdp-i4704198517.html
Disassembling 12V low-speed and high-torque brushless motor 3000rpm rare earth medium-strong magnetic brushless motor 540.,N/A,N/A,https://www.lazada.com.ph/products/pdp-i5268916741.html
Flying Spinning Toy Set,N/A,N/A,https://www.lazada.com.ph/products/pdp-i5403862962.html
Electric Swinging Mimicking Insect Toy,N/A,N/A,https://www.lazada.com.ph/products/pdp-i15428952955.html
Greenfield Mini Hose Reel Set 10m - Lawn & Garden,N/A,N/A,https://www.lazada.com.ph/products/pdp-i4999223506.html
Scientific DIY Experiment Kit For Kids Science Education,N/A,N/A,https://www.lazada.com.ph/products/pdp-i15421832813.html
Brushless DC motor drive board STM32 FOC source code experimental board development board signal density BLDC,N/A,N/A,https://www.lazada.com.ph/products/pdp-i5276428797.html
LIXADA Waterproof 3660 3800KV Brushless Motor for 1/8 1/10 Remote Control Car Truck,N/A,N/A,https://www.lazada.com.ph/products/pdp-i15495936122.html
【Latest model】Upgraded Miner 117KH/S with Color Screen Mini BTC Solo Lottery Mining Miner Bitcoin BTC Miner Miner,N/A,N/A,https://www.lazada.com.ph/products/pdp-i15435318386.html
Akari AEMKS-K006 Electric Mosquito Swatter / Insect Killer,N/A,N/A,https://www.lazada.com.ph/products/pdp-i1435718281.html
Weighted stainless steel 6-wheel hanging door pulley wooden door hanging wheel sliding door track hanging door track sliding door pulley track,N/A,N/A,https://www.lazada.com.ph/products/pdp-i5269763859.html
24V250W motor MY1016My1025 brushed permanent magnet DC high-speed motor optical axis motor 300W,N/A,N/A,https://www.lazada.com.ph/products/pdp-i5042015045.html
"50/100 /200 Meters Iron Barbed Wire Roll Fence Barbed Wire Anti-climb Protect Fence Galvanized Anti-rust Stee Wire Used for pasture fencing, fence guard",N/A,N/A,https://www.lazada.com.ph/products/pdp-i4448570413.html
RGB Swimming Pool Lights AC12V Stainless Steel LED Waterproof SpasPools Wall Lights 12W/18W/25W/35W/45W Underwater Lamp,N/A,N/A,https://www.lazada.com.ph/products/pdp-i3669075700.html
lawn mower Honda Four-stroke backpack lawn mower 4 stroke brush cutter agriculture,N/A,N/A,https://www.lazada.com.ph/products/pdp-i4796348469.html
KEELAT KPW009 Cordless High Pressure Washer Portable Car Water Gun with 3.0Ah Battery,N/A,N/A,https://www.lazada.com.ph/products/pdp-i4759557636.html
Swimming pool salvage leaf net deep water net shallow water net cleaning accessories pond underwater tools (rodless),N/A,N/A,https://www.lazada.com.ph/products/pdp-i4451599075.html
"FRP daylighting board sunlight room board transparent rain shed outdoor insulation plate,sunshade",N/A,N/A,https://www.lazada.com.ph/products/pdp-i5278810056.html
Pool Water Descent Spillway Waterfall fountain Swimming pool garden decor Acrylic With RGB LED lights strip adjustable light,N/A,N/A,https://www.lazada.com.ph/products/pdp-i5086853594.html
FlashFish Solar Generator E200 with 1PCS 60W Solar Panel Included 200W/151Wh Portable Power Station 200W 60Hz AC Outlets Ternary Lithium Battery Pack Solar Power Station,N/A,N/A,https://www.lazada.com.ph/products/pdp-i3719982359.html
Flowatt 10.2kw Hybrid Solar Inverter Built in 180A MPPT Solar Controller Max PV Input 500vdc 48Vdc Pure Sine Wave Inverter Can Contect Without battery All In One Solar Inverter,N/A,N/A,https://www.lazada.com.ph/products/pdp-i4510285069.html
"60Hz Pure sine wave inverter 1000W 3000W 12V/24V Solar Power Inverter DC12V / 24V to AC220V Electric vehicle home appliance travel power inverter adapter,car power supply",N/A,N/A,https://www.lazada.com.ph/products/pdp-i5351180525.html
Swimming Pool Ladder 304 Thickened Stainless Steel Swimming Pool Handrail Launching Ladder Tread,N/A,N/A,https://www.lazada.com.ph/products/pdp-i5210898077.html
Portable Power Station 220V Outdoor Car Travel Camping Household Emergency Power Supply 300W 96000mAh Outdoor Solar Fast Charging Large Capacity Power Station With Solar Charging Panel Multifunction Penerator,N/A,N/A,https://www.lazada.com.ph/products/pdp-i15425370128.html
Inverter Power Station for 18V Battery 220W LED Outdoor Camping Adapter Power Supply Tool,N/A,N/A,https://www.lazada.com.ph/products/pdp-i5330501180.html
4.2KW/3KW Hybrid Solar Inverter 24V Off Grid Hybrid Inverter 120A MPPT Hybrid Inverter with SCC Smart Protection LCD Display,N/A,N/A,https://www.lazada.com.ph/products/pdp-i3268609647.html
One Solar Hybrid Solar Inverter 12v1000W 12V1200W with 40A MPPT,N/A,N/A,https://www.lazada.com.ph/products/pdp-i3993208522.html
LUXPOWER GETA 3.6K 24V OFF GRID INVERTER / PURE SINE WAVE / HOME SOLAR USE,N/A,N/A,https://www.lazada.com.ph/products/pdp-i15495832008.html
DEKES Solar Power Station 150-300W 220V Multi-Function Portable Big Capacity Power Station AC/DC/USB Out,N/A,N/A,https://www.lazada.com.ph/products/pdp-i5391510460.html
Thickened 60Mesh Insect Net for Farm Vegetable Pest Control and Garden Plant Screen,N/A,N/A,https://www.lazada.com.ph/products/pdp-i15432384552.html
【Latest model】Magnetic Levitation Solar Motor Three-Sided Vertical Brushless Motor Scientific Experiment Teaching Model DIY,N/A,N/A,https://www.lazada.com.ph/products/pdp-i15446633836.html
Flowatt 10.2KW Pure Sine Wave Hybrid Inverter with Dual PV Input and MPPT Charger for Home Solar Power System,N/A,N/A,https://www.lazada.com.ph/products/pdp-i4409667173.html
NerdMiner Vertical Miner 500Gh/S BM1366 ASIC Chip Solo Lottery BTC Miner Lottery Mining Miner,N/A,N/A,https://www.lazada.com.ph/products/pdp-i5254747464.html
Flowatt 4.2KW/6.2KW 24VDC On/Off-Grid Solar Hybrid Inverter AC220V Pure Sine Wave Two Load Output Power MPPT 120A Solar Charger Supports Connection To lithium Batteries And Lead-Acid Batteries,N/A,N/A,https://www.lazada.com.ph/products/pdp-i4393361857.html
4.2kw 6.2kw MPPT Hybrid Solar Inverter 24V 48V Pure Sine Wave Inverter Off Grid Inverter DC to 220V AC Power Inverter 500V Pv Input for Solar Home System,N/A,N/A,https://www.lazada.com.ph/products/pdp-i3479623311.html
Wadfow 12V Lead-Acid Cordless Backpack Sprayer 16L Rechargeable Garden Electric Knapsack Power Sprayer WLSY1512 - WCPT,N/A,N/A,https://www.lazada.com.ph/products/pdp-i4910286377.html
Outdoor Fountain Light RGB Spotlight Garden Underwater Light Pool Decoration LED Light Waterproof IP68 Pool Accessories,N/A,N/A,https://www.lazada.com.ph/products/pdp-i4204981376.html
MOYU | Magnetic 2x2 Competition Speed Cube,N/A,N/A,https://www.lazada.com.ph/products/pdp-i15420447621.html
Frisbee golf frame throwing accurate Frisbee frame throwing target frame outdoor professional sports competition group building props,N/A,N/A,https://www.lazada.com.ph/products/pdp-i5302426584.html
American original HackRF One(1MHz-6GHz) SDR radio platform development board shell,N/A,N/A,https://www.lazada.com.ph/products/pdp-i5292621508.html
PowMr MPPT 60A Solar Charger Controller Max PV Input 160VDC 12V 24V 36V 48V Auto With Blacklight LCD Regulator Support Lithium Battery,N/A,N/A,https://www.lazada.com.ph/products/pdp-i4509776550.html
Emergency Ration Compressed Biscuits Coarse Grain Ready to Eat,N/A,N/A,https://www.lazada.com.ph/products/pdp-i15431390809.html
BEISHU | Baby Child Beginner Educational Toy Harmonica,N/A,N/A,https://www.lazada.com.ph/products/pdp-i5387892950.html
【Ntcpefy】Solar Motor Three-Sided Vertical Brushless Motor Magnetic Levitation Teaching Model DIY Scientific Experiment,N/A,N/A,https://www.lazada.com.ph/products/pdp-i15446546926.html
For LV02 74KH/S SHA256 BTC SOLO Miner Lottery Device Crypto Miner ASIC Mining Silent Miner,N/A,N/A,https://www.lazada.com.ph/products/pdp-i5187905740.html
Educational Science DIY Toy,N/A,N/A,https://www.lazada.com.ph/products/pdp-i5404152015.html
【Povhhee】For LV02 74KH/S SHA256 BTC SOLO Miner Lottery Device Crypto Miner ASIC Mining Silent Miner,N/A,N/A,https://www.lazada.com.ph/products/pdp-i15394822195.html
PowMr 2KW 3.2KW Hybrid Solar Inverter 230Vac Built In 80A MPPT Solar Charge Controller PV Start Voltage 30Voc 50/60Hz Auto All In One Solar Inverter,N/A,N/A,https://www.lazada.com.ph/products/pdp-i4510118477.html
new arrival flower design ring 92.5 silver with authentic moissanite,N/A,N/A,https://www.lazada.com.ph/products/pdp-i5248836826.html
16 inch brand gasoline chain saw MS250,N/A,N/A,https://www.lazada.com.ph/products/pdp-i5270401434.html
Yoqu Portable Power Station 800000mAh Outdoor 1000W 220V Portable Solar Generator Fast Charge Large Capacity Inverter,N/A,N/A,https://www.lazada.com.ph/products/pdp-i3846092830.html
STIHL/MAKITA 20/24/36 inches Portable Chainsaw Gasoline 070 Chainsaw Original Steel Mini Power Saw Power Metal Tool,N/A,N/A,https://www.lazada.com.ph/products/pdp-i5250031183.html
Large Outdoor Garden Net Anti-UV Sun Shade Net Thickenden Heavy Duty Shading Net Waterproof Shade Cloth,N/A,N/A,https://www.lazada.com.ph/products/pdp-i5317255111.html
Aoyang High-Quality MPPT Solar Charge Controller 10A/20A/30A/40A/50A/60A 12V/24V with LCD Display & Optional WIFI for 100V Maximum Solar System,N/A,N/A,https://www.lazada.com.ph/products/pdp-i4565131123.html
12 inch Chainsaw Cordless Electric Chainsaw Battery Rechargeable Electric Portable Chain Saw Wood Cutter Wood Fast Cutting Machine Handheld Chainsaw,N/A,N/A,https://www.lazada.com.ph/products/pdp-i3565293179.html
"(DAILY SHIPOUT) Silica Gel Sand for Drying of Flowers Reusable and Self Indicating, Mix White and Orange",N/A,N/A,https://www.lazada.com.ph/products/pdp-i3776356846.html
SODIUM HYPOCHLORITE/ POOL SHOCK/ WATER TANK/ LIQUID CHLORINE/ 12L,N/A,N/A,https://www.lazada.com.ph/products/pdp-i4926879295.html
Main Drain Cover SP-1030 Water Filter Anti-Corrosion Cover Round ABS Swimming Pool Floor Drain Accessories 2 screws,N/A,N/A,https://www.lazada.com.ph/products/pdp-i3929438469.html
3500W Household and business two in one 2800-3300r/min Portable Power Sprayer Pressure Washer 220V for Car Wash With Complimentary soap bottle 10 meters hose and other accessories,N/A,N/A,https://www.lazada.com.ph/products/pdp-i4576889396.html
ELEJOY 14.6V Lifepo4 MPPT Solar Charge Controller 99% MPPT Efficiency Solar Battery Charger,N/A,N/A,https://www.lazada.com.ph/products/pdp-i3260740690.html
【Asolar】150 Watts Solar Panel 18V Solar Panel Full Power Monocrystalline Silicon Solar Panel 200W,N/A,N/A,https://www.lazada.com.ph/products/pdp-i4139570769.html
Aoyang 60A/120A 12V/24V/48V/96V/192V Adaptive MPPT Solar Charge Controller 480V Max Panel Optional WiFi Connection,N/A,N/A,https://www.lazada.com.ph/products/pdp-i4565212158.html
"Ultra-thin 16cm Stainless Steel Swimming Pool Light, Waterproof Swimming Pool Light, Waterproof LED Swimming Pool Light",N/A,N/A,https://www.lazada.com.ph/products/pdp-i5240166651.html
SHINMAX 1.5KW 63cc Gasoline 2-Stroke Power Portable Generator,N/A,N/A,https://www.lazada.com.ph/products/pdp-i4394543373.html
AKASHI 3.5kva 3500w Gasoline Generator Set (GP3500) CALOOCAN TOOLS HARDWARE TRADING,N/A,N/A,https://www.lazada.com.ph/products/pdp-i3449560738.html
Winding Animal Toy for Toddler,N/A,N/A,https://www.lazada.com.ph/products/pdp-i5404113862.html
"Toyohama Portable Generator TH950 650w w/ Frame, Single Phase, 2 Stroke, Manual Start",N/A,N/A,https://www.lazada.com.ph/products/pdp-i1808581553.html
Acrylic Pool Water Descent Waterfall Fountain RGB LED Strip Adjustable Light Swimming Pool Garden Decor,N/A,N/A,https://www.lazada.com.ph/products/pdp-i5167789835.html
Industrial Pneumatic Sander,N/A,N/A,https://www.lazada.com.ph/products/pdp-i15436030351.html
furniture ✻JAPAN TERMINATOR KNAPSACK SPRAYER 2 in 1 Electric Rechargeable and Manual agricultural POWER SPRAY♗,N/A,N/A,https://www.lazada.com.ph/products/pdp-i4494844386.html
For LV02 74KH/S SHA256 BTC SOLO Miner Lottery Device Crypto Miner ASIC Mining Silent Miner,N/A,N/A,https://www.lazada.com.ph/products/pdp-i5219634603.html
4-Wheel Automatic Rebound Ab Roller,N/A,N/A,https://www.lazada.com.ph/products/pdp-i5404036359.html
【18BB】620 Watts Monocrystalline Solar Panel Generation 3.7kWh Every Day【FULL POWER Promise】,N/A,N/A,https://www.lazada.com.ph/products/pdp-i4086579148.html
4000W 220V/60Hz Generator Gasoline Portable 4 Stroke Single-Phase Generator Manual Electric Start Port,N/A,N/A,https://www.lazada.com.ph/products/pdp-i5330914192.html
Swimming Pool Overflow Grid Non-slip Board Water Drain Grille Swimming Pool Equipment Accessories,N/A,N/A,https://www.lazada.com.ph/products/pdp-i5210851576.html
[tfsdfvd]Upgrade Miner 92KH/S with 2.8 Inch Color Screen BTC Solo Lottery Mining Miner Bitcoin BTC Miner Miner,N/A,N/A,https://www.lazada.com.ph/products/pdp-i15433737340.html
Educational DIY Science Experiment Kit,N/A,N/A,https://www.lazada.com.ph/products/pdp-i15421534826.html
Boutique bamboo fruit basket handmade bamboo woven basket home storage basket vegetable basket egg steamed bread storage basket bamboo basket,N/A,N/A,https://www.lazada.com.ph/products/pdp-i5292423287.html
ZUOLEJIA | High Torque Outer Rotor Frameless Brushless Motor,N/A,N/A,https://www.lazada.com.ph/products/pdp-i15432674015.html
SimpleFOC integrated brushless servo motor Simple FOC small integrated drive board kit,N/A,N/A,https://www.lazada.com.ph/products/pdp-i5045616639.html
【XINJIA】For LV02 74KH/S SHA256 BTC SOLO Miner Lottery Device Crypto Miner ASIC Mining Silent Miner,N/A,N/A,https://www.lazada.com.ph/products/pdp-i15395059952.html
14-inch lithium clothes rack trolley steel rack loaded manned rack bold solid steel rack hanger rear seat,N/A,N/A,https://www.lazada.com.ph/products/pdp-i5282540128.html
Circuit breaker nsnsnsx CVS 100-1600a manual operating mechanism extends rotating handle GV2 manual operating mechanism.,N/A,N/A,https://www.lazada.com.ph/products/pdp-i5075196203.html
Waterproof Transformer 220V to AC12V Underwater Light Swimming Pool 50W 105W,N/A,N/A,https://www.lazada.com.ph/products/pdp-i5210912534.html
[tfsdfvd]DIY Scientific Experiment Magnetic Levitation Solar Motor Three-Sided Vertical Brushless Motor Teaching Model,N/A,N/A,https://www.lazada.com.ph/products/pdp-i15430678250.html
KC1500 Gasoline Generator 1200W Air-cooled/Open Type 4Stroke Single Cylinder - Manual Start,N/A,N/A,https://www.lazada.com.ph/products/pdp-i767430445.html
VEGETABLE SEEDS / HIGH QUALITY ( Mustasa | Pechay | Kangkong | Carrot | Sitaw ),N/A,N/A,https://www.lazada.com.ph/products/pdp-i3149545054.html
Electric Xiaoer outdoor power supply rental rental 2200w mobile 220v large capacity go on road trip portable parallel 1100W.,N/A,N/A,https://www.lazada.com.ph/products/pdp-i5045952999.html
"TMOTOR AT4130, brushless motor for outer rotor of power model motor of vertical take-off and landing fixed-wing aircraft",N/A,N/A,https://www.lazada.com.ph/products/pdp-i5154010766.html
Kaiqiang supply snow blower vegetable seeder gearbox marine lawn mower agricultural machinery pesticide vehicle gearbox.,N/A,N/A,https://www.lazada.com.ph/products/pdp-i4791040833.html
Buy 1 item to get Free gift NSS 220V 100/150/200/300/500W Solar Generator Outdoor Power Station Portable Large Capacity Support Solar Panel Charging Power Bank,N/A,N/A,https://www.lazada.com.ph/products/pdp-i3469158429.html
Edger Blade Grass Cutter Brush Cutter blade 2t for 2 Stroke and 4 Stroke 2t 3t 4t 8t Durable,N/A,N/A,https://www.lazada.com.ph/products/pdp-i5368219278.html
Jie Star | City Gas Reserve Construction Vehicle Assembling Toy,N/A,N/A,https://www.lazada.com.ph/products/pdp-i5378802602.html
GARDEN NET / 1 ROLL / 8FT x 10/20/30 METERS / DRYNET / SHADING NET / POULTRY NET / POOL NET / MUSHRO,N/A,N/A,https://www.lazada.com.ph/products/pdp-i4714511619.html
10PCS-20PCSstainless wall spike 1.25m spikes fence wall spikes steel anti climb fence anti climb spikes anti climb spike fence metal security spikes fence metal spike fence barrier outdoor outdoor fences for garden school balcony anti theft anti cat,N/A,N/A,https://www.lazada.com.ph/products/pdp-i4411703163.html
GUANGHEYUAN | Bifacial Monocrystalline Solar Panel 580W,N/A,N/A,https://www.lazada.com.ph/products/pdp-i5401893754.html
AQUAPRO Telescopic Pool Pole - smart series 8ft / 12ft / 16ft,N/A,N/A,https://www.lazada.com.ph/products/pdp-i1866538417.html
[Real Watt] BIG BRAND SOLAR PANEL Monocrystalline Solar Panel IP67 Waterproof Strong Sun Power Monocrystalline,N/A,N/A,https://www.lazada.com.ph/products/pdp-i4732474568.html
FLOWATT 4.2KW MPPT Off-Grid/On-Grid Hybrid Inverter 24Vdc 230VAC PV Panel Input 500Vdc Pure Sine Wave Solar Inverter Built-in 120A Solar Charger with RBG Light Can Work Without Battery,N/A,N/A,https://www.lazada.com.ph/products/pdp-i4512987784.html
BOSCA 5 Year Warranty 120W Solar Panel Mono 120 Watt 12 Volt Pv Solar Module Solar Cell Panel BOSCA-NEW,N/A,N/A,https://www.lazada.com.ph/products/pdp-i1506430630.html
"Complete 6000W Solar System for Home & RV | Includes 100A Charge Controller, Inverter & 5V/USB for Smart Devices",N/A,N/A,https://www.lazada.com.ph/products/pdp-i15437734713.html
New Nerdminer V3 2.8-Inch BTC Solo Lottery Nerd Miner Crypto Solo Mining Machine,N/A,N/A,https://www.lazada.com.ph/products/pdp-i4947082014.html
TYLEX XP2000 Solar Power Station Solar Generator 1102.5Wh AC2000W High Capacity Pure Sine Wave for Home Backup Camping Emergency LiFePO4 LMFP,N/A,N/A,https://www.lazada.com.ph/products/pdp-i15496067344.html
Practical Design and Application Technology of Permanent Magnet Brushless DC Motor Qiu Guoping's Permanent Magnet Brushless Motor and Permanent Magnet Synchronous Motor Design Popularize and Improve Vocational Skills Industrial Technology Shanghai Science,N/A,N/A,https://www.lazada.com.ph/products/pdp-i5148441513.html
Multifunctional Portable 220V/800W Power Station Outdoor Solar Generator 788000mAh Large Capacity,N/A,N/A,https://www.lazada.com.ph/products/pdp-i15448285687.html
"PaulWeekend Portable 220V Power Station with High Capacity for Outdoor Camping, Live Streaming, Car Travel and Emergency Backup",N/A,N/A,https://www.lazada.com.ph/products/pdp-i15446838182.html
MOYU | Competitive Magnetic Speedcubes Set,N/A,N/A,https://www.lazada.com.ph/products/pdp-i15433009708.html
GARRYFIZH Maglev Wind Turbine Generator Low Vibration Vertical Wind Turbine 500W Dual Bearing for Industries,N/A,N/A,https://www.lazada.com.ph/products/pdp-i15498869105.html
Zhiying power RCINPOWER SmooX 2306 Plus motor traversing machine freestyle brushless motor,N/A,N/A,https://www.lazada.com.ph/products/pdp-i5050967210.html
Zhipu | Cordless Electric Chainsaw,N/A,N/A,https://www.lazada.com.ph/products/pdp-i15393339949.html
DIY Magic Cube Mini House Model Kit,N/A,N/A,https://www.lazada.com.ph/products/pdp-i15418630512.html
Automatic Inflation Outdoor Air Bed,N/A,N/A,https://www.lazada.com.ph/products/pdp-i15438190565.html
Educational DIY Science Experiment Set,N/A,N/A,https://www.lazada.com.ph/products/pdp-i5370938728.html
sorthome | Vacuum Generator,N/A,N/A,https://www.lazada.com.ph/products/pdp-i15423158425.html
ZUOLEJIA | Ventilator Fan,N/A,N/A,https://www.lazada.com.ph/products/pdp-i15442806053.html
Power Station Portable 220v 200w With Solar Panel Multi-function Big Capacity Generator Outdoor Travel Home Emergency,N/A,N/A,https://www.lazada.com.ph/products/pdp-i15471131007.html
EcoFlow 240Wh River 2 Portable Station Solar Generator with LiFeP04 Quick Charge in 1 Hour Up to 600 W for Emergency Camping Motor Homes Home,N/A,N/A,https://www.lazada.com.ph/products/pdp-i15447911110.html
PowMr 200W Flexible Solar Panel Monocrystalline Solar Cell DIY Cable Outdoor Car RV Waterproof Rechargeable Power System,N/A,N/A,https://www.lazada.com.ph/products/pdp-i4477629469.html
QM2812 2212 920 980KV brushless motor 2212 model airplane quadrotor motor with 450.,N/A,N/A,https://www.lazada.com.ph/products/pdp-i5122729369.html
Full Copper Diesel Generator Set 24KW Three Phase 380V220 Single Machine Ball Bearing Home Use Fixed Installation Generator,N/A,N/A,https://www.lazada.com.ph/products/pdp-i5264679635.html
Material Drying Fan,N/A,N/A,https://www.lazada.com.ph/products/pdp-i15416904958.html
HUNIU Slow Start 220V Single-phase Motor Soft Starter Multifunctional intelligent Fan Pump Pressure Reducer Conveyor 4KW Durability Soft Start Module Water Pump,N/A,N/A,https://www.lazada.com.ph/products/pdp-i15472400536.html
Fixed wing motor of model helicopter brushless motor crossing machine 1912 2500kv 2308 1000kv,N/A,N/A,https://www.lazada.com.ph/products/pdp-i4999980565.html
삼정크린마스터 | Foldable Large Spin Mop Cleaner Set,N/A,N/A,https://www.lazada.com.ph/products/pdp-i15414272116.html
AOBIXIONG | Portable Inflatable-free Swimming Pool for Adults and Babies Indoor Outdoor,N/A,N/A,https://www.lazada.com.ph/products/pdp-i15387307117.html
"INKBIRD Smart Water Temperature Sensors Swimming Pool Temperature Meter IBS-P01R With LCD Screen Max/Min Temperature Display for Pools, Spa, Hottub, Aquarium",N/A,N/A,https://www.lazada.com.ph/products/pdp-i3062304197.html
Meterk Solar Micro Inverter 400W Anti Reverse Connection Solar Grid Tie Micro Inverter Efficient Heat Dissipation for Home,N/A,N/A,https://www.lazada.com.ph/products/pdp-i15483000175.html
[LAWY]D2822 Brushless Motor Brushless Outer Rotor Motor Suitable for Remote Control Multi-Rotor Fixed-Wing Aircraft,N/A,N/A,https://www.lazada.com.ph/products/pdp-i15447939496.html
Hand-cranked Generator Portable High Power Hand-cranked Charging Generator USB Charging Emergency Dynamotor,N/A,N/A,https://www.lazada.com.ph/products/pdp-i4879765753.html
sorthome | Vacuum Breaker Generator,N/A,N/A,https://www.lazada.com.ph/products/pdp-i15421958104.html
"Bestway Flowclear Cartridge Filter Pump (1500gph) ( 220-240V~50HZ, 86W ) Compatible with: Intex Pools (Tags: Bestway Filter Pump, Pump Filter 1500 gph )",N/A,N/A,https://www.lazada.com.ph/products/pdp-i4422345119.html
IRF3205 MOSFET Dual Motor Driver Module Board Durable Braking Obvious Practical for Pwm Modulation Withstand High Current Overload,N/A,N/A,https://www.lazada.com.ph/products/pdp-i4895472735.html
Male Drilling Soil Water Well Drilling Super Hard Alloy Drill Bit/Electric Drilling Rig For Soil Formation In Water Well Drilling,N/A,N/A,https://www.lazada.com.ph/products/pdp-i5108565861.html
【🇵🇭LOCAL SHIP】40 * 40cm DIY Square Garden Path Concrete Plastic Brick Mold Paving Propylene Pavement Walkway Garden Buildings Accessories,N/A,N/A,https://www.lazada.com.ph/products/pdp-i4465754768.html
Swimming pool light Underwater Decor RGB SMD LED Submersible Light remote control Dimmable IP68 Waterproof Lamp Fountain Landscape water parks pool accessories air water nozzle jetspa no sloar AC12V for Swimming Pool Outdoor Pond Lamp 18W--25W-45W,N/A,N/A,https://www.lazada.com.ph/products/pdp-i3678990648.html
Underwater Lights IP68 Waterproof Stainless Steel LED Swimming pool light RGB Colorful Lamp for Swimming Pool / for Swimming Pool Spa Hot Spring / Engineering lights / Fountain Spotlight / Landscape / Pond / Outdoor / Garden/Decoration / Lawn AC12V with,N/A,N/A,https://www.lazada.com.ph/products/pdp-i4013374345.html
BOSCA Pure Sine Wave Inverter Super Heavy Duty BPS 300W 500W 1000W 1500W 2000W 12V 24V Power inverter DC12V TO AC220V W/USB 5V/2A(Original),N/A,N/A,https://www.lazada.com.ph/products/pdp-i4100079729.html
【 Free Ship 】Emauxi Pool Water Descent Spillway Waterfall Fountain Acrylic RGB LED Light for Swimming Pool & Garden,N/A,N/A,https://www.lazada.com.ph/products/pdp-i4984788703.html
Garden Underground Light RGB Flood Light Pool Fountain Aquarium LED Swimming Pool Underwater Light IP68 Waterproof,N/A,N/A,https://www.lazada.com.ph/products/pdp-i4204998500.html
220V 200W Portable Solar Power Station 78800mAh with Dual USB Ports and Universal Plug for Outdoor Emergency and Gardening,N/A,N/A,https://www.lazada.com.ph/products/pdp-i4101186650.html
LX swimming pool air pump spa blower sauna baby spa pool massage bathtub with thermal protector home massage,N/A,N/A,https://www.lazada.com.ph/products/pdp-i4187936947.html
DOKIO Solar Panel Battery with inverter Set home 3000w Power Inverter Converter DC12v to AC 220v 18v Solar Panel /USB 5v+ Solar Charge Controller 60A/100A,N/A,N/A,https://www.lazada.com.ph/products/pdp-i3217258393.html
Creative Educational Science Kit for Students,N/A,N/A,https://www.lazada.com.ph/products/pdp-i15428377085.html
Insect Exploration Scientific Experiment Kit Educational Toy,N/A,N/A,https://www.lazada.com.ph/products/pdp-i15425257129.html
Portable 109600mAh Large Capacity Power Station 220V 350W Multifunctional Solar Generator ..,N/A,N/A,https://www.lazada.com.ph/products/pdp-i4987022286.html
500W Max DC 12V/24V Wind Turbine Generator Battery Charge Controller,N/A,N/A,https://www.lazada.com.ph/products/pdp-i15483964353.html
Magnetic Track Building Blocks for Girls 6-10 Years,N/A,N/A,https://www.lazada.com.ph/products/pdp-i15414331938.html
RA60020 lulu,N/A,N/A,https://www.lazada.com.ph/products/pdp-i5130145650.html
Assembled Educational Track Car,N/A,N/A,https://www.lazada.com.ph/products/pdp-i15429029973.html
Hand-cranked generator Small household high-power outdoor portable USB mobile phone computer 12V power failure emergency charger,N/A,N/A,https://www.lazada.com.ph/products/pdp-i5157460053.html
HUAZHI | Educational Assembly Wheel Parts for Building Blocks,N/A,N/A,https://www.lazada.com.ph/products/pdp-i15423272488.html
KINGKONG 3.7V lithium battery five-way parallel charger tiny6 7 horizon inductrix outdoor.,N/A,N/A,https://www.lazada.com.ph/products/pdp-i5292217459.html
PowMr 4.2kw/6.2kw On-grid/Off-grid Hybrid Inverter 24Vdc/48Vdc 230VAC Pure Sine Wave Solar Inverter Built in 120A MPPT Solar Controller Support Lifepo4 Battery RGB Light One-click Repair Function,N/A,N/A,https://www.lazada.com.ph/products/pdp-i2621416902.html
12V24V36V48V60V72V220V low-speed three-phase brushless AC wind generator 200 watt hydraulic power,N/A,N/A,https://www.lazada.com.ph/products/pdp-i4993158905.html
Hand-cranked generator outdoor mobile power supply 220V large-capacity power storage treasure 150W outdoor camping power supply for household appliances.,N/A,N/A,https://www.lazada.com.ph/products/pdp-i4538302051.html
Complete collection of gasoline generator parts 2kw3kw single-phase generator stator rotor electric ball pure copper motor coil,N/A,N/A,https://www.lazada.com.ph/products/pdp-i5269946137.html
"TMOTOR AT4130, brushless motor for outer rotor of power model motor of vertical take-off and landing fixed-wing aircraft",N/A,N/A,https://www.lazada.com.ph/products/pdp-i5023117416.html
The aluminum shell of inverter servo motor 800W brake resistance aging regenerative discharge resistance starts to discharge.,N/A,N/A,https://www.lazada.com.ph/products/pdp-i5042861266.html
Climbing Simulation Electric Winch,N/A,N/A,https://www.lazada.com.ph/products/pdp-i15449933671.html
Citycal Engineering Calculator Electronic Calculator,N/A,N/A,https://www.lazada.com.ph/products/pdp-i5326835720.html
【UniRax】 360 Degree Rotation Wind Turbine Model Wind Generator Kit Hands-on Practice 【Ready Stock】,N/A,N/A,https://www.lazada.com.ph/products/pdp-i15468886347.html
[LAGOGOLA] Hands-On Wind Turbine Kit for Teachers Demonstrating Renewable Power Generation [Brand New High Quality],N/A,N/A,https://www.lazada.com.ph/products/pdp-i15468782771.html
Authentic Taibang 24V20W DC Motor/Brush GPG-05SC/3CN-40K Crossing Gate Motor,N/A,N/A,https://www.lazada.com.ph/products/pdp-i5134842767.html
Stainless Steel Wheels,N/A,N/A,https://www.lazada.com.ph/products/pdp-i15440011523.html
3V-24V Three-Phase Alternator Brushless Wind Turbine Generator For Microwind Hand Friction Power System Supplies Accessories,N/A,N/A,https://www.lazada.com.ph/products/pdp-i15490598565.html
Diesel generator set 3kw5/8/12/15kW/20/24/30kW three-phase 380V220 single electric ball.,N/A,N/A,https://www.lazada.com.ph/products/pdp-i5021621273.html
【Planet age】Scientific Experiment Teaching Model Magnetic Levitation Solar Motor Three-Sided Vertical Brushless Motor DIY,N/A,N/A,https://www.lazada.com.ph/products/pdp-i15446556958.html
Diesel generator set Small horizontal bar direct-connected generator set Three-phase for household small diesel generator on site,N/A,N/A,https://www.lazada.com.ph/products/pdp-i5069783253.html
"18 inch aluminum-plastic brush for underwater cleaning of walls, floors, and swimming pool accessories (rodless)",N/A,N/A,https://www.lazada.com.ph/products/pdp-i4944903107.html
Baumann Living Food Dehydrator,N/A,N/A,https://www.lazada.com.ph/products/pdp-i5224221838.html
Silent Gerbil Running Wheel,N/A,N/A,https://www.lazada.com.ph/products/pdp-i15393140171.html
220v high-power small generator 3000W single-phase brushless excitation synchronous alternator frequency 50HZ.,N/A,N/A,https://www.lazada.com.ph/products/pdp-i5037017520.html
5000W 6000W 8000W Pure Sine Wave Inverter DC 12V 24V To AC 220V Off Grid Inverter Portable Converter Solar Car Inverter Transformer,N/A,N/A,https://www.lazada.com.ph/products/pdp-i3699708845.html
Dual Glass 200 Watts 18BB Solar Panel 12V/18V New Monocrystalline Silicon 200W Solar Panel Full Power,N/A,N/A,https://www.lazada.com.ph/products/pdp-i5250933152.html
Hornet High Pressure Washer,N/A,N/A,https://www.lazada.com.ph/products/pdp-i4550522835.html
[Real Watt] BIG SOLAR PANEL Monocrystalline Solar Panel IP67 Waterproof Strong Sun Power Monocrystalline,N/A,N/A,https://www.lazada.com.ph/products/pdp-i4645176219.html
【3PCS】200watts Solar Panel Dual Glass 10Years Guaranty Generate 1.2kwh For Your House Life,N/A,N/A,https://www.lazada.com.ph/products/pdp-i4149974997.html
Swimming pool light Stainless Steel Underwater lamp waterproof IP68 AC12V hotel holiday village villa outdoors pool lights Landscape fountain Spotlights Under Water Light for Pool With Remote Control swimmingpool accessories 18W/25W/35W/45W pool lights,N/A,N/A,https://www.lazada.com.ph/products/pdp-i3775691692.html
Pecron PV100W/PV200W Portable Foldable Outdoor Camping Monocrystalline Silicon Solar Panel for E300LFP/E600LFP/E1500LFP,N/A,N/A,https://www.lazada.com.ph/products/pdp-i3928939960.html
DOKIO Solar System 4000W Inverter Built-in 12V Solar Battery 12V Solar Panel or Power Inverter Solar Converter Modified Sine Wave DC 12V to AC 220V,N/A,N/A,https://www.lazada.com.ph/products/pdp-i3235757710.html
"800W/1000W/1200W Single Phase Hybrid Micro Inverter PV input 20-60V Output 180~265VAC with WiFi Monitoring & Anti-Backflow, Limiter Sensor Dual Input for Solar PV/Battery, Grid-Tie Energy Storage System",N/A,N/A,https://www.lazada.com.ph/products/pdp-i5067306252.html
10.2kw MPPT Solar Inverter Off Grid Inverter 48V 500VDC Hybrid Inverter MPPT Pure Sine Wave Inverter with 160A Controller Hybrid Inverter DC to AC Converter,N/A,N/A,https://www.lazada.com.ph/products/pdp-i3610180929.html
3KW/4.2KW/6.2KW MPPT Hybrid Inverter Solar Inverter 24V 48V Hybrid Power Inverter MPPT 230VAC Pure Sine Wave Inverter Off Grid Inverter Hybrid Inverter DC to AC Converter,N/A,N/A,https://www.lazada.com.ph/products/pdp-i3498018350.html
HONDA Grass Cutter GX35 4 Stroke Grass Trimmer High-Powerful Cordless Gasoline Grass Cutter Premium 4-Stroke System for Reliable & Long-Lasting Grass Trimming,N/A,N/A,https://www.lazada.com.ph/products/pdp-i5300421668.html
Flowatt Hybrid Solar Inverter 3kw inverter 24v hybrid Off Grid Hybrid 12V/24V 230V Inverter Built in 1.8kw 80A MPPT Controller Pure Sine Wave Inverter 50/60Hz solar controller grid tie inverter Can be used for water pumps,N/A,N/A,https://www.lazada.com.ph/products/pdp-i4045941042.html
Zamdon Toroidal Off-grid Inverter 48V6000W,N/A,N/A,https://www.lazada.com.ph/products/pdp-i4095892746.html
BOSCA 60W Solar Panel Mono 60 Watt 12 Volt Pv Solar Module Solar Cell Panel (Original) 5 Years Warranty,N/A,N/A,https://www.lazada.com.ph/products/pdp-i4015684081.html
KKmoon Portable Solar Generator Outdoor Camping Illumination System BT MP3 Radio Polycrystalline Solar-panel with 3pcs LED Lights,N/A,N/A,https://www.lazada.com.ph/products/pdp-i3212392330.html
GARRYFIZH 1000W Pure Sine Wave Inverter Grid MPPT Solar Power Inverter,N/A,N/A,https://www.lazada.com.ph/products/pdp-i15478989881.html
HanTech Solar Panel 60/100/160/210 300 Watts Outdoor Waterproof Sunday Power Monocrystalline Silicon Daily,N/A,N/A,https://www.lazada.com.ph/products/pdp-i3776164867.html
Zamdon Off-grid Inverter 48V10KW,N/A,N/A,https://www.lazada.com.ph/products/pdp-i4104606686.html
Stainless Steel Swimming Pool Step Ladder with Built-in P Shaped Grab Rail 1/2/3/4/5-step,N/A,N/A,https://www.lazada.com.ph/products/pdp-i5191971285.html
Speed Variable Flywheel,N/A,N/A,https://www.lazada.com.ph/products/pdp-i15449823877.html
Variable Frequency Converter VFD Inverter 220V Single Phase for 3-Phase Motor Speed Controller,N/A,N/A,https://www.lazada.com.ph/products/pdp-i4991141580.html
60W 80W 100W Foldable Solar Panel 5V USB Portable Folding Bag Battery Charger for Phone Outdoor Camping Waterproof Power Bank,N/A,N/A,https://www.lazada.com.ph/products/pdp-i4944488426.html
Fityle Oxygen Inhaler Oxygen Regulator 1-100MPa Pressure Reducer Gauge Flow Meter,N/A,N/A,https://www.lazada.com.ph/products/pdp-i2267594088.html
Portable Diesel Generator Germany Technology 3500W Manual Start/Electric Start Generator Engine,N/A,N/A,https://www.lazada.com.ph/products/pdp-i3429425469.html
【Latest model】Upgrade Miner 92KH/S with 2.8 Inch Color Screen BTC Solo Lottery Mining Miner Bitcoin BTC Miner Miner,N/A,N/A,https://www.lazada.com.ph/products/pdp-i15434980599.html
String of Donkey Live Plant,N/A,N/A,https://www.lazada.com.ph/products/pdp-i5265835054.html
evesigar | Moveable Book Storage Shelf,N/A,N/A,https://www.lazada.com.ph/products/pdp-i15399080180.html
battery for vivo y02 y02s B-W1,N/A,N/A,https://www.lazada.com.ph/products/pdp-i5341847933.html
3KW Hybrid Solar Inverter 24V Hybrid Inverter Hybrid Off Grid Inverter Built in MPPT Solar Charger 30V to 400V Wide PV Voltage Input Range,N/A,N/A,https://www.lazada.com.ph/products/pdp-i4046070887.html
AQUAPRO Heavy Duty Pool Surface Wall Skimmer 15L - Standard,N/A,N/A,https://www.lazada.com.ph/products/pdp-i4072030800.html
【liuxiaomei】Upgraded Miner 500Gh/S Solo Lottery BTC Miner BM1366 ASIC Chip Lottery Mining MinerHope you have a pleasant shopping experience<br><br>,N/A,N/A,https://www.lazada.com.ph/products/pdp-i5350300938.html
Lepmerk Grid Tie Micro Inverter Aluminum Alloy APP Control 400W Solar Micro Inverter Anti Reverse Connection for Home,N/A,N/A,https://www.lazada.com.ph/products/pdp-i15459067732.html
EcoFlow 220W Lightweight Portable Solar Panel Padded Bag,N/A,N/A,https://www.lazada.com.ph/products/pdp-i15453252454.html
ZANGLAOMIAO | Electric Tibetan Prayer Wheel For Home Decoration,N/A,N/A,https://www.lazada.com.ph/products/pdp-i5290481656.html
【XIXINBO】 21V Brushless Motor Assembly for 21V Electric Weeding Machine Replacement [New Products Hot Sale],N/A,N/A,https://www.lazada.com.ph/products/pdp-i15497158414.html
Swimming pool pump HLS Self 0.75HP/1HP/1.5HP/2.0HP 220V/50HZ Silent and energy-saving priming circulating water pump,N/A,N/A,https://www.lazada.com.ph/products/pdp-i5299287605.html
Pic it | Educational Magnetic Tiles Building Toy with Train,N/A,N/A,https://www.lazada.com.ph/products/pdp-i15426364098.html
GARDEN NET / 8FT x 10 METERS / DRYNET / SHADING NET / POULTRY NET / POOL NET / MUSHROOM NET / GREENHOUSE NET / ALL-PURPOSE NET,N/A,N/A,https://www.lazada.com.ph/products/pdp-i15438372759.html
Transformer AC220V to AC12V AC24V 15W-400W IP68 Waterproof Underwater swimming pool light Driver adapter Resin sealing,N/A,N/A,https://www.lazada.com.ph/products/pdp-i3388715501.html
【New】AOYANG 1.6KW 3.2KW 4.5KW 6.2KW Hybrid Solar Inverter Built In 100A MPPT 12V/24V/48V System 220V/60hz,N/A,N/A,https://www.lazada.com.ph/products/pdp-i5164683349.html
Flowatt 1KW 1.5KW Off-grid Hybrid Solar inverter 12V 24V 220V Pure Sine Wave Hybrid inverter Solar Inverter MPPT 80A Solar Charge Controller Max PV 150VDC,N/A,N/A,https://www.lazada.com.ph/products/pdp-i4109453220.html
Underwater pool lights RGB SMD LED light remote control Dimmable IP68 Waterproof Engineering lights Outdoor Garden Lawn Lamp Fountain Landscape water parks pool accessories air water nozzle jetspa no sloar AC12V Underwater Lamp Swiming pool light,N/A,N/A,https://www.lazada.com.ph/products/pdp-i3803311001.html
18W-45W blue Swimming pool lights Underwater 360 LED RGB Waterproof Fountain Landscape water parks with remote control AC12V,N/A,N/A,https://www.lazada.com.ph/products/pdp-i4822468681.html
"Portable Power Supply Station 220V with Pure Sine Wave Output, 60W Emergency Energy Backup for Camping and Travel",N/A,N/A,https://www.lazada.com.ph/products/pdp-i4913257779.html
Stainless Steel Swimming Pool Step Ladder with Built-in P Shaped Grab Rail 2/5-step,N/A,N/A,https://www.lazada.com.ph/products/pdp-i5049334554.html
HYCKUPS | Integrated Solar PV Inverter 220V Grid Tie Off Home Use,N/A,N/A,https://www.lazada.com.ph/products/pdp-i15465296084.html
AQUATEX Silica Sand for Pool Sand Filter,N/A,N/A,https://www.lazada.com.ph/products/pdp-i566248462.html
Pressure Washer Heavy Duty Portable Wireless Car Washer 48V -128V High power spray Water Gun Can Rechargeable Cordless Pressure Washer Spray Gun Rechargable Sale Lithium Battery Charge Car Washing Electric Tool Car Washer High Pressure 220v Made In Japan,N/A,N/A,https://www.lazada.com.ph/products/pdp-i4117571172.html
18W/45W Swimming Pool Light Stainless Steel Underwater Decoration Waterproof Fountain Landscape Light RGB Underwater light,N/A,N/A,https://www.lazada.com.ph/products/pdp-i3286824222.html
Snowflake 220V permanent magnet DC motor bag-making machine discharge motor 1700 rpm high power 300/500W vertical and horizontal.,N/A,N/A,https://www.lazada.com.ph/products/pdp-i4880585194.html
"【Hot Sale】Emergency Radio, 2000mAh Battery Hand Crank Radio Solar Charger Power Bank USB AM/FM Radio with SOS Alert Flashlight, 3-Way Charging Emergency Radio, Small Pocket Radio for Indoor and Outdoor Camping",N/A,N/A,https://www.lazada.com.ph/products/pdp-i15446720883.html
Magnetic Floating 3D Magnetic Puzzle Toy,N/A,N/A,https://www.lazada.com.ph/products/pdp-i15436246363.html
Give money and you will get a vibrato explosion in the Year of the Rabbit. Children's intelligent electric flying rabbit baby toys aged 1-3.,N/A,N/A,https://www.lazada.com.ph/products/pdp-i5279721068.html
"Adult Large Bracket Swimming Pool, Thickened Indoor/Outdoor Pool, Heavy-Duty Family Water Pool for Garden & Backyard",N/A,N/A,https://www.lazada.com.ph/products/pdp-i5338663773.html
"Mini 4wd DA XING kits FMASFM,TZXS2 chassis for display and collection no return or refund",N/A,N/A,https://www.lazada.com.ph/products/pdp-i4921271903.html
gumahus | Monocrystalline Outdoor Power 6V Solar Panel,N/A,N/A,https://www.lazada.com.ph/products/pdp-i15401208033.html
21-tone kalimba crystal transparent thumb piano finger piano beginner girl Kabarin beginner musical instrument,N/A,N/A,https://www.lazada.com.ph/products/pdp-i5294582898.html
Mitsushi Gasoline Generator High-power Portable Quality Ultra Power Generator Backup Power,N/A,N/A,https://www.lazada.com.ph/products/pdp-i4999533553.html
IFlight Wings Flying XING2 1404 3000/3800/4600KV Motor 4FPV Motor,N/A,N/A,https://www.lazada.com.ph/products/pdp-i5123277589.html
Electromagnetic braking motor for single-beam traveling crane yeseysz 0.8kw 1.5kw 2.2kw Nanjing soft start motor,N/A,N/A,https://www.lazada.com.ph/products/pdp-i4931579128.html
Mini Festival Gift Flying Disc,N/A,N/A,https://www.lazada.com.ph/products/pdp-i5404155399.html
200W Portable Solar Power Station Emergency Backup Generator for Brownout WiFi Router Laptop,N/A,N/A,https://www.lazada.com.ph/products/pdp-i5397135136.html
Solar generator 93600mAh 350W 220V Outdoor power supply Solar generator Large capacity high power pure sine wave outdoor camping power supply Portable power supply Camping generator generator Portable self driving tour camping picnic power supply,N/A,N/A,https://www.lazada.com.ph/products/pdp-i1972437681.html
AKASHI 1.5kva 1500w Gasoline Generator Set (GP1500) CALOOCAN TOOLS HARDWARE TRADING,N/A,N/A,https://www.lazada.com.ph/products/pdp-i3445648496.html
Portable Solar Power Emergency Power Supply for Home and Outdoor,N/A,N/A,https://www.lazada.com.ph/products/pdp-i15425163223.html
Automatic Inflating Air Bed,N/A,N/A,https://www.lazada.com.ph/products/pdp-i15440107289.html
DAIHOKU Grass Cutter Blade,N/A,N/A,https://www.lazada.com.ph/products/pdp-i5246194281.html
Family Friendly Flying Toy,N/A,N/A,https://www.lazada.com.ph/products/pdp-i5403944436.html
Multipurpose 220V Solar Panel 100W,N/A,N/A,https://www.lazada.com.ph/products/pdp-i15409375140.html
TAOZIAWA | Inflatable Pool Outdoor Folding Heavy Duty,N/A,N/A,https://www.lazada.com.ph/products/pdp-i15397332131.html
Portable Crank Generator High Power Hand-cranked Charging Generator USB Charging Emergency Dynamotor Camping Survival Tool,N/A,N/A,https://www.lazada.com.ph/products/pdp-i4879934019.html
I'VE | Kitchen Salad Dehydrator,N/A,N/A,https://www.lazada.com.ph/products/pdp-i15391744322.html
Swimming Pool Waterfall Feature Faucet Pool Water Features Waterfall Water Descent Pool Fountain,N/A,N/A,https://www.lazada.com.ph/products/pdp-i5361745361.html
Compatible Building Blocks Curved Windscreen,N/A,N/A,https://www.lazada.com.ph/products/pdp-i15417625987.html
24V Worm Gear Motor Motor Electric Billboards for Industrial Fields Small Pumps Electric Window,N/A,N/A,https://www.lazada.com.ph/products/pdp-i5015532428.html
MAPH Series High-Load Pitch and Yaw Mounting Platform / ±2° Pitch / ±2° Yaw,N/A,N/A,https://www.lazada.com.ph/products/pdp-i15497637023.html
Quick Release Bearing Wheel Set,N/A,N/A,https://www.lazada.com.ph/products/pdp-i5404295012.html
Silent gasoline generator Small 24v parking air conditioning truck 24V DC car portable,N/A,N/A,https://www.lazada.com.ph/products/pdp-i4631403508.html
for Miner 500Gh/S BM1366 ASIC Chip Lottery Mining Miner Solo Lottery BTC Miner,N/A,N/A,https://www.lazada.com.ph/products/pdp-i15434526328.html
14inch Vacuum Head Underwater Practical Cleaning brush Swimming pool suction head Brush,N/A,N/A,https://www.lazada.com.ph/products/pdp-i4351426434.html
"NT Swimming Pool Brush, 18 Inch Heavy Duty Swimming Floor & Wall Pool Brush, Reinforced Curved Ends",N/A,N/A,https://www.lazada.com.ph/products/pdp-i3223352063.html
NANWEI | Cordless Brushless Lithium Electric Chainsaw,N/A,N/A,https://www.lazada.com.ph/products/pdp-i5328552458.html
Pool Lights led 12V Stainless Steel IP68 RGB Swimming Pool Light Underwater Waterproof lamp Under Water for 18/25/35/45W,N/A,N/A,https://www.lazada.com.ph/products/pdp-i3822096079.html
"STEEL GRATING (HOT DIPPED GALVANIZED) , MAN HOLE COVER, DRAINAGE COVER 20x100cm, 30x100cm, PANG-TAKIP SA KANAL/ PANG-TAKIP SA MAN HOLE, cover sa drainage ng pool",N/A,N/A,https://www.lazada.com.ph/products/pdp-i4320961094.html
"【Gold Deal】DEKES Portable Gasoline Generator,generator engine,household miniature gasoline generator with low noise ,4 Stroke 3500W Engine Open Type Manual Start OHV Air Cooled generator mini For Outing Brownout Agriculture Construction Unleaded",N/A,N/A,https://www.lazada.com.ph/products/pdp-i2476667685.html
【18BB】100/200 Watts Solar Panel Dual Glass Full Power Monocrystalline Silicon Solar Panel 18V 24V Solar Panel,N/A,N/A,https://www.lazada.com.ph/products/pdp-i3252908004.html
【Original 】Germany Chainsaw 36/24/20 Inches Model-MS070 Portable High Power Saw Made in Germany Outdoor Power Tools Chain Saw Mini ChainSaw,N/A,N/A,https://www.lazada.com.ph/products/pdp-i5086332167.html
[2PCS] 200w+ Dual Glass 18BB Monocrystalline Solar Panel Only [Full Power Promise] Green Power Investment Ganerate 1.2kWh A Day,N/A,N/A,https://www.lazada.com.ph/products/pdp-i3301997450.html
Flowatt 3KW/1.8KW Hybrid Solar Inverter 230Vac PV Max 450Vdc Built In 80A MPPT Solar Charge Controller 50/60Hz Auto Pure solar panel grid tie inverter Sine 12V/24V Wave inverter hybrid inverter Inversor solar panel set Can be used for water pumps,N/A,N/A,https://www.lazada.com.ph/products/pdp-i4397378157.html
Portable Chainsaw 24 Inches 58cc 4.2KW Gasoline Saw Portable High Power Saw Made in Japan Outdoor Power Tools Chain Saw,N/A,N/A,https://www.lazada.com.ph/products/pdp-i4413909583.html
"NT Waterfall Pool Fountain Spray Pool Fountain Fits Most 1.5"" InGround & Above Ground Return Jets",N/A,N/A,https://www.lazada.com.ph/products/pdp-i2498173533.html
4.2kw 6.2kw 10.2kw Off Grid Hybrid Solar Inverter Built-in 120A 160A Charge Controller 24V 48V Pure Sine Wave Inverter Dual AC Output DC to AC Converter,N/A,N/A,https://www.lazada.com.ph/products/pdp-i3648565359.html
DAYIREN | Portable Rechargeable Chainsaw,N/A,N/A,https://www.lazada.com.ph/products/pdp-i5243147419.html
BOSCA TBE Pure Sine Wave Inverter BPS 300W 500W 1000W 1500W 2000W 12V 24V Power inverter DC12V TO AC220V W/USB 5V/2A(Original) (ASSORTED COLOR RED/SILVER),N/A,N/A,https://www.lazada.com.ph/products/pdp-i4041625638.html
EPEVER Kirin Pro Series Hybrid 3.5kW 24V 110A 3.0kW 48V 50A  5.5kW 48V 100A All-in-one solar charger inverter MPPT 220V/230VAC 60Hz Single Phase,N/A,N/A,https://www.lazada.com.ph/products/pdp-i5126256401.html
【From Phi】X5 Intelligent Powder Spraying Machine Electrostatic Spray Rlectrostatic Spraying Machine With 45L Capacity And 1L Measuring Cup / Hoppers,N/A,N/A,https://www.lazada.com.ph/products/pdp-i4585017758.html
16L/20L Sprayer Agriculture Rechargeable Knapsack Electric and Manual 2in1 Sprayer Gardening tools,N/A,N/A,https://www.lazada.com.ph/products/pdp-i15406236049.html
"BLUETTI Elite 30 V2 Portable Power Station, 90,000 mAh/288Wh Solar Generator, 600W AC Outlets (Power Lifting 1500W), Fast Charging LiFePO4 Battery Backup for Camping, Road Trip, Outage (Solar Panel Optional)",N/A,N/A,https://www.lazada.com.ph/products/pdp-i5252705187.html
PowMr 6.5KW Hybrid Solar Inverter 500Vdc Supports 48V Lifepo4 Battery Can Parallel Up to 9 Unit Built in 120A MPPT Solar Charger Controller,N/A,N/A,https://www.lazada.com.ph/products/pdp-i3136906526.html
KOOZER | Boost Ratchet Hub Mountain Bike,N/A,N/A,https://www.lazada.com.ph/products/pdp-i5404318125.html
YISHI | Feng Shui Luxurious Water Fountain Decorations,N/A,N/A,https://www.lazada.com.ph/products/pdp-i5263141416.html
Single Speed Bicycle Wheel,N/A,N/A,https://www.lazada.com.ph/products/pdp-i5404044426.html
Electric Drive Motor 1200W,N/A,N/A,https://www.lazada.com.ph/products/pdp-i1958760585.html
【XINJIA】NerdAxe 500Gh/S Vertical Miner BM1366 ASIC Chip Solo Lottery BTC Miner Lottery Mining Miner,N/A,N/A,https://www.lazada.com.ph/products/pdp-i5364552840.html
Manufacturer's pneumatic wood nail row iron nail row 25.32.38.45.50.57.64 nail enough 15KG,N/A,N/A,https://www.lazada.com.ph/products/pdp-i5302765018.html
【wsxdf】NerdAxe Vertical Miner 500Gh/S BM1366 ASIC Chip Solo Lottery BTC Miner for Lottery Mining Miner,N/A,N/A,https://www.lazada.com.ph/products/pdp-i15421856675.html
Sodium CYA 1kg Repacked - / Sodium Salt/ spot goods/ gold mining/Sodium chloride,N/A,N/A,https://www.lazada.com.ph/products/pdp-i4628497595.html
Climbing RC Metal Winch,N/A,N/A,https://www.lazada.com.ph/products/pdp-i15442684113.html
Gan | Magnetic Intelligent Cube,N/A,N/A,https://www.lazada.com.ph/products/pdp-i15426751116.html
Zamdon Toroidal Hybrid Off-grid Solar Inverter 48V5000W with 80A MPPT SCC,N/A,N/A,https://www.lazada.com.ph/products/pdp-i4054955689.html
TaoZhong 1000W/1200W Grid Tie Inverter Power Limiter LCD Display DC26-45V/55-90V Solar Input AC230V Pure Sine Wave Output,N/A,N/A,https://www.lazada.com.ph/products/pdp-i5375150626.html
ECOFLOW POWERSTREAM MICRO INVERTER + SUPER FLAT CABLE + ECOFLOW SMART PLUG,N/A,N/A,https://www.lazada.com.ph/products/pdp-i4154522085.html
220v high-power small generator 3000W single-phase brushless excitation synchronous alternator frequency 50HZ.,N/A,N/A,https://www.lazada.com.ph/products/pdp-i4709631017.html
AQUATEX LED RGB Pool Light 45W/18W or Cool White 45W/18W with Remote Control Set 12V AC and 1 meter cable length,N/A,N/A,https://www.lazada.com.ph/products/pdp-i955816553.html
DongJin Power 24Vdc 4500W On/Off-Grid Hvbrid solar Inverter 150A MPPT SCC 6.25 Inch LCD Display Pure sine wave WIFI (optional),N/A,N/A,https://www.lazada.com.ph/products/pdp-i5242801464.html
Zhipu | Portable Home-use Tree Pruning Electric Saw,N/A,N/A,https://www.lazada.com.ph/products/pdp-i15393296429.html
"METALWORKZ || MARPRO USA MP2200IHD Digital Inverter Generator – 2200W Portable Silent Generator, Pure Sine Wave, Fuel-Efficient, Outdoor & Home Backup Power",N/A,N/A,https://www.lazada.com.ph/products/pdp-i5311531539.html
TAOZIAWA | Educational Toys for Kindergarten Science and Intellect Zones,N/A,N/A,https://www.lazada.com.ph/products/pdp-i15399037663.html
PowMr 6W-300W PET Flexible Solar Panel Monocrystalline Solar Cell DIY Cable Outdoor Car RV Waterproof Rechargeable Power System,N/A,N/A,https://www.lazada.com.ph/products/pdp-i4395231439.html
Runwe | Quiet Core Strengthening Ab Wheel,N/A,N/A,https://www.lazada.com.ph/products/pdp-i15393028252.html
INKBIRD 7-in-1 Pool Test Strips Water Quality Testing Strip 100Pcs for Hardness Chlorine Bromine pH Alkalinity and Cyanuric Acid in Swimming Pool Hot Spring Hot Tub,N/A,N/A,https://www.lazada.com.ph/products/pdp-i4377889915.html
BOSCA 5 Year Warranty 160W Solar Panel Mono 160 Watt 12 Volt Pv Solar Module Solar Cell Panel BOSCA-NEW,N/A,N/A,https://www.lazada.com.ph/products/pdp-i4035270999.html
Swimming Pool Light Stainless Steel Underwater Pool Lights Remote Controller Lights IP68 Waterproof LED Pool Lamp Premium Garden Lights Decoration Waterproof Fountain Landscape Light Lawn Lamp Outdoor Pool Lights RGB 6 Color Modes,N/A,N/A,https://www.lazada.com.ph/products/pdp-i3807318942.html
"1200W/1000W 4-Mode Micro Inverter (Grid-Tied with Current Limiting) — Includes CT Sensor; Supports PV/Battery Input (20–60V); Output: 180–265 VAC; Features Wi-Fi, Anti-Reverse Flow Protection, and Mobile App Control.",N/A,N/A,https://www.lazada.com.ph/products/pdp-i5304635341.html
BOSCA 120W Solar Panel Mono 120 Watt 12 Volt Pv Solar Module Solar Cell Panel (Original) 5 Years Warranty,N/A,N/A,https://www.lazada.com.ph/products/pdp-i4015633579.html
Dokio High Efficience Flexible Foldable Solar Panel With 12V Charge Controller for Ship / Out-Door Solar Panels for tents Portable 18V 80w 100w 200w 300w Solar Panel Kit,N/A,N/A,https://www.lazada.com.ph/products/pdp-i530734419.html
Aquatick Chlorine70% (Calcium Hypochlorite) Made in India (45KG),N/A,N/A,https://www.lazada.com.ph/products/pdp-i3358577276.html
Portable gasoline generator 950W60HZ ultra quiet high-quality 2-stroke diesel generator maximum power output,N/A,N/A,https://www.lazada.com.ph/products/pdp-i4873081901.html
Acrylic Waterfall Spillway Pool Fountain RGB LED Light 30-120cm Replaceable Strip Swimming Pool Garden Decor,N/A,N/A,https://www.lazada.com.ph/products/pdp-i5167915232.html
BEISHU | Educational Building Blocks DIY Flower Garden Set,N/A,N/A,https://www.lazada.com.ph/products/pdp-i5388046004.html
QIAOPIGU | Traditional DIY Science Experiment Toy,N/A,N/A,https://www.lazada.com.ph/products/pdp-i15423835585.html
Intrinsic Safety Voice Time Display Calculator,N/A,N/A,https://www.lazada.com.ph/products/pdp-i15447429819.html
Rocket rocket motor model marine motor 2948 2958 2968 4-stage brushless induction motor,N/A,N/A,https://www.lazada.com.ph/products/pdp-i5255875296.html
Jieke cat litter tofu bentonite mixed flavor deodorizing dust-free 2.8kg lazy cat litter postage,N/A,N/A,https://www.lazada.com.ph/products/pdp-i5299596444.html
CHUANGCHAO 150W/200W/300W Power Station Portable Multifunctional Solar Power Station Large Capacity Generator,N/A,N/A,https://www.lazada.com.ph/products/pdp-i5305618938.html
TMOTOR new 0802KV2200 0803KV2300 brushless motor 65MM four-axis motor mobula6.,N/A,N/A,https://www.lazada.com.ph/products/pdp-i5142149755.html
[Trivony] 1000-5000W MPPT Charge Controller 12V/24V AUTO 48V 10A-40A Wind Turbine Generator Water Proof Regulator Rectifier Factory Price,N/A,N/A,https://www.lazada.com.ph/products/pdp-i15492613141.html
"10-way lighting controller for pedal generator of fitness generator, bicycle generator and hand generator",N/A,N/A,https://www.lazada.com.ph/products/pdp-i5294478893.html
Monkey 100W/150W/200W/300W Power Station 220V Multi-Function Portable Big Capacity Solar Generator[Fast Shipping],N/A,N/A,https://www.lazada.com.ph/products/pdp-i15447062661.html
Strong centrifugal blower household fire 220v barbecue electric industrial small boiler blower stove,N/A,N/A,https://www.lazada.com.ph/products/pdp-i5294596968.html
Original ZL Series Vacuum Generator,N/A,N/A,https://www.lazada.com.ph/products/pdp-i15438080691.html
JL-M0020,N/A,N/A,https://www.lazada.com.ph/products/pdp-i5274567475.html
ccoolmodel | Modification Universal Car Model Tires 1/64,N/A,N/A,https://www.lazada.com.ph/products/pdp-i5355828161.html
Electric Window Upgrade Kit,N/A,N/A,https://www.lazada.com.ph/products/pdp-i15439674571.html
"PISCO vacuum generator VKAH12S, vkah12w-060608e-0608se-b-NW-na-r",N/A,N/A,https://www.lazada.com.ph/products/pdp-i5075315298.html
STEM Science Experiment Kit Educational Toys,N/A,N/A,https://www.lazada.com.ph/products/pdp-i15421333679.html
Miner 500Gh/S BM1366 ASIC Chip NerdMiner Lottery Mining Miner Solo Lottery BTC Miner,N/A,N/A,https://www.lazada.com.ph/products/pdp-i5254676217.html
Emergency Hand Crank Radio Solar Charging 10000mAh,N/A,N/A,https://www.lazada.com.ph/products/pdp-i15416911763.html
LONGKE | High Power Portable Blower,N/A,N/A,https://www.lazada.com.ph/products/pdp-i5293877418.html
"""Seconds to send"" QQ flying crystal lantern quantity 1 6.4 off the shelf",N/A,N/A,https://www.lazada.com.ph/products/pdp-i5269857574.html
RASTP car modified racing car four seasons steering wheel 13. inch game steering wheel kart steering wheel,N/A,N/A,https://www.lazada.com.ph/products/pdp-i5255580161.html
Miner BM1366 ASIC Chip 500Gh/S NerdMiner Lottery Mining Miner Solo Lottery BTC Miner,N/A,N/A,https://www.lazada.com.ph/products/pdp-i5254714958.html
Textile tool model spinning wheel woodwork DIY toy children's educational winding machine ancient spinning wheel winding postage,N/A,N/A,https://www.lazada.com.ph/products/pdp-i5306290690.html
PALONG | Assembled Motorbike Toy Set,N/A,N/A,https://www.lazada.com.ph/products/pdp-i15391666653.html
Micro-tiller hand-cranked pull-free starter 170F178F186F vertical air-cooled diesel engine generator starter new style,N/A,N/A,https://www.lazada.com.ph/products/pdp-i4883719153.html
Shinebin 01 Badminton Racket Set,N/A,N/A,https://www.lazada.com.ph/products/pdp-i15412884069.html
Speed regulation of firewood stove blower Small 220V blower Strong stove induced draft fan Household centrifugal industry,N/A,N/A,https://www.lazada.com.ph/products/pdp-i5306364601.html
Non-residue Wheel Weights for Modification,N/A,N/A,https://www.lazada.com.ph/products/pdp-i15440003084.html
20248PCS NdFeB Arc Segment Magnetics OR16xIR13.5x90DEGx6.5mm for Generators Wind Turbine Neodymium Rotor Magnetic Materials Special,N/A,N/A,https://www.lazada.com.ph/products/pdp-i4614591765.html
BONINGYU | Outdoor High-Power Portable Power Station 500W,N/A,N/A,https://www.lazada.com.ph/products/pdp-i15438915748.html
Flowatt Solar Hybrid Inverter 4.2kw/6.2kw On-grid/Off-grid Hybrid Inverter 48Vdc 230VAC Pure Sine Wave Solar Inverter Built in 120A MPPT Solar charge Controller Support Charge Controller Lifepo4 Battery RGB Light One-click Repair Function,N/A,N/A,https://www.lazada.com.ph/products/pdp-i4409036386.html
100W 200W 300W Solar Panel Kit Complete 12V USB With 10-100A Controller Solar Cells,N/A,N/A,https://www.lazada.com.ph/products/pdp-i2655061299.html
【2PCS】 Solar Panel 200watt IP67 Waterproof 10Year Warranty Full Green Power 1.2Kwh Per Day,N/A,N/A,https://www.lazada.com.ph/products/pdp-i4149977918.html
"Transparent cover, visible check valve, detachable design, anti-corrosion and heat-resistant PVC swimming pool equipment",N/A,N/A,https://www.lazada.com.ph/products/pdp-i5119162309.html
BOSCA 160W Solar Panel Mono 160 Watt 12 Volt Pv Solar Module Solar Cell Panel / Classic Audio (Original) With 5 Years Warranty (160 Watts Solar Panel),N/A,N/A,https://www.lazada.com.ph/products/pdp-i4019662289.html
"【Manila Stock】Heavy Duty 16"" ST400/1.5 Inch Cylinder Head Swimming Pool Equipment Filtration Circulating Sand Tank Sand Cylinder Filter",N/A,N/A,https://www.lazada.com.ph/products/pdp-i4082079736.html
"Aquatick Calcium Hypochlorite 70% (Chlorine) 25kg, for swimming pool disinfection,",N/A,N/A,https://www.lazada.com.ph/products/pdp-i3441951033.html
INKBIRD HiOazo ST-03 Multifunctional Soil Detector 6-in-1 Soil Moisture Detector with LCD Measures Soil Fertility Moisture Temperature PH Sunlight Intensity Ambient Humidity,N/A,N/A,https://www.lazada.com.ph/products/pdp-i4558756381.html
"Andes 600 Pro Portable Power Station 584Wh | 600W 550W AC Fast Charging (2000 cycles) LifePO4 Battery Backup for Camping, RV, Outdoor Adventures and Outage 1Y Local Warranty distributed by Motolite",N/A,N/A,https://www.lazada.com.ph/products/pdp-i15445814051.html
Portable Generator Energy PV Inverter Complete Kit 300w 500W Off Grid and 100W Solar Panel,N/A,N/A,https://www.lazada.com.ph/products/pdp-i4314768413.html
Stainless Steel Swimming Pool Step Ladder with Built-in P Shaped Grab Rail 2/3/4/5-step Fast shipping,N/A,N/A,https://www.lazada.com.ph/products/pdp-i5066232864.html
Fujihama KC2500i Portable Gasoline Inverter Generator,N/A,N/A,https://www.lazada.com.ph/products/pdp-i3278012566.html
BOSCA 220W Solar Panel Mono 220 Watt 12 Volt Pv Solar Module Solar Cell Panel (Original) 5 Years Warranty,N/A,N/A,https://www.lazada.com.ph/products/pdp-i4016050613.html
Flowatt 6200W 10200W Hybrid Solar Inverter 48V 230VAC Pure Sine Wave Inverter Build-in MPPT 120A/180A Charge Controller PV Max 500VDC,N/A,N/A,https://www.lazada.com.ph/products/pdp-i4047557374.html
Power Station Portable 150w 144wh Fast Charging Solar Generator Outdoor Portable USB DC AC Output Solar Input Generator Station Original Solar Panels,N/A,N/A,https://www.lazada.com.ph/products/pdp-i3973891593.html
"EMAUX Super Power Pool Pump SPH Series, 1HP,, 2HP,",N/A,N/A,https://www.lazada.com.ph/products/pdp-i5266871704.html
XIEJINSHUI 1 3000W Digital Inverter Gasoline Generator,N/A,N/A,https://www.lazada.com.ph/products/pdp-i3761130110.html
"4000W High Power Portable Inverter – Safe for Fans, Lights, Small Devices, Outdoor Use",N/A,N/A,https://www.lazada.com.ph/products/pdp-i5251372679.html
Pool Water Descent Spillway Waterfall fountain Swimming pool garden decor Acrylic With RGB LED strip adjustable light,N/A,N/A,https://www.lazada.com.ph/products/pdp-i4429853574.html
GARAGE Magazine December 2013-January 2014 TOM RODRIGUEZ,N/A,N/A,https://www.lazada.com.ph/products/pdp-i5247805511.html
Portable Power Station Multi-functional Power Station Large Capacity Solar Generator 150/200/300W[Fast Shipping],N/A,N/A,https://www.lazada.com.ph/products/pdp-i15447211939.html
Emaux EM2822A Swimming Pool Vacuum Fitting Cover of Suction Fitting-White-A,N/A,N/A,https://www.lazada.com.ph/products/pdp-i2466811561.html
Nss 3in1 portable power station with solar panel with solar battery Outdoor Large Capacity solar generator 220V 150W 300W High Power with emergency light solar power bank original,N/A,N/A,https://www.lazada.com.ph/products/pdp-i3869451412.html
AOBIXIONG | Large Thickened Foldable Inflatable Swimming Pool,N/A,N/A,https://www.lazada.com.ph/products/pdp-i5404923987.html
BOSCA 320W Solar Panel Mono 320 Watt 12 Volt Pv Solar Module Solar Cell Panel (Original) 5 Years Warranty,N/A,N/A,https://www.lazada.com.ph/products/pdp-i4016074877.html
Powergen Portable Gasoline Generator 3500A (2.8kW),N/A,N/A,https://www.lazada.com.ph/products/pdp-i113824.html
Portable Solar Power Station 100-300W High Power Power Station Large Capacity Solar Generator[Fast Shipping],N/A,N/A,https://www.lazada.com.ph/products/pdp-i15447224251.html
Fujihama Gasoline Generator Inverter KC2500i with Snap & Grip + Gloves,N/A,N/A,https://www.lazada.com.ph/products/pdp-i3719351495.html
"300W Portable Solar Generator 80000mAh | Emergency Power Station for Brownout,Wifi Router and CP[Fast Shipping]",N/A,N/A,https://www.lazada.com.ph/products/pdp-i15447118571.html
"Multifunctional new gasoline weeding machine All-in-one machine for weeding, loosening soil, micro-ploughing, furrowing and ditching artifacts",N/A,N/A,https://www.lazada.com.ph/products/pdp-i4848365671.html
BOSCA Solar Panel 5 YEAR WARRANTY MONO 10W 25W 35W 60W 120W 160W 200W 220W 320W 12V Solar module solar cell panel,N/A,N/A,https://www.lazada.com.ph/products/pdp-i2847281764.html
KuoLi | Fruit and Beef Jerky Food Dryer Machine,N/A,N/A,https://www.lazada.com.ph/products/pdp-i5310521388.html
Farmboy Polyethylene Manual/Battery Sprayer,N/A,N/A,https://www.lazada.com.ph/products/pdp-i3638459971.html
TENGYAGAO | Photovoltaic Mono/Multi-crystalline Solar Panel 100W,N/A,N/A,https://www.lazada.com.ph/products/pdp-i15421945062.html
Household lithium-ion lawn mower rechargeable lawn mower portable lawn mower electric lawn in 2020.,N/A,N/A,https://www.lazada.com.ph/products/pdp-i5255491893.html
PowMr 6.2kw On-Grid/Off-Grid Hybrid Inverter 48Vdc 230VAC PV Panel Input 500vdc Pure Sine Wave Solar Inverter Built in 120A MPPT Solar Controller One-click Repair Function,N/A,N/A,https://www.lazada.com.ph/products/pdp-i3788076575.html
【SHINMAX】Air Cooled Single Cylinder 4-Stroke Engine Tamping Rammer HCD70/75/80/85/90 Series,N/A,N/A,https://www.lazada.com.ph/products/pdp-i3262071759.html
30cm-120cm Pool Water Descent Spillway Waterfall fountain Swimming pool light garden decor Acrylic With RGB LED strip,N/A,N/A,https://www.lazada.com.ph/products/pdp-i3651944277.html
KTEC Gasoline Generator 3000W 3Kva 4stroke Dual Starter G3000 Copper Motor,N/A,N/A,https://www.lazada.com.ph/products/pdp-i15460364919.html
Solar Photovoltaic Panel Battery Board 550W 580W 700W Monocrystalline Silicon Solar Energy Generating Board JinkoSolar Brand,N/A,N/A,https://www.lazada.com.ph/products/pdp-i5162484846.html
Ingco Gasoline Generator Backup Power 3.5KVA 4-Stroke Engine 100% Copper Wire GE35005-5P IPT,N/A,N/A,https://www.lazada.com.ph/products/pdp-i2251912017.html
Swimming Pool Hose Double layer Thickened Self floating Straw Pool Cleaning Tool Swimming Pool Accessories,N/A,N/A,https://www.lazada.com.ph/products/pdp-i4965437135.html
NSS SOLAR PHOTOVOLTAIC PANEL,N/A,N/A,https://www.lazada.com.ph/products/pdp-i4104395917.html
SUNKET 10BB New Technology German Top Quality Monocrystalline Solar Panel 150W 64 Cells 5 Year Warranty,N/A,N/A,https://www.lazada.com.ph/products/pdp-i3265668771.html
Pool Water Descent Spillway Waterfall fountain Swimming pool garden decor Acrylic With RGB LED strip adjustable light,N/A,N/A,https://www.lazada.com.ph/products/pdp-i5082722940.html
Ingco 3pcs Cordless Combo Kit 20V Lithium-Ion Hedge Trimmer | Gauge Straight Shear | 90W Coffee Grinder COSLI240688 ICPT,N/A,N/A,https://www.lazada.com.ph/products/pdp-i4703605177.html
48V TO 88V Rechargeable Lawn Mower Grass Cutter/ Trimmer With Lithium Battery Set,N/A,N/A,https://www.lazada.com.ph/products/pdp-i3575004023.html
Ratchet Straight-Pull Locking Thru Axle Hub 12x100mm 12x142mm,N/A,N/A,https://www.lazada.com.ph/products/pdp-i15442422361.html
New Flywheel For 4500 5200 5800 45Cc 52Cc 58Ccchinese Chainsaw Replacement Parts,N/A,N/A,https://www.lazada.com.ph/products/pdp-i2864398822.html
【JIN】-NerdAxe NerdMiner 500Gh/S BM1366 ASIC Chip Vertical Miner Solo Lottery BTC Miner Lottery Mining Miner,N/A,N/A,https://www.lazada.com.ph/products/pdp-i4982864270.html
Wismesh Repeater Mini |A Solar Repeater For Meshtastic|10718,N/A,N/A,https://www.lazada.com.ph/products/pdp-i15448279324.html
JL-M0055,N/A,N/A,https://www.lazada.com.ph/products/pdp-i5102224590.html
BL-M0117,N/A,N/A,https://www.lazada.com.ph/products/pdp-i5063986606.html
12V24V36V48V60V72V220V low-speed three-phase brushless AC wind generator 200 watt hydraulic power,N/A,N/A,https://www.lazada.com.ph/products/pdp-i5043038450.html
Zhiying power WASP MAJOR wasp major 5-inch professional racing race crossing machine brushless motor motor,N/A,N/A,https://www.lazada.com.ph/products/pdp-i4791295341.html
Micro-tiller hand-cranked pull-free starter 170F178F186F vertical air-cooled diesel engine generator starter new style,N/A,N/A,https://www.lazada.com.ph/products/pdp-i5030661848.html
Small household hand-cranked generator high-power outdoor portable USB mobile phone computer 12V power failure emergency charger,N/A,N/A,https://www.lazada.com.ph/products/pdp-i4130445985.html
12V24V36V48V60V72V220V low-speed three-phase brushless AC wind generator 200 watt hydraulic power,N/A,N/A,https://www.lazada.com.ph/products/pdp-i4929237616.html
Yuchai Technology Local Gold 48v6072v Electric Two-tricycle Car Frequency Conversion Range Extender Gasoline Generator,N/A,N/A,https://www.lazada.com.ph/products/pdp-i4985888639.html
"Kaixun controller GU641CC, generator controller, Harsen, original generator set, GU641B.",N/A,N/A,https://www.lazada.com.ph/products/pdp-i5045392570.html
Small gasoline-powered mini methanol engine gasoline-powered generator DIY gasoline engine mini,N/A,N/A,https://www.lazada.com.ph/products/pdp-i4830898283.html
Scientific Experiment Educational Toy,N/A,N/A,https://www.lazada.com.ph/products/pdp-i15423282370.html
1Pc Wind Turbine Generator Kit Micro-Hand Dynamo Generator DC12V Generator Power Supply,N/A,N/A,https://www.lazada.com.ph/products/pdp-i5132303114.html
Rotating Turntable for Dining Tables,N/A,N/A,https://www.lazada.com.ph/products/pdp-i15439996315.html
The aluminum shell of inverter servo motor 8000W brake resistance aging regenerative discharge start-up bleeder resistance,N/A,N/A,https://www.lazada.com.ph/products/pdp-i5069646010.html
Electromagnetic braking motor for single-beam traveling crane yeseysz 0.8kw 1.5kw 2.2kw Nanjing soft start motor,N/A,N/A,https://www.lazada.com.ph/products/pdp-i5056794659.html
Vertical Miner 500Gh/S BM1366 ASIC Chip Solo Lottery BTC Miner for Lottery Mining Miner,N/A,N/A,https://www.lazada.com.ph/products/pdp-i15430877109.html
Haoying Hobbywing XERUN V10 G4 1/10 Electric Room The more you feel the brushless motor motor.,N/A,N/A,https://www.lazada.com.ph/products/pdp-i4958126371.html
Miaode CONVUM brand-new original authentic vacuum generator CVF-1-10HS,N/A,N/A,https://www.lazada.com.ph/products/pdp-i5255212593.html
Japan (Nidec) brushless motor Built-in driver board DC24V Br,N/A,N/A,https://www.lazada.com.ph/products/pdp-i4983470947.html
[tfsdfvd] Vertical Miner 500Gh/S BM1366 ASIC Chip Solo Lottery BTC Miner for Lottery Mining Miner,N/A,N/A,https://www.lazada.com.ph/products/pdp-i15434722692.html
Vintage Hand-crank Spinning Wheel Traditional Textile Tool,N/A,N/A,https://www.lazada.com.ph/products/pdp-i15442581132.html
KELAJI | Heavy Duty Carrier Wheel,N/A,N/A,https://www.lazada.com.ph/products/pdp-i15436031668.html
【liuxiaomei】NerdAxe 500Gh/S Vertical Miner BM1366 ASIC Chip Solo Lottery BTC Miner Lottery Mining MinerHope you have a pleasant shopping experience<br><br>,N/A,N/A,https://www.lazada.com.ph/products/pdp-i5369528757.html
"Kaixun controller GU641CC, generator controller, Harsen, original generator set, GU641B.",N/A,N/A,https://www.lazada.com.ph/products/pdp-i4989520245.html
Wadfow WGEAA08-5P Gasoline Generator by Powertool.ph,N/A,N/A,https://www.lazada.com.ph/products/pdp-i15464115138.html
12-pole 200W brushless motor generator with 85* outside stator core and 51*25mm inside rotor.,N/A,N/A,https://www.lazada.com.ph/products/pdp-i4806398095.html
【fdhjtyhtjj】NerdAxe Vertical Miner 500Gh/S BM1366 ASIC Chip Solo Lottery BTC Miner for Lottery Mining Miner,N/A,N/A,https://www.lazada.com.ph/products/pdp-i15420703599.html
"Brushless motor with positive wave driver for miniature DC compressor (suitable for Gaopin, Panasonic and gmcc)",N/A,N/A,https://www.lazada.com.ph/products/pdp-i4866351873.html
Solar Panel Mounting Kits 30-50mm Roof PV Aluminum Mid Clamp L-Foot End Clamps Splice Cable Clips Hanger Bolts Grounding Clips,N/A,N/A,https://www.lazada.com.ph/products/pdp-i4538904588.html
Pool cleaning vacuum underwater vacuum cleaner with side brush tool suitable for long telescopic pole pool accessories,N/A,N/A,https://www.lazada.com.ph/products/pdp-i4940941790.html
ZHOUYANG | Household Photovoltaic Solar Panel for 12/24V 100W,N/A,N/A,https://www.lazada.com.ph/products/pdp-i15405487616.html
newnow | Solar Charging Inverter with MPPT Controller and Energy Storage,N/A,N/A,https://www.lazada.com.ph/products/pdp-i15405524391.html
Nss 220V 300W portable power station 80000mAh large capacity powerbank heavy duty original multifunctional generator,N/A,N/A,https://www.lazada.com.ph/products/pdp-i3798888763.html
"BLUETTI Elite 10 Mini Portable Power Station, 128Wh 34,595mAh LiFePO4 Battery with 200W AC Outlet, 10ms UPS Backup, Fast Recharge Solar Generator for Camping, Travel & Outage Emergency Backup",N/A,N/A,https://www.lazada.com.ph/products/pdp-i5266852969.html
Lotus High-Performance Silent Gas Inverter Generator Set G2000ISX/G3000ISX/G4000IEX,N/A,N/A,https://www.lazada.com.ph/products/pdp-i4265000353.html
And Solar Wildwill Kit Panel Kit And Panel Set Solar Kit Car Solar Kit Car Outdoor Solar And 10w And Kit Solar 10w Panel 10w Solar Panel And,N/A,N/A,https://www.lazada.com.ph/products/pdp-i4694563740.html
"Household electric windmill, grain winnowing machine, grain winnowing machine, agricultural wheat grain clearing machine, electromechanical windmill, small yangchangji.",N/A,N/A,https://www.lazada.com.ph/products/pdp-i4832832943.html
Power Station 220V 12V for camping and hiking Portable Generator Multifunctional Large Capacity indoor and outdoor,N/A,N/A,https://www.lazada.com.ph/products/pdp-i4666155157.html
INGCO Gasoline Generator | GE10002-5P,N/A,N/A,https://www.lazada.com.ph/products/pdp-i2765404186.html
Single-phase 380kW diesel generator set 3kw5kw single machine small gasoline 220v all copper V8kW household,N/A,N/A,https://www.lazada.com.ph/products/pdp-i4949513519.html
Diesel generator set 3kw5/8/12/15kW/20/24/30kW three-phase 380V220 single electric ball.,N/A,N/A,https://www.lazada.com.ph/products/pdp-i4874113073.html
KEMAGE Koma power gasoline generator 220v gasoline small frequency conversion RV outdoor camping portable mobile,N/A,N/A,https://www.lazada.com.ph/products/pdp-i5119788183.html
Hand-cranked generator speed-up gearbox 220v 1500W permanent magnet constant voltage brushless pure copper wire 12V24V.,N/A,N/A,https://www.lazada.com.ph/products/pdp-i5102473922.html
Powergen Portable Gasoline Generator 1500 (1.0kW),N/A,N/A,https://www.lazada.com.ph/products/pdp-i113823.html
【Stylish】 Smallest Mini Wind Turbines Generator Led Teaching Tools Sample Model,N/A,N/A,https://www.lazada.com.ph/products/pdp-i4488370944.html
United Power Generator ECO Series 1200w (GG1356),N/A,N/A,https://www.lazada.com.ph/products/pdp-i5395133036.html
【Hottest Trends】 High Strength Nylon Blades 530mm 550mm 580mm 630mm For Horizontal Wind Turbine 400w 600w 800w Diy Blades For Wind Generator,N/A,N/A,https://www.lazada.com.ph/products/pdp-i4488411811.html
Portable 110kv Power Frequency High Voltage Generator,N/A,N/A,https://www.lazada.com.ph/products/pdp-i5101782386.html
"Xinjie servo drives DS2-20P2-AS, and ""Bargaining"" consulting customer service.",N/A,N/A,https://www.lazada.com.ph/products/pdp-i5292791512.html
Electric Track Thomas Theme Train Toy,N/A,N/A,https://www.lazada.com.ph/products/pdp-i15418913847.html
20248PCS Neodymium N38 NdFeB Magnets Arc Segment OR10xIR6x180degx3mm Motor Magnet Generator Wind Turbine Neodymium Magnetics Imans,N/A,N/A,https://www.lazada.com.ph/products/pdp-i4614710493.html
2024NdFeB Magnet Arc OR28xIR18x90degxT5mm N38 Motor Magnets Generators Wind Turbine Neodymium Permanent Rotor Segment Magnetics 4PCS,N/A,N/A,https://www.lazada.com.ph/products/pdp-i4614756363.html
Hantai arbitrary signal generator HDG3012B/3022B/3102B dual-channel function signal generator,N/A,N/A,https://www.lazada.com.ph/products/pdp-i5080581177.html
EFPOWER Silent Inverter Gasoline Generators,N/A,N/A,https://www.lazada.com.ph/products/pdp-i4944513501.html
NSS 220V 100W Portable Outdoor Solar Generator support AC/DC/USB Output Multifunction Solar Power Station Mini Generator,N/A,N/A,https://www.lazada.com.ph/products/pdp-i4454540029.html
NerdMiner Vertical Miner 500Gh/S BM1366 ASIC Chip Solo Lottery BTC Miner Lottery Mining Miner,N/A,N/A,https://www.lazada.com.ph/products/pdp-i5258822428.html
PROMATE Electric Start Gasoline Generator 6.5HP PH3000ES • Tm ss,N/A,N/A,https://www.lazada.com.ph/products/pdp-i3189652250.html
Compatible Mercedes Wheel 17 Inch,N/A,N/A,https://www.lazada.com.ph/products/pdp-i15439731843.html
No suitable title to generate due to lack of descriptive information in provided input.,N/A,N/A,https://www.lazada.com.ph/products/pdp-i15400293120.html
2500W / 2.5kva Gasoline Generator GE25005-5P,N/A,N/A,https://www.lazada.com.ph/products/pdp-i15430855179.html
LEMIXIONG | Energy Consuming Baby Toy 6 to 12 Months Activity Table,N/A,N/A,https://www.lazada.com.ph/products/pdp-i15426343528.html
Diesel generator set 3kw5kw6/10kw8 single-phase single-machine small gasoline 220V copper 380V household.,N/A,N/A,https://www.lazada.com.ph/products/pdp-i5142296004.html
IFlight wing-flying integrated two-color XING2 3110 900KV/1250KV 8-inch X8 motor,N/A,N/A,https://www.lazada.com.ph/products/pdp-i5157621901.html
Drone football field football drone goal rotor competition air football competition Longmen,N/A,N/A,https://www.lazada.com.ph/products/pdp-i5282658197.html
Langyu Edge Racing Lite 2205 2300KV2480KV Race Crossing Machine Motor Brushless Motor,N/A,N/A,https://www.lazada.com.ph/products/pdp-i5152797595.html
Explosions fruit and vegetable purifier fruit and vegetable machine household fruit portable ultrasonic cleaning machine automatic vegetable washing machine,N/A,N/A,https://www.lazada.com.ph/products/pdp-i5282330317.html
Portable Solar Panel Kit 30W Monocrystalline,N/A,N/A,https://www.lazada.com.ph/products/pdp-i15424240651.html
Langyu X4110S 340 400KV 460 580KV 680KV high-efficiency four-axis multi-shaft disc motor.,N/A,N/A,https://www.lazada.com.ph/products/pdp-i5072310998.html
8X Thick 40 SIZES Sun Shade Net 16FTx26FT 97% shading rate outdoor garden farm plant Car shed greenhouse net,N/A,N/A,https://www.lazada.com.ph/products/pdp-i4417343524.html
Swimming pool vacuum cleaner tool hose suction pipe cleaning hose PE single vacuum pool accessory 25ft-60ft,N/A,N/A,https://www.lazada.com.ph/products/pdp-i4928303736.html
Vehicle-mounted automatic window lifter glass lifter suitable for combined heavy truck electric lifter assembly door and window lifter,N/A,N/A,https://www.lazada.com.ph/products/pdp-i5291990781.html
GUANGHEGUINENG | Solar Charging Inverter Pure Sine Wave Intelligent,N/A,N/A,https://www.lazada.com.ph/products/pdp-i15405398876.html
Ingco by Winland Industrial Gasoline Engine Generator 6.5HP GEN1682 ING-PT,N/A,N/A,https://www.lazada.com.ph/products/pdp-i1768162132.html
Youdu portable mifi portable wifi antenna plug-in desktop computer card-free. Three Netcom high-speed mobile usb mini wireless router outdoor live car hot spot home online treasure.,N/A,N/A,https://www.lazada.com.ph/products/pdp-i5282180845.html
BRAVUS Silent Type Inverter Gasoline Generator 3500W BR-3500 with Free Extrension,N/A,N/A,https://www.lazada.com.ph/products/pdp-i5311448058.html
300W/500W Portable Solar Generator up to 120000mah Large Capacity Power Station,N/A,N/A,https://www.lazada.com.ph/products/pdp-i4315075856.html
"WAK-NH4+(C)-4 ammonia nitrogen detection reagent kit 0-20, Japan.",N/A,N/A,https://www.lazada.com.ph/products/pdp-i5069646599.html
Golf authentic honma TW-X golf three-layer ball with line of sight long-distance next game ball 2023,N/A,N/A,https://www.lazada.com.ph/products/pdp-i5268610861.html
【Value Bundle】 Delta Wing High Carbon Fibers Wind Turbine Generator For Wind Turbine Generator Windmill 200w 600w 800w,N/A,N/A,https://www.lazada.com.ph/products/pdp-i4488452203.html
202412PCS Arc Magnet OR25.5xIR19.5x30deg.x15mm N48SH Strong Motor Magnet for Generators Wind Turbine Rare Earth Neodymium Segments,N/A,N/A,https://www.lazada.com.ph/products/pdp-i4614756356.html
"CCFine Mini Solar Energy Wind Mill Toy ,Mini Wind Turbines Generator ,Teaching Aid, with Solar Base for Children Student for Ages 8+",N/A,N/A,https://www.lazada.com.ph/products/pdp-i15471018517.html
【In-Stock】 3v-24v Mini Three-Phase Alternator Three-Phase Generator Wind Turbines Hand Generator Dynamo,N/A,N/A,https://www.lazada.com.ph/products/pdp-i4410273528.html
【Factory-direct】 2018 Mini Wind Turbine Vertical Axis Generator Blades Small Set,N/A,N/A,https://www.lazada.com.ph/products/pdp-i4410259347.html
BEISHU | Educational Building Toy DIY Flower Garden Set,N/A,N/A,https://www.lazada.com.ph/products/pdp-i5387978720.html
【Thriving】 550cm/580cm/600cm/630cm/750cm Wind Turbine Blades Wind Generator Pro Frp Blades Windmill Power Charge Accessories Fan Accessorie,N/A,N/A,https://www.lazada.com.ph/products/pdp-i4410285578.html
400W 12V 24V Mini Wind Turbine Generator Controller Wind Generator Controller IP67 Waterproof,N/A,N/A,https://www.lazada.com.ph/products/pdp-i4049755812.html
4008 4010 120T 74KV Brushless Yuntai Motor Three-phase Synchronous Brushless Motor FOC Research on Motor,N/A,N/A,https://www.lazada.com.ph/products/pdp-i5008539914.html
【Sell-Well】 Wind Charge Controller 500w Mini Wind Turbine Generator Controller Waterproof Wind Turbines Generator Charge Controller 12v/24v,N/A,N/A,https://www.lazada.com.ph/products/pdp-i4503076870.html
sorthome | ZK2 Series Vacuum Generator 06,N/A,N/A,https://www.lazada.com.ph/products/pdp-i15421656839.html
WEMotor Brushless Motor DIY Power Generation Direct Replaces Brushless Wind Turbine,N/A,N/A,https://www.lazada.com.ph/products/pdp-i15456796121.html
DIY Wind Turbine Generator Kit DC 0.1V-3V Generator with Holder Blades Brushless Motor Mini Dynamo Generator Teaching,N/A,N/A,https://www.lazada.com.ph/products/pdp-i15471007440.html
Golfist | Golf Jacket Windbreaker Zippered Coat,N/A,N/A,https://www.lazada.com.ph/products/pdp-i5403993698.html
KA785,N/A,N/A,https://www.lazada.com.ph/products/pdp-i5096810000.html
JIHU | Science Experiment Set for Kids,N/A,N/A,https://www.lazada.com.ph/products/pdp-i15391783206.html
OKUMA COMPETITION SPINNING ROD,N/A,N/A,https://www.lazada.com.ph/products/pdp-i15439687749.html
WITOL Witt air-cooled magnetron 2M234K high-power magnetron 1500W industrial microwave drying generator,N/A,N/A,https://www.lazada.com.ph/products/pdp-i5074944722.html
"""Old models are not refundable"" Caterpillar Generator 8 ""Waterproof Steeltoe",N/A,N/A,https://www.lazada.com.ph/products/pdp-i5042762024.html
Hand generator 220v high-power charging treasure large-capacity outdoor household 12V lighting outdoor mobile power supply,N/A,N/A,https://www.lazada.com.ph/products/pdp-i5156285806.html
"Local gold 48v6072v electric two-wheeled, two-tricycle and four-wheeled car frequency conversion range extender gasoline generator.",N/A,N/A,https://www.lazada.com.ph/products/pdp-i5057575262.html
UA Andema basketball fanatic fan series Zijin color matching PU wear-resistant indoor and outdoor universal 7th basketball gift,N/A,N/A,https://www.lazada.com.ph/products/pdp-i5282281684.html
Hodeso Emergency Camping Outdoor Back-up High Capacity Powerbank Portable Power Station Power Inverter Portable Generator Gas-free Disaster Kit With Outputs AC 220V (Max 100Wh) 2USB 3.5A 3DC 12V/15A Built-in Battery Capacity 40800mAh 3.7v 150Wh,N/A,N/A,https://www.lazada.com.ph/products/pdp-i270488762.html
BONINGYU | Emergency Portable Power Station International Plugs Compatible,N/A,N/A,https://www.lazada.com.ph/products/pdp-i5404477374.html
5KW diesel generator set air-cooled small household 6.25KVA 380/220V uses equal power at the same time.,N/A,N/A,https://www.lazada.com.ph/products/pdp-i5033231443.html
6354 270KV 180KV brushless motor scooter motor surfboard motor mowing power tools,N/A,N/A,https://www.lazada.com.ph/products/pdp-i5268658633.html
Magnetic Wind Turbine Small Windmill Generator 3 Blade for Forest Fire Protection Power Generation,N/A,N/A,https://www.lazada.com.ph/products/pdp-i15496398796.html
Yong hang three-phase YE2-7124/Y2-7124/YS7124 asynchronous motor 0.37KW aluminum shell motor 380V,N/A,N/A,https://www.lazada.com.ph/products/pdp-i5187965702.html
Marpro Portable Super Silent 2200W Digital Inverter Power Generator Set gasoline,N/A,N/A,https://www.lazada.com.ph/products/pdp-i5320910851.html
STEM Educational Experiment Toy Set,N/A,N/A,https://www.lazada.com.ph/products/pdp-i15423671679.html
Swimming Pool Lights AC12V LED RGB Stainless Steel Decoration Landscape Waterproof IP68 Pool Light Underwater 12W-45W,N/A,N/A,https://www.lazada.com.ph/products/pdp-i3636029427.html
Poolmaster Flexible Vacuum Head with Alu Handle & Swivel Similar to Hayward,N/A,N/A,https://www.lazada.com.ph/products/pdp-i5396394985.html
Bluetti AC30 300W/300Wh/96000mAh Power Station 60HZ 220V Portable Solar Generator,N/A,N/A,https://www.lazada.com.ph/products/pdp-i2723462641.html
Swimming pool pump 0.75HP/1HP/1.5HP/2.0HP 220V/60HZ 1.5 inches,N/A,N/A,https://www.lazada.com.ph/products/pdp-i4438520188.html
998VF Cordless Leaf Blower Dust Collector Sweeper Garden Tools 30000RPM Electric Air Blower,N/A,N/A,https://www.lazada.com.ph/products/pdp-i5330923599.html
TYLEX XP1800 Solar Power Station Solar Generator 1024Wh AC1800W Portable Emergency Outdoor Power Station Pure Sine Wave LiFePO4,N/A,N/A,https://www.lazada.com.ph/products/pdp-i15495938922.html
EcoFlow DELTA 3 1000 Air Portable Power Station 960Wh LiFePO4 Battery Fast Charging Use as a Solar Generator for Home Backup Power Camping & RVs,N/A,N/A,https://www.lazada.com.ph/products/pdp-i5330643122.html
"BLUETTI Sora 220W Solar Panel for IP67 waterproof Portable Power Station EB3A AC2A AC50B AC70 AC180 AC200L AC300 AC500 B300K, Foldable Solar Charger with Adjustable Kickstands for RV, Camping, Blackout",N/A,N/A,https://www.lazada.com.ph/products/pdp-i4565439678.html
"【Power outage essential】（EB3A upgraded version）BLUETTI Elite 30 V2 288Wh/600W 90,000 mAh (Inverter power 1500W) LiFePO4 Battery 220-240V Portable Power Station Fast Charge Solar Generator",N/A,N/A,https://www.lazada.com.ph/products/pdp-i4772829288.html
Swimming pool polyester cartridge filters cylinder Used for fish ponds water parks spa swimming pools AF75 AF200,N/A,N/A,https://www.lazada.com.ph/products/pdp-i4455731627.html
ECOFLOW DELTA 2 220V Portable Power Station 1024Wh LiFePO4 Battery Fast Charging Use as a Solar Generator for Home Backup Power Camping & RVs,N/A,N/A,https://www.lazada.com.ph/products/pdp-i3511993789.html
HanTech Photovoltaic Solar Panel 60 Watts 100 Watts160 Watts 200 Watts 300 Watts Outdoor Waterproof Sun Power,N/A,N/A,https://www.lazada.com.ph/products/pdp-i3865050540.html
KOOZER | Ratchet Mountain Bike Hub,N/A,N/A,https://www.lazada.com.ph/products/pdp-i5404183508.html
KOOZER | Mountain Ratchet Hub Wheel Set GR25 Rim,N/A,N/A,https://www.lazada.com.ph/products/pdp-i5404003295.html
AEROBS | Inverter Generator High Power Portable,N/A,N/A,https://www.lazada.com.ph/products/pdp-i15408972743.html
Reobrix | Tech Build Construction Tractor,N/A,N/A,https://www.lazada.com.ph/products/pdp-i5378717692.html
forsso | Automatic Intelligent Variable Frequency Endurance Gasoline Generator 8000W,N/A,N/A,https://www.lazada.com.ph/products/pdp-i15404159351.html
"Korean-Made, Kc Certified, Distinctive Pure Sine Wave Inverter Dk2410. a Device That Converts Dc",N/A,N/A,https://www.lazada.com.ph/products/pdp-i15415432714.html
3KW Household Lighting Solar Power System Sinusoidal Outdoor Mobile Power 220V Solar Energy Generator Hardware Tools,N/A,N/A,https://www.lazada.com.ph/products/pdp-i5162660001.html
NANWEI | Cordless Brushless Circular Saw 5.5 Inch,N/A,N/A,https://www.lazada.com.ph/products/pdp-i5328608500.html
Realistic Train Model Toy Kit Extra-long Track Overpass Set,N/A,N/A,https://www.lazada.com.ph/products/pdp-i15436465176.html
Tank brushless rechargeable angle grinder lithium battery grinder multifunctional cutting machine polishing machine home hand grinder,N/A,N/A,https://www.lazada.com.ph/products/pdp-i5282476132.html
Haoying Hobbywing XERUN V10 G4 1/10 Electric Room The more you feel the brushless motor motor.,N/A,N/A,https://www.lazada.com.ph/products/pdp-i4795805170.html
LOCAL SUPPLIER Fronius 5 KW Grid Tie Inverter,N/A,N/A,https://www.lazada.com.ph/products/pdp-i3395104016.html
Transit motor 12-inch fourth-generation tile competitive version 3000w5000w6000w8000w enhanced track version electroplating,N/A,N/A,https://www.lazada.com.ph/products/pdp-i5123454140.html
PowMr 1.5KW 24V All in one Solar Inverter 230Vac PV Start Voltage 30Voc Built In 80A MPPT Solar Charge Controller 50/60Hz Auto Battery Charger,N/A,N/A,https://www.lazada.com.ph/products/pdp-i4433580516.html
Lepmerk Vector Inverter 7.5KW 10HP Motor Soft Start Variable Frequency Drive Built in PID PWM Control for Injection Molding Machine for Air Compressors,N/A,N/A,https://www.lazada.com.ph/products/pdp-i15455684830.html
Psyl copper motor household single-phase 220V national standard motor pulverizer rice thresher two-phase high horsepower.,N/A,N/A,https://www.lazada.com.ph/products/pdp-i5279409241.html
"Hand-cranked generator, mobile phone charging, 220v, high-power field survival, 12V5V, bright lighting, Japan emergency.",N/A,N/A,https://www.lazada.com.ph/products/pdp-i4928216351.html
Blackstone Gasoline Generator BS-3800 Manual Start,N/A,N/A,https://www.lazada.com.ph/products/pdp-i3408028156.html
1000W Grid Tie Inverter with Power Limiter Supports WiFi Connection 60V DC Input MPPT Grid Connected Inverter for Solar Power System,N/A,N/A,https://www.lazada.com.ph/products/pdp-i15393984111.html
Ruiming all-copper wire diesel generator 10kw15KW20 20kw brush AC synchronous single-phase three-phase generator.,N/A,N/A,https://www.lazada.com.ph/products/pdp-i5074030053.html
BLUETTI Elite 100 V2 1024Wh Portable Power Station | LiFePO₄ Battery 4×1800W (3600W Surge) AC Outlets | Camping Generator Typhoon Power Outage & UPS Backup,N/A,N/A,https://www.lazada.com.ph/products/pdp-i15480708696.html
New Multi-voltage Solar Charging System 300w,N/A,N/A,https://www.lazada.com.ph/products/pdp-i15456562097.html
Automobile air conditioning vacuum pump tire inflation refrigerant filling and pumping dual-purpose vacuum pump refrigerator maintenance tool,N/A,N/A,https://www.lazada.com.ph/products/pdp-i5279458332.html
HE | High Frequency Small Off-Grid Solar Power Inverter 3.2KW,N/A,N/A,https://www.lazada.com.ph/products/pdp-i15405603322.html
SURPASS 540-V5R inductive drift brushless motor drift inductive motor 8.5 10.5t Reverse ABC,N/A,N/A,https://www.lazada.com.ph/products/pdp-i5112109807.html
TMCM-351-E-TMCL VZ.VTD4820K4 VZ.VTD2440K4 VFD037E43A,N/A,N/A,https://www.lazada.com.ph/products/pdp-i5047959075.html
110v flagship store export 220-way vacuum packaging machine household food fresh-keeping plastic sealing machine automatic drying and wetting.,N/A,N/A,https://www.lazada.com.ph/products/pdp-i5268800513.html
Three Phase 380V Solar Inverter Motor Speed Controller 50hz 60hz Heavy Duty Inverter DC380-680V 7.5KW 11KW Frequency Photovoltaic Solar Pump VFD,N/A,N/A,https://www.lazada.com.ph/products/pdp-i4803037934.html
Insect Net /garden net/garden net for insect/insect net for greenhouse/insect net for plants White Mosquito Net Garden Insect Netting For Greenhouse Fine Net Insect Screen,N/A,N/A,https://www.lazada.com.ph/products/pdp-i5359079240.html
KOOZER | Ultra-light Road Bicycle Wheels,N/A,N/A,https://www.lazada.com.ph/products/pdp-i5404014616.html
Swimming Pool Lights LED AC12V Stainless Steel Landscape wall lamp Waterproof Pool Light Underwater RGB 18W/25W/35W/45W,N/A,N/A,https://www.lazada.com.ph/products/pdp-i3653233158.html
Pool Water Descent Spillway Waterfall fountain Swimming pool garden decor Acrylic With RGB LED strip adjustable light,N/A,N/A,https://www.lazada.com.ph/products/pdp-i4334649445.html
Pool intelligent temperature control knob hot water SPA water heater bathtub hot spring pool accessories 18KW-22V,N/A,N/A,https://www.lazada.com.ph/products/pdp-i4433382096.html
SNADI Hybrid Offgrid Pure Sine Wave Toroidal Inverter 24V 3kW 48V 3kW Adjustable LVD/HVR & Parameter Modification Wall Mounted all Battery Type LiFePO4,N/A,N/A,https://www.lazada.com.ph/products/pdp-i15483928335.html
"Poolmaster 8"" Round Drain Cover and Frame Similar to Emaux",N/A,N/A,https://www.lazada.com.ph/products/pdp-i5396430794.html
JNGE Low Frequency Pure Sine Wave Toroidal Inverter Hybrid Offgrid 12V 24V 1kW 220V/60Hz 50A MPPT Wall Mounted,N/A,N/A,https://www.lazada.com.ph/products/pdp-i3264695614.html
HYCKUPS | Off-grid MPPT Inverter 12KW,N/A,N/A,https://www.lazada.com.ph/products/pdp-i15405645003.html
BESTWAY Flowclear 1500GPH Sand Filter Pump 220-240V with 6-Way Valve for Intex Pools Heavy-Duty and Silent-Tech,N/A,N/A,https://www.lazada.com.ph/products/pdp-i5314698151.html
Entu new energy four-wheel electric vehicle 60V-1200W sine wave permanent magnet DC brushless motor,N/A,N/A,https://www.lazada.com.ph/products/pdp-i5118180175.html
Electromagnetic braking motor for single-beam traveling crane yeseysz 0.8kw 1.5kw 2.2kw Nanjing soft start motor,N/A,N/A,https://www.lazada.com.ph/products/pdp-i5096958611.html
Haoying Hobbywing XERUN V10 G4 1/10 Electric Room The more you feel the brushless motor motor.,N/A,N/A,https://www.lazada.com.ph/products/pdp-i5165293293.html
Nidec triple servo motor DA23011 750W driver SANKYO Nideco,N/A,N/A,https://www.lazada.com.ph/products/pdp-i4953507618.html
Portable 500W/2 Ultra-large Capacity Power Station 220V Multifunctional Solar Generator,N/A,N/A,https://www.lazada.com.ph/products/pdp-i5080147019.html
BR460,N/A,N/A,https://www.lazada.com.ph/products/pdp-i5063759326.html
"Brushless motor with positive wave driver for miniature DC compressor (suitable for Gaopin, Panasonic and gmcc)",N/A,N/A,https://www.lazada.com.ph/products/pdp-i4942137898.html
"1.5kw Servo Drive Motor DS2-21P5-AS2,M for Bargaining Disassembly",N/A,N/A,https://www.lazada.com.ph/products/pdp-i5073157276.html
High Efficiency Dual-Side Monocrystalline Solar Panel 580W,N/A,N/A,https://www.lazada.com.ph/products/pdp-i15409321351.html
Power Converter Pure Sine Wave Power Inverter Bare Board 3000W for Camping,N/A,N/A,https://www.lazada.com.ph/products/pdp-i5013835004.html
SG700,N/A,N/A,https://www.lazada.com.ph/products/pdp-i5134832831.html
tobbehere-2PCS USB Miner 77KH/S BTC Solo Lottery Mining Miner with Color Screen Mini Bitcoin BTC Miner Miner,N/A,N/A,https://www.lazada.com.ph/products/pdp-i15422652370.html
Brand-new 133 original hand-cranked generator Brand-new complete set of packaged 25V65W hand-cranked generator,N/A,N/A,https://www.lazada.com.ph/products/pdp-i4992830985.html
National delivery of edible dry ice restaurant hot pot bar ktv smoke dry ice liquid nitrogen smoking drinks SF postage.,N/A,N/A,https://www.lazada.com.ph/products/pdp-i5294708648.html
Naturehike moved the customer's external portable incubator refrigerator camping refrigerator food fresh-keeping box car ice bucket,N/A,N/A,https://www.lazada.com.ph/products/pdp-i5292450217.html
Nanpu permanent magnet synchronous motor motor electric four-wheeled vehicle special 1500W60V electric motor for new energy vehicles.,N/A,N/A,https://www.lazada.com.ph/products/pdp-i4821215218.html
Electromagnetic braking three-phase motor Y2EJ132S-4 5.5KW 4-pole braking motor has strong power.,N/A,N/A,https://www.lazada.com.ph/products/pdp-i5140275440.html
"Bargaining price: Delta CNC system NC300A-MI-A, original disassembled and genuine, installed and not used.",N/A,N/A,https://www.lazada.com.ph/products/pdp-i5130397193.html
8l10l15l oxygen cylinder cart cart stainless steel gas cylinder storage rack steel cylinder small trailer cart,N/A,N/A,https://www.lazada.com.ph/products/pdp-i5255462471.html
LIWAN | Large Capacity Portable Camping Power Station 220V,N/A,N/A,https://www.lazada.com.ph/products/pdp-i15386992580.html
New Yuma motor 12 inch 15000W brushless DC exclusive tile permanent magnet motor,N/A,N/A,https://www.lazada.com.ph/products/pdp-i4984337399.html
EAGLE Power EA120S Motor 42-inch Paddle 200A Electric Regulation Plant Protection Logistics Heavy-duty UAV Power Eagle,N/A,N/A,https://www.lazada.com.ph/products/pdp-i5269753846.html
ZUOLEJIA | Stainless Steel Grinding Wheel,N/A,N/A,https://www.lazada.com.ph/products/pdp-i15439743888.html
220V 150W Hand Crank Generator Power Bank High-power Large-c,N/A,N/A,https://www.lazada.com.ph/products/pdp-i4948587247.html
Youbangliang solar generator 220V socket household system full set of outdoor emergency multifunctional power storage lighting,N/A,N/A,https://www.lazada.com.ph/products/pdp-i5294898380.html
YUYOTO intelligent water resistance rowing machine home aerobic fat burning exercise gym folding rowing machine indoor weight loss,N/A,N/A,https://www.lazada.com.ph/products/pdp-i5277376877.html
"Today, 108 films of magnetic track are children's educational development, and three-dimensional assembling of magnetic car racing track magnets.",N/A,N/A,https://www.lazada.com.ph/products/pdp-i5302231835.html
Psyl copper motor household single-phase 220V national standard motor pulverizer rice thresher two-phase high horsepower.,N/A,N/A,https://www.lazada.com.ph/products/pdp-i4958470197.html
NANWEI Solar Microinverter Easy Operaiton Wide Application AC 120V Solar Micro Inverter for Appliances,N/A,N/A,https://www.lazada.com.ph/products/pdp-i15410573617.html
Guangda ZYT110 permanent magnet DC motor 220v high-power horizontal feeding and discharging motor for bag making machine,N/A,N/A,https://www.lazada.com.ph/products/pdp-i5108665485.html
BOSCA 300W 192Wh Outdoor Solar Energy Storage System Multifunctional Portable Power Supply BYZ-542,N/A,N/A,https://www.lazada.com.ph/products/pdp-i5218308398.html
18BB Solar Panel 【100/200 Watts】Monocrystalline 200W Solar Panels IP67 Waterproof Sun Power Panel With MC4 Connector,N/A,N/A,https://www.lazada.com.ph/products/pdp-i3928930563.html
Solar Panel 【Dual Glass 620 Watts】New Monocrystalline Silicon 620W Solar Panel Full Power Promise Produce 3.7KWh Every Day,N/A,N/A,https://www.lazada.com.ph/products/pdp-i4086773131.html
DEKES Earth Ground Auger Machine 2/4-Stroke 68cc Engine 4HP with BIT 150MM 200MM Earth Auger Post Hole Driller Digger Tree Planting Machine,N/A,N/A,https://www.lazada.com.ph/products/pdp-i3570089668.html
Emaux EM2822B Swimming Pool Vacuum Fitting Cover of Suction Fitting-White-B,N/A,N/A,https://www.lazada.com.ph/products/pdp-i2467036254.html
18W/45W Swimming Pool Light Stainless Steel Underwater Decoration Waterproof Fountain Landscape Light RGB 300*70mm,N/A,N/A,https://www.lazada.com.ph/products/pdp-i3449269853.html
Pool Care Dry Acid pH Reducer for Swimming Pools Sodium Bisulfate 5kg,N/A,N/A,https://www.lazada.com.ph/products/pdp-i3770309217.html
LA FLEUR Premium Self Watering Plant Pots Planters - Petite Size,N/A,N/A,https://www.lazada.com.ph/products/pdp-i3528429644.html
"Celatom Diatomite USA D.E. Powder, 50 lbs (22.7kg) for Swimming Pool Filtration, Dicalite Alternative (Diatomaceous Earth)",N/A,N/A,https://www.lazada.com.ph/products/pdp-i2644720448.html
Powerhouse Li-ion Portable Mini Generator Power Station Powerbank Solar Charging Outdoor Camping 250W/400W/600W/1200WPHI,N/A,N/A,https://www.lazada.com.ph/products/pdp-i3921876346.html
BONINGYU | Electric Continuous Spray High-Pressure Water Gun,N/A,N/A,https://www.lazada.com.ph/products/pdp-i5346414598.html
KINJA pressure washer 48V portable car machine set car wash spray gun with 2 batteries,N/A,N/A,https://www.lazada.com.ph/products/pdp-i4463098260.html
Built-in CT Limiter 3.6KW/6.2KW Hybrid Solar Inverter 24V/48V Off Grid/On Gird Hybrid Inverter Pure Sine Wave Inverter DC to AC Converter 120A Solar Controller Charger Can Work Without Battery Optional WIFI,N/A,N/A,https://www.lazada.com.ph/products/pdp-i2765270984.html
"Jet-Flo SWIFLO 56SFP High Performance Swimming Pool Pump SS 304, 1 to 3hp",N/A,N/A,https://www.lazada.com.ph/products/pdp-i2709912254.html
ZRACE | High-Speed Compatible Road Bike Crankset 2x10/2x11 Double Chainring For On-Road & Off-Road Use,N/A,N/A,https://www.lazada.com.ph/products/pdp-i5410777309.html
Pool Water Descent Spillway Waterfall fountain Swimming pool garden decor Acrylic With RGB LED strip adjustable light,N/A,N/A,https://www.lazada.com.ph/products/pdp-i4363514697.html
SNADI Solar Pure Sine Wave Toroidal Inverter 12V 24V 1kW Adjustable LVD/HVR & Parameter Modification Desk Type,N/A,N/A,https://www.lazada.com.ph/products/pdp-i728232077.html
Jimdary EC20 20g/H Salt Chlorinator Salt Chlorine Machine Automatic Cleaning Spa Pools Infinity Pools for Swimming Tanks Swimming Pools,N/A,N/A,https://www.lazada.com.ph/products/pdp-i4264908240.html
ZUOLEJIA | Small Digger Mini Rotary Cultivator Rubber Track,N/A,N/A,https://www.lazada.com.ph/products/pdp-i15438983885.html
Electric Sliding Door Stainless Steel 20x20mm Guide Rail,N/A,N/A,https://www.lazada.com.ph/products/pdp-i15437850862.html
Tornado Tumbler Automatic Spinning Electric Shaker,N/A,N/A,https://www.lazada.com.ph/products/pdp-i15455999450.html
Ninja City Dock Building Block Toy,N/A,N/A,https://www.lazada.com.ph/products/pdp-i15442646188.html
Good wife invisible electric clothes rack embedded with hidden intelligent remote control automatic lifting balcony household clothes drying rod.,N/A,N/A,https://www.lazada.com.ph/products/pdp-i5306088663.html
INKBIRD IBS-P03R Solar Wireless Pool Therm-ometer with Indoor Monitor Set IP68 Waterproof Pool Therm-ometer 300m/980ft Ultra Long Transmission For Swimming Pools Hot Tubs Spas and Ponds,N/A,N/A,https://www.lazada.com.ph/products/pdp-i4419643231.html
PureSine Wave Inverter 3.6KW Hybrid Solar Mppt Inverter24V/48V DC Solar Charger Controller 100A/80A Support BMS 220V Output Charging Controller Hybrid Solar Inverter Supports Parallel Connection Bms Three-Phase,N/A,N/A,https://www.lazada.com.ph/products/pdp-i15467544580.html
햇반 | Hetbahn Soft Meal Nurungji Chicken Porridge 420g X 8,N/A,N/A,https://www.lazada.com.ph/products/pdp-i15453646311.html
Startable 8-Cylinder Engine Model Building Block Toy,N/A,N/A,https://www.lazada.com.ph/products/pdp-i15418546476.html
Modification Specific Elevated Windshield,N/A,N/A,https://www.lazada.com.ph/products/pdp-i15450048050.html
Lab Rotary Vane Vacuum Pump,N/A,N/A,https://www.lazada.com.ph/products/pdp-i15436050714.html
"Korean-Made, Kc Certified, Unique Pure Sine Wave Solar Inverter Dk4820, Maximum Output 2000W, Dc",N/A,N/A,https://www.lazada.com.ph/products/pdp-i15415903797.html
ZHE GAO BLOCKS | Garden Flower Bouquet Classroom House Villa Building Blocks Toys,N/A,N/A,https://www.lazada.com.ph/products/pdp-i5378863386.html
New Competitive Spinning Top Toy,N/A,N/A,https://www.lazada.com.ph/products/pdp-i15394214667.html
"BLUETTI Portable Power Station Elite 10, 128Wh 34,595mAh LiFePO4 Battery with 200W AC Outlet, 10ms UPS Backup, Fast Recharge Solar Generator for Camping, Travel & Outage Emergency Backup",N/A,N/A,https://www.lazada.com.ph/products/pdp-i5290875951.html
NEW SRNE MA SERIES 30A 40A 60A (12/24V/48V) MPPT Solar Charge Controller LifePO4 Compatible High Efficiency,N/A,N/A,https://www.lazada.com.ph/products/pdp-i3375490808.html
THUNDERBOLT DIESEL GENERATOR,N/A,N/A,https://www.lazada.com.ph/products/pdp-i3764501857.html
LA FLEUR Premium Plant Pots Planters Self Watering Plant Pots Planters - Garden Size,N/A,N/A,https://www.lazada.com.ph/products/pdp-i3528919946.html
Trailing Rare Dark Form Pink Princess Philodendron 2.5ft-3ft tall,N/A,N/A,https://www.lazada.com.ph/products/pdp-i2454568181.html
POWERHOUSE Handy Pressure Washer 1200W PH-HANDY-100PW PHPT,N/A,N/A,https://www.lazada.com.ph/products/pdp-i4408519167.html
BLUETTI Elite 30V2 288Wh/600W (Inverter power 1500W) LiFePO4 Battery 220-240V Portable Power Station Fast Charge Solar Generator,N/A,N/A,https://www.lazada.com.ph/products/pdp-i3552695605.html
Ingco Gasoline Generator Backup Power 4-Stroke Copper Coil Air-cooled Open Recoil Wire Alternator 10.5KW GE105006-5P IPT,N/A,N/A,https://www.lazada.com.ph/products/pdp-i4267038318.html
Super-Chlor Chlorine Granules Made in China 40kg,N/A,N/A,https://www.lazada.com.ph/products/pdp-i2413850650.html
Stainless Steel Swimming Pool Step Ladder with Built-in P Shaped Grab Rail 2/3-step,N/A,N/A,https://www.lazada.com.ph/products/pdp-i3286985795.html
LION | 3 Chamgreen Compact 600g Pumps,N/A,N/A,https://www.lazada.com.ph/products/pdp-i5370878256.html
Chlorine Tablet Dispenser Floater for 3 Inch Large Tablets,N/A,N/A,https://www.lazada.com.ph/products/pdp-i4041611632.html
"Ronix RH-4705 Gasoline Generator 3.2Kw-15L: 210cc 4-Stroke Engine, 10-Hour Runtime, 220V AC Outlets, Voltmeter, Portable Design, Circuit Breaker, Low Noise, Copper-Wound Head, Oil Alert - Ideal for Workshops",N/A,N/A,https://www.lazada.com.ph/products/pdp-i4337050667.html
Nss 500W solar portable generator 220V power tools portable power station Multi-Function portable big capacity solar powered generator,N/A,N/A,https://www.lazada.com.ph/products/pdp-i3785591450.html
RV ventilator self-towing trailer refitting accessories bidirectional exhaust fan ventilation fan with raindrop induction.,N/A,N/A,https://www.lazada.com.ph/products/pdp-i5269662465.html
NSS Solar Panel Set For Home With Battery Inverter and Solar Charge Controller and 20W 30W 50W 100W Solar Panel,N/A,N/A,https://www.lazada.com.ph/products/pdp-i2990296730.html
Keep spinning bike home exercise bike intelligent magnetic control bicycle exercise weight loss equipment indoor ultra-quiet,N/A,N/A,https://www.lazada.com.ph/products/pdp-i5294768404.html
200W/300W Power Station 220V Multi-Function Portable Big Capacity Solar GeneratorFast Shipping,N/A,N/A,https://www.lazada.com.ph/products/pdp-i5398312033.html
United Power Gasoline Generator ECO Series 4000W GG4000A,N/A,N/A,https://www.lazada.com.ph/products/pdp-i15415433947.html
Diesel generator single machine small pure copper 30KW/40KW/50KW three-phase 220v380v brushless.,N/A,N/A,https://www.lazada.com.ph/products/pdp-i4834671730.html
Nanpu Motor Permanent Magnet Synchronous Motor 1500w DC Brushless Zongshen Futian Yujie Electric Vehicle Special Purpose,N/A,N/A,https://www.lazada.com.ph/products/pdp-i5072114405.html
UNITED POWER Inverter Generator- IG3600,N/A,N/A,https://www.lazada.com.ph/products/pdp-i5184906502.html
Electromagnetic braking motor for single-beam traveling crane yeseysz 0.8kw 1.5kw 2.2kw Nanjing soft start motor,N/A,N/A,https://www.lazada.com.ph/products/pdp-i4997354101.html
Psyl copper motor household single-phase 220V national standard motor pulverizer rice thresher two-phase high horsepower.,N/A,N/A,https://www.lazada.com.ph/products/pdp-i5079052117.html
Specifications and models of five-star sol motor of injection molding machine are reported in a large number of spot stocks according to size and displacement consultation.,N/A,N/A,https://www.lazada.com.ph/products/pdp-i5298325140.html
Micro-tiller hand-cranked pull-free starter 170F178F186F vertical air-cooled diesel engine generator starter new style,N/A,N/A,https://www.lazada.com.ph/products/pdp-i4880601416.html
[BMRC] Brushless induction motor for GlRacing mosquito vehicle 2500 3500 4500 5500 6800,N/A,N/A,https://www.lazada.com.ph/products/pdp-i5071000654.html
Ruiming all-copper wire diesel generator 10kw15KW20 20kw brush AC synchronous single-phase three-phase generator.,N/A,N/A,https://www.lazada.com.ph/products/pdp-i4824757278.html
Original zb26kqe-pfj-524/558 original zb26kq-tfd-558 original brand-new medium and low temperature grain wheel compression.,N/A,N/A,https://www.lazada.com.ph/products/pdp-i5064128693.html
Zhongshan Xiaoying GA Series Brushless Motor GA5225 Eaglepower Fixed-wing Multipolar Motor,N/A,N/A,https://www.lazada.com.ph/products/pdp-i5140189317.html
"Portable film equipment, mulch machine, hand-pulled agricultural manpower 2020. Film laying tool laminating machine laminating machine",N/A,N/A,https://www.lazada.com.ph/products/pdp-i5021757963.html
Transit 12-inch four-generation tile motor 3000W5000W6000W8000W10000W is suitable for far-driven calves.,N/A,N/A,https://www.lazada.com.ph/products/pdp-i5042324065.html
National intercom 5G lifetime free 5000 km motorcade transportation outdoor site hotel long-distance self-driving.,N/A,N/A,https://www.lazada.com.ph/products/pdp-i5277700191.html
"WAK-NH4+(C)-4 ammonia nitrogen detection reagent kit 0-20, Japan.",N/A,N/A,https://www.lazada.com.ph/products/pdp-i5111304355.html
"Xinjie 2.3KW drive DS2-22P3-AS, unpacked and packaged, single purchase and 4 bargaining.",N/A,N/A,https://www.lazada.com.ph/products/pdp-i5139489805.html
Science Model Vertical Wind Generator DIY Kit Small Motor Vertical Wind Turbines Blades Breeze Electricity Generator Wind Energy,N/A,N/A,https://www.lazada.com.ph/products/pdp-i15475553647.html
Buke Kinco ED430-0020-AA-K-000 servo driver has a brand-new original warranty of 18 months.,N/A,N/A,https://www.lazada.com.ph/products/pdp-i5122909235.html
Psyl copper motor household single-phase 220V national standard motor pulverizer rice thresher two-phase high horsepower.,N/A,N/A,https://www.lazada.com.ph/products/pdp-i4877935612.html
【Home Accessory Store】 Miniature Hydroelectric Turbine Generator Motor for Energy Efficiency Studies 【Durable New Arrival Goods】,N/A,N/A,https://www.lazada.com.ph/products/pdp-i15454016021.html
11 stainless steel telescopic drying rack wing folding wall-hung balcony indoor and outdoor stainless steel,N/A,N/A,https://www.lazada.com.ph/products/pdp-i5282252742.html
WONIUSHUSHU | Portable Automatic Inflating Air Bed Car,N/A,N/A,https://www.lazada.com.ph/products/pdp-i5405069385.html
New small ultra-quiet 220v portable gasoline generator outdoor camping home mini portable car transformer,N/A,N/A,https://www.lazada.com.ph/products/pdp-i4953853042.html
(LAXE) 4Pc Wind Turbine Generator Kit Micro-Hand Dynamo Generator DC12V Generator Power Supply,N/A,N/A,https://www.lazada.com.ph/products/pdp-i15467702396.html
Chang Chai 10KW diesel generator set household 3/5/6/8/12kw KVA single-phase 220V three-phase 380V.,N/A,N/A,https://www.lazada.com.ph/products/pdp-i5140531926.html
CST ENERGY Lifepo4 Battery 48V 300AH 14336Wh Solar Battery Lithium Battery Iron Phosphate Vertical Storage Battery,N/A,N/A,https://www.lazada.com.ph/products/pdp-i5204810822.html
Diesel generator set 10KW small single-phase 5/6/8kW single-phase 380V household mute 220V power,N/A,N/A,https://www.lazada.com.ph/products/pdp-i5158653970.html
Transit 12-inch four-generation 2000W3000W5000W6000W8000W tile motor is suitable for calf remote drive.,N/A,N/A,https://www.lazada.com.ph/products/pdp-i5046562186.html
Lego Ninjago 71849 Nya vs Mutation Monster Spinner (2026),N/A,N/A,https://www.lazada.com.ph/products/pdp-i15397819701.html
Aqua Care Dry Acid pH Reducer for Swimming Pools Sodium Bisulfate 5kg,N/A,N/A,https://www.lazada.com.ph/products/pdp-i2598076184.html
KEELAT Electric Pruning Shears Cordless Garden Plant Scissor Pruner Ratchet Cutter With Lithium Battery,N/A,N/A,https://www.lazada.com.ph/products/pdp-i3422172582.html
outdoor camping and hiking 1500W solar Power supply Station outdoor Multifunctional Power Station with solar panel,N/A,N/A,https://www.lazada.com.ph/products/pdp-i15449363941.html
Off-Grid Solar Inverter with MPPT and Grid Complement,N/A,N/A,https://www.lazada.com.ph/products/pdp-i15405524388.html
Home Garden Vegetables and Herbs Seeds,N/A,N/A,https://www.lazada.com.ph/products/pdp-i4760639247.html
TP-Link Official Store | VIGI SP9030 | 90W Photovoltaic Panel and 31.2Ah/10.8V Lithium Battery IP66 Weatherproof Intelligent Solar Power Supply System,N/A,N/A,https://www.lazada.com.ph/products/pdp-i4546356676.html
TOGO Power Portable Powerstation Model: MASTER 500,N/A,N/A,https://www.lazada.com.ph/products/pdp-i5397276495.html
8KW household solar inverse control integrated machine 48V120A150A MPPT PV500V with built-in WIFI and 6 sets.,N/A,N/A,https://www.lazada.com.ph/products/pdp-i5028545701.html
Aquacare Japan Chlorine 60% SDIC-G (Granular) 4kg,N/A,N/A,https://www.lazada.com.ph/products/pdp-i3265562023.html
Naturehike outdoor camping ice bucket food insurance refrigerator picnic pull rod 28,N/A,N/A,https://www.lazada.com.ph/products/pdp-i5269000525.html
NEW 6000w 12V permanent magnet generator low torque and low,N/A,N/A,https://www.lazada.com.ph/products/pdp-i4646117903.html
Firefly Multi-Function Portable Power Station Generator 300Wh Heavy Duty for brownout / camping / car jump start,N/A,N/A,https://www.lazada.com.ph/products/pdp-i5150605020.html
Hoop Mounting Generator Wind Power Generator Power Equipment with 1 X Gasket for Wind Turbine Kit,N/A,N/A,https://www.lazada.com.ph/products/pdp-i15472821069.html
Blowing and suction dual-purpose blower household leaves crushing integrated high-power blower powerful electric garden leaf blowing and suction machine,N/A,N/A,https://www.lazada.com.ph/products/pdp-i5140362818.html
Transit 12-inch four-generation 2000W3000W5000W6000W8000W tile motor is suitable for calf remote drive.,N/A,N/A,https://www.lazada.com.ph/products/pdp-i5080386380.html
EB70(GRAY) 716Wh/1000W 220V Portable Solar Generator LiFePo4 Power Supply Pure Sine Wave Portable Power Station Mobile Power Self-Car Traveling Picnic Outdoor Camping Hiking,N/A,N/A,https://www.lazada.com.ph/products/pdp-i3937031067.html
Diesel generator set 5/8/10/12 kW 15kw20 single 220v three-phase 380V24/30/40/50 single machine,N/A,N/A,https://www.lazada.com.ph/products/pdp-i4931255419.html
Specifications and models of five-star sol motor of injection molding machine are reported in a large number of spot stocks according to size and displacement consultation.,N/A,N/A,https://www.lazada.com.ph/products/pdp-i5111600709.html
700C carbon fiber road ring brake wheel set 20-24 hole DT straight pull ratchet hub vacuum compatible rim carbon knife.,N/A,N/A,https://www.lazada.com.ph/products/pdp-i5269829288.html
YEJ Electromagnetic Braking Three-phase Asynchronous Motor 0.75/1.5/2.2/3/4KW Braking Deceleration Motor,N/A,N/A,https://www.lazada.com.ph/products/pdp-i5056874592.html
"Deye Deye inverter power supply 5kW, 5KW 8KW 10KW hybrid energy storage distributed solar hybrid inverter.",N/A,N/A,https://www.lazada.com.ph/products/pdp-i4489871664.html
"TMOTOR AT4130, brushless motor for outer rotor of power model motor of vertical take-off and landing fixed-wing aircraft",N/A,N/A,https://www.lazada.com.ph/products/pdp-i5135682244.html
Shanghai Lichen Dry Nitrogen Blower 12-hole 24-hole Laboratory Constant Temperature Nitrogen Blowing Concentrator DCY-12GP,N/A,N/A,https://www.lazada.com.ph/products/pdp-i4873404191.html
NANWEI 1000W Pure Sine Wave Inverter Grid MPPT Solar Power Inverter(36V ),N/A,N/A,https://www.lazada.com.ph/products/pdp-i15415952092.html
300W 500W Household or Outdoor Small All In One Solar Energy Systems Portable Solar Power Generator Station,N/A,N/A,https://www.lazada.com.ph/products/pdp-i4316149893.html
"Korean-Made, Kc Certified, Unique Pure Sine Wave Solar Inverter Dk4830, Maximum Output 3000W, Dc",N/A,N/A,https://www.lazada.com.ph/products/pdp-i15415957795.html
Vehicle-mounted hose dragon grain suction machine grain suction machine small household grain suction machine grain loading artifact conveyor,N/A,N/A,https://www.lazada.com.ph/products/pdp-i5282360259.html
Table-top experiment of small nitrogen generator The supporting equipment of small nitrogen generator is packed with nitrogen generator.,N/A,N/A,https://www.lazada.com.ph/products/pdp-i5268763545.html
Electric pulling pesticide sprayer 48V60V72V220 pure copper motor remote control electric sprayer pulling pesticide sprayer agricultural automatic.,N/A,N/A,https://www.lazada.com.ph/products/pdp-i4821224366.html
【Hot item】 135mm Diameter 3/5/6 Vanes Blades S/m Wind Turbines Hub Generator Windmill Wheel Hub Accessories For All Wind Turbine Generator,N/A,N/A,https://www.lazada.com.ph/products/pdp-i5307237998.html
Power Station 220V 300W/500W Multi-Function Portable Big Capacity Solar Generator for Camping,N/A,N/A,https://www.lazada.com.ph/products/pdp-i4314942790.html
"Hands-on Learning DIY Wind Turbine Kit Easy to Assemble Wind Power Generator Model Paintable Wood Educational Toy for Students, Classroom",N/A,N/A,https://www.lazada.com.ph/products/pdp-i15490635742.html
Yifeng servo motor set 60 80 110 130 400W750W1.5KW2.3KW driver wire feeding,N/A,N/A,https://www.lazada.com.ph/products/pdp-i5118091463.html
Flying Athena | Low Resistance Straight-Pull Bicycle Wheel Set,N/A,N/A,https://www.lazada.com.ph/products/pdp-i5410742335.html
Buke Kinco ED430-0020-AA-K-000 servo driver has a brand-new original warranty of 18 months.,N/A,N/A,https://www.lazada.com.ph/products/pdp-i5150260954.html
Educational Science Experiment Toy,N/A,N/A,https://www.lazada.com.ph/products/pdp-i15418965289.html
"Toyohama TH1200 Gasoline Generator – 1000W Portable Power, 220V, 60Hz",N/A,N/A,https://www.lazada.com.ph/products/pdp-i4786569562.html
Haoji 20310 torque 10Nm large permanent magnet brushless DC motor hollow shaft ultra-thin low-speed torque motor,N/A,N/A,https://www.lazada.com.ph/products/pdp-i5282279470.html
Tianjun warm air dryer steam mites sterilization convenient home dryer clothes rack dryer clothes care machine,N/A,N/A,https://www.lazada.com.ph/products/pdp-i5302528214.html
ZJ220-66-1 Yong 06 magnetic DC deceleration 7 motor Wuxi Huaxing Electric Kai Guanchang 70W0.A.,N/A,N/A,https://www.lazada.com.ph/products/pdp-i5071989852.html
Lydsto Handheld Pool Vacuum Cordless Rechargeable Pool Vacuums Cleaner With Telescopic Pole,N/A,N/A,https://www.lazada.com.ph/products/pdp-i4540164338.html
Pool Water Descent Spillway Waterfall fountain Swimming pool light garden decor Acrylic With RGB LED strip 300mm-1200mm,N/A,N/A,https://www.lazada.com.ph/products/pdp-i4353337063.html
Dicalite Diatomaceous Earth (DE Filter Powder) for Swimming Pools 22.7kg,N/A,N/A,https://www.lazada.com.ph/products/pdp-i2418689159.html
儿童磁力拼接玩具车男孩磁吸积木拼装火箭百变太空舰队变形机器人,N/A,N/A,https://www.lazada.com.ph/products/pdp-i5300871868.html
DC 12V Micro Hydro Generator Small Water Turbine Generator Pipeline Type Mini Hydraulic Power Generator for Faucet Experiments,N/A,N/A,https://www.lazada.com.ph/products/pdp-i15471621218.html
Richt Ngtgs7 Commercial Stand and Handheld Steam Iron,N/A,N/A,https://www.lazada.com.ph/products/pdp-i5375757730.html
jeely 12 weaves 3mm 1/8'' 2000lb 50m Paraglider Winch Rope UHMWPE Braided,N/A,N/A,https://www.lazada.com.ph/products/pdp-i15436428898.html
Bundle Deals - Sliding Motor up to 500KG + Flashing Light + Remote Control + Photosensor,N/A,N/A,https://www.lazada.com.ph/products/pdp-i3061709193.html
Upgraded Miner 117KH/S with Color Screen Mini Bitcoin BTC Miner BTC Solo Lottery Mining Miner Miner,N/A,N/A,https://www.lazada.com.ph/products/pdp-i15475304168.html
150MM Polycarbonate Plastic Vacuum Dryer Laboratory Dessicator Dryer Vacuum Drying Storage Double Valve with Pressure Gauge,N/A,N/A,https://www.lazada.com.ph/products/pdp-i1874812637.html
Magnetic Speed Cube for Racing,N/A,N/A,https://www.lazada.com.ph/products/pdp-i15442533674.html
【JIN】-NerdAxe NerdMiner Miner 500Gh/S BM1366 ASIC Chip Lottery Mining Miner Solo Lottery BTC Miner,N/A,N/A,https://www.lazada.com.ph/products/pdp-i4982723442.html
Magnetic Speed Professional Competition Cube,N/A,N/A,https://www.lazada.com.ph/products/pdp-i15449835966.html
Powerhouse Super Silent Type Diesel Generator 10.5kW With Battery for Electric Start Backup PH-PWH-12500E-DST TFM PHI,N/A,N/A,https://www.lazada.com.ph/products/pdp-i4837875170.html
Mitsushi 12kw Silent Diesel Generator with Wheels 531cc Stable Power Equipment Emergency Backup Power,N/A,N/A,https://www.lazada.com.ph/products/pdp-i4998581115.html
CICIIBEAR | Children's Windproof Warm Boys Down Trousers,N/A,N/A,https://www.lazada.com.ph/products/pdp-i15423891357.html
QIAOPIGU | Science Exploration Kit for Kids Educational Toys,N/A,N/A,https://www.lazada.com.ph/products/pdp-i15394172620.html
Mitsushi 12kw Silent Diesel Generator with Wheels 531cc Stable Power Equipment Emergency Backup Power,N/A,N/A,https://www.lazada.com.ph/products/pdp-i4999359925.html
Japan white hakko FX-780 nitrogen generator electric soldering iron FX-791 nitrogen flow regulator,N/A,N/A,https://www.lazada.com.ph/products/pdp-i5279517108.html
Old A industrial gasoline generator 220v380V high power 3kw5kw6kw7kw8kw low noise and low fuel consumption.,N/A,N/A,https://www.lazada.com.ph/products/pdp-i5129240502.html
Wind-solar complementary solar power generation system with 220v full set of solar panels and photovoltaic panels for wind turbines.,N/A,N/A,https://www.lazada.com.ph/products/pdp-i4459052956.html
Ventilation pipe elevator cold storage board elevator brick machine raises electric air conditioning water heating installation 220v electric.,N/A,N/A,https://www.lazada.com.ph/products/pdp-i5279313878.html
Mitsushi 12kw Silent Diesel Generator with Wheels 531cc Stable Power Equipment Emergency Backup Power,N/A,N/A,https://www.lazada.com.ph/products/pdp-i4999530963.html
rolife | DIY Super World Model House,N/A,N/A,https://www.lazada.com.ph/products/pdp-i5402175353.html
【Top-rated】 1000-5000W MPPT Charge Controller 12V/24V AUTO 48V 10A-40A Wind Turbine Generator Water Proof Regulator Rectifier Factory Price,N/A,N/A,https://www.lazada.com.ph/products/pdp-i15459281746.html
[ Store] Exclusive2Pc Wind Turbine Generator Kit Micro-Hand Dynamo Generator DC12V Generator Power Supply,N/A,N/A,https://www.lazada.com.ph/products/pdp-i15476216828.html
361° | Kids' Knitted Sport Pants,N/A,N/A,https://www.lazada.com.ph/products/pdp-i15396724752.html
361 men's shoes in summer mesh breathable thin one pedal sneakers lazy leisure flying woven running shoes for men and women.,N/A,N/A,https://www.lazada.com.ph/products/pdp-i5279377619.html
HATE | Off-road Upgrade 12000lb Winch Mount For Pajero V93 V97 V87 12000 lb,N/A,N/A,https://www.lazada.com.ph/products/pdp-i5244319279.html
", Gatorade ds2 servo. Drive type-No.DS: 2-20P7bSW motor model bargaining",N/A,N/A,https://www.lazada.com.ph/products/pdp-i5028746524.html
TEC CREATORS | Educational Assembly Toy Steam Train Tracks,N/A,N/A,https://www.lazada.com.ph/products/pdp-i5378852284.html
Household 5KW high-frequency off-grid photovoltaic and solar inverter control integrated UPS inverter,N/A,N/A,https://www.lazada.com.ph/products/pdp-i4821077089.html
LA FLEUR Premium Plants Pots Planters Self Watering Plant Pots Planters - Medium Size,N/A,N/A,https://www.lazada.com.ph/products/pdp-i3528539259.html
"Toyohama TH2500 Gasoline Generator – 2000W Portable Power, 220V, 60Hz, 4-Stroke Engine",N/A,N/A,https://www.lazada.com.ph/products/pdp-i4786568565.html
"Korean-Made, Kc Certified, Unique Pure Sine Wave Solar Inverter Dk4840, Maximum Output 4000W, Dc",N/A,N/A,https://www.lazada.com.ph/products/pdp-i15416013701.html
Huang Jintai solar power generation system household full power 2KW output power frequency off-grid inverse control all-in-one machine 220V.,N/A,N/A,https://www.lazada.com.ph/products/pdp-i5048232715.html
Electric Farm Orchard Transport Trolley,N/A,N/A,https://www.lazada.com.ph/products/pdp-i15435718995.html
brembo | Front Ventilated Brake Disc,N/A,N/A,https://www.lazada.com.ph/products/pdp-i5380851137.html
Beginner Men's Golf Set,N/A,N/A,https://www.lazada.com.ph/products/pdp-i5378899412.html
Diesel generator 8kW 10kw silent household 5kw three-phase 380v two-phase 220V gasoline generator automatic,N/A,N/A,https://www.lazada.com.ph/products/pdp-i5042091145.html
Mitsushi 12KW Silent Diesel Generator Portable Generator Generators Set Genset Generadors Emergency Backup Power,N/A,N/A,https://www.lazada.com.ph/products/pdp-i4998421881.html
Niclon 7000 40Kg (1 Drum) Chlorine for Intex and Bestway Swimming Pool Made in Japan,N/A,N/A,https://www.lazada.com.ph/products/pdp-i4457912632.html
6KW Parallelable Hybrid Solar Inverter Up to 9 Pure Sine Wave Inverter Smart Dc to Ac Converter 48V Input and 220V Output 500V PV Inverter MPPT Power Inverter,N/A,N/A,https://www.lazada.com.ph/products/pdp-i3480486507.html
brembo | Ventilated Front Brake Disc For BYD Yuan,N/A,N/A,https://www.lazada.com.ph/products/pdp-i5382294002.html
Bluetti Portable Power Station 96000mAh / 300W / 300Wh 220V 60Hz,N/A,N/A,https://www.lazada.com.ph/products/pdp-i2934129279.html
Ingco by Winland 13.0HP(4-Stroke) Industrial Gasoline Engine Generator GEN1882 ING-PT,N/A,N/A,https://www.lazada.com.ph/products/pdp-i4919191884.html
Ultra Fast Lightweight Spinning Rod,N/A,N/A,https://www.lazada.com.ph/products/pdp-i15442342252.html
LA FLEUR Premium Plants Pots Planters Self Watering Plant Pots Planters - Large Size,N/A,N/A,https://www.lazada.com.ph/products/pdp-i3528574195.html
Mitsushi 12kw Silent Diesel Generator with Wheels 531cc Stable Power Equipment Emergency Backup Power,N/A,N/A,https://www.lazada.com.ph/products/pdp-i4999603330.html
Mitsushi 12kw Silent Diesel Generator with Wheels 531cc Stable Power Equipment Emergency Backup Power,N/A,N/A,https://www.lazada.com.ph/products/pdp-i4999397888.html
"funtasica Turbines, Small Wind Motor for DIY Assembly Kits",N/A,N/A,https://www.lazada.com.ph/products/pdp-i5107922696.html
YSE802-4/0.8KW solid rotor magnetic braking motor crane crane gantry crane running motor,N/A,N/A,https://www.lazada.com.ph/products/pdp-i5142198522.html
Pneumatic spindle NR-303 Japan NAKANISHI air electric spindle automatic machine tool high-speed spindle,N/A,N/A,https://www.lazada.com.ph/products/pdp-i5023042424.html
Motor new energy electric three-wheeled vehicle permanent magnet DC brushless motor motor electric drive 48V60V,N/A,N/A,https://www.lazada.com.ph/products/pdp-i5097825605.html
86 stepper motor with braking torque 12N.m machine height 159mm power-off brake 86 stepper motor set,N/A,N/A,https://www.lazada.com.ph/products/pdp-i5268594779.html
CHAMPION imported gasoline generator 110V 220V,N/A,N/A,https://www.lazada.com.ph/products/pdp-i4997301170.html
TMCM-351-E-TMCL VZ.VTD4820K4 VZ.VTD2440K4 VFD037E43A,N/A,N/A,https://www.lazada.com.ph/products/pdp-i5045180680.html
Hard rock PMSM permanent magnet synchronous motor drive board FOC2.0/5.4 vector sine wave control servo motor,N/A,N/A,https://www.lazada.com.ph/products/pdp-i5120056432.html
Diesel generator set 220V household 380V small gasoline 5kW 8/10kw single three-phase silent outdoor.,N/A,N/A,https://www.lazada.com.ph/products/pdp-i5116227151.html
SHANNAIER | Indoor Outdoor Trampoline,N/A,N/A,https://www.lazada.com.ph/products/pdp-i15449954492.html
Bargaining servo motor MS-60ST-M01330B-20P4+ driver DS2-20P4-BS6 in stock.,N/A,N/A,https://www.lazada.com.ph/products/pdp-i4993209727.html
"Portable film equipment, mulch machine, hand-pulled agricultural manpower 2020. Film laying tool laminating machine laminating machine",N/A,N/A,https://www.lazada.com.ph/products/pdp-i5056994450.html
Saden 7KW ultra-quiet diesel generator Single-phase three-phase diesel generator 220V380V fully automatic,N/A,N/A,https://www.lazada.com.ph/products/pdp-i5069168751.html
"A new product, pulling pesticide sprayer backpack high-voltage pesticide multifunctional electric sprayer agricultural lithium battery, is charged by oscillating stirring.",N/A,N/A,https://www.lazada.com.ph/products/pdp-i5012889406.html
zuocisankon | Visible Stitching Deconstruction Outdoor Jacket,N/A,N/A,https://www.lazada.com.ph/products/pdp-i5403706904.html
【Deal of the day】 MPPT Wind Turbine Generator Controller 500W 3000W Wind Power Generating Controller With Overcharging Protection IP67 Waterproof,N/A,N/A,https://www.lazada.com.ph/products/pdp-i5189277666.html
Xinchang diesel generator 15/20/30kw three-phase single-phase single-cylinder water-cooled dual-voltage generator set,N/A,N/A,https://www.lazada.com.ph/products/pdp-i5125727513.html
Small electric hoist hanging doors and windows machine outdoor building decoration lifting brick crane elevator roof feeder,N/A,N/A,https://www.lazada.com.ph/products/pdp-i5269884828.html
A dragon Sur-Ron light bee X motor motor motor 3000W high power 250NM torque.,N/A,N/A,https://www.lazada.com.ph/products/pdp-i5129066271.html
Electric Tail Cutter Heavy duty,N/A,N/A,https://www.lazada.com.ph/products/pdp-i3459206462.html
Weichai variable frequency generator 1.8KW gasoline single-phase 220v portable small outdoor RV portable low noise.,N/A,N/A,https://www.lazada.com.ph/products/pdp-i5072467605.html
Gravity Track Building DIY Toy,N/A,N/A,https://www.lazada.com.ph/products/pdp-i15428828965.html
Psyl copper motor household single-phase 220V national standard motor pulverizer rice thresher two-phase high horsepower.,N/A,N/A,https://www.lazada.com.ph/products/pdp-i5135521455.html
Star servo motor plus driver 30KW driver 29KW motor 90% new,N/A,N/A,https://www.lazada.com.ph/products/pdp-i5057472782.html
Table-top experiment of small nitrogen generator The supporting equipment of small nitrogen generator is packed with nitrogen generator.,N/A,N/A,https://www.lazada.com.ph/products/pdp-i5269719738.html
Transit 12-inch four-generation tile motor 3000W5000W6000W8000W10000W is suitable for far-driven calves.,N/A,N/A,https://www.lazada.com.ph/products/pdp-i5103397141.html
Transit 12-inch four-generation tile motor 3000W5000W6000W8000W10000W is suitable for far-driven calves.,N/A,N/A,https://www.lazada.com.ph/products/pdp-i5069355127.html
Toyohana Gasoline Generator 3500 watts,N/A,N/A,https://www.lazada.com.ph/products/pdp-i3004916842.html
POWERHOUSE ENERGIE SERIES Gasoline Generator With Electric Start & Battery with Wheels & Handle Max Power 7.5 KW KVA PHI,N/A,N/A,https://www.lazada.com.ph/products/pdp-i3338214713.html
Haoying Hobbywing XERUN V10 G4 1/10 Electric Room The more you feel the brushless motor motor.,N/A,N/A,https://www.lazada.com.ph/products/pdp-i5188578467.html
Mitsushi Gasoline Inverter,N/A,N/A,https://www.lazada.com.ph/products/pdp-i4999698061.html
"RH Solar 10kW Grid Tied Solar DIY Kit - Complete Set with Inverter & Panels, Energy Saving Home Power System (10000W)",N/A,N/A,https://www.lazada.com.ph/products/pdp-i15484008703.html
BLUETTIPOWER AC50S(BLUE) 500Wh/300W 135000mah Portable Power Generator Portable Solar Generator Household Emergency Self-Car Traveling Picnic Outdoor Camping,N/A,N/A,https://www.lazada.com.ph/products/pdp-i3936859624.html
brembo | Ventilated Perforated Front Brake Discs Mercedes Specific,N/A,N/A,https://www.lazada.com.ph/products/pdp-i5351464652.html
Powerbox Portable Generator- 1000 Watts,N/A,N/A,https://www.lazada.com.ph/products/pdp-i1652408784.html
Star-Chlon Premium Chlorine Japan 70% Calcium Hypochlorite 45kgs/drum,N/A,N/A,https://www.lazada.com.ph/products/pdp-i3793289343.html
brembo | Vented Car Front Brake Disc For Sedan 09.A110.11,N/A,N/A,https://www.lazada.com.ph/products/pdp-i5351624663.html
361 women's shoes running shoes summer new sports shoes mesh breathable 361 degree lightweight shock-absorbing small white shoes mesh shoes,N/A,N/A,https://www.lazada.com.ph/products/pdp-i5279716470.html
361 women's shoes and sports shoes 2023 summer new mesh running shoes lightweight shock absorption autumn running shoes casual shoes,N/A,N/A,https://www.lazada.com.ph/products/pdp-i5279737077.html
MUHUASHA | High-Power Solar Panel 545-700W,N/A,N/A,https://www.lazada.com.ph/products/pdp-i15400165022.html
【Hot New Release】 Wind Turbine Generator Mppt Charge Controller 12v 24v Auto 48v Low Wind Speed Volatge Regulator For Windmill Three Phase,N/A,N/A,https://www.lazada.com.ph/products/pdp-i4483833683.html
Wind Turbine Magnetic Levitation Wind Generator Low Vibration High Power Generation 500W for Household,N/A,N/A,https://www.lazada.com.ph/products/pdp-i15481896175.html
Psyl copper motor household single-phase 220V national standard motor pulverizer rice thresher two-phase high horsepower.,N/A,N/A,https://www.lazada.com.ph/products/pdp-i5041615918.html
Wade WD15B/WD20B/WD30B Servo Driver WEIDE 400W 750W 1KW Servo Motor,N/A,N/A,https://www.lazada.com.ph/products/pdp-i5072467031.html
【Fast and Free Delivery】 Dc 9.8v-18.5v Mini High Power Hydroelectric Turbine Water Flow Generator Electric Hydroelectric Hydro Generator Power Supply,N/A,N/A,https://www.lazada.com.ph/products/pdp-i5377516872.html
Sine wave vector technology of permanent magnet DC brushless motor for electric three-wheeled vehicle Nanpu 1200W,N/A,N/A,https://www.lazada.com.ph/products/pdp-i4951244919.html
New Yuma motor 12 inch 15000W brushless DC exclusive tile permanent magnet motor,N/A,N/A,https://www.lazada.com.ph/products/pdp-i5158716776.html
YEJ Electromagnetic Braking Three-phase Asynchronous Motor 0.75/1.5/2.2/3/4KW Braking Deceleration Motor,N/A,N/A,https://www.lazada.com.ph/products/pdp-i5124567867.html
Diesel generator set 3/5/6/8KW household mobile portable low noise single-phase 220 three-phase 380V,N/A,N/A,https://www.lazada.com.ph/products/pdp-i4985946890.html
HELIX | Durable Portable Golf Bag with Swivel Wheels,N/A,N/A,https://www.lazada.com.ph/products/pdp-i15423176125.html
RV cycloidal pin wheel reducer Heavy-duty manipulator Robot joint reducer 150BX-RVA without flange.,N/A,N/A,https://www.lazada.com.ph/products/pdp-i5069949080.html
Jansport Superbreak Plus Laptop Coconut,N/A,N/A,https://www.lazada.com.ph/products/pdp-i15436133429.html
5KW diesel generator set air-cooled small household 6.25KVA 380/220V uses equal power at the same time.,N/A,N/A,https://www.lazada.com.ph/products/pdp-i5052618085.html
KOOZER | Self-built Wheelset 120 Sound 450 Hub Quasi-Vacuum Rim MTB,N/A,N/A,https://www.lazada.com.ph/products/pdp-i5404199903.html
Ishima dehumidifier dehumidifier household air dehumidifier dehumidifier dehumidifier dryer room,N/A,N/A,https://www.lazada.com.ph/products/pdp-i5282269647.html
Toyohana Gasoline Generator 3500 watts,N/A,N/A,https://www.lazada.com.ph/products/pdp-i3004965420.html
Xiyu 15/20/24/30KW single-cylinder diesel generator set water-cooled single-phase 220v three-phase 380V.,N/A,N/A,https://www.lazada.com.ph/products/pdp-i4891742838.html
Chang Chai single-cylinder diesel generator set 12kW 15/20/24/30KW water-cooled three-phase 380V single-phase 220v.,N/A,N/A,https://www.lazada.com.ph/products/pdp-i4873573703.html
Pologolf | Ladies' Beginner Golf Set Carbon Steel Clubs,N/A,N/A,https://www.lazada.com.ph/products/pdp-i5378964028.html
Changzhou Single Cylinder Diesel Engine Water-cooled Engine 12/15/18 HP Small Marine Tractor Agricultural Electric Start-up,N/A,N/A,https://www.lazada.com.ph/products/pdp-i4927901794.html
Meilide commercial spinning exercise bike indoor exercise bike gym special household fitness equipment,N/A,N/A,https://www.lazada.com.ph/products/pdp-i5282184936.html
Shark SG12000S 10kW Silent Type Diesel Generator Set with Air Cooled Engine High Speed,N/A,N/A,https://www.lazada.com.ph/products/pdp-i5392439556.html
【The-Best】 Dc 9.8v-18.5v Mini High Power Hydroelectric Turbine Water Flow Generator Electric Hydroelectric Hydro Generator Power Supply,N/A,N/A,https://www.lazada.com.ph/products/pdp-i5030626413.html
AEROBS | Quiet Design Inverter Gasoline Generator 110/220V,N/A,N/A,https://www.lazada.com.ph/products/pdp-i15408926991.html
Powerhouse 9.5kVA Super Silent Diesel Generator Emergency Backup Power Quiet Generator PH-PWH-12000E-DST - PHI,N/A,N/A,https://www.lazada.com.ph/products/pdp-i4881480727.html
Off-Road Durable Bike Wheel Set,N/A,N/A,https://www.lazada.com.ph/products/pdp-i15442403957.html
Bosson Paulsen gasoline generator 220v high-power 2.5KW outdoor RV air conditioner portable.,N/A,N/A,https://www.lazada.com.ph/products/pdp-i5025927496.html
Weichai variable frequency generator 1.8KW gasoline single-phase 220v portable small outdoor RV portable low noise.,N/A,N/A,https://www.lazada.com.ph/products/pdp-i4941915292.html
Youthful Versatile Mom's Windbreaker,N/A,N/A,https://www.lazada.com.ph/products/pdp-i15452448778.html
brembo | Front Ventilated Brake Disc,N/A,N/A,https://www.lazada.com.ph/products/pdp-i5351475566.html
Chang Chai single-cylinder water-cooled diesel generator set 20/24/30kW/15kW single-phase 220v three-phase 380V.,N/A,N/A,https://www.lazada.com.ph/products/pdp-i4874019542.html
Chang Chai power diesel generator set household 220v small 3/5/6/8kW 10KW single three-phase 380 mute.,N/A,N/A,https://www.lazada.com.ph/products/pdp-i5115231763.html
Second-hand spot Guangxi Yuchai diesel generator set has a brush 50 kW generator set.,N/A,N/A,https://www.lazada.com.ph/products/pdp-i4743701662.html
CD0.5t1t2t3t5t10t 6m9m12m18m24m30 Jiangyin Kaicheng electric hoist original factory guarantee,N/A,N/A,https://www.lazada.com.ph/products/pdp-i5027708359.html
Chang Chai power diesel generator set 220v small 3/5/6/8kW 10KW single three-phase 380 silent household.,N/A,N/A,https://www.lazada.com.ph/products/pdp-i5063822415.html
Yuchai single-cylinder water-cooled 15 kW 20/24KW diesel generator set single-phase 220v three-phase 380V all copper,N/A,N/A,https://www.lazada.com.ph/products/pdp-i5071221141.html
Small diesel generator set 15KW20 24 30 40 50 Low power household low fuel consumption 380v.,N/A,N/A,https://www.lazada.com.ph/products/pdp-i5012546373.html
Nanjing Nanda Instrument QM-3SP4/QM-3SP2 Planetary Ball Mill Small Planetary Ball Mill Laboratory,N/A,N/A,https://www.lazada.com.ph/products/pdp-i5102712997.html
Weifang Huafeng Huadong brushless 50KW diesel generator ZH4105 R4105 diesel generator,N/A,N/A,https://www.lazada.com.ph/products/pdp-i4504211570.html
Diesel generator set household 10kw fully automatic 220V dual voltage 380V 8000w gasoline generator.,N/A,N/A,https://www.lazada.com.ph/products/pdp-i5063651349.html
Weichai diesel generator set 50/100/200/300/400/500KW silent brushless automatic.,N/A,N/A,https://www.lazada.com.ph/products/pdp-i5071546489.html
Hualing 72HF2+35HF3,N/A,N/A,https://www.lazada.com.ph/products/pdp-i4990256687.html
Weifang 30KW silent diesel generator set 380V low noise automatic fire acceptance emergency standby.,N/A,N/A,https://www.lazada.com.ph/products/pdp-i5140802907.html
15KW gasoline generator 220V single three-phase 380v commercial construction household outdoor frequency conversion drone charging.,N/A,N/A,https://www.lazada.com.ph/products/pdp-i4797251068.html
Li-Ning | Lightweight Durable Carbon Kids Badminton Racket,N/A,N/A,https://www.lazada.com.ph/products/pdp-i5292294465.html
Diesel generator set 220V household 380V small gasoline 5kW 8/10kw single three-phase silent outdoor.,N/A,N/A,https://www.lazada.com.ph/products/pdp-i4866128251.html
"Central fresh air system, domestic fresh air fan, total heat exchanger, whole house commercial silent fresh air exhaust ventilator",N/A,N/A,https://www.lazada.com.ph/products/pdp-i5282009919.html
Marine Mindong Motor 3/5/8/10/12/15/20kW 30kW single-phase 220V AC synchronous generator.,N/A,N/A,https://www.lazada.com.ph/products/pdp-i5072085501.html
Low-speed permanent magnet generator 1kw-100kw380/220v high power generation efficiency Maintenance of small hydropower generator.,N/A,N/A,https://www.lazada.com.ph/products/pdp-i5076360998.html
-5057 pneumatic hanging gong pneumatic router woodworking router 3KW woodworking router,N/A,N/A,https://www.lazada.com.ph/products/pdp-i5279317865.html
Trinidad 220v small gasoline generator frequency conversion 4KW high power and low noise outdoor construction portable portable.,N/A,N/A,https://www.lazada.com.ph/products/pdp-i4990095882.html
brembo | Ventilated Front Brake Discs,N/A,N/A,https://www.lazada.com.ph/products/pdp-i5351643027.html
Wuyang Honda diesel generator set household 5/6/10kw8kW single-phase 220V dual-voltage three-phase 380v.,N/A,N/A,https://www.lazada.com.ph/products/pdp-i5056164555.html
brembo | Ventilated Front Brake Disc,N/A,N/A,https://www.lazada.com.ph/products/pdp-i5351561621.html
Yangben generator oil silent generator household small 220v portable generator 24V three-phase frequency conversion.,N/A,N/A,https://www.lazada.com.ph/products/pdp-i5046493816.html
10KW gasoline generator single cylinder 194 power rating 10kW base station special single three-phase 380V electric start.,N/A,N/A,https://www.lazada.com.ph/products/pdp-i4866022567.html
Zhengxin photovoltaic inverter 3.5KW5.5KW5KW8KW off-grid inverse control integrated machine solar power generation household,N/A,N/A,https://www.lazada.com.ph/products/pdp-i4946391392.html
Household outdoor solar generator system 1000W2000W3000W photovoltaic panel mobile emergency equipment,N/A,N/A,https://www.lazada.com.ph/products/pdp-i4799844443.html
newnow | Grid-Tie Solar Inverter Charger with MPPT Controller,N/A,N/A,https://www.lazada.com.ph/products/pdp-i15405483930.html
Ultralight Road Bike Wheel Set,N/A,N/A,https://www.lazada.com.ph/products/pdp-i5404215289.html
Manual electro-hydraulic lifting basketball stand outdoor mobile indoor competition professional adult standard venue basketball stand,N/A,N/A,https://www.lazada.com.ph/products/pdp-i5299377836.html
Yuchai Diesel Generator 5kW /6/8/10/15KW Single-phase 220V Three-phase 380 Small Silent Full Automatic,N/A,N/A,https://www.lazada.com.ph/products/pdp-i4894362494.html
Diesel generator set 220V household 380V small gasoline 5kW 8/10kw single three-phase silent outdoor.,N/A,N/A,https://www.lazada.com.ph/products/pdp-i5041945101.html
brembo | Ventilated Brake Disc,N/A,N/A,https://www.lazada.com.ph/products/pdp-i5351444957.html
EcoFlow Zhenghao Intelligent Generator Zhenghao Power Supply Large-capacity and high-power dual-fuel gasoline generator Power failure Emergency standby camping go on road trip RV household liquefied gas power generation,N/A,N/A,https://www.lazada.com.ph/products/pdp-i5123032883.html
Second-hand generator gasoline generator 2kw-10kw Honda Yamaha imported from China.,N/A,N/A,https://www.lazada.com.ph/products/pdp-i5155951752.html
Solar generator system household small 220v full set of photovoltaic panel integrated machine outdoor emergency mobile power supply,N/A,N/A,https://www.lazada.com.ph/products/pdp-i4875969107.html
20264kw/60Hz Gasoline Generator Portable All-copper Four-Stroke 220V Small GeneratorCOD,N/A,N/A,https://www.lazada.com.ph/products/pdp-i15486898748.html
. 2021 large ◆ custom ◆ power electric lawn mower small household weeding multifunctional lawn mower land reclamation farmers,N/A,N/A,https://www.lazada.com.ph/products/pdp-i5255675074.html
Beneunder | Adjustable Length Pant Shorts,N/A,N/A,https://www.lazada.com.ph/products/pdp-i5393156337.html
Weichai Power 20KW Generator Set,N/A,N/A,https://www.lazada.com.ph/products/pdp-i5148554313.html
Weichai Power 20KW Generator Set,N/A,N/A,https://www.lazada.com.ph/products/pdp-i5268639002.html
Diesel generator 220v/380v single-phase/dual-voltage 3000w/5kw/6kw/8kw/10kw small household.,N/A,N/A,https://www.lazada.com.ph/products/pdp-i5058405756.html
Ploughing machine machine orchard machine ditching agricultural land V artifact small micro diesel ditching tillage machine ploughing rotary,N/A,N/A,https://www.lazada.com.ph/products/pdp-i5150252248.html
Wind-solar complementary solar power generation system with 220v full set of solar panels and photovoltaic panels for wind turbines.,N/A,N/A,https://www.lazada.com.ph/products/pdp-i5033537934.html
Fixed-free food and vegetable industry dehydrator foundation weighting hardware electroplating hanging basket plate centrifugal dryer,N/A,N/A,https://www.lazada.com.ph/products/pdp-i5297867432.html
Guangxi Yuchai diesel generator water-cooled 15kW/20/24kW single-phase 220v three-phase 380v all-copper motor.,N/A,N/A,https://www.lazada.com.ph/products/pdp-i5048264466.html
Diesel generator set 220V household 380v small gasoline 5kW 8/10/15kw single three-phase mute,N/A,N/A,https://www.lazada.com.ph/products/pdp-i4745449078.html
Diesel generator set 220V household 380v small gasoline 5kW 8/10/15kw single three-phase mute,N/A,N/A,https://www.lazada.com.ph/products/pdp-i4887897772.html
Diesel generator set 220V household 380v small gasoline 5kW 8/10/15kw single three-phase mute,N/A,N/A,https://www.lazada.com.ph/products/pdp-i5102423334.html
Growatt 6KW DVM HVM Multifunctional 48V Pure Sine Wave Off-grid Solar Inverter Power Frequency Machine,N/A,N/A,https://www.lazada.com.ph/products/pdp-i5159598030.html
【sought-after】 Ac 220v High Voltage Generator Module Continuous Igniter Pulse Generator Inverter 50kv 12kv 20000v 20kv,N/A,N/A,https://www.lazada.com.ph/products/pdp-i4885765463.html
Diesel generator set 220V household 380v small gasoline 10kW 5/8/13/15kw silent dual voltage.,N/A,N/A,https://www.lazada.com.ph/products/pdp-i5109535511.html
Greenhouse Roll Up Motor Creeper Greenhouse Electric Film Roll Machine Vegetable Lifting Side Ventilation Creeper,N/A,N/A,https://www.lazada.com.ph/products/pdp-i5292697740.html
Garden Equipment 755 Motor 12V Electric Lawn Mower Motor Fast Installation High Performance Metal Material Silver Color,N/A,N/A,https://www.lazada.com.ph/products/pdp-i5281624067.html
【Latest Style】 Hand Crank Generator Mobile Phone Charging Treasure High Power 220v 500w Large Outdoor Dc12v 240w Manual Generator,N/A,N/A,https://www.lazada.com.ph/products/pdp-i15471626917.html
Agricultural 1600W Three Wheel Tractor High Power Generator 14V 28V Permanent Magnet DC Brushless Generator,N/A,N/A,https://www.lazada.com.ph/products/pdp-i4445953450.html
【Must-Have Gadgets】 Agricultural 2000w Three-Wheel Tractor High-Power Generator 14v 28v Permanent Magnet Dc Brushless Generator,N/A,N/A,https://www.lazada.com.ph/products/pdp-i5170843269.html
5pcs Original D5SB60 D5SB 60 5A/600V Rectifier Bridge Stack New Original,N/A,N/A,https://www.lazada.com.ph/products/pdp-i3656608717.html
brembo | Ventilated Original Brake Discs,N/A,N/A,https://www.lazada.com.ph/products/pdp-i5351450665.html
10x 17211-Z07-000 Air Filter with 17218-Z07-000 Outer Filter for Generator EB2000 EB2000I EB2000IT1 EB2200IT EU2000,N/A,N/A,https://www.lazada.com.ph/products/pdp-i15455580406.html
5pcs Original D5SB60 D5SB 60 5A/600V Rectifier Bridge Stack New Original,N/A,N/A,https://www.lazada.com.ph/products/pdp-i3932238385.html
Small flying bird gantry comprehensive trainer commercial fitness equipment multifunctional machine gym special equipment,N/A,N/A,https://www.lazada.com.ph/products/pdp-i5255374737.html
螺旋藻片 倍臻致螺旋藻咀嚼片增强免疫力蓝帽认证蛋白质45% .TasteWorld,N/A,N/A,https://www.lazada.com.ph/products/pdp-i15447493778.html
Signal Generator 7.83Hz Pure Sine USB Rechargeable 0.01‑100000Hz Adjustable Ultra Low Frequency Pulse Generator Generator,N/A,N/A,https://www.lazada.com.ph/products/pdp-i15451752969.html
【Latest Style】 Hand Crank Generator Mobile Phone Charging Treasure High Power 220v 500w Large Outdoor Dc12v 240w Manual Generator,N/A,N/A,https://www.lazada.com.ph/products/pdp-i5082093646.html
【KaArtsy】 Hand Crank Generator Mobile Phone Charging Treasure High Power 220v 500w Large Outdoor Dc12v 240w Manual Generator,N/A,N/A,https://www.lazada.com.ph/products/pdp-i5331501750.html
Premium Magnetic Upgrade Competition Cubes,N/A,N/A,https://www.lazada.com.ph/products/pdp-i15455550108.html
[Trivony] Manual Generator Hand Crank High-Power 220V 500W DC12V Outdoor Charging Device,N/A,N/A,https://www.lazada.com.ph/products/pdp-i15483599563.html
【MALL GMTOP】 Permanent Magnet Brushless Motor Generator Set Output Ac 220v Double Bearing Silent Inner Rotor Dc High Voltage Dc 12v Motor 775,N/A,N/A,https://www.lazada.com.ph/products/pdp-i5267351758.html
Garden Decoration Windmill,N/A,N/A,https://www.lazada.com.ph/products/pdp-i15455989144.html
Wuxi power diesel generator set household 5/6 5/6/10kw8 8kw single-phase 220V dual-voltage three-phase 380v.,N/A,N/A,https://www.lazada.com.ph/products/pdp-i5294289456.html
Cat Food Dryer,N/A,N/A,https://www.lazada.com.ph/products/pdp-i15458845558.html
Magnetic Attractive Yearbook 2026,N/A,N/A,https://www.lazada.com.ph/products/pdp-i15444095230.html
"Suitable for 18-20V Original Makita Battery Interface Outdoor Portable Inverter AC (MT inverter 220-230V, Compatible with UK/US/AU/EU Plug)",N/A,N/A,https://www.lazada.com.ph/products/pdp-i4099415209.html
【Hot demand】 Ptz 3205 Motor Dc 12v 3-Phase Brushless Motor Bldc Hollow Shaft Infinite Position Ndfeb Strong Magnetic Ring Induction,N/A,N/A,https://www.lazada.com.ph/products/pdp-i4981372913.html
Diesel generator set 220V household 380v small gasoline 5kW /6/8/10kw single cylinder three-phase mute,N/A,N/A,https://www.lazada.com.ph/products/pdp-i5125851422.html
【Shop Now and Save】 Hand Crank Generator Mobile Phone Charging Treasure High Power 220v 500w Large Outdoor Dc12v 240w Manual Generator,N/A,N/A,https://www.lazada.com.ph/products/pdp-i5309052450.html
【Upgrade Your Style】 Manual Generator Hand Crank High-Power 220V 500W DC12V Outdoor Charge,N/A,N/A,https://www.lazada.com.ph/products/pdp-i15463584344.html
Pavilion outdoor courtyard villa landscape garden anticorrosive solid wood antique garden outdoor quadrangle hexagonal pavilion,N/A,N/A,https://www.lazada.com.ph/products/pdp-i5268799988.html
Haidao gasoline generator Yamaha EF2000IS frequency conversion low noise portable single-phase manual start E1.6KW,N/A,N/A,https://www.lazada.com.ph/products/pdp-i5130163283.html
Competitive Speed 5x5 Magnetic Cube,N/A,N/A,https://www.lazada.com.ph/products/pdp-i15442475854.html
Orient automatic mechanical unisex watch dial can rotate fully functional stainless steel world time,N/A,N/A,https://www.lazada.com.ph/products/pdp-i15439721712.html
Transformable Spinning Toy Children,N/A,N/A,https://www.lazada.com.ph/products/pdp-i15456234187.html
Competitive Intelligence Toy 4x4 Magnetic Cube,N/A,N/A,https://www.lazada.com.ph/products/pdp-i15450157101.html
Scientific Experiment Education Toy Balance,N/A,N/A,https://www.lazada.com.ph/products/pdp-i15442611446.html
Commercial Automatic Steaming Oven,N/A,N/A,https://www.lazada.com.ph/products/pdp-i15486714136.html
Intelligent Adventure Train Track Toy,N/A,N/A,https://www.lazada.com.ph/products/pdp-i15450020303.html
10KW gasoline generator single cylinder 194 power rating 10kW base station special single three-phase 380V electric start.,N/A,N/A,https://www.lazada.com.ph/products/pdp-i5070099510.html
ULEEK wind and fire lun small sports car thumb pull back car blind box egg twisting machine children's fast car racing toy,N/A,N/A,https://www.lazada.com.ph/products/pdp-i5283916960.html
Ptz Motor Dc12v 3205 3-Phase Brushless Motor Hollow Shaft Infinite Position With Ndfeb Strong Magnetic Ring Induction,N/A,N/A,https://www.lazada.com.ph/products/pdp-i15457362909.html
generator Permanent magnet brushless dc motor 220V double bearing silent inner rotor high motor 775 motor brushless set,N/A,N/A,https://www.lazada.com.ph/products/pdp-i5066864464.html
小型散热风扇轴流风机金属铁网防尘网防护罩百叶窗67cm12cm9cm8cm,N/A,N/A,https://www.lazada.com.ph/products/pdp-i5170122338.html
3x5Fts Tunisia Tunisie Flag Tunis Tunisian,N/A,N/A,https://www.lazada.com.ph/products/pdp-i15442482998.html
VFD 220V 1.5/2.2/4/5.5/7.5KW Solar Variable Frequency Drive Water Pump Drive Inverter Converter For 3 Phase Motor Speed Control,N/A,N/A,https://www.lazada.com.ph/products/pdp-i4890570960.html
Ignition Coil 1130 400 1302 For Sthil 017 018 MS170 MS180 Chainsaw Parts,N/A,N/A,https://www.lazada.com.ph/products/pdp-i15448401817.html
[Waanon] Vertical Miner 500Gh/S BM1366 ASIC Chip Solo Lottery BTC Miner for Lottery Mining Miner,N/A,N/A,https://www.lazada.com.ph/products/pdp-i15393303288.html
WinsTown Fast Weight Gain tablet weight Plus tablet Hair,N/A,N/A,https://www.lazada.com.ph/products/pdp-i15490723956.html
Weighbridge Stainless Steel Jtion Box / Weighbridge Jtion Box / Weighing Sensor 4/6/8/10 Line 100 Ton Weighbridge Box Electrical Circuitry Parts,N/A,N/A,https://www.lazada.com.ph/products/pdp-i4082640929.html
mazalan 1 set 1:12 dollhouse miniature outdoor golf with ball for doll garden toys,N/A,N/A,https://www.lazada.com.ph/products/pdp-i5374464197.html
纯螺旋藻粉 食品级食用官方蓝色藻蓝蛋白小球海藻粉冲饮 .GlobalMunch,N/A,N/A,https://www.lazada.com.ph/products/pdp-i15437189710.html
Hand Crank Generator AC220V 150W Mobile Phone Charging Treasure High Power Large Capacity Outdoor DC12V 240W Manual Generator,N/A,N/A,https://www.lazada.com.ph/products/pdp-i5040377306.html
【JIN】- Nerdminer V2 BTC Solo Lottery Miner 78KH/S with LCD Display BTC Miner ASIC Mining Silent Miner,N/A,N/A,https://www.lazada.com.ph/products/pdp-i4972656995.html
Hot Sell Garden Green Nylon Trellis Netting Support Climbing Bean Plant Nets Grow Fence 1.8*0.9,N/A,N/A,https://www.lazada.com.ph/products/pdp-i4957076439.html
For LV02 74KH/S SHA256 BTC SOLO Miner Lottery Device Crypto Miner ASIC Mining Silent Miner,N/A,N/A,https://www.lazada.com.ph/products/pdp-i15475469491.html
【Hot ticket】 Manual Generator Hand Crank High-Power 220V 500W DC12V Outdoor Charging Device,N/A,N/A,https://www.lazada.com.ph/products/pdp-i15459289531.html
Vertical Miner 500Gh/S BM1366 ASIC Chip Solo Lottery BTC Miner Lottery Mining Miner,N/A,N/A,https://www.lazada.com.ph/products/pdp-i5354134623.html
【JIN】-NerdAxe NerdMiner 500Gh/S BM1366 ASIC Chip Vertical Miner Solo Lottery BTC Miner Lottery Mining Miner,N/A,N/A,https://www.lazada.com.ph/products/pdp-i4982835359.html
Upgraded Miner 117KH/S with Color Screen BTC Solo Lottery Mining Miner Mini Bitcoin BTC Miner Miner,N/A,N/A,https://www.lazada.com.ph/products/pdp-i15475519338.html
Charles Schwab alloy car model tank car set combination simulation 787a children's educational pull-back car parent-child toy,N/A,N/A,https://www.lazada.com.ph/products/pdp-i5309086215.html
Hot sales PowMr 3000W Hybrid Inverter DC 24V 220V AC With 80A MPPT Solar Charger Wide Voltage Off-Grid Inversor Max Solar Panel PV 450Vdc,N/A,N/A,https://www.lazada.com.ph/products/pdp-i15479194532.html
ULEEK Katy windmill island electric track building block KT twisted egg time travel blind box children assembled educational toys,N/A,N/A,https://www.lazada.com.ph/products/pdp-i5283993875.html
Hand Crank Generator AC220V 150W Outdoor Charging Treasure Mobile Phone DC12V 240W High Power Large Capacity,N/A,N/A,https://www.lazada.com.ph/products/pdp-i15475344162.html
Yunnei D25 high-power generator JFZ2120-2517 D25TCIE-700052 120A automotive alternator for cars parts & spares.,N/A,N/A,https://www.lazada.com.ph/products/pdp-i5386308561.html
Original Deep Sea DSE6120 MKII MKIII AMF Automatic Stop Generator Controller Panel Control Module Diesel,N/A,N/A,https://www.lazada.com.ph/products/pdp-i4759633396.html
Cummins Generator Dongfeng Cummins JFZ2703 C5344604 Generator,N/A,N/A,https://www.lazada.com.ph/products/pdp-i4759455584.html
Original Weichai WP4 Four Cylinder Engine Generator 1002093349,N/A,N/A,https://www.lazada.com.ph/products/pdp-i4995011264.html
4BT3.9-G2 engine generator set accessories high pressure fuel pump 5290006,N/A,N/A,https://www.lazada.com.ph/products/pdp-i15458530392.html
Wind Energy Wind Turbine 4 Blade Wind Power Generator Wind Turbine Generator Kit 12V/24V/48V 3 Styles for Home Ship Street Lighitng,N/A,N/A,https://www.lazada.com.ph/products/pdp-i4114857331.html
Wind Power Generator Alloy Steel + Plastic Wind Turbines Kit for Charging Boats for Terraces,N/A,N/A,https://www.lazada.com.ph/products/pdp-i5067507049.html
MPPT Wind Turbine Charge Controller 48V for 0 to 600w Led IP67 Waterproof Automatic Control Unit Generator,N/A,N/A,https://www.lazada.com.ph/products/pdp-i5250424086.html
"Flashfish Solar Generator 300W Power Station with Solar Panel, LiFePO4 Battery Backup 220V 60hz AC/DC/USB Outputs for Emergency Outage, Camping Portable Power Supply for Home",N/A,N/A,https://www.lazada.com.ph/products/pdp-i15417103649.html
Toyohama Silent Inverter Generator,N/A,N/A,https://www.lazada.com.ph/products/pdp-i4954400064.html
【Gift WiFi 】Flowatt Hybrid Solar Inverter 3kw Hybrid Inverter Off Grid Hybrid 24V 230V Inverter Built in 3KW 80A MPPT Controller Pure Sine Wave Inverter Mppt Solar Controller Grid Tie inverter Can be used for water pumps,N/A,N/A,https://www.lazada.com.ph/products/pdp-i4408997441.html
Flashfish Solar Portable Generator 300W 600W Power Station LiFePO4 Battery Multi-function Portable Solar Power Station 60hz Support AC/DC/USB Output Outdoor for Emergency Camping Home Outdoor Power Supply,N/A,N/A,https://www.lazada.com.ph/products/pdp-i15414065082.html
VANPA 220V 400W/700W/1200W Portable Power Station Multi-Function Big Battery Capacity Solar Generator For Camping,N/A,N/A,https://www.lazada.com.ph/products/pdp-i2962296518.html
High branch saw for tree pruning Tree branch trimming saw High altitude telescopic garden fruit tree saw Three sided sharpening Manual trimming tool,N/A,N/A,https://www.lazada.com.ph/products/pdp-i4432046291.html
Portable Power Station 200W Emergency Outdoor Backup Battery Solar Generator for Camping Travel Home Car Use,N/A,N/A,https://www.lazada.com.ph/products/pdp-i15450877920.html
Flowatt 3.2KW Off Grid Hybrid Solar Inverter Built-In 80A MPPT Solar Charge Controller 50/60Hz Output frequency 24V TO 230Vac Pure Sine Wave Inverter Support DIY design,N/A,N/A,https://www.lazada.com.ph/products/pdp-i4513200485.html
"Aquatick Calcium Hypochlorite 70% (Chlorine) 5kg, for swimming pool disinfection",N/A,N/A,https://www.lazada.com.ph/products/pdp-i3441903306.html
Three Phase DIY AC Brushless Wind Power Hand Cranked Generator Motor 3-24V Motor With LED Beads Replacement Power Tools Parts,N/A,N/A,https://www.lazada.com.ph/products/pdp-i5325982610.html
【liuxiaomei】400W 12V 24V Wind Turbine Charge Controller Wind Generator Controller IP67 WaterproofHope you have a pleasant shopping experience<br><br>,N/A,N/A,https://www.lazada.com.ph/products/pdp-i15405616100.html
MPPT 48V for 0 to 600w Wind Turbine Charge Controller Led IP67 Waterproof Automatic for Wind Turbine Generator,N/A,N/A,https://www.lazada.com.ph/products/pdp-i5267470861.html
Solar water pump Solar fountain with independent solar panels,N/A,N/A,https://www.lazada.com.ph/products/pdp-i4752852943.html
CLAW Grass Rake Head Portable 22 Toothed Steel Wire Grass Agriculture,N/A,N/A,https://www.lazada.com.ph/products/pdp-i2076356812.html
300W Solar Panel 18 Volt Pv Solar Module solar panel 10000watts board Solar Cell Panel Multifuncitional and Portable generator 0 electricity bill waterproof lightning solar for all appliances,N/A,N/A,https://www.lazada.com.ph/products/pdp-i3369814994.html
PowMr 300W Outdoor Flexible Portable Solar Cells RV Boat Solar Panel Power Supply,N/A,N/A,https://www.lazada.com.ph/products/pdp-i4523036334.html
Portable Power Station 200W Emergency Outdoor Backup Battery Solar Generator for Camping Travel Home Car Use,N/A,N/A,https://www.lazada.com.ph/products/pdp-i15450866669.html
Gardening Shears Manual Flower Branch Shears Floral Shears Pruning Pruning Shears Fruit Branch Shear,N/A,N/A,https://www.lazada.com.ph/products/pdp-i5219528233.html
Electric Chainsaw Converter 6''8'' High-altitude Electric Pruning Saw Wood Cutter Machine with Blades 6inch 8inches Portable Rechargeable Chainsaw Outdoor Power Tool,N/A,N/A,https://www.lazada.com.ph/products/pdp-i5179444912.html
PWM 10A/30A Solar Charge Controller 12V/24V Battery Regulator Solar Panel Controller LCD Display with Dual USB Port,N/A,N/A,https://www.lazada.com.ph/products/pdp-i4409429257.html
Zamdon Toroidal Off-grid Solar Inverter 24V1KW,N/A,N/A,https://www.lazada.com.ph/products/pdp-i4683895539.html
DICALITE / D.E POWDER / FILTER AID / SWIMMING POOL FILTER (DE POWDER) WATER TREATMENT / FILTER MEDIA,N/A,N/A,https://www.lazada.com.ph/products/pdp-i4114266906.html
588V Cordless Lawn Mower Grass Cutter Rechargeable Lithium Battery Lawn Mower Electric Lawn Mower Brush Cutter Line,N/A,N/A,https://www.lazada.com.ph/products/pdp-i3297022114.html
KATOOLS ~ Fujima Japan Power Sprayer Nozzle High Pressure Washer Nozzle,N/A,N/A,https://www.lazada.com.ph/products/pdp-i4668056535.html
PV Aluminum Railings Mini Roof Solar Panel Mounting Rail 0.3 Meter 300mm 1 Set with 4pcs Metal Screw and Rubber Gaskets 3M Brand,N/A,N/A,https://www.lazada.com.ph/products/pdp-i3346766622.html
KOMAX Makit a 20inches Gasonline Petrol Chainsaw,N/A,N/A,https://www.lazada.com.ph/products/pdp-i1357144453.html
INGCO Inverter Gasoline Generator 4.2KW GEIF42006-5P IPT,N/A,N/A,https://www.lazada.com.ph/products/pdp-i15413605066.html
Zamdon Toroidal Hybrid Off-grid Solar Inverter 48V3000W with 60A MPPT SCC,N/A,N/A,https://www.lazada.com.ph/products/pdp-i4317559829.html
Lawn Mower Grass Cutter with Wheels PortableTrimmer Cordless Mower Grass Cutter Machine Rechargeable,N/A,N/A,https://www.lazada.com.ph/products/pdp-i3307586443.html
Weeding Wheel Cultivator Weeding Head Push Hoe Manual Garden Weeding Tool Lawn Mower,N/A,N/A,https://www.lazada.com.ph/products/pdp-i15401088434.html
Bravus Silent Inverter Generator 3500W / 5500W / 7500W,N/A,N/A,https://www.lazada.com.ph/products/pdp-i5300196540.html
Sunket 10BB New Technology German Top Quality Monocrystalline Solar Panel 275W 210mm 68 Cells Efficiency 20.81% 5 Year Warranty,N/A,N/A,https://www.lazada.com.ph/products/pdp-i4280971061.html
Galvanized Bracket Plated Tin Metal Flat Roof Top Solar PV Mounting Corrugated Wave Roof Mount Clamp With Rubber Gasket Leak Protection,N/A,N/A,https://www.lazada.com.ph/products/pdp-i3495768639.html
AQUATEX Pool Chlorine Tablet Maintenance Starter Kit,N/A,N/A,https://www.lazada.com.ph/products/pdp-i3392676110.html
MC4 Connector Pair for Solar Panel Electrical,N/A,N/A,https://www.lazada.com.ph/products/pdp-i731632970.html
AQUAPRO Pool Muriatic Acid 20 Liter - PH DOWN,N/A,N/A,https://www.lazada.com.ph/products/pdp-i4031103330.html
AQUATEX Curved Pool Brush 18 inch with Metal reinforcement,N/A,N/A,https://www.lazada.com.ph/products/pdp-i650304082.html
WADFOW 2-Stroke Gasoline Generator 900W Emergency Power Supply Portable Generator WGEAA01-5P - WPT,N/A,N/A,https://www.lazada.com.ph/products/pdp-i4527870917.html
Flawatt 10.2KW Hybrid Solar Inverter 48V 180A MPPT Wifi Module Pure Sine Wave Communication Off Grid Inverter for Home/RV/Backup Power Support Lifepo4 Battery,N/A,N/A,https://www.lazada.com.ph/products/pdp-i4397425214.html
Emaux EM4408E Swimming Pool Wall Return Inlet 32mm/50mm PN10 Solvent,N/A,N/A,https://www.lazada.com.ph/products/pdp-i2467037900.html
【2PCS】 Solar Panel 100watts Class A Silicon 100w Solar panel New Monocrystalline,N/A,N/A,https://www.lazada.com.ph/products/pdp-i4149935443.html
EcoFlow TRAIL 300 DC Portable Power Station| EcoFlow PH,N/A,N/A,https://www.lazada.com.ph/products/pdp-i5288104855.html
"Aquatick Calcium Hypochlorite 70% (Chlorine) 45kg, for swimming pool disinfection",N/A,N/A,https://www.lazada.com.ph/products/pdp-i3269290583.html
Emaux Swimming Pool Test Kit for Chlorine and pH,N/A,N/A,https://www.lazada.com.ph/products/pdp-i2451069110.html
