name,price,ratings,url
Solar Charge Controller 12V 24V PWM 30A with Adjustable LCD Display Dual USB Port Timer Setting Auto Parameter,₱151.00,N/A,https://www.lazada.com.ph/products/pdp-i15446800494.html
PowMr 30/20/10A PWM Solar Charge Controller 12v 24v Auto With LCD Display Dual USB Solar Regulator Lithium Battery Activation,₱134.40,N/A,https://www.lazada.com.ph/products/pdp-i1923023966.html
"SUOER 30A PWM SOLAR CHARGE CONTROLLER for LIFEPO4, LION, LEAD ACID",₱650.00,N/A,https://www.lazada.com.ph/products/pdp-i3492089553.html
Y&H 10A 20A 30A PWM Solar Charge Controller 12V/24V Bat Regulator Solar Panel Controller LCD Display with Dual USB Port,₱121.00,N/A,https://www.lazada.com.ph/products/pdp-i253613429.html
10A 20A 12V 24V Waterproof PWM Mini Solar Charge Controller Regulator IP68 With Cable,₱740.06,N/A,https://www.lazada.com.ph/products/pdp-i3960267992.html
[Mecola] 6V 12V 10A Auto Solar Panel Charge Controller Battery Charger Regulator PWM,₱316.95,N/A,https://www.lazada.com.ph/products/pdp-i1241112558.html
Flowatt PWM Solar Controller 12V 24V Auto LCD Display Work For Lead Acid And Lithium Batt 10A 20A 30A Solar Charge Controller MPPT With Dual USB Backlight Car Battery Charger,₱139.00,N/A,https://www.lazada.com.ph/products/pdp-i4394321983.html
30A PWM Solar Charge Controller 12V/24V Battery Regulator Solar Panel Controller LCD Display with Dual USB Port,₱129.00,N/A,https://www.lazada.com.ph/products/pdp-i3582830946.html
JDSTAR YJSS Solar Charge Controller 10A/20A/30A PWM 12V/24V Solar Controller 5V Dual USB Output,₱165.00,N/A,https://www.lazada.com.ph/products/pdp-i5030418276.html
Solar Charge Controller 5A PWM,₱499.00,N/A,https://www.lazada.com.ph/products/pdp-i931872031.html
READY STOCK !!30A PWM Solar Charge Controller 12V/24V Battery Regulator Solar Panel Controller LCD D,₱155.00,N/A,https://www.lazada.com.ph/products/pdp-i4432343265.html
READY STOCK !!30A PWM Solar Charge Controller 12V/24V Battery Regulator Solar Panel Controller LCD Display with Dual USB Port,₱120.00,N/A,https://www.lazada.com.ph/products/pdp-i2824305856.html
"20V PWM Solar Charge Controller with Bluetooth Mobile APP Remote Control ,USB Output",₱856.00,N/A,https://www.lazada.com.ph/products/pdp-i5200943387.html
30A PWM 12/24V Solar Panel Regulator Charge Controller LCD Display solar battery charger USB,₱113.00,N/A,https://www.lazada.com.ph/products/pdp-i5225091219.html
SUOER 30A SOLAR CHARGE CONTROLLER SCC PWM INVERTER BATTERY SOLARAMP,₱699.00,N/A,https://www.lazada.com.ph/products/pdp-i807584166.html
PowMr 10A 20A 30A PWM Solar Controller 12V 24V Auto LCD Display Work For Lead Acid And Lithium Batt Solar Charge Controller RBL-LI,₱140.00,N/A,https://www.lazada.com.ph/products/pdp-i949936642.html
Flowatt 30/20/10A PWM Solar Charge Controller 12v 24v Auto With LCD Display Dual USB Solar Regulator solar panel Lithium battery activation,₱139.00,N/A,https://www.lazada.com.ph/products/pdp-i4061316154.html
【COD + local seller】10A 20A 30A 60A PWM Solar Charge Controller 12V/24V Battery Regulator Solar Panel Controller Adjustable LCD Display Solar Panel Battery Intelligent Regulator with Dual USB Port output,₱218.00,N/A,https://www.lazada.com.ph/products/pdp-i1498248636.html
30A 12V Solar Charge Controller Lithium Battery LCD Display PWM r Dual USB Solar,₱199.00,N/A,https://www.lazada.com.ph/products/pdp-i5413162187.html
Solar Charge Controller 12V 24V PWM 30A with Adjustable LCD Display Dual USB Port Timer Setting Auto Parameter,₱209.00,N/A,https://www.lazada.com.ph/products/pdp-i4413309300.html
1Pc 6V 12V 10A Auto Solar Panel Charge Controller Battery Charger Regulator PWM,₱360.68,N/A,https://www.lazada.com.ph/products/pdp-i15392931424.html
【KaArtsy】 Solar Charge Controller Li Ion Lifepo4 10a 20a 30a Pwm 12v 24v Solar Panel Charger Regulator For Lithium,₱420.30,N/A,https://www.lazada.com.ph/products/pdp-i5320303374.html
TaoZhong 20A PWM Solar Charge Controller 12V/24V Solar Panel Regulator with USB Port Solar Controller Timer Setting,₱736.00,N/A,https://www.lazada.com.ph/products/pdp-i5371389477.html
C7[jwerlyday]PWM 12V 24V 36V 48V AUTO Solar Panel Charge Controller Solar PV Battery Charger with LCD MPPT Solar Controller,"₱1,753.30",N/A,https://www.lazada.com.ph/products/pdp-i15453699953.html
10A 20A 30A Solar Charge Controller 12V to 24V Auto Regulate PWM Solar Battery Charge LCD Display,₱182.00,N/A,https://www.lazada.com.ph/products/pdp-i2516484102.html
SPHERE PWM Useful 6V 12V 10A Controller Auto Battery Regulator Battery Charger Solar Panel Charge Controller Solar Controllers,₱369.25,N/A,https://www.lazada.com.ph/products/pdp-i15439997148.html
100A Solar Charge Controller 12V 24V Solar Panel Regulator Adjustable LCD Display Dual USB Port Timer Setting PWM Auto Parameter,₱359.19,N/A,https://www.lazada.com.ph/products/pdp-i5281409671.html
PowMr 10A 20A 30A 40A 50A 60A PWM Solar Charger Controller 12V 24V Battery Charger LCD Dual USB Solar Panel Regulator for Max 50V PV Input RBL,₱144.00,N/A,https://www.lazada.com.ph/products/pdp-i2452480954.html
PowMr 10A 20A 30A PWM Solar Controller 12V 24V LCD Display Auto with Dual 5V USB Solar Charge Controller RBL,₱120.00,N/A,https://www.lazada.com.ph/products/pdp-i278272793.html
PowMr 30A/60A/80A PWM Solar Charge Controller 12V-48V Solar Controller Solar Panel Battery Regulator Dual USB LCD Display Pstar,₱979.20,N/A,https://www.lazada.com.ph/products/pdp-i2462538773.html
30A 60A 12V 24V Solar Charge Controller Lithium Battery LCD Display PWM r Dual USB Solar Panel C,₱199.00,N/A,https://www.lazada.com.ph/products/pdp-i5390131669.html
10A 20A 30A 60A PWM Solar Charge Controller 12V/24V Battery Regulator Solar Panel Controller LCD Display with Dual USB Port,₱218.00,N/A,https://www.lazada.com.ph/products/pdp-i1146998878.html
30A Solar Controller 12V 24V PWM Lithium Battery LCD Display Dual USB BT Charge Regulator [COD],₱199.00,N/A,https://www.lazada.com.ph/products/pdp-i15425088106.html
"Anern 30A PWM Solar Charge Controller 12V/24V Battery Regulator Solar Panel Controller LCD Display with Dual USB Port, Auto Parameter Adjustable, Multiple Load Control Modes",₱158.00,N/A,https://www.lazada.com.ph/products/pdp-i5190874495.html
[High Quality] Solar Panel Controller 20A/30A/ 60A Solar Charge Controller 12V/24V automatic recognition Battery Regulator Three-stage PWM adjustable charging Alloy heat dissipation back plate LED liquid crystal display and with four USB ports,₱449.00,N/A,https://www.lazada.com.ph/products/pdp-i5024320438.html
NSS Original Solar Charge Controller 12V/24V 10A/20A/30A LCD Intelligent Auto Regulate PWM Battery Regulator Solar Panel Controller,"₱1,050.00",N/A,https://www.lazada.com.ph/products/pdp-i2993103939.html
Solar Charge Controller 30A PWM (12/24V) Auto Sensing,₱340.00,N/A,https://www.lazada.com.ph/products/pdp-i1277084354.html
READY STOCK !!30A PWM Solar Charge Controller 12V/24V Battery Regulator Solar Panel Controller LCD Display with Dual USB Port,₱140.00,N/A,https://www.lazada.com.ph/products/pdp-i2958534050.html
20A Solar Charge Safety PWM Controller (Black),₱390.00,N/A,https://www.lazada.com.ph/products/pdp-i1718602.html
Solar controller 30A 12V 24V Auto Solar Charge Controller PWM With LCD Dual USB 5V Output Solar Cell,₱225.00,N/A,https://www.lazada.com.ph/products/pdp-i2384424301.html
🌞20A 30A 60A PWM🌞 Solar Charge Controller 12V/24V LCD Display with Dual USB Port Solar Panel Controller controller high conversion rate 0 electricity bill waterproof lightning solar charging panel 10 year Warranty Outdoor home generator Waterproof,₱449.00,N/A,https://www.lazada.com.ph/products/pdp-i4581134941.html
SRNE 40A MPPT PWM Charge Controller MPPT Charger (12V/24V),"₱1,600.00",N/A,https://www.lazada.com.ph/products/pdp-i1339170292.html
12V 24V 16A Wind Turbine Controller 300W-1000W Step Up Type MPPT PWM Wind Charge Controller Regulator,₱624.38,N/A,https://www.lazada.com.ph/products/pdp-i4611867539.html
20/30A/60A PWM 12V/24V Solar Panel Regulator Charge Controller battery charger LED Display Four USB Out Put,₱336.00,N/A,https://www.lazada.com.ph/products/pdp-i5279138263.html
COD 30A 60A PWM Solar Charge Controller 12V/24V Battery Regulator Solar Panel Controller LCD Display with Dual USB Port,₱150.57,N/A,https://www.lazada.com.ph/products/pdp-i15451445734.html
【COD】 12v 24v Solar Panel Charge Controller Intelligent Regulator with LCD Display PWM Solar Charge 10A 30A Dual USB Charger,₱458.00,N/A,https://www.lazada.com.ph/products/pdp-i5217880072.html
🔝 Original 30A PWM Solar Charge Controller 12V/24V Bat Regulator Solar Panel Controller LCD Display with Dual USB Port,₱204.00,N/A,https://www.lazada.com.ph/products/pdp-i2840871668.html
MPPT Solar Charge Controller PWM 30/40/50A Solar Power Regulator 12V 24V Auto Dual USB LCD Display Load Discharger【Original+24hours delivery】,₱199.00,N/A,https://www.lazada.com.ph/products/pdp-i15452226553.html
Solar Charge Controller PWM 30/60A Solar Power Regulator 12V 24V Auto Dual USB LCD Display Load Discharger,₱153.00,N/A,https://www.lazada.com.ph/products/pdp-i15453593501.html
"DEMUDA Solar Charge Controller SCC 30A PWM for LIFEPO4, Lithium ion, lead acid, Ang batteries",₱256.00,N/A,https://www.lazada.com.ph/products/pdp-i15390274144.html
Solar charge controller Mppt 10A 20A 30A 100A pwm charge controler pwm solar charge controller 12V/24V battery regulator for solar panel Controller LCD Display with Dual USB Port,₱145.00,N/A,https://www.lazada.com.ph/products/pdp-i4978181675.html
10/20/30/60A PWM 12V/24V Solar Panel Regulator Charge Controller battery charger LCD Display USB DN,₱199.00,N/A,https://www.lazada.com.ph/products/pdp-i5413122416.html
【COD + Local Seller】30A PWM Solar Charge Controller 12v 24v Auto With LCD Display Dual USB Solar Regulator Lithium Battery Activation,₱179.00,N/A,https://www.lazada.com.ph/products/pdp-i4774538099.html
Flowatt PWM solar energy Solar Charger Controller 10A 20A 30A 40A 50A 60A 12V 24V Charger LCD Dual USB Solar MPPT Solar Panel Controller Panel Regulator for Max 50V PV Input RBL solar panel controller,₱110.00,N/A,https://www.lazada.com.ph/products/pdp-i4049538862.html
"60A Smart Solar Charge Controller 12V/24V/36V/48V Auto,PWM 3-Stage Charging,LCD Display,for Lead-Acid/AGM/Gel/Li-ion/LiFePO4","₱1,141.00",N/A,https://www.lazada.com.ph/products/pdp-i15443710281.html
Flowatt 30A Solar Charger Controller MPPT 12V 24V Battery Charger LCD Solar Panel Controller Regulator for Max PWM 50V PV Lnput RBL Lead Acid Battery With Dual USB Port solar controller charger,₱140.00,N/A,https://www.lazada.com.ph/products/pdp-i4141006716.html
MPPT Solar Charge Controller PWM 30/40/50A Solar Power Regulator 12V 24V Auto Dual USB LCD Display Load Discharger,₱175.00,N/A,https://www.lazada.com.ph/products/pdp-i3882612138.html
Flowatt Solar Controller 12V 24V Charge Regulator for Solar Panel Lead Acid Battery PWM 10A 20A 30A Solar Charge Controller Dual USB 5V 2.5A Output,₱380.00,N/A,https://www.lazada.com.ph/products/pdp-i5148084143.html
30A PWM Solar Charge Controller 12v 24v Auto With LCD Display Dual USB Solar Regulator Lithium Battery Activation【Original+24hours delivery】,₱190.00,N/A,https://www.lazada.com.ph/products/pdp-i15452256283.html
10/20/30/60A PWM 12V/24V Solar Panel Regulator Charge Controller battery charger LCD Display USB,₱120.00,N/A,https://www.lazada.com.ph/products/pdp-i3943706748.html
Solar Charge Controller 10A/30A Solar Panel PWM 12/24V Battery Controller LCD Display regulator USB Maaaring gamitin sa bahay at sa labas ligtas at tiwala,₱197.01,N/A,https://www.lazada.com.ph/products/pdp-i5214412739.html
30A 12V 24V Solar Charge Controller Lithium Battery LCD Display PWM r Dual USB Solar Panel,₱179.00,N/A,https://www.lazada.com.ph/products/pdp-i15458740768.html
✅COD 10/20/30/60A PWM 12V/24V Solar Panel Regulator Charge Controller battery charger LCD Display USB,₱174.00,N/A,https://www.lazada.com.ph/products/pdp-i15391034936.html
Solar Charge Controller 12V/24V PWM 100A/20/30/40/50/60A with Adjustable LCD Display Timer Setting PWM Solar Charger,₱346.89,N/A,https://www.lazada.com.ph/products/pdp-i5308261628.html
Solar Charge Controller 12V 24V PWM 30A with Adjustable LCD Display Dual USB Port Timer Setting Auto Parameter 【in stock】,₱197.01,N/A,https://www.lazada.com.ph/products/pdp-i15432652129.html
MPPT Solar Charge Controller PWM 30/40/50A Solar Power Regulator 12V 24V Auto Dual USB LCD Display Load Discharger【Local delivery】,₱199.00,N/A,https://www.lazada.com.ph/products/pdp-i15452489094.html
Solar Charge Controller 12V 24V PWM 30A with Adjustable LCD Display Dual USB Port Timer Setting Auto Parameter,₱174.00,N/A,https://www.lazada.com.ph/products/pdp-i15432454986.html
10A 20A 30A PWM Solar Charge Controller 12V/24V Bat Regulator Solar Panel Controller LCD Display【24 hours delivery】,₱175.00,N/A,https://www.lazada.com.ph/products/pdp-i15452160505.html
MPPT Solar Charge Controller PWM 30/40/50A Solar Power Regulator 12V 24V Auto Dual USB LCD Display Load Discharger【COD/FAST delivery】,₱177.00,N/A,https://www.lazada.com.ph/products/pdp-i15452272369.html
10A 20A 30A PWM Solar Charge Controller 12V/24V Battery Regulator Solar Panel Controller LCD Display with Dual USB Port,₱182.00,N/A,https://www.lazada.com.ph/products/pdp-i2516447932.html
Anern 30A PWM Solar Charge Controller 12V/24V Battery Regulator Solar Panel Controller,₱158.00,N/A,https://www.lazada.com.ph/products/pdp-i5228699649.html
Original PWM Solar charge controller solar Controller charger 12V 24V 60A 30A 20A 10A Solar Regulator PWM Battery Charger LCD Display Dual USB 5V Output,₱218.00,N/A,https://www.lazada.com.ph/products/pdp-i2979876948.html
20A Auto PWM Solar Charge Controller 12V 24V Smart Regulator LCD Display Dual USB,₱380.00,N/A,https://www.lazada.com.ph/products/pdp-i232425586.html
Solar Charge Controller 12V 24V PWM 30A with Adjustable LCD Display Dual USB Port Timer Setting Auto Parameter 【24hours delivery】,₱174.00,N/A,https://www.lazada.com.ph/products/pdp-i15433771739.html
PowMr 30A/60A/80A PWM Solar Charge Controller 12V-48V Solar Controller Solar Panel Battery Regulator Dual USB LCD Display,"₱1,020.00",N/A,https://www.lazada.com.ph/products/pdp-i4022073682.html
12/24V 30A PWM Solar Charge Controller Solar Panel Regulator with LCD Display for Lithium and Flooded Batteries,₱820.00,N/A,https://www.lazada.com.ph/products/pdp-i15403261800.html
30A 12V 24V Solar Charge Controller Lithium Battery LCD Display PWM Dual USB Solar Panel Charger,₱208.00,N/A,https://www.lazada.com.ph/products/pdp-i5325586565.html
Solar charge controller Mppt 10A 20A 30A 100A pwm charge controler pwm solar charge controller 12V/24V battery regulator for solar panel Controller LCD Display with Dual USB Port,₱213.00,N/A,https://www.lazada.com.ph/products/pdp-i3133475421.html
12V/24V 30A PWM Solar Charge Controller Auto Regulate Battery Regulator Solar Panel Controller,₱199.00,N/A,https://www.lazada.com.ph/products/pdp-i4376279673.html
30A 60A PWM Solar Charge Controller 12V/24V Battery Regulator Solar Panel Controller LCD Display with Dual USB Port,₱203.00,N/A,https://www.lazada.com.ph/products/pdp-i3192950621.html
12v 24v Solar Panel Charge Controller Intelligent Regulator with LCD Display PWM Solar Charge 10A 30A Dual USB Charger,₱145.00,N/A,https://www.lazada.com.ph/products/pdp-i1046384846.html
BOSCA PWM Solar Charge Controller 12V/24V/48V AUTO For Solar Off-Grid System 10A/20A/30A/40A/50A/60A/80A/100A,"₱1,059.00",N/A,https://www.lazada.com.ph/products/pdp-i3467164306.html
30A PWM Solar Charge Controller 12V/24V Battery Regulator Solar Panel Controller LCD Display with Dual USB Port,₱129.00,N/A,https://www.lazada.com.ph/products/pdp-i4501036013.html
LCD Display 10/20/30A 12V/24V DC Input Solar Charge Controller Auto Parameter Adjustable PWM Solar Panel Regulator,₱414.00,N/A,https://www.lazada.com.ph/products/pdp-i4543335396.html
Automatic Board Solar Controller Solar Controller Charger 3a Charging Module,₱105.00,N/A,https://www.lazada.com.ph/products/pdp-i5325128190.html
【FURONGHUA】 3Stage Solar Charge Controller 10A for 6V 12V For PWM Battery Charging Systems 【New product】,₱469.00,N/A,https://www.lazada.com.ph/products/pdp-i15496318194.html
12V 24V 48V 2000W MAX 10-50V 40A DC Motor Speed Control PWM HHO RC Controller,₱347.00,N/A,https://www.lazada.com.ph/products/pdp-i476870419.html
PowMr 30A 60A 80A PWM Solar Charge Controller with Dual USB Ports Max PV Voltage 100Vdc 12V 24V 36V 48V Auto Support LIthium Battery,"₱1,099.00",N/A,https://www.lazada.com.ph/products/pdp-i4509747492.html
Victron energy BlueSolar PWM Charge Controller LCD&USB,"₱3,408.00",N/A,https://www.lazada.com.ph/products/pdp-i1392816271.html
【Local seller】 30A 12V 24V Solar Charge Controller Lithium Battery LCD Display PWM r Dual USB Solar Panel,₱184.41,N/A,https://www.lazada.com.ph/products/pdp-i15475336770.html
High quality Solar Charger Controller 20/30/60A LCD Display 4USB PWM 12V/24V battery Panel Regulator,₱336.00,N/A,https://www.lazada.com.ph/products/pdp-i5279178178.html
PowMr 60A PWM Solar Charge Controller And Discharge Controller Support 12-48V Battery 100Vdc Pv Input Battery Charger Support Lead Acid and Lifepo4 Battery,"₱1,614.00",N/A,https://www.lazada.com.ph/products/pdp-i3625772524.html
PowMr 80A PWM Solar Charge Controller And Discharge Controller Support 12-48V Battery 100Vdc Pv Input Battery Charger Support Lead Acid and Lifepo4 Battery,"₱1,785.00",N/A,https://www.lazada.com.ph/products/pdp-i3625668947.html
PowMr 30A PWM Solar Charge Controller And Discharge Controller Support 12-48V Battery 100Vdc Pv Input Battery Charger Support Lead Acid and Lifepo4 Battery,"₱1,020.00",N/A,https://www.lazada.com.ph/products/pdp-i3625787140.html
30A Solar Charge Controller 12v 24v Auto With LCD Display Dual USB Solar Regulator Lithium Battery Activation,₱179.00,N/A,https://www.lazada.com.ph/products/pdp-i15500861254.html
QIUWU PWM DC Motor Speed Controller 6V 12V 24V 28V 3A Speed Regulator Switch,₱53.00,N/A,https://www.lazada.com.ph/products/pdp-i15480943055.html
(COD+3 Days Delivery) LCD Display 10/20/30A 12V/24V DC Input Solar Charge Controller Auto Parameter Adjustable PWM Solar Panel Regulator,₱418.00,N/A,https://www.lazada.com.ph/products/pdp-i3538622214.html
[Fast Delivery] 30/60A PWM 12V/24V Solar Panel Regulator Charge Controller battery charger LCD Display USB,₱166.47,N/A,https://www.lazada.com.ph/products/pdp-i15471712699.html
"30A 12V 24V PWM Solar Charge Controller Intelligent Plug and Play Portable Solar Regulator, LCD Display","₱2,138.08",N/A,https://www.lazada.com.ph/products/pdp-i5308303607.html
Solar Panel Controller 20A/30A/ 60A Solar Charge Controller 12V/24V automatic recognition Battery Regulator Three-stage PWM adjustable charging Alloy heat dissipation back plate LED liquid crystal display and with four USB ports,₱369.00,N/A,https://www.lazada.com.ph/products/pdp-i5192716649.html
30/60A PWM 12/24V Solar Panel Regulator Charge Controller LCD Display solar battery charger USB,₱199.00,N/A,https://www.lazada.com.ph/products/pdp-i15491283268.html
BOSCA Solar Charge Controller PWM 12V 24V AUTO 10A 20A 30A 40A LCD Display USB Output Parameters Adjustable Temperature Compensation FT4024,₱924.00,N/A,https://www.lazada.com.ph/products/pdp-i4950625337.html
BOSCA FT Series PWM SCC Solar Charge Controller 12/24V AUTO 10-100A with LCD display USB output Parameters Adjustable Temperature Compensation,₱944.00,N/A,https://www.lazada.com.ph/products/pdp-i15405764114.html
PkYeG LCD Solar Controller 12V 24V 30A 20A 10A Solar Charge Regulator PWM Battery Charger LCD Display Dual USB 5V 2.5A Output MOS,₱214.63,N/A,https://www.lazada.com.ph/products/pdp-i15426912250.html
PWM Controller 300W Wind Turbine Charge Controller Water Proof Regulator for Wind Generator 12V 24V AUTO Switch 16A,₱942.00,N/A,https://www.lazada.com.ph/products/pdp-i15421124051.html
"JIANTAI [Upgraded] Solar Charge Controller, 10A/20A/30A/60A Solar Panel Battery Intelligent Regulator with Dual USB Port 12V/24V PWM LCD Display",₱218.00,N/A,https://www.lazada.com.ph/products/pdp-i1166904442.html
Flowatt PWM Solar Charger Controller 10A 20A 30A 12V 24V Battery Charger LCD Dual 5V USB Solar Panel Regulator for Max 50V PV Input,₱150.00,N/A,https://www.lazada.com.ph/products/pdp-i4515044125.html
PowMr 10A/20A/30A PWM Solar Panel Charge Controller with Dual USB Backlit LCD Display and Hour On/Off Timer Setting for 12V 24V Lead-Acid/Lithium Battery,₱140.00,N/A,https://www.lazada.com.ph/products/pdp-i5032785543.html
SEMPER PWM 30A 20A 10A Solar Charge Controller 12V 24V LCD Display Dual USB Solar Panel controller,₱180.00,N/A,https://www.lazada.com.ph/products/pdp-i3371388086.html
10A 20A 30A PWM Solar Charge Controller 12V/24V Bat Regulator Solar Panel Controller LCD Display【Local delivery】,₱178.00,N/A,https://www.lazada.com.ph/products/pdp-i15452359471.html
[In Stock] N-Power 60A/50A/40A/30A/20A/10A Solar Charger Controller 12V 24V Auto PWM Controllers LCD Display 5V Dual USB Output Controller,₱195.00,N/A,https://www.lazada.com.ph/products/pdp-i2060106412.html
[Fast Delivery] 20A/30A/ 60A PWM Solar Charge Controller 12V/24V Intelligent Regulator battery charger LCD Display Dual USB Auto Solar Cell Panel Charger Regulator MPPT Original High-Efficiency Household Charging Panel,₱459.00,N/A,https://www.lazada.com.ph/products/pdp-i5192738162.html
PWM Solar Charge Controller 30A 50A 100A with LCD Display Dual USB 5V Auto Identify Battery Type for Solar Panel RV Marine Home,₱357.70,N/A,https://www.lazada.com.ph/products/pdp-i15432459204.html
Flowatt PWM 10A/20A/30A/40A/50A/60A Solar Charge Controller 12V/24V Battery Regulator Solar Panel Controller LCD Display with Dual USB Port,₱120.00,N/A,https://www.lazada.com.ph/products/pdp-i4398049555.html
Energy Saving For PWM Solar Charge Regulator Compatible with Different Voltages,₱346.00,N/A,https://www.lazada.com.ph/products/pdp-i15456568059.html
10A 20A 30A 60A PWM Solar Charge Controller 12V/24V Battery Regulator Solar Panel Controller LCD Display with Dual USB Port,₱189.00,N/A,https://www.lazada.com.ph/products/pdp-i5411583642.html
10/20/30/60A PWM 12V/24V Solar Panel Regulator Charge Controller battery charger LCD Display USB,₱199.00,N/A,https://www.lazada.com.ph/products/pdp-i5360302641.html
30A 12V 24V Solar Charge Controller Lithium Battery LCD Display PWM r Dual USB Solar BT,₱199.00,N/A,https://www.lazada.com.ph/products/pdp-i15435531024.html
Solar Charge Controller 12V 24V PWM 30A with Adjustable LCD Display Dual USB Port Timer Setting Auto Parameter【Original+24hours delivery】COD,₱173.00,N/A,https://www.lazada.com.ph/products/pdp-i15458956197.html
【Local delivery】10A 20A 30A PWM Solar Charge Controller 12V/24V Battery Regulator Solar Panel Controller LCD Display with Dual USB Port,₱358.00,N/A,https://www.lazada.com.ph/products/pdp-i5188188968.html
Original 30A PWM Solar Charge Controller 12V/24V Bat Regulator Solar Panel Controller LCD Display with Dual USB Port 5V Output Solar Cell Panel,₱189.00,N/A,https://www.lazada.com.ph/products/pdp-i3685995507.html
【COD + Local Seller】10A 20A 30A 60A PWM Solar Charge Controller 12V/24V Bat Regulator Solar Panel Controller LCD Display with Dual USB Port 5V Output Solar Cell Panel,₱189.00,N/A,https://www.lazada.com.ph/products/pdp-i4417862075.html
12V 24V 48V 2000W MAX 10-50V 40A DC Motor Speed Control PWM HHO RC Controller,₱347.00,N/A,https://www.lazada.com.ph/products/pdp-i2070968032.html
CHENJ DC 5-30V 12v 24v 5A DC Motor Controller PWM Adjustable Speed Digital Display Encoder Frequency MAX 15A ZK-MG,₱186.28,N/A,https://www.lazada.com.ph/products/pdp-i4707743567.html
5Pcs DC Motor Speed Controller PWM Regulator 5A/5V-35V 20khz Motor Speed Controller,₱153.00,N/A,https://www.lazada.com.ph/products/pdp-i5175612911.html
20A PWM DC Motor Speed Controller | 12V–60V High Power Regulator Module Switch,₱114.00,N/A,https://www.lazada.com.ph/products/pdp-i4345414117.html
[Hot selling ] 30/60A PWM 12V/24V Solar Panel Regulator Charge Controller battery charger LCD Display USB,₱178.11,N/A,https://www.lazada.com.ph/products/pdp-i15471941855.html
Mini 5A 90W PWM 12V DC Motor Speed Controller Module DC-DC 4.5V-35V Adjustable Speed Regulator Control Governor Switch 24V,₱49.00,N/A,https://www.lazada.com.ph/products/pdp-i5007798719.html
10A/30A 12V 24V LCD Display PWM Solar Charge Controller Dual USB Solar Panel,₱138.00,N/A,https://www.lazada.com.ph/products/pdp-i587112256.html
10A 20A 30A PWM Semper SCC Solar Charger Controller Solar Panel Battery Intelligent Regulator with USB Port Display 12V/24V,₱199.00,N/A,https://www.lazada.com.ph/products/pdp-i15402158679.html
Solar Controller Semper Brand 10A 20A 30A 12V/24V PWM solar Charge Controller LCD display Dual USB Charge Regulator SEMPER,₱185.00,N/A,https://www.lazada.com.ph/products/pdp-i1303332711.html
"Bateria Power PWM 30A 12V 24V Solar Charge Controller Intelligent Plug and Play Portable Solar Regulator, LCD Display","₱2,614.00",N/A,https://www.lazada.com.ph/products/pdp-i5263888408.html
🔥【24 hours shipping】Original 30A PWM Solar Charge Controller 12V/24V Bat Regulator Solar Panel Controller LCD Display with Dual USB Port 5V Output Solar Cell Panel,₱166.60,N/A,https://www.lazada.com.ph/products/pdp-i3177979046.html
Solar Controller 12V/24V 60A 50A 30A 10A Solar Regulator PWM Battery Charger LCD Display Dual USB 5V Output,₱199.00,N/A,https://www.lazada.com.ph/products/pdp-i3100726820.html
【JCSYFAC】 PWM DC Motor Speed Controller 6V 12V 24V 28V 3A Speed Regulator Switch,₱62.52,N/A,https://www.lazada.com.ph/products/pdp-i15446825627.html
10A 20A 30A PWM Solar Charge Controller 12V/24V Bat Regulator Solar Panel Controller LCD Display with Dual USB Port,₱169.00,N/A,https://www.lazada.com.ph/products/pdp-i4518197560.html
10A 20A 30A PWM Solar Charge Controller 12V/24V Bat Regulator Solar Panel Controller LCD Display with Dual USB Port,₱119.00,N/A,https://www.lazada.com.ph/products/pdp-i4505602644.html
Anern 30A PWM Solar Charge Controller 12V/24V Battery Regulator Solar Panel Controller LCD Display with Dual USB Port,₱158.00,N/A,https://www.lazada.com.ph/products/pdp-i5289716135.html
Original Aideepen PWM Solar charge controller solar Controller charger 12v 30A 20A 10A Solar Regulator PWM Battery Charger LCD Display Dual USB 5V Output,₱213.00,N/A,https://www.lazada.com.ph/products/pdp-i3133641432.html
30A Auto Solar Charge Controller PWM Dual USB Output Solar Cell Panel Charger Regulator 12V24V Power HD LCD Display,₱196.00,N/A,https://www.lazada.com.ph/products/pdp-i2857609456.html
Flowatt 10A PWM Solar Charger Controller 12V 24V Battery Charger LCD Dual 5V USB Solar Panel Regulator for Max 50V PV Input,₱150.00,N/A,https://www.lazada.com.ph/products/pdp-i5149774396.html
10A/30A 12V 24V LCD Display PWM Solar Charge Controller Dual USB Solar Panel,₱145.00,N/A,https://www.lazada.com.ph/products/pdp-i585992477.html
30A SEMPER PWM Solar Charge Controller 12V/24V Battery Regulator Solar Panel Controller LCD Display with Dual USB Port,₱239.00,N/A,https://www.lazada.com.ph/products/pdp-i1406394622.html
10A 20A 30A PWM Solar Charge Controller 12V/24V Battery Regulator Solar Panel Controller,₱154.00,N/A,https://www.lazada.com.ph/products/pdp-i5187203990.html
SZX Solar charge controller Mppt 10A 20A 30A 50A pwm charge controller pwm solar charge controller 12V/24V battery regulator for solar panel Controller LCD Display with Dual USB Port,₱169.00,N/A,https://www.lazada.com.ph/products/pdp-i4599394040.html
"【liuxiaomei】5A MPPT Solar Panel Regulator Controller Solar Charge Controller Battery Charging Module 9V 12V 18V 24V 300KHz PWM, Fine WorkmanshipHope you have a pleasant shopping experience<br><br>",₱420.00,N/A,https://www.lazada.com.ph/products/pdp-i15425880979.html
10A 20A 30A Auto Regulate PWM Solar Charge Controller 12V/24V Battery Regulator Solar Panel Controller LCD Display with Dual USB Port,₱199.00,N/A,https://www.lazada.com.ph/products/pdp-i4075989732.html
10A 20A 30A Solar Panel Regulator Charge Controller PWM 12V/24V Auto LCD Solar Regulator with Dual USB Output,₱389.00,N/A,https://www.lazada.com.ph/products/pdp-i4444426425.html
10A 20A 30A PWM Solar Controller 12v 24v Auto with Dual USB Port Support Connection Lithium Battery,₱260.00,N/A,https://www.lazada.com.ph/products/pdp-i5154725208.html
10A 30A 60A Solar Charge Controller for Solar Panel 12V 24V PWM LCD Dual USB PV Home Battery Charger,₱230.00,N/A,https://www.lazada.com.ph/products/pdp-i3155185730.html
"20V PWM Solar Charge Controller with Bluetooth Mobile APP Remote Control ,USB Output",₱869.00,N/A,https://www.lazada.com.ph/products/pdp-i5202181373.html
BOSCA FT Series PWM SCC Solar Charge Controller 12/24V AUTO 10-100A with LCD display USB output Parameters Adjustable Temperature Compensation,₱855.00,N/A,https://www.lazada.com.ph/products/pdp-i15433109615.html
✅Original fast delivery✅Solar Panel controller 20A/30A/60A Solar Charger Controller 12V 24V Auto PWM Controllers LCD Display 5V Dual USB Output Controller,₱207.00,N/A,https://www.lazada.com.ph/products/pdp-i3880408169.html
Solar Charge Controller 12V 24V PWM 30A with Adjustable LCD Display Dual USB Port Timer Setting Auto Parameter,₱181.00,N/A,https://www.lazada.com.ph/products/pdp-i5110786526.html
PWM Solar charge controller solar Controller charger 12v 30A 20A 10A Solar Regulator PWM Battery Charger LCD Display Dual USB 5V Output,₱213.00,N/A,https://www.lazada.com.ph/products/pdp-i3834678748.html
10/20/30A PWM 12/24V Solar Panel Regulator Charge Controller LCD Display solar battery charger USB,₱218.00,N/A,https://www.lazada.com.ph/products/pdp-i15435405220.html
"Solar Charge Controller 12/24v 20a,30a,40a PWM Solar Panel Charge Controller Battery","₱1,425.00",N/A,https://www.lazada.com.ph/products/pdp-i4323398376.html
Zonejoy Smart Controller 12/24V GLL1210 Smart Controller Solar Controller USB Solar Charging Panel PWM Control Equipment for Open TypeAGMGEL Type Batteries (20A),₱287.00,N/A,https://www.lazada.com.ph/products/pdp-i15422248749.html
READY STOCK !!30A PWM Solar Charge Controller 12V/24V Battery Regulator Solar Panel Controller LCD Display with Dual USB Port,₱120.00,N/A,https://www.lazada.com.ph/products/pdp-i2827304215.html
30A PWM Solar Charge Controller 12v 24v Auto With LCD Display Dual USB Solar Regulator Lithium Battery Activation【COD/FAST delivery】,₱187.00,N/A,https://www.lazada.com.ph/products/pdp-i15452197811.html
10A/20A/30A 12V 24V Solar Charge Controller Lithium Battery LCD Display PWM r Dual USB Solar Panel,₱208.00,N/A,https://www.lazada.com.ph/products/pdp-i5413125273.html
DC 12V 24V 30V 40V 13KHZ Auto PWM DC Motor Speed Control Switch Controller Speed Regulator 10A,₱109.00,N/A,https://www.lazada.com.ph/products/pdp-i4558482527.html
"[LIXIAOJU] 30A 20A 10A Solar Charge Controller 12V 24V Auto Solar Panel PV LCD Controller For Lead-Acid Battery, Lithium Battery Dual USB",₱203.97,N/A,https://www.lazada.com.ph/products/pdp-i4746234753.html
"150A MPPT Solar Charge Controller, 7200W Max Input, 12V/24V/36V/48V Auto-Ranging, for RV Boat Street Light Irrigation, Hybrid MPPT+PWM Charging, Smart Cooling Fan, Dual USB, 7-Mode LCD, Compatible with Lead-Acid & Lithium Batteries(100A/120A/60A Optional)","₱1,795.00",N/A,https://www.lazada.com.ph/products/pdp-i15435809587.html
【NewVibe】Mini 5A/10A 90W PWM 12V DC Motor Speed Controller Module DC-DC 4.5V-35V Adjustable Speed Regulator Control Governor Switch 24V,₱58.84,N/A,https://www.lazada.com.ph/products/pdp-i3631211730.html
3pcs/1pc 5A 90W PWM 12V DC Motor Speed Controller Module DC-DC 4.5V-35V Low Voltage Motor Speed Controller Adjustable Drive Module,₱31.00,N/A,https://www.lazada.com.ph/products/pdp-i5161097003.html
"30A PWM Solar Charge Controller 12V/24V Battery Regulator Solar Panel Controller LCD Display with Dual USB Port, Auto Parameter Adjustable, Multiple Load Control Modes",₱189.00,N/A,https://www.lazada.com.ph/products/pdp-i15477453797.html
10A 12V-30V PWM DC Motor Speed Controller 12V 24V Adjustable Speed Regulator Dimmer Control Switch for Fan Motor LED Light,₱117.69,N/A,https://www.lazada.com.ph/products/pdp-i2502695459.html
3PCS Mini 5A PWM Max 90W DC Motor Speed Controller Board Module DC-DC 3V-35V Speed Control Switch,₱43.00,N/A,https://www.lazada.com.ph/products/pdp-i5180839053.html
DC 6V 12V 24V 28V DC 3A 80W PWM Motor Speed Controller Regulator Adjustable 3A Motor Speed Controller Regulator,₱77.00,N/A,https://www.lazada.com.ph/products/pdp-i3896125034.html
5PCS Motor Controller PWM DC 4.5V-35V 5A 20khz motor speed controller for motor electric motor speed regulator LED Speed Control Switch Function,₱36.00,N/A,https://www.lazada.com.ph/products/pdp-i3877323702.html
10A PWM DC Motor Speed Controller 12V-24V Adjustable Regulator for Fan Motor LED Light,₱92.00,N/A,https://www.lazada.com.ph/products/pdp-i4989394523.html
SHPYHT PWM DC Motor Speed Controller 6V 12V 24V 28V 3A Speed Regulator Switch,₱59.28,N/A,https://www.lazada.com.ph/products/pdp-i4551589071.html
30W 2A DC 1.8V -15V PWM Motor Speed Controller Regulator Low Voltage Fan Speed Control Switch PWM Adjustable Drive 5V 12V,₱63.32,N/A,https://www.lazada.com.ph/products/pdp-i1175918369.html
Flowatt Solar Charge Controller 30A 10A 20A 60A Solar Panel 12V 24V Solar Battery Charger LCD Solar Panel solar charger controller Controller Regulator for Max PWM 50V PV Lnput RBL Lead Acid Battery With Dual USB Port,₱120.00,N/A,https://www.lazada.com.ph/products/pdp-i4397425891.html
DC 10-50V Speed Controller 100A 3000W Programmable Reversible PWM Control Motor Speed Controller,"₱1,805.00",N/A,https://www.lazada.com.ph/products/pdp-i4475187520.html
DC 1.8V 3V 5V 6V 12V 2A PWM Motor Speed Controller Low Voltage Motor Speed Controller PWM 0~100% Adjustable Drive Module,₱91.65,N/A,https://www.lazada.com.ph/products/pdp-i5118554691.html
YUWO PWM Motor Speed Controller Module PWM DC Motor Governor 5v-35v Adjustable Speed Regulator Control Governor Switch 5A Switch Function Led Dimmer,₱36.73,N/A,https://www.lazada.com.ph/products/pdp-i4542715254.html
6V 12V 24V 28VDC 3A 80W PWM Motor Speed Controller Regulator Adjustable Variable Speed Control With Potentiometer Switch,₱62.00,N/A,https://www.lazada.com.ph/products/pdp-i4345459370.html
DomeDecor PWM DC Motor Speed Controller 6V 12V 24V 28V 3A Speed Regulator Switch,₱62.14,N/A,https://www.lazada.com.ph/products/pdp-i4886004925.html
5V 12V 10A Voltage Regulator PWM DC Motor Speed Controller Governor Stepless Speed Regulator LED Dimmer Power Controller,₱88.08,N/A,https://www.lazada.com.ph/products/pdp-i4387080620.html
Motor Controller PWM DC 4.5V-35V 5A 20khz motor speed controller for motor electric motor speed regulator LED Speed Control Switch Function,₱55.00,N/A,https://www.lazada.com.ph/products/pdp-i5066995093.html
5V 12V 10A Voltage Regulator PWM DC Motor Speed Controller Governor Stepless Speed Regulator LED Dimmer Power Controller,₱66.00,N/A,https://www.lazada.com.ph/products/pdp-i4964881269.html
5V 12V 10A Voltage Regulator PWM DC Motor Speed Controller Governor Stepless Speed Regulator LED Dimmer Power Controller,₱98.58,N/A,https://www.lazada.com.ph/products/pdp-i4214895142.html
SRNE Solar Charger Controller PWM 12V 40A with USB Slot,"₱1,800.00",N/A,https://www.lazada.com.ph/products/pdp-i581970552.html
SENDA Solar Panels 200/400W 18Volt Pv With 10A/20A/30A PWM Solar Charge Controller Set Waterproof Lightning Solar Module Cell Panel Monocrystalline Silicon Power Generation Panel,₱669.00,N/A,https://www.lazada.com.ph/products/pdp-i4109573720.html
30A 12V 24V Solar Charge Controller Lithium Battery LCD Display PWM r Dual USB Solar Panel 【24hours delivery】,₱193.32,N/A,https://www.lazada.com.ph/products/pdp-i15489744202.html
Solar Charge Controller PWM 12V/24V/48V For Solar Off-Grid System 10A/20A/30A/40A/50A/60A Bosca Brand,₱858.00,N/A,https://www.lazada.com.ph/products/pdp-i5288786597.html
10A 20A 30A PWM Semper SCC Solar Charger Controller Solar Panel Battery Intelligent Regulator with USB Port Display 12V/24V,₱209.00,N/A,https://www.lazada.com.ph/products/pdp-i4675939495.html
【Local delivery】12v 24v Solar Panel Charge Controller Intelligent Regulator with LCD Display PWM Solar Charge 10A 30A Dual USB Charger,₱458.00,N/A,https://www.lazada.com.ph/products/pdp-i5170310701.html
BOSCA Solar Charge Controller PWM 12v 24v 48v OPTIONAL AUTO 10A-100A LCD display USB output Temperature compensation,"₱1,639.00",N/A,https://www.lazada.com.ph/products/pdp-i4035116447.html
diymore 30A Solar Charge Controller Solar Panel Battery Intelligent Regulator with Dual USB Port 12V/24V PWM LCD Display,₱290.00,N/A,https://www.lazada.com.ph/products/pdp-i4337827045.html
PowMr PWM Solar Charge Controller 10A / 20A / 30A 12V-24V Auto Solar Panel Battery Charger with LCD Display Dual USB 5V Solar Controller barattilla,₱878.00,N/A,https://www.lazada.com.ph/products/pdp-i15428450133.html
BOSCA FT Series PWM SCC Solar Charge Controller 12/24V AUTO 10-100A with LCD display USB output Parameters Adjustable Temperature Compensation,₱948.00,N/A,https://www.lazada.com.ph/products/pdp-i4727497261.html
Solar Charge Controller 10A/30A Solar Panel PWM 12/24V Battery Controller LCD Display regulator USB interface,₱499.00,N/A,https://www.lazada.com.ph/products/pdp-i5231256737.html
"Y&H Solar Charge Controller 60A PWM 12V 24V 36V 48V Solar Regulator with LCD Display Adjustable Parameters for Sealed, LiFePO4, Gel, Flooded and Lithium Battery",₱856.00,N/A,https://www.lazada.com.ph/products/pdp-i4660545669.html
BOSCA Solar Charge Controller PWM 12v 24v AUTO 10A 20A 30A ST-G1210 ST-G1220 ST-G1230 Battery Level Display ST-G,₱609.00,N/A,https://www.lazada.com.ph/products/pdp-i4041066465.html
30A 20A 10A PWM Solar Charge Controller 12V/24V Battery Regulator Solar Panel Controller LCD Display With Dual USB Port,₱184.00,N/A,https://www.lazada.com.ph/products/pdp-i3887841951.html
10A 20A 30A PWM Solar Charge Controller 12V/24V Bat Regulator Solar Panel Controller LCD Display with Dual USB Port,₱175.00,N/A,https://www.lazada.com.ph/products/pdp-i4515544867.html
Original Aideepen 10A 20A 30A solar charge controller for lithium battery Solar Panel Controller Solar Regulator PWM Battery Charger LCD Display Dual USB 5V Output Solar Controller 12V/24V,₱213.00,N/A,https://www.lazada.com.ph/products/pdp-i3185459648.html
【Huang Li Electronics】30A MPPT PWM Solar Charge Controller 12V 24V Solar Panel Battery Regulator Dual USB Port LCD Display,"₱1,306.30",N/A,https://www.lazada.com.ph/products/pdp-i15447621769.html
【Auto Parts Storeshop】 1*Solar Controller Charger 3a Charging Module Automatic Board Solar-Controller#,₱149.00,N/A,https://www.lazada.com.ph/products/pdp-i4549116791.html
DC 6-60V 12V 24V 36V 48V 30A PWM DC Motor Speed Controller Regulator Motor Speed Controller with Start Stop Switch,₱370.94,N/A,https://www.lazada.com.ph/products/pdp-i4323498849.html
MPPT 100A 80A 60A Solar Charge Controller 12V 24V 36V 48V Solar Panel Lead Acid/Lithium Battery Regulator Dual USB,"₱1,038.00",N/A,https://www.lazada.com.ph/products/pdp-i5227686218.html
Y&H 10A 20A 30A Solar Charge Controller Solar Panel Regulator Dual USB Backlight LCD Display and Timer Setting ON/Off Hours,₱111.00,N/A,https://www.lazada.com.ph/products/pdp-i360882451.html
[COD] SHGMYD 12V 24V 36V 48V PWM DC Motor Speed Controller Reversible Switch 6A Regulator,₱276.32,N/A,https://www.lazada.com.ph/products/pdp-i5341655499.html
20A 12V 24V 36V 48V 10-60V Motor Speed Control PWM DC Motor Speed Controller Switch High Power Drive Module Current Voltage regulator,₱168.00,N/A,https://www.lazada.com.ph/products/pdp-i1533638402.html
100/50/30A Mppt Solar Charge Controller 12V/24V Battery Regulator Solar Panel Controller LCD Display,₱199.00,N/A,https://www.lazada.com.ph/products/pdp-i15476057529.html
[COD] CHENJ 12V 24V 36V 48V PWM DC Motor Speed Controller Reversible Switch 6A Regulator,₱269.45,N/A,https://www.lazada.com.ph/products/pdp-i4520032140.html
【COD】60A/30A/20A Solar Charge Controller 12V/24V LCD Display and Four USB Ports Waterproof and Lightning Protection ABS Material Circuit Protection Solar Panel Solar Charger Controller Controller Regulator,₱361.00,N/A,https://www.lazada.com.ph/products/pdp-i5199452515.html
"3pcs Mini DC Motor PWM Speed Controller, DC 5V-35V 5A Speed Adjustable Switch Module, 6V 12V 24V Variable Voltage Regulator",₱127.98,N/A,https://www.lazada.com.ph/products/pdp-i4542649789.html
"12V 24V 36V 48V PWM DC Motor Speed Controller with Reversible Switch, 6A Regulator for Electric Motors – Adjustable Speed & Direction",₱334.00,N/A,https://www.lazada.com.ph/products/pdp-i4933826313.html
HOMZO High-Efficiency MPPT PWM Solar Charge Controller 30A 60A with LCD Display Auto Focus Tracking 99% Efficiency for Home Industrial Commercial Use 12V 24V System Protection,₱395.00,N/A,https://www.lazada.com.ph/products/pdp-i15471548812.html
10A 30A 6-60V Lead-Acid Lithium Battery Charger Control Module Automatic charging control Overcharge Protection Board 12V 24V,₱193.00,N/A,https://www.lazada.com.ph/products/pdp-i3883826326.html
DC 4-38V 8A Voltage Regulator Module Digital PWM Adjustabl DC-DC Step Down Voltage Regulator XL4016E1 XH-M404,₱156.30,N/A,https://www.lazada.com.ph/products/pdp-i1334286661.html
Mini 5A 90W PWM 12V DC Motor Speed Controller Module DC-DC 4.5V-35V Adjustable Speed Regulator Control Governor Switch 24V,₱61.25,N/A,https://www.lazada.com.ph/products/pdp-i1116828914.html
DC Motor Controller PWM Motor Speed Regulator Light Dimmer LED Digital Display Encoder 5V 12V 24V,₱280.67,N/A,https://www.lazada.com.ph/products/pdp-i1348292591.html
"JCSYFAC 1.8V 3V 5V 6V 12V 2A PWM Dc Motor Speed Controller Variable Speed Regulator Governor Switch,Switch Function 1803BK",₱38.10,N/A,https://www.lazada.com.ph/products/pdp-i5179345338.html
PWM DC Motor Speed Control Switch Controller DC 12V 24V 30V 40V 13KHZ Auto Governor Speed Controller,₱109.00,N/A,https://www.lazada.com.ph/products/pdp-i5281937320.html
DC Motor 1.8V 3V 5V 6V 12V PWM Speed Controller Potentiometer Knob Switch Kit Speed Control Switchs,₱77.05,N/A,https://www.lazada.com.ph/products/pdp-i4884951364.html
High-Efficiency MPPT PWM Solar Charge Controller 30A 60A with LCD Display Auto Focus Tracking 99% Efficiency for Home Industrial Commercial Use 12V 24V System Protection,₱400.00,N/A,https://www.lazada.com.ph/products/pdp-i15469926124.html
DC motor speed regulator 12V 24V 36V 48V 6-90V High power drive module PWM Motor speed controller 10A/15A/20A current regulator,₱182.17,N/A,https://www.lazada.com.ph/products/pdp-i4409394553.html
[COD] PWM DC Motor Speed Controller 6V 12V 24V 28V 3A Speed Regulator Switch,₱64.90,N/A,https://www.lazada.com.ph/products/pdp-i15424229540.html
10A DC 12V 24V 30V 40V 13KHZ Auto PWM DC Motor Speed Regulator Speed Control Switch Controller,₱109.00,N/A,https://www.lazada.com.ph/products/pdp-i4558519084.html
"PWM Motor Speed Controller, DC 6-60V 30A DC Motor Speed Controller 12V 24V 36V 48V, Stepless Regulator Motor Rotary Knob",₱323.00,N/A,https://www.lazada.com.ph/products/pdp-i15427391845.html
PWM DC Motor Speed Controller 12V-40V 10A Stepless Speed Regulation Switch Module,₱168.00,N/A,https://www.lazada.com.ph/products/pdp-i2594017919.html
DM DC3.7V-24V 5A wireless remote control DC motor governor PWM speed regulation dimming module with remote control,₱183.00,N/A,https://www.lazada.com.ph/products/pdp-i4075743357.html
BOSCA Solar Charge Controller PWM 12V 24V 48V AUTO 50A 60A 80A 100A LCD Display USB Output Parameters Adjustable Temperature Compensation FT6048 FT8048,"₱1,696.00",N/A,https://www.lazada.com.ph/products/pdp-i4950545538.html
SD&HI DC 5-30V 12v 24v 5A DC Motor Controller PWM Adjustable Speed Digital Display Encoder Frequency MAX 15A ZK-MG,₱245.77,N/A,https://www.lazada.com.ph/products/pdp-i5298136326.html
SHPYHT 5V 12V 10A PWM DC motor speed controller governor stepless speed regulator,₱42.36,N/A,https://www.lazada.com.ph/products/pdp-i5144846225.html
DC 6V 12V 24V 28V 3A 80W DC Motor Speed Controller PWM Speed Adjustable Reversible Switch 1203BB DC Motor Driver Reversing Board,₱90.00,N/A,https://www.lazada.com.ph/products/pdp-i5076258209.html
【E-WOITD】 PWM DC Motor Speed Controller 6V 12V 24V 28V 3A Speed Regulator Switch,₱59.87,N/A,https://www.lazada.com.ph/products/pdp-i15456255213.html
DC motor speed controller regulator 12V24V36V48V high power drive module PWM Brush Motor Driver 10A Stable,₱189.00,N/A,https://www.lazada.com.ph/products/pdp-i5217185084.html
"diymore 12V/24V Stepper Motor Driver, Forward/Reverse Controller, Speed Control Module, PWM Pulse Signal Generator",₱192.00,N/A,https://www.lazada.com.ph/products/pdp-i5210874510.html
DC Motor Speed Controller PWM Regulator 5A|2A|3A 3-35V |1.8-15V | 6-28 Speed Control Switch Function,₱161.00,N/A,https://www.lazada.com.ph/products/pdp-i5175772727.html
DC 6V 12V 24V 28V 3A 80W PWM motor speed regulator Adjustable variable speed reversible control potentiometer Regulator with switch drive module PWM 3A brush motor Forward and reverse switch board,₱96.00,N/A,https://www.lazada.com.ph/products/pdp-i2699119618.html
[COD] AqToCna Ship within 24 hours 12V 24V 36V 48V PWM DC Motor Speed Controller Reversible Switch 6A Regulator,₱212.38,N/A,https://www.lazada.com.ph/products/pdp-i15422650775.html
SRNE HP2430 HP2440 40A HP2460 60A 12/24V Auto Detect PWM Solar Charge Controller with USB Port,"₱2,098.00",N/A,https://www.lazada.com.ph/products/pdp-i1277118711.html
PowMr 30A / 60A / 80A PWM Solar Charge Controller 12V 24V 36V 48V Auto | Max PV 100V | LiFePO4 Lithium & Lead Acid Battery Support | Dual USB Solar Controller,"₱1,899.00",N/A,https://www.lazada.com.ph/products/pdp-i15428617119.html
YIBAR MAOHONG PWM Solar Charge Controller 12/24V 30/50/70A Battery Regulator Dual USB 5V LCD,"₱1,322.59",N/A,https://www.lazada.com.ph/products/pdp-i15409986499.html
DC 10-55V 60A PWM Motor Speed Controller 0-100% RPM LED Digital Adjustable CW CCW Forward Reverse Motor Control Switch 1 Pcs Black Plastic,₱894.10,N/A,https://www.lazada.com.ph/products/pdp-i15444515299.html
PWM DC Motor Speed Controller DC 10 -55V Digital LED Display 0 -100% Adjustable Drive Module Input MAX 60A 12V 24V 36V 48V,₱464.00,N/A,https://www.lazada.com.ph/products/pdp-i2092603375.html
diymore | 12V/24V PWM Pulse Signal Generator Stepper Motor Driver Forward/Reverse Controller Speed Control Module,₱222.16,N/A,https://www.lazada.com.ph/products/pdp-i15439623693.html
DC 9-55V 40A PWM DC Motor Pump Speed Regulator 9V/12V/24V/36V/48V Motor Speed Controller,₱279.00,N/A,https://www.lazada.com.ph/products/pdp-i4224144622.html
12V 24V 10A PWM DC Motor Speed Controller Adjustable Speed Regulator Dimmer Control Switch for Fan Motors LED Light,₱131.00,N/A,https://www.lazada.com.ph/products/pdp-i2917513796.html
DC10-60V DC 10-60V Motor Speed Control PWM Controller Switch 20A Current Voltage regulator High Power Drive Module,₱180.36,N/A,https://www.lazada.com.ph/products/pdp-i5108289972.html
Original Aideepen 6V 9V 12V 24V PWM DC 5A Motor Speed Controller Adjustable Switch LED Fan Dimmer,₱88.00,N/A,https://www.lazada.com.ph/products/pdp-i2824436955.html
【Local seller】Mini 5A 90W PWM 12V DC Motor Speed Controller Module DC-DC 4.5V-35V Adjustable Speed Regulator Control Governor Switch 24V,₱43.00,N/A,https://www.lazada.com.ph/products/pdp-i4002378945.html
20A 12V 24V 36V 48V 10-60V Motor Speed Control PWM DC Motor Speed Controller Switch High Power Drive Module Current Voltage regulator,₱185.00,N/A,https://www.lazada.com.ph/products/pdp-i3311156202.html
10A 12V-30V PWM DC Motor Speed Controller 12V 24V Adjustable Speed Regulator Dimmer Control Switch for Fan Motor LED Light,₱117.69,N/A,https://www.lazada.com.ph/products/pdp-i2510294084.html
1-5PCS 10A PWM DC Motor Speed Controller LED Dimmer Module 5V 12V 16V Input Voltage Regulation for Motor Fan LED Strip,₱168.85,N/A,https://www.lazada.com.ph/products/pdp-i15495606279.html
DC10-60V DC motor speed regulator 12V 24V 36V 48V High power drive module PWM controller 20A current regulator,₱160.87,N/A,https://www.lazada.com.ph/products/pdp-i1334378331.html
DC 6V 12V 24V 28VDC 3A 80W PWM Motor Speed Controller Regulator Adjustable Variable Speed Control With Potentiometer Switch,₱81.14,N/A,https://www.lazada.com.ph/products/pdp-i1188058463.html
5A PWM DC Motor Speed Controller Board Module 3V-35V Speed Control Switch Regulator LED Dimmer,₱49.00,N/A,https://www.lazada.com.ph/products/pdp-i5159842483.html
PWM Fan Speed Control Switch DC 9-60V 12A 500W Motor Dimming Speed Controller 5V 12V 24V Adjustable Frequency,₱602.00,N/A,https://www.lazada.com.ph/products/pdp-i5250475097.html
DC 10-60V PWM Motor Speed Controller 20A High Power Driver Module 12V 24V 36V 48V Regulator,₱114.00,N/A,https://www.lazada.com.ph/products/pdp-i4947039403.html
CHENJ DC 6V 12V 24V 3A PWM Motor Speed Controller Adjustable Speed DC Motor Driver Forward Reverse Switch,₱95.98,N/A,https://www.lazada.com.ph/products/pdp-i15481354712.html
【Planet age】12V 24V 48V 2000W MAX 10-50V 40A DC Motor Speed Control PWM HHO RC Controller,₱361.00,N/A,https://www.lazada.com.ph/products/pdp-i5366119980.html
EPEVER PWM Solar Charge Controller Loadstar LS1012E LS1012EU ViewStar VS1024BN Tracer 1210RN MPPT10A VS5048N 50A,"₱1,200.00",N/A,https://www.lazada.com.ph/products/pdp-i3477830173.html
Mini 5A/10A 90W PWM 12V DC Motor Speed Controller Module DC-DC 4.5V-35V Adjustable Speed Regulator Control Governor Switch 24V,₱47.84,N/A,https://www.lazada.com.ph/products/pdp-i3630585347.html
30A Pwm Solar Charge Controller For 12V/24V Systems With Real-Time Lcd Display Adjustable Charging Parameters And Dual Usb Output,₱458.00,N/A,https://www.lazada.com.ph/products/pdp-i15479149443.html
[COD] E-WOITD DC 2V 3V 3.7V 5V 6V 12V 2A Speed Control Switch PWM Motor Speed Controller Adjustable Speed DC Motor Driver Home Improvement Durable,₱62.30,N/A,https://www.lazada.com.ph/products/pdp-i5270107037.html
diymore 4-Wire Fan PWM Speed Controller with Digital Display and Remote Control DC 24V/12V/5V Controller with PD & QC Fast Charging,₱599.00,N/A,https://www.lazada.com.ph/products/pdp-i5234272375.html
10A 20A 30A PWM Solar Charge Controller 12V/24V Battery Regulator Solar Panel Controller LCD Display with Dual USB Port,₱269.00,N/A,https://www.lazada.com.ph/products/pdp-i4953971339.html
ALLAN 5A 3V-35V DC Motor Speed Controller PWM Regulator Speed Control Switch Function,₱34.00,N/A,https://www.lazada.com.ph/products/pdp-i4407881180.html
❤️❤️❤️ 【DC 4.5V-35V】Mini 5A 90W PWM 12V DC Motor Speed Controller Module DC-DC 4.5V-35V Adjustable Regulator Control Governor Switch 24V LZC-PWM-Controller-Module,₱39.00,N/A,https://www.lazada.com.ph/products/pdp-i3696955289.html
【Local Warehouse】5V 12V 5A Voltage Regulator PWM DC Motor Speed Controller Governor Stepless Speed Regulator LED Dimmer Power Controller 5A 90W PWM 12V DC Motor Speed Controller Module DC-DC 4.5V-35V Adjustable Speed Regulator Control Governor Switch 24V,₱39.00,N/A,https://www.lazada.com.ph/products/pdp-i3696896694.html
Moito DC 1.8V 3V 5V 6V 12V 2A 1803BK PWM Motor Speed Controller Low Voltage Motor Speed Regulator Switch PWM Adjustable Drive Module,₱75.13,N/A,https://www.lazada.com.ph/products/pdp-i15456417202.html
20A PWM DC Motor Speed Controller 12V 24V 36V 48V with Potentiometer Knob Switch,₱176.00,N/A,https://www.lazada.com.ph/products/pdp-i3389870289.html
[COD]🔥🔥🔥 5V 12V 10A PWM DC motor speed controller governor stepless speed regulator,₱65.98,N/A,https://www.lazada.com.ph/products/pdp-i5343965017.html
DC Motor Speed Controller – 6V-28V 3A 80W PWM Adjustable & Reversible Switch,₱62.00,N/A,https://www.lazada.com.ph/products/pdp-i4946518548.html
PWM DC Motor Speed Control Switch Controller Volt Regulator Dimmer 12V~40V 10A,₱109.00,N/A,https://www.lazada.com.ph/products/pdp-i4574908796.html
ALLAN DC Motor Speed Controller PWM Regulator 5A 3V-35V Speed Control Switch Function,₱38.00,N/A,https://www.lazada.com.ph/products/pdp-i4407774150.html
10A PWM Semper Solar Charger Controller Solar Panel Battery Intelligent Regulator with USB Port Display 12V/24V(Original),₱299.00,N/A,https://www.lazada.com.ph/products/pdp-i4047467957.html
【E-WOITD】 PWM Motor Speed Controller Module PWM DC Motor Governor 5v-35v Adjustable Speed Regulator Control Governor Switch 5A Switch Function Led Dimmer,₱55.62,N/A,https://www.lazada.com.ph/products/pdp-i15396560543.html
【Latest model】30A MPPT PWM Solar Charge Controller 12V 24V Solar Panel Battery Regulator Dual USB Port LCD Display,"₱1,387.30",N/A,https://www.lazada.com.ph/products/pdp-i15446810061.html
DIYMO 12V 24V 36V 48V PWM DC Motor Speed Controller Reversible Switch 6A Regulator,₱347.00,N/A,https://www.lazada.com.ph/products/pdp-i5009845360.html
"30A Solar Charge Controller 12V24V PWM Built-in BTAPP Control,Bateria Power Intelligent Plug and Play Portable Max PV 900W 55Voc","₱2,200.00",N/A,https://www.lazada.com.ph/products/pdp-i5252045248.html
10A 20A 30A PWM Semper SCC Solar Charger Controller Solar Panel Battery Intelligent Regulator with USB Port Display 12V/24V,₱299.00,N/A,https://www.lazada.com.ph/products/pdp-i15455924259.html
30A MPPT PWM Solar Charge Controller 12V 24V Solar Panel Battery Regulator Dual USB Port LCD Display,"₱1,109.19",N/A,https://www.lazada.com.ph/products/pdp-i5188038168.html
BOSCA Solar Charge Controller PWM 12v 24v 48v (OPTIONAL) AUTO 10A 20A 30A 40A 50A 60A 80A 100A FT2024 FT4024 FT6048 FT8048 LCD display USB output Parameters adjustable Temperature compensation,"₱1,669.00",N/A,https://www.lazada.com.ph/products/pdp-i3460178639.html
Universal Automatic Solar Charge Controller 12V 24V,₱574.47,N/A,https://www.lazada.com.ph/products/pdp-i15430753340.html
💥0 electricity bill💥 60A/30A/20A Solar Charge Controller 12V/24V LCD display and four USB ports Waterproof and lightning protection ABS material Circuit protection Solar Panel solar charger controller Controller Regulator,₱349.00,N/A,https://www.lazada.com.ph/products/pdp-i5254542253.html
Aibecy PWM Motor Governor Digital PWM DC Display Motor Speed Controller Stepless Speed Regulation for DC 6V-24V Motor with ABS Material 0Speed Adjustment Touch Buttons for Sleep,₱286.25,N/A,https://www.lazada.com.ph/products/pdp-i5226572607.html
30W 2A DC 1.8V -15V PWM Motor Speed Controller Regulator Low Voltage Fan Speed Control Switch PWM Adjustable Drive Module 5V 12V,₱55.84,N/A,https://www.lazada.com.ph/products/pdp-i3686218296.html
6-24V DC Motor Speed Controller With PWM Reversible Switch Forward/Reverse Adjustable Speed Module For 12V 24V Motors,₱207.94,N/A,https://www.lazada.com.ph/products/pdp-i5274746472.html
LUXEMO 20A DC Motor Speed Regulator 12V24V36V48V PWM Control Current Regulator High Quality Speed Regulation PWM Motor Speed Controller DC Motor Applications,₱146.96,N/A,https://www.lazada.com.ph/products/pdp-i15459470079.html
DC PWM Motor Speed Controller 1.8V 3V 5V 6V 12V 2A Automatic Regulator Governor Speed Control 15V Power Supply with Potentiomer,₱74.77,N/A,https://www.lazada.com.ph/products/pdp-i1468582649.html
PWM Motor Speed Controller DC 6V 12V 24V 28V 3A Adjustable Speed DC Motor Driver Forward Reverse Switch,₱137.68,N/A,https://www.lazada.com.ph/products/pdp-i15392557264.html
"7-70V 30A PWM DC Motor Speed Controller, Adjustable PWM Motor Controller Switch 30A Variable Motor Speed Regulator",₱331.00,N/A,https://www.lazada.com.ph/products/pdp-i5239377852.html
DC 6V-28V 3A PWM DC Motor Speed Controller Regulator Motor Speed Controller With Start Stop Switch Motor Speed Controller,₱161.70,N/A,https://www.lazada.com.ph/products/pdp-i15463309070.html
DC 10-60V PWM Motor Speed Controller 20A High-Power Drive Module for 12V 24V 36V 48V DC Motor,₱169.46,N/A,https://www.lazada.com.ph/products/pdp-i15498670229.html
DC10V-55V PWM Brushed DC Motor Speed Controller CW CCW Reversible Switch With Digit Display,₱479.38,N/A,https://www.lazada.com.ph/products/pdp-i15502290308.html
diymore DC 6V 12V 24V 3A Reversible Motor Speed Regulator Controller PWM Controller adjustable reversible switch control diy electronic pcb board,₱194.00,N/A,https://www.lazada.com.ph/products/pdp-i1074624475.html
12V 24V 36V 60V 10A DC Motor Speed Regulator CCM5NJ PWM Motor Speed Controller Reverse Polarity Protection,₱186.11,N/A,https://www.lazada.com.ph/products/pdp-i15493317935.html
15A PWM Motor Speed Controller With Digital Display and Bidirectional Control For High-Power DC Motors 12-60V,"₱1,094.57",N/A,https://www.lazada.com.ph/products/pdp-i15488278612.html
5A 90W PWM DC Motor Speed Controller DC 3-35V,₱55.00,N/A,https://www.lazada.com.ph/products/pdp-i3459448710.html
BOSCA VT Series PWM with Bluetooth SCC Solar Charge Controller 12-48V AUTO 10-60A with LCD display USB output Parameters Adjustable Temperature Compensation,"₱1,507.00",N/A,https://www.lazada.com.ph/products/pdp-i4852328318.html
PWM Adjustable DC Motor Speed Controller 6V-28V 3A 80W Reversible Control Switch,₱62.00,N/A,https://www.lazada.com.ph/products/pdp-i4991259618.html
Motor Speed Controller DC 12-60V 15A PWM Digital Display High-Power Forward Reverse Control for Industrial Automation,"₱1,094.57",N/A,https://www.lazada.com.ph/products/pdp-i15488181293.html
Solar Panel Controller PWM Solar Controller 6V 12V Auto Work High Efficiency for Boat,"₱1,016.00",N/A,https://www.lazada.com.ph/products/pdp-i5046393381.html
【Huang Li Electronics】10A 12V IP67 Solar Control Regulator PWM Solar Control Regulator Solar Panel Charger Controller,₱765.00,N/A,https://www.lazada.com.ph/products/pdp-i15447560627.html
NEW PWM DC Motor Speed Controller 6V 12V 24V 28V 3A Speed Regulator Switch,₱149.32,N/A,https://www.lazada.com.ph/products/pdp-i15498527008.html
2/3/5/10A Voltage Regulator PWM DC Motor Speed Controller Governor Stepless Speed Regulator LED Dimmer Power Controller Module,₱69.20,N/A,https://www.lazada.com.ph/products/pdp-i15501428598.html
High-Q 12V- 40V 10A PWM DC Motor Speed Control Switch Controller Governor Speed Controller Switch,₱109.00,N/A,https://www.lazada.com.ph/products/pdp-i5286040955.html
✅Original + 24 hours delivery✅READY STOCK !!30A PWM Solar Charge Controller 12V/24V Battery Regulator Solar Panel Controller LCD Display with Dual USB Port,₱189.00,N/A,https://www.lazada.com.ph/products/pdp-i4884784414.html
10A PWM DC Motor Speed Controller 12V-30V Adjustable Regulator for Fan & LED Light,₱92.00,N/A,https://www.lazada.com.ph/products/pdp-i4661233525.html
SUERTE 5A 90W PWM DC Motor Speed Controller Module 4.5V-35V Adjust Regulator Control Governor Switch,₱39.00,N/A,https://www.lazada.com.ph/products/pdp-i5130276132.html
PWM DC Motor Speed Regulator 5A 4.5V-35V Speed Control Switch Function |Regulator Switch Module LED Speed Control Switch Function,₱37.80,N/A,https://www.lazada.com.ph/products/pdp-i4090309649.html
SRNE HP2430 30A HP2440 40A HP2460 60A 12/24V Auto Detect PWM Solar Charge Controller,"₱1,888.00",N/A,https://www.lazada.com.ph/products/pdp-i2301685865.html
【0 electricity bill】❗❗❗ Solar Charge Controller 20A/30/50A/60A PWM 12V/24V LCD display and four USB ports Circuit protection Waterproof and lightning protection ABS material Solar Panel solar charger controller Controller Regulator,₱449.00,N/A,https://www.lazada.com.ph/products/pdp-i5020808222.html
[Local seller+COD]PWM Solar Charge Controller 12V/24V Dual USB Solar Voltage Regulator LCD Display With Power-off Memory Function,₱188.00,N/A,https://www.lazada.com.ph/products/pdp-i2840888617.html
90W Motor Speed Controller 5A PWM Motor Speed Controller DC 4.5V-35V Fuse Automatic Recovery PWM Adjustable Drive Module,₱142.98,N/A,https://www.lazada.com.ph/products/pdp-i15487820459.html
30A PWM Solar Charge Controller 12V/24V Battery Regulator MPPT Solar Panel Controller LCD Display With Dual USB Port,₱416.00,N/A,https://www.lazada.com.ph/products/pdp-i5261693607.html
【Rockhouse】 30A For PWM Solar Controller 12V 24V LCD Display Built-in Dual 5V USB Ports [New Products],₱424.00,N/A,https://www.lazada.com.ph/products/pdp-i15419955264.html
LED intelligent charge and discharge controller 10A/20A/30A solar controller PWM,₱186.00,N/A,https://www.lazada.com.ph/products/pdp-i5411322644.html
10/20/30A PWM 12/24V Solar Panel Regulator Charge Controller LCD Display solar battery charger USB,₱458.00,N/A,https://www.lazada.com.ph/products/pdp-i15472767015.html
Smart Sensor PWM Solar Charge Controller Solar Panel Charge Controller LCD Display Ultra Low Calorific Value with 2 USB Port for Lithium Sealed Batteries,₱402.00,N/A,https://www.lazada.com.ph/products/pdp-i15410403564.html
Solar Charge Controller 12V 24V PWM 30A with Adjustable LCD Display Dual USB Port Timer Setting Auto Parameter 【Original+24hours delivery】,₱189.00,N/A,https://www.lazada.com.ph/products/pdp-i4914574832.html
Solar Charge Controller 12V/24V Original 30A 20A 10A PWM Battery Regulator Solar Panel Controller LCD Display USB Port,₱269.00,N/A,https://www.lazada.com.ph/products/pdp-i4043784373.html
"EPEVER PWM Solar Charge Controller Loadstar LS1012E LS1012EU ViewStar VS1024BN Tracer 1210RN MPPT10 ,","₱3,977.00",N/A,https://www.lazada.com.ph/products/pdp-i5027462480.html
Universal Battery Compatible Solar Charge Controller 12V 24V,₱531.00,N/A,https://www.lazada.com.ph/products/pdp-i5375578929.html
12V 24V 36V 48V 60A DC10 -55V PWM DC Motor Speed Controller Digital LED Display 0 -100% Adjustable Drive Module,₱486.41,N/A,https://www.lazada.com.ph/products/pdp-i15457422898.html
"""Solar cell charger controller CD60 12V 24V 48V charging and discharging control module undervoltage current protection board """"Completely power-off DC voltage protection undervoltage and depletion protection board, battery charging control module CD60""""""",₱367.00,N/A,https://www.lazada.com.ph/products/pdp-i4279795615.html
"DC 6-60V PWM DC Motor Speed Controller (PWM) Speed Adjustable Stepless Governor Regulator, Motor Speed Controller",₱315.00,N/A,https://www.lazada.com.ph/products/pdp-i5200435460.html
Fast Charging Solar Charger with Dual USB Ports Portable and Lightweight USB-C Solar Charge Controller 3A Step-Down Module,₱75.00,N/A,https://www.lazada.com.ph/products/pdp-i15480688130.html
PWM Speed Controller 5V 12V 24V Adjustable Speed Numerical Display Duty Cycle Frequency,₱302.94,N/A,https://www.lazada.com.ph/products/pdp-i15433836358.html
E-WOITD🔥🔥🔥 DC 5-30V 12v 24v 5A DC Motor Controller PWM Adjustable Speed Digital Display Encoder Frequency MAX 15A ZK-MG,₱233.84,N/A,https://www.lazada.com.ph/products/pdp-i5310202293.html
DC Motor Speed Controller PWM Controller PWM Adjustable Speed Digital Display Encoder Duty Ratio Frequency -MG Adjustable PWM Motor Speed Regulator 12V 24V,₱217.62,N/A,https://www.lazada.com.ph/products/pdp-i5187765546.html
Y&H 60A/80A/100A MPPT Solar Charge Controller 12V 24V 36V 48V LCD Display Battery Intelligent Regulator Max 100V Input Dual USB for Lead-acid/Lithium,₱806.00,N/A,https://www.lazada.com.ph/products/pdp-i4200240514.html
New DC 1.8V 3V 5V 6V 12V 2A PWM Motor Speed Controller Low Voltage Motor Speed Controller PWM 0~100% Adjustable Drive Module,₱67.00,N/A,https://www.lazada.com.ph/products/pdp-i2707599265.html
【Latest model】6-60V 30A Lead-Acid Solar Battery Charge Controller Protection Board Charger Time Switch 12V 24V 36V 48V Battery,₱240.00,N/A,https://www.lazada.com.ph/products/pdp-i15446667922.html
8A 200W Buck Converter Power Module DC-DC XH-M401 Buck XL4016E1 PWM Adjustable 4-40V to 1.25-36V Regulator,₱158.00,N/A,https://www.lazada.com.ph/products/pdp-i3320044722.html
100A/60A/50A/40A/30A MPPT Solar Charge Controller Dual USB LCD Display Auto Solar Cell Panel Charger Regulator,₱449.00,N/A,https://www.lazada.com.ph/products/pdp-i4636020914.html
"👉Hot Sale NcVHrt 1.8V 3V 5V 6V 12V 2A PWM Dc Motor Speed Controller Variable Speed Regulator Governor Switch,Switch Function 1803BK",₱38.10,N/A,https://www.lazada.com.ph/products/pdp-i5184668248.html
【Ready Stock】20A 12V 24V 36V 48V 10-60V Motor Speed Control PWM DC Motor Speed Controller Switch High Power Drive Module Current Voltage Regulator,₱185.83,N/A,https://www.lazada.com.ph/products/pdp-i3632793262.html
"AqToCna 1.8V 3V 5V 6V 12V 2A PWM Dc Motor Speed Controller Variable Speed Regulator Governor Switch,Switch Function 1803BK",₱36.63,N/A,https://www.lazada.com.ph/products/pdp-i5131463787.html
DC 9-55V 40A 2000W PWM DC Motor Pump Speed Regulator High Power Speed Controller 9V 12V 24V 36V 48V,₱279.00,N/A,https://www.lazada.com.ph/products/pdp-i4224696580.html
diymore XL4016 DC 4-38V Digital Voltage Regulator Module LED Voltmeter PWM Adjustable DC-DC to Buck Board Module Buck Regulator 8A 200W Buck Conversion Module DC 8A,₱123.00,N/A,https://www.lazada.com.ph/products/pdp-i2914153307.html
DC10-60V DC motor speed regulator 12V 24V 36V 48V High power drive module PWM Motor speed controller 20A current regulator,₱114.00,N/A,https://www.lazada.com.ph/products/pdp-i4761803995.html
[COD] CHENJ 1.8V 3V 5V 6V 12V 2A Low Voltage Motor Speed Controller PWM 1803B M216,₱47.90,N/A,https://www.lazada.com.ph/products/pdp-i4518038075.html
3PCS Mini 5A PWM Max 90W DC Motor Speed Controller Board Module DC-DC 5V-35V Speed Control Switch,₱33.00,N/A,https://www.lazada.com.ph/products/pdp-i4972299281.html
1PCS 20A PWM DC Motor Governor 12V/24V/36V/48V High Power Waterproof DC Drive Speed Controller Module,₱297.00,N/A,https://www.lazada.com.ph/products/pdp-i4061133086.html
10A 12V-30V PWM DC Motor Speed Controller 12V 24V Adjustable Speed Regulator Dimmer Control Switch for Fan Motor LED Light,₱92.00,N/A,https://www.lazada.com.ph/products/pdp-i4661453192.html
QIUWU Universal 3.2 3.7 4 11.1 12V Solar Controller Charging Street Light Switch Module,₱31.10,N/A,https://www.lazada.com.ph/products/pdp-i5174895360.html
✅Original + 24 hours delivery✅10A 20A 30A 60A PWM Solar Charge Controller 12V/24V Battery Regulator Solar Panel Controller LCD Display with Dual USB Port,₱219.00,N/A,https://www.lazada.com.ph/products/pdp-i4573812533.html
"CHENJ 1.8V 3V 5V 6V 12V 2A PWM Dc Motor Speed Controller Variable Speed Regulator Governor Switch,Switch Function 1803BK",₱41.01,N/A,https://www.lazada.com.ph/products/pdp-i4704285706.html
DC 12V 24V 30V 40V 13KHZ Auto PWM DC Motor Speed Regulator Governor Speed Controller Switch,₱109.00,N/A,https://www.lazada.com.ph/products/pdp-i5284725718.html
TENXI3 DC 6V 12V 24V 3A PWM Motor Speed Controller Adjustable Speed DC Motor Driver Forward Reverse Switch,₱88.63,N/A,https://www.lazada.com.ph/products/pdp-i5121313372.html
KOVEX 5A 90W PWM 12V DC Motor Speed Controller Module DC-DC 4.5V-35V Adjustable Speed Regulator Governor Control Switch 24V COD,₱43.00,N/A,https://www.lazada.com.ph/products/pdp-i4763587141.html
"(BUY 1 TAKE 1)Extension cable socket long plug-in 0.5M/5M/10M/20M/30M /40M electric vehicle charging extention wire with socket,1.5M/1.8M extension cord socket#CP",₱119.00,N/A,https://www.lazada.com.ph/products/pdp-i4469088341.html
DC 1.8V 3V 5V 6V 12V 2A 1803BK PWM Motor Speed Controller Low Voltage Motor Speed Regulator Switch PWM Adjustable Drive Module,₱59.00,N/A,https://www.lazada.com.ph/products/pdp-i5126887775.html
5A 90W PWM 12V DC Motor Speed Controller Module DC 4.5V-35V Adjustable Regulator Control Switch 24V LZC-PWM-Controller-Module,₱39.00,N/A,https://www.lazada.com.ph/products/pdp-i3996502953.html
3pcs 5A 90W PWM 12V DC Motor Speed Controller Module DC-DC 4.5V-35V Low Voltage Motor Speed Controller Adjustable Drive Module,₱36.00,N/A,https://www.lazada.com.ph/products/pdp-i5162387788.html
"TBRBG 1.8V 3V 5V 6V 12V 2A PWM Dc Motor Speed Controller Variable Speed Regulator Governor Switch,Switch Function 1803BK",₱53.32,N/A,https://www.lazada.com.ph/products/pdp-i5318685636.html
PWM DC Motor Speed Control Switch Controller DC 12V 24V 30V 40V 13KHZ Auto Governor Speed Controller,₱109.00,N/A,https://www.lazada.com.ph/products/pdp-i4558865070.html
30A Solar Panel Controller 12V 24V LCD Display Dual USB PWM Charge Regulator Pang Solar Battery System Safe Charging Protection,₱210.00,N/A,https://www.lazada.com.ph/products/pdp-i5385254767.html
Solar Charge Controller 10A /20A/ 30A 12V 24V Battery Regulator PWM with LCD Dual USB 5V Output Solar Cell,₱185.00,N/A,https://www.lazada.com.ph/products/pdp-i3838897831.html
10/20/30/60A PWM 12V/24V Solar Panel Regulator Charge Controller battery charger LCD Display USB,₱199.00,N/A,https://www.lazada.com.ph/products/pdp-i5360340371.html
Solar Charge Controller 12V 24V PWM 30A with Adjustable LCD Display Dual USB Port Timer Setting,₱458.00,N/A,https://www.lazada.com.ph/products/pdp-i5185446037.html
PWM 2A DC Motor Speed Controller 1.8V 3V 5V 6V 12V Governor Switch 1803BK,₱59.00,N/A,https://www.lazada.com.ph/products/pdp-i4226039029.html
3-Speed Fan Circuit Board with Type-C Fast Charging PWM Boost Technology For DIY USB Small Fans 9V/12V Brushless Control,₱196.67,N/A,https://www.lazada.com.ph/products/pdp-i15480834083.html
OUSHIDUN | Automatic Charge and Discharge Solar Controller,₱313.82,N/A,https://www.lazada.com.ph/products/pdp-i15404591419.html
DC 24V 12V 5V Cooling System 4-wire Fan PWM Speed Controller PD QC Fast Charging Type-C DIY Watercooling Cooler,₱390.94,N/A,https://www.lazada.com.ph/products/pdp-i5362867237.html
3A Charging Module Automatic Board Solar Controller Solar Controller Charger,₱105.00,N/A,https://www.lazada.com.ph/products/pdp-i5350939315.html
3.2V Automatic Solar Charge Controller Module,₱399.00,N/A,https://www.lazada.com.ph/products/pdp-i15415000987.html
PWM DC Motor Speed Regulator 5A 3V-35V Speed Control Switch Function | PWM 1803BK Motor Speed Controller | DC Motor Speed Controller PWM Regulator 6V-28V Switch Module | ZKMG DC5-30V 5A with LCD | 6V-60V 30A PWM LED Digital,₱110.00,N/A,https://www.lazada.com.ph/products/pdp-i2273722870.html
Solar Controller 30A 20A 10A 5V Output Auto PWM Battery Charger LCD Display Dual USB Solar Regulator 12V/24V,₱322.10,N/A,https://www.lazada.com.ph/products/pdp-i15437997025.html
PWM DC Motor Speed Controller 12V-36V 3A Adjustable Voltage Regulator Switch Module for Various Motors,₱116.00,N/A,https://www.lazada.com.ph/products/pdp-i5250354509.html
1-10PCS PT4115 1-10S DC 12V LED Constant Current Board PWM Controller Dimmer String Led Constant Current Drive Output Module,₱247.62,N/A,https://www.lazada.com.ph/products/pdp-i15435004550.html
6V-30V 8A DC Motor Speed Controller 6V 12V 24V PWM Stepless Speed Control Switch Adjustable Driver Regulator,₱181.96,N/A,https://www.lazada.com.ph/products/pdp-i5200243631.html
【COD】10A 30A PWM Solar Charge Controller 12V/24V Battery Regulator Solar Panel Controller LCD Display with Dual USB Port,₱458.00,N/A,https://www.lazada.com.ph/products/pdp-i5192071514.html
120W Fast Charging 4 Ports Mobile Phone Charger QC3.0 USB Type C Chargers Dual PD Wall Adapter EU/US/UK Plug for IPhone15 Xiaomi,₱35.00,N/A,https://www.lazada.com.ph/products/pdp-i4576867431.html
MPPT 100A 80A 60A Solar Charge Controller 12V 24V 36V 48V Solar Panel Lead Acid/Lithium Battery Regulator Dual USB,₱193.00,N/A,https://www.lazada.com.ph/products/pdp-i15475854657.html
diymore DC 12V-40V 10A PWM DC Motor Speed Control Switch Controller Module Volt Regulator Dimmer 3KHz Frequency Plastic and Metal DIY,₱137.00,N/A,https://www.lazada.com.ph/products/pdp-i1137064614.html
12V Nidec 24H055M020 BLDC Brushless Motor Built-in Drive board PWM Speed Regulation 100 Line Signal Encoder feedback Servo Motor,₱311.00,N/A,https://www.lazada.com.ph/products/pdp-i5043519245.html
CHENJ Adjustable Driver Board DC Motor Speed Controller PWM 1803BK 1.8V 3V 5V 6V 12V 2A Low Voltage Speed Regulator Control Module,₱52.18,N/A,https://www.lazada.com.ph/products/pdp-i4734133385.html
20A PWM DC Motor Speed Controller 12V 24V 36V 48V with Potentiometer Knob Switch,₱156.00,N/A,https://www.lazada.com.ph/products/pdp-i5187688372.html
CCM5D PWM Motor Controller LED Digital Display 6V 12V 24V PWM Motor Speed Controller Adjustable Speed Switch for DC Motor,₱321.08,N/A,https://www.lazada.com.ph/products/pdp-i15468123074.html
12v 24v Solar Panel Charge Controller Intelligent Regulator with LCD Display PWM Solar Charge 10A 30A Dual USB Charger,₱458.00,N/A,https://www.lazada.com.ph/products/pdp-i5155041090.html
10/20/30/60A PWM 12V/24V Solar Panel Regulator Charge Controller battery charger LCD Display USB,₱199.00,N/A,https://www.lazada.com.ph/products/pdp-i5384081543.html
Dokio 12/24v 10A/20A/30A PWM Solar Controller For Solar Panel LCD Display Solar Regulator With USB Socket,₱665.37,N/A,https://www.lazada.com.ph/products/pdp-i295100497.html
1PCS XH-M401 Supply Module DC-DC Step Down Buck Converter Power XL4016E1 PWM Adjustable 4-40V To 1.25-36V Voltage Regulator 8A 200W,₱144.00,N/A,https://www.lazada.com.ph/products/pdp-i4685867195.html
BUY 1-10฿ DC 6V 12V 24V 5A Adjustable PWM DC Motor Speed Controller CCM5D LED Digital Display Stepless Speed Control Switch Module,₱161.35,N/A,https://www.lazada.com.ph/products/pdp-i5144822247.html
JCSYFAC DC 8V-24V Brushless DC Motor Driver Controller Board PWM Driver Fan Motor Speed Governor Forward And Backward Control 18KHz,₱74.83,N/A,https://www.lazada.com.ph/products/pdp-i5187196385.html
L298N DC Motor Driver Module Dual H Bridge Mini DC Motor Drive Controller Module 2.5A Reversing PWM Speed Electronic Components,₱92.80,N/A,https://www.lazada.com.ph/products/pdp-i15474102552.html
12V 24V 36V 48V PWM DC Motor Speed Controller Reversible Switch 6A Regulator,₱223.89,N/A,https://www.lazada.com.ph/products/pdp-i15446150208.html
Solar Controller Solar Panel Controller 12V/24V 60A 30A 20A 10A Solar Regulator PWM Battery Charger LCD Display Dual USB 5V Output,₱218.00,N/A,https://www.lazada.com.ph/products/pdp-i3662831166.html
AqToCna Adjustable Driver Board DC Motor Speed Controller PWM 1803BK 1.8V 3V 5V 6V 12V 2A Low Voltage Speed Regulator Control Module,₱52.18,N/A,https://www.lazada.com.ph/products/pdp-i4839604806.html
PowMr PWM 30A/60A/80A Solar Charge Controller 12V/24V/36V/48V Automatic Identification With LCD backlight display Photovoltaic Panel Maximum Input Voltage 100Voc Support The Use Of Any Type Of Battery,"₱2,539.33",N/A,https://www.lazada.com.ph/products/pdp-i5158908070.html
12v 24v Solar Panel Charge Controller Intelligent Regulator with LCD Display PWM Solar Charge 10A 30A Dual USB Charger,₱458.00,N/A,https://www.lazada.com.ph/products/pdp-i5213643462.html
Solar Charge Controller 10A/30A Solar Panel PWM 12/24V Battery Controller LCD Display regulator USB,₱458.00,N/A,https://www.lazada.com.ph/products/pdp-i15472438635.html
MPPT Solar Boost Charge Controller 400W Booster Voltage Regulator for 24V 36V 48V 60V 72V Lead Acid/Lithium Battery,"₱2,061.10",N/A,https://www.lazada.com.ph/products/pdp-i15446991905.html
6pcs L298N Mini DC Motor Driver Module 1.5A 2-Way PWM Speed Control Dual H-Bridge Stepper Motor Driver Module for Smart Cars,₱96.89,N/A,https://www.lazada.com.ph/products/pdp-i5322123492.html
Solar Charge Controller 12V 24V PWM 30A10A with Adjustable LCD Display Dual USB Port Timer Setting Auto Parameter,₱458.00,N/A,https://www.lazada.com.ph/products/pdp-i5170284976.html
30A Pwm Solar Charge Controller For 12V/24V Systems With Real-Time Lcd Display Adjustable Charging Parameters And Dual Usb Output,₱458.00,N/A,https://www.lazada.com.ph/products/pdp-i15472769032.html
【JCSYFAC】 12V 24V 36V 48V PWM DC Motor Speed Controller Reversible Switch 6A Regulator,₱210.72,N/A,https://www.lazada.com.ph/products/pdp-i15447007317.html
1-10PCS Mini 5A 90W PWM 12V DC Motor Speed Controller Module DC-DC 5V-35V Adjustable Speed Regulator Control Governor Switch 24V,₱208.59,N/A,https://www.lazada.com.ph/products/pdp-i5149163965.html
diymore PWM Server Fan Speed Controller 3-wire 4-wire Motor Stepless Speed Controller DC 12V with Switch,₱126.00,N/A,https://www.lazada.com.ph/products/pdp-i5136629013.html
TBRBG Adjustable Driver Board DC Motor Speed Controller PWM 1803BK 1.8V 3V 5V 6V 12V 2A Low Voltage Speed Regulator Control Module,₱69.20,N/A,https://www.lazada.com.ph/products/pdp-i5318646939.html
【Local delivery】Solar Charge Controller 12V 24V PWM 30A with Adjustable LCD Display Dual USB Port Timer Setting Auto Parameter,₱458.00,N/A,https://www.lazada.com.ph/products/pdp-i5185441047.html
BESTOUR Digital Display MPPT Solar Charge Controller 12V/24V Protects Battery Power Controller High Efficiency 30A 40A 100A Solar Control Panel Home Use,₱390.38,N/A,https://www.lazada.com.ph/products/pdp-i5378117838.html
"Y&H MPPT 40A/60A/100A 12V/24V Auto Focus Tracking Solar Panel Charge Controller Regulator with Dual USB Port,LCD Display, Model:Wanderer BL912 (Blue)",₱326.00,N/A,https://www.lazada.com.ph/products/pdp-i1884032624.html
【DECOUSE】 Dual USB Output Solar Charger Module 3A for Fast Charging of Mobile Devices 【Ready Stock】,₱120.00,N/A,https://www.lazada.com.ph/products/pdp-i5194993272.html
EPEVER PWM Solar Charge Controller LS0512EU 5A 10A 20A 30A 12V 24V DC USB Terminal Can Charge Phone,"₱1,157.37",N/A,https://www.lazada.com.ph/products/pdp-i5295279826.html
👉Hot Sale NcVHrt 3A Solar Controller Charger Module Advanced Charging Board for Efficient Offgrid Portable Solar Power Solutions,₱99.76,N/A,https://www.lazada.com.ph/products/pdp-i15474524792.html
30a Solar Panel Charge Controller For 12v 24v Lead Acid Lithium Batt With Dual USB LCD,₱162.00,N/A,https://www.lazada.com.ph/products/pdp-i5354017703.html
10A/20A/30A40A/100A LCD Solar Controller MPPT Solar Charge Controller 12V 24V Solar Panel Battery Regulator Dual USB Output Overcharge Protection,₱339.00,N/A,https://www.lazada.com.ph/products/pdp-i1991446601.html
Hantech PowMr 25A/35A/45A MPPT Solar Charger Controller 12V 24V With Blacklight LCD Regulator Max PV Input Battery Efficient charging 100VDC Support,"₱1,000.00",N/A,https://www.lazada.com.ph/products/pdp-i5053352795.html
12V/24V 400W-1000W Wind Solar Hybrid Generator Charge Controller Regulator,"₱1,858.00",N/A,https://www.lazada.com.ph/products/pdp-i15454554594.html
ZK-MGP Adjustable Speed PWM DC Motor Controller 5-30v 12A 360W 6V 12V 24V Slow Start Slow Stop Module,₱431.79,N/A,https://www.lazada.com.ph/products/pdp-i15502606006.html
💥0 electricity bill💥 60A/30A/20A Solar Charge Controller 12V/24V LCD display and four USB ports Waterproof and lightning protection ABS material Circuit protection Solar Panel solar charger controller Controller Regulator,₱449.00,N/A,https://www.lazada.com.ph/products/pdp-i4550436844.html
diymore | DC PWM Motor Speed Controller DC 10V -55V Digital LED Display Adjustable Drive Module Input MAX 60A 12V 24V 36V 48V,₱427.00,N/A,https://www.lazada.com.ph/products/pdp-i15461587808.html
PWM Solar Charge Controller 30A 50A 100A with LCD Display Dual USB 5V Auto Identify Battery Type for Solar Panel RV Home,₱374.71,N/A,https://www.lazada.com.ph/products/pdp-i5270504477.html
MPPT Solar Charge Controller 60A30A20A 12V24V Auto LCD Dual USB,₱389.00,N/A,https://www.lazada.com.ph/products/pdp-i15442665797.html
IP65 Original 600W MPPT Solar Charge Controller 40A 10-30V Adjustable OLED Display Smart Fan Photovoltaic,"₱2,499.00",N/A,https://www.lazada.com.ph/products/pdp-i15496602809.html
NEW SALE Pwm Dc Motor Governor 6V12V24V Forward And Reverse Switch Motor Controller,₱160.43,N/A,https://www.lazada.com.ph/products/pdp-i15425239750.html
diymore AC220V to DC10-210V 500W 20A Pwm Brushed DC Motor Governor Voltage Regulator Motor Driver,₱304.00,N/A,https://www.lazada.com.ph/products/pdp-i4262812705.html
3pcs L298N DC Motor Drive Module 2V-10V 1.5A Bi-directional PWM Speed Control Dual H-Bridge Stepper Motor Drive Board,₱189.59,N/A,https://www.lazada.com.ph/products/pdp-i15471613516.html
👉Hot Sale NcVHrt Adjustable Driver Board DC Motor Speed Controller PWM 1803BK 1.8V 3V 5V 6V 12V 2A Low Voltage Speed Regulator Control Module,₱59.50,N/A,https://www.lazada.com.ph/products/pdp-i15418399081.html
[HM]Pwm Dc Motor Governor 6V12V24V Forward And Reverse Switch Motor Controller,₱161.66,N/A,https://www.lazada.com.ph/products/pdp-i15437682803.html
5A Motor PWM Speed Controller DC 4.5V-35V 90W PWM Adjustable Drive Module Fuse Automatic Recovery Mini LED Dimmer,₱111.98,N/A,https://www.lazada.com.ph/products/pdp-i15479615920.html
SHPYHT DC 8V-24V Brushless DC Motor Driver Controller Board PWM Driver Fan Motor Speed Governor Forward And Backward Control 18KHz,₱78.88,N/A,https://www.lazada.com.ph/products/pdp-i15402898228.html
PWM Board Module Signal Generator XY-PWM1 PWM Motor Speed Controller LCD Display DC Motor 3.3V-30V,₱222.98,N/A,https://www.lazada.com.ph/products/pdp-i5342322880.html
CCA83-DC 1.8/3/5/6/12V 2A 1803BK PWM Motor Speed Controller Low Voltage Motor Speed Regulator Switch PWM Adjustable Drive Module,₱84.69,N/A,https://www.lazada.com.ph/products/pdp-i15409092888.html
MPPT 100A 80A 60A Solar Charge Controller 12V 24V 36V 48V Solar Panel Lead Acid/Lithium Battery Regulator Dual USB【COD】,₱196.00,N/A,https://www.lazada.com.ph/products/pdp-i15489704900.html
LYM 36V/48V 350W Brushless Motor Controller DC Motor Regulator Speed Controller,₱389.52,N/A,https://www.lazada.com.ph/products/pdp-i4518987869.html
【Local Delivery】High Linearity 5V 9V 12V 10A PWM DC Motor Speed Controller LED Dimmer Dimming Module Adjustable Speed Regulator Control Switch,₱55.00,N/A,https://www.lazada.com.ph/products/pdp-i4089910792.html
DC 8V-24V Brushless DC Motor Driver Controller Board PWM Driver Fan Motor Speed Governor Forward And Backward Control 18KHz,₱145.27,N/A,https://www.lazada.com.ph/products/pdp-i15447807977.html
【E-WOITD】 5V 12V 10A PWM DC motor speed controller governor stepless speed regulator,₱58.93,N/A,https://www.lazada.com.ph/products/pdp-i15392478052.html
Stepless DC Motor Speed Controller DC 9V-60V 12V 24V 60V 20A PWM DC Motor Driver Speed Controller DC Motor Controller,₱437.39,N/A,https://www.lazada.com.ph/products/pdp-i15472671415.html
E-WOITD PWM DC Motor Governor 2A 3A 5A 10A 90W Speed Control Switch Switch Function 1803BK 1203BK Adjustable Module Switch Function,₱41.83,N/A,https://www.lazada.com.ph/products/pdp-i5309087106.html
5V 12V 10A Voltage Regulator PWM DC Motor Speed Controller Governor Stepless Speed Regulator LED Dimmer Power Controller,₱99.01,N/A,https://www.lazada.com.ph/products/pdp-i5271750624.html
AqToCna PWM DC Motor Speed Controller 6V 12V 24V 28V 3A Speed Regulator Switch,₱69.63,N/A,https://www.lazada.com.ph/products/pdp-i15418183516.html
5A 12V DC Motor Speed Controller DC Fan Motor Module 4.5V-35V Adjustable Speed Regulator Control Governor Switch 24V,₱43.00,N/A,https://www.lazada.com.ph/products/pdp-i3996827652.html
MPPT 30A/60A Solar Charge Controller Battery Charger with LCD for Lithium Battery Charger Digital Display Solar Control Panel Home Use,₱379.00,N/A,https://www.lazada.com.ph/products/pdp-i15399588710.html
[COD] E-WOITD PWM DC Motor Governor 2A 3A 5A 10A 90W Speed Control Switch Switch Function 1803BK 1203BK Adjustable Module Switch Function,₱52.83,N/A,https://www.lazada.com.ph/products/pdp-i5270104078.html
30W 2A DC 1.8V -15V PWM Motor Speed Controller Regulator Low Voltage Fan Speed Control Switch PWM Adjustable Drive 5V 12V,₱53.00,N/A,https://www.lazada.com.ph/products/pdp-i5381576024.html
[COD] CHENJ PWM DC Motor Speed Controller 6V 12V 24V 28V 3A Speed Regulator Switch,₱72.40,N/A,https://www.lazada.com.ph/products/pdp-i4517687959.html
QIUWU PWM DC Motor Governor 2A 3A 5A 10A 90W Speed Control Switch Switch Function 1803BK 1203BK Adjustable Module Switch Function,₱38.59,N/A,https://www.lazada.com.ph/products/pdp-i5166582663.html
30A/10A PWM Regulator Dual USB Charger LCD Display 12V/24V Solar Panel Charger Controller Battery,₱145.00,N/A,https://www.lazada.com.ph/products/pdp-i4419235361.html
"Y&H Solar Charge Controller MPPT 40A/60A/100A 12V/24V Auto Focus Tracking Solar Panel Charge Controller Regulator with Dual USB Port,LCD Display",₱326.00,N/A,https://www.lazada.com.ph/products/pdp-i4603428240.html
"TaoZhong 40A/60A/100A Solar MPPT Charge Controller 12V/24V Auto Focus Tracking Solar Panel Charge Controller Regulator with Dual USB Port,LCD Display",₱356.00,N/A,https://www.lazada.com.ph/products/pdp-i1568304455.html
Universal Auto Solar Charge Controller 12/24/48V,₱566.00,N/A,https://www.lazada.com.ph/products/pdp-i15423471299.html
ROEXBY Solar Charge Controller MPPT 100A 80A 60A 12V 24V 36V 48V Solar Panel Battery Intelligent Regulator LCD Display Dual USB,"₱2,080.00",N/A,https://www.lazada.com.ph/products/pdp-i4834350630.html
Flowatt Solar Charge Controller 10A 12V/24V Battery Regulator Solar Panel Controller LCD Display with Dual USB Port,₱130.00,N/A,https://www.lazada.com.ph/products/pdp-i4409036858.html
"Hot- <br>MPPT Solar Charge Controller 12V 24V 36V 48V Battery System Auto,PV Solar Panel Regulator","₱1,388.20",N/A,https://www.lazada.com.ph/products/pdp-i15443920558.html
100A/60A/30ASolar Charge Controller 12V/24V LCD display and four USB ports Waterproof and lightning protection ABS material Circuit protection Solar Panel solar charger controller Controller Regulator,₱388.00,N/A,https://www.lazada.com.ph/products/pdp-i5342613586.html
MPPT 720W Stepdown 25A Solar Controller 18V-80V Input Charging For 12V 24V Lithium Lead-acid Gel Battery Real-time Tracking Adjustable,"₱1,626.00",N/A,https://www.lazada.com.ph/products/pdp-i4265823984.html
PowMr 10A Solar Charger Controller 12V 24V Battery Charger LCD Dual USB Solar Panel Regulator for Max 50V PV Input RBL,₱115.00,N/A,https://www.lazada.com.ph/products/pdp-i4158786221.html
Universal Solar Panel Power Generation Controller 3.2V-3.7V-12V Module for Street Lights Charging Circuit Board ELECFANS,₱83.00,N/A,https://www.lazada.com.ph/products/pdp-i4844466131.html
[Vodool Brand Center]Dual USB LCD Solar Charge Controller 12V 24V Solar Panel Charger Regulator,₱374.00,N/A,https://www.lazada.com.ph/products/pdp-i15419559052.html
MPPT Solar Charge Controller Multiple Protection Solar Solar QC3.0 Controller with LCD Screen,₱220.19,N/A,https://www.lazada.com.ph/products/pdp-i3985194231.html
Solar Charge Controller 12V 24V Auto for Lead Acid Lithium Battery Home Street Light 10A to 60A,₱298.00,N/A,https://www.lazada.com.ph/products/pdp-i5221381095.html
Solar Panel Charge Controller 10/20/30/50A Battery Display Backlight LCD USB Charger 12V/24V Battery Regulator,₱173.00,N/A,https://www.lazada.com.ph/products/pdp-i2804975568.html
SAVVYSHELF 12V/24V MPPT Solar Charge Controller 30A 40A 100A Protects Battery Solar Control Panel High Efficiency Digital Display Power Controller Home Use,₱386.80,N/A,https://www.lazada.com.ph/products/pdp-i5357458496.html
【READY】Aideepen CD60 Solar Battery Charger Controller DC6-60V Charge Discharge Protection Module,₱330.00,N/A,https://www.lazada.com.ph/products/pdp-i1840416145.html
MPPT 30A 60A 100A Solar Controller Solar Panel Charging Controller 12V/24V Adaptive LED Screen 2 USB Charging Interfaces,₱649.00,N/A,https://www.lazada.com.ph/products/pdp-i5389312120.html
3A Dual Usb Output Solar Controller Charger Module Solar Controller,₱105.00,N/A,https://www.lazada.com.ph/products/pdp-i5326417873.html
💥0 electricity bill💥 60A/30A/20A Solar Charge Controller 12V/24V LCD display and four USB ports Waterproof and lightning protection ABS material Circuit protection Solar Panel solar charger controller Controller Regulator,₱469.00,N/A,https://www.lazada.com.ph/products/pdp-i4636039613.html
Moketa Mppt Solar Charge Controller 100a 30a Power Dual USB Lcd Display 12V/24V Battery Controller,₱484.00,N/A,https://www.lazada.com.ph/products/pdp-i15481578445.html
MPPT Solar Charge Controller 30A/ 60A/80A/100A 12V 24V 36V 48V with LCD Screen AUTO Battery Charger,₱799.00,N/A,https://www.lazada.com.ph/products/pdp-i5171283025.html
MPPT Solar Charge Controller 60A30A20A 12V24V Auto LCD Dual USB,₱389.00,N/A,https://www.lazada.com.ph/products/pdp-i15433663731.html
"【COD】30A/60A/80A/100A MPPT Solar Controller 12V 24V 36V 48V Automatic Battery Charger with LCD Display, Waterproof and Lightning Protection ABS Material Circuit Protection Solar Panel Solar Charger Controller Regulator Regulator",₱361.00,N/A,https://www.lazada.com.ph/products/pdp-i5258353880.html
💥0 electricity bill💥 60A/30A/20A Solar Charge Controller 12V/24V LCD display and four USB ports Waterproof and lightning protection ABS material Circuit protection Solar Panel solar charger controller Controller Regulator,₱410.00,N/A,https://www.lazada.com.ph/products/pdp-i5045039952.html
aternee Solar Voltage Stabilizer Smart Black Voltage Regulator with 2 USB Port Home Fast Charge Outdoor Solar Panel Charge Controller,₱223.71,N/A,https://www.lazada.com.ph/products/pdp-i5003382018.html
💥0 electricity bill💥 60A/30A/20A Solar Charge Controller 12V/24V LCD display and four USB ports Waterproof and lightning protection ABS material Circuit protection Solar Panel solar charger controller Controller Regulator,₱459.00,N/A,https://www.lazada.com.ph/products/pdp-i5362914525.html
RS755 12V DC Motor Speed Controller DC Fan Motor Module 4.5V-35V Adjustable Speed Regulator Control,₱43.00,N/A,https://www.lazada.com.ph/products/pdp-i3996686745.html
diymore PWM Motor Driver DC10-55V 40A Motor Speed Controller Adjustable Speed Regulator Signal Generator Driver Module,₱954.00,N/A,https://www.lazada.com.ph/products/pdp-i4227177186.html
MPPT Solar Charge Controller with LCD Display Dual USB Technical Charging Current 30A 50A 100A,₱599.00,N/A,https://www.lazada.com.ph/products/pdp-i4841761409.html
MPPT Solar Charge Controller 200W 400W 600W Step Up Down Battery Charger,"₱2,299.00",N/A,https://www.lazada.com.ph/products/pdp-i5407745924.html
Stable Performance PWM DC Motor Governor PWM Motor Speed Controller for Industry DC Motor Home,₱115.00,N/A,https://www.lazada.com.ph/products/pdp-i5164530463.html
20A 12V/24V Solar Charge Controller by Feel at Home,₱485.00,N/A,https://www.lazada.com.ph/products/pdp-i801774918.html
DC 1.8V-15V 2A PWM Motor Speed Controller DC Motor Stepless Speed Regulator LED Dimmer Power Controller Motor,₱86.07,N/A,https://www.lazada.com.ph/products/pdp-i15462834922.html
1PCS High-Power PWM DC Motor Speed Controller 5V 12V 24V 150W Signal Generator Driver Module Speed Regulator,₱270.00,N/A,https://www.lazada.com.ph/products/pdp-i4062959792.html
PIAO PWM DC Motor Speed Controller 6V 12V 24V 28V 3A Speed Regulator Switch,₱63.39,N/A,https://www.lazada.com.ph/products/pdp-i15419661298.html
10A Solar Charging Controller 6V 12V IP30 Rated with LED Status Display,₱341.00,N/A,https://www.lazada.com.ph/products/pdp-i15419578262.html
30A Solar Charge Controller 12V/24V LCD Display and 4 USB Ports,₱416.00,N/A,https://www.lazada.com.ph/products/pdp-i5316242485.html
MPPT Solar Charge Controller 30A/100A 12V 24V 36V48V LCD Display Battery Intelligent Regulator For Lithium Battery,₱339.00,N/A,https://www.lazada.com.ph/products/pdp-i5361969254.html
LITUILI Useful Durable Auto Regulator 6V 12V 10A Solar Panel Charge Controller Solar Controllers Battery Charger Battery Regulator,₱305.13,N/A,https://www.lazada.com.ph/products/pdp-i5161028997.html
1PCS Dc motor Governor Brush motor speed control PWM controller CW/CCW switch governor PWM DC motor speed controller Stepless speed change positive and negative switching pulse width motor speed regulation 12-40V,₱228.00,N/A,https://www.lazada.com.ph/products/pdp-i4061037646.html
"120A 100A 60A MPPT Solar Charge Controller - 12V/24V/36V/48V Dual USB LCD Display, 7 Modes Intelligent Charging for Lead-Acid/Lithium Batteries, Solar PV System Compatible","₱1,749.91",N/A,https://www.lazada.com.ph/products/pdp-i15389592454.html
6V 40V DC Input Solar Controller Charger with 3A Dual USB Output Module,₱118.00,N/A,https://www.lazada.com.ph/products/pdp-i5107900906.html
PowMr 30A Solar Charger Controller 12V 24V Battery Charger LCD Dual USB Solar Panel Regulator for Max 50V PV Input RBL,₱150.00,N/A,https://www.lazada.com.ph/products/pdp-i4158675551.html
Mppt Solar Charge Controller 100a 60a 50a 40a 30a Power Dual USB Lcd Display,₱429.00,N/A,https://www.lazada.com.ph/products/pdp-i3446745503.html
【Beauroom】Compact Solar Charger Controller with 3A Output Dual USB output 3A step-down module [New Products Hot Sale],₱132.00,N/A,https://www.lazada.com.ph/products/pdp-i5225620664.html
MPPT Solar Boost Charge Controller 380W 10A 48V 60V72V Solar Controller Lead Acid/lithium Battery Car Solar Battery Charger,"₱1,350.29",N/A,https://www.lazada.com.ph/products/pdp-i5283057261.html
SWIFTTIDE Digital Display MPPT Solar Controller 60A 80A 100A Protects Battery Battery Charger Useful 12V/48V Solar Control Panel Home Use,₱845.96,N/A,https://www.lazada.com.ph/products/pdp-i5356629183.html
Solar Panel Charge Controller for 12V 24V 30A Lead Acid/lithium Batt with Dual USB Backlight LCD 【Original+24hours delivery】,₱209.00,N/A,https://www.lazada.com.ph/products/pdp-i4934005165.html
1 Cell Lithium Battery Charge Charging Board CN3791 MPPT Solar Panel 3.7V 4.2V DC-DC Regulator Controller Module 6V 9V 12V 2A,₱77.00,N/A,https://www.lazada.com.ph/products/pdp-i3246865117.html
12V 24V Solar Panel Charge Controller 10A 20A 30A 40A 50A 60A Automatic for Lead-Acid Battery,₱300.00,N/A,https://www.lazada.com.ph/products/pdp-i5251231597.html
60A/30A/20A Solar Charge Controller 12V/24V LCD display and four USB ports Waterproof and lightning protection ABS material Circuit protection Solar Panel solar charger controller Controller Regulator,₱369.00,N/A,https://www.lazada.com.ph/products/pdp-i5192714665.html
Aideepen 12V to 3.3V 3.7V 4.2V 5V 6V 7.5V 3A DC Converter Power Supply with Reverse Connection/Over Current/Short Circuit Protection,₱203.00,N/A,https://www.lazada.com.ph/products/pdp-i3344354849.html
QIUWU 5A DC-DC MPPT Solar Panel Solar Controller Module Regulator Controllers Constant Voltage Constant Current Charging,₱209.60,N/A,https://www.lazada.com.ph/products/pdp-i5179536302.html
Ruby home Solar Controller 12V24V Battery Regulator Solar Panel Charge Controller with LCD Display andDual USB,₱149.00,N/A,https://www.lazada.com.ph/products/pdp-i4541848646.html
【Free Shipping】 12V 24V Solar Charge Controller Auto Solar Regulator Lithium Battery Charge Controller for Lead-Acid Lithium Battery,₱369.00,N/A,https://www.lazada.com.ph/products/pdp-i5265292464.html
LM317 Adjustable Voltage Regulator Power Supply LM317 DC-DC Converter Buck Step Down Circuit Board Module Linear Regulator,₱33.00,N/A,https://www.lazada.com.ph/products/pdp-i5007945963.html
E-WOITD🔥🔥🔥 DC 9V 12V 24V 36V To 5V 3A Double USB Charge DC-DC Step-down Converter Car Charging Solar 3A Voltage Regulated Power Module,₱64.85,N/A,https://www.lazada.com.ph/products/pdp-i5309796692.html
Moketa Solar Controller 30A-100A - 12V/24V/36V/48V Auto Battery Charger with LCD Display Screen,₱484.00,N/A,https://www.lazada.com.ph/products/pdp-i5181587288.html
60A MPPT Solar Charge Controller 12V 24V Auto Waterproof with LCD Display USB Ports for Solar Panel System,₱349.00,N/A,https://www.lazada.com.ph/products/pdp-i5262813140.html
Melo home 10A/30A Solar Charge Controller 12V/24V Battery Regulator Solar Panel Controller LCD Display,₱149.00,N/A,https://www.lazada.com.ph/products/pdp-i4541681964.html
Solar Controller 12V to 24V Battery Regulator Solar Panel Solar Charge Controller with LCD Display and Dual USB Port,₱179.00,N/A,https://www.lazada.com.ph/products/pdp-i2508524387.html
CHUANGCHAO MPPT Solar Ccontroller 12V/24V/36V/48V AUTO 30A 60A 80A 100A Solar Charge Controller compatible with lead acid/colloid,₱669.00,N/A,https://www.lazada.com.ph/products/pdp-i4891291685.html
【Can be used for 50 years】Solar Panel 150W/350W/500W Charging Panel Monocrystalline Silicon Band 30 A Controller Household Charging Panel Multifuncitional and Portable generator 0 electricity bill waterproof,₱479.00,N/A,https://www.lazada.com.ph/products/pdp-i5233334620.html
Power Inverter DC 12V to AC 220V Fully automatic solar current conversion Modified Sine Wave Inverter High Frequency 220W/500W/1000W with 2.4A Dual USB Port as A Emergency Equipment for Car Travel Fishing Outdoor,₱295.00,N/A,https://www.lazada.com.ph/products/pdp-i4780925577.html
Multifunctional Waterproof LED Headlamp XPE + COB USB Rechargeable Headlight Head Torch Head Lamp,₱62.00,N/A,https://www.lazada.com.ph/products/pdp-i1346116220.html
BUY 1 TAKE 1 Smart Weather Net Japan Black Weather Net Water Proof Net Shade Outdoor Smart Weather Net Water Proof Sunshade Outdoor Waterproof Fado Multifunction Weather Net Net For Green House Gardening Anti Uv Sunshade Net Outdoor,₱119.00,N/A,https://www.lazada.com.ph/products/pdp-i3134017080.html
10A DC Motor Speed Control Switch 12V-40V PWM Speed Controller Auto Mechanical Speed Regulation,₱109.00,N/A,https://www.lazada.com.ph/products/pdp-i5316722218.html
【Local shipping】 PWM DC Motor Speed Controller 6V 12V 24V 28V 3A Speed Regulator Switch,₱60.72,N/A,https://www.lazada.com.ph/products/pdp-i5376818926.html
12V 24V LED Dimmer Switch 30A 360W Voltage Regulator Adjustable Controller For LED Strip Light Lamp LED Dimming Dimmers,₱116.00,N/A,https://www.lazada.com.ph/products/pdp-i4345418322.html
E-WOITD DC 8V-24V Brushless DC Motor Driver Controller Board PWM Driver Fan Motor Speed Governor Forward And Backward Control 18KHz,₱70.86,N/A,https://www.lazada.com.ph/products/pdp-i15403730832.html
Solar Controller Charger 3A Dual Usb Output Solar Controller Charger Module Solar Controller,₱105.00,N/A,https://www.lazada.com.ph/products/pdp-i5326414090.html
PkYeG 12V 24V 36V 48V PWM DC Motor Speed Controller Reversible Switch 6A Regulator,₱243.18,N/A,https://www.lazada.com.ph/products/pdp-i5349471983.html
100A 30A Mppt Solar Charge Controller 12V/24V Battery Regulator Solar Panel Controller LCD Display,₱484.00,N/A,https://www.lazada.com.ph/products/pdp-i4573800020.html
2PCS Mini Driving Light White+Yellow Pair With Free Domino 3Way Switch High quality (Lowest price),₱137.00,N/A,https://www.lazada.com.ph/products/pdp-i5324107204.html
SSN 12V DC Motor Kit – Heavy Duty High Torque Motor for DIY & Robotics,₱50.00,N/A,https://www.lazada.com.ph/products/pdp-i2756801656.html
HUANCHI | Bright Light Charging Headlamp Night Fishing Flashlight,₱135.31,N/A,https://www.lazada.com.ph/products/pdp-i5360770147.html
1PCS/2PCS Dc 6V 12V 24V 28V DC 3A 80W PWM motor Speed Controller Adjuster Adjustable 3A motor speed controller adjuster,₱84.00,N/A,https://www.lazada.com.ph/products/pdp-i4060978972.html
5A 35V Dc Motor Speed Controller Module Dc-Dc 5V-35V Adjustable Speed Regulator Control Governor Switch,₱43.00,N/A,https://www.lazada.com.ph/products/pdp-i3996407909.html
1PCS/2PCS DC 6V-12V 6A PWM DC Motor Speed Controller Governor Regulator High Power Stepless Variable Speed Control Switch,₱119.00,N/A,https://www.lazada.com.ph/products/pdp-i4276960093.html
diymore | PWM DC 5V12V 0.7A Voltage Regulator Motor Speed Controller Governor Stepless Speed Regulator LED Dimmer Power Controller 4PB3,₱238.13,N/A,https://www.lazada.com.ph/products/pdp-i15439170397.html
MPPT 720W Solar Charge Controller 25A MPPT Stepdown Input 18-80V Auto Buck Outpu For 12V 24V Lead-acid/Lithium battery/Gel Battery Real-time Tracking Adjustable,"₱1,550.62",N/A,https://www.lazada.com.ph/products/pdp-i15402913284.html
NEXASHOP 12V/24V MPPT Solar Charge Controller Protects Battery 30A 40A 100A Solar Control Panel High Efficiency Digital Display Solar Controller Home Use,₱422.53,N/A,https://www.lazada.com.ph/products/pdp-i15432725047.html
Y&H 60A MPPT Solar Charge Controller 12V 24V 36V 48V LCD Display Battery Intelligent Regulator Max 100V Input Dual USB for Lead-acid/Lithium,₱986.00,N/A,https://www.lazada.com.ph/products/pdp-i4638999112.html
PowMr 10A 20A 30A Solar Charge Controller Solar Panel Regulator Dual USB Backlight LCD Display and Timer Setting ON/Off Hours,₱133.00,N/A,https://www.lazada.com.ph/products/pdp-i5032811472.html
"【Upgrade】LAIRTPOW 100A 80A 60A MPPT Solar Controller With Backlit LCD, 12V/24V/36V/48V AUTO, Wide Battery Compatibility, 1200W Max，Battery Voltage/Capacity Display, Blue","₱1,050.00",N/A,https://www.lazada.com.ph/products/pdp-i5205982593.html
"PPR Pipe Threader Kit Internal & External Pipe Threading Tool, Carbon Steel Die Set for PPR Pipe Tapping",₱61.00,N/A,https://www.lazada.com.ph/products/pdp-i5350911615.html
【Ready Stock】Solar Charge Controller MPPT 100A LCD Display 12V 24V AUTO Dual USB Solar Charge And Discharge Controller,₱557.00,N/A,https://www.lazada.com.ph/products/pdp-i15488997185.html
5Pcs 1.8v 3v 5v 6v 7.2v 12v 2A 30W low voltage DC motor speed controller PWM 1803BK adjustable drive switch with speed contro,₱317.64,N/A,https://www.lazada.com.ph/products/pdp-i15502309621.html
"1-20Pcs Thicken Microfiber Car Cleaning Towels, Soft Quick Drying Windows Mirrors Wiping Rags, Highly Absorbent Cleaning Cloth, Reusable Car Wash Cloth, Home Double-sides Clean Cloths",₱24.00,N/A,https://www.lazada.com.ph/products/pdp-i4855291095.html
"MPPT Solar Controller with Voltage Stabilizer, Inverter,Quick Charge QC2.0/3.0,Type-C & DC Output for DIY Solar Chargers",₱211.00,N/A,https://www.lazada.com.ph/products/pdp-i5382888713.html
【YF Elife】 MPPT Charge Controller for 12V 24V Systems with Digital Display Waterproof 【New Arrival】,₱424.00,N/A,https://www.lazada.com.ph/products/pdp-i5116731548.html
Mppt Solar Charge Controller 100A 30A Power Dual USB LCD Display Solar Regulator 12V Solar Regulator Battery Charger LCD Display Dual USB 5V Output,₱488.00,N/A,https://www.lazada.com.ph/products/pdp-i4118694038.html
[🇵🇭 Stock&COD] 20A MPPT Solar Charge Controller 12V 24V Auto LCD Display Dual USB for RV Home Battery,₱389.00,N/A,https://www.lazada.com.ph/products/pdp-i15455182493.html
"[COD] E-WOITD 30A 20A 10A Solar Charge Controller 12V 24V Auto Solar Panel PV LCD Controller For Lead-Acid Battery, Lithium Battery Dual USB",₱207.96,N/A,https://www.lazada.com.ph/products/pdp-i15445521435.html
300W MPPT Solar Charger Controller For Ebike Solar Boost Charge Controller 24V/36V/48V/72V Solar Power Charge Controller For Ebike Solar Power Battery Charger Electric Bicycle Battery Charger Controller,"₱1,688.00",N/A,https://www.lazada.com.ph/products/pdp-i3373733383.html
Speed Controller DC 6-60V 12V 24V 36V 48V 30A PWM DC Motor Speed Controller Display LED Control Start Stop Switch,₱504.00,N/A,https://www.lazada.com.ph/products/pdp-i4665878935.html
MPPT Solar Charge Controller 12/24V Auto Focus Solar Panel Controller 30A/40A/50A/60A/100A B-attery Intelligent Regulator with 4 USB Output Adjustable Parameter LCD Display Timer Setting,₱435.00,N/A,https://www.lazada.com.ph/products/pdp-i4858704445.html
Hammock With Rope Camping Hiking Hammock Duyan Double Outdoor Foldable Hammock Travel Hammock,₱298.00,N/A,https://www.lazada.com.ph/products/pdp-i4275597028.html
Solar Panel 500W 300W Household Charging Panel 30A Controller Portable Solar Generator Solar Power Station for Home,₱479.00,N/A,https://www.lazada.com.ph/products/pdp-i4340461816.html
LED Flashlight USB rechargeable super bright with back clip and battery portable handheld emergency work light with laser magnetic heavy duty 10000 lumens germany tactical led military XPH70 3 led long range outdoor searchlight camping lantern,₱67.62,N/A,https://www.lazada.com.ph/products/pdp-i4342902796.html
Motorcycle gloves half finger waterproof breathable wear resistant riding gloves for motorcycle anti-slip sports cycling gloves for men motocross protective gears,₱155.82,N/A,https://www.lazada.com.ph/products/pdp-i5333433455.html
Zamdon MPPT Solar Charge Controller 40A 12V24V,"₱4,999.00",N/A,https://www.lazada.com.ph/products/pdp-i3850972125.html
DC DC 15A 200W 60V Adjustable Step Down Converter Buck Board Adjustable Voltage Module Stabilized Synchronous Rectification,₱380.00,N/A,https://www.lazada.com.ph/products/pdp-i277950148.html
Inverter module 40W DC-AC 12V to 220V step-up transformer step-up module inverter,₱129.00,N/A,https://www.lazada.com.ph/products/pdp-i4266207756.html
12V Solar Panel with Battery Charger Usb 100W Polycrystalline Solar Panel System Full Set DC 12-18V Double Usb With 10-100A PWM Controller Solar Cells Monocrystalline for Car Yacht RV Boat Moblie Phone Battery Charger,₱743.64,N/A,https://www.lazada.com.ph/products/pdp-i5076340910.html
Welding Metal Adhesive Strong Waterproof Super Adhesive Plastic/Metal Waterproof High Temperature Multi-Functional,₱44.00,N/A,https://www.lazada.com.ph/products/pdp-i3893720494.html
TV Remote Control Skyworth English 43U20 Smart,₱86.24,N/A,https://www.lazada.com.ph/products/pdp-i15457167265.html
[COD] E-WOITD DC 6V 12V 24V 3A PWM Motor Speed Controller Adjustable Speed DC Motor Driver Forward Reverse Switch,₱102.38,N/A,https://www.lazada.com.ph/products/pdp-i15490958128.html
Acciaiie Flashlight Rechargeable Waterproof Smart Digital Display LED flashlight Heavy Duty Zoomable,₱139.00,N/A,https://www.lazada.com.ph/products/pdp-i4976330563.html
200W 400W 600W MPPT Solar Charge Controller Step Up/Down Real-time Solar Battery Charger,"₱2,299.00",N/A,https://www.lazada.com.ph/products/pdp-i5408821011.html
【E-WOITD】 5A 90W PWM 12V DC Motor Speed Controller Module DC-DC 4.5V-35V Adjustable Speed,₱69.11,N/A,https://www.lazada.com.ph/products/pdp-i15397271823.html
【WELIBA】 Compact 4-Pin For PWM Fan Governor 5V to 12V DC Boost Controller Type C Port,₱587.00,N/A,https://www.lazada.com.ph/products/pdp-i15429236467.html
"100% Legit High Yield Red Papaya Seeds Red Lady Dwarf Papaya Seeds for Planting Fruits (High Germination, 10pcs) Fresh Bonsai Papaya Plant Seeds for Garden Sweet Papaya Potted Fruit Seeds Real Plants Red Lady F1 Papaya Seeds Fruit Bearing Tree Seedlings",₱82.00,N/A,https://www.lazada.com.ph/products/pdp-i5270504021.html
COUPLECOL Useful Durable Regulator 6V 12V 10A Controller Solar Panel Charge Controller Battery Charger Solar Controllers Battery Regulator,₱356.13,N/A,https://www.lazada.com.ph/products/pdp-i5328619622.html
LED Flashlight Rechargeable Super Light Portable Lights Military Heavy Duty Japan Waterproof Original Digital Power Display Long Battery Life Handheld Concentrating Light flash light mini flashlight rechargeable heavy duty flashlight original,₱160.00,N/A,https://www.lazada.com.ph/products/pdp-i4733841433.html
"32650 LIfePO4 Battery Lithium 3.2v 6000mAH - 24000MAH (B1, B2, B3) High Capacity 32650 LiFePO4 Module with Warranty",₱279.00,N/A,https://www.lazada.com.ph/products/pdp-i4718982268.html
Automatic Solar Panel Battery Charger Board Night Light LED Lamp Control Switch Battery Charger Charging Controller Module,₱96.42,N/A,https://www.lazada.com.ph/products/pdp-i4409231891.html
80w 20000rpm/s and Blower Set 10000rpm All-metal blower fan for kalan DC 12V 220v blower kalan with Speed Controller,₱265.00,N/A,https://www.lazada.com.ph/products/pdp-i5359026840.html
27PCS Mini Drill Electric Grinder 12V DC 15000 RPM Mini Drill Electric Engraver Grinder Electric Grinder Electric Drill Grinder / Wood Carving Tool / Sanding Tool / Cutting Tool,₱169.00,N/A,https://www.lazada.com.ph/products/pdp-i5211418069.html
flashlights heavy duty japan rechargeable flashlight waterproof original torch led mini flashlight military tactical flash light lamp buy 1 take 1 promo emergency light searchlight keychain chargable lights super bright water proof solar flashlight,₱106.82,N/A,https://www.lazada.com.ph/products/pdp-i4907298545.html
150A MPPT Solar Charge Controller 100A 60A -12V/24V/36V/48V Auto 7 Modes for Lead-Acid/Lifepo4/Lithium with Dual USB LCD Display,"₱1,621.00",N/A,https://www.lazada.com.ph/products/pdp-i15443556542.html
【Exclusive】 ◎N12j◎ PowMr 100% Mppt 60A Solar Charge and Discharge Controller 12v-48v Auto 190vdc LCD Fan with Backlight na Suporta sa Lead Acid at Lithium Battery HHJ-60A,"₱3,054.75",N/A,https://www.lazada.com.ph/products/pdp-i4285945291.html
PRIMEPICKGLOBAL 12V/24V MPPT Solar Charge Controller Protects Battery Digital Display Solar Controller High Efficiency 30A 40A 100A Solar Control Panel Home Use,₱407.97,N/A,https://www.lazada.com.ph/products/pdp-i5313384460.html
ADDO Digital Display MPPT Solar Charge Controller 12V/24V 30A 40A 100A Solar Control Panel High Efficiency Protects Battery Power Controller Home Use,₱412.09,N/A,https://www.lazada.com.ph/products/pdp-i5357579352.html
PowMr Mppt 60A Solar Charge Controller 12v-48v Auto 190vdc Lcd Fan with Backlight Support Lead Acid Lithium Battery,"₱3,150.00",N/A,https://www.lazada.com.ph/products/pdp-i5024617088.html
USB Charging Controller 30A Solar Controller with DC Hole 12V/24V LCD Display Photovoltaic Charging Module,₱275.00,N/A,https://www.lazada.com.ph/products/pdp-i15443360794.html
"Wholesale 1000Pcs Self Locking Nylon Cable Ties, Plastic Cord Tie, Heavy Duty Cables Fastening Rings Loop, Hardware Organizer Wire Straps",₱35.00,N/A,https://www.lazada.com.ph/products/pdp-i4858831436.html
2-5pcs Solar Panel Charge Controller Board 3.2V 3.7V 4.2V 11.1V 12V Lithium 18650 Battery,₱95.00,N/A,https://www.lazada.com.ph/products/pdp-i339836569.html
AqToCna 5A DC-DC MPPT Solar Panel Solar Controller Module Regulator Controllers Constant Voltage Constant Current Charging,₱192.48,N/A,https://www.lazada.com.ph/products/pdp-i4839768373.html
600W Step-Down MPPT Solar Charging Controller 10-30V/17-85V Output Solar Intelligent Temperature Recharging Controller,"₱3,050.00",N/A,https://www.lazada.com.ph/products/pdp-i15481437228.html
Solar Charge Controller 100A 30A Power Dual USB LCD Display Auto Solar Cell Panel Charger Regulator,₱484.00,N/A,https://www.lazada.com.ph/products/pdp-i4842335934.html
MPPT Solar Charge Controller 30A 50A 80A 100A 12V 24V Auto LCD Display Dual USB Solar Charge and Discharge Controller,₱483.01,N/A,https://www.lazada.com.ph/products/pdp-i15491035101.html
JUNTEK 600W MPPT Solar Panel Charge Controller DC 24V/36V/48V/60V/72V Boost Solar Battery Controllers LCD Display MPT-7210A,"₱2,235.18",N/A,https://www.lazada.com.ph/products/pdp-i3795790478.html
30A 40A 50A 60A MPPT Solar Panel Charge Controller 12V/24V LCD Digital Display Screen bluetooth Wifi Solar Controller Dual USB,₱851.41,N/A,https://www.lazada.com.ph/products/pdp-i4552189197.html
Automatic MPPT Waterproof Solar Charge Controller 150W,"₱1,112.00",N/A,https://www.lazada.com.ph/products/pdp-i15448441077.html
Y&H 80A MPPT Solar Charge Controller 12V 24V 36V 48V LCD Display Battery Intelligent Regulator Max 100V Input Dual USB for Lead-acid/Lithium,"₱1,086.00",N/A,https://www.lazada.com.ph/products/pdp-i4639016069.html
YoQi LCD Display 10/20/30A 12V/24V DC Input Solar Charge Controller Auto Parameter Adjustable MPPT Solar Panel Regulator,₱389.00,N/A,https://www.lazada.com.ph/products/pdp-i4012679550.html
100A 50A 30A Mppt Solar Charge Controller 12V/24V Battery Regulator Solar Panel Controller LCD Display,₱695.00,N/A,https://www.lazada.com.ph/products/pdp-i4919873259.html
DC 9V 12V 24V 36V 48V 72V 120V to 5V 12V 3A Step Down Module Power Supply DC-DC Non-isolated Buck Converter,₱121.00,N/A,https://www.lazada.com.ph/products/pdp-i3883468467.html
100A 60A 30A Mppt Solar Charge Controller 12V/24V Battery Regulator Solar Panel Controller LCD Display,₱321.00,N/A,https://www.lazada.com.ph/products/pdp-i5408670566.html
MPPT Solar Controller 30A/ 60A/80A/100A 12V 24V 36V 48V with LCD Screen AUTO Battery Charger,"₱1,030.00",N/A,https://www.lazada.com.ph/products/pdp-i5199150905.html
Original Aideepen LM2596 Buck Converter DC to DC Step-Down Voltage Regulator Power Module 36V 24V 12V to 5V 2A Voltage Stabilizer with LED Display,₱129.00,N/A,https://www.lazada.com.ph/products/pdp-i1269298816.html
Electronic voltage regulator AC 0V-220V Variable Voltages Regulator 4000W High Power AC Motor Speed Controller Variable Voltage Controller Dimmer,₱479.00,N/A,https://www.lazada.com.ph/products/pdp-i4419246582.html
[7 Days Money Back Guarantee] Dual USB LCD Solar Charge Controller 12V 24V Solar Panel Regulator (30A)[Receive within 3 Days],₱399.00,N/A,https://www.lazada.com.ph/products/pdp-i3621365630.html
[Low Price] 30A Solar Panel Charge Controller for 12V 24V Lead Acid/lithium Batt with Dual USB Backlight LCD,₱195.00,N/A,https://www.lazada.com.ph/products/pdp-i4774163569.html
SZ 1PCS OUTDOOR TRAVEL LEISURE COTTON CAMPING HAMMOCK 170CM*70CM LARGE SINGLE HAMMOCK DUYAN,₱109.00,N/A,https://www.lazada.com.ph/products/pdp-i4814509674.html
Solar Controller 12V to 24V Battery Regulator Solar Panel Solar Charge Controller with LCD Display and Dual USB Port,₱145.00,N/A,https://www.lazada.com.ph/products/pdp-i4982482459.html
"100A Solar Charge Controller, Upgraded Solar Panel USB Port Solar Panel Battery Intelligent Regulator, Street Light Controller",₱531.04,N/A,https://www.lazada.com.ph/products/pdp-i4495793060.html
60A/30A/20A 12V 24V Solar Charge Controller Lithium Battery Charge Controller LED Display Solar Controller for Home and Outdoor Energy Solution,₱369.00,N/A,https://www.lazada.com.ph/products/pdp-i5192715757.html
"4pcs metal Drill Bit Set 3PCS HSS High Speed Steel Titanium Hex Shank Step Drill (3-12mm,4-12mm,4-20mm) and 1 pcs Automatic Center Punch",₱155.00,N/A,https://www.lazada.com.ph/products/pdp-i2979271292.html
6V 40V DC Input Solar Controller Charger with 3A Dual USB Output Module,₱129.00,N/A,https://www.lazada.com.ph/products/pdp-i15495874493.html
Automatic Control Switch Battery Charger Module LED Lamp Solar Charging Controller 3.2V 3.7.4V 11.1V 12V,₱148.60,N/A,https://www.lazada.com.ph/products/pdp-i15499325501.html
Automatic Control Switch Battery Charger Module LED Lamp Solar Charging Controller 3.2V 3.7.4V 11.1V 12V,₱154.48,N/A,https://www.lazada.com.ph/products/pdp-i15499536644.html
5A 12V DC Motor Speed Controller DC Electric Fan Capacitor Fan Motor Module 4.5V-35V Adjustable Speed Regulator Control Governor Switch 24V Ceiling Fan Motor Running Starting Capacitor fan start capacitor W/ Wire Type,₱43.00,N/A,https://www.lazada.com.ph/products/pdp-i4030920368.html
"Battery 3.2v 5000/10000mah Connector for Solar Fan , LED Flood & Street Light , etc",₱202.00,N/A,https://www.lazada.com.ph/products/pdp-i5181743762.html
PULU | Magnetic Charging Adapter for MacBook USB-C to Magsafe3,₱284.00,N/A,https://www.lazada.com.ph/products/pdp-i5375665031.html
【JCSYFAC】 1pc dc12v 24v 30a led switch dimmer controller for led strip single color black,₱99.40,N/A,https://www.lazada.com.ph/products/pdp-i15436604914.html
"SRNE HP2430 30A HP2440 40A HP2460 60A 12/24V Auto Detect PWM Solar Charge Controller ,","₱4,277.00",N/A,https://www.lazada.com.ph/products/pdp-i5027601066.html
Solar Charge Controller 12V/24V Bat Regulator Solar Panel Controller LCD Display,₱225.00,N/A,https://www.lazada.com.ph/products/pdp-i4753257542.html
MEISITEKEKE | Creative Wireless Doorbell with Volume Control Weatherproof for Indoors and Outdoors,₱173.80,N/A,https://www.lazada.com.ph/products/pdp-i15419532565.html
ELITEDEALSHUB Digital Display MPPT Solar Controller 60A 80A 100A Protects Battery Battery Charger Useful 12V/48V Solar Control Panel Home Use,₱854.47,N/A,https://www.lazada.com.ph/products/pdp-i15434704867.html
ZUOLEJIA | Automatic Universal Solar Controller 12V/24V,₱593.55,N/A,https://www.lazada.com.ph/products/pdp-i15447916369.html
720W Solar Controller 25A MPPT Stepdown 18V-80V Input Charging For 12V 24V Lithium Lead-acid Gel Battery Real-time Tracking Adju,"₱1,626.00",N/A,https://www.lazada.com.ph/products/pdp-i4560761162.html
PowMr 40A/60A/80A/100A MPPT Solar Charge Controller 12V 24V 36V 48V LCD Display Battery Intelligent Regulator Max 100V Input Dual USB for Lead-acid/Lithium Battery,₱950.00,N/A,https://www.lazada.com.ph/products/pdp-i4531374428.html
QIUWU 60a Charge Controller - Solar Panel Charge Controller 12V 24V Max 48V 1560W Input Adjustable Parameter LCD Display Current Capacity And Timer Setting ON Off With 5V Dual USB,₱275.79,N/A,https://www.lazada.com.ph/products/pdp-i15482276111.html
Risym | MPPT Solar Battery Charging Module 6/9/12V,₱109.16,N/A,https://www.lazada.com.ph/products/pdp-i5404275929.html
10A 12V/24V SRDH60 Solar Charge Controller,₱896.00,N/A,https://www.lazada.com.ph/products/pdp-i250522399.html
Zamdon MPPT Solar Charge Controller 60A 12V24V,"₱5,999.00",N/A,https://www.lazada.com.ph/products/pdp-i3851047002.html
30A PWM Solar Charge Controller 12V/24V Battery Regulator Solar Panel Controller LCD Display with Dual USB Port,₱458.00,N/A,https://www.lazada.com.ph/products/pdp-i5171315088.html
Protable Solar Charge Controller MPPT 30A 50A 80A 100A LCD Display 12V 24V AUTO Dual USB Solar Charge And Discharge Controller,₱539.66,N/A,https://www.lazada.com.ph/products/pdp-i15389114136.html
OPPLE 10A/20A/30A Solar Charge Controller 12V/24V Auto Regulate Solar Panel Controller Dual USB interface With LCD Screen Display,₱195.00,N/A,https://www.lazada.com.ph/products/pdp-i4363334859.html
"100A Solar MPPT Charge Controller 12V/24V/36V/48V Auto LCD Display Max 100V Input,Light/Time control,Wide Battery Compatibility","₱1,490.00",N/A,https://www.lazada.com.ph/products/pdp-i4079759921.html
Powmr 25A/35A/45A Mppt Solar Charge Controller 12V 24V Knob-Type Battery Switch Design Pv Max 100Vdc Supports Lifepo4 Battery Efficient Charging Easy to Use,"₱1,550.00",N/A,https://www.lazada.com.ph/products/pdp-i5269164521.html
DC-DC Buck Step Down Module LM2596 DC/DC 4.0~40V to 1.25-37V Adjustable Voltage Regulator With LED Voltmeter LM2596S integrated circuit,₱87.80,N/A,https://www.lazada.com.ph/products/pdp-i4080838711.html
【24hours shipping】LM317 Adjustable voltage regulator Power Supply DIY Kit LM317 AC 220V to DC 1.25-12V Stabilized Power Supply Kit,₱331.25,N/A,https://www.lazada.com.ph/products/pdp-i3780518999.html
diymore Max 8A 200W XL4016 DC-DC Step Down Buck Converter Adjustable PWM Power Supply 4-40V To 1.25 -36V Step-Down Board XH-M401 004,₱183.00,N/A,https://www.lazada.com.ph/products/pdp-i1019768182.html
Solar Panel Charger Controller Lithium Battery Lead Acid Battery 12V 24V Auto With Dual USB Solar Regulator New WM 10A/20A/30A/50A,₱169.00,N/A,https://www.lazada.com.ph/products/pdp-i3443364572.html
0 electricity bill 60A/30A/20A Solar Charge Controller 12V/24V LCD display and four USB ports Waterproof and lightning protection ABS material Circuit protection Solar Panel solar charger controller Controller Regulator,₱406.00,N/A,https://www.lazada.com.ph/products/pdp-i5202709296.html
Sharp Hand Saws for Tree Trimming Outdoor Portable Garden Multi-Function Saw with Balde Mini Cutting Tool,₱20.90,N/A,https://www.lazada.com.ph/products/pdp-i4060793663.html
AC to DC power conversion module 1N4007 full bridge rectifier filter 12V 1A AC to DC converter,₱54.44,N/A,https://www.lazada.com.ph/products/pdp-i2250851991.html
Smart Sensor 80A LCD Display PWM Photovoltaic Solar MPPT Charge Controller Regulador 12V/24V,"₱5,927.40",N/A,https://www.lazada.com.ph/products/pdp-i15419085022.html
SUPER SHARP SAW Japanese mini handle steel saw for wood cutting wood saw SK5 Saw in a narrow position lagaring pang kahoy original Hand Saws for Tree Trimming Outdoor Portable Garden Multi-Function Saw with Balde Mini Cutting Tool,₱20.90,N/A,https://www.lazada.com.ph/products/pdp-i4056680726.html
"Magnetic Anti-Slip Screwdriver Drill Bit 7Pcs Cross Head 25/50/65/70/90/127/150mm, Magnetic PH2 Standard Phillips Bits Set",₱75.00,N/A,https://www.lazada.com.ph/products/pdp-i4117189483.html
【hot sale】XH-M609 12-36V Battery Low Voltage Disconnect Protection Module Voltage Protection Module Low voltage Disconnect Protection Output 6-60V 6V-60V,₱94.00,N/A,https://www.lazada.com.ph/products/pdp-i4822127209.html
"40A 50A 60A solar charging controller, 12V24V solar panel regulator, adjustable LCD display screen, dual USB port timer setting",₱371.72,N/A,https://www.lazada.com.ph/products/pdp-i15500644565.html
SDJZT 3A MINI DC-DC STEP DOWN CONVERTER VOLT REGULATOR 5V-23V TO 3.3V 6V 9V 12V,₱34.17,N/A,https://www.lazada.com.ph/products/pdp-i4578435415.html
Folding knifes stainless steel for camping heavy duty original fruit knife keychain small knife pocket for kitchen sharpener high quality folding hiking tool japan convenient summer wilderness barbecue Automatic Push Butto portable functional knife,₱126.42,N/A,https://www.lazada.com.ph/products/pdp-i5373640066.html
30A PWM Solar Charge Controller with Advanced Features Solar energy controller 12v24v fully automatic universal solar panel controller for household street lamps and photovoltaic panels charging,₱458.00,N/A,https://www.lazada.com.ph/products/pdp-i5162319943.html
SDJZT 3V 5V 6V 9V 12V 1A 2A 24V 2A Switching Power Supply Module Overvoltage Overcurrent Short Circuit Protection Switch,₱44.40,N/A,https://www.lazada.com.ph/products/pdp-i5144768355.html
◎TZT MALL◎ New 100pcs=50Pairs 2SB647 2SD667 TO-92L ( 50Pcs B647 + 50Pcs D667 ) TO92L 1A/120V Low power transistor,₱101.89,N/A,https://www.lazada.com.ph/products/pdp-i4040491035.html
🇵🇭 4000W Motor Speed Controller AC 220V Variable Voltage Controller Control For Fan Speed Motor Dimmer Single-phase Voltage Regulator Electronic Variable Speed,₱435.00,N/A,https://www.lazada.com.ph/products/pdp-i4376315496.html
WEVOLA | Automatic Water Level Control Valve,₱501.14,N/A,https://www.lazada.com.ph/products/pdp-i5370862569.html
Solar Panel Aluminum Solar End Clamp PV Mounting Bracket Z Clips for Mounting Solar Panel,₱48.00,N/A,https://www.lazada.com.ph/products/pdp-i3971265862.html
Umisu 3D Spider Car Sticker Waterproof Decal Sticker Scratch masking Stickers Reflective Car and Decals Vinyl Halloween Accessories,₱69.00,N/A,https://www.lazada.com.ph/products/pdp-i4858172538.html
HLRS365S 2375 HIGH SPEED 12V - 15V DC MOTOR 10000RPM,₱45.00,N/A,https://www.lazada.com.ph/products/pdp-i3855251374.html
SHNGki 1Pc AC-DC 12V 1 2 2.5 3A Switching Power Supply Module Bare Circuit AC 100-240V to 12V Board Regulator for Repair,₱47.42,N/A,https://www.lazada.com.ph/products/pdp-i4860566962.html
5A 35V Dc Motor Speed Controller Module Dc-Dc 5V-35V Adjustable Speed Regulator Control Governor Switch.,₱13.90,N/A,https://www.lazada.com.ph/products/pdp-i5179470163.html
Headlamp Flashlight Led Headlamp Usb Rechargeable Water Proof Head Flashlight Multifunctional Xpe Cob Headlight Head Torch,₱159.00,N/A,https://www.lazada.com.ph/products/pdp-i3667314014.html
Acciaiie Headlight Flashlight Rechargeable Waterproof Zoomable Induction Headlamp Emergency Light,₱149.00,N/A,https://www.lazada.com.ph/products/pdp-i5077494139.html
【12H delivery】Solar Panel Charging Panel 150W/350W/500W Monocrystalline Silicon Band 30 A Controller,₱469.00,N/A,https://www.lazada.com.ph/products/pdp-i15409604105.html
Y&H 100A MPPT Solar Charge Controller 12V 24V 36V 48V LCD Display Battery Intelligent Regulator Max 100V Input Dual USB for Lead-acid/Lithium,"₱1,186.00",N/A,https://www.lazada.com.ph/products/pdp-i4638741805.html
MPPT Solar Panel cells Charger Controller booster Adjustable 24V 36V 48V 60V 72V charging voltage Regulator,"₱1,301.06",N/A,https://www.lazada.com.ph/products/pdp-i337890196.html
Solar Panel Charge Controller Fully Automatic Battery Dual USB LCD Mppt Power Lcd Display Regulator,₱599.00,N/A,https://www.lazada.com.ph/products/pdp-i4971788875.html
Solar Controller Dual USB PV Regulator MPPT Accessory 10A 20A 30A 12V 24V Home Accessories LCD Display Solar Battery Regulator,₱200.55,N/A,https://www.lazada.com.ph/products/pdp-i15429909284.html
10W Portable Waterproof Solar Panel Kit + 600W 220V Car Power Inverter + 30A PWM Solar Charge Controller COMPLETE SET,"₱2,390.00",N/A,https://www.lazada.com.ph/products/pdp-i2953443597.html
100A MPPT Solar Charge Controller Solar PV Battery Charger 12V 24V 36V 48V Solar Panel Regulator for Solar Panel[Vodool Official Center],"₱1,328.00",N/A,https://www.lazada.com.ph/products/pdp-i15423309037.html
Heavy Duty Magnetic Welding Ground Clamp High Temp Resistant Secure Welder Tool for Electric Welding Machines,₱55.00,N/A,https://www.lazada.com.ph/products/pdp-i5260754530.html
DC 6-36V 5A MPPT LED Digital Solar Panel Controller 12V 24V DC-DC Step Down Charging Power Supply Module CC CV Voltage Regulator,₱422.97,N/A,https://www.lazada.com.ph/products/pdp-i4402324734.html
"SHPYHT 30A 20A 10A Solar Charge Controller 12V 24V Auto Solar Panel PV LCD Controller For Lead-Acid Battery, Lithium Battery Dual USB",₱225.87,N/A,https://www.lazada.com.ph/products/pdp-i5197999769.html
10/20/30/40/50/60/100A Solar Charge and Discharge Controller LCD Display Dual USB Auto Solar Cell Panel Charger Regulator,₱531.22,N/A,https://www.lazada.com.ph/products/pdp-i15495567861.html
Jozoo 4 Way Universal Chuck Zinc Alloy Four Head Wrench 4 in 1 Drills Chuck Key Drilling Tool,₱67.00,N/A,https://www.lazada.com.ph/products/pdp-i4317977579.html
MPPT Solar Charge Controller Multiple Protection Solar Solar QC3.0 Controller with LCD Screen,₱286.00,N/A,https://www.lazada.com.ph/products/pdp-i5221433745.html
High-end Microfiber Auto Wash Towel Car Cleaning Drying Cloth Hemming Car Care Cloth Detailing Car Wash Towel,₱28.00,N/A,https://www.lazada.com.ph/products/pdp-i4430123468.html
【E-WOITD】 60a Charge Controller - Solar Panel Charge Controller 12V 24V Max 48V 1560W Input Adjustable Parameter LCD Display Current Capacity And Timer Setting ON Off With 5V Dual USB,₱283.18,N/A,https://www.lazada.com.ph/products/pdp-i5403816017.html
"👉Hot Sale EHBqna 30A 20A 10A Solar Charge Controller 12V 24V Auto Solar Panel PV LCD Controller For Lead-Acid Battery, Lithium Battery Dual USB",₱231.27,N/A,https://www.lazada.com.ph/products/pdp-i5204715950.html
Solar Charge Controller (20A),₱447.00,N/A,https://www.lazada.com.ph/products/pdp-i5528490.html
Door Hasp Latch Lock Stainless Steel Safety Packlock No Punching Clasp Sliding Door Latch for Barn Door Pet Door Bathroom Outdoor Garage Window Sliding Door,₱45.00,N/A,https://www.lazada.com.ph/products/pdp-i3926114971.html
One Solar Mppt Charger Mppt Charge Controller 12v 24v 48v 40A 60A SRNE SNADI SNAT,"₱4,500.00",N/A,https://www.lazada.com.ph/products/pdp-i1298814950.html
LM317 Adjustable Power Supply DIY Electronic Kit Regulated Voltage PCB Board 110V 220V 12V Stabilize,₱319.00,N/A,https://www.lazada.com.ph/products/pdp-i4060480151.html
25pcs/pack High Yield Chayote Seeds for Planting Vegetables - Fresh Chayote Melon Seeds Organic Sayote Vegetables Seeds for Gardening Bonsai Chayote Seedlings Pickled Sayote Balcony Potted Sayote Live Plant Garden Veggie Seeds Easy To Grow in Philippines,₱55.00,N/A,https://www.lazada.com.ph/products/pdp-i5174768979.html
【Weliba】 150A MPPT Solar Charge Controller with Large Wiring Ports 16mm 12V 24V 36V 48V [New Home Products Hot Sale],"₱1,185.00",N/A,https://www.lazada.com.ph/products/pdp-i15442585393.html
100A MPPT Solar Charge Controller Solar PV Regulator LCD Display Solar PV Battery Charger Dual USB for Solar Panel,"₱1,259.00",N/A,https://www.lazada.com.ph/products/pdp-i15391906526.html
BUY 1 TAKE 1 Solar Light 10000W Super Battery Life Outdoor Waterproof Solar Flood Light With Solar Panel Original 606LED 680000mAh garden lamp room night light bulb for courtyard automatic with remote,₱223.44,N/A,https://www.lazada.com.ph/products/pdp-i5382835158.html
"HP-01 Rechargeable LED flashlight for camping, waterproof, compact, drop-proof, small, 5 modes",₱35.00,N/A,https://www.lazada.com.ph/products/pdp-i4439698404.html
LM2596 LM2596s DC-DC Buck Step Down Converter Adjustable DC1.25V-35V Voltage Regulators Voltmeter Display,₱99.00,N/A,https://www.lazada.com.ph/products/pdp-i4267086004.html
SHNGki Jizha 5A DC-DC Step Up Power Module Boost Volt Converter 3.3V-35V to 5V 6V 9V 12V 24V,₱59.33,N/A,https://www.lazada.com.ph/products/pdp-i4817242363.html
Unnicoco Solar Charge Controller for 6V/12V Systems 10A Output with 3Stage Performance,₱418.00,N/A,https://www.lazada.com.ph/products/pdp-i5148340210.html
BOSCA PWM/MPPT Photovoltaic Inverter DC 12V to AC 220V All in one SUS Series 1000W 1500W 2000W Inverter with Solar Charge Controller,"₱2,399.00",N/A,https://www.lazada.com.ph/products/pdp-i5216898609.html
300W 18V Solar Panel with charger 100A Solar Charger Controller 12V 24V PWM solar panel set home full set Home Outdoor,"₱1,680.00",N/A,https://www.lazada.com.ph/products/pdp-i2566697944.html
15pcs Low Temperature Repair Welding Rods multipurpose solder rod Small Holes Repair Easy Melt for Powder Cored Aluminum Patch Up Rod Stainless Steel Repairing welding rod easy melt aluminum welding rod,₱15.50,N/A,https://www.lazada.com.ph/products/pdp-i4267365042.html
Mitsushi MZHQ115 12'' Angle Grinder Chainsaw Adapter Electric Chainsaw ConverterCutting Machine Attachment Power Tool Kit,₱325.00,N/A,https://www.lazada.com.ph/products/pdp-i349654563.html
LED Touch Light for car ambient light for car interior rechargeable ambient lamp emergency lights rechargeable automatic for wall brownout wireless car door styling lighting night light sensor cabinet kitchen bedroom reading car decoration accessories,₱42.00,N/A,https://www.lazada.com.ph/products/pdp-i3848850325.html
BOSCHGSB 13RE dual-purpose forward and reverse speed-adjustable impact drill multi-function electric drills,₱770.22,N/A,https://www.lazada.com.ph/products/pdp-i5151074671.html
【10 Year warranty】Solar Panel 150W/350W/500W Charging Panel Monocrystalline Silicon Band 30 A Controller Household Charging Panel,₱749.00,N/A,https://www.lazada.com.ph/products/pdp-i5147750915.html
Asolar Solar panel 150W 300W solar panel board monocrystalline silicon power generation panel 18V With controller high conversion rate 0 electricity bill waterproof lightning solar charging panel 10 year Warranty Outdoor home generator Waterproof,₱780.00,N/A,https://www.lazada.com.ph/products/pdp-i4129746509.html
SHANTIANBAIJU | Metal Scratch-Resistant Charging Port Protector,₱98.00,N/A,https://www.lazada.com.ph/products/pdp-i5374310970.html
SUKE 5pcs/1pcs Fishing Lure Hook Prawn Lure Hook Luminous Shrimp Silicon Soft Artificial Bait With Hooks,₱33.00,N/A,https://www.lazada.com.ph/products/pdp-i4352687600.html
XINYUN | Car-specific Door Scuff Plate,₱254.94,N/A,https://www.lazada.com.ph/products/pdp-i5242102064.html
LIWEISHU | Protective Charging Cable Cover,₱127.00,N/A,https://www.lazada.com.ph/products/pdp-i15419850694.html
PowMr 100% Mppt 60A Solar Charge Controller And Discharge Controller 12v-48v Auto 190Vdc Lcd Fan With Backlight Support Lead Acid Lithium Battery HHJ-60A,"₱3,350.00",N/A,https://www.lazada.com.ph/products/pdp-i2290288757.html
Solar Controller SRNE 20A 12V/24V MPPT Solar Charge Controller – SR-ML2420 100% Authentic,"₱4,988.00",N/A,https://www.lazada.com.ph/products/pdp-i4632788223.html
200W Solar Inverter 12V/24V to 220V Single Phase Output PWM Controller Built-in LCD Display Off Grid Hybrid Inverter Auto Voltage Home System Solar Controller and Inverter Integrated Unit with Corrected Sine Wave,"₱1,348.36",N/A,https://www.lazada.com.ph/products/pdp-i15470270184.html
"Y&H 30A Solar Charge Controller 12V/24V/36V PV Max 80V WIFI Bluetooth Communication Solar Panel Regulator Intelligent for Lead Acid, LiFePO4 Batteries","₱1,286.00",N/A,https://www.lazada.com.ph/products/pdp-i5307122480.html
diymore MPPT450W Solar Controller DC12-50V Input Boost Charge 24V36V48V60V72V Solar Boost Controller,"₱1,568.00",N/A,https://www.lazada.com.ph/products/pdp-i4414233102.html
Y&H 60A 80A 100A MPPT Solar Charge Controller 12V 24V 36V 48V Solar Panel Battery Intelligent Regulator for Lead-acid/Lithium,"₱1,242.51",N/A,https://www.lazada.com.ph/products/pdp-i5285218581.html
MPPT Solar Charge Controller Multiple Protection Solar Solar QC3.0 Controller with LCD Screen,₱288.00,N/A,https://www.lazada.com.ph/products/pdp-i5202036594.html
Lepmerk MPPT Lithium Battery Charging Module MPPT Solar Panel Controller Module LiFePO4 1A 12V Adjustable for Automatic Charging -40℃ To ＋85℃,₱367.00,N/A,https://www.lazada.com.ph/products/pdp-i4880009630.html
BOSCA PWM/MPPT Photovoltaic Inverter DC 12V to AC 220V All in one SUS Series 1000W 1500W 2000W Inverter with Solar Charge Controller,"₱2,499.00",N/A,https://www.lazada.com.ph/products/pdp-i15477341214.html
2S 24W 1A UPS DC12V/15V Power Supply Module Uninterruptible Power Control Board 2S V4.0CN Charging Step Up Protection Module,₱204.04,N/A,https://www.lazada.com.ph/products/pdp-i5082333563.html
SEMPER Dual USB Solar Charge Controller 30A 20A 10A LCD Display for 12V 24V Batteries,₱370.00,N/A,https://www.lazada.com.ph/products/pdp-i4473911393.html
【Latest model】MPPT Solar Charging Controller 600W Step-Down 10- 30V to 17-85V Output Intelligent Temperature Recharging Controller,"₱3,163.44",N/A,https://www.lazada.com.ph/products/pdp-i15452303150.html
God is Good Car Decal Laptop Sticker Truck Off-Road Vehicle Door Rear Window Decoration Auto Vinyl Motorcycle Helmet,₱38.50,N/A,https://www.lazada.com.ph/products/pdp-i5066343557.html
Faucet Outlet Removal Tool,₱71.50,N/A,https://www.lazada.com.ph/products/pdp-i5404131247.html
DD4012 1A Regulator DC-DC Step-Down Buck Converter Module Board DC 5-40V to 3.3V 3.7V 5V 7.5V 12V,₱63.00,N/A,https://www.lazada.com.ph/products/pdp-i5233256126.html
BOSTO Waterproof Wind Turbine Generator Charge Controller Regulator FW12/24,"₱1,265.66",N/A,https://www.lazada.com.ph/products/pdp-i15422529424.html
MPPT 60A Solar Charge Controller Tools 12V/24V Dual USB Quick Charger Lead Aacid Lithium Battery with LCD Display Quick Charger,"₱1,735.00",N/A,https://www.lazada.com.ph/products/pdp-i4215801006.html
"530/328/164PCS Heat Shrink Tubing 2:1, Eventronic Electrical Wire Cable Wrap Assortment Electric Insulation Heat Shrink Tube Kit with Box",₱35.00,N/A,https://www.lazada.com.ph/products/pdp-i2172080093.html
"1/2"" to 1/4"" Hexagon Shank Chuck impact wrench socket adaptor Air Power Wrench Converter Adapter",₱30.00,N/A,https://www.lazada.com.ph/products/pdp-i4378050596.html
Led Flashlight Rechargeable Waterproof with Powerbank Heavy Duty Camping Emergency Light Safety Led Lights,₱129.00,N/A,https://www.lazada.com.ph/products/pdp-i4560067049.html
【Weliba】 10A Solar Panel Charge Controller 6V 12V with Charging Efficiency Optimization [New Products Hot Sale],₱346.00,N/A,https://www.lazada.com.ph/products/pdp-i15457027655.html
Zamdon MPPT Solar Charge Controller 100A 48V,"₱12,000.00",N/A,https://www.lazada.com.ph/products/pdp-i3850972609.html
"JIANTAI Cable Raceway Kit,Cable Management System Open Slot Wiring Raceway Duct with Cover, On-Wall Concealer Organizer to Hide Wires Cords for TVs, Computers",₱72.00,N/A,https://www.lazada.com.ph/products/pdp-i4384972956.html
"30A 20A 10A Solar Charge Controller 12V 24V Auto Solar Panel PV LCD Controller For Lead-Acid Battery, Lithium Battery Dual USB",₱257.98,N/A,https://www.lazada.com.ph/products/pdp-i15415726846.html
"Car Mount Dash Non-Slip Holder, Slip Free Desk Phone Stand, Rotate Dashboard Non-slip Mat Rubber Mount Holder, Car Navigation Bracket, Universal Cell Phone Car Clip Mount Stand",₱123.00,N/A,https://www.lazada.com.ph/products/pdp-i4550497681.html
Hand Grip Strengthener Trainer Anti Slip Arm Wrist Forearm Trainer R-Shaped Finger Expander Wrists,₱75.00,N/A,https://www.lazada.com.ph/products/pdp-i5108458750.html
L Type Socket Wrench 6-12mm Angled Hex Double-Head Elbow Hex Wrench for Mechanic Car Repair Tool Spanner Stick,₱36.00,N/A,https://www.lazada.com.ph/products/pdp-i4449941972.html
forsso | Outdoor Stainless Steel Car Charger Rain Cover,₱643.05,N/A,https://www.lazada.com.ph/products/pdp-i15403184236.html
BOSCA PWM/MPPT Photovoltaic Inverter DC 12V to AC 220V All in one SUS Series 1000W 1500W 2000W Inverter with Solar Charge Controller,"₱2,439.00",N/A,https://www.lazada.com.ph/products/pdp-i5215504797.html
30A Solar Charge Controller 12V/ 24V Solar Panel Charge Controller Intelligent Regulator with 5V Dual USB Port Display Adjustable Parameter LCD Display and Timer Setting ON/Off Hours,₱295.00,N/A,https://www.lazada.com.ph/products/pdp-i3047100088.html
Step Motor Speed Controller Module 2-Phase 4-Wire 4-Phase 5-Wire Stepper Motor Driver Board Speed Controller DC 5V-12V for DIY,₱209.92,N/A,https://www.lazada.com.ph/products/pdp-i15497674470.html
100A 30A Mppt Solar Charge Controller 12V/24V Battery Regulator Solar Panel Controller LCD Display,₱489.00,N/A,https://www.lazada.com.ph/products/pdp-i4574289019.html
XIAKE | Fast Charging Adapter For Microsoft Surface,₱155.00,N/A,https://www.lazada.com.ph/products/pdp-i15419802849.html
BiYAHEO HINDI BABAERO 3.5 INCH GLOSSY STICKER BY MMA ENTERPRISE,₱25.00,N/A,https://www.lazada.com.ph/products/pdp-i3873358869.html
MPPT 100A 80A 60A Solar Charge Controller 12V 24V 36V 48V Solar Panel Lead Acid/Lithium Battery Regulator Dual USB,"₱1,195.00",N/A,https://www.lazada.com.ph/products/pdp-i15489312000.html
ALLAN Solar Charge Controller 10A 30A 12V/24V Solar Panel Charge Controller with USB Port LCD Display Compatible with Sealed Gel Flooded Batteries,₱155.00,N/A,https://www.lazada.com.ph/products/pdp-i5105345150.html
NANWEI Wind Solar Hybrid Charge Controller PWM Charging Wind Turbine Charge Controller Small Power Consumption Protective for Outdoor Advertising,"₱9,021.00",N/A,https://www.lazada.com.ph/products/pdp-i15409153066.html
Gracekarin 12V 24V Solar System MPPT Charge Controller 100A Waterproof and Efficient NEW,₱918.00,N/A,https://www.lazada.com.ph/products/pdp-i15442204191.html
Digital Display DC 6-60V 30A PWM Motor Speed Controller Slow Start Stop Governor,₱434.49,N/A,https://www.lazada.com.ph/products/pdp-i15460208070.html
SDJZT High Power 2S 3S DC 7.4V 12V Mini BLDC Brushless Motor With Driver Adjust Speed Controller Metal Brushless Ducted Fan,₱448.70,N/A,https://www.lazada.com.ph/products/pdp-i5318622881.html
"（COD）Tool Sets Made in Germany 24PCS Socket SET 8mm To 32mm 1/2 Drive with Ratchets Sockets , Power Handle , Sliding Bar Flyman Tools Set Original Socket Tools Tools Set with Box Socket Wrench Set Wrench Tools Set",₱269.00,N/A,https://www.lazada.com.ph/products/pdp-i5090492439.html
NEXASHOP Protects Battery MPPT Solar Controller 60A 80A 100A 12V/48V Battery Charger Digital Display Solar Control Panel Home Use,₱850.19,N/A,https://www.lazada.com.ph/products/pdp-i5295795038.html
MPPT Solar Charger 30A/60A/80A/100A 12V 24V 36V48V AUTO Battery Charger with LCD for lithium battery,₱939.00,N/A,https://www.lazada.com.ph/products/pdp-i15489596125.html
One Solar Mppt 100A Charger Charge Controller 12V 24V 48V 40A 60A 80A 100A not SRNE,"₱8,500.00",N/A,https://www.lazada.com.ph/products/pdp-i1964654145.html
MPPT Solar Charge Controller 12V 24V 48V Auto 30A 60A 100A MAX 150V LCD Touch Solar Controller For Lithium GEL Lead Acid Home Solar Panel,"₱3,371.20",N/A,https://www.lazada.com.ph/products/pdp-i5205157026.html
ChuangYu MPPT Solar Panel Boost Controller 450W Solar Powered Electric Vehicle Charger 48V 60V 72V High Efficiency Solar Charger,"₱1,202.00",N/A,https://www.lazada.com.ph/products/pdp-i5164808045.html
BOSCA Solar Charge Controller with LCD Display 12v /24v 40A / 50A / 60A,₱739.00,N/A,https://www.lazada.com.ph/products/pdp-i3725424302.html
12V/24V Embedded MPPT Solar Controller 30A 60A bluetooth / Wifi App Control Lead-acid Lithium Battery Regulator for Solar System,₱921.24,N/A,https://www.lazada.com.ph/products/pdp-i5308332579.html
4TH Solar Light Controller with Remote Control Solar Generator Charge Controller Portable Multi-function Practical Creative Human Body Induction,₱122.00,N/A,https://www.lazada.com.ph/products/pdp-i4658959589.html
【Planet age】Magnetic Safety Switch Universal Treadmill Emergency Stop Magnet for Treadmills Running Machines,₱133.00,N/A,https://www.lazada.com.ph/products/pdp-i5315400652.html
"HP-01 Rechargeable LED flashlight for camping, waterproof, compact, drop-proof, small, 5 modes",₱59.90,N/A,https://www.lazada.com.ph/products/pdp-i4782977328.html
POWLSOJX Solar Charge Controller 30A 40A 60A 80A 100A 12V 24V 48V Auto PV Regulator with LCD Display 4 USB for Lead Acid Li,₱819.74,N/A,https://www.lazada.com.ph/products/pdp-i15499325492.html
"MP1584EN Regulator, Mini Voltage Reducer DC to DC 3A Step Down Adjustable Buck Converter Board Transformer Power Supply Module 24V to 12V 9V 5V 3V",₱27.00,N/A,https://www.lazada.com.ph/products/pdp-i4888113277.html
STAY HUMBLE ALL THE WAY 3.5 INCH STICKER GLOSSY BY MMA ENTERPRISE,₱25.00,N/A,https://www.lazada.com.ph/products/pdp-i3873541481.html
300pcs/pack Fresh Organic Red Hot Chili Pepper Seeds for Planting Vegetables High Yield Siling Labuyo Hybrid Hot Pepper Taiwan Chili Seeds Siling Taiwan Vegetable Seeds for Gardening Siling Labuyo Seeds Bonsai Chili Pepper Plant Seeds Vegetable Plants,₱55.00,N/A,https://www.lazada.com.ph/products/pdp-i5159636149.html
"1/2"" to 1/4"" Hexagon Shank Chuck impact wrench socket adaptor Air Power Wrench Converter Adapter Electric wrench conversion",₱19.80,N/A,https://www.lazada.com.ph/products/pdp-i3893607056.html
forsso | 220V Speed Variator Dimmer Switch for Blower Fan Sander Grinder,₱235.45,N/A,https://www.lazada.com.ph/products/pdp-i15399010361.html
Defasilk | Portable Thick Firewood Stove,₱213.09,N/A,https://www.lazada.com.ph/products/pdp-i5324049329.html
Heavy Duty Retractable Pull Steel Wire Carabiner Portable for Travel Outdoor Retractable Key Chains Key Ring,₱50.00,N/A,https://www.lazada.com.ph/products/pdp-i5158389423.html
"LOVE GOD ABOVE ALL 3,5 INCH GLOSSY STICKER BY MMA ENTERPRISE",₱25.00,N/A,https://www.lazada.com.ph/products/pdp-i3873512334.html
1/5/10PCS 1S 3.7V 3A Li-ion BMS PCM Battery Protection Board Pcm for 18650 Lithium Ion Li Battery,₱53.14,N/A,https://www.lazada.com.ph/products/pdp-i4546467956.html
200pcs/pack High Yield Purple Big Eggplant Seeds for Planting Vegetables Plants Fresh Eggplant Vegetable Seeds for Gardening Potted Eggplant Live Plant Veggie Seeds Bonsai Eggplant Seedlings F1 Hybrid Eggplant Ready To Plant Vegetable Seeds Fast Growing,₱55.00,N/A,https://www.lazada.com.ph/products/pdp-i5177198169.html
Foldable Metal Cable Charger with Stand Compatible with Super 4IN1 Fast Charging Multifunctional Design Includes Charger and Phone Stand for Gaming OfficeUse Car Travel,₱125.00,N/A,https://www.lazada.com.ph/products/pdp-i5392573397.html
DeWalt 6.0Ah 48V Impact Cordless Drill Hand Drill 2 Battery 1 Charger Battery Screwdriver Set,"₱1,055.00",N/A,https://www.lazada.com.ph/products/pdp-i4093878133.html
NEW Zoomable Led Headlight flashlight High-Beam Headlight flashlight Usb Rechargeable Waterproof Super Bright Headlamp Induction Headlamp Emergency Light Outdoor Cycling Camping,₱105.00,N/A,https://www.lazada.com.ph/products/pdp-i5128749042.html
CW/CCW Controller Module DR55B01 Motor Forward Reverse Controller Module Self Locking Reverse Polarity Relay,₱192.26,N/A,https://www.lazada.com.ph/products/pdp-i15499158227.html
Digeo 100 Pcs Fishing Hook Stainless Barbed Fishing Hooks Fishing Accessories Fish Hook Fishing Lure,₱52.00,N/A,https://www.lazada.com.ph/products/pdp-i3791803496.html
"Enhanced Universal Obd Ii Scanner Car Engine Fault Code Reader Can Diagnostic Scan Tool, Read and Clear Error Codes for 1996 or",₱302.20,N/A,https://www.lazada.com.ph/products/pdp-i5055343519.html
[INXX]Sunshade Net Outdoor Garden Black Anti-UV 90% Sunscreen Heat Insulation Net Cod Window Black Cover for Yard Garden Canopy Awning Car Shelter Swimming,₱89.10,N/A,https://www.lazada.com.ph/products/pdp-i3753511470.html
KUGOO Buy 1 Take 1 Solar camping light portable emergency LED light outdoor for tent 8000W 20000-90000 watts camping lamp with USB type-c charging waterproof LED flood lighting rechargeable with hook fishing hiking mountain climbing camping lights,₱349.66,N/A,https://www.lazada.com.ph/products/pdp-i5028838286.html
Moketa Cordless Chainsaw 12 Inch Electric Pruning Saw Rechargeable 788V Brushless Electric Saw 5000W,₱553.00,N/A,https://www.lazada.com.ph/products/pdp-i5174557182.html
Makita 6Inch Electric Chainsaw Cordless 48V 2 Li-ion Battery Rechargeable Portable Handheld Pruning Saw Wood,₱689.00,N/A,https://www.lazada.com.ph/products/pdp-i5162561401.html
SHZTGM 1Pcs 35mm BLDC Brushless Motor With Driver Electric Motor BL3525O DC7.4V 3200RPM Large Torque Strong Engine PWM Speed,₱262.64,N/A,https://www.lazada.com.ph/products/pdp-i15452427632.html
Solar Panel 12V with Battery Charger Usb 100W Polycrystalline Solar Panel System Full Set DC 12-18V Double Usb With 10-100A PWM Controller Solar Cells Monocrystalline for Car Yacht RV Boat Moblie Phone Battery Charger,₱968.74,N/A,https://www.lazada.com.ph/products/pdp-i3602454774.html
FANATICO UNLEADED Gas Fuel Sign Premium Vinyl Sticker Danger Caution Warning Tag Sign Label Waterproof Vinyl Car Sticker,₱39.00,N/A,https://www.lazada.com.ph/products/pdp-i5377054669.html
KUGOO Super Bright Solar LED Floodlight IP68 Waterproof USB Rechargeable Portable Work Lamp 5000W-90000W for Outdoor Camping Emergency Portable Work Light,₱349.66,N/A,https://www.lazada.com.ph/products/pdp-i5101427334.html
Multi-Interface Converter,₱44.00,N/A,https://www.lazada.com.ph/products/pdp-i15420621060.html
Blinds Dark Gray Curtain Blinds Blackout Double-layer Roller Shutter Windows Home Office Blinds 60x160cm 80x160cm 100x160cm 120x160cm 140x160cm 150x160cm 180x160cm,₱268.00,N/A,https://www.lazada.com.ph/products/pdp-i4965517287.html
AIMO Solar Camping Light Outdoor Waterproof Light Bulb Portable LED Tungsten Light Emergency Light Bulb Rechargeable Hanging LED Emergency Lights Bulb Outdoor Waterproof,₱99.00,N/A,https://www.lazada.com.ph/products/pdp-i5302863435.html
2pcs Universal Electric Bicycle Refitting Accessories Simple Rear Shock Absorbers 16/18/20cm Spring Shock Absorber Rear Suspension E-Bike Motorcycle Scooter,₱170.00,N/A,https://www.lazada.com.ph/products/pdp-i5224920767.html
"STHIL 4200W Gasoline Chainsaw 20""/22""/24"" - High Power, Powerful Mini Power Saw with Complete Accessories","₱2,520.06",N/A,https://www.lazada.com.ph/products/pdp-i4281190149.html
TaoZhong MPPT 60A/80A/100A Solar Charge Controller 12V 24V 36V 48V LCD Display Solar Panel Battery Intelligent Regulator for Lead-acid/Lithium,"₱1,036.00",N/A,https://www.lazada.com.ph/products/pdp-i4627401996.html
PowMr 30A MPPT Solar Charge Controller Dual USB LCD Display Auto 12V 24V Solar Cell Panel Charger Regulator with Load,₱519.00,N/A,https://www.lazada.com.ph/products/pdp-i5032770786.html
PowMr MPPT 20A Solar Charger Controller – Maximum Power Point Tracking for Efficient Solar Charging (12V/24V Auto) with LCD Display and USB Ports,₱899.00,N/A,https://www.lazada.com.ph/products/pdp-i4948924043.html
Qaao 12V/24V 30/100A MPPT Solar Panels Battery Charge Controller Regulator Colorful Screen For Lifepo4 GEL Lithium Lead Acid Battery,₱524.35,N/A,https://www.lazada.com.ph/products/pdp-i4611967134.html
Aoyang High-Quality MPPT Solar Charge Controller 10A/20A/30A/40A/50A/60A 12V/24V with LCD Display & Optional WIFI for 100V Maximum Solar System,"₱1,300.00",N/A,https://www.lazada.com.ph/products/pdp-i4565131123.html
12V 24V Solar Charge Controller Auto Solar Regulator Charge Controller for Home and Outdoor Energy Solution,₱455.00,N/A,https://www.lazada.com.ph/products/pdp-i15488969453.html
ELEJOY 200W 400W MPPT Solar Charge Controller SCC Step-down Real-time Tracking Charge Controller LED,"₱1,900.00",N/A,https://www.lazada.com.ph/products/pdp-i5396520956.html
10A 12V Lithium Battery LCD Digital MPPT Solar Charge Panel Controller Regulator Home Improvement Solar Replacement Part,₱546.00,N/A,https://www.lazada.com.ph/products/pdp-i5202622672.html
⚡️0 electricity bill⚡️20/30/60ASolar Panel Regulator Charge Controller 12V/24V LCD Display 4USB ports Waterproof and lightning protection ABS material Circuit protection Solar Panel solar charger controller Solar Cell Panel Charger Regulator,₱449.00,N/A,https://www.lazada.com.ph/products/pdp-i4956970104.html
READY STOCK !!30A 40A 50A 60A 100A MPPT Solar Charge Controller 12V/24V Battery Regulator Solar Panel Controller LCD Display with Dual USB Port,₱470.00,N/A,https://www.lazada.com.ph/products/pdp-i4546751878.html
Aoyang 20A/40A/60A Solar MPPT Charge Controller 12V/24V Home Intelligent Charger Power Generation System,"₱1,300.00",N/A,https://www.lazada.com.ph/products/pdp-i4515201001.html
"Max 100A 4800W MPPT Solar Charge Controller, 80A 60A- 12V/24V/36V/48V Auto-Sensing, Dual USB, 7 Modes + LCD Display, Enhanced Heat Dissipation for Lead-Acid/LiFePO4 Batteries, Solar Home/RV/Off-Grid Systems","₱1,795.00",N/A,https://www.lazada.com.ph/products/pdp-i15443761199.html
"New 12V 24V 30/40/50/60/100A MPPT Solar Charge Controller Solar Panels Battery Charge Controller High Efficiency with LCD Display,Overheating Protection,Overcurrent Protection",₱438.21,N/A,https://www.lazada.com.ph/products/pdp-i5230835810.html
"SD&HI 30A 20A 10A Solar Charge Controller 12V 24V Auto Solar Panel PV LCD Controller For Lead-Acid Battery, Lithium Battery Dual USB",₱180.33,N/A,https://www.lazada.com.ph/products/pdp-i5217177647.html
RcTlB DC 8-28V 5A 100W MPPT Solar Panel Solar Charge Controller Automatic Switch Solar Charging Panel 9V,₱232.78,N/A,https://www.lazada.com.ph/products/pdp-i5341926276.html
[COD] PkYeG Tool DC 8-28V 5A 100W MPPT Solar Panel Solar Charge Controller Automatic Switch Solar Charging Panel 9V,₱219.34,N/A,https://www.lazada.com.ph/products/pdp-i15409241426.html
Winnereco 12V 24V Solar Charge Controller Solar Power Controller Solar Panel Controller for Home and Outdoor Energy Solution,₱384.00,N/A,https://www.lazada.com.ph/products/pdp-i5203433849.html
CHENJ 3A MINI DC-DC STEP DOWN CONVERTER VOLT REGULATOR 5V-23V TO 3.3V 6V 9V 12V,₱25.21,N/A,https://www.lazada.com.ph/products/pdp-i4741007112.html
Zamdon MPPT Solar Charge Controller 60A 48V,"₱7,000.00",N/A,https://www.lazada.com.ph/products/pdp-i3850970511.html
Solar Controller Regulator Voltage Stabilizer Inverter QC 2.0 3.0 Quick Charge Type-C PD DC Output Solar Charger,₱312.45,N/A,https://www.lazada.com.ph/products/pdp-i5190807001.html
【LeeandHan】 Smart Charging Solution Dual USB Ports on MPPT For Solar Regulator Unit,₱185.00,N/A,https://www.lazada.com.ph/products/pdp-i15427672744.html
diymore DC 8-28V 5A 100W MPPT Solar Panel Regulator Controller 9V 12V 24V Auto Switch Solar Charging Panel,₱217.00,N/A,https://www.lazada.com.ph/products/pdp-i5077821095.html
Bosca Solar Charging Controller with Battery Display and Time DC 12/24V 10A/20A/30A COD,₱540.00,N/A,https://www.lazada.com.ph/products/pdp-i3581532492.html
10A 12V Lithium Battery LCD Digital MPPT Solar Charge Panel Controller Regulator Home Improvement Solar Replacement Part,₱610.00,N/A,https://www.lazada.com.ph/products/pdp-i15402278927.html
Dual USB LCD Solar Charge Controller 12V 24V Solar Panel Charger Regulator[Ueb Flagship Store],₱422.00,N/A,https://www.lazada.com.ph/products/pdp-i5312786795.html
Solar Controller 12V to 24V Battery Regulator Solar Panel Charge Controller with LCD Display and Dual USB Port,₱178.00,N/A,https://www.lazada.com.ph/products/pdp-i2509042515.html
ZERO - BILL ENERGY SOLUTION! 60A/50A/30A/20A SOLAR CHARGE CONTROLLER | Solar Energy Equipment | LCD - Equipped | 4 USB Ports | 12V/24V Compatibility | Waterproof ABS Material | Circuit Protection for Solar Panels | Ideal for Solar Panel Systems,₱420.00,N/A,https://www.lazada.com.ph/products/pdp-i4858947731.html
【L-BEANS】 MPPT For Solar Charge Controller 10A 20A 30A 40A with Low Voltage Load Cut Off,₱388.00,N/A,https://www.lazada.com.ph/products/pdp-i15423057560.html
Bosca ST-G1210 Solar Charger Controller 10A 12V/24V Solar Charger Automatic Protection Controller Battery Display Time,₱539.00,N/A,https://www.lazada.com.ph/products/pdp-i2336559645.html
DC to DC Converter 12V To 9V upply Power SModule Waterproof,₱196.00,N/A,https://www.lazada.com.ph/products/pdp-i1403832386.html
Versatile Solar Charge Controller,"₱1,463.40",N/A,https://www.lazada.com.ph/products/pdp-i15430893222.html
DC Buck Step Down Module LM2596 DC-DC 4.0~40V to 1.25-37V Adjustable Voltage Regulator With LED Voltmeter DC-DC 2A Short Circuit,₱98.40,N/A,https://www.lazada.com.ph/products/pdp-i3820863858.html
3PCS DC 1.8V 3V 5V 6V 12V 2A PWM motor speed regulation low voltage PWM governor 0~100% adjustable drive module,₱160.00,N/A,https://www.lazada.com.ph/products/pdp-i4063072093.html
ECGSOLAX 100A MPPT Solar Charge Controller 12V 24V 36V 48V Auto Solar Panel Regulator Controller,₱950.00,N/A,https://www.lazada.com.ph/products/pdp-i5343436775.html
[Ready in PH] 30a Solar Panel Charge Controller For 12v 24v Lead Acid Lithium Batt With Dual USB LCD 10a/20a/30a/50a,₱169.00,N/A,https://www.lazada.com.ph/products/pdp-i3669468439.html
High Efficiency MPPT Solar Charge Controller 16-Bit AD Sampling Large LCD Display Adjustable Parameters Three-Stage Charging Full Protection for Battery System,₱500.00,N/A,https://www.lazada.com.ph/products/pdp-i5383165010.html
Bosca Solar Charge Controller with LCD Display 12v /24v 40A 50A and 60A,₱750.00,N/A,https://www.lazada.com.ph/products/pdp-i1518858572.html
Solar Charge Controller 12V 24V 60A 80A 100A Dual USB LCD Display Auto Cell MPPT Panel Charger Regulator With Load,₱731.14,N/A,https://www.lazada.com.ph/products/pdp-i5408547425.html
[UEB Mall]100A MPPT Solar Charge Controller Intelligent Regulator Dual USB Solar Panel Regulator 12V 24V 36V 48V for Solar Panel,"₱1,259.00",N/A,https://www.lazada.com.ph/products/pdp-i5376625547.html
"Solid State Relay DC-DC SSR Input 3-32VDC Load 5-220VDC Control Relay,DC-DC SSR,DC-DC Solid State Relay,Solid State Relay,DC Input DC Output SSR,SSR",₱334.00,N/A,https://www.lazada.com.ph/products/pdp-i429494224.html
SRNE 40A 12V/24V MPPT Solar Charge Controller,"₱4,700.00",N/A,https://www.lazada.com.ph/products/pdp-i263768738.html
ECGSOLAX 60A MPPT Solar Charge Controller 12V/24V/36V/48V Battery Max Input Voltage 190Voc,"₱2,800.00",N/A,https://www.lazada.com.ph/products/pdp-i5343456666.html
"Y&H 60A Solar Charge Controller 12V 24V 36V 48V Solar Regulator with LCD Display Adjustable Parameters for Sealed, LiFePO4, Gel, Flooded and Lithium Battery",₱686.00,N/A,https://www.lazada.com.ph/products/pdp-i4368440398.html
Rongcheng Light 500W Boost Type MPPT Solar Energy Electric Vehicle Charging Controller for Lead Acid Lithium Battery 36V48V60V,"₱1,176.00",N/A,https://www.lazada.com.ph/products/pdp-i5169920808.html
Aoresac ELEJOY 400W MPPT Step-down/up Real time Solar Battery Recharging Charge Controller,"₱1,919.43",N/A,https://www.lazada.com.ph/products/pdp-i4820328145.html
"150A MPPT Solar Charge Controller — 12V/24V/36V/48V Auto-Recognition, LCD Display, Dual USB Charging Ports — Compatible with Lead-Acid and Lithium Batteries.","₱2,240.00",N/A,https://www.lazada.com.ph/products/pdp-i5014593351.html
Aoyang 40A/60A Adjustable MPPT Solar Charge Controller 12V 24V 36V 48V DC Input 180V LCD Display,"₱2,930.00",N/A,https://www.lazada.com.ph/products/pdp-i4565452834.html
PowMr 60A MPPT Solar Charger Controller 12V 24V 36V 48V With Blacklight LCD Regulator Max PV Input 160VDC Support Lithium Battery POW-M60-PRO,"₱3,800.00",N/A,https://www.lazada.com.ph/products/pdp-i3025146388.html
100A MPPT Solar Charge Controller Solar PV Regulator Dual USB Solar Panel Regulator 12V 24V 36V 48V for Solar Panel[Vodool Center],"₱1,328.00",N/A,https://www.lazada.com.ph/products/pdp-i15422760133.html
PowMr 60A MPPT Solar Charger Controller 12V 24V 36V 48V Auto for Max 190VDC PV Input Solar Charge and Discharge Controller HHJ-60A,"₱3,350.00",N/A,https://www.lazada.com.ph/products/pdp-i122327317.html
"Flowatt MPPT-60A Solar Charge Controller 12/24/36/48V with Backlight, Automatic Voltage Detection, 150VDC Input, 60A Max Charging Current for LiFePO4 Batteries","₱2,800.00",N/A,https://www.lazada.com.ph/products/pdp-i4397575959.html
12V/24V/36V/48V Auto 150A MPPT Solar Charge Controller Battery Charging Off-Grid Automatic Identification Controller,"₱1,890.20",N/A,https://www.lazada.com.ph/products/pdp-i5190723114.html
MPPT Solar Controller Boost Regulator 10A 24V-72V for Electric Vehicles Lithium Batteries Solar System Kits,"₱2,321.00",N/A,https://www.lazada.com.ph/products/pdp-i5045260561.html
Flowatt MPPT 60A Solar Charge Controller 24V 12V Solar Regulator Max PV 150VDC Charging Controller For Photovoltaic Battery Regulator Lifepo4 Lead Acid,"₱2,899.00",N/A,https://www.lazada.com.ph/products/pdp-i4082611569.html
300W MPPT 24V/36V/48V/60V/72V Solar Boost Charge Controller Electric Car Electric Vehicle Charging Voltage Regulator 97% Efficiency,"₱2,051.60",N/A,https://www.lazada.com.ph/products/pdp-i4113958648.html
【HCS】100A MPPT Solar Charge Controller Solar PV Regulator LCD Display Intelligent Regulator 12V 24V 36V 48V for Solar Panel,"₱1,259.00",N/A,https://www.lazada.com.ph/products/pdp-i15392094766.html
SRNE 20A 12V/24V MPPT Solar Charge Controller,"₱3,600.00",N/A,https://www.lazada.com.ph/products/pdp-i250528579.html
Professional Solar Controller with Auto MPPT Tracking Overheat Overcurrent Short Circuit Protection Reverse Connection Proof Low Heat Design Easy DC Connection,₱500.00,N/A,https://www.lazada.com.ph/products/pdp-i5381588973.html
【Vodool Auto Center】12V 24V Solar Charge Controller Solar Power Controller LED Display Solar Controller for Lead-Acid Lithium Battery,₱381.00,N/A,https://www.lazada.com.ph/products/pdp-i15433723257.html
"[frthrthrt]MPPT Solar Charge Controller 12V 24V 36V 48V Battery System Auto,PV Solar Panel Regulator","₱1,664.30",N/A,https://www.lazada.com.ph/products/pdp-i5332872561.html
PowMr 100% Mppt 60A Solar Charge Controller 12v-48v Auto 160vdc lcd fan Support Parallel Up to 12 Units Support Lead Acid Lithium Battery Temperature Compensation,"₱4,032.00",N/A,https://www.lazada.com.ph/products/pdp-i4315208655.html
【Fast Shipping】 100A MPPT Solar Charge Controller Intelligent Regulator 12V 24V 36V 48V Auto Solar Charge Controller for Solar Panel,"₱1,259.00",N/A,https://www.lazada.com.ph/products/pdp-i15389841227.html
PowMr 25A/35A/45A MPPT Solar Charger Controller 12V 24V With Blacklight LCD Regulator Max PV Input 100VDC Support Lifepo4 Battery Efficient charging,"₱1,375.00",N/A,https://www.lazada.com.ph/products/pdp-i4658427737.html
Flowatt 40A 60A 80A 100A MPPT Solar Charge Controller Max PV Input 100V Dual USB LCD Display 12V -48V Auto Battery Intelligent Regulator,"₱1,020.00",N/A,https://www.lazada.com.ph/products/pdp-i4597073919.html
PowMr 35A MPPT Solar Charger Controller 12V 24V With Blacklight LCD Regulator Max PV Input 80VDC Support Lifepo4 Battery Efficient charging,"₱2,200.00",N/A,https://www.lazada.com.ph/products/pdp-i4658398856.html
12V/24V/36V/48V Auto 150A MPPT Solar Charge Controller Battery Charging Off-Grid Automatic Identification Controller,"₱1,934.20",N/A,https://www.lazada.com.ph/products/pdp-i5219926436.html
【Ntcpefy】Automatic Recognition 12V 24V 10A MPPT Solar Charge Controller Voltage Reduction Charge and Discharge,"₱1,521.60",N/A,https://www.lazada.com.ph/products/pdp-i15446680675.html
PowMr 45A MPPT Solar Charger Controller 12V 24V With Blacklight LCD Regulator Max PV Input 100VDC Support Lifepo4 Battery Efficient charging,"₱2,800.00",N/A,https://www.lazada.com.ph/products/pdp-i4658486134.html
"MPPT Solar Charge Controller 12V 24V 36V 48V Battery System Auto,PV Solar Panel Regulator","₱1,709.30",N/A,https://www.lazada.com.ph/products/pdp-i15447701280.html
SRNE 30A 12V/24V MPPT Solar Charge Controller,"₱4,700.00",N/A,https://www.lazada.com.ph/products/pdp-i421984491.html
Aoyang 60A/120A 12V/24V/48V/96V/192V Adaptive MPPT Solar Charge Controller 480V Max Panel Optional WiFi Connection,"₱5,500.00",N/A,https://www.lazada.com.ph/products/pdp-i4565212158.html
TaoZhong 100A/120A MPPT Solar Charge Controller 12V 24V 36V 48V MAX 160V PV Input for GEL SLD FLD LI User Battery Voltage Regulator,"₱4,886.00",N/A,https://www.lazada.com.ph/products/pdp-i5371132869.html
AOYANG 40A/60A/120A MPPT 12V/24V/36V/48V/72V/84V/192V Battery Voltage Adaptive 150V/230V/480V Solar Charge Controller Optional WiFi,"₱4,670.00",N/A,https://www.lazada.com.ph/products/pdp-i5134486617.html
PowMr 100% Mppt 60A Solar Charge Controller and Discharge Controller 12v-48v Auto 190vdc lcd fan with backlight Support Lead Acid Lithium Battery HHJ-60A,"₱3,350.00",N/A,https://www.lazada.com.ph/products/pdp-i4162093708.html
BOSCA 40A 50A 60A SCC Solar Charge Controller 12v 24v AUTO Multi-function Solar Regulator Solar Panel Regulator For Lead Acid Battery 40A 50A 60A LSS Series,"₱1,390.00",N/A,https://www.lazada.com.ph/products/pdp-i15432996723.html
SRNE MPPT 50A 40A 30A 20A 12V24V Solar Charge Controller Solar Regulator Max 100V PV Input WIFI optional For Gel Lead Lithium,"₱3,524.19",N/A,https://www.lazada.com.ph/products/pdp-i5293774686.html
[UEB Mall]12V 24V Solar Panel Controller Lithium Battery Charge Controller LED Display Solar Controller for Lithium Lead-Acid,₱455.00,N/A,https://www.lazada.com.ph/products/pdp-i5397067131.html
12V/24V/36V/48V Auto 150A MPPT Solar Charge Controller Battery Charging Off-Grid Automatic Identification Controller,"₱1,890.20",N/A,https://www.lazada.com.ph/products/pdp-i5200891944.html
Solar Charge Controller KDY - APP Function 12V 24V 48V Self Adaption Pane US.,"₱2,517.50",N/A,https://www.lazada.com.ph/products/pdp-i4360808517.html
"PowMr 25A/35A/45A MPPT Solar Charge Controller 12V/24V with Backlight LCD – 100VDC PV Input, LiFePO4 Battery Support","₱2,488.00",N/A,https://www.lazada.com.ph/products/pdp-i5220379122.html
38mm External Rotor Brushless DC Motor With Controller 7.4V 3700RPM High Torque For PWM Speed Regulation,₱321.11,N/A,https://www.lazada.com.ph/products/pdp-i15486553747.html
MPPT Automatic Solar Controller PV Charging,"₱9,522.00",N/A,https://www.lazada.com.ph/products/pdp-i15405522389.html
Solar controller Authentic SRNE 40A 12V/24V MPPT Solar Charge Controller,"₱7,532.00",N/A,https://www.lazada.com.ph/products/pdp-i3796946423.html
MPPT Solar Charge Controller 30A 40A 50A 60A 100A 12V 24V Auto Dual USB Load Discharger Solar Panel Regulator LCD Display,₱881.96,N/A,https://www.lazada.com.ph/products/pdp-i4825993254.html
SRNE AUTHENTIC SRNE 60A 12V/24V/36V/48V MPPT Solar Charge Controller barattilla,"₱12,888.00",N/A,https://www.lazada.com.ph/products/pdp-i5165836411.html
20A 30A 40A 60A MPPT Solar Charge Controller Solar Panel Controller LCD Display Solar Controller can use Lithium Battery,"₱2,675.00",N/A,https://www.lazada.com.ph/products/pdp-i4311434713.html
30A 60A 120A MPPT Solar Charge Controller 12V 24V 48V 60V 72V 96V Auto Solar Controller PV 230VDC For Lithium GEL Batt,"₱5,049.70",N/A,https://www.lazada.com.ph/products/pdp-i5207109680.html
60A/40A/30A/20A MPPT Solar Charge Controller 12V/24V Auto SCC Solar Charger Controller Solar Panel Battery Regulator Dual USB Output LCD Display Load Discharger,"₱2,160.00",N/A,https://www.lazada.com.ph/products/pdp-i3121258810.html
"Anern 20A/30A/60A MPPT Solar Controller 12V 24V 48V Auto Mppt Solar Charge Controller Fast Charger Support Lifepo4, Sealed,Flooded,Li(NiCoMn)O2 Battery","₱2,893.00",N/A,https://www.lazada.com.ph/products/pdp-i5198131170.html
【Parallel Version】PowMr 60A Mppt Solar Charge Controller With Cooling fan & Temperature Compensation Function 12V-48V Auto Max PV 160Vdc Solar Battery Recharging Controller,"₱4,400.00",N/A,https://www.lazada.com.ph/products/pdp-i4509776617.html
MPPT Solar Charge Controller 300W Universal Voltage For Electric Bicycle Battery 24V/36V/48V/72V,"₱1,699.00",N/A,https://www.lazada.com.ph/products/pdp-i4946814317.html
TaoZhong 60A/120A MPPT Solar Controller Charge 12V/24V/36V/48V/60V/72V/84V/96V PV Max 230V for Sealed Lead Acid Gel and Lithium,"₱5,286.00",N/A,https://www.lazada.com.ph/products/pdp-i5371239883.html
KDY WIFI Solar Charge Controller 12V 24V 48V Solar Sync WiFi Power Master SunTech WiFi Charge Navigator Multi-voltage mobile APP to view photovoltaic controller SunPower WiFi VoltGuard VoltTech WiFi Solar Director,"₱1,980.00",N/A,https://www.lazada.com.ph/products/pdp-i4275219000.html
Flowatt 60A MPPT Solar Charge Controller 12V 24V 36V 48V Battery Charge Regulator 60A solar panel Solar Controller LCD Max PV 150VDC Input,"₱2,900.00",N/A,https://www.lazada.com.ph/products/pdp-i4041683935.html
【L-BEANS】 MPPT Solar Charge Controller 450W 24V/36V/48V/60V/72V Adjustable Output 12A,"₱1,581.00",N/A,https://www.lazada.com.ph/products/pdp-i15415697043.html
Anern 40A 60A MPPT Solar Controller with BlackLight LCD Display Fast Charging 12V 24V 36V 48V Auto Solar Charge Controller,"₱3,878.00",N/A,https://www.lazada.com.ph/products/pdp-i5198406186.html
Anern 60A MPPT Solar Charge Controller 12V 24V 36V 48V Solar Controller With Blacklight LCD Regulator Support Lithium Battery,"₱3,878.00",N/A,https://www.lazada.com.ph/products/pdp-i5198415211.html
PowMr MPPT 60A Solar Charger Controller Max PV Input 160VDC 12V 24V 36V 48V Auto With Blacklight LCD Regulator Support Lithium Battery,"₱4,100.00",N/A,https://www.lazada.com.ph/products/pdp-i4509776550.html
PowMr 60A MPPT Solar Charger Controller 12V 24V 36V 48V With Blacklight LCD Regulator Max PV Input 160VDC Support Lithium Battery,"₱4,170.00",N/A,https://www.lazada.com.ph/products/pdp-i4163068314.html
【Huang Li Electronics】MPT-7210A MPPT Solar Charge Controller Green Solar Charge Controller Metal Solar Charge Controller 24V/36V/48V/60V/72V Solar Regulator Battery Charger Panel Boost Voltage Module,"₱2,944.40",N/A,https://www.lazada.com.ph/products/pdp-i15447390911.html
PowMr 80A &100A MPPT Solar Controller with BlackLight LCD Display Fast Charging Max PV input 160VDC 12V-48V Auto Supports parallel Up To 12 Units,"₱5,300.00",N/A,https://www.lazada.com.ph/products/pdp-i5040914026.html
SRNE 60A 12V/24V/36V/48V MPPT Solar Charge Controller 100% Authentic product,"₱11,855.00",N/A,https://www.lazada.com.ph/products/pdp-i4632713718.html
"Y&H 140A MPPT Solar Charge Controller 48V Battery Regulator with LCD High Voltage Input PV MAX 500V for 48V Energy Storage Battery Chargers AMG,Flooded,LI,User","₱8,586.00",N/A,https://www.lazada.com.ph/products/pdp-i4369565266.html
Zamdon MPPT Solar Charge Controller 100A 36V 48V with max 300V PV input,"₱15,000.00",N/A,https://www.lazada.com.ph/products/pdp-i5373666365.html
PowMr 80A MPPT Solar Charger Controller 12V-48V Auto Blacklight LCD Regulator Max PV Input 160VDC Support Lifepo4 Battery Can Parallel Up to 12 Units,"₱4,900.00",N/A,https://www.lazada.com.ph/products/pdp-i4363409275.html
PowMr 25A/35A/45A MPPT Solar Charger Controller 12V 24V With Blacklight LCD Regulator Max PV Input 100VDC Support Lifepo4 Battery Efficient charging,"₱1,550.00",N/A,https://www.lazada.com.ph/products/pdp-i4658461431.html
"Zamdon MPPT Solar Charge Controller 40A 12/24V -Authentic Zamdon solar charge controller Adjustable, High-Efficiency, Gel/Lithium Compatible not set up solar controller only","₱7,844.00",N/A,https://www.lazada.com.ph/products/pdp-i4932612779.html
Zamdon MPPT Solar Charge Controller 80A 48V,"₱10,000.00",N/A,https://www.lazada.com.ph/products/pdp-i3851064096.html
HOMETOOL Smart MPPT Solar Charge Controller 12V 24V 36V 48V with Dual USB Charging Ports,"₱2,361.22",N/A,https://www.lazada.com.ph/products/pdp-i5228000410.html
BOSCA 40A 50A 60A SCC Solar Charge Controller 12v 24v AUTO Multi-function Solar Regulator Solar Panel Regulator For Lead Acid Battery 40A 50A 60A LSS Series,"₱1,397.00",N/A,https://www.lazada.com.ph/products/pdp-i4675870156.html
"PowMr 140A MPPT Solar Charge Controller 48V Battery Regulator with LCD High Voltage Input PV MAX 500V for 48V Energy Storage Battery Chargers AMG,Flooded,LI,User","₱11,000.00",N/A,https://www.lazada.com.ph/products/pdp-i4520115091.html
PowMr 60A MPPT Solar Charge Controller and Discharge Controller 12v-48v Auto 190vdc Lcd Fan With Backlight Support Lead Acid Lithium Battery,"₱3,350.00",N/A,https://www.lazada.com.ph/products/pdp-i5024372868.html
Flowatt MPPT Solar Charger Controller 60A 12V 24V 36V 48V Auto for Max 190VDC PV Input Solar Charge Support Lead Acid Lithium Battery,"₱4,900.00",N/A,https://www.lazada.com.ph/products/pdp-i4379345084.html
JDSTAR 10A/20A/30A/40A/50A/60A/80A MPPT Solar Charge Controller 12V 24V 48V Auto Color LCD Display,"₱2,220.00",N/A,https://www.lazada.com.ph/products/pdp-i5032408256.html
PowMr 60A MPPT Solar Charge Controller 160V PV Input | 12V/24V/36V/48V Auto | LCD Backlight | Lithium & Lead Acid Battery Solar Regulator,"₱6,540.00",N/A,https://www.lazada.com.ph/products/pdp-i15425308750.html
【Latest model】MPPT Solar Charging Controller 800w 24-85V Input/18-65V Output Adjustable Voltage with Display for Electric Vehicles,"₱3,959.54",N/A,https://www.lazada.com.ph/products/pdp-i15446740249.html
AYANG MPPT Solar PV Charging Controller 12V/24V/48V/96V Intelligent Charger Power Generation System,"₱4,670.00",N/A,https://www.lazada.com.ph/products/pdp-i4565093325.html
MPPT Solar Charge Controller DC 12V/24V/36V/48V - 60A & 100A,"₱1,488.00",N/A,https://www.lazada.com.ph/products/pdp-i4685390172.html
MPPT Boost Solar Controller 18V Charging 24V 48V 72V 900W Electric Vehicle Charging for RV Golf Car,"₱3,172.20",N/A,https://www.lazada.com.ph/products/pdp-i15409203341.html
KKmoon WiFi+BT 60A Solar Charger Controller 12V/24V/36V/48V/60V Charging MPPT Controllers LCD Display Dual USB 5V Output Controller APP Remote Control Solar Charge Controller,"₱2,037.37",N/A,https://www.lazada.com.ph/products/pdp-i4370319514.html
MPPT 450W Stepdown Solar Controller 18V-80V Input Charging For 12V 24V Lithium Lead-Acid Gel Battery Real-Time Tracking Adjustab,"₱3,176.80",N/A,https://www.lazada.com.ph/products/pdp-i5323204372.html
PowMr 60A Mppt Solar Charger Controller 12V-48V With Blacklight LCD Regulator Max PV Input 160VDC Support Lithium Battery Battery Charger,"₱4,170.00",N/A,https://www.lazada.com.ph/products/pdp-i4022034517.html
【Latest model】MPPT Boost Solar Charging Controller 800w 24-85V Input 18-65V Output Adjustable Voltage with Display Automatic Electric Vehicle,"₱3,839.54",N/A,https://www.lazada.com.ph/products/pdp-i15451886652.html
"PowMr MPPT 140A Solar Charge Controller with LCD High Voltage MAX PV Input 500V for 48V Energy Storage Battery Chargers AMG,Flooded,LI,User","₱12,500.00",N/A,https://www.lazada.com.ph/products/pdp-i4623790628.html
SNAT MPPT Solar Charge Controller CM80A/CM100A (Automatic System Voltage Identification 12V/24V/48V) 80A/100A,"₱20,999.00",N/A,https://www.lazada.com.ph/products/pdp-i1797471773.html
"MPPT Solar Charge Controller 60A with Fan Cooling 12V 24V 36V 48V Regulator for Lithium LiFePo4 Lead-Acid,Batteries","₱4,910.70",N/A,https://www.lazada.com.ph/products/pdp-i5284302714.html
60A Mppt Solar Charge Controler 12v/24v/36v/48v/60v/72v/84v/96v,"₱8,800.00",N/A,https://www.lazada.com.ph/products/pdp-i3531046763.html
DEMUDA New 12V/24v/36v/48v Automatic MPPT Solar Charge Controller 30a 40a 60a 80a 100 Amp Solar Panel Charger Controller with WIFI,"₱9,200.00",N/A,https://www.lazada.com.ph/products/pdp-i4224159826.html
MPPT solar booster charging controller electric car charger 48V/60V/72V three-speed adjustable.,"₱3,073.40",N/A,https://www.lazada.com.ph/products/pdp-i4793156038.html
GUANGHEGUINENG | MPPT Intelligent Solar Controller Universal Voltage,"₱7,957.00",N/A,https://www.lazada.com.ph/products/pdp-i15405519504.html
【Latest model】60A12V-V125 MPPT Solar Charge Controller MPPT Solar Charge Controller 60A 12V MPPT Solar Charge Controller MPPT Solar Charge Controller forLi-NMC LifePO4 Lead-Acid Battery,"₱5,475.89",N/A,https://www.lazada.com.ph/products/pdp-i15451278342.html
100A 48V MPPT Solar Charge Controller SRNE brand,"₱24,875.00",N/A,https://www.lazada.com.ph/products/pdp-i390562972.html
NEW SRNE MA SERIES 30A 40A 60A (12/24V/48V) MPPT Solar Charge Controller LifePO4 Compatible High Efficiency,"₱9,100.00",N/A,https://www.lazada.com.ph/products/pdp-i3375490808.html
SNAT MPPT Controller 48V 80A,"₱13,500.00",N/A,https://www.lazada.com.ph/products/pdp-i2306687454.html
SRNE MPPT 40A Charge Controller (12V/24V) LIFEPO4 Charger Fast Shipping,"₱13,980.00",N/A,https://www.lazada.com.ph/products/pdp-i5324244553.html
"Huineng MPPT solar charge and discharge controller 10A, 20A, 40A, 50A, 60A, 80A, 100A","₱21,576.81",N/A,https://www.lazada.com.ph/products/pdp-i5097317223.html
VICTRON ENERGY SmartSolar MPPT 150V/85Amp MC4 Solar Charge Controller,"₱38,043.00",N/A,https://www.lazada.com.ph/products/pdp-i5204663682.html
"20 A, 30 A, 60 A Solar Controller mppt Full-automatic Universal 12 V, 24 V, 48 V Lithium Battery Photovoltaic Charging","₱25,138.80",N/A,https://www.lazada.com.ph/products/pdp-i4840431922.html
RENOGY PWM Multifunction Solar Charge Controller 10A 12V24V with USB 5V output for solar power generation only [Japanese manual included,"₱2,180.00",N/A,https://www.lazada.com.ph/products/pdp-i5319872979.html
"Intelligent MPPT solar charging controller 10-120A charging 12V, 24V48V Ferrous lithium phosphate with remote monitoring.","₱30,119.27",N/A,https://www.lazada.com.ph/products/pdp-i5122763591.html
Dual USB Chargers 5V Output PWM Battery Charger 12V 24V 30A Solar Charge Regulator Digital Display Universal Solar Controller,₱320.06,N/A,https://www.lazada.com.ph/products/pdp-i5362765226.html
Growatt SC 48120 MPPT solar charging controller for off-grid household power photovoltaic system,"₱42,003.06",N/A,https://www.lazada.com.ph/products/pdp-i5117814781.html
【big-discount】 Epever Mppt Ls1024eu?2/24v 10a Pwm Landstar Solar Charge Controller Regulators Programmable Solar Charge Controller,"₱1,337.30",N/A,https://www.lazada.com.ph/products/pdp-i5263258030.html
PWM Solar Charge Controller 12V 24V 30A LCD Display Timer Adjustable Solar Battery Charger Regulator Hot Sale,₱448.03,N/A,https://www.lazada.com.ph/products/pdp-i15443591208.html
Controller Good 12V PWM 10A 20A 30A 40A 50A 60A 70A 80A 90A 100A with Adjustable LCD Display Timer Setting EESBAO Solar Charge,₱369.71,N/A,https://www.lazada.com.ph/products/pdp-i5297117332.html
【Lowest Prices Online】 MPPT Waterproof PWM Wind Turbine Charge Controller 20A 30A 40A Low Wind Speed Regulator Voltage Boost 12V 24V AUTO 48V 5KW,"₱1,286.30",N/A,https://www.lazada.com.ph/products/pdp-i15462948682.html
High frequency 5KVA solar inverter 50A PWM solar charging controller Hybrid Inverter,"₱91,602.93",N/A,https://www.lazada.com.ph/products/pdp-i4501951580.html
30A Solar Charge Controller 12V/24V Automatic Identification PWM Parameters Adjustable LCD Display Solar Controller Dual USB,₱317.50,N/A,https://www.lazada.com.ph/products/pdp-i15437881604.html
Zamdon MPPT Solar Charge Controller 80A 48V,"₱49,098.63",N/A,https://www.lazada.com.ph/products/pdp-i4992522403.html
30A MPPT PWM Solar Charge Controller 12V 24V Solar Panel Battery Regulator Dual USB Port LCD Display,"₱1,317.40",N/A,https://www.lazada.com.ph/products/pdp-i4057251955.html
Solar Charge Controller 12V 24V PWM 10A 20A 30A 40A 50A 60A with Adjustable LCD Display Dual USB Port Timer Setting Auto Parame,₱292.14,N/A,https://www.lazada.com.ph/products/pdp-i5308637367.html
【sought-after】 MPPT 1000W-5000W Waterproof 12V 24V 48V PWM Wind Turbine Charge Controller 10A 40A Low Wind Speed Regulator Voltage Boost,₱919.30,N/A,https://www.lazada.com.ph/products/pdp-i5189271635.html
60A Solar Charge Controller 12V24V PWM Dual USB 5V Output Solar Panel PV Regulator With Optical Control Timing Function,₱423.48,N/A,https://www.lazada.com.ph/products/pdp-i5315808547.html
Solar Panel Battery Regulator 12V 24V 40A/50A/60A Solar Charge Controller PWM Dual USB Charger Sockets 5V Output Digital Display,₱444.25,N/A,https://www.lazada.com.ph/products/pdp-i15458694842.html
"PWM Solar Charge Controller 12V/24V with LCD Display Dual USB Solar Panel Battery Intelligent Regulator, Auto Parameter Adjusta",₱532.00,N/A,https://www.lazada.com.ph/products/pdp-i15465025672.html
Zamdon MPPT Solar Charge Controller 80A 48V,"₱50,098.56",N/A,https://www.lazada.com.ph/products/pdp-i4925081537.html
[Diyiot]Original DC 6V/12V/24V 48V 30A Digital LED Display Adjustable PWM Motor Speed Controller,₱298.00,N/A,https://www.lazada.com.ph/products/pdp-i1169548477.html
DC 6-60V 12V 24V 36V 48V 30A PWM DC Motor Speed Controller Regulator Motor Speed Controller with Start Stop Switch,₱387.03,N/A,https://www.lazada.com.ph/products/pdp-i15392559295.html
Stepless PWM DC Motor Driver Speed Controller DC 9V-60V 12V 24V 60V 20A DC Motor Controller PWM Speed Regulator,₱307.28,N/A,https://www.lazada.com.ph/products/pdp-i15392477599.html
100 Watt 12 Volt Monocrystalline Photovoltaic PV Solar Panel 12V Battery Charging With Free 10A 20A 30A PWM Solar Charge Controller 12V/24V Bat Regulator Solar Panel Controller LCD Display,"₱2,490.00",N/A,https://www.lazada.com.ph/products/pdp-i513566624.html
DC Voltage Regulator Regulator XH-M401 XL4016E1 High-Power Buck Module DC-DC - intl,₱146.00,N/A,https://www.lazada.com.ph/products/pdp-i229771855.html
【Ready Stock】2PCS Bracket Motor DC Reciprocating Motor Portable Mounting Bracket Motor Linear Actuator Mounting Bracket Support For Linear Actuator Motor Mounting Bracket,₱143.89,N/A,https://www.lazada.com.ph/products/pdp-i4226756863.html
DEWALT 1500W Electric Hand Angle Grinder+MMA-650 Inverter Welding Machine IGBT Full Copper Output,₱799.00,N/A,https://www.lazada.com.ph/products/pdp-i5333596377.html
REALM New Angle Grinder+ Electric drill 2 in 1 Power Tool Set 600W/900W WithAccessones and Case with drill bit set Heavy Duty Original Combo Kit Set,₱599.00,N/A,https://www.lazada.com.ph/products/pdp-i5212598682.html
"4""Electric Circular Saw 1300W Power Tools Wood Cutting Woodworking Table","₱1,169.00",N/A,https://www.lazada.com.ph/products/pdp-i5299980828.html
TUNG 12/16 inches Cordless Electric Chainsaw 468/999/1088VF Mini Chainsaw Pure copper motor Cordless Chainsaw Durable&Powerful cutting Easily cut wood Handheld Chainsaw Portable chainsaw,"₱1,179.00",N/A,https://www.lazada.com.ph/products/pdp-i5387449993.html
4-IN-1 Car Jump Starter Air Pump 198000mAh 12V Car Jumper Power Bank Car Battery Jump Starter Power Bank Multi-function Car Jumper Starter Built-In Air Compressor Tire Inflator Emergency Car Battery Starter with LED Light/USB,"₱1,499.00",N/A,https://www.lazada.com.ph/products/pdp-i5311285307.html
Extended Shaft High Torque Mini DC Motor Accessories 12V,₱388.00,N/A,https://www.lazada.com.ph/products/pdp-i4584439604.html
Zenneldeiy | Electric Scooter Foot Mat,₱235.48,N/A,https://www.lazada.com.ph/products/pdp-i5240578636.html
FANG TAI 300W Solar Panel 18 Volt Pv Solar Module solar panels 10000w set board Solar with controller Multifuncitional and Portable generator 0 electricity bill waterproof lightning solar outdoor heavy duty for all appliances 220v complete set battery,₱600.00,N/A,https://www.lazada.com.ph/products/pdp-i4235060614.html
JZCN | Motor Speed Controller 220V,"₱1,400.00",N/A,https://www.lazada.com.ph/products/pdp-i15418877256.html
TOS | Adjustable Speed Motor Control Unit,"₱1,168.00",N/A,https://www.lazada.com.ph/products/pdp-i15418438073.html
Washing Machine Control Board,₱442.00,N/A,https://www.lazada.com.ph/products/pdp-i15472304340.html
Andoer PWM Solar Inverter Stainless Steel Off Grid Controller Integrated Machine 3KVA 2400W 120V,"₱23,945.64",N/A,https://www.lazada.com.ph/products/pdp-i15491119774.html
New 10/20/30/40/50/60/100A PWM Solar Charge Discharge Controller LCD Display Dual USB Auto Solar Cell Panel Charger Regulator,₱341.16,N/A,https://www.lazada.com.ph/products/pdp-i5283711760.html
600W Step-Down MPPT Solar Charging Controller 10-30V/17-85V Output Solar Intelligent Temperature Recharging Controller,"₱2,887.05",N/A,https://www.lazada.com.ph/products/pdp-i15449565485.html
1203BB 6V 12V 24V 3A 80W Motor Speed Controller PWM Adjustable Reversible Motor Driver 80W Motor Speed Controller,₱138.24,N/A,https://www.lazada.com.ph/products/pdp-i15429601847.html
Stepper Motor Controller 12V 24V with PWM Pulse Signal Generator Reversible Rotation & Speed Control for Automation,₱269.19,N/A,https://www.lazada.com.ph/products/pdp-i5321454522.html
PWM DC Motor Speed Controller 6V 12V 24V 28V 3A Speed Regulator Switch,₱233.03,N/A,https://www.lazada.com.ph/products/pdp-i15429535888.html
Estardyn5V 12V 10A Voltage Regulator PWM DC Motor Speed Controller Governor Stepless Speed Regulator LED Dimmer Power Controller,₱86.23,N/A,https://www.lazada.com.ph/products/pdp-i5269194984.html
5V 9V 12V 3A Voltage Regulator PWM DC Motor Speed Controller Governor Stepless Speed Regulator LED Dimmer Power Controller,₱113.15,N/A,https://www.lazada.com.ph/products/pdp-i5341290493.html
"1-Piece DC 9V-60V 20A PWM Speed Regulator, DC Motor Speed Control Modulator.",₱368.76,N/A,https://www.lazada.com.ph/products/pdp-i15462311740.html
DC 6-60V 6V 12V 24V 48V 30A Digital Display PWM DC Motor Speed Controller Regulator Motor Speed Controller W/ Start Stop Switch,₱319.99,N/A,https://www.lazada.com.ph/products/pdp-i15438990158.html
Hot Sale Pwm Dc Motor Governor 6V12V24V Forward And Reverse Switch Motor Controller,₱140.52,N/A,https://www.lazada.com.ph/products/pdp-i15433686501.html
Motor Pulse Width Modulator Regulator DC 9-60V Max 20A PWM DC Motor Driver Speed Controller PWM Speed Regulator,₱437.39,N/A,https://www.lazada.com.ph/products/pdp-i15458982119.html
10A PWM DC Motor Speed Controller 12V 24V Speed Regulator Temperature Adjustment Dimmer Control Switch Motor LED Light 12V-30V,₱249.16,N/A,https://www.lazada.com.ph/products/pdp-i5411140211.html
PWM DC Motor Speed Controller 6V 12V 24V 28V 3A Speed Regulator Switch,₱143.17,N/A,https://www.lazada.com.ph/products/pdp-i15414869902.html
2-10A Voltage Regulator PWM DC Motor Speed Controller Governor Stepless Speed Regulator LED Dimmer Power Controller Module,₱200.76,N/A,https://www.lazada.com.ph/products/pdp-i15464962277.html
PWM DC Motor Speed Controller 6V 12V 24V 28V 3A Speed Regulator Switch',₱117.85,N/A,https://www.lazada.com.ph/products/pdp-i15435055824.html
DC 6V 12V 24V 28V 3A 80W PWM Motor Speed Controller Adjustable Speed DC Motor Driver Forward Reverse Switch,₱110.09,N/A,https://www.lazada.com.ph/products/pdp-i15387885459.html
1 Set PWM Motor Speed Controller 20A Current Regulator DC10-60V DC Motor Speed Regulator 12V 24V 36V 48V High Power Drive Module,₱288.64,N/A,https://www.lazada.com.ph/products/pdp-i5364103419.html
【YY26】1 Set PWM Motor Speed Controller 20A Current Regulator DC10-60V DC Motor Speed Regulator 12V 24V 36V 48V High Power Drive,₱282.23,N/A,https://www.lazada.com.ph/products/pdp-i15437405312.html
1Pcs PWM DC Motor Speed Dimmer Controller 5V 12V 16V 10A Voltage Regulator LED Dimmer Dimming Module Stepless Speed Regulator,₱108.97,N/A,https://www.lazada.com.ph/products/pdp-i15413508204.html
10A 12V-30V PWM DC Motor Speed Controller 12V 24V Adjustable Speed Regulator Dimmer Control Switch for Fan Motor LED Light,₱199.26,N/A,https://www.lazada.com.ph/products/pdp-i5409619985.html
6A High Power PWM DC Motor Speed Controller 6V-12V Stepless Speed Regulation Board Motor Control Voltage Regulator for DIY,₱79.01,N/A,https://www.lazada.com.ph/products/pdp-i15436440814.html
5V 12V 10A Voltage Regulator PWM DC Motor Speed Controller Governor Stepless Speed Regulator LED Dimmer Power Controller,₱127.48,N/A,https://www.lazada.com.ph/products/pdp-i5192436152.html
1/3/5 PCS 5V 12V 10A Voltage Regulator PWM DC Motor Speed Controller Governor Stepless Speed Regulator LED Dimmer Controller,₱95.55,N/A,https://www.lazada.com.ph/products/pdp-i5274655701.html
12V 24V 48V 2000W MAX 10-50V 40A DC Motor Speed Control PWM HHO RC Controller,₱444.87,N/A,https://www.lazada.com.ph/products/pdp-i5363137258.html
【Limited Quantity】 Esmart4 Mppt Solar Charge Controller 60a 12v/24v/36v/48v Lithium Charger Regulator Wifi App Remote Control Optional,"₱1,199.47",N/A,https://www.lazada.com.ph/products/pdp-i4483828676.html
"ALL New Solar Panel 100 Watt 12 Volt, High-Efficiency Monocrystalline PV Module Power Charger With 30A /10A PWM 12V/24V Solar Panel Regulator Charge Controller LCD Display USB","₱2,490.00",N/A,https://www.lazada.com.ph/products/pdp-i4458733608.html
SRNE 60A 12V/24V/36V/48V MPPT Solar Charge Controller,"₱8,500.00",N/A,https://www.lazada.com.ph/products/pdp-i422010573.html
20W +- 5V 6V 9V 10V 12V 15V 24V Positive & Negative Dual Output Power Supply DC DC Step-up Boost-Buck Converter module,₱172.00,N/A,https://www.lazada.com.ph/products/pdp-i4241623722.html
Hantech PowMr MPPT 20A Solar Charger Controller 12V 24V Auto Solar Controller PV Max Input 60Voc Lcd Backlit Display 2 Usb Ports Free Warranty,"₱2,000.00",N/A,https://www.lazada.com.ph/products/pdp-i4208788851.html
XL4015 5A High power 75W DC-DC adjustable step-down module+LED Voltmeter Power supply module DC 4.0-38V to 1.25V-36V DIY Adjustable Power Supply module,₱180.00,N/A,https://www.lazada.com.ph/products/pdp-i3782410568.html
Warning Reflective Stickers for Bikes Cars Motorcycles E-bikes Rider Protection,₱62.24,N/A,https://www.lazada.com.ph/products/pdp-i5354416676.html
100A/60A/50A/40A/30A MPPT Solar Charge Controller Dual USB LCD Display Auto Solar Cell Panel Charger Regulator,₱468.00,N/A,https://www.lazada.com.ph/products/pdp-i4528810310.html
PowMr MPPT Solar Charge Controller 12V/24V Solar Controller Solar Panel Battery Regulator Dual USB LCD Display 30A/50A /70A 70A Solar Controller Solar Panel Battery Regulator Dual USB 5V LCD Display PVSC Series Solar Light,"₱1,139.39",N/A,https://www.lazada.com.ph/products/pdp-i3204751837.html
Car color changing film PET forged carbon fiber sticker motorcycle full body waterproof P300,₱69.00,N/A,https://www.lazada.com.ph/products/pdp-i5081951034.html
2289 Solar Strong Light Portable Light Outdoor Emergency USB Rechargeable Flashlight LED Double Head Light Source Camping Searchlight Solar Power Bank,₱129.00,N/A,https://www.lazada.com.ph/products/pdp-i3568873381.html
One Solar Mppt Charger Mppt Charge Controller 12V 24V 48V 60A 80A 100A SRNE SNADI SNAT,"₱7,500.00",N/A,https://www.lazada.com.ph/products/pdp-i1298934199.html
100% Legit 60pcs High Yield Smooth Green Okra Seeds for Planting Vegetables F1 Dwarf Okra Potted Seeds Fresh Bonsai Okra Seeds Hybrid Long Okra Live Plant Veggie Seed Lady Finger Okra Vegetable Seeds for Gardening Organic Fruit Okra Seedlings Indoor Plant,₱55.00,N/A,https://www.lazada.com.ph/products/pdp-i5184949520.html
8-40V to 12V 3A 6A 10A 15A 20A Power Converter Regulator 300w Boost Buck DC DC Voltage Stabilizer,₱645.00,N/A,https://www.lazada.com.ph/products/pdp-i330994740.html
Knee Support Protector Knee Pad Knee Cap Knee pads Pressurized Elastic Brace belt for Running Basketball Volleyball Outdoor,₱69.00,N/A,https://www.lazada.com.ph/products/pdp-i4066482015.html
63A 230V Din Rail Adjustable Over Under Voltage Protector Device Protector Relay Over Current Protector Adjustable Voltage Current Protection LCD Digital Display Power Consumption Watt-Hour Meter Automati,₱399.00,N/A,https://www.lazada.com.ph/products/pdp-i3838572597.html
【fdhjtyhtjj】Remote Control New for RG51B ( 1 ）EU1 RG51B ( 2 ）Air RG51B/E AC Units Conditioner,₱100.00,N/A,https://www.lazada.com.ph/products/pdp-i15418406972.html
300W MPPT Solar Charger Controller For Ebike Solar Boost Charge Controller 24V/36V/48V/72V Solar Power Charge Controller For Ebike Solar Power Battery Charger Electric Bicycle Battery Charger Controller,"₱1,699.00",N/A,https://www.lazada.com.ph/products/pdp-i4665658804.html
Solar Generators With Solar Panel set 3000W Solar Power Inverter DC 12V to AC 220V Solar battery Panel 100A Solar Charge Controller for home all appliances,"₱1,359.00",N/A,https://www.lazada.com.ph/products/pdp-i2905589039.html
RcTlB CN3722 3S 3A 12V MPPT Solar Panel Controller Module 3 Serial Li-ion Battery Charger For 9V 12V 18V 24V Solar Panels,₱236.11,N/A,https://www.lazada.com.ph/products/pdp-i5341726708.html
MPPT Solar Charge Controller 60A/80A/100A 12V 24V 36V 48V with LCD Screen AUTO Battery Charger,₱898.00,N/A,https://www.lazada.com.ph/products/pdp-i5227540538.html
PowMr 5A 12V Solar Panel Charger Controller IP67 for Small Solar Home Use Mini Size Solar Controller Load Working 24 Hours POW-5A-12V,₱404.00,N/A,https://www.lazada.com.ph/products/pdp-i3140573515.html
"12V/24V 80A 100A solar controller with LED LCD display, solar panel controller, solar panel battery regulator, USB port",₱322.73,N/A,https://www.lazada.com.ph/products/pdp-i15495661109.html
MPPT Solar Charge Controller 12V 24V Auto WiFi Solar Panel Regulator 60A 50A 40A 30A 20A 10A Dual USB LCD Display Controller,"₱2,685.31",N/A,https://www.lazada.com.ph/products/pdp-i4917508583.html
STARTRC | Protection Cover For DJI RC Screen Remote Control RC2,₱287.62,N/A,https://www.lazada.com.ph/products/pdp-i5367610772.html
Skyworth TV 43U20 English Remote Control,₱83.39,N/A,https://www.lazada.com.ph/products/pdp-i15456704484.html
Buck Converter 200W 15A DC-DC Step-Down Power Module 8-60V Input 48V to 1-36V Output 5V 12V 24V 19V,₱310.00,N/A,https://www.lazada.com.ph/products/pdp-i5226180778.html
[BUY 1 TAKE 1] Solar Light Tube Emergency Lamp with Panel Rechargeable Lamp Night Light Camping Ligh,₱75.00,N/A,https://www.lazada.com.ph/products/pdp-i2312277641.html
BOSCA Solar Charge Controller MPPT 12v 24v 40A,"₱3,999.00",N/A,https://www.lazada.com.ph/products/pdp-i4725617818.html
YIBAR MAOHONG 1Pcs 35mm BLDC Brushless Motor With Driver Electric Motor BL3525O DC7.4V 3200RPM Large Torque Strong Engine PWM Speed,₱284.19,N/A,https://www.lazada.com.ph/products/pdp-i15389599320.html
[Vodool Brand Center]100A MPPT Solar Charge Controller Solar PV Regulator 12V 24V 36V 48V Auto Solar Charge Controller for Solar Panel,"₱1,175.00",N/A,https://www.lazada.com.ph/products/pdp-i15424334604.html
MPPT 600W Solar Boost Charge Controller for 24V 36V 48V 60V 72V Battery Charger Charge Digital Controller,"₱2,267.60",N/A,https://www.lazada.com.ph/products/pdp-i5228000546.html
BTS7960 High Power Intelligent Vehicle Motor Drive Module BTS7960 43A Current Limiting Control Semiconductor Refrigeration Drive,₱366.34,N/A,https://www.lazada.com.ph/products/pdp-i15498859406.html
MPPT Solar Controller Smart Auto Adjustment Universal For Home Use,"₱1,626.00",N/A,https://www.lazada.com.ph/products/pdp-i15456234997.html
Makita 1050W Power Planer Tool + Circular Saw Electric Wood Planer Variable Speed Universal Plug Hybrid Cordless Power Woodworking Tools Original,"₱1,299.00",N/A,https://www.lazada.com.ph/products/pdp-i5323989794.html
[Fast Delivery] ZK-4KX CNC DC-DC Buck Boost Converter Module CC CV 0.5-30V 4A Adjustable Step Down Up Voltage Regulator,₱659.00,N/A,https://www.lazada.com.ph/products/pdp-i4356334946.html
【Latest model】BM6072 600W MPPT Boost Solar Charge Controller for 24V 36V 48V 60V 72V Battery System Solar Panel 12-50V Input Voltage,"₱2,616.60",N/A,https://www.lazada.com.ph/products/pdp-i15447106423.html
Japanese nidec external rotor brushless motor 15-24V built-in drive brushless motor supports PWM signal speed regulation.,₱898.38,N/A,https://www.lazada.com.ph/products/pdp-i5115110050.html
HONGYUE | Treadmill Controller Board,₱561.00,N/A,https://www.lazada.com.ph/products/pdp-i5375737924.html
Motor Speed Controller 10V‑50V 40A Motor Speed Controller Governor Reversing Direction Speed Controller,₱708.86,N/A,https://www.lazada.com.ph/products/pdp-i15489319041.html
YOFIDRA 12V Solar Panel with Battery Charger Usb 100W Polycrystalline Solar Panel System Full Set DC 12-18V Double Usb With 10-100A PWM Controller Solar Cells Monocrystalline for Car Yacht RV Boat Moblie Phone Battery Charger,₱968.74,N/A,https://www.lazada.com.ph/products/pdp-i3709139112.html
EMD600W 600W MPPT Solar Charge Controller 40A 10-30V Adjustable Intelligent Temperature OLED Display Photovoltaic,"₱3,684.50",N/A,https://www.lazada.com.ph/products/pdp-i15480448395.html
"【Ntcpefy】MPPT Solar Charger Controller with Voltage Stabilizer, Quick Charge QC2.0/3.0, Type-C& DC Output, Inverter for DIY Systems",₱224.00,N/A,https://www.lazada.com.ph/products/pdp-i15446578703.html
diymore DC 18-90V 800W Adjustable Step-Down Module MPPT Solar Charge Controller Universal for Lithium Battery Storage,"₱1,014.00",N/A,https://www.lazada.com.ph/products/pdp-i5267201054.html
ELEJOY 14.6V Lifepo4 MPPT Solar Charge Controller 99% MPPT Efficiency Solar Battery Charger,"₱1,573.00",N/A,https://www.lazada.com.ph/products/pdp-i3260740690.html
FANATICO DIESEL Fuel Sign Premium Vinyl Sticker Danger Caution Warning Tag Sign Label Waterproof Vinyl Car Sticker,₱39.00,N/A,https://www.lazada.com.ph/products/pdp-i5372804963.html
"【Latest model】MPPT Solar Charger Controller with Voltage Stabilizer, Quick Charge QC2.0/3.0, Type-C& DC Output, Inverter for DIY Systems",₱216.00,N/A,https://www.lazada.com.ph/products/pdp-i15446769521.html
"MPPT 4800W 100A/60A Fast Solar Charge Controller Compatible for 12V/24V/36V/48V Auto with Charging, LCD Display & USB Ports,Smart Regulator for Lead-Acid LiFePO4 Lithium Battery for Off-Grid RV Home System","₱1,542.00",N/A,https://www.lazada.com.ph/products/pdp-i15435829320.html
【liuxiaomei】10A 12V Lithium Battery LCD Digital MPPT Solar Charge Panel Controller Regulator Home Improvement Solar Replacement PartHope you have a pleasant shopping experience<br><br>,₱607.00,N/A,https://www.lazada.com.ph/products/pdp-i5357482325.html
【fdhjtyhtjj】For Walking Pad for Under Desk Treadmill 433MHz Remote Control for Walking Machine,₱120.00,N/A,https://www.lazada.com.ph/products/pdp-i15414350021.html
MPPT Solar Charge Controller 60A Output Voltage 10-60V Adjus,"₱5,700.00",N/A,https://www.lazada.com.ph/products/pdp-i15495985443.html
Car Windshield Sealant 50/100ml Automobile Sealing Adhesive & Car Sealant Glue,₱88.00,N/A,https://www.lazada.com.ph/products/pdp-i5007951179.html
【COD】 12V 24V Solar Charge Controller Auto Solar Regulator Solar Panel Controller for Home and Outdoor Energy Solution,₱400.00,N/A,https://www.lazada.com.ph/products/pdp-i15419590946.html
10-40A MPPT Solar Charge Controller 12V/24V Battery Voltage Max Solar Panel 100V EPEVER Regulator With LCD Data Remote Monitor,"₱3,735.59",N/A,https://www.lazada.com.ph/products/pdp-i15493389041.html
DIY quadcopter toy drone remote control small plane professional quadcopter spare parts motherboard,₱583.16,N/A,https://www.lazada.com.ph/products/pdp-i5302401815.html
Auto Solar Panel Chargers Regulator 100/80/150/200A MPPT Solar Charge Controller With LCD Display Efficient Charging,"₱2,402.00",N/A,https://www.lazada.com.ph/products/pdp-i5400285394.html
1PCS 3.7V 4.2V CN3791 MPPT Solar panel regulator controller module 6V 9V 12V lithium rechargeable battery,₱160.00,N/A,https://www.lazada.com.ph/products/pdp-i4100070190.html
SOLAR CHARGE CONTROLLER FOR SINGLE LITHIUM BATTERY,"₱1,685.00",N/A,https://www.lazada.com.ph/products/pdp-i2731394153.html
New MPPT 100A Solar Charge Controller 12V 24V 36V 48V Solar Panel Lead Acid/Lithium Battery Regulator Dual USB Quick Charger,"₱1,736.44",N/A,https://www.lazada.com.ph/products/pdp-i15502341795.html
Ueblock✈12V 24V Solar Charge Controller Auto Solar Regulator Solar Panel Controller for Home and Outdoor Energy Solution,₱454.00,N/A,https://www.lazada.com.ph/products/pdp-i5397095880.html
Ueblock✈Dual USB LCD Solar Charge Controller 12V 24V Solar Panel Charger Regulator,₱422.00,N/A,https://www.lazada.com.ph/products/pdp-i5397007768.html
METALIX Digital Display MPPT Solar Charge Controller Protects Battery 12V/24V Solar Control Panel High Efficiency 30A 40A 100A Power Controller Home Use,₱519.51,N/A,https://www.lazada.com.ph/products/pdp-i15464644886.html
PowMr 100A MPPT Solar Charge Controller Dual USB LCD Display Auto 12V 24V Solar Cell Panel Charger Regulator with Load,"₱1,052.00",N/A,https://www.lazada.com.ph/products/pdp-i4757912929.html
LUMINOU 12V/24V MPPT Solar Charge Controller Protects Battery 30A 40A 100A Solar Controller High Efficiency Digital Display Solar Control Panel Home Use,₱514.51,N/A,https://www.lazada.com.ph/products/pdp-i15461982423.html
MARBLEX 12V/24V MPPT Solar Charge Controller Protects Battery Digital Display Power Controller High Efficiency 30A 40A 100A Solar Controller Home Use,₱517.51,N/A,https://www.lazada.com.ph/products/pdp-i15464095206.html
-7210A MPPT Solar Charge Controller Green Solar Charge Controller Metal Solar Charge Controller 24V/36V/48V/60V/72V Solar Regulator Battery Charger Panel Boost Voltage ModuleNew Year Special,"₱2,953.40",N/A,https://www.lazada.com.ph/products/pdp-i5401413998.html
"【Hot Sale】12V 24V 30/40/50/60/100A MPPT Solar Charge Controller High Efficiency Solar Panels Battery Charge Controller with LCD Display,Overheating Protection,Overcurrent Protection","₱1,063.00",N/A,https://www.lazada.com.ph/products/pdp-i4041544822.html
【Latest model】Solar Controller Regulator Voltage Stabilizer Inverter QC 2.0 3.0 Quick Charge Type-C PD DC Output Solar Charger,₱504.00,N/A,https://www.lazada.com.ph/products/pdp-i15451533443.html
【TG16】Small SSRPCB Circuit Board Solid State Relay 60VDC 240VDC 480VDC PG5D6132 3~32V Wide Voltage DC Control Normall Open,₱247.30,N/A,https://www.lazada.com.ph/products/pdp-i15498543072.html
sengso | Speed Competitive Professional Magnetic A Clock Puzzle,₱382.00,N/A,https://www.lazada.com.ph/products/pdp-i15432828930.html
100A MPPT Solar Charge Controller Solar PV Battery Charger LCD Display Auto Solar Charge Controller Dual USB 12V 24V 36V 48V for Solar Panel,"₱1,279.00",N/A,https://www.lazada.com.ph/products/pdp-i15456357492.html
Coca | Automatic Timer Controller 220V,₱484.00,N/A,https://www.lazada.com.ph/products/pdp-i15418546198.html
HONGYUE | Bluetooth Universal Remote Control,₱323.00,N/A,https://www.lazada.com.ph/products/pdp-i5375815653.html
Anti-Slip Durable Chef Shoes,₱410.70,N/A,https://www.lazada.com.ph/products/pdp-i5244634960.html
【Weliba】 12V 24V 36V 48V Solar Charge Controller 150A MPPT with LCD Screen and USB Ports [New Products Hot Sale],"₱1,187.00",N/A,https://www.lazada.com.ph/products/pdp-i15460701777.html
200W/400W/600W MPPT Solar Charge Controller | Real-Time Tracking | Adjustable Output 10~85V | LED Display | Waterproof Dustproof MPPT step-down/up solar charge controller,"₱3,788.00",N/A,https://www.lazada.com.ph/products/pdp-i5273554973.html
[tfsdfvd]BLDC Controller 7V 12V DC Three-Phase Brushless Motor Drive Board Hard Disk Motor Governor Speed Switch,₱319.00,N/A,https://www.lazada.com.ph/products/pdp-i15430674135.html
【New Arrival】 100A MPPT Solar Charge Controller Solar PV Regulator Dual USB Solar PV Battery Charger 12V 24V 36V 48V for Solar Panel,"₱1,259.00",N/A,https://www.lazada.com.ph/products/pdp-i5400308917.html
MPPT Solar Charge Controller Dual USB Port Backlit LCD Display Solar Panel Regulator 12V 24V 36V 48V Adaptive,"₱1,362.55",N/A,https://www.lazada.com.ph/products/pdp-i15469014456.html
【FURONGHUA】 MPPT Solar Charge Controller 150 Amp 12V 24V 36V 48V LCD Battery Regulator,"₱2,995.00",N/A,https://www.lazada.com.ph/products/pdp-i15461574312.html
BOSCA PWM/MPPT DC12V to AC220V ALL in One Photovoltaic Inverter SUS Series 1000W 1500W 2000W Power Inverter,"₱2,439.00",N/A,https://www.lazada.com.ph/products/pdp-i15419619877.html
imported bougainvillea cuttings,₱35.00,N/A,https://www.lazada.com.ph/products/pdp-i5215911039.html
WARRIOR AVE BEST 8 In1 Flume Wrench Kitchen Sink Repair Wrench Bathroom Faucet Multifunctional Assembly Tool,₱111.00,N/A,https://www.lazada.com.ph/products/pdp-i3124825249.html
300W MPPT Solar Charger Controller For Ebike Solar Boost Charge Controller 24V/36V/48V/72V Solar Power Battery Charger Electric Bicycle Battery Charger Controller,"₱1,448.00",N/A,https://www.lazada.com.ph/products/pdp-i4550717927.html
POWLSOJX MPPT Charge Controller Peak Tracking 24-85V to 17-55V 200-800W AI Boost/Buck Peak Efficiency 99% Solar Regulator,"₱2,367.67",N/A,https://www.lazada.com.ph/products/pdp-i5296605937.html
"100A/80A/60A/50A/30A/20A/10A Solar Charge Controller, Upgraded Solar Panel USB Port Solar Panel Battery Intelligent Regulator, Multi-Function Adjustable LCD Display Street Light Controller",₱318.00,N/A,https://www.lazada.com.ph/products/pdp-i4133464640.html
Decdeal 100A/60A/50A/40A/30A MPPT Solar Charge Controller Dual USB LCD Display Auto Solar Cell Panel Charger Regulator,₱693.00,N/A,https://www.lazada.com.ph/products/pdp-i762242664.html
1Set/5set MC4 Connectors Waterproof Male female Plug cable Terminals for Solar Panels Dedicated Assembly,₱129.00,N/A,https://www.lazada.com.ph/products/pdp-i2519659438.html
DC 9V 12V 24V 36V To 5V 3A Double USB Charge DC-DC Step-down Converter Car Charging Solar 3A Voltage Regulated Power Module,₱149.18,N/A,https://www.lazada.com.ph/products/pdp-i15499540661.html
2PCS Knee Joint Booster Mountaineering Protection Sports Elderly Support Fitness Walking Climbing Floor Patellar Knee Protector 【Original+24hours delivery】,₱185.22,N/A,https://www.lazada.com.ph/products/pdp-i5211816299.html
Multifunctional 8 in 1 Faucet and Sink Installer Tool Wrench Spanner for Water Pipes Bathroom,₱33.00,N/A,https://www.lazada.com.ph/products/pdp-i3787808769.html
Mariyas UnderSink/Kitchen Curtain Plain Chic Non-Ring Kurtina sa Lababo,₱42.00,N/A,https://www.lazada.com.ph/products/pdp-i5283451637.html
70PCS Copper Battery Cable Connector Terminal Open Lugs Wire Terminals OT 10/20/30/40/50A,₱200.00,N/A,https://www.lazada.com.ph/products/pdp-i4243640474.html
BateriaPower20a12v/24V MPPT wireless solar charging controller outdoor portable,"₱2,400.00",N/A,https://www.lazada.com.ph/products/pdp-i5373815487.html
Gloves for Motorcycle Half/Full Finger Motorcycle Gloves Professional Strong Protect Summer Breathable Anti Slip Wear-resistant Gloves Motocross Protective Easy Grip Cycling Fitness Training Shock Absorption Outdoor Riding Fishing for Men and Women,₱161.28,N/A,https://www.lazada.com.ph/products/pdp-i15493747282.html
【HCS】100A MPPT Solar Charge Controller Solar PV Regulator LCD Display Intelligent Regulator 12V 24V 36V 48V for Solar Panel,"₱1,259.00",N/A,https://www.lazada.com.ph/products/pdp-i15391140515.html
BOSCA Solar Charge Controller 12v 24v AUTO Multi-function Solar Regulator Solar Panel Regulator For Lead Acid Battery 40A 50A 60A,₱850.00,N/A,https://www.lazada.com.ph/products/pdp-i3195190976.html
Risym | Electromagnetic Cooker Rectifier Bridge 25A,₱40.64,N/A,https://www.lazada.com.ph/products/pdp-i5405247143.html
5V 1.5A Charging Adapter,₱280.60,N/A,https://www.lazada.com.ph/products/pdp-i15418508433.html
Men Women Photochromic Motorcycle Glasses Outdoor Sports Big Frame Windproof Cycling Running Hiking Goggles,₱121.56,N/A,https://www.lazada.com.ph/products/pdp-i5065019058.html
diymore DC stepper motor pulse signal generator module 12 v 24 v for speed controller 8 24 24 v of stepper motor driver controller,₱150.00,N/A,https://www.lazada.com.ph/products/pdp-i1036898982.html
【Weliba】 12V DC Motor Speed Controller 5A with High Power Output and Adjustable Settings [New Products Hot Sale],₱83.00,N/A,https://www.lazada.com.ph/products/pdp-i5337031297.html
SNAP HOOK CARABINER HEAVY DUTY METAL LOCK SOLD PER PIECE,₱26.00,N/A,https://www.lazada.com.ph/products/pdp-i4394358583.html
Electric bicycle Controller 36V 48V 72V 84V 1000W 1500W 2000W 2500W 3000W 5000W 60-80A Triciclo FOC Controller for e- scooter,"₱1,842.22",N/A,https://www.lazada.com.ph/products/pdp-i15495608149.html
Foot Pedal Switch Lamp Accessory,₱235.17,N/A,https://www.lazada.com.ph/products/pdp-i15422367695.html
Toyota vios gen 3 led light 2pcs Reading light / License plate light (white),₱99.00,N/A,https://www.lazada.com.ph/products/pdp-i4359325076.html
1080° Rotatable Car Sun Visor Phone Holder for 4-7 Inch Cell Phone Car Mount Bracket,₱115.00,N/A,https://www.lazada.com.ph/products/pdp-i4259808446.html
5PCS KSD301 250V 10A Normally closed Thermostat Temperature Thermal Control Switch DegC 40-135 Celsius Degree,₱119.00,N/A,https://www.lazada.com.ph/products/pdp-i4376753919.html
【eryu01】Remote Control for Lichico Walking Pad for Home Fitness Treadmill& Walking Machine,₱317.00,N/A,https://www.lazada.com.ph/products/pdp-i5329446382.html
NAIFUNA | Automatic Universal Solar Controller for Home and Street Lights,₱672.96,N/A,https://www.lazada.com.ph/products/pdp-i5371665793.html
Box Insulated Male Female Wire Connector 2.8/4/4.8/6.3mm Electrical Crimp Terminals Termin Spade Connectors Assorted Kit,₱69.00,N/A,https://www.lazada.com.ph/products/pdp-i4100906932.html
MPPT Waterproof Solar Controller 10A,"₱1,306.00",N/A,https://www.lazada.com.ph/products/pdp-i15470796795.html
TUNG 12 inches Cordless Electric Chainsaw 888VF Mini Chainsaw Pure copper motor Cordless Chainsaw Durable&Powerful cutting Easily cut wood Handheld Chainsaw Portable chainsaw,"₱1,179.00",N/A,https://www.lazada.com.ph/products/pdp-i5101196007.html
Universal Personality Reflective Waterproof Car Sticker Creative Laser Motorcycle Sticker Best To Cover Scratches,₱45.00,N/A,https://www.lazada.com.ph/products/pdp-i5104811484.html
diymore 48V60V64V72V 1000W-1500W DC Motor Speed Control Intelligent Dual-Mode Drive Electric Vehicle Brushless Controller,₱757.00,N/A,https://www.lazada.com.ph/products/pdp-i4832357282.html
Phone Arm Bag with Headphone Jack Waterproof Breathable Sports Running Bag Gym Mobile Phone Holder,₱115.00,N/A,https://www.lazada.com.ph/products/pdp-i4238639099.html
Wire Rope Crimping Pliers 8-shaped Sleeve Clamp,₱750.00,N/A,https://www.lazada.com.ph/products/pdp-i5375634237.html
"4"" Electric Circular Saw 110mm 3280W Wood Metal Stone Marble Tile Cutting Heavy Duty Machine",₱339.00,N/A,https://www.lazada.com.ph/products/pdp-i5278778545.html
4-Way Service Key Utility Cross Key Wrench Electrical Control Cabinet Chrome Vanadium Material,₱145.00,N/A,https://www.lazada.com.ph/products/pdp-i3394219821.html
Cooling Radiator Magnetic Pad 2nd Generation,₱401.70,N/A,https://www.lazada.com.ph/products/pdp-i15436056629.html
CINLINELE | Ratchet Hexagonal Wire Terminal Pliers for VE TE Tubular Pin Type,"₱1,154.00",N/A,https://www.lazada.com.ph/products/pdp-i15419085251.html
Silicone Case for drag max Texture Protective Cover Soft Rubber Sleeve Skin,₱89.00,N/A,https://www.lazada.com.ph/products/pdp-i3288728771.html
MPPT 30A/50A/100A 12V/24V Auto Focus Tracking Solar Panel Charge Controller Regulator with Dual,₱599.00,N/A,https://www.lazada.com.ph/products/pdp-i4841729811.html
【Low Price】1000ml Large Capacity Thermal Cup Tumbler 30oz Stainless Steel Drinking Water Bottle large capacity water bottle Hot and Cold with Gradient Macaron Colors for Outdoor Sports,₱121.60,N/A,https://www.lazada.com.ph/products/pdp-i5147203203.html
"Solar Panel Battery Regulator Charge Controller 20A 12V/24V Auto Switch MPPT A391 ""ON SALE!!!"" Limited Time Only..",₱450.00,N/A,https://www.lazada.com.ph/products/pdp-i5983833.html
Curtain 3 For 100 Makapal Lababo Kitchen Curtain Kurtina Sale Free Shipping Curtain For Lababo Kitchen Sink Curtain Kurtina Sa Bintana Kurtina Pang Lababo,₱52.00,N/A,https://www.lazada.com.ph/products/pdp-i4851088901.html
NOONOR Digital Display MPPT Solar Controller 60A 80A 100A 12V/48V Battery Charger Protects Battery Solar Control Panel Home Use,₱851.06,N/A,https://www.lazada.com.ph/products/pdp-i5362026863.html
【Dream Pet Family】 5pcs/1pc Mini560 5A DC-DC Mini 560 PRO Step-Down Buck Stabilized Voltage Power Supply Module 6-30V To 3.3V 5V 9V 12V,₱200.30,N/A,https://www.lazada.com.ph/products/pdp-i5049963629.html
ZHOUYANG | MPPT Solar Controller For Lead-Acid Lithium Battery,"₱1,691.00",N/A,https://www.lazada.com.ph/products/pdp-i15387854134.html
CANICE Digital Display MPPT Solar Controller 60A 80A 100A 12V/48V Solar Control Panel Useful Protects Battery Battery Charger Home Use,₱850.19,N/A,https://www.lazada.com.ph/products/pdp-i5295715298.html
Adult Training Stability Wheel 24 inch,₱363.73,N/A,https://www.lazada.com.ph/products/pdp-i15429199978.html
CISWGE 3V 5V 6V 9V 12V 1A 2A 24V 2A Switching Power Supply Module Overvoltage Overcurrent Short Circuit Protection Switch,₱44.40,N/A,https://www.lazada.com.ph/products/pdp-i5144840243.html
BOSCA MPPT 12V/24 AUTO Solar Charge Controller For Solar PV Power System 20A/30A/40A/60A MPJ Series,"₱1,850.00",N/A,https://www.lazada.com.ph/products/pdp-i3470647489.html
SAVVYSHELF Digital Display MPPT Solar Controller Protects Battery 12V/48V Battery Charger 60A 80A 100A Solar Control Panel Home Use,₱874.89,N/A,https://www.lazada.com.ph/products/pdp-i15435083621.html
COOLSOO Protects Battery MPPT Solar Controller 60A 80A 100A Digital Display Battery Charger Useful 12V/48V Solar Control Panel Home Use,₱849.34,N/A,https://www.lazada.com.ph/products/pdp-i5295681369.html
Newly 300W 400W 600W MPPT Boost Solar Charge Controller For 24V 36V 48V 60V 72V Battery System Solar Panel 12-50V input voltage,"₱1,892.73",N/A,https://www.lazada.com.ph/products/pdp-i15422853801.html
"300W MPPT Solar Charger Controller For Ebike Solar Boost Charge Controller, Electric Bicycle Battery Charger Controller 24V/36V/48V/72V","₱1,398.00",N/A,https://www.lazada.com.ph/products/pdp-i4577939331.html
"【liuxiaomei】MPPT Solar Panel Charge Controller 12V 10A with Type-C and USB Output, Designed for , LiFePO? Battery CompatibilityHope you have a pleasant shopping experience<br><br>","₱1,555.00",N/A,https://www.lazada.com.ph/products/pdp-i15391597996.html
PowMr 20A Solar Charger Controller 12V 24V Battery Charger LCD Dual USB Solar Panel Regulator for Max 50V PV Input RBL,₱135.00,N/A,https://www.lazada.com.ph/products/pdp-i4158753407.html
【Latest model】MPPT 600W Solar Boost Charge Controller for 24V 36V 48V 60V 72V Battery Charger Charge Digital Controller,"₱2,477.60",N/A,https://www.lazada.com.ph/products/pdp-i15447081723.html
5A MPPT Solar Panel Controller DC-DC 6-36V Step down Buck CC/CV Charging Module Dual LED Display LED Regulator Controller,₱636.00,N/A,https://www.lazada.com.ph/products/pdp-i4380671805.html
FUXING Reliable and Safe MPPT Stepdown Solar Controller for Solar Applications,"₱2,140.00",N/A,https://www.lazada.com.ph/products/pdp-i4583418645.html
【COD/free shipping】Folding bed sale single heavy duty Folding bed portable bed with foam simple military folding bed lunch break bed office adult nap bed for home and camping （Bearing weight: 300),₱355.00,N/A,https://www.lazada.com.ph/products/pdp-i3209347191.html
300W MPPT 24V/36V/48V/60V/72V Solar Boost Charge Controller Electric Car Electric Vehicle Charging Voltage Regulator 97% Efficiency,"₱2,239.30",N/A,https://www.lazada.com.ph/products/pdp-i4265035833.html
FANATICO Do Not Touch JDM Premium Vinyl Sticker Sign Warning Caution Danger Signage Safety Label Vinyl Sticker No Touching Waterproof Sticker,₱35.00,N/A,https://www.lazada.com.ph/products/pdp-i5297646197.html
Bosca Solar Charge Controller 40A | Solar Charge Controller for Solar Setup,"₱1,100.00",N/A,https://www.lazada.com.ph/products/pdp-i3200591745.html
BOSCA Solar Charge Controller 12v 24v AUTO Multi-function Solar Regulator Solar Panel Regulator For Lead Acid Battery 40A 50A 60A,₱799.00,N/A,https://www.lazada.com.ph/products/pdp-i4076329848.html
👉Hot Sale NcVHrt Automatic Solar Panel Battery Charger Board Night Light LED Control Switch Garden Street Light 3-24V 4-10A Controller Module,₱44.95,N/A,https://www.lazada.com.ph/products/pdp-i5330845842.html
100A MPPT Solar Charger Controller 12V 24V 36V48V AUTO Battery Charger Regulator With LCD Display For Lead-acid/Lithium Battery,"₱1,202.00",N/A,https://www.lazada.com.ph/products/pdp-i5253817122.html
【Latest model】MPPT 600W Solar Boost Charge Controller for 24V 36V 48V 60V 72V Battery Charger Charge Digital Controller,"₱2,444.60",N/A,https://www.lazada.com.ph/products/pdp-i15447180481.html
Solar Charge Controller MPPT Solar Panel Solar Charge Regulator 12V 24V Battery PV Input 100VOC,"₱3,304.50",N/A,https://www.lazada.com.ph/products/pdp-i15447522855.html
12V/24V 10A Solar Charger Controller with Battery Display and Time,₱539.00,N/A,https://www.lazada.com.ph/products/pdp-i1258654528.html
JCSYFAC CN3722 3S 3A 12V MPPT Solar Panel Controller Module 3 Serial Li-ion Battery Charger For 9V 12V 18V 24V Solar Panels,₱209.90,N/A,https://www.lazada.com.ph/products/pdp-i5361846411.html
"【TTONG Mall】MPPT Solar Charge Controller 12V 10A, USB Output Type-C Solar Panel Charger for , LiFePO? Battery","₱1,555.00",N/A,https://www.lazada.com.ph/products/pdp-i5408457843.html
Bosca BS ST-G1230 Solar Charger Controller,₱790.00,N/A,https://www.lazada.com.ph/products/pdp-i2636274450.html
"MPPT Solar Charge Controller 12V 24V 36V 48V Battery System Auto,PV Solar Panel Regulator","₱1,709.30",N/A,https://www.lazada.com.ph/products/pdp-i15421834553.html
High-Efficiency 100W Mono-Crystalline Foldable Portable Aluminum Frame Tempered Glass-Coated 100W (2 Panels x 50W) Solar Panel 18V + 10A PWM 12V Controller Solar Battery Cell Module System Charger Heavy Duty Premium Solar Panel Long Product Life,"₱6,950.00",N/A,https://www.lazada.com.ph/products/pdp-i1631488174.html
High-grade DC brushless motor with encoder 12V 10W PWM speed regulation and large torque balance robot motor.,₱731.31,N/A,https://www.lazada.com.ph/products/pdp-i4947849438.html
52V 25A 1200W JP Brushless DC Motor Electric Scooter Bike Controller A+B Dual Drive Motor Controller,"₱2,524.80",N/A,https://www.lazada.com.ph/products/pdp-i5227475772.html
[Chinatera Brand Store] 100A MPPT Solar Charge Controller Solar PV Battery Charger 12V 24V 36V 48V Auto Solar Charge Controller for Solar Panel,"₱1,259.00",N/A,https://www.lazada.com.ph/products/pdp-i15408166056.html
MPPT Solar Charge Controller 12V 24V 36V 48V LCD Display Solar Panel Battery Intelligent Solar Regulator,"₱2,076.20",N/A,https://www.lazada.com.ph/products/pdp-i15419103615.html
DC 6V-90V 15A DC Motor Speed Controller DC 6V 12V 24V 36V 48V 72V 90V High Power PWM Stepless Speed Control Board,₱387.56,N/A,https://www.lazada.com.ph/products/pdp-i15450834537.html
Stepless DC Motor Speed Controller DC 9V-60V 12V 24V 60V 20A PWM DC Motor Driver Speed Controller PWM Speed Regulator,₱342.34,N/A,https://www.lazada.com.ph/products/pdp-i15466305560.html
"DC12V PWM 4-Pin Fan Speed Controller with Type-C USB Power, DIY Pulse Width Modulator for Water-Cooling Systems",₱402.47,N/A,https://www.lazada.com.ph/products/pdp-i15433659544.html
LMsznuhai Cover For Aegis Legend V2 Protective Case Rubber Soft Cover Skin Shield Sleeve Wrap,₱120.00,N/A,https://www.lazada.com.ph/products/pdp-i5176909715.html
[HM]PWM DC Motor Speed Controller 6V 12V 24V 28V 3A Speed Regulator Switch,₱197.10,N/A,https://www.lazada.com.ph/products/pdp-i15460537534.html
DC PWM Motor Driver Module DC 10-55V Regulating Current DC Speed Controller 12V 24V 48V Forward/Reverse Electronic Components,"₱1,030.27",N/A,https://www.lazada.com.ph/products/pdp-i15463550313.html
【24h Ship】Electric Tricycle Child Seat Belt Rear Seat Strap Child Safety Belt Baby Rear Fixed Safety Belt,₱188.00,N/A,https://www.lazada.com.ph/products/pdp-i15493112026.html
⭐️6.6 Mega Sales⭐️B0SCH Portable Solar Panel Foldable Solar Charger Panel for Power Station / Generator / Outdoor Camping Solar Charging,₱998.91,N/A,https://www.lazada.com.ph/products/pdp-i15432679418.html
BOSCA Solar Charge Controller MPPT 12v 24v 40A,"₱4,000.00",N/A,https://www.lazada.com.ph/products/pdp-i4663673637.html
DC 5V 12V 28BYJ-48 Stepper Motor Lead 25cm Reduction Step Gear Stepper Motor 4 Phase 28byj 28byj48 for Arduino Diy Kit,₱69.00,N/A,https://www.lazada.com.ph/products/pdp-i3883547254.html
PowMr 15A MPPT Solar Charger Controller Supports 12~24V Battery Charging Connect Solar Panels For Quick Use Lcd Display Battery Protection,"₱1,088.00",N/A,https://www.lazada.com.ph/products/pdp-i4517923509.html
6pcs Curtains for Windows Kurtina Sale Free Shipping Curtains Makapal At Mahaba Curtains Sale Window 3in1 Set 100x210 Cm,₱46.00,N/A,https://www.lazada.com.ph/products/pdp-i5192119412.html
"CERTIFIED GOOD RIDER 3,5 INCH GLOSSY STICKER BY MMA ENTERPRISE",₱25.00,N/A,https://www.lazada.com.ph/products/pdp-i3873314934.html
[5 Year warranty]500watts solar panel heavy duty Monocrystalline Silicon Power Generation Panel waterproof lightning high conversion rate 0 electricity bill solar charging panel,₱748.00,N/A,https://www.lazada.com.ph/products/pdp-i4523044470.html
"Y&H 30A MPPT Solar Charge Controller 12V/24V Auto with LCD Display Bluetooth Connection, Dual USB for GEL,FLD,Lithium Battery",₱854.69,N/A,https://www.lazada.com.ph/products/pdp-i5113465510.html
Flowatt 10A 20A 30A Solar Charger Controlle Dual USB 5V Output 12V 24V Auto Solar Cell Panel Regulator PV Home Battery Charger LCD Solar Panel Charger,₱280.00,N/A,https://www.lazada.com.ph/products/pdp-i4597130762.html
5A MPPT Solar Panel Regulator Controller Solar Charging Control Panel Battery Charging 9V 12V 24V Auto Switch,₱356.32,N/A,https://www.lazada.com.ph/products/pdp-i5326048767.html
LM317 Adjustable Power Supply DIY Electronic Kit Regulated Voltage PCB Board 110V 220V 12V Stabilize,₱319.00,N/A,https://www.lazada.com.ph/products/pdp-i5135524847.html
PHYTR HOT 36V/48V 350W Brushless Motor Controller DC Motor Regulator Speed Controller,₱382.55,N/A,https://www.lazada.com.ph/products/pdp-i4500836482.html
1000PCS Double Petals Mixed Portulaca Seeds Moss Rose Flower Seeds for Gardening Bonsai Seeds for Planting Flowers Rare Portulaca Grandiflora Flowering Plants Seeds Home Potted Bonsai Portulaca Live Plants Garden Flower Plant Seeds Indoor Plants,₱82.00,N/A,https://www.lazada.com.ph/products/pdp-i5182838908.html
3/6Pcs Mini L298N DC Motor Driver Module Reversing PWM Speed Dual H-Bridge Replace Stepper Motor,₱142.87,N/A,https://www.lazada.com.ph/products/pdp-i15474177774.html
LairtPow LT-1200W MPPT Solar Controller 12V 24V 36V 48V Auto 100V Max Input All Batteries are Compatible and Universal,"₱1,190.00",N/A,https://www.lazada.com.ph/products/pdp-i5227689130.html
【Seasonal Sale】 Mppt 60a Solar Charge Controller Esmart4 12/24/36/48v Panel Voltage Regulator Multiple Charging App Wifi,"₱1,240.47",N/A,https://www.lazada.com.ph/products/pdp-i4313572409.html
Anti-slip Soft-soled Children's Sports Shoes,₱711.16,N/A,https://www.lazada.com.ph/products/pdp-i15396678506.html
XL4015 Buck / Step Down DC DC Converter 5A 4-38V to 1.25-36V | Aidans Lab,₱129.00,N/A,https://www.lazada.com.ph/products/pdp-i3997313029.html
SDLA12TA MPPT Solar Controller Charging Module for 12V 1-1000AH Lead-Acid Battery Solar Panel Regulator Charger Board,₱299.92,N/A,https://www.lazada.com.ph/products/pdp-i15442077140.html
48V 60V 72V boost charging MPPT solar controller electric tricycle photovoltaic charger,"₱2,750.00",N/A,https://www.lazada.com.ph/products/pdp-i5194167182.html
7V-12V Brushless DC Motor Driver Controller Board Reverse Voltage Over Current Protection for Hard Drive Motor Speed Control,₱253.06,N/A,https://www.lazada.com.ph/products/pdp-i15441705536.html
433Mhz DC 12V Motor Drive Forwards and Reverse Controller Module Switch RF Wireless Controllers Remote,₱141.54,N/A,https://www.lazada.com.ph/products/pdp-i5286110148.html
EPEVER 10A 20A 30A 12V 24V Solar charger Landstar LS3024B LS2024B LS1024B Programmable Solar Charge controller Regulators,"₱1,996.81",N/A,https://www.lazada.com.ph/products/pdp-i5239522967.html
2 Sets Motor Drive Module Dual Driver Controller Board H Bridge for DC Step TB6612FNG Motor Drive Module Motor Driver Controller,₱140.36,N/A,https://www.lazada.com.ph/products/pdp-i15424095409.html
600W MPPT Solar Charger Controller For Ebike Solar Boost Charge Controller 24V/36V/48V/72V Solar Power Battery Charger Electric Bicycle Charger Battery Controller,"₱2,684.00",N/A,https://www.lazada.com.ph/products/pdp-i4935355600.html
MceHKF DC 8-28V 5A 100W MPPT Solar Panel Solar Charge Controller Automatic Switch Solar Charging Panel 9V,₱258.08,N/A,https://www.lazada.com.ph/products/pdp-i15445906389.html
MPPT Solar Charge Controller 30A/60A/120A 12V/24V/48V Battery Regulator Solar Panel Controller LCD Display,"₱5,106.90",N/A,https://www.lazada.com.ph/products/pdp-i5181391342.html
PRIMEPICKGLOBAL Digital Display MPPT Solar Controller Protects Battery 12V/48V Battery Charger Useful 60A 80A 100A Solar Control Panel Home Use,₱859.58,N/A,https://www.lazada.com.ph/products/pdp-i15420053406.html
"MPPT Solar Ccontroller 60A/80A/100A12V 24V 36V 48V AUTO Battery Charger with LCD,Automatic VID",₱669.00,N/A,https://www.lazada.com.ph/products/pdp-i5105460121.html
Mini 1803bk Dc Motor Speed Regulator Controller Module 1.8v-15v Adjustable Governor Switch for Led Light Brightness Controlli,₱132.96,N/A,https://www.lazada.com.ph/products/pdp-i15461010711.html
（Summer6）High Quality Dc Brushless Motor Control Board 6V12V24 Volt CD Drive Fan Motor Governor DIY Accessories,₱362.68,N/A,https://www.lazada.com.ph/products/pdp-i15409469668.html
5000W Motor Speed Controller Adjustable Power Temperature Controller Light Dimmer High Power Electronic Voltage Regulator,₱374.04,N/A,https://www.lazada.com.ph/products/pdp-i15474283442.html
30/40/50/60/100A MPPT Solar Charge Controller Dual USB LCD Display 12V 24V Auto Solar Cell Panel Charger Regulator With Load,₱831.16,N/A,https://www.lazada.com.ph/products/pdp-i15433501968.html
【BUY 1 TAKE 1】10000W Solar Lights With Solar Panel Outdoor Lighting Waterproof IP67 Original 606LED 680000mAh Solar Flood Light Camping lamp Firefly Lights With Remote,₱773.22,N/A,https://www.lazada.com.ph/products/pdp-i5196937364.html
SD&HI LM317 DC-DC Converter Buck Step Down Circuit Board Module Linear Regulator LM317 Adjustable Voltage Regulator Power Supply,₱38.89,N/A,https://www.lazada.com.ph/products/pdp-i5227734252.html
Self-adhesive Door Bottom Sealing Tape Insect-proof Windproof Soundproof Door Window Sealing Strip Guard Door Sealing Strip Rubber,₱39.00,N/A,https://www.lazada.com.ph/products/pdp-i3859095818.html
Open Closed Signage,₱39.00,N/A,https://www.lazada.com.ph/products/pdp-i3669002114.html
20/50cm grooved metal DIN fixed rail general circuit breaker rail relay rail DIN mounting rail,₱36.00,N/A,https://www.lazada.com.ph/products/pdp-i3686079458.html
300W-500W Solar Inverter 12V DC TO 220VAC Household Inverter Power Supply With Charger Vehicle Inverter Solar Power Inverter,₱499.00,N/A,https://www.lazada.com.ph/products/pdp-i3331630164.html
"NEXA 4"", 6"", 8"", 10"", 12"", 18"", 24"" Quick Ratchet Bar Clamp (CLASSIC) woodwork quick release ratchet bar F clamp for woodworking",₱41.00,N/A,https://www.lazada.com.ph/products/pdp-i3999778478.html
[BUY 1 TAKE 1] Solar Flood Light Portable Lamp Emergency Outdoor Waterproof LED with Power Bank,₱210.00,N/A,https://www.lazada.com.ph/products/pdp-i5391874535.html
Ice silk Hammock 200KG Camping Hiking Duyan Outdoor Foldable Hammock Travel Hammock with Storage Bag,₱198.80,N/A,https://www.lazada.com.ph/products/pdp-i4509883216.html
Rooster Fighting Sparring Gloves Rubberized,₱35.00,N/A,https://www.lazada.com.ph/products/pdp-i4284219122.html
YINGRAN Mini RS-390 Motor LS-390SH-6021 High Speed Power 46000RPM Double Ball Bearing DC Electric Micro Motor,₱133.39,N/A,https://www.lazada.com.ph/products/pdp-i5113470693.html
1PCS LM2596S DC-DC Adjustable Step-Down Regulated Power Supply Module DC-DC Power Board LM2596 3A 5A 75W 24V To 12/5V,₱89.00,N/A,https://www.lazada.com.ph/products/pdp-i5143485026.html
INXX Black/Brown Sunshade net shade sunshade outdoor waterproof sun shade net garden net 97% Sunblock Shade Cloth Net,₱89.10,N/A,https://www.lazada.com.ph/products/pdp-i4371105996.html
PowMr MPPT Solar Charge Controller 30A 40A 50A 60A 100A Dual USB LCD Display 12V 24V Auto Solar Cell Panel Charger Regulator With Load BL series,₱539.00,N/A,https://www.lazada.com.ph/products/pdp-i4509928607.html
Original Professional Mini Grinding Set 12V DC Drill Grinder Tool Set for Milling Cutting Polishing Engraving Kit,₱109.00,N/A,https://www.lazada.com.ph/products/pdp-i4267277038.html
280Pcs Boxed Assorted Insulation HeatShrink Tube + Terminal Wire Connector Spade Set,₱99.00,N/A,https://www.lazada.com.ph/products/pdp-i4373602252.html
MPPT 30A 60A 120A Solar Charge Controller 12V 24V 36V 48V Automatic voltage recognition Solar Panel Lead Acid/Lithium Battery Regulator,"₱6,016.90",N/A,https://www.lazada.com.ph/products/pdp-i15437132548.html
QIUWU High Speed 12000RPM DC 6V-12V Brushless Motor With Drive Board,₱72.08,N/A,https://www.lazada.com.ph/products/pdp-i5180783357.html
"Caution New Driver, Lady Driver, Student Driver Please be patient Waterproof Vinyl Sticker",₱39.00,N/A,https://www.lazada.com.ph/products/pdp-i3922560182.html
DreamHug Ice Silk Seat Cushion Memory Foam Seat Breathable Office Chair Protection Spine Breathable Seat Cushion Car Cushion Anti-slip particles Removable and washable,₱196.91,N/A,https://www.lazada.com.ph/products/pdp-i5176305327.html
WHOLE SALE AND RETAIL STICKER - REDHORSE SUSUKA (3X3INCHES),₱36.00,N/A,https://www.lazada.com.ph/products/pdp-i2303409419.html
2/5PCS 5V 1A Micro/Type-c/Mini 18650 TP4056 Lithium Battery Charger Module Charging Board With Protection Dual Functions Li-ion,₱77.83,N/A,https://www.lazada.com.ph/products/pdp-i4323671084.html
BUY 1 TAKE 1 Solar light Tube 80000W solar light Indoor Light solar light Outdoor Waterproof LED lamp household induction advertising light Solar light with remote,₱359.00,N/A,https://www.lazada.com.ph/products/pdp-i5353815582.html
"1 Piece ""God Bless This Home"" Wooden Welcome Sign Wreath - 7.87inch Round, No Batteries Needed, Suitable for All Seasons, Perfect for Front Door, Porch, and Entryway Decoration, Front Door Wreath",₱116.29,N/A,https://www.lazada.com.ph/products/pdp-i5092175612.html
"【Upgrade】LAIRTPOW 100A 80A 60A MPPT Solar Controller With Backlit LCD, 12V/24V/36V/48V AUTO, Wide Battery Compatibility, 1200W Max，Battery Voltage/Capacity Display, Black","₱1,050.00",N/A,https://www.lazada.com.ph/products/pdp-i5392710435.html
JOYUHON 6000W Solar System Inverter Built-in Solar Controller 18W Solar Panel with 4 USB Charger and 2 Universal Socket,"₱4,188.00",N/A,https://www.lazada.com.ph/products/pdp-i2939505517.html
PH | Shoe Size Reduction Heel Pad,₱238.23,N/A,https://www.lazada.com.ph/products/pdp-i5335105923.html
SOLO LEVELING SUNG JIN WOO SHADOW MONARCH EDITION SCRATCH PREMIUM WATERPROOF VINYL STICKER,₱49.00,N/A,https://www.lazada.com.ph/products/pdp-i4204273081.html
【100% Original】Makita Cordless Electric Impact Wrench 800M.N Heavy Duty Brushless Pure Copper Motor Screwdriver Ratchet Wrench 2 Lithium Battery and Accessories Power Tool Set,"₱1,279.00",N/A,https://www.lazada.com.ph/products/pdp-i5240041398.html
LED Wall Light Aluminum Modern Style Indoor outdoor Wall Lamp IP65 Waterproof Up Down Corridor Lights for Home Stairs Bedroom Bedside Bathroom Lighting,₱195.00,N/A,https://www.lazada.com.ph/products/pdp-i3191986902.html
Mini 3-phase Brushless Duct Fan DC 140V-170V 110000RPM Ultra High-speed Motor Aluminum Alloy Impeller DC Variable Frequency Motors,₱487.00,N/A,https://www.lazada.com.ph/products/pdp-i4564193147.html
Jumping Second Quartz Clock Movement,₱202.98,N/A,https://www.lazada.com.ph/products/pdp-i15422221782.html
Moketa Cordless Chainsaw 16 Inch Rechargeable 6000W Pure copper Brushless Motor Electric Chainsaw,"₱1,649.00",N/A,https://www.lazada.com.ph/products/pdp-i15408471139.html
RUNEASY | Sneakers Compatible Insoles James 18 19 Jordan AJ11 12 13 Air Max,₱150.22,N/A,https://www.lazada.com.ph/products/pdp-i15443736399.html
Carinyo Laminated - Paluto/Patimpla Signage | Timpla Signage | Paluto Pancit Signage Print,₱55.00,N/A,https://www.lazada.com.ph/products/pdp-i5259430012.html
2PCS All-Weather Basketball Nets Standard Nylon Basketball Net Rainproof Sunscreen for Indoor and Outdoor Professional Competitions Replacement (Red/White/Blue),₱75.00,N/A,https://www.lazada.com.ph/products/pdp-i2646779383.html
JINHAOYU | Custom Decorative Sticker for Mitsubishi Models,₱131.00,N/A,https://www.lazada.com.ph/products/pdp-i5374936131.html
TOOPRE | Puncture Proof Explosion Proof Bicycle Liner,₱88.20,N/A,https://www.lazada.com.ph/products/pdp-i5404273451.html
Mileqi | Anti-Slip and Anti-Move Furniture Pads,₱370.92,N/A,https://www.lazada.com.ph/products/pdp-i15404490207.html
Shock Absorber For Automatic Washing Machine,₱318.00,N/A,https://www.lazada.com.ph/products/pdp-i15439637874.html
Charging Precision Electronic Scale,₱287.37,N/A,https://www.lazada.com.ph/products/pdp-i5403739768.html
2PCS XL4015 5A DC-DC Converter 4-38V to 1.25-36V Adjustable Step-Down Module with Heat Sink Step-Down Module XL4015 4~38v 96%,₱175.04,N/A,https://www.lazada.com.ph/products/pdp-i4718382862.html
SHNGki Micro N20 Gear Motor Slow Speed Metal Gearbox Reducer Electric Motor DIY Toy,₱62.43,N/A,https://www.lazada.com.ph/products/pdp-i4580986616.html
"Plantar fascia ball massage ball, muscle relaxation massager, foot massage roller, meridian unblocking magic tool",₱125.00,N/A,https://www.lazada.com.ph/products/pdp-i5198388482.html
Perfk Solar Voltage Stabilizer with 2 USB Port Fast Charging Adapter Solar Voltages Regulator Voltage Controller Solar Panel Regulator,₱382.93,N/A,https://www.lazada.com.ph/products/pdp-i5201085318.html
Aideepen ZK-4KX CNC DC-DC Buck Boost Converter Module CC CV 0.5-30V 4A Adjustable Step Down Up Voltage Regulator,₱640.00,N/A,https://www.lazada.com.ph/products/pdp-i1859813150.html
2P AC DC MCB Solar Mini Circuit Breaker Battery Switch 6A 10A 16A 20A 25A 32A 40A 50A 63A,₱117.00,N/A,https://www.lazada.com.ph/products/pdp-i5132766535.html
PowMr MPPT Solar Charge Controller 30A 40A 50A 60A 100A Dual USB LCD Display Auto 12V 24V Solar Cell Panel Charger Regulator with Load BL series,"₱1,052.00",N/A,https://www.lazada.com.ph/products/pdp-i2346870020.html
"EVA magnetic suction door curtain, air conditioning door curtain, kitchen shielding door stoppe",₱265.00,N/A,https://www.lazada.com.ph/products/pdp-i4705951491.html
AC/DC to DC Buck Step Down Converter Module LM2596HV 3v 3.3V 5V 6V 9V 12V 15V 24V DC 5V-50V Adjustable Step-Down 3A Power Supply,₱91.41,N/A,https://www.lazada.com.ph/products/pdp-i2605729538.html
E-WOITD 3A Adjustable Step-Down Module DC-DC Buck Converter Adjustable Power Supply Module Power Supply Buck Converter Module 24V to 12V 5V 3V,₱59.19,N/A,https://www.lazada.com.ph/products/pdp-i5117882540.html
JSL II Brand 12V 7AH/12AH/20AH For Solar SET UP Rechargeable Sealed Lead-Acid Battery COD,₱565.00,N/A,https://www.lazada.com.ph/products/pdp-i4440423834.html
【PER 100PCS】Blind Rivet Aluminum Round Head Silver Blind Rivets Wholesale Low Price Blind Rivets,₱48.00,N/A,https://www.lazada.com.ph/products/pdp-i4292457150.html
ELEJOY 400W Maximum Power Point Tracking Step-down Real-time Tracking Solar Battery Recharging Controller LED Display 10~30V Output Voltage Adjustable Dustproof Waterproof,"₱2,658.00",N/A,https://www.lazada.com.ph/products/pdp-i4817881561.html
JCSYFAC 12V To 220V DC-AC Boost Inverter Dual Channel Inverse Converter Booster Module Regulator Step UP Power Module,₱103.44,N/A,https://www.lazada.com.ph/products/pdp-i5333512255.html
QIUWU 24BYJ48 DC 12V CNC Motor Reducing Stepping Stepper Brushless Motor Driven,₱92.08,N/A,https://www.lazada.com.ph/products/pdp-i5218122640.html
Massager Magic Back Support Spine Stretcher Lumbar Support Muscle Relief Chiropractic Straightener,₱99.00,N/A,https://www.lazada.com.ph/products/pdp-i3850341056.html
GA12-N20 DC 12V Multiple Type Micro DC Gear Reduction Motor Low Speed Motor Deceleration Motor 15RPM 600RPM 100RPM 1000RPM,₱129.00,N/A,https://www.lazada.com.ph/products/pdp-i4782335062.html
BOSTO MPPT Wind Turbine Charge Controller High Efficiency 100W‑600W Universal MPPT Wind Generator Controller Fast Heat Dissipation with LED Indicator for Lighting,"₱1,277.57",N/A,https://www.lazada.com.ph/products/pdp-i15410438093.html
Aoresac 600W MPPT Solar Charge Controller Boost Regulator LED Display High Efficiency for 24V 36V 48V 60V 72V Multiple Battery Golf Cart,"₱1,890.00",N/A,https://www.lazada.com.ph/products/pdp-i15478500830.html
NAPKERY Digital Display MPPT Solar Controller 12V/48V 60A 80A 100A Solar Control Panel Useful Protects Battery Battery Charger Home Use,"₱1,270.28",N/A,https://www.lazada.com.ph/products/pdp-i15479879430.html
Inverter 6000W Inverter 12v/24v to 220v Heavy Duty Set Inverter Original Power Inverter LED Intelligent Digital Display Solar Inverter Inverter Adapter Solar Power Generation Car Inverter,"₱2,679.00",N/A,https://www.lazada.com.ph/products/pdp-i3895149258.html
REAIM Turbo Blower Cordless Lithium-Ion High-Power Wireless Brushless Leaf Blower Handheld Motor Blower,₱649.00,N/A,https://www.lazada.com.ph/products/pdp-i5231580624.html
[ Buy 1 Take 1 ]Solar Panel Rechargeable Lamp Night Household Outdoor Emergency LED light Solar Light,₱169.00,N/A,https://www.lazada.com.ph/products/pdp-i2252627619.html
ciiemen | Child Relaxation Thumb Piano Gift,₱187.83,N/A,https://www.lazada.com.ph/products/pdp-i15444199178.html
CHENJ AC-DC 5V3A 9V1.7A 12V1.3A 15V1A Switching Power Supply Module Bare Circuit 220V To 5 9 12 15V Board For Replace Repair,₱94.16,N/A,https://www.lazada.com.ph/products/pdp-i4734203103.html
TENXI3 3V 5V 6V 9V 12V 1A 2A 24V 2A Switching Power Supply Module Overvoltage Overcurrent Short Circuit Protection Switch,₱104.07,N/A,https://www.lazada.com.ph/products/pdp-i5117953395.html
SKAMA | Universal Fast Charging Adapter,₱180.71,N/A,https://www.lazada.com.ph/products/pdp-i5351648043.html
NSS Solar Charger Controller 30A Power Inverter Controller Household Solar Inverter Media Conversion,"₱1,049.00",N/A,https://www.lazada.com.ph/products/pdp-i4084164625.html
Aibecy Solar Panel Charge Controller Overcurrent Protection 12V 24V 36V 48V 60V MPPT Solar Panel Regulator for Industrial Site Monitoring,"₱5,444.05",N/A,https://www.lazada.com.ph/products/pdp-i5356795027.html
wired 12/16 inches electric mini chainsaw portable wood cutting logging Small household handheld wooden saw,"₱1,399.00",N/A,https://www.lazada.com.ph/products/pdp-i4469231213.html
-7210A MPPT Solar Charge Controller 24V/36V/48V/60V/72V Solar Regulator Battery Charger Panel Boost Voltage Module,"₱2,992.40",N/A,https://www.lazada.com.ph/products/pdp-i15447030116.html
SHE.K | Ratchet Easy-Press Cable Crimping Tool,₱524.00,N/A,https://www.lazada.com.ph/products/pdp-i5375796438.html
【Buy 1 Take 1】Blinds Dark Gray Curtain Blinds Blackout Double-layer Roller Shutter Windows Home Office Blinds 60x160cm 80x160cm 100x160cm 120x160cm 140x160cm 150x160cm 180x160cm,₱522.00,N/A,https://www.lazada.com.ph/products/pdp-i5066522849.html
Remote Controller for Models RC Drone Quadcopter Smart Cars Boats Robots 2.4G,₱477.51,N/A,https://www.lazada.com.ph/products/pdp-i5378732438.html
100A MPPT Solar Charge Controller Solar PV Battery Charger 12V 24V 36V 48V Auto Solar Charge Controller for Solar Panel,"₱1,259.00",N/A,https://www.lazada.com.ph/products/pdp-i5375324543.html
【COD】Self-adhesive 3d Marble Wallpaper adhesive Waterproof decor wall PVC 90×40cm printed wallpaper Wood Grain Wear-resistant and easy to clean For wall decoration Waterproof and moisture-proof of Living room/kitchen/room,₱68.00,N/A,https://www.lazada.com.ph/products/pdp-i4714754892.html
【12 inches】Cordless Electric Chainsaw 888VF/1088VF Mini Chainsaw Pure copper motor Cordless Chainsaw Durable&Powerful cutting Easily cut wood Handheld Chainsaw Portable chainsaw,"₱1,179.00",N/A,https://www.lazada.com.ph/products/pdp-i5099510324.html
diymore DC Transformer DC Power Converter Voltage Regulator Buck Module 12V/24V to 5V3A/5A/10A/15A 15W25W50W75W,₱310.00,N/A,https://www.lazada.com.ph/products/pdp-i4378508431.html
AC Electromagnetic Starter Control Box 380V,"₱1,024.00",N/A,https://www.lazada.com.ph/products/pdp-i5375672401.html
Arm Trimmers Sauna Sweat Band for Women Sauna Effect Arm Slimmer Anti Cellulite Arm Shapers Weight Loss Workout Body Shaper Women Arm Warmers Sauna Sweat Bands Arm Slimmer Weight Fat Reducer Loss Workout Humpback Correction Fitness Body Building,₱55.00,N/A,https://www.lazada.com.ph/products/pdp-i4225403218.html
BG Use Doorbell Sign Sticker PVC Sintra Board l Waterproof,₱85.00,N/A,https://www.lazada.com.ph/products/pdp-i4087121628.html
300W/600W MPPT Solar Charger Controller For Ebike Solar Boost Charge Controller 24V/36V/48V/72V Solar Power Charge Controller For Ebike Solar Power Battery Charger Electric Bicycle Battery Charger Controller,"₱1,448.00",N/A,https://www.lazada.com.ph/products/pdp-i4666915071.html
FANATICO CAUTION LADY Driver Waterproof Vinyl Sticker KIDS on Board Warning Signs Car Stickers 7.5 Inches,₱99.00,N/A,https://www.lazada.com.ph/products/pdp-i5204053608.html
LEJIA Ultra Frameless Wall Glass Panel Switch 13 Amp Modern Lighting Switch Universal 3-pin plug socket with USB black Suiz on Off Lampu LED 1/2/3/4 Gang 1/2 Way 20A Water Hearter Aircon Door Bell Switch Official Store,₱289.95,N/A,https://www.lazada.com.ph/products/pdp-i2279793791.html
Pek bateri lithium-ion 36V 30000mAh 18650 yang boleh dicas semula 10S2P pengecas boleh diakan untuk basikal elektrik dan skuter,"₱1,800.27",N/A,https://www.lazada.com.ph/products/pdp-i15428135995.html
"Restricted Area Sign, Do Not Enter Signs Metal, 20*30cm",₱109.00,N/A,https://www.lazada.com.ph/products/pdp-i4401752460.html
AYANG 100% Mppt Solar Charge Controller 12v-24v Auto 100vdc lcd fan No Backlight Support most Battery (can Optional WiFi),"₱2,270.00",N/A,https://www.lazada.com.ph/products/pdp-i4526891994.html
25GA-370 DC 12V Mini Motor Speed Reduction Geared Motor for Electronic Lock(300RPM),₱235.00,N/A,https://www.lazada.com.ph/products/pdp-i5226120833.html
SPEED HUNTER Japanese Decals Cutout Vinyl Waterproof Sticker,₱50.00,N/A,https://www.lazada.com.ph/products/pdp-i5192413211.html
diymore DC 6-50V 15A MPPT Constant Voltage Constant Current Boost Charging Module Synchronous Rectifier Solar Charging Module Adjustable Power Supply,₱451.00,N/A,https://www.lazada.com.ph/products/pdp-i5167524689.html
FANATICO 2pcs Made in Japan JDM Premium Vinyl Sticker Travel Luggage Tag Sign Drive Safety Label Waterproof Vinyl Car Sticker,₱39.00,N/A,https://www.lazada.com.ph/products/pdp-i5329398755.html
mouse pad wrist rest keyboard ergonomic desk mat office pad wrist rest computer memory foam mouse pad Carton Totoro pad wrist rest ergonomic wrist rest keyboard memory foam wrist pad mouse pad,₱115.75,N/A,https://www.lazada.com.ph/products/pdp-i5315439009.html
🔥Adv 160 Toggle Switch Cover Magnetic Adv Cover Waterproof Key Original with Magnetic 3M TapeTape,₱159.00,N/A,https://www.lazada.com.ph/products/pdp-i4970180203.html
DeWalt 1200W 7-inch (185mm) Circular Saw for Wood Cutting | Heavy-Duty Electric Woodworking Cutt,"₱1,399.00",N/A,https://www.lazada.com.ph/products/pdp-i5322052384.html
26 in 1 ratchet screwdriver Straight cross telescopic screwdriver Strong magnetic multi-purpose ratchet dual head driver,₱92.00,N/A,https://www.lazada.com.ph/products/pdp-i4414287560.html
DC 9V 12V 24V 36V 48V 72V 84V 120V to 5V 12V 3A Step Down Module Power Supply DC DC converter Non-isolated Buck Converter,₱142.98,N/A,https://www.lazada.com.ph/products/pdp-i5279925467.html
3000W solar light outdoor waterproof lights with panel original with remote control Heavy IP67 STREET LAMP,₱999.00,N/A,https://www.lazada.com.ph/products/pdp-i5012799641.html
Solar Panel 200/400W 18Volt Pv Solar Module Cell Panel Generator Set For Home With 30A Solar Controller Monocrystalline Silicon Power Generation Panel,"₱1,188.00",N/A,https://www.lazada.com.ph/products/pdp-i4416557367.html
Luckybabys 10A-60A Mppt 12V/24V Solar Charger Controller Usb Dual Solar Panel Regulator,₱564.49,N/A,https://www.lazada.com.ph/products/pdp-i4288226342.html
XYT Durable and Long-lasting Longlife N20 N30 158Y 12mm Gear Motor Reduction Motor Suitable for Stepper Motors and Other Motor,₱171.67,N/A,https://www.lazada.com.ph/products/pdp-i5281463663.html
[Ship From Philippines] Industrial Face Masks 3M 3200 3 in 1 Gas Respirator 20pcs 3701CN Filters Cotton Half Face Dust-proof Anti industrial Construction Dust Haze Fog Safety Respirator,₱269.00,N/A,https://www.lazada.com.ph/products/pdp-i5392547332.html
STALLION Transformer 750mah/1A/2A/3A/6A/12Amperes Primary 110V-220VAC Secondary 0-3v-4.5v-6v-9v-12v Multi Volts Transformer Heavy Duty Step down,₱325.00,N/A,https://www.lazada.com.ph/products/pdp-i3653315163.html
MINGRENBANG | Shoe Size Adjuster Front Pad,₱67.43,N/A,https://www.lazada.com.ph/products/pdp-i15423030624.html
High-Speed Motor 420 Model Gear 428 Model Gear 9T 10T 12T 14T 16T 18T 20 Gear Chain Motor Electric Vehicle Accessories,₱118.76,N/A,https://www.lazada.com.ph/products/pdp-i5237947625.html
Speed Regulation Control Variable Voltage Regulator 220V AC,"₱1,185.96",N/A,https://www.lazada.com.ph/products/pdp-i15436491710.html
"DC 6V 9V 12V 24V to DC 5V 5A Buck Converter Module,9-36V to USB 5V Transformer Dual Output Voltage Regulator",₱181.00,N/A,https://www.lazada.com.ph/products/pdp-i5222375954.html
"Unicorn MPPT Solar Ccontroller 60A/80A/100A12V 24V 36V 48V AUTO Battery Charger with LCD,Automatic VID，compatible with lead acid/colloid",₱669.00,N/A,https://www.lazada.com.ph/products/pdp-i4891415457.html
CHEZHI | Children's Alloy Remote Control Car,"₱1,493.26",N/A,https://www.lazada.com.ph/products/pdp-i5354195982.html
（COD）Multi-Color Blinds Curtains Roller Blackout Window Blinds Sun Screen Protection 60/80/100/120/140CM Korean Blinds for Windows#SC02,₱229.00,N/A,https://www.lazada.com.ph/products/pdp-i5175948292.html
2 4 8 16 Zones Fire Alarm Control Panel with AC power input Fire Alarm Control System Conventional Fire Control Panel,"₱4,499.00",N/A,https://www.lazada.com.ph/products/pdp-i3921304663.html
Nichrome Wire ▪️ For Heating Element ▪️ Nichrome Heating Wire ▪️ Heating Wire Replacement,₱77.00,N/A,https://www.lazada.com.ph/products/pdp-i3019125952.html
Nss solar charge controller 10A/20A/30A mppt solar charge controller soalr panel power inverter controller solar controller charger solar charger heavy duty NS-3303C,"₱1,050.00",N/A,https://www.lazada.com.ph/products/pdp-i3497270573.html
Tai Chi Training Shoes,"₱1,050.00",N/A,https://www.lazada.com.ph/products/pdp-i15456246177.html
PENGXIANG | Upgrade Metal Parts Remote Control Car,₱437.55,N/A,https://www.lazada.com.ph/products/pdp-i5378910556.html
Maintenance Rubber Hammer,₱305.37,N/A,https://www.lazada.com.ph/products/pdp-i15392951700.html
FUXING 600W MPPT Solar Boost Controller Charger for Golf Cart Electric Vehicle,"₱2,549.00",N/A,https://www.lazada.com.ph/products/pdp-i5200765227.html
Anti-Slip Durable Breathable Work Shoes,₱323.75,N/A,https://www.lazada.com.ph/products/pdp-i5244812655.html
[Ueb Wholesale Center]100A MPPT Solar Charge Controller Solar Panel Regulator 12V 24V 36V 48V Auto Solar Charge Controller for Solar Panel,"₱1,259.00",N/A,https://www.lazada.com.ph/products/pdp-i5406310411.html
PS1KVA Hybrid Solar inverter built in PWM solar controller,"₱22,459.42",N/A,https://www.lazada.com.ph/products/pdp-i5134634255.html
Travel Portable Folding Chair Lightweight Outdoor Seat for Camping Fishing Beach,₱155.00,N/A,https://www.lazada.com.ph/products/pdp-i5242489503.html
Diaper&Cored 3V 5V 6V 9V 12V 1A 2A 24V 2A Switching Power Supply Module Overvoltage Overcurrent Short Circuit Protection Switch,₱98.18,N/A,https://www.lazada.com.ph/products/pdp-i5144728551.html
Original VOKTTA High-Voltage EBike DC-DC Converter Buck Step-Down Regulator Module 80V 72V 64V 60V 48V 36V 24V to 15V 12V 9V 6V 5V 3.3V,₱279.00,N/A,https://www.lazada.com.ph/products/pdp-i2246692377.html
book magnetic anti-tear cloth education educational early book concentration early magnetic training toys reusable stickers turning silent magnetic page children's book quiet book quiet education,₱68.06,N/A,https://www.lazada.com.ph/products/pdp-i5297736476.html
diymore DC 30V to 5V Buck Converter Mini Voltage Regulator Board DC 6-30V Step Down to 5V 9V 12V 3A Power Supply Stabilizer Module,₱73.00,N/A,https://www.lazada.com.ph/products/pdp-i4205453503.html
LEBYCLE | Hollow Integrated Crankset with Anti-Loosening Pad for Shimano Crank,₱181.32,N/A,https://www.lazada.com.ph/products/pdp-i5404196791.html
diymore 300w/500w 20A dc-dc converter buck step down constant current module led driver power step down voltage module electrolytic capacitor,₱290.00,N/A,https://www.lazada.com.ph/products/pdp-i978484598.html
SAMIORE DD4012SA 1A DC 5-40V to 3V 3.3V 3.7V 5V 6V 7.5V 9V 12V Regulator DC-DC Step-Down Buck Converter Module Board,₱90.12,N/A,https://www.lazada.com.ph/products/pdp-i4409538478.html
Travel U-shaped Pillow Neck Support for Clothing Fill Portable,₱262.00,N/A,https://www.lazada.com.ph/products/pdp-i5228991571.html
1x40 Tactical Red Dot Scope Sight Optical Point Illuminated Scope Red Green Dot Sight with 11mm/20mm Mount and Battery,₱619.00,N/A,https://www.lazada.com.ph/products/pdp-i5320642870.html
No Littering Signage,₱75.00,N/A,https://www.lazada.com.ph/products/pdp-i4698767265.html
Yes Were Open signage Laminated(1 side A4 laminated),₱50.00,N/A,https://www.lazada.com.ph/products/pdp-i3017712410.html
9 in 1 Outdoor Survival Heavy Duty Multifunction Pocket Tool Plier for EDC,₱296.00,N/A,https://www.lazada.com.ph/products/pdp-i4092268718.html
PUSH PULL Signage for Doors VINYL STICKER LOGO WATERPROOF High Quality,₱80.00,N/A,https://www.lazada.com.ph/products/pdp-i4624570752.html
PINJIAN | Lumbar Support & Spinal Correction Massager,₱313.31,N/A,https://www.lazada.com.ph/products/pdp-i5292313254.html
AC-DC Mini Isolation Switch Power Supply Module AC DC 220V to 5V/9V/12V/15V/24V 20W HLK-20M05 HLK-20M09 HLK-20M12 HLK-20M24,₱243.00,N/A,https://www.lazada.com.ph/products/pdp-i3246860342.html
SRF LINE Stickers Decals Cutout Vinyl Waterproof Sticker,₱75.00,N/A,https://www.lazada.com.ph/products/pdp-i5192726429.html
WeHome Solar LED Camping Light 4000mAH Rechargeable Waterproof Portable Emergency Outdoor Lamp,₱284.05,N/A,https://www.lazada.com.ph/products/pdp-i15446755399.html
Buy 6 Take 6=12PCS 85x185cm 85x190cm Curtain For Windows Curtain Sale For Window Curtain For Bedroom Blackout Curtains For Room Aesthetic Curtains For Windows Kurtina For Window Curtains Elegant Curtains Sale Living Room Makapal Long Short Half Size,₱85.00,N/A,https://www.lazada.com.ph/products/pdp-i4773149336.html
【10 -year warranty】9800times Electronic Massage Gun /99 Speed/LED Touch Screen Muscle Relaxation Portable Massager 8 Massage Heads 6KG 8KG Thrust fascia gun Electric Massager Massage,₱749.00,N/A,https://www.lazada.com.ph/products/pdp-i5368283408.html
Silicone Case for Drag S2 or Drag S Texture Cover Protective Soft Rubber Sleeve Skin with Free Lanyard,₱86.84,N/A,https://www.lazada.com.ph/products/pdp-i4455459896.html
115 in 1 Screwdriver Set Multi-function Magnetic Precision Screwdriver Set tools set with box for Computer/Watch/Mobile Phone Disassemble tools set original heavy duty,₱195.00,N/A,https://www.lazada.com.ph/products/pdp-i4076496578.html
"Keep Gate Closed, Keep Door Closed Signage (Laminated Signage and Waterproof Vinyl Sticker A4 Size)",₱54.00,N/A,https://www.lazada.com.ph/products/pdp-i3046092942.html
3in1 Gun Tacker Heavy Duty Staple Gun Metal Stapler Gun Industrial Staple Gun Three-purpose Nail Staple Gun manual staple gun Furniture Construction Upholstery Stapler with 600 PCS Nails,₱169.00,N/A,https://www.lazada.com.ph/products/pdp-i4681954470.html
Mini Low Speed DC High Torque Motor,₱172.00,N/A,https://www.lazada.com.ph/products/pdp-i5152973853.html
Outdoor sport Hunting Full Finger Walking Gloves Mountaineering Gloves Touch Design Fitness Protection Sports Motorcycle Gloves,₱239.09,N/A,https://www.lazada.com.ph/products/pdp-i4405769679.html
Universal Car Fuel Filter Water Separator Complete Kit for Webasto Eberspacher Heaters Gas Water Separator Filter Accessories,₱122.69,N/A,https://www.lazada.com.ph/products/pdp-i4873000899.html
WHOLE SALE AND RETAIL STICKER - ASAWA KO LANG ANG PWEDENG UMANGKAS ( 4X2.8 INCHES),₱36.00,N/A,https://www.lazada.com.ph/products/pdp-i2303328473.html
WEICEE Curtain Punch-Free Blackout Curtain For Window Anti-UV 100% Sound Insulation Sun Protection Kurtina,₱129.00,N/A,https://www.lazada.com.ph/products/pdp-i4882386131.html
"White Lace Fruit Curtains, Garden Coffee Curtains, Home Kitchen Curtains, Perforated Cabinet Curtains, Half Cut Curtains",₱49.80,N/A,https://www.lazada.com.ph/products/pdp-i5017335311.html
OUSHIDUN | Laptop Hard Drive Caddy,₱188.87,N/A,https://www.lazada.com.ph/products/pdp-i15404438146.html
"For Apple iPhone 17 16 15 14 13 12 11 Pro Max Mini 14 Plus X XR Xs Phone Case, Shockproof Armor Luxury For Magsafe Wireless Charge Cover",₱160.75,N/A,https://www.lazada.com.ph/products/pdp-i4089088254.html
JIFANPAUL | Anti-slip Low-cut Men Work Shoe,₱208.52,N/A,https://www.lazada.com.ph/products/pdp-i5244256209.html
HUILUN | Rechargeable RC Boat with Light Remote Control,₱710.10,N/A,https://www.lazada.com.ph/products/pdp-i15421736535.html
DOKIO Solar Panel Battery with inverter Set home 3000w Power Inverter Converter DC12v to AC 220v 18v Solar Panel /USB 5v+ Solar Charge Controller 60A/100A,"₱1,688.00",N/A,https://www.lazada.com.ph/products/pdp-i3217258393.html
【Fast delivery】 100A MPPT Solar Charge Controller Solar PV Regulator Dual USB Intelligent Regulator 12V 24V 36V 48V for Solar Panel,"₱1,783.00",N/A,https://www.lazada.com.ph/products/pdp-i5374688260.html
[frthrthrt]MPPT 60A Solar Charging Charger Controller with Fan Cooling 12V 24V 36V 48V Regulator for Lithium LiFePo4& Lead-Acid Battery Systems,"₱4,910.70",N/A,https://www.lazada.com.ph/products/pdp-i15445053821.html
Fortrust C2002 Speed Controller For DC Motor Speed Governor Diesel Generator Intelligent Control Board Original Parts,"₱5,992.00",N/A,https://www.lazada.com.ph/products/pdp-i5198412083.html
Early Education Intelligence Development Toy Laptop,₱492.00,N/A,https://www.lazada.com.ph/products/pdp-i15419093513.html
Ramp Assist Triangle Pad,₱501.29,N/A,https://www.lazada.com.ph/products/pdp-i15447327604.html
LM317 Adjustable voltage regulator Power Supply DIY Kit LM317 AC 220V to DC 1.25-12V Stabilized Power Supply Kit,₱319.00,N/A,https://www.lazada.com.ph/products/pdp-i4060461203.html
XY6020L CNC adjustable DC stabilized voltage power supply constant voltage and constant current 20A/1200W step-down module,₱810.00,N/A,https://www.lazada.com.ph/products/pdp-i3686678228.html
LM317 Adjustable Power Supply DIY Electronic Kit Regulated Voltage PCB Board 110V 220V 12V Stabilize Regulated Voltage PCB Board,₱299.00,N/A,https://www.lazada.com.ph/products/pdp-i5217297253.html
1PCS DC 9A 300W 150W Boost Converter Step Down Buck Converter Power module DC 0-100V 10A Digital Voltmeter Ammeter Dual Display,₱119.34,N/A,https://www.lazada.com.ph/products/pdp-i4409543324.html
CN3722 Solar MPPT Charger Module 1S 2S 3S 4S Li-ion LiFePO4 lead-acid Battery BMS 7.2V 8.4V 12V 12.6V 16.8V 2A Charging Current,₱536.49,N/A,https://www.lazada.com.ph/products/pdp-i5313310516.html
Spanner wrench for Filter Housing 10''slim/20''slim/20''BB,₱49.00,N/A,https://www.lazada.com.ph/products/pdp-i3510390137.html
"Boat Accessories Boat Hatch 4"" 6"" 8"" ABS Round Non Slip Inspection Hatch w/Detachable Cover for Marine Boat Yacht",₱220.00,N/A,https://www.lazada.com.ph/products/pdp-i4448736199.html
PkYeG 5A DC-DC step up power module boost volt converter 3.3V-35V to 5V 6V 9V 12V 24V,₱57.95,N/A,https://www.lazada.com.ph/products/pdp-i5349289344.html
infinix888.ph tools 220v External Heat Long Life Soldering Iron 30W / 40W Welding Tool randam color,₱127.50,N/A,https://www.lazada.com.ph/products/pdp-i2651960899.html
For OPPO A5 2020 / OPPO A9 2020 Magnetic Case 360 Front+Back double-sided 9H Tempered Glass Case For OPPO A5 2020 / OPPO A9 2020 Metal Bumper Case,₱219.37,N/A,https://www.lazada.com.ph/products/pdp-i428704539.html
SHPYHT 3V 5V 6V 9V 12V 1A 2A 24V 2A Switching Power Supply Module Overvoltage Overcurrent Short Circuit Protection Switch,₱89.19,N/A,https://www.lazada.com.ph/products/pdp-i5147430704.html
"Magnetic Case for Samsung Galaxy S25 FE / S26 / S26+ / S26 Ultra Case Compatible with MagSafe, Built-in Camera Lens Protector, Soft Silicone Metallic Phone Case",₱189.00,N/A,https://www.lazada.com.ph/products/pdp-i5230538009.html
【Ready Stock】18V LED Lamp Cordless LED Work Light For Li-ion Battery Lantern Flashlight Spotlight Lamp USB Outdoor Emergency Lighting,₱239.00,N/A,https://www.lazada.com.ph/products/pdp-i4533449701.html
M4 / Ar15 Steel Low Profile Micro Rifle Gas Block Roll Pin For 875 .875 0.875'',₱299.00,N/A,https://www.lazada.com.ph/products/pdp-i4088929384.html
"Heavy-Duty Electric Grinding Machine with Dual 120/180 Grit Wheels – Portable Bench Grinder for Metal/Wood, Home & Work Use (Rust-Proof Design)",₱688.00,N/A,https://www.lazada.com.ph/products/pdp-i5330943280.html
DEWALT Original MMA-950 Inverter Welding Machine And Drill Set IGBT Full Copper Output,"₱1,999.00",N/A,https://www.lazada.com.ph/products/pdp-i5305785877.html
"10PCS LM317T LM7805 TO-220 Linear Voltage Regulator Kit, 5V 12V Step Down Power Supply Stabilizer Module",₱113.93,N/A,https://www.lazada.com.ph/products/pdp-i5342519607.html
22/24 Inch HONDA 100% Original Chainsaw 5500W 68cc Portable Gasoline Chain Saw Outdoor Tool First Choice,"₱3,331.00",N/A,https://www.lazada.com.ph/products/pdp-i5043075697.html
Double Shafts Turbo Worm Gear Motor High Torque JGY-370 6V 12V 24V DC Electric MotorDeReversed Self-Lock Dual Output Shaft,₱554.93,N/A,https://www.lazada.com.ph/products/pdp-i5281163885.html
HONGYUE | Electronic Scale Charger Adapter 9V 1A,₱342.00,N/A,https://www.lazada.com.ph/products/pdp-i5375615429.html
New arrival Mikasa Leather Football Official size 5 Soccer,₱238.00,N/A,https://www.lazada.com.ph/products/pdp-i5119089243.html
10M/20M/30M Extension Cord with Universal Socket and Switch Intelligent Universal High Power Safety Wiring Board Extension Cord USB Socket Charger Ports Power Strip Outlet,₱308.90,N/A,https://www.lazada.com.ph/products/pdp-i3632009501.html
Original Glass Nano Matte Case For iPhone 17 Air 16 15 14 13 Pro Max 17Pro Magnetic For Magsafe Wireless Charging Armor Funda,₱217.00,N/A,https://www.lazada.com.ph/products/pdp-i5341882820.html
SHNGki AC-DC 5V3A 9V1.7A 12V1.3A 15V1A Switching Power Supply Module Bare Circuit 220V To 5 9 12 15V Board For Replace Repair,₱94.16,N/A,https://www.lazada.com.ph/products/pdp-i4590955086.html
Boost Module 300W Power Frequency Inverter 50Hz Square Wave Low Frequency Inverter Driver Board DC12V to AC220V,₱282.00,N/A,https://www.lazada.com.ph/products/pdp-i15443433006.html
KASIWEINUO | Foldable Electric Jigsaw For Wood And Metal Cutting,₱300.00,N/A,https://www.lazada.com.ph/products/pdp-i5375597427.html
forsso | Protective Screen Protector for Anker Charging Bank,₱176.79,N/A,https://www.lazada.com.ph/products/pdp-i15398986606.html
SHENWO | Lumbar Support & Spinal Correction Massager,₱353.53,N/A,https://www.lazada.com.ph/products/pdp-i5241981380.html
UNA KA NA 3.5 INCH GLOSSY STICKER BY MMA ENTERPRISE,₱25.00,N/A,https://www.lazada.com.ph/products/pdp-i3873493947.html
[Buy 1 take 1]sunshade net Outdoor garden net weather net outdoor plants UV protection sunshade net greenhouse sunshade net sunscreen car cover sunshade cloth cover 90% shading rate,₱325.00,N/A,https://www.lazada.com.ph/products/pdp-i3845246726.html
24V 36V 48V 3-mode sine wave BLDC controller 350W 500W 25A For 5 Pin S866 SW900 G51 S966 No. 2 protocol LCD meter e-BIke scooter,"₱1,018.31",N/A,https://www.lazada.com.ph/products/pdp-i5404430025.html
10Pcs 5Pairs New Original 2SA940 2SC2073 TO-220 ( 5Pcs A940 + 5Pcs C2073 ) Audio pairing tube Transistors for welding,₱144.00,N/A,https://www.lazada.com.ph/products/pdp-i3483211275.html
MIG Welding Machine Inverter Portable MIG/MMA/TIG 3IN1 Welding Machine MIG-950 220V High Quality Home Digital Display IGBT Technology Electric Welding Machine set Power tools Welding Tools,"₱1,200.00",N/A,https://www.lazada.com.ph/products/pdp-i4451247842.html
High-Efficiency 500W Solar Panel 18 Volt Pv Solar Module Solar Cell Panel Generator For Battery Tv and Fan,₱509.00,N/A,https://www.lazada.com.ph/products/pdp-i4454640194.html
Ghjrty for Vivo Y17s Y27 Y36 Y22 Y16 Y35 Y11 Y12 Y20 Y21 Y15s Y02 V29e Cool Racing Case,₱69.00,N/A,https://www.lazada.com.ph/products/pdp-i4392973578.html
Slide Camera Lens Casing For Apple iPhone 16 15 14 13 12 Pro Max iPhone16ProMax iPhone15 ProMax 5G Shockproof Phone Case Armor Ring Bracket Stent Push Lens Protection Back Cover,₱214.65,N/A,https://www.lazada.com.ph/products/pdp-i4546925416.html
Original 1500W Electric Hand Angle Grinder+MMA-650 Inverter Welding Machine IGBT Full Copper Output,"₱2,649.00",N/A,https://www.lazada.com.ph/products/pdp-i5252128670.html
Mainboard Drive Inverter Board Start Box Compressor Control Board,"₱1,738.59",N/A,https://www.lazada.com.ph/products/pdp-i15437132081.html
12/16 inches Brushless Cordless mini Chainsaw high-power Electric Portable Rechargeable Wood Cutting,"₱1,999.00",N/A,https://www.lazada.com.ph/products/pdp-i4461093970.html
30M IPX8 Underwater Waterproof Bag Phone Case Pouch Swimming Diving Bag Sports Travel Universal Waterproof PVC Case Cover For iPhone 16 Pro Max 15 Plus 14 13 12 11 Samsung S25 Ultra S24+ S23 Plus S22 Note 20 Huawei P50 Mate 40 Xiaomi,₱186.14,N/A,https://www.lazada.com.ph/products/pdp-i5357770010.html
DC-DC Adjustable Step-down Module 120V 100V 96V 72V 48V 36V to 24V 19V 15V 12V 9V 5V 3V 10A Buck Board with Cooling Fan,₱367.57,N/A,https://www.lazada.com.ph/products/pdp-i4661226558.html
JGB37-520 12V 24V High Torque Gear Box Electric Motor New Gearmotor 5/10/20/30/45/60/100/200/300/600rpm,₱569.09,N/A,https://www.lazada.com.ph/products/pdp-i5064308457.html
Techvortex 10BU 50W Power Megaphone with Siren Bull horn Megaphone Loudspeaker with Removable Microphone High Quality Big Megaphone Speaker Bullhorn Siren Alarm The penetrating sound of a wide range of coverage,₱400.00,N/A,https://www.lazada.com.ph/products/pdp-i4580210126.html
ALUMINUM EXPANDED WIRE MESH (PER METER) 3FT OR 4FT ALUMINUM,₱175.00,N/A,https://www.lazada.com.ph/products/pdp-i4250253203.html
TNW Car Phone Holder 360° Rotation Suction Cup Type Car Holder for Dashboard Windscreen Mount Phone Anti Shaking Fixed Shockproof,₱209.00,N/A,https://www.lazada.com.ph/products/pdp-i4469278967.html
18650 7.4V long lithium battery pack 14500 small fan amplifier toy car power lithium battery SM,"₱1,084.36",N/A,https://www.lazada.com.ph/products/pdp-i5269884260.html
DC 9A 300W 150W Boost Converter Step Down Buck Converter Power module DC 0-100V 10A Digital Voltmeter Ammeter Dual Display,₱126.16,N/A,https://www.lazada.com.ph/products/pdp-i4409282233.html
Glossy Self Adhesive Vinyl Premium Craft cut Film for Outdoor Decor Sticker Cutter Car Wall Lettering Film DIY 30*25cm/100cm,₱62.93,N/A,https://www.lazada.com.ph/products/pdp-i4695839365.html
Sunshade Roller blinds Curtains Blackout Curtain Suction Cup Punch-free Retractable Window Roller Curtains for Bedroom,₱151.00,N/A,https://www.lazada.com.ph/products/pdp-i5078044304.html
solar light 50000W Solar Led Outdoor Flood Light Street Lamp IP67 Waterproof With Remote outdoor lighting solar light outdoor waterproof solar lights with solar panel Easy Installation and 30-Year Warranty,₱813.00,N/A,https://www.lazada.com.ph/products/pdp-i5130810313.html
Anti-slip Pad,₱439.53,N/A,https://www.lazada.com.ph/products/pdp-i5404187066.html
10Pairs Male to Female Plug Terminal Wire Connector SM Terminal Line LED Downlight Ceiling Lamp,₱54.14,N/A,https://www.lazada.com.ph/products/pdp-i4215057852.html
PERSONALIZED NAME STICKER VINYL DIE-CUT FOR MOTORCYCLE / CAR / TUMBLER / LAPTOP - SIGNATURE HANDWRITING FONTSTYLE,₱60.00,N/A,https://www.lazada.com.ph/products/pdp-i4738800412.html
"Best Quality Complete Set Solar Power Inverter Includes 12 volts Battery & 15 Watts Solar Panel, Zero Electricity, Best for All Kinds of Appliances For Brown out, Charging, Electricity Saving, Emergency, Camping & Hiking","₱2,899.00",N/A,https://www.lazada.com.ph/products/pdp-i3821112243.html
"LM7805/12+7905/12 voltage regulator module, positive and negative dual power supply, 12V/15V po",₱150.00,N/A,https://www.lazada.com.ph/products/pdp-i5340191312.html
Essager 7A Elbow Stand Holder A-C Cable Fast Charging USB-A to Type-C L-shape Cable Type C 7A Fast Charge USB A-C Data Wire Cord For Huawei Samsung Oneplus Xiaomi Realme Honor OPPO VIVO Tablet Laptop 7A Elbow Stand Cables,₱215.00,N/A,https://www.lazada.com.ph/products/pdp-i5344124296.html
RAGE AGAINST THE MACHINE ROCK N ROLL BAND VINYL STICKERS,₱25.00,N/A,https://www.lazada.com.ph/products/pdp-i2852259781.html
[15 year warranty]ORIGINAL 18V 500W Solar DC Pump With Solar Panel Multi-Functional Water Booster Pump for household outdoor Electric Water Pump Booster,₱998.00,N/A,https://www.lazada.com.ph/products/pdp-i15427309363.html
tyvek paper waterproof events wrist band bracelet sticker swimming amusement park hand sticker 100pcs disposable sticker wristband,₱57.82,N/A,https://www.lazada.com.ph/products/pdp-i4291137766.html
AC GLASS: 4 KINDS OF GUIDE 50 SETS (200 pcs) for 798 and 900 Series,₱369.00,N/A,https://www.lazada.com.ph/products/pdp-i3258296275.html
YAN GHOST MG 1/100 Wing Zero ver.ka EW Water slide decal NOT sticker Fluo Type,₱215.00,N/A,https://www.lazada.com.ph/products/pdp-i4395493122.html
◎TZT MALL◎ 5pcs/lot New Original WINBOND 25Q80DVSIG W25Q80DVSSIG W25Q64FVSSIG W25Q64FVSIG SMD SOP8 8Mb FLASH Flash Chip,₱183.18,N/A,https://www.lazada.com.ph/products/pdp-i4406532131.html
"2pcs 12v to 5v Waterproof Step Down Buck Converter DC Voltage Regulator Board Power Supply Module, DC 6.3-22V 12 V to 5 V 3A 15W",₱516.62,N/A,https://www.lazada.com.ph/products/pdp-i5346921070.html
MOLIDA | Portable Multi-functional Charcoal Fire Pit for Camping,₱208.03,N/A,https://www.lazada.com.ph/products/pdp-i15388514742.html
"One Piece WATERPROOF STICKER VINYL decal for phone, mug, motor, car window, tumbler",₱40.00,N/A,https://www.lazada.com.ph/products/pdp-i3763373463.html
【HOT SALE+3Layers】Aerobic Stepper Yoga Pedal Indoor Yoga Gym Aerobic Exercise Pedal 80CM 3Layers Adjustable Aerobic Stepper Fitness Equipment Home Exercise Body Dance Fitness Yoga Stretching Pedal,₱248.00,N/A,https://www.lazada.com.ph/products/pdp-i4044719469.html
48V/60V/72V/84V 3000W Double Row Brushless Controller for BLDC Motor/Electric Bike/Ebike/Tricycle/,"₱1,389.80",N/A,https://www.lazada.com.ph/products/pdp-i5259131974.html
American Lemon Embroidery Short Curtain Kitchen Living Room Cabinet Dust Partition Small Curtains,₱227.67,N/A,https://www.lazada.com.ph/products/pdp-i5027139895.html
Mini Electric Motors DC12V Gear Motor 150RPM for Transmission Equipment,₱273.60,N/A,https://www.lazada.com.ph/products/pdp-i4992269900.html
MOLIDA | Beginner Friendly Pain Relief Chord Assistant,"₱1,071.57",N/A,https://www.lazada.com.ph/products/pdp-i15388601896.html
100 PCS/Pack Plastic Hand Gloves- Durable and Multipurpose,₱49.00,N/A,https://www.lazada.com.ph/products/pdp-i5203577744.html
LivingArt.1♾️COD♾️ Multi-Color Blinds Curtains Roller Blackout Window Blinds Sun Screen Protection 60/80/100/120/140CM Korean Blinds for Windows#SC02,₱219.00,N/A,https://www.lazada.com.ph/products/pdp-i5176044795.html
yishujia office | Remote Control Boat Propeller 12-24V Brushless Underwater Motor,₱986.71,N/A,https://www.lazada.com.ph/products/pdp-i15436318466.html
BIAOTU | Universal TV Remote Control for Skyworth,₱275.79,N/A,https://www.lazada.com.ph/products/pdp-i15397889453.html
【E-WOITD】 Nidec 20N Micro DC Brushless Motor DC 6V-12V 12000RPM High Speed Large Torque Mini 24mm Brushless Motor With Driver Board DIY,₱88.13,N/A,https://www.lazada.com.ph/products/pdp-i15414963415.html
"Tanzu High-power cordless blower, cordless leaf blower, suitable for blowing dust, leaves, etc",₱998.00,N/A,https://www.lazada.com.ph/products/pdp-i4768783162.html
PowMr MPPT Solar Charger Controller 20A 30A 40A 12V 24V Solar Panel Regulator LCD Display Various Load Control Modes Support lithium batteries,"₱1,505.00",N/A,https://www.lazada.com.ph/products/pdp-i4130963321.html
LITURUI | Ultra Go Camera Charging Dock Expandable Two-claw Frame Magnetic Base Stand Adapter,₱886.00,N/A,https://www.lazada.com.ph/products/pdp-i5374381654.html
Boys Anti-Slip Beach Sandals,₱363.29,N/A,https://www.lazada.com.ph/products/pdp-i15396686009.html
Anti-slip Home-use Fitness Shoes,₱238.95,N/A,https://www.lazada.com.ph/products/pdp-i5410371935.html
Diymore XY5005E XY5008E DC DC Buck Boost Converter Variable Voltage Regulator 6-55V Adjustable Voltage Regulated Lab Power Supply Power 250W/400W,₱866.00,N/A,https://www.lazada.com.ph/products/pdp-i3619433313.html
Man Cave Metal Sign - Vintage Style Gun Colt Model 1911 Poster Wall Decor for Cafe Bar Room Aluminum Tin Plaque a1 0422,₱309.00,N/A,https://www.lazada.com.ph/products/pdp-i5322571500.html
Zamdon MPPT Solar Charge Controller 40A 12/24V | Wonder2-401224 | High Efficiency Solar Regulator Authentic,"₱5,800.00",N/A,https://www.lazada.com.ph/products/pdp-i5079882354.html
turning book concentration anti-tear educational training magnetic toys baby early book cloth magnetic stickers silent page early education,₱70.15,N/A,https://www.lazada.com.ph/products/pdp-i15459900869.html
JIFANPAUL | Leisure Work Shoes 2026 New,₱313.97,N/A,https://www.lazada.com.ph/products/pdp-i5244555547.html
H.CHENG HOME Textiles Korean Venetians Curtain Duo Roler Blinds Plain Color for Living Room Window Sun Screen Protection Multi-Color Textiles 60/80/100/120/140/150/180CM,₱29.00,N/A,https://www.lazada.com.ph/products/pdp-i4272990822.html
diymore XY12522 CNC DC Adjustable Buck Power Supply Constant Voltage Constant Current Module 22A/2000W Input Voltage DC12-140V,₱452.00,N/A,https://www.lazada.com.ph/products/pdp-i4710524398.html
XY6509 CNC DC Buck Boost Converter Adjustable Voltage Regulated Power Supply 65V 9A 585W Constant Voltage Current Module,₱874.86,N/A,https://www.lazada.com.ph/products/pdp-i5216440129.html
Glock VR Gear Apparel Shirt Tactical Wear Shooting Subli Drifit Unisex man,₱199.00,N/A,https://www.lazada.com.ph/products/pdp-i3607764117.html
Feadship 2 in 1 Case for Redmi NOTE 9S REDMI NOTE 9 PRO phone casing Softcase Silicone shockproof Cover new design aesthetic with holder TBUZJ1,₱96.50,N/A,https://www.lazada.com.ph/products/pdp-i15494473965.html
New original 2Pairs (2pcs D718 + 2pcs B688 ) KTB668 KTD718 Audio Power Amplifier Pair Transistor KEC B688 D718 2SB688 2SD718,₱117.00,N/A,https://www.lazada.com.ph/products/pdp-i3437836941.html
"diymore DC Buck Converter, DC-DC Step-Down Voltage Regulator, 10V-75V to 0-60V, 12A, DKP6012, Digital Control Volt Step-Down Board","₱1,621.00",N/A,https://www.lazada.com.ph/products/pdp-i2245012155.html
SHNGki N20 DC3-6V Electric Micro DC Geared Motor 26-53RPM Metal Motor Gear Adjustable Speed Reversed,₱75.62,N/A,https://www.lazada.com.ph/products/pdp-i4566248242.html
BateriaPower 12V MPPT Solar Charging Controller 10A Automatic Battery Regulator Solar Panel Maximum 150V Plug MC4 Conversion SAE Plug Interface Connection,"₱2,800.00",N/A,https://www.lazada.com.ph/products/pdp-i5411382747.html
[COD] E-WOITD 3V 5V 6V 9V 12V 1A 2A 24V 2A Switching Power Supply Module Overvoltage Overcurrent Short Circuit Protection Switch,₱47.52,N/A,https://www.lazada.com.ph/products/pdp-i5270109017.html
Mobile Phone RFID Signal Blocking Bag Anti-Radiation Shield Pouch Case Bag,₱125.00,N/A,https://www.lazada.com.ph/products/pdp-i5112359956.html
BOSCA MPPT 12V/24V/36V/48V AUTO Solar Charge Controller 30A/40A/60A/80A/100A MPK Series COD,"₱5,790.00",N/A,https://www.lazada.com.ph/products/pdp-i3470742421.html
MIG-999 Welding Machine Portable MIG&MMA&TIG 3IN1 Gasless Welding Machine MIG Welding Machine Inverter Portable 220V High Quality Home Digital Display IGBT Technology Welding Machine Set Power Tools Welding Tools,"₱1,198.00",N/A,https://www.lazada.com.ph/products/pdp-i4552722776.html
Casing For Vivo Y20 Y20i Y20S Y12S Y11S Y20A Y20 2021 Y20G Y30G Y20S G Phone Cases Luxury Soft Silicone DustProof Four Corner Protection ShockProof With Big Pink Butterfly SJ168,₱77.74,N/A,https://www.lazada.com.ph/products/pdp-i5220929389.html
Kikiam Kwek Kwek Fihball laminated signage price list,₱110.00,N/A,https://www.lazada.com.ph/products/pdp-i5242000818.html
MOTSUV | Locking Shock Absorption Anti-Slip Rubber Handlebar Grip,₱89.29,N/A,https://www.lazada.com.ph/products/pdp-i5404327409.html
Elegant Wood Grain PVC Self-Adhesive Wallpaper Roll for Home Décor,₱89.00,N/A,https://www.lazada.com.ph/products/pdp-i4110556327.html
Gesture-Controlled Transformable Remote Control Car,"₱1,013.00",N/A,https://www.lazada.com.ph/products/pdp-i15433046478.html
"ACE KING G27 ( Actual Picture ) Modern Abstract PVC Matted Wallpaper 10meters x 45cm Selfadhessive and Waterproof Rubberized Wallsticker for Room , Furnitures Walls and Even Cr , Stain and Dust Resistant 3D print Walldecors trending bestseller quality",₱115.00,N/A,https://www.lazada.com.ph/products/pdp-i5312233552.html
Non-slip Waterproof Low-cut Rain Shoes,₱241.67,N/A,https://www.lazada.com.ph/products/pdp-i15388689341.html
8898 SMD Rework Soldering Station 2 In 1 Hot Air Soldering Iron LCD Digital Display Welding Station For BGA PCB IC Repair 8586D,"₱1,540.00",N/A,https://www.lazada.com.ph/products/pdp-i5198314666.html
ZHOUYANG | MPPT Solar Controller For Lead-Acid Lithium Battery,"₱1,601.00",N/A,https://www.lazada.com.ph/products/pdp-i15418661415.html
Motor Speed Controller DC Brush Motor Speed Controller 12-60V 20A DC Forward/Reverse Electric Motor Speed Regulator,₱847.00,N/A,https://www.lazada.com.ph/products/pdp-i4670011881.html
ELEJOY EMD60A 2700W Adjustable MPPT Solar Char Controller 12/24/36/48V LCD Display 50A/60A,"₱5,800.00",N/A,https://www.lazada.com.ph/products/pdp-i15496001005.html
Large Fast Charge RC Boat Model,₱741.00,N/A,https://www.lazada.com.ph/products/pdp-i15429125774.html
"Makita 588VF Brushless Cordless Impact Wrench with LED Light, Variable Speed, and 7-Piece Socket Set - New","₱1,488.00",N/A,https://www.lazada.com.ph/products/pdp-i4790205258.html
MOTSUV | Anti-slip Shock Absorbing Bicycle Grip Accessory,₱168.45,N/A,https://www.lazada.com.ph/products/pdp-i5404222796.html
"2026 New Style Boys' Sports Shoes, Breathable Mesh, Casual Rotary Buckle, Anti-Slip, Deodorant, Wear-Resistant, Trendy Children's Sneakers",₱847.64,N/A,https://www.lazada.com.ph/products/pdp-i15436294981.html
Non-slip Work Shoes Low-cut,₱429.00,N/A,https://www.lazada.com.ph/products/pdp-i15460138343.html
High-power MPPT Solar Controller Compatible Multiple Voltages and Battery Types,"₱4,751.00",N/A,https://www.lazada.com.ph/products/pdp-i15462649689.html
"MPPT 20A Solar Charger Controller 12V 24V Battery Regulator with LCD Display for , Gel, Flooded and Lithium","₱1,502.10",N/A,https://www.lazada.com.ph/products/pdp-i15419137141.html
Solar Powered LED Light Board Integrated Projector Lighting Assembly Accessory Road Lighting Smart Street Lamp Core Board,₱195.00,N/A,https://www.lazada.com.ph/products/pdp-i2355452186.html
Mountain Bike Foldable Shift Lever Gear Changer,₱388.05,N/A,https://www.lazada.com.ph/products/pdp-i15449712884.html
HYJXH | Ratchet Effort-Saving Terminal Crimping Pliers 5.5-38 mm2,₱915.00,N/A,https://www.lazada.com.ph/products/pdp-i15423729335.html
Spring Running Sports Shoes,₱487.00,N/A,https://www.lazada.com.ph/products/pdp-i15455825260.html
LM317 Adjustable voltage regulator Power Stabilized Power Supply Kit Supply DIY Kit LM317 AC 220V to DC 1.25-12V,₱349.00,N/A,https://www.lazada.com.ph/products/pdp-i3991708892.html
INDO EMBLEM TIREHUGGER,₱220.00,N/A,https://www.lazada.com.ph/products/pdp-i5158595545.html
sengso | Complex Seven Axis Tri-Cubic Irregular Intellectual Decompression Puzzle Cube,₱527.00,N/A,https://www.lazada.com.ph/products/pdp-i15433091549.html
"Middle Finger WATERPROOF STICKER VINYL decal for phone, mug, motor, car window, tumbler",₱50.00,N/A,https://www.lazada.com.ph/products/pdp-i3775821619.html
"No Parking Doon kayo Mag Park sa Garahe nyo o Tapat ng Bahay nyo Signage PVC Plastic (Like ID) 7.8x11 inches. For Gates, Doors and Walls",₱130.00,N/A,https://www.lazada.com.ph/products/pdp-i3515949873.html
32 Pcs Cartoon NBA TEAM LOGO Waterproof Sticker Skateboarding Snowboard Retro Sticker Graffiti,₱48.00,N/A,https://www.lazada.com.ph/products/pdp-i4221736068.html
E-WOITD 3V 5V 6V 9V 12V 1A 2A 24V 2A Switching Power Supply Module Overvoltage Overcurrent Short Circuit Protection Switch,₱63.47,N/A,https://www.lazada.com.ph/products/pdp-i5317600165.html
diymore 150W Inverter DC12V to 110V/220V High-Power Home Battery Inverter Converter Boost Board Module,₱311.00,N/A,https://www.lazada.com.ph/products/pdp-i3423046491.html
SB19 Dungka ss,₱5.00,N/A,https://www.lazada.com.ph/products/pdp-i5120951924.html
"Combination Open Wrench Set Available sizes (8”,9”,10”,11”,12”,13”,14”,15”16”,17”,18”19”20”21”22”23”24”)",₱58.00,N/A,https://www.lazada.com.ph/products/pdp-i2767379375.html
VINYL WHITE STICKER PRINTABLE,₱145.00,N/A,https://www.lazada.com.ph/products/pdp-i5313868424.html
100PCS/LOT 2N5551 2N5401 5551 5401 TO-92 50Pairs (50PCS* 2N5401+50PCS* 2N5551 )Triode Transistor,₱91.65,N/A,https://www.lazada.com.ph/products/pdp-i4409358442.html
Wholesale Plain Window and Door Size Curtain| Non-Ring Plain Chic Curtain,₱89.00,N/A,https://www.lazada.com.ph/products/pdp-i5318884493.html
restroom laminated signage,₱39.00,N/A,https://www.lazada.com.ph/products/pdp-i4463262373.html
JOKER PREMIUM SCRATCH DESIGN AND LOGO WATERPROOF VINYL STICKER,₱49.00,N/A,https://www.lazada.com.ph/products/pdp-i4112042999.html
（COD）【TX】60cm/80cm * 2m Vinyl waterproof wood wallpaper/thickened table furniture decoration/self adhesive wooden cabinet sticker/Waterproof and moisture-proof,₱279.00,N/A,https://www.lazada.com.ph/products/pdp-i4618296399.html
Door Size Curtain KURTINA MAHABA| Kurtina sa Pinto Sheet Type Curtain Olive Green,₱135.00,N/A,https://www.lazada.com.ph/products/pdp-i5119670464.html
AIMO 100% Blackout Curtain For Window No Drilling Required Velcro Curtains Plain Curtain,₱89.97,N/A,https://www.lazada.com.ph/products/pdp-i5286726200.html
Clear Nylon Transparent M4 Mag For BOHAN SLR V2/MK8/M4/HK V2 durable yet Lightweight Polymer Aggressive Surface Texturing L5AWM Style,"₱1,050.00",N/A,https://www.lazada.com.ph/products/pdp-i5260967462.html
Ghjrty For Samsung A15 A54 A24 A05s A14 A04s A04e A13 A12 A10s A03s Cool Racing Case,₱69.00,N/A,https://www.lazada.com.ph/products/pdp-i4392961533.html
"All Anime, Scratch Design Sticker, Indoor Outdoor Vinyl Sticker, Waterproof & Non-Faded",₱59.00,N/A,https://www.lazada.com.ph/products/pdp-i4131723956.html
diymore XY6020L Numerical Control DC 6-70V Step Down Stabilized Power Supply Constant Voltage Current Buck Converter Module,"₱1,320.00",N/A,https://www.lazada.com.ph/products/pdp-i3507934059.html
FIND Cycling glasses Men's Large Frame Sunglasses Women Sports Hiking Mountain Climbing Windproof,₱99.00,N/A,https://www.lazada.com.ph/products/pdp-i15498358355.html
Carinyo Laminated - Hotdog Sandwich Signage | Hungarian Sandwich Signage | FootlongSignage Print,₱55.00,N/A,https://www.lazada.com.ph/products/pdp-i5010875248.html
PREMIUM VINYL STICKER (ph eagle),₱35.00,N/A,https://www.lazada.com.ph/products/pdp-i4357283943.html
48V/60V/72V/96V Electric Vehicle Controller 500W/1000W/1200W/1500W Three-mode Sine Wave Brushless Motor Intelligent Controller,"₱1,733.72",N/A,https://www.lazada.com.ph/products/pdp-i5116848290.html
(Free Sand bags) Weighted Vest Adjustable For Workout Metal Sand or Sand filled Training Exercise,₱198.00,N/A,https://www.lazada.com.ph/products/pdp-i3424570227.html
Name Custom Sticker Printed Vinyl Waterproof Sticker Matte finished,₱35.00,N/A,https://www.lazada.com.ph/products/pdp-i4428550975.html
REAIM Heavy Duty Rotary Hammer Drill - 2200W Industrial Demolition Hammer with 5 Drill Bits & Chipping Function for Concrete Breaking,"₱1,699.00",N/A,https://www.lazada.com.ph/products/pdp-i5238617665.html
JOYUHON Solar System Set（Batteries not included）4000W Peak Power Inverter +18W Solar Panel+30A Solar Controller DC 12V to AC 220V to Save Energy and Deal with Power Outages,"₱1,988.00",N/A,https://www.lazada.com.ph/products/pdp-i3397168015.html
"100pcs Plastic Garden Hanging Plant Tags Colorful Waterproof Plants Marker for Plants, Potted Plants, Nurseries, Trees，Gardening",₱109.00,N/A,https://www.lazada.com.ph/products/pdp-i3993318908.html
World Travel Monopoly Game Board,₱615.00,N/A,https://www.lazada.com.ph/products/pdp-i15432870832.html
"Loading WATERPROOF STICKER VINYL decal for phone, mug, motor, car window, tumbler",₱30.00,N/A,https://www.lazada.com.ph/products/pdp-i3828206336.html
PAMPAS | Voltage Current Regulator 220v,₱745.39,N/A,https://www.lazada.com.ph/products/pdp-i15425037875.html
Ghjrty Case For Infinix Zero 30 Smart 8 7 5 6 Hot 30i 30 Play Note 30 Note 12 G96 10 Play Poisonous Fluid Case,₱69.00,N/A,https://www.lazada.com.ph/products/pdp-i4376714912.html
Professional Competition Cube Timer Intelligent,"₱1,272.00",N/A,https://www.lazada.com.ph/products/pdp-i15450131246.html
52V 25A 1200W JP Brushless DC Motor Electric Scooter Bike Controller A+B Dual Drive Motor Controller,"₱2,491.80",N/A,https://www.lazada.com.ph/products/pdp-i5258456612.html
DAYIREN | Cordless Woodworking Circular Saw,"₱2,676.56",N/A,https://www.lazada.com.ph/products/pdp-i5242097244.html
SHICHI | Anti-Slip Protection Pad,₱554.00,N/A,https://www.lazada.com.ph/products/pdp-i15418745727.html
新款男童运动鞋旋转扣网面透气儿童软底轻便运动鞋休闲跑步运动鞋,₱847.64,N/A,https://www.lazada.com.ph/products/pdp-i15436426974.html
9V 12V 3-speed fan Speed Controller PWM Voltage Regulator for brushless Motor with short-circuit protection 5V/2A fast charging,₱193.80,N/A,https://www.lazada.com.ph/products/pdp-i15474283803.html
DC Motor 1.8V 3V 5V 6V 12V 2A PWM Adjustable Speed Controller Potentiometer Knob Switch Kit Control Governor Module,₱55.51,N/A,https://www.lazada.com.ph/products/pdp-i15392599111.html
DC10-60V DC Motor Speed Regulator 12V 24V 36V 48V High Power Drive Module PWM Motor Speed Controller 20A Current Regulator,₱302.75,N/A,https://www.lazada.com.ph/products/pdp-i15466439229.html
8V-24V Brushless DC Motor Speed Controller Module Motor Drive Brushless Motor PWM Speed Control Board 18KHz,₱121.38,N/A,https://www.lazada.com.ph/products/pdp-i15435016273.html
Voltage Regulator PWM DC Motor Speed Controller Governor 5V-16V 10A Stepless Speed Regulator LED Dimmer Power Controller,₱101.61,N/A,https://www.lazada.com.ph/products/pdp-i15466328063.html
Mini DC 4.5V-35V 5A PWM Motor Speed Controller Module Speed Regulator Control Adjust Board Switch with LED Dimmer&Control Knob,₱192.97,N/A,https://www.lazada.com.ph/products/pdp-i5287453916.html
DC 1.8V 3V 5V 6V 12V 2A 1803BK PWM Motor Speed Controller Low Voltage Motor Speed Regulator Switch PWM Adjustable Drive Module,₱115.60,N/A,https://www.lazada.com.ph/products/pdp-i5287658856.html
New DC 8V-24V Brushless DC Motor Driver Controller Board PWM Driver Fan Motor Speed Governor Forward And Backward Control 18KHz,₱209.02,N/A,https://www.lazada.com.ph/products/pdp-i15433589904.html
Mini PWM DC Motor Speed Controller 5A 10A Adjustable Switching Speed Control Module 90W Output Power LED Dimmer,₱115.79,N/A,https://www.lazada.com.ph/products/pdp-i5408673296.html
L298N DC Motor Driver Module Dual H Bridge Mini Dual Stepper Motor Drive Module 2.5A Two Channel Reversing PWM Speed for Arduino,₱124.49,N/A,https://www.lazada.com.ph/products/pdp-i15487866179.html
5V 12V 10A Voltage Regulator PWM DC Motor Speed Controller Governor Stepless Speed Regulator LED Dimmer Power Controller,₱183.89,N/A,https://www.lazada.com.ph/products/pdp-i15413305751.html
COD+Local+ReadyStock MetarDC-DC 5V to 3.3V 9V 12V 24V Adjustable Potentiometer USB Step UP Down Boost Buck Converter Power Supply Voltage Regulator Module,₱125.84,N/A,https://www.lazada.com.ph/products/pdp-i4645174652.html
XIANZHAO | Arch Support Comfortable Men's Summer Insoles,₱207.73,N/A,https://www.lazada.com.ph/products/pdp-i5207984433.html
diymore | 40A PWM DC Motor Speed Controller DC 10-55V Digital LED Display 0-100% Adjustable Drive Module Input MAX 60A,₱442.61,N/A,https://www.lazada.com.ph/products/pdp-i15439438563.html
DC 9V/12V 3-Speed Boost Motor Controller Stepless Speed Regulation Charging Handheld Fan Control Board Driver Module,₱202.46,N/A,https://www.lazada.com.ph/products/pdp-i15482538049.html
10/20/30/40/100A Solar Charge Controller Discharge Controller LCD Display Dual USB Auto Solar Cell Panel Charger Accessories,₱625.12,N/A,https://www.lazada.com.ph/products/pdp-i15490997563.html
12V 24V Solar Charge Controller Solar Power Controller Lithium Battery Charge Controller for Home and Outdoor Energy Solution,₱658.55,N/A,https://www.lazada.com.ph/products/pdp-i15487269621.html
1PCS 10/20A Solar Panel Charge Controller Battery Regulator 12/24V PV Photovoltaic,₱678.65,N/A,https://www.lazada.com.ph/products/pdp-i15440359816.html
60a Charge Controller - Solar Panel Charge Controller 12V 24V Max 48V 1560W Input Adjustable Parameter LCD Display,₱448.37,N/A,https://www.lazada.com.ph/products/pdp-i5356228375.html
Snaterm 60A 80A 100A MPPT Solar Charge Controller Tool 12V 24V 36V 48V Solar Panel Battery Smart Regulator Lead Acid/Lithium use,"₱1,799.37",N/A,https://www.lazada.com.ph/products/pdp-i4421918115.html
3A DIN Rail Mount DC-DC Step-down Converter Voltage Regulator Module PLC DC 5-35V to 3.3V 3.7V 5V 6V 9V 12V 24V Adjustable,₱302.93,N/A,https://www.lazada.com.ph/products/pdp-i5167464979.html
Hot Sale SDLA12TA MPPT Solar Controller Charging Module for 12V 1-1000AH Lead-Acid Battery Solar Panel Regulator Charger Board,₱445.37,N/A,https://www.lazada.com.ph/products/pdp-i15434946529.html
Attention Training Intelligence Maze Book,₱307.09,N/A,https://www.lazada.com.ph/products/pdp-i5371046203.html
10/1pcs LM2596 Step Down Module DC to DC Adjustable Buck Converter Voltage Regulator Conversion Power Supply Module LM2596,₱280.92,N/A,https://www.lazada.com.ph/products/pdp-i5322147347.html
12V 24VDC Auto Solar Charge Battery Regulator 30A Controller with Dual USB output LCD Display Max 55V Solar Cell Panel Input,"₱1,359.63",N/A,https://www.lazada.com.ph/products/pdp-i15437796358.html
300W MPPT 24V/36V/48V/60V/72V Solar Boost Charge Controller Electric Car Vehicle Charging Voltage Regulator 97% Efficiency,"₱2,239.30",N/A,https://www.lazada.com.ph/products/pdp-i5050285496.html
DC 9V 12V 24V 36V To 5V 3A Double USB Charge DC-DC Step-down Converter Car Charging Solar 3A Voltage Regulated Power Module,₱213.24,N/A,https://www.lazada.com.ph/products/pdp-i15440964318.html
1pc DC-DC12V-120V Drop 1.5V-48V Adjustable Step-down Module Electric Vehicle 84V 60V 48V 24V 12V 5V,₱217.15,N/A,https://www.lazada.com.ph/products/pdp-i15435405103.html
"MPPT Solar Charge Controller 10A 12V, Solar Panel Controller Featuring Type-C Input, USB Output For Lead Acid Lithium Battery","₱1,083.03",N/A,https://www.lazada.com.ph/products/pdp-i15475505813.html
Solar Controller Dual USB LCD Display MPPT Accessory Solar Battery Regulator PV Regulator 10A 20A 30A 12V 24V Built-in Timer,₱317.00,N/A,https://www.lazada.com.ph/products/pdp-i15429655471.html
CCM5D DC Motor Controller Adjustable Speed Switch 6V 12V 24V Motor Controller Speed Regulator Accessories for DC Motor,₱340.52,N/A,https://www.lazada.com.ph/products/pdp-i15474016831.html
48V 60V 72V 84V 3000W Intelligent Brushless Controller Double Row 18MOS Transistor BLDC Motor Speed Controller for Motorcycle,"₱1,338.74",N/A,https://www.lazada.com.ph/products/pdp-i5145589681.html
[TL]DC 7-26V Three-phase Brushless Motor Driver DC Motor Drive Board Speed Controller Regulator With Potentiometer For LiPo 2-6S,"₱1,055.71",N/A,https://www.lazada.com.ph/products/pdp-i15449182134.html
"Yamaha Logo WATERPROOF STICKER VINYL decal for phone, mug, motor, car window, tumbler",₱30.00,N/A,https://www.lazada.com.ph/products/pdp-i3804748001.html
"New Era Logo - Vinyl Decal Sticker - water resistant, high quality, long lasting",₱30.00,N/A,https://www.lazada.com.ph/products/pdp-i3723236153.html
Non-slip No-odor Clog Shoes Thick Sole,₱326.00,N/A,https://www.lazada.com.ph/products/pdp-i15454821259.html
Luxury premium 2-in-1 instant 17 magnetic phone case for iPhone 17 16 15 14 13 12 11 Promax Pro Plus 17Air PC back cover with soft border supports wireless charging and phone protective case,₱129.00,N/A,https://www.lazada.com.ph/products/pdp-i5307175298.html
"Made in Japan WATERPROOF STICKER VINYL decal for phone, mug, motor, car window, tumbler",₱75.00,N/A,https://www.lazada.com.ph/products/pdp-i3775778056.html
"Gypsum Screw Black Screw for Wood For Metal 1""1000pcs -1 1/2""500pcs- 2""500pcs- 3""250pcs",₱178.00,N/A,https://www.lazada.com.ph/products/pdp-i4035812652.html
"Universal roller blinds, nail free blackout curtains,car bedrooms,kitchens,windows sunshade curtains",₱111.00,N/A,https://www.lazada.com.ph/products/pdp-i4800397970.html
Ferrule Sleeves Terminal Crimping Tools Mini Electrical Pliers HSC8 6-4/6-6(0.25-10mm²/0.25-6mm²) Wire Connection Repair Clamp,₱355.61,N/A,https://www.lazada.com.ph/products/pdp-i4213701876.html
XIANZHAO | Soft Comfortable Cushioning Insoles with Shock Absorption,₱296.86,N/A,https://www.lazada.com.ph/products/pdp-i5207068976.html
"10pcs Cold pressed wire terminal, DZ47 air switch, pin connection copper wire nose C45 square insert",₱77.00,N/A,https://www.lazada.com.ph/products/pdp-i4078463011.html
XH-M609 DC 12V-36V Charger Module Voltage OverDischarge Battery Protection Precise Undervoltage Protection Module Board,₱120.45,N/A,https://www.lazada.com.ph/products/pdp-i4323478302.html
Adjustable high-back moon outdoor folding chair camping beach picnic chair portable fishing chair,₱290.00,N/A,https://www.lazada.com.ph/products/pdp-i5325141208.html
9pcs/set 5mm-13mm Hex Sockets Sleeve Nozzles Nut Driver Set Screwdriver Set Schroevendraaier Set Bits Sets Tools Socket Wrenches,₱130.13,N/A,https://www.lazada.com.ph/products/pdp-i4323503203.html
"BLUESKY Buy 1 Take 1 8000W Solar Portable Emergency Light Outdoor Waterproof solar Camping Light With Solar Panel USB Rechargeable 4 Color Floodlight For SOS Warning Hiking, Outdoor Work, Camping, Garage, Power Outage Handheld Light",₱379.00,N/A,https://www.lazada.com.ph/products/pdp-i5110756196.html
Casing Vivo Y20 Y20i Y20S Y20SG Y12S Y12A 2023 360 Degree All Inclusive Protection Phone Case Clear Transparent Full Coverage Double Sided Shockproof Back Cover,₱162.00,N/A,https://www.lazada.com.ph/products/pdp-i4218150458.html
RL-#13 Men Women Swimming Shoes Diving Shoes Surf Aqua Beach Water Socks Shoes Sport Yoga Unisex Swim shoes （Water shoes）,₱139.00,N/A,https://www.lazada.com.ph/products/pdp-i2808721521.html
1PC PL 90 ° elbow external thread pneumatic gas hose quick coupling 90 ° gas quick coupling 4mm 6mm 8mm 8mm 10mm 12mm,₱40.00,N/A,https://www.lazada.com.ph/products/pdp-i3300642157.html
4 FT | PVC Moulding | Electrical Wire Pipe | Plastic Pipe For Protection & Insulation,₱36.00,N/A,https://www.lazada.com.ph/products/pdp-i4035793601.html
KINGSOLAR BUY 1 TAKE 1 Solar Lighting Outdoor 20000W Portable Solar Lights Magnetically Absorbed Indoor Type-C Fast Charge Home Emergency Camping Lighting for Construction Sites,₱319.00,N/A,https://www.lazada.com.ph/products/pdp-i5028447713.html
Magnetic Wallet Z Fold 3 4 5 6 7 Leather Flip Case Detachable Front Cover Card Holder Zipper Pouch Samsung Z Fold7 Casing Full Protection Anti-Drop Hard PC Phone Case Accessories,₱311.26,N/A,https://www.lazada.com.ph/products/pdp-i4259947312.html
10 Pairs Connector or with 1pair Spanner connected Solar Panel Connectors Male & Female IP67 1000Vdc for solar system use,₱245.86,N/A,https://www.lazada.com.ph/products/pdp-i4409404661.html
8X Heavy Duty Thick preferred 8mx10m sunscreen net 97+ UV sun shade net Outdoor garden net shade umbrella greenhouse net weather net shade net Car cover,₱199.00,N/A,https://www.lazada.com.ph/products/pdp-i4389863200.html
Erin mall Pvc Accordion Folding Door Waterproof Space-Saving Sliding Door Room Partition Kitchen Bathroom CR,₱933.00,N/A,https://www.lazada.com.ph/products/pdp-i4376983024.html
DBX PV308/PV338 10 outlet Rack Mount Power Sequence Controller Conditioner Surge Protector Power Supply Regulator with LED light,"₱1,589.00",N/A,https://www.lazada.com.ph/products/pdp-i5103420044.html
Camping Hiking Hammock Duyan Double Outdoor Foldable Hammock Travel Hammock Portable Hammock,₱349.00,N/A,https://www.lazada.com.ph/products/pdp-i3260143120.html
AIMO buy 1 take 1 Solar street light outdoor lighting solar lights with solar panel outdoor waterproof Automatically Night Light Flood Light Intelligent Sense With Remote Garden Light,₱384.40,N/A,https://www.lazada.com.ph/products/pdp-i5339601139.html
NO SMOKING SIGNS | no smoking signage | laminated signage,₱47.00,N/A,https://www.lazada.com.ph/products/pdp-i4469309612.html
1pcs 23N50E FMH23N50E 1pcs 23N50E FMH23N50E new original TO-3P 500V 23A transistor welding mosfet for welding,₱81.00,N/A,https://www.lazada.com.ph/products/pdp-i3476608728.html
1 PC 35mm Steel/Aluminum Standard Din Rail Good Thicker Materials,₱90.00,N/A,https://www.lazada.com.ph/products/pdp-i2680322449.html
Blinds Curtains Window Roller Blinds For Window Blackout Korean Blinds Venetians Duo Roller Blinds Curtain Office 60/80/90/100/110/120/130/140/150/160/180x160CM,₱289.00,N/A,https://www.lazada.com.ph/products/pdp-i5393730610.html
20pcs Male&Female Connector JST Plug Cable DIY 2 Pin Connectors Terminals,₱52.94,N/A,https://www.lazada.com.ph/products/pdp-i4214516766.html
REAIM Cordless Impact Wrench 21V Rechargeable Wrench Impact Cordless Drill Hand Drill 2 Battery 1 Charger Battery Screwdriver Set Power Tool,₱920.53,N/A,https://www.lazada.com.ph/products/pdp-i5262614063.html
Magnetic Luxury Matte Translucent Armor Shockproof Case For iPhone 16 15 14 13 12 17 Pro Max Plus Magsafe Wireless Charge Cover,₱122.21,N/A,https://www.lazada.com.ph/products/pdp-i4409246065.html
【10 Year warranty】150W/350W/500W Solar Panel Charging Panel heavy duty Monocrystalline Silicon Power Generation Panel waterproof lightning high conversion rate 0 electricity bill solar,₱479.00,N/A,https://www.lazada.com.ph/products/pdp-i15446147157.html
Hard Hat Stickers 98pcs Funny Construction Sticker Pack Vinyl Waterproof Tool Box Electrician Worker Helmet Decors,₱50.34,N/A,https://www.lazada.com.ph/products/pdp-i4323699321.html
◎TZT MALL◎ 10PCS/Box Ni80 0.24Ω Flat Wire Heating Wire Premade Heating Wire,₱189.01,N/A,https://www.lazada.com.ph/products/pdp-i4471065510.html
MENGSHENG | Isolation and Protection Fence for Outdoor and General Use,₱847.98,N/A,https://www.lazada.com.ph/products/pdp-i5396391605.html
BUY 1 TAKE 1 Solar Light Indoor Light Solar Light Outdoor Waterproof 30000W Solar Tube Light,₱359.00,N/A,https://www.lazada.com.ph/products/pdp-i5410221774.html
DIODIY Electronic Massage Gun chargeable High Frequency Vibration Body Muscle Relaxing Pain Relief Portable Fascia Gun massager vibrating device valentines gift for teacher,₱429.00,N/A,https://www.lazada.com.ph/products/pdp-i4312759867.html
[15-year warranty] Solar panel 150/300/500w original 0 electricity bill High efficiency Suitable for all electrical appliances Household solar panels High conversion rate monocrystalline solar panel Waterproof solar panels Solar panel Complete set,₱739.00,N/A,https://www.lazada.com.ph/products/pdp-i15409500495.html
XINBAI | Magnetic Quiet Book for Kids 3-6 Years,₱380.38,N/A,https://www.lazada.com.ph/products/pdp-i5367583886.html
"【Hot Sale】Electric Cordless Reciprocating Saw Rechargeable Saber Saw Lithium Battery Handheld Cordless Chainsaw For Tree, Wood,Metal, PVC, Frozen Food, Ice or Bone Cutting With Free 4 Blades","₱1,108.08",N/A,https://www.lazada.com.ph/products/pdp-i4396012607.html
300W Solar Panel 18 Volt Pv Solar Module solar panel 10000watts board Solar Cell Panel Multifuncitional and Portable generator 0 electricity bill waterproof lightning solar for all appliances,₱399.00,N/A,https://www.lazada.com.ph/products/pdp-i3369814994.html
GINGPAI | Breathable Martial Arts Training Shoes for Beginners Soft and Durable Sole,₱478.26,N/A,https://www.lazada.com.ph/products/pdp-i5245524417.html
New original 4pcs 2Pairs (2pcs MJE15032G + 2pcs MJE15033G ) NPN PNP MJE15032 MJE15033 Silicon Power Transistor TO-220,₱117.00,N/A,https://www.lazada.com.ph/products/pdp-i3439690793.html
◎TZT MALL◎2PCS Original 40N60NPFD TO-3P 40N60 600V 40A IGBT Transistor for Inverter Welding Machine Brand New SGT40N60NPFDPN TO3P,₱237.74,N/A,https://www.lazada.com.ph/products/pdp-i4155732597.html
Ghjrty Fluid Case For Realme Note 50 C51 C53 C21Y C55 C15 C35 11 6i 5 7i 8i C2 C11 C30S C17 C21 C12 Realme 10 Pro+ 5G SoftCase,₱69.00,N/A,https://www.lazada.com.ph/products/pdp-i4376869005.html
20W 12V Solar Panel Kit Monocrystalline Solar Panel PWM Charge Controller High-Efficiency for RV Boats Trailer Off-G-rid System,"₱1,312.83",N/A,https://www.lazada.com.ph/products/pdp-i15482449408.html
XY7025S CNC DC Buck Boost Converter 25A 1750W Laboratory Power Regulator Constant Voltage and Current Charging Module,"₱1,629.00",N/A,https://www.lazada.com.ph/products/pdp-i5251646127.html
PowMr MPPT Solar Charger Controller 60A 12V 24V 36V 48V Auto for Max 190VDC PV Input Solar Charge and Discharge Controller HHJ-60A,"₱3,150.00",N/A,https://www.lazada.com.ph/products/pdp-i5035956937.html
"NIROBI POWER SAVER Electricity Energy Saving Saver Device (BEST SELLER) power saver electricity, power saver box, ,energy saver electricity Energy Saving Less bill Electricity Energy Saver Power Saving Box Device PREVENT LOWER BILL Good Quality",₱229.00,N/A,https://www.lazada.com.ph/products/pdp-i1575770056.html
MAIMITONG | Quiet Princess Dress-Up Magnetic Book,₱515.20,N/A,https://www.lazada.com.ph/products/pdp-i15391634325.html
PowMr 25A 35A 45A MPPT Solar Charger Controller Max PV Input 100VDC Solar Panel Regulator LCD Display 12V 24V Auto,"₱1,525.00",N/A,https://www.lazada.com.ph/products/pdp-i4658361255.html
Solar Panel with inverter battery complete set 4000W inverter DC 12V to AC 220V Solar Power Generation System Dual USB Solar Inverter Solar Panel Solar Charge Controller for home appliances,"₱2,999.00",N/A,https://www.lazada.com.ph/products/pdp-i3006283224.html
250w 24V Gear Motor Brush Motor Electric Tricycle DC Gear Brushed Motor Electric Bicycle Motor,₱816.00,N/A,https://www.lazada.com.ph/products/pdp-i3435026598.html
KOMAX Professional COMBO PACK Angle Grinder and Impact Drill Set W/ Hardcase,"₱1,299.00",N/A,https://www.lazada.com.ph/products/pdp-i5165675112.html
MAKITA Cordless Leaf Blower Light Weight Powerful Electric Air Blower Rechargeable 2 in 1 Vacuum Cleaner with Batteries,"₱1,288.00",N/A,https://www.lazada.com.ph/products/pdp-i4961902203.html
Mathematics Physics Chemistry Formula Cards,₱333.65,N/A,https://www.lazada.com.ph/products/pdp-i5370963259.html
Number Learning Educational Toy,"₱1,861.00",N/A,https://www.lazada.com.ph/products/pdp-i15418698009.html
Compatible SCX10 TRX4 Brushed Motor Simulated 1/10 Climbing Vehicle,"₱1,093.00",N/A,https://www.lazada.com.ph/products/pdp-i15450023465.html
Camping Water Bag Outdoor Hiking Folding Water Bucket Bag with Faucet 8L Large Capacity Water Container Camping Supplies,₱95.06,N/A,https://www.lazada.com.ph/products/pdp-i5005453010.html
fine subtraction pad learn addition felt brain development educational soft interactive finger for kids toy subtraction toddler numbers early motor skills,₱75.58,N/A,https://www.lazada.com.ph/products/pdp-i15432891928.html
TOYAMA BOSC H GWS 6-100 4'' Slide Switch Electric Hand Angle Grinder,₱799.00,N/A,https://www.lazada.com.ph/products/pdp-i3840077948.html
1PC Pneumatic Fitting Hose Quick Connector PU PG Water Fittings 4mm 6mm 8mm 10mm Straight Push into Air Tube Plastic Joint Release Pipe,₱32.00,N/A,https://www.lazada.com.ph/products/pdp-i3300625244.html
Orange shine | Silicone Phone Case for iPhone 17 Pro Max Cartoon Mario,₱183.81,N/A,https://www.lazada.com.ph/products/pdp-i5364634312.html
BOSCA MPPT Solar Charge Controller 10A 20A 30A 40A 50A 60A 80A Solar Controller 12V 24V 48V Auto LCD Solar Regulator with Dual USB Solar Charge Controller,"₱2,499.00",N/A,https://www.lazada.com.ph/products/pdp-i1686188292.html
HOMZO Solar controller step-down and current-increasing photovoltaic charger 12V24V self-identification 10A-60A optional Automatic recognition of 12V24V36V48V/60A80A100A photovoltaic MPPT solar controller,₱752.00,N/A,https://www.lazada.com.ph/products/pdp-i15440907779.html
No Drilling Curtain 100% Blackout Curtain With Magic Tape Curtain For Window Living Room Bedroom Blinds Heat Insulation,₱112.00,N/A,https://www.lazada.com.ph/products/pdp-i5101395232.html
sengso | Magnetic 4-tier Green Magic Clock Limited Edition,"₱1,042.00",N/A,https://www.lazada.com.ph/products/pdp-i15432776972.html
"20"" 22"" 24"" inches 58CC/4.2KW original Gasoline Mini Portable Power Saw include Guide bar and chain","₱2,465.00",N/A,https://www.lazada.com.ph/products/pdp-i5368112985.html
"Solar charger controller Battery Regulator (12v, 24v)","₱1,425.00",N/A,https://www.lazada.com.ph/products/pdp-i4837589159.html
Four Corners Shockproof Soft Case For Samsung Galaxy Xcover 7 Pro Xcover 6 Pro 5 Thin Transparent Silicone Camera Protect Cover,₱221.83,N/A,https://www.lazada.com.ph/products/pdp-i15492002343.html
For Magsafe Matte Magnetic Case For Samsung Galaxy S24 S23 S22 S21 Ultra Plus S23 FE Shockproof Frosted Wireless Charge Cover,₱211.00,N/A,https://www.lazada.com.ph/products/pdp-i4721951053.html
Acrylic Magnetic Shockproof Matte Case For iPhone 13 11 12 14 15 16 17 Pro Max 7 8 Plus XR X XS 17Air 13Pro 15promax Silicone Bumper Clear Hard PC Back Cover,₱38.04,N/A,https://www.lazada.com.ph/products/pdp-i4701105337.html
HORN RELAY 5PIN UNIVERSAL - MOTOPLUS,₱32.00,N/A,https://www.lazada.com.ph/products/pdp-i2542045022.html
BOSCA MPPT 10A/20A/30A/40A/50A/60A/80A Solar Charge Controller 12V 24V 48V Auto Color LCD with Dual USB Port,"₱3,499.00",N/A,https://www.lazada.com.ph/products/pdp-i3385456055.html
200 Watts Solar Panel Kit 100A 12V Battery Charger with 10A/20A/30A-100A Controller Caravan Boat Waterproof solar panel complete set,"₱1,180.00",N/A,https://www.lazada.com.ph/products/pdp-i2711835510.html
BOSCA 10A/20A/30A/40A/50A/60A MPPT Solar Charge Controller 12V 24V 48V Auto Color LCD Display,"₱3,520.00",N/A,https://www.lazada.com.ph/products/pdp-i2714054775.html
High Voltage Insulated Safety Shoes Breathable Slip-resistant,₱857.82,N/A,https://www.lazada.com.ph/products/pdp-i15417703878.html
NSS Solar Panel Set For Home With Battery Inverter and Solar Charge Controller and 20W 30W 50W 100W Solar Panel,"₱2,799.00",N/A,https://www.lazada.com.ph/products/pdp-i2990296730.html
HUI NA TOYS | Remote Control Semi-trailer Truck Model,"₱1,847.00",N/A,https://www.lazada.com.ph/products/pdp-i15433191206.html
RC Construction Vehicle Excavator,₱901.00,N/A,https://www.lazada.com.ph/products/pdp-i15429098107.html
Smart MPPT Solar Charger Controller,"₱3,322.00",N/A,https://www.lazada.com.ph/products/pdp-i15455309761.html
Non-slip Universal Fit (US and UK Compatible) Kids Bike Pedals,₱319.39,N/A,https://www.lazada.com.ph/products/pdp-i15428233057.html
Custom Name Tag Waterproof Dive Sticker,₱349.00,N/A,https://www.lazada.com.ph/products/pdp-i4109039854.html
Flip Leather Casing For Vivo V30 V29 V27 Pro VivoV30V30Pro V 30 Pro Vivo 5G 2024 Flip Matte PU Leather Phone Case Card Slot wallet Bracket Shockproof Protection Cases Cover,₱249.00,N/A,https://www.lazada.com.ph/products/pdp-i4361406280.html
Cooling Heat Sink Cooling Pad for Computer,₱568.99,N/A,https://www.lazada.com.ph/products/pdp-i15438287911.html
Faucet for Mineral Water Container Water Drain Valve Connector 5 Gallons Slim Container,₱22.00,N/A,https://www.lazada.com.ph/products/pdp-i4038893861.html
diymore DC-DC Buck Converter Step Down Module DC 12V-75V to 5-48V 25A Adjustable Voltage Step Down Converter,₱489.00,N/A,https://www.lazada.com.ph/products/pdp-i3683284444.html
6M House Door Weather Stripping Seal Strip Waterproof Dustproof Soundproof Room Door Window Rubber Strip,₱168.00,N/A,https://www.lazada.com.ph/products/pdp-i5174154326.html
Intelligent Temperature Controlled MPPT Step-Down Solar Charger 600W 10- 30V Input 17-85V Output Controller,"₱3,145.50",N/A,https://www.lazada.com.ph/products/pdp-i5228313738.html
60/80/100/120/140/150/160/180cm Natural Real Bamboo Roll Up Blinds Sun Shade Privacy Curtain for Home Balcony Office,₱468.00,N/A,https://www.lazada.com.ph/products/pdp-i5337118793.html
PowMr 20A Fast Charger MPPT Solar Charger Controller Support 12V 24V Battery Solar Panel Regulator 60V PV INPUT LCD Display Battery Charger,"₱1,350.00",N/A,https://www.lazada.com.ph/products/pdp-i3308461231.html
BOSCA Solar Charge Controller MPPT 12v 24v 36v 48v AUTO 60A 80A 100A MPK6048 MPK8048 Air cooling Temp. compensation,"₱6,590.00",N/A,https://www.lazada.com.ph/products/pdp-i4042734843.html
DIANXIZHAO | Solar PV Tool Kit MC4 Wrench Connector Stripper Pliers,₱816.34,N/A,https://www.lazada.com.ph/products/pdp-i5375658325.html
1~5PCS YX850 Power failure automatic switching standby battery lithium battery module DC 5V-48V universal emergency converter,₱96.44,N/A,https://www.lazada.com.ph/products/pdp-i4409155652.html
LDRC | Electric 4WD RC Rock Climbing Off-road Vehicle,"₱2,127.63",N/A,https://www.lazada.com.ph/products/pdp-i5404153271.html
SNADI 60A 80A 100A (12/24V/36V/48) MPPT Solar Charge Controller High Efficiency,"₱8,499.00",N/A,https://www.lazada.com.ph/products/pdp-i2471531620.html
123BABY 100% Blackout Window Roller Shades Custom Roller Blinds Shades Window Blinds Home & Office,₱318.00,N/A,https://www.lazada.com.ph/products/pdp-i5067284193.html
Decors and Beyond Rustic Bathroom Rules Toilet Restroom Sign Wall and Shelf Decoration Vintage Style MetaL Plate 30 x 20cm,₱144.00,N/A,https://www.lazada.com.ph/products/pdp-i4501198371.html
MPPT Solar Controller Boost Regulator 10A 24V-72V for Electric Vehicles Lithium Batteries Solar System Kits,"₱2,321.00",N/A,https://www.lazada.com.ph/products/pdp-i5049275663.html
12V To 220V Step UP Power Module 120W DC-AC Boost Inverter Module Dual Channel Inverse Converter Booster Module Power Regulator,₱309.85,N/A,https://www.lazada.com.ph/products/pdp-i5292653749.html
Non-deformation SH WPC Wood Grain Grille panel 2M Length Durable for 50 years Background Wall Decoration 3D Wallpaper sticker wallpaper design wall decor Grille Ecological Board,"₱1,299.00",N/A,https://www.lazada.com.ph/products/pdp-i5226487163.html
Goldstar Solar Led Long Strip Lamp Tube Indoor Advertising Stall Induction Lamp Solar Tube+Solar Panel,₱359.00,N/A,https://www.lazada.com.ph/products/pdp-i5349015140.html
SHNGki AC-DC 5V3A 9V1.7A 12V1.3A 15V1A Switching Power Supply Module Bare Circuit 220V To 5 9 12 15V Board For Replace Repair,₱138.54,N/A,https://www.lazada.com.ph/products/pdp-i5021797378.html
Water Level Control System Level Pressure 500m Range Liquid Level Transducer Transmitter 4-20mA 0-5V 0-10V RS485 Output Monitor System Level Water Power DC 24V,"₱2,154.34",N/A,https://www.lazada.com.ph/products/pdp-i3512068517.html
XYT JGB37-555 High Quality Planetary motor DC 12v/24v PMDC 555 Brushed GEAR MOTOR for FAN & Home Appliance,₱650.00,N/A,https://www.lazada.com.ph/products/pdp-i5281799099.html
"ACP400/ 450/500/600 Aluminium access ports, access ports with locking mechanism, outward opening inspection ports, pipe, ceiling, wall, wall hole inspection ports, WHITE MANHOLE COVER NEW MODEL MACDESIGN",₱475.00,N/A,https://www.lazada.com.ph/products/pdp-i4078801465.html
FAMILIFE Hanging Ring Window Curtain Nordic Style Printed Curtain Blackout Curtains For Bedrooms and Living Room (NO CURTAIN ROD),₱99.00,N/A,https://www.lazada.com.ph/products/pdp-i5175771572.html
FIVB MEN'S VOLLEYBALL WORLD CHAMPIONSHIP 2025 STICKERS,₱50.00,N/A,https://www.lazada.com.ph/products/pdp-i5219295022.html
New original 4pcs 2Pairs ( 2Pcs NJW0302G + 2Pcs NJW0281G ) TO-3P NJW0302 NJW0281 NPN PNP 15A 250V 150W Silicon Power Transistor Brand,₱174.00,N/A,https://www.lazada.com.ph/products/pdp-i3439919239.html
Led Tube Light T5 T8 220v Fluorescent Indoor Kitchen Under Cabinet 30cm 50cm Bar Desk Table Lamp For Family Bedroom Office And Dormitory Wall Lighting,₱250.00,N/A,https://www.lazada.com.ph/products/pdp-i4500642040.html
【Buy 1 Take 1】Bearing 150KG outdoor folding chair Portable camping chair Fishing chair Beach chair Moon chair,₱728.00,N/A,https://www.lazada.com.ph/products/pdp-i4691160840.html
MPPT Solar Panel Boost Controller 450W Electric Vehicle Solar Charger 48V 60V 72V High Efficiency Silent Operation,"₱1,984.00",N/A,https://www.lazada.com.ph/products/pdp-i5164628826.html
"MAKITA Cordless Lithium Electric Saw 4""/8""/10""/12"" Electric Pruning Saw Rechargeable Lithium BatteryElectric Saw","₱2,300.00",N/A,https://www.lazada.com.ph/products/pdp-i4300495834.html
"""Coffee Menu"" Vintage Tin Metal Plate Sign 20x30cm",₱144.00,N/A,https://www.lazada.com.ph/products/pdp-i263539703.html
PowMr MPPT Solar Charger Controller 20A 30A 40A 12V/24V Solar Panel Regulator LCD Display Various Load Control Modes Support Lifepo4 Battery,"₱1,505.00",N/A,https://www.lazada.com.ph/products/pdp-i4131033230.html
"WARSUN T9 PRO 1500LM Mini EDC Flashlight | 365nm UV Light, Magnetic Side Light & Pocket Clip | USB-C Rechargeable | For Camping, Hiking, Car Repair & Daily Use",₱659.00,N/A,https://www.lazada.com.ph/products/pdp-i5401224924.html
ceyekids | Soft Bottom Ballet & Chinese Dance Shoes,₱174.71,N/A,https://www.lazada.com.ph/products/pdp-i5410723052.html
"Portable Solar Panel Charger With Adapter Cable Integrated Solar Panel Usb Charger Heavy Duty Solar Generator 18W 21W Solar Panel Only Folding Waterproof Outdoor Compatible with Portable Generator, Smartphones, Tablets and More",₱878.00,N/A,https://www.lazada.com.ph/products/pdp-i3999178159.html
AIMO Blind curtains no punching light blocking bathroom kitchen window shading pull type shading lifting roller shutter,₱299.00,N/A,https://www.lazada.com.ph/products/pdp-i5408629442.html
"black out shade for window,magnetic door curtain,partition room dividers,bedroom,living room,living room set",₱944.57,N/A,https://www.lazada.com.ph/products/pdp-i5266703500.html
200Watt 12V Solar Panel Complete Set with 10-100A Controller Monocrystalline PV Module for home appliances,"₱1,155.00",N/A,https://www.lazada.com.ph/products/pdp-i2965237790.html
BEIAOLORA | Puncture-Resistant Steel Insoles,₱322.34,N/A,https://www.lazada.com.ph/products/pdp-i15442093882.html
Ghjrty For Vivo Y17s Y27 Y36 Y22 Y16 Y35 Y11 Y12 Y20 Y21 Y15s Y02 V29e Poisonous Fluid Case,₱69.00,N/A,https://www.lazada.com.ph/products/pdp-i4387805693.html
【MotorrTop】400W MPPT Step-down Real-time Tracking Solar Battery Recharging Controller LED Display 10~30V Output Voltage Adjustable Dustproof Waterproof,"₱2,975.00",N/A,https://www.lazada.com.ph/products/pdp-i3439382325.html
YAOLAN | Educational Racing Adventure Game Machine,"₱1,184.00",N/A,https://www.lazada.com.ph/products/pdp-i5351647646.html
Buck Converter 600W 25A DC-DC 12V-75V TO 5V 19V 21V 24V 48V Adjustable buck converter Step-Down Power Module DIY Buck Regulator,₱357.53,N/A,https://www.lazada.com.ph/products/pdp-i15499560624.html
AC GLASS: DOUBLE ROLLER 798 Series STEEL (with bearing),₱34.00,N/A,https://www.lazada.com.ph/products/pdp-i3223722854.html
12V Step up to 24V Converter Regulator 5A 120W Power Supply Adapter for Motor,₱547.30,N/A,https://www.lazada.com.ph/products/pdp-i4980543008.html
1pc DC-DC Step Down Module Converter Switching DC Regulator 15V-72V 18V 24V 36V 48V 60V To 12V 2A 24-36W 63x32x18mm Dust-proof,₱302.99,N/A,https://www.lazada.com.ph/products/pdp-i4706251347.html
Wavy Spiral Half Lababo Curtain 32inches x 58inches,₱60.00,N/A,https://www.lazada.com.ph/products/pdp-i5229623456.html
Retro Industrial Style Rusty Phone Case for IPhone 16 15 14 13 12 11 Pro Max Mini X XR XSMAX 8 7 Plus Anti Fall Matte Back Cover,₱99.00,N/A,https://www.lazada.com.ph/products/pdp-i5213684933.html
4000W/60Hz(Peak) Solar System with battery set Inverter DC 12V to AC 220V Solar Panel and solar Battery with solar charge Controller solar powered generator complete set,"₱3,955.00",N/A,https://www.lazada.com.ph/products/pdp-i2914344484.html
Manila Spot for Samsung A50 2019 A505 A505F A505DS Housing Case Middle Frame Cover+Battery Back Cover Rear Cover+Camera Lens Cover,₱195.00,N/A,https://www.lazada.com.ph/products/pdp-i4547951827.html
New upgrade 60KTYZ Permanent Magnet Synchronous Motor AC 220V 14W Gear Motor 2.5rpm,₱359.00,N/A,https://www.lazada.com.ph/products/pdp-i3857708693.html
"160/170/600PCS Transistor Assortment Kit - 15, 16, 17 Values PNP NPN Set Including S9012, S9013, 2N2222, S9015, S9018 TO-92",₱174.36,N/A,https://www.lazada.com.ph/products/pdp-i4547078426.html
PowMr 100A MPPT Parallel Solar Charger Controller 12V-48V Auto Blacklight LCD Regulator Max PV Input 160VDC Support Lifepo4 Battery Can Parallel Up to 12 Units Battery Charger,"₱6,345.00",N/A,https://www.lazada.com.ph/products/pdp-i5128512303.html
Reusable Nylon Reverse Buckle Velcro Self-adhesive Cable Tie Velcro Cable Tie Sticky Thread Finishing Tape,₱6.00,N/A,https://www.lazada.com.ph/products/pdp-i4163508204.html
【Heavy Duty Thick】Preferred outdoor 4mx9m thickened sun shade net outdoor garden balcony car shed farm greenhouse cover sun shade net tent,₱209.00,N/A,https://www.lazada.com.ph/products/pdp-i5014351487.html
Enhanced Edition Heavy Door wall horizontal bar steel 350 KG household Gym Workout Chin up Pull Up Push Up Training Bar Sport Fitness Sit-ups Fitness Equipment Wall Mounted Heavy Duty Pull Up Bar Wall Mounted Chin Up Bar for Home Gym Fitness Exercise,₱899.00,N/A,https://www.lazada.com.ph/products/pdp-i4136711516.html
"Side Mirror Lens for Toyota Wigo (2014 - 2019), Toyota Avanza (2011 - 2019)",₱599.00,N/A,https://www.lazada.com.ph/products/pdp-i3425898173.html
Buck Converter 200W 15A DC-DC 8-55V 48V TO 1-36V 5V 12V 24V 19V Buck Converter Step-Down Power Module,₱402.46,N/A,https://www.lazada.com.ph/products/pdp-i4380093634.html
【COD】BOSCH Mini 20''22'' 24inch Gasoline Chain Saw 5.8/9.9W High Power 58/78CC Logging Chain Saw Free Accessories,"₱3,365.00",N/A,https://www.lazada.com.ph/products/pdp-i5180000832.html
Metal Gear Motor 24V 90RPM DC High Torque Electric DC Worm Gear Box Motor Speed Reducer Motor,₱599.00,N/A,https://www.lazada.com.ph/products/pdp-i4074230733.html
Blinds for Windows Korean Blinds Venetians Duo Roller Blackout Roller 70/90/100/110/120/130/140/150/160/170/180cmCurtain,₱299.00,N/A,https://www.lazada.com.ph/products/pdp-i5393734246.html
100% Blackout Curtain Roller Blinds Shades Sleek Eco-Friendly Window Blinds for Home & Office,₱228.00,N/A,https://www.lazada.com.ph/products/pdp-i5013887385.html
DEWALT Cordless Impact Wrench Heavy Duty Electric Brushless Screwdriver 1/2 inch High Torque Impact Drill Rechargeable,"₱1,488.00",N/A,https://www.lazada.com.ph/products/pdp-i5143379159.html
"ZENTOR Deli 680W Corded Electric Drill with Variable Speed and Hammer Function, 13MM Impact/Flat Drill",₱999.00,N/A,https://www.lazada.com.ph/products/pdp-i5131839213.html
ZIMENGYUAN | Magnetic Side Open Mosquito Preventing Curtain Mesh Window No Drill Installation Magnetic Net Ventilation Screen,₱445.20,N/A,https://www.lazada.com.ph/products/pdp-i5289554421.html
Dewalt original brushless cordless angle grinder heavy duty power tools car polisher/wood cutting polisher grinder rechargeable set with 2 battery,"₱2,929.00",N/A,https://www.lazada.com.ph/products/pdp-i4931883779.html
Solid Wooden Doorbell Aesthetic Magnetic Brass Wind Chimes Wireless Doorbell Entrance Door Bell Pendant Home Decor Minimalism,₱116.00,N/A,https://www.lazada.com.ph/products/pdp-i5108622359.html
Universal Roller Blind Suction Cup Sunshade Blackout Curtain Car Bedroom Kitchen Office Window,₱151.00,N/A,https://www.lazada.com.ph/products/pdp-i5083956533.html
"【XINJIA】For Lithium LiFePo4, Lead-Acid Battery Support- MPPT Solar Charger Controller 60A with Fan Cooling 12V 24V 36V 48V Regulator",N/A,N/A,N/A
