name,price,ratings,url
Wind Driven Generator Controller 12/24V 800W MPPT Wind Charge Controller Wind Turbine Generator Controller with Monitor,"₱1,195.50",N/A,https://www.lazada.com.ph/products/pdp-i15396686073.html
Wind Driven Generator Controller 12/24V 800W MPPT Wind Charge Controller Wind Turbine Generator Controller with Monitor,"₱1,071.00",N/A,https://www.lazada.com.ph/products/pdp-i3729303076.html
12V 24V 16A Wind Turbine Controller 300W-1000W Step Up Type MPPT PWM Wind Charge Controller Regulator,₱624.38,N/A,https://www.lazada.com.ph/products/pdp-i4611867539.html
【Trivony】 1000-5000W MPPT Charge Controller 12V/24V AUTO 48V 10A-40A Wind Turbine Generator Water Proof Regulator Rectifier Factory Price,"₱1,672.00",N/A,https://www.lazada.com.ph/products/pdp-i5254004133.html
Wind Driven Generator Controller 12/24V 800W MPPT Wind Charge Controller Wind Turbine Generator Controller with Monitor,"₱1,213.50",N/A,https://www.lazada.com.ph/products/pdp-i15461040190.html
Lepmerk Wind Turbine Controller Automatic Battery Matching Wind Turbine Charge Controller 12V 24V Universal MPPT Charging 20A for Outdoor,₱885.00,N/A,https://www.lazada.com.ph/products/pdp-i15458843750.html
Wind Driven Generator Controller 12/24V 800W MPPT Wind Charge Controller Wind Turbine Generator Controller with Monitor,"₱1,160.50",N/A,https://www.lazada.com.ph/products/pdp-i15425045778.html
MPPT Wind Generator Controller MPPT Wind Turbine Charge Controller 100W‑600W with LED Indicator for Lighting,"₱1,390.00",N/A,https://www.lazada.com.ph/products/pdp-i5049696036.html
GARRYFIZH MPPT Wind Turbine Charger Controller 300W - 1000W 12V 24V 40A Mini Wind Turbine Generator Regulator IP67 Low Voltage Controller with Digital LED Indicator,₱855.00,N/A,https://www.lazada.com.ph/products/pdp-i5257831473.html
MPPT Wind Solar Hybrid Charge Controller Wind 1200W & Solar 1000W 12/24V/48V Automatic Hybrid Controller With Dump Load Resistor,"₱5,623.67",N/A,https://www.lazada.com.ph/products/pdp-i4224169351.html
MPPT Wind Solar Hybrid Controller Dump Load Above 12/24V 800W Fan,"₱2,283.00",N/A,https://www.lazada.com.ph/products/pdp-i5006899522.html
High-power solar wind energy charging controller 12/24v full-automatic universal remote MPPT lithium battery 0V startup,"₱6,067.98",N/A,https://www.lazada.com.ph/products/pdp-i4999849867.html
【Weliba】 Flexible and Reliable MPPT Wind Turbine Controller IP67 Waterproof Design [New Products Hot Sale],"₱1,573.00",N/A,https://www.lazada.com.ph/products/pdp-i15457021705.html
Reliable and Safe IP67 Waterproof Wind Turbine Controller with MPPT Technology,"₱1,855.00",N/A,https://www.lazada.com.ph/products/pdp-i15456050190.html
【FUXING】 500W 800W MPPT Wind Power Controller for 12V 24V Batteries IP67 For protection [not miss it][expectancy],"₱1,573.00",N/A,https://www.lazada.com.ph/products/pdp-i15426684207.html
PENGGONG Wear Resistant MPPT Wind Turbine Controller 500800W for Home Applications,"₱2,028.00",N/A,https://www.lazada.com.ph/products/pdp-i15422885549.html
PENGGONG MPPT Wind Turbine Charge Controller 800W 12V 24V IP67 Waterproof Overcharge,"₱2,408.00",N/A,https://www.lazada.com.ph/products/pdp-i15461722461.html
【RlGIYH】Hybrid Wind Solar Controller MPPT Charging Boost Wind Turbine Generator Solar Panel Home Street Light Controller,"₱1,566.47",N/A,https://www.lazada.com.ph/products/pdp-i5307921739.html
MPPT Wind Low Voltage Controller Wind Generator Controller with LED Display for 12V 24V Battery Universal Wind Boost IP67 Protection Grade,"₱1,390.00",N/A,https://www.lazada.com.ph/products/pdp-i5301234799.html
【Rockhouse】 500800W Wind Generator Controller with MPPT Technology and IP67 Rating [New Products],"₱1,707.00",N/A,https://www.lazada.com.ph/products/pdp-i15408267808.html
Wind Driven Generator Controller 12/24V 800W MPPT Wind Charge Controller Wind Turbine Generator Controller with Monitor,"₱1,160.50",N/A,https://www.lazada.com.ph/products/pdp-i5219947279.html
【FUXING】 Wind Turbine MPPT Controller 500W 800W Bolt Mount Design IP67 For protection [buy now],"₱1,809.00",N/A,https://www.lazada.com.ph/products/pdp-i15427271103.html
12/24/48v 2800w Mppt Hybrid Wind Solar Charge Controller Boost Regulator Max Support 1600w Wind Turbine,"₱7,599.00",N/A,https://www.lazada.com.ph/products/pdp-i3848416563.html
Wind Controller 300W?1000W MPPT PWM Boost Regulator for 12V 24V Batteries,₱960.00,N/A,https://www.lazada.com.ph/products/pdp-i5049673511.html
MPPT Wind Controller Efficient Charging Controller Wind Generator for 12V 24V Battery,"₱1,443.00",N/A,https://www.lazada.com.ph/products/pdp-i5049560611.html
Lepmerk MPPT Wind Solar Hybrid Charge Controller Dump Load For Above 12/24V 800W Fan,"₱2,283.00",N/A,https://www.lazada.com.ph/products/pdp-i15438324602.html
【liuxiaomei】Wind Driven Generator Controller 12/24V 800W MPPT Wind Charge Controller Wind Turbine Generator Controller with MonitorHope you have a pleasant shopping experience<br><br>,"₱1,160.50",N/A,https://www.lazada.com.ph/products/pdp-i15405043799.html
BOSTO Wind Turbine Controller High Efficiency Wind Turbine Generator Controller MPPT Control 12V 24V Fast Heat Dissipation for Home Use,"₱1,342.57",N/A,https://www.lazada.com.ph/products/pdp-i15453290154.html
【Rockhouse】 MPPT Wind Turbine Controller with Boost Charging Tech 500W 800W 12V 24V [New Products],"₱1,735.00",N/A,https://www.lazada.com.ph/products/pdp-i15405604597.html
MPPT Wind Charge Controller Boost Voltage Wind Generator 12V 24V 40A 300W 1000W for Industrial Energy Recovery,"₱1,145.00",N/A,https://www.lazada.com.ph/products/pdp-i5301344579.html
1400W MPPT WIND SOLAR HYBRID CHARGE CONTROLLER 12/24V AUTO FOR 800W WIND+600W SOLAR,"₱17,780.00",N/A,https://www.lazada.com.ph/products/pdp-i334720056.html
MPPT wind generator lead-acid lithium battery rectifier controller 300W600 12V24V1000W48,"₱7,013.64",N/A,https://www.lazada.com.ph/products/pdp-i5114426765.html
Naier Wind Power 100W-600W Wind Generator Mppt Boost Controller Fan Controller Low Voltage Charging,"₱3,798.40",N/A,https://www.lazada.com.ph/products/pdp-i4897347156.html
NANWEI Boost Wind Turbine Controller High Efficiency Automatic Step Up Type MPPT Fast Heat Dissipation 16A Wind Charge Controller for Home,₱960.00,N/A,https://www.lazada.com.ph/products/pdp-i15407227571.html
Lepmerk MPPT Wind Solar Controller 24V 48V Wind Solar Hybrid Controller LCD Automatic Recognition Wind 1000W for Street Lamp,"₱13,081.00",N/A,https://www.lazada.com.ph/products/pdp-i15408765975.html
BOSTO MPPT Wind Turbine Charge Controller High Efficiency 100W‑600W Universal MPPT Wind Generator Controller Fast Heat Dissipation with LED Indicator for Lighting,"₱1,277.57",N/A,https://www.lazada.com.ph/products/pdp-i15410438093.html
BOSTO ERYUE Intelligent MPPT Wind Solar Hybrid Charge Controller for Above 12/24V 800W Fan Suitable for WindSolar Hybrid Systems,"₱2,071.50",N/A,https://www.lazada.com.ph/products/pdp-i15421932275.html
Waterproof mppt wind turbine low wind speed booster charging controller 12v24v48v300w600w800w.,"₱3,546.22",N/A,https://www.lazada.com.ph/products/pdp-i5052566265.html
Lepmerk Wind Solar Hybrid Charge Controller MPPT 1000W Wind Turbine and 1000W Solar Panel Charge Controller with Boost Function and Dump Load,"₱11,040.00",N/A,https://www.lazada.com.ph/products/pdp-i15463448096.html
400W600W12V24V Automatic Identification Small Wind Turbine Controller Waterproof Home MPPT Controller,"₱11,741.94",N/A,https://www.lazada.com.ph/products/pdp-i4831305648.html
Wind Generator Charge Controller Wind Turbine Controller MPPT Multilateral Bottom Plate for Farm,"₱2,488.00",N/A,https://www.lazada.com.ph/products/pdp-i5048383276.html
Lepmerk Aumotop Wind Generator Regulator with MPPT Control Method for Optimal Charging - Ideal for Building Ventilation Systems,"₱1,145.00",N/A,https://www.lazada.com.ph/products/pdp-i15421517708.html
(With MPPT controller)500W Wind Turbines Generator AC12V/24V Wind Turbines Generator with 3 Blades,"₱7,150.00",N/A,https://www.lazada.com.ph/products/pdp-i3150125074.html
🔶(With MPPT controller)300W/400W/500W/600W Wind Turbines Generator AC12V/24V Wind Turbines Generator with 3 Blades,"₱7,099.00",N/A,https://www.lazada.com.ph/products/pdp-i4942721103.html
( With MPPT controller)500W Wind Generator AC12V/24V Wind Turbines Wind Turbines Generator with 3 Nylon Fiber Blades,"₱7,152.00",N/A,https://www.lazada.com.ph/products/pdp-i4458724265.html
【With Mppt Control】Wind Generator 300W / 400W / 500W / 600W Wind Generator 12V 24V Wind Turbines Wind Turbines Generator with 3 Nylon Fiber Blades Not Included Pole,"₱7,199.00",N/A,https://www.lazada.com.ph/products/pdp-i5104301620.html
Naier Wind Power 100W-600W Wind Generator Mppt Boost Controller Fan Controller Low Voltage Charging,"₱3,798.40",N/A,https://www.lazada.com.ph/products/pdp-i5026900760.html
Wind Solar Hybrid Controller Wind Solar Regulator Aluminum Alloy Boost MPPT Technology LCD Screen Display Safe and Reliable 12V 24V for Home,"₱11,512.00",N/A,https://www.lazada.com.ph/products/pdp-i5301884225.html
Naier Wind Power 100W-600W Wind Generator Mppt Boost Controller Fan Controller Low Voltage Charging,"₱3,798.40",N/A,https://www.lazada.com.ph/products/pdp-i5027817145.html
[frthrthrt]MPPT 60A Solar Charging Charger Controller with Fan Cooling 12V 24V 36V 48V Regulator for Lithium LiFePo4& Lead-Acid Battery Systems,"₱4,910.70",N/A,https://www.lazada.com.ph/products/pdp-i15445053821.html
Naier Wind Power 100W-600W Wind Generator Mppt Boost Controller Fan Controller Low Voltage Charging,"₱4,113.62",N/A,https://www.lazada.com.ph/products/pdp-i4894097788.html
Waterproof mppt wind turbine low wind speed booster charging controller 12v24v48v300w600w800w.,"₱3,546.22",N/A,https://www.lazada.com.ph/products/pdp-i4873402901.html
NANWEI Wind Solar Charge Controller MPPT Wind Solar Controller 24V 48V Automatic Recognition for Ship,"₱13,081.00",N/A,https://www.lazada.com.ph/products/pdp-i15427664666.html
NANWEI Wind Solar Hybrid Charge Controller MPPT 1000W Wind Turbine and 1000W Solar Panel Charge Controller with Boost Function and Dump Load,"₱13,549.00",N/A,https://www.lazada.com.ph/products/pdp-i15404743505.html
BOSTO Wind Solar Hybrid Charge Controller MPPT 1000W Wind Turbine and 1000W Solar Panel Charge Controller with Boost Function and Dump Load,"₱9,717.30",N/A,https://www.lazada.com.ph/products/pdp-i15404800882.html
MPPT wind generator lead generator 300W600 12-acid lithium battery rectifier control V24V1000W48 MP,"₱9,456.60",N/A,https://www.lazada.com.ph/products/pdp-i4931596969.html
400W600W12V24V Automatic Identification Small Wind Turbine Controller Waterproof Home MPPT Controller,"₱6,067.98",N/A,https://www.lazada.com.ph/products/pdp-i4890119074.html
Mppt Intelligent Boost Photovoltaic Wind Turbine Controller 12/24/48V Wind-solar Complementary Controller,"₱14,232.18",N/A,https://www.lazada.com.ph/products/pdp-i4989473646.html
MPPT wind generator lithium battery rectifier controller 300W600 12V24V1000W24V48,"₱17,857.21",N/A,https://www.lazada.com.ph/products/pdp-i4993103871.html
【Popular Categories】 Mppt Wind Turbine Charge Controller 12v 24v Auto 48v Water Proof Regulator For 100w-3000w Small Windmill Generator,₱817.83,N/A,https://www.lazada.com.ph/products/pdp-i5030655308.html
【No-Questions-Asked Refund】 Wind Driven Generator Controller 12/24V 800W MPPT Wind Charge Controller Wind Turbine Generator Controller With,"₱1,919.30",N/A,https://www.lazada.com.ph/products/pdp-i5189262851.html
【Tech-savvy】 3000w 10a 20a 30a 40a 12v 24v Auto 48v Mppt Wind Charge Controller For Wind Turbine Generator Water Proof Ip67,₱933.83,N/A,https://www.lazada.com.ph/products/pdp-i5030640369.html
400W600W12V24V Automatic Identification Small Wind Turbine Controller P Waterproof Home MPPT Control,"₱13,318.04",N/A,https://www.lazada.com.ph/products/pdp-i4861596905.html
Photosynthetic silicon energy solar wind-solar complementary controller MPPT12v24v photovoltaic wind generator charger,"₱20,505.06",N/A,https://www.lazada.com.ph/products/pdp-i4992731686.html
【No-Questions-Asked Refund】 Mppt 100w -1000w Waterproof Pwm Wind Turbine Charge Controller 20a 30a Low Wind Speed Regulator Voltage Boost 12v 24v Auto 48v,₱824.83,N/A,https://www.lazada.com.ph/products/pdp-i5030659311.html
【Tech Max Store】 MPPT Charge Controller 12V/24V 48V 10A-40A Wind Turbine Generator Waterproof Regulator Rectifier,"₱1,490.30",N/A,https://www.lazada.com.ph/products/pdp-i5411651044.html
【GoS】-Wind Driven Generator Controller 12/24V 800W MPPT Wind Charge Controller Wind Turbine Generator Controller with Monitor,"₱1,194.90",N/A,https://www.lazada.com.ph/products/pdp-i4342989336.html
Wind-solar complementary controller MPPT solar wind turbine 12V24V36V48V60 universal APP remote.,"₱27,439.90",N/A,https://www.lazada.com.ph/products/pdp-i4848432456.html
【Lowest Prices Online】 MPPT Waterproof PWM Wind Turbine Charge Controller 20A 30A 40A Low Wind Speed Regulator Voltage Boost 12V 24V AUTO 48V 5KW,"₱1,286.30",N/A,https://www.lazada.com.ph/products/pdp-i15462948682.html
【Wireless】 Mppt Wind Turbine Generator Controller 500W 3000W Wind Power Generating Controller with Overcharging Protection Ip67 Waterproof,"₱1,240.30",N/A,https://www.lazada.com.ph/products/pdp-i15463181708.html
【KaArtsy】 1000-5000W MPPT Charge Controller 12V/24V AUTO 48V 10A-40A Wind Turbine Generator Water Proof Regulator Rectifier Factory Price,"₱1,503.30",N/A,https://www.lazada.com.ph/products/pdp-i5331512647.html
【sought-after】 MPPT 1000W-5000W Waterproof 12V 24V 48V PWM Wind Turbine Charge Controller 10A 40A Low Wind Speed Regulator Voltage Boost,₱919.30,N/A,https://www.lazada.com.ph/products/pdp-i5189271635.html
【Exclusive Discount】 1000-5000W MPPT Charge Controller 12V/24V AUTO 48V 10A-40A Wind Turbine Generator Water Proof Regulator Rectifier Factory Price,"₱1,462.30",N/A,https://www.lazada.com.ph/products/pdp-i5307513307.html
Photosynthetic silicon energy solar wind-solar complementary controller MPPT12v24v photovoltaic wind generator charger,"₱20,505.06",N/A,https://www.lazada.com.ph/products/pdp-i5039041345.html
【TIANXIN MALL】 1000-5000W MPPT Charge Controller 12V/24V AUTO 48V 10A-40A Wind Turbine Generator Water Proof Regulator Rectifier Factory Price,"₱1,652.30",N/A,https://www.lazada.com.ph/products/pdp-i5257655821.html
MPPT 48V Wind Turbine Charge Controller IP67 Waterproof Design for 0 to 600w for Led Automatic Operation Generator,"₱1,418.10",N/A,https://www.lazada.com.ph/products/pdp-i15459876323.html
【Deal of the day】 MPPT Wind Turbine Generator Controller 500W 3000W Wind Power Generating Controller With Overcharging Protection IP67 Waterproof,"₱1,238.30",N/A,https://www.lazada.com.ph/products/pdp-i5189277666.html
Wind Driven Generator Controller 12/24V 800W MPPT Wind Charge Controller Wind Turbine Generator Controller with Monitor,"₱1,195.50",N/A,https://www.lazada.com.ph/products/pdp-i15458923608.html
【Value Bundle】 MPPT 100w -10000W Waterproof PWM Wind Turbine Charge Controller 20A 30A Low Wind Speed Regulator Voltage Boost 12V 24V AUTO 48V,₱930.30,N/A,https://www.lazada.com.ph/products/pdp-i5189266693.html
【Best value】 100-1000w Mppt Charge Controller 12v/24v Auto 48v 10a-40a Wind Turbine Generator Water Proof Regulator Rectifier Factory Price,"₱1,420.00",N/A,https://www.lazada.com.ph/products/pdp-i4406868395.html
12V/24V 800W MPPT Wind Turbine Generator Controller Low Voltage Charging Regulator IP67 With Voltage Display For 800W Wind,"₱1,322.85",N/A,https://www.lazada.com.ph/products/pdp-i15472474534.html
KKmoon MPPT Wind Generator Controller Universal 100W‑600W MPPT Wind Turbine Charge Controller High Efficiency with LED Indicator for Lighting,"₱1,153.57",N/A,https://www.lazada.com.ph/products/pdp-i15500478971.html
Meterk Fesjoy MPPT Solar Regulator Efficient Charging Controller for Various Batteries,₱428.00,N/A,https://www.lazada.com.ph/products/pdp-i15501457755.html
TOMSHOO Solar Charge Controller Smart 12V 24V MPPT Solar Charge Controller Automatic Adaptation for Yacht Ships for Solar Billboards for Villas,₱734.42,N/A,https://www.lazada.com.ph/products/pdp-i15495276861.html
Meterk Solar Panel Regulator Low Heating Dual USB Output MPPT Solar Panel Controller Multi Protection for Tablet,₱818.00,N/A,https://www.lazada.com.ph/products/pdp-i15501189738.html
TOMSHOO Solar Charge Controller 12V 24V Automatic Adaptation Wear Resistant MPPT Tracking Charging Solar Charge Regulator for Villa,₱867.19,N/A,https://www.lazada.com.ph/products/pdp-i15490283857.html
Gracekarin safe and efficient wind energy conversion with this MPPT controller NEW,"₱1,538.00",N/A,https://www.lazada.com.ph/products/pdp-i15430737319.html
BOSTO Solar Charge Regulator Solar Charge Controller MPPT Accurate for Industry,"₱1,073.51",N/A,https://www.lazada.com.ph/products/pdp-i15494153797.html
Andoer MPPT Wind Solar Hybrid Charge Controller Dump Load For Above 12/24V 800W Fan,"₱2,058.00",N/A,https://www.lazada.com.ph/products/pdp-i15495330543.html
IP65 Original 600W MPPT Solar Charge Controller 40A 10-30V Adjustable OLED Display Smart Fan Photovoltaic,"₱2,499.00",N/A,https://www.lazada.com.ph/products/pdp-i15496602809.html
TOMSHOO Solar Charge Controller Auto Focus ABS High Charging Efficiency Real Time Display MPPT Tracking Charge Regulator for Camping,₱367.58,N/A,https://www.lazada.com.ph/products/pdp-i15501807558.html
Zonejoy Solar Controller Solar Controller Parameters MPPT Adjustable Tracking for Street Lighting (80A),"₱1,126.95",N/A,https://www.lazada.com.ph/products/pdp-i15492860013.html
Aibecy 450W MPPT Solar Charge Controller LED Display High Efficiency for Lithium LiFePO4 Gel Battery,"₱1,445.55",N/A,https://www.lazada.com.ph/products/pdp-i15492931127.html
Zonejoy MPPT Wind Generator Controller IP67 Boost Voltage Wind Generator Regulator for Industrial Fan Control Building Ventilation System,₱829.00,N/A,https://www.lazada.com.ph/products/pdp-i15483853838.html
TOMSHOO Solar Charge Controller MPPT Solar Charge Controller 12V 24V Multiple Protection for Solar Billboards for Outdoor RVs for Solar Power Generation Systems,₱734.42,N/A,https://www.lazada.com.ph/products/pdp-i15499421744.html
BOSTO Solar Charge Regulator 12V 24V Solar Power Controller MPPT Charging ABS Shell Multi Protections Efficient for Business,"₱1,117.19",N/A,https://www.lazada.com.ph/products/pdp-i15494156922.html
PENGGONG MPPT For Solar Charge Controller with Dual Port LCD Display for RVs Boats,₱594.00,N/A,https://www.lazada.com.ph/products/pdp-i15468616379.html
Aoresac MPPT Solar Controller Photovoltaic Controller High Efficiency 150W Short Circuit Protection for Outdoor,"₱1,160.00",N/A,https://www.lazada.com.ph/products/pdp-i15492549886.html
Zonejoy KIMISS MPPT Solar Controller 3 Phase Charging Protective Solar Panel Battery Regulator 12V 24V 60A Professional Accessories (50A) KIMISSqsti68y0ar-12,₱897.99,N/A,https://www.lazada.com.ph/products/pdp-i15499141095.html
Nafurno Solar Charge Controller Multiple Protection 10A 12V 24V MPPT Solar Charge Controller with LCD Display for Yacht Ships for Villas for Solar Billboards,₱737.95,N/A,https://www.lazada.com.ph/products/pdp-i15493445355.html
GARRYFIZH MPPT Wind Charger Controller Efficient Heat Dissipation Battery IP67,"₱1,034.04",N/A,https://www.lazada.com.ph/products/pdp-i15496440009.html
Zonejoy Solar Charge Controller MPPT Short Circuit Protection Solar Charge Regulator Parameters Adjustable for Home,₱912.99,N/A,https://www.lazada.com.ph/products/pdp-i15482042381.html
GARRYFIZH Solar Panel Controller 12V 24V Auto Identification Solar Panel Regulator Accurate Adjustable MPPT Low Heating for Home,₱685.99,N/A,https://www.lazada.com.ph/products/pdp-i15482910495.html
Zonejoy 12V 24V Three Stage MPPT Solar Controller Solar Panel Regulator ABS Housing for Panel System Parts (50A),₱986.99,N/A,https://www.lazada.com.ph/products/pdp-i15481941524.html
BOSTO Wind Generator Controller 1000W MPPT Waterproof IP67 Protection Wind Turbine Charging Controller for Factory,"₱1,820.76",N/A,https://www.lazada.com.ph/products/pdp-i15501133074.html
Waterproof MPPT Boost Controller for Wind Turbine,₱973.00,N/A,https://www.lazada.com.ph/products/pdp-i15456302856.html
KKmoon Solar Control Regulator MPPT Solar Charge Controller LCD Display LCD Solar Regulator for Industrial for Commercial,₱841.00,N/A,https://www.lazada.com.ph/products/pdp-i15476595421.html
BOSTO Solar Panel Regulator MPPT Multi Protection Low Heating Solar Charge Controller 12V 24V Auto Identification Accurate for Home,₱684.19,N/A,https://www.lazada.com.ph/products/pdp-i15494239153.html
Nafurno Solar Controller 12V 24V Auto Adjust MPPT Tracking Charging LCD Solar Controller Easy Use with 2 DC USB for Yacht (10A),₱835.00,N/A,https://www.lazada.com.ph/products/pdp-i15494830300.html
Zonejoy MPPT ControllerMPPT Solar Pane MPPT Solar 12V 24V 20A Control Board Dis Controller Single Chip This Unparalleled Discover Solar Which Single Control Offers Regulator Panel,"₱1,828.02",N/A,https://www.lazada.com.ph/products/pdp-i15501165592.html
MPPT Automatic Universal Solar Controller,₱686.00,N/A,https://www.lazada.com.ph/products/pdp-i15418442387.html
Zonejoy Efficient MPPT Wind Charger Controller with Features IP67 Heat Dissipation,"₱1,034.04",N/A,https://www.lazada.com.ph/products/pdp-i15485051947.html
Aoresac Solar Energy Controller MPPT Solar Controller Anti Backflow for Charger,"₱1,077.00",N/A,https://www.lazada.com.ph/products/pdp-i15490242902.html
【SUNNY2015 SHIPPING】100A MPPT Solar Charge Controller Dual USB LCD Display 12V/24V Auto Solar Cell Panel Charger Regulator with Load Easy Install,"₱1,237.00",N/A,https://www.lazada.com.ph/products/pdp-i15446970221.html
【FURONGHUA】 MPPT Controller 30A for Enhanced Solar Power Management Adaptive for 12V/24V 【New product】,"₱1,599.00",N/A,https://www.lazada.com.ph/products/pdp-i15489205495.html
【Rockhouse】 MPPT For Solar Charge Controller Supporting Acid GEL NiMH Li Ion Batteries [New Products],₱418.00,N/A,https://www.lazada.com.ph/products/pdp-i15434494673.html
"Y&H MPPT 40A/60A/100A 12V/24V Auto Focus Tracking Solar Panel Charge Controller Regulator with Dual USB Port,LCD Display, Model:Wanderer BL912 (Blue)",₱326.00,N/A,https://www.lazada.com.ph/products/pdp-i1884032624.html
Andoer Wind Turbine Charging Controller 48V Rated Reliable MPPT Wind Generator Charge Controller Waterproof for Factory,"₱1,990.76",N/A,https://www.lazada.com.ph/products/pdp-i15492436571.html
Zonejoy MPPT Wind Controller 100W 400W 12V 24V LED Light Regulator Good Heat Dissipation Effect Charging Control (5A),₱698.00,N/A,https://www.lazada.com.ph/products/pdp-i15490878725.html
Moketa Mppt Solar Charge Controller 100a 30a Power Dual USB Lcd Display 12V/24V Battery Controller,₱484.00,N/A,https://www.lazada.com.ph/products/pdp-i15481578445.html
[Trivony] 1000-5000W MPPT Charge Controller 12V/24V AUTO 48V 10A-40A Wind Turbine Generator Water Proof Regulator Rectifier Factory Price,"₱1,561.03",N/A,https://www.lazada.com.ph/products/pdp-i15492613141.html
KKmoon Solar Panel Regulator Reliable MPPT Multi Protection Solar Charge Controller IP30 Waterproof High Efficiency for RV,"₱4,502.56",N/A,https://www.lazada.com.ph/products/pdp-i15493808949.html
[Trivony] 1000-5000W MPPT Charge Controller 12V/24V AUTO 48V 10A-40A Wind Turbine Generator Water Proof Regulator Rectifier Factory Price-152c4c8b,"₱1,529.67",N/A,https://www.lazada.com.ph/products/pdp-i15466707362.html
Jimdary Garosa MPPT Solar Charger Controller Aluminum Alloy Charging 12V Solar for Dual Battery Systems with Efficient Discharge Management ( 2),"₱4,630.05",N/A,https://www.lazada.com.ph/products/pdp-i15483887855.html
【LeeandHan】 Wind Power 800W MPPT Controller 12V 24V with Overcharge and Waterproof Design,"₱1,932.00",N/A,https://www.lazada.com.ph/products/pdp-i15490005971.html
MPPT 720W Solar Charge Controller 25A MPPT Stepdown Input 18-80V Auto Buck Outpu For 12V 24V Lead-acid/Lithium battery/Gel Battery Real-time Tracking Adjustable,"₱1,550.62",N/A,https://www.lazada.com.ph/products/pdp-i15402913284.html
Solar Controller For MPPT for 12 24 Volt with LCD Display Auto Tracking 30A 40A,"₱1,015.00",N/A,https://www.lazada.com.ph/products/pdp-i15488440543.html
Domavana Auto Solar Charge Controller MPPT PMW Large Power 5V 3A USB Output LCD HD Display,₱465.00,N/A,https://www.lazada.com.ph/products/pdp-i15482626956.html
"Y&H Solar Charge Controller MPPT 40A/60A/100A 12V/24V Auto Focus Tracking Solar Panel Charge Controller Regulator with Dual USB Port,LCD Display",₱326.00,N/A,https://www.lazada.com.ph/products/pdp-i4603428240.html
"TaoZhong 40A/60A/100A Solar MPPT Charge Controller 12V/24V Auto Focus Tracking Solar Panel Charge Controller Regulator with Dual USB Port,LCD Display",₱356.00,N/A,https://www.lazada.com.ph/products/pdp-i1568304455.html
【Hot New Release】 Wind Turbine Generator Mppt Charge Controller 12v 24v Auto 48v Low Wind Speed Volatge Regulator For Windmill Three Phase,"₱1,118.47",N/A,https://www.lazada.com.ph/products/pdp-i4483833683.html
（PENGGONG)12 24 Volt For MPPT Solar Controller with LCD Display and Auto Tracking Tech,"₱1,024.00",N/A,https://www.lazada.com.ph/products/pdp-i15415845325.html
100-1000W Wind Controller 12V 24V 48V Water Proof MPPT Rectifier Brake Charging Rectifier Bridge Sliver Wind Turbine Generator,"₱2,940.92",N/A,https://www.lazada.com.ph/products/pdp-i15498260523.html
Zonejoy ZIZEV Solar Wind Hybrid Controller MPPT 12/24V 800W Fan Controller Unloading Resistor,"₱1,621.05",N/A,https://www.lazada.com.ph/products/pdp-i15490112187.html
Wind and Solar Hybrid Controller,"₱7,205.52",N/A,https://www.lazada.com.ph/products/pdp-i15417126574.html
【XIXINBO】 MPPT For Solar Charge Controller with Load Disconnect Protection LCD Dual Ports [not miss it][New product release],₱565.00,N/A,https://www.lazada.com.ph/products/pdp-i15438691752.html
MPPT 48V Wind Turbine Charge Controller IP67 Waterproof Design for 0 to 600w for Led Automatic Operation Generator,"₱1,418.10",N/A,https://www.lazada.com.ph/products/pdp-i15471090345.html
【FURONGHUA】 Wind Power Controller 500800W MPPT for 12V 24V Systems with IP67 Rating 【New product】,"₱1,660.00",N/A,https://www.lazada.com.ph/products/pdp-i15481579097.html
GARRYFIZH Solar Controller MPPT Solar Controller Automatic Identification LCD Display 2A 12/24V Solar Panel Regulator USB Output,₱507.00,N/A,https://www.lazada.com.ph/products/pdp-i15482886539.html
Zonejoy ZASCHMOY 20A Solar Charge Controller 12V 24V Automatic MPPT Solar Panel Battery Regulator with USB 5V Output Overcharge Overload Protection for RV Boat Home Off Grid System,"₱1,307.02",N/A,https://www.lazada.com.ph/products/pdp-i15482257050.html
"25A MPPT Step-Down Solar Charge Controller, 720W Input 18V-80V, Auto Buck Output for 12V/24V Lithium, Lead-Acid, Gel Batteries","₱1,382.00",N/A,https://www.lazada.com.ph/products/pdp-i15437872357.html
SRNE 40A 12V/24V MPPT Solar Charge Controller,"₱4,700.00",N/A,https://www.lazada.com.ph/products/pdp-i263768738.html
【SUNNY2015 SHIPPING】100A MPPT Solar Charge Controller Dual USB LCD Display 12V 24V Auto Solar Cell Panel Charger Regulator with Load,₱685.00,N/A,https://www.lazada.com.ph/products/pdp-i15446920753.html
"【Upgrade】LAIRTPOW 100A 80A 60A MPPT Solar Controller With Backlit LCD, 12V/24V/36V/48V AUTO, Wide Battery Compatibility, 1200W Max，Battery Voltage/Capacity Display, Blue","₱1,050.00",N/A,https://www.lazada.com.ph/products/pdp-i5205982593.html
Zamdon MPPT Solar Charge Controller 60A 12V24V,"₱5,999.00",N/A,https://www.lazada.com.ph/products/pdp-i3851047002.html
BOSTO MPPT Solar Charging Controller Maximum PV 180W 360W Solar Controller Easy Wiring 12V 24V for Home Industry,"₱2,538.85",N/A,https://www.lazada.com.ph/products/pdp-i15407215733.html
GARRYFIZH MPPT Solar Panel Controller Module MPPT Lithium Battery Charging Module Liion Multifunction LiFePO4 for -40℃ to ＋85℃ Automatic Charging,₱319.00,N/A,https://www.lazada.com.ph/products/pdp-i15490580065.html
MPPT Solar Charge Controller 60A30A20A 12V24V Auto LCD Dual USB,₱389.00,N/A,https://www.lazada.com.ph/products/pdp-i15442665797.html
SWIFTTIDE Digital Display MPPT Solar Controller 60A 80A 100A Protects Battery Battery Charger Useful 12V/48V Solar Control Panel Home Use,₱845.96,N/A,https://www.lazada.com.ph/products/pdp-i5356629183.html
Aibecy MPPT PV Solar Controller 12V 24V Voltage Regulation Photovoltaic Automatic Identification Solar Controller for Farm,₱643.95,N/A,https://www.lazada.com.ph/products/pdp-i5202090348.html
13000RPM Air Blower DC 12V With Speed Controller Blower Powered Fan Portable Blower for Stove kalan BBQ heater Charcoal Fire Starter Blower fan 9733 Cabinet Dust Extractors Strong Wind Blower air Cooling Fan,₱218.00,N/A,https://www.lazada.com.ph/products/pdp-i5203999314.html
【TTONG Mall】400W 12V 24V Wind Turbine Charge Controller Wind Generator Controller IP67 Waterproof,₱629.00,N/A,https://www.lazada.com.ph/products/pdp-i5322889741.html
【SUNNY2015 SHIPPING】100A MPPT Solar Panel Regulator Charge Controller Solar Controller 12V/24V Auto Focus Tracking,₱541.00,N/A,https://www.lazada.com.ph/products/pdp-i15446729847.html
KAYQEE | Wind Deflector Air Direction Control Panel Outdoor Air Conditioner,₱760.00,N/A,https://www.lazada.com.ph/products/pdp-i5291458643.html
【XIXINBO】 MPPT For Solar Charge Controller with Real Time LCD Display and Dual DC Ports [not miss it][New product release],₱418.00,N/A,https://www.lazada.com.ph/products/pdp-i15433986866.html
NEXASHOP 12V/24V MPPT Solar Charge Controller Protects Battery 30A 40A 100A Solar Control Panel High Efficiency Digital Display Solar Controller Home Use,₱422.53,N/A,https://www.lazada.com.ph/products/pdp-i15432725047.html
【FUXING】 MPPT For Solar Charge Controller with LCD Display and Dual Load Control [buy now],₱565.00,N/A,https://www.lazada.com.ph/products/pdp-i15433950990.html
Aoyang 40A 60A MPPT Aluminum Shell Solar Controller 12V 24V 36V 48V Auto Support Multiple Battery 180V Max WiFi Optional,"₱2,730.00",N/A,https://www.lazada.com.ph/products/pdp-i5384413375.html
BOSTO ERYUE MPPT Solar Panel Regulator Efficient Solar Battery Charging Controller for Outdoor Camping Hiking Adventures,₱471.00,N/A,https://www.lazada.com.ph/products/pdp-i15425297359.html
Mppt Solar Charge Controller 100a 60a 50a 40a 30a Power Dual USB Lcd Display,₱429.00,N/A,https://www.lazada.com.ph/products/pdp-i3446745503.html
【Worth-Buy】 Mppt Wind Turbine Charge Controller 10a 40a Low Wind Speed Regulator Voltage Boost 12v 24v 48v System Waterproof,"₱2,076.30",N/A,https://www.lazada.com.ph/products/pdp-i5007763327.html
【Top-rated】 Factory Mppt Wind Charge Controller 12v/24v Auto Low Wind Speed Boost Water Proof High Heat Dissipation Design,"₱1,507.30",N/A,https://www.lazada.com.ph/products/pdp-i5007677610.html
600W Step-Down MPPT Solar Charging Controller Intelligent Temperature Recharging Controller 10- 30V/17-85V Output,"₱2,949.03",N/A,https://www.lazada.com.ph/products/pdp-i15492485774.html
【New-store】 10000w Efficient Dc 48v Wind Turbines Generator Mppt Charge Controller Ip67 Waterproof Charge Controller Regulator,"₱2,485.47",N/A,https://www.lazada.com.ph/products/pdp-i4305020518.html
150A MPPT Solar Charge Controller 100A 60A -12V/24V/36V/48V Auto 7 Modes for Lead-Acid/Lifepo4/Lithium with Dual USB LCD Display,"₱1,621.00",N/A,https://www.lazada.com.ph/products/pdp-i15443556542.html
【Tech Max Store】 MPPT Boost Solar Controller 24V-72V 450W 12V-50V Step-Up Charger For Lead Acid/LiFePO4/Lithium,₱656.80,N/A,https://www.lazada.com.ph/products/pdp-i5392464294.html
Hantech PowMr 25A/35A/45A MPPT Solar Charger Controller 12V 24V With Blacklight LCD Regulator Max PV Input Battery Efficient charging 100VDC Support,"₱1,000.00",N/A,https://www.lazada.com.ph/products/pdp-i5053352795.html
"450W MPPT Booster Solar Controller 12A,Digital Display, 9V~60V Input Step-up Charging For 24V/36V/48V/60V/72V/96V LiFePO4 Lithium SLA Gel AGM Lead-Acid Battery","₱1,157.00",N/A,https://www.lazada.com.ph/products/pdp-i15448882045.html
Flowatt PWM solar energy Solar Charger Controller 10A 20A 30A 40A 50A 60A 12V 24V Charger LCD Dual USB Solar MPPT Solar Panel Controller Panel Regulator for Max 50V PV Input RBL solar panel controller,₱110.00,N/A,https://www.lazada.com.ph/products/pdp-i4049538862.html
Aoyang High-Quality MPPT Solar Charge Controller 10A/20A/30A/40A/50A/60A 12V/24V with LCD Display & Optional WIFI for 100V Maximum Solar System,"₱1,300.00",N/A,https://www.lazada.com.ph/products/pdp-i4565131123.html
BAOZHASHAN | MPPT Solar Panel Controller,₱942.00,N/A,https://www.lazada.com.ph/products/pdp-i15418949339.html
PowMr Mppt 60A Solar Charge Controller 12v-48v Auto 190vdc Lcd Fan with Backlight Support Lead Acid Lithium Battery,"₱3,150.00",N/A,https://www.lazada.com.ph/products/pdp-i5024617088.html
Y&H 80A MPPT Solar Charge Controller 12V 24V 36V 48V LCD Display Battery Intelligent Regulator Max 100V Input Dual USB for Lead-acid/Lithium,"₱1,086.00",N/A,https://www.lazada.com.ph/products/pdp-i4639016069.html
10A/20A/30A40A/100A LCD Solar Controller MPPT Solar Charge Controller 12V 24V Solar Panel Battery Regulator Dual USB Output Overcharge Protection,₱339.00,N/A,https://www.lazada.com.ph/products/pdp-i1991446601.html
Hantech PowMr MPPT 20A Solar Charger Controller 12V 24V Auto Solar Controller PV Max Input 60Voc Lcd Backlit Display 2 Usb Ports Free Warranty,"₱2,000.00",N/A,https://www.lazada.com.ph/products/pdp-i4208788851.html
MPPT Solar Charge Controller PWM 30/40/50A Solar Power Regulator 12V 24V Auto Dual USB LCD Display Load Discharger【Original+24hours delivery】,₱199.00,N/A,https://www.lazada.com.ph/products/pdp-i15452226553.html
SRNE 40A MPPT PWM Charge Controller MPPT Charger (12V/24V),"₱1,600.00",N/A,https://www.lazada.com.ph/products/pdp-i1339170292.html
MPPT 30A 60A 100A Solar Controller Solar Panel Charging Controller 12V/24V Adaptive LED Screen 2 USB Charging Interfaces,₱649.00,N/A,https://www.lazada.com.ph/products/pdp-i5389312120.html
100A/60A/50A/40A/30A MPPT Solar Charge Controller Dual USB LCD Display Auto Solar Cell Panel Charger Regulator,₱449.00,N/A,https://www.lazada.com.ph/products/pdp-i4636020914.html
Solar MPPT Controller Auto Adjustable Downward,"₱2,026.64",N/A,https://www.lazada.com.ph/products/pdp-i15387985164.html
MPPT Solar Charge Controller Multiple Protection Solar Solar QC3.0 Controller with LCD Screen,₱220.19,N/A,https://www.lazada.com.ph/products/pdp-i3985194231.html
MPPT Solar Charge Controller with LCD Display Dual USB Technical Charging Current 30A 50A 100A,₱599.00,N/A,https://www.lazada.com.ph/products/pdp-i4841761409.html
MECOME Digital Display MPPT Solar Controller 60A 80A 100A Protects Battery Battery Charger 12V/48V Solar Control Panel Home Use,₱868.97,N/A,https://www.lazada.com.ph/products/pdp-i15434770711.html
SRNE 20A 12V/24V MPPT Solar Charge Controller,"₱3,600.00",N/A,https://www.lazada.com.ph/products/pdp-i250528579.html
MPPT Solar Charge Controller PWM 30/40/50A Solar Power Regulator 12V 24V Auto Dual USB LCD Display Load Discharger,₱175.00,N/A,https://www.lazada.com.ph/products/pdp-i3882612138.html
ChuangYu MPPT Solar Panel Boost Controller 450W Solar Powered Electric Vehicle Charger 48V 60V 72V High Efficiency Solar Charger,"₱1,202.00",N/A,https://www.lazada.com.ph/products/pdp-i5164808045.html
ADDO Digital Display MPPT Solar Charge Controller 12V/24V 30A 40A 100A Solar Control Panel High Efficiency Protects Battery Power Controller Home Use,₱412.09,N/A,https://www.lazada.com.ph/products/pdp-i5357579352.html
PowMr 60A MPPT Solar Charger Controller 12V 24V 36V 48V With Blacklight LCD Regulator Max PV Input 160VDC Support Lithium Battery POW-M60-PRO,"₱3,800.00",N/A,https://www.lazada.com.ph/products/pdp-i3025146388.html
PowMr 40A/60A/80A/100A MPPT Solar Charge Controller 12V 24V 36V 48V LCD Display Battery Intelligent Regulator Max 100V Input Dual USB for Lead-acid/Lithium Battery,₱950.00,N/A,https://www.lazada.com.ph/products/pdp-i4531374428.html
"【Upgrade】LAIRTPOW 100A 80A 60A MPPT Solar Controller With Backlit LCD, 12V/24V/36V/48V AUTO, Wide Battery Compatibility, 1200W Max，Battery Voltage/Capacity Display, Black","₱1,050.00",N/A,https://www.lazada.com.ph/products/pdp-i5392710435.html
【JIN】-WIFI Bluetooth Solar Charge Controller MPPT Controller with LCD Display Dual USB Support 12V/24V Battery,"₱1,581.00",N/A,https://www.lazada.com.ph/products/pdp-i4981286267.html
Double Headed Car Fan with Usb Charger Big Wind Two Speed Control Car Electric Fan Universal for Off-Road Vehicles Truck RV,₱189.00,N/A,https://www.lazada.com.ph/products/pdp-i3268311687.html
MPPT Solar Charge Controller 60A30A20A 12V24V Auto LCD Dual USB,₱389.00,N/A,https://www.lazada.com.ph/products/pdp-i15433663731.html
🇵🇭 12V/24V Clip-On Car Fan Portable Summer Cooling Fan Truck Vehicle Window Dashboard Strong Wind Air Cooler 6 Inch,₱274.00,N/A,https://www.lazada.com.ph/products/pdp-i3745599882.html
Zamdon MPPT Solar Charge Controller 40A 12V24V,"₱4,999.00",N/A,https://www.lazada.com.ph/products/pdp-i3850972125.html
MPPT Solar Charge Controller Multiple Protection Solar Solar QC3.0 Controller with LCD Screen,₱304.00,N/A,https://www.lazada.com.ph/products/pdp-i15447634182.html
LairtPow LT-1200W MPPT Solar Controller 12V 24V 36V 48V Auto 100V Max Input All Batteries are Compatible and Universal,"₱1,190.00",N/A,https://www.lazada.com.ph/products/pdp-i5227689130.html
PowMr 30A MPPT Solar Charge Controller Dual USB LCD Display Auto 12V 24V Solar Cell Panel Charger Regulator with Load,₱519.00,N/A,https://www.lazada.com.ph/products/pdp-i5032770786.html
MECOME Digital Display MPPT Solar Charge Controller 30A 40A 100A 12V/24V Power Controller High Efficiency Protects Battery Solar Controller Home Use,₱418.90,N/A,https://www.lazada.com.ph/products/pdp-i15432595572.html
Aoyang 40A/60A Adjustable MPPT Solar Charge Controller 12V 24V 36V 48V DC Input 180V LCD Display,"₱2,930.00",N/A,https://www.lazada.com.ph/products/pdp-i4565452834.html
Aoresac ACAGALA Solar Battery Charge Controller Boost MPPT Voltage Adjustable Waterproof with Display 24‑85V (400W),"₱2,473.00",N/A,https://www.lazada.com.ph/products/pdp-i15491156184.html
GARRYFIZH aqxreight MPPT Solar Controller LCD Display High Efficiency Photovoltaic Panel Regulator 12V 24V 36V 48V 60A Shaded or Peaks The Solar ControllerMPPT ControllerPhotovoltaic (40A),"₱4,347.00",N/A,https://www.lazada.com.ph/products/pdp-i15500261049.html
KKmoon Wind Generator Wind Turbine Low Voltage Controller Low Voltage Shine Wind Turbine MPPT Charge Regulator for Household Use for Engineering,₱797.00,N/A,https://www.lazada.com.ph/products/pdp-i15475678564.html
Andoer 80A LCD Display PWM Photovoltaic Solar MPPT Charge Controller Regulador 12V/24V,"₱5,696.00",N/A,https://www.lazada.com.ph/products/pdp-i15495687756.html
Zonejoy Wind Solar Hybrid Charge Controller Small Power Consumption Stepless Unloading MPPT Wind Solar Hybrid Charge Controller for Road Monitoring,"₱7,774.03",N/A,https://www.lazada.com.ph/products/pdp-i15487690932.html
Lepmerk Solar Charge Regulator MPPT 96VDC Solar Charge Controller for Fishery,"₱11,855.00",N/A,https://www.lazada.com.ph/products/pdp-i15481821413.html
Solar Charge Controller 12V 24V PWM 30A with Adjustable LCD Display Dual USB Port Timer Setting Auto Parameter,₱151.00,N/A,https://www.lazada.com.ph/products/pdp-i15446800494.html
600W Step-Down MPPT Solar Charging Controller 10-30V/17-85V Output Solar Intelligent Temperature Recharging Controller,"₱3,050.00",N/A,https://www.lazada.com.ph/products/pdp-i15481437228.html
Jimdary Solar Charge Controller MPPT Solar Charge Controller Parameter Adjustable 4 Stage Safely Charging 40A for Lithium Battery,"₱9,655.04",N/A,https://www.lazada.com.ph/products/pdp-i15481560269.html
Solar Charge Controller MPPT Auto Tracking LCD Display Intelligent Battery Regulator with Overload Short Circuit Protection for Solar Panel System,₱515.00,N/A,https://www.lazada.com.ph/products/pdp-i15488845476.html
SRNE 60A 12V/24V/36V/48V MPPT Solar Charge Controller,"₱8,500.00",N/A,https://www.lazada.com.ph/products/pdp-i422010573.html
400W 12V 24V Wind Turbine Charge Controller Mini Wind Turbine Generator Controller IP67 Waterproof,₱584.00,N/A,https://www.lazada.com.ph/products/pdp-i4026297735.html
【YF Elife】 MPPT Charge Controller for 12V 24V Systems with Digital Display Waterproof 【New Arrival】,₱424.00,N/A,https://www.lazada.com.ph/products/pdp-i5116731548.html
【Latest model】MPPT Solar Charging Controller 600W Step-Down 10- 30V to 17-85V Output Intelligent Temperature Recharging Controller,"₱3,163.44",N/A,https://www.lazada.com.ph/products/pdp-i15452303150.html
Waterproof Auto-Switching Wind Turbine Controller,"₱1,619.00",N/A,https://www.lazada.com.ph/products/pdp-i15457176266.html
Bisofice MPPT Solar Controller MPPT Solar Charging Controller Easy Wiring Maximum PV 180W 360W 15A 50V for Home Industry,"₱2,538.85",N/A,https://www.lazada.com.ph/products/pdp-i15407846402.html
"150A MPPT Solar Charge Controller, 7200W Max Input, 12V/24V/36V/48V Auto-Ranging, for RV Boat Street Light Irrigation, Hybrid MPPT+PWM Charging, Smart Cooling Fan, Dual USB, 7-Mode LCD, Compatible with Lead-Acid & Lithium Batteries(100A/120A/60A Optional)","₱1,795.00",N/A,https://www.lazada.com.ph/products/pdp-i15435809587.html
PowMr 40A/60A/80A/100A MPPT Solar Charge Controller 12-48V Auto LCD Display Battery Charger Solar Controller Max 100V PV Input Dual USB For Lead-acid/Lifepo4 Battery,₱830.00,N/A,https://www.lazada.com.ph/products/pdp-i4650478342.html
【eelhoe】 MPPT Controller Outdoor Solar Charging 10A 30A 60A 100A Multiple Current Ratings [Auto Parts][not miss it]],₱928.00,N/A,https://www.lazada.com.ph/products/pdp-i15394535153.html
400W 12V 24V Wind Turbine Charge Controller Wind Generator Controller IP67 Waterproof,₱625.00,N/A,https://www.lazada.com.ph/products/pdp-i5256872774.html
Solar Controller Dual USB PV Regulator MPPT Accessory 10A 20A 30A 12V 24V Home Accessories LCD Display Solar Battery Regulator,₱200.55,N/A,https://www.lazada.com.ph/products/pdp-i15429909284.html
4-Gear Speed Control Rotary Switch GZS-6 for Electric Fans - Upgraded Wind Speed Switch with Rotating Function,"₱1,109.60",N/A,https://www.lazada.com.ph/products/pdp-i5199152888.html
"【SUNNY2015 SHIPPING】5A MPPT Solar Panel Regulator Controller Solar Charge Controller Battery Charging Module 9V 12V 18V 24V 300KHz PWM, Easy to Use Fine Workmanship",₱414.00,N/A,https://www.lazada.com.ph/products/pdp-i15446946177.html
BunMo Car rear fan 360 degree USB double head fan 3 speed wind speed car rear seat fan Summer Car,₱329.21,N/A,https://www.lazada.com.ph/products/pdp-i5061705289.html
Wind Deflecting Air Conditioning Baffle,₱184.29,N/A,https://www.lazada.com.ph/products/pdp-i15443380920.html
Car Fan 24V Heavy Duty Truck Special 12V Car Use Small Van Electric Fan Interior Strong Wind High Power Vehicle Accessories,₱500.00,N/A,https://www.lazada.com.ph/products/pdp-i5151460375.html
COOLSOO Protects Battery MPPT Solar Controller 60A 80A 100A Digital Display Battery Charger Useful 12V/48V Solar Control Panel Home Use,₱849.34,N/A,https://www.lazada.com.ph/products/pdp-i5295681369.html
PowMr MPPT Solar Charger Controller 40A 30A 20A 12V 24V Solar Panel Regulator LCD Display Various Load Control Modes Support Li,"₱2,361.00",N/A,https://www.lazada.com.ph/products/pdp-i4026789202.html
EMX20A 1200W Step-Up/Down MPPT Solar Intelligent temperature Recharging Controller IP65 Waterproof Real-time Tracking Controller,"₱3,646.60",N/A,https://www.lazada.com.ph/products/pdp-i15453934839.html
GLOBECART Digital Display MPPT Solar Controller 60A 80A 100A 12V/48V Solar Control Panel Useful Protects Battery Battery Charger Home Use,₱857.87,N/A,https://www.lazada.com.ph/products/pdp-i15434692866.html
🇵🇭 8 Inch/6 Inch Car Electric Fan 12V/24V Clip-On Low Noise Portable Summer Window Dashboard Cooling Fan Truck Vehicle Strong Wind Air Cooler,₱282.00,N/A,https://www.lazada.com.ph/products/pdp-i3941308733.html
【XINJIA】Solar Charge Controller Bluetooth MPPT Controller with LCD Display Dual USB Support 12V/24V Battery,₱887.00,N/A,https://www.lazada.com.ph/products/pdp-i5360371788.html
"800W 22A MPPT Solar Boost Charge Controller, 12-65V Input to 24-88V Output for 24V-72V Lithium LiFePO4 Lead-Acid Batteries OLED","₱2,444.00",N/A,https://www.lazada.com.ph/products/pdp-i15443671213.html
60A MPPT Solar Charge Controller 12V 24V Auto Waterproof with LCD Display USB Ports for Solar Panel System,₱349.00,N/A,https://www.lazada.com.ph/products/pdp-i5262813140.html
PRIMEPICKGLOBAL 12V/24V MPPT Solar Charge Controller Protects Battery Digital Display Solar Controller High Efficiency 30A 40A 100A Solar Control Panel Home Use,₱407.97,N/A,https://www.lazada.com.ph/products/pdp-i5313384460.html
GLOBECART 12V/24V MPPT Solar Charge Controller 30A 40A 100A Protects Battery Solar Controller High Efficiency Digital Display Power Controller Home Use,₱415.19,N/A,https://www.lazada.com.ph/products/pdp-i15435036117.html
[🇵🇭 Stock&COD] 20A MPPT Solar Charge Controller 12V 24V Auto LCD Display Dual USB for RV Home Battery,₱389.00,N/A,https://www.lazada.com.ph/products/pdp-i15455182493.html
30A 40A 50A 60A MPPT Solar Panel Charge Controller 12V/24V LCD Digital Display Screen bluetooth Wifi Solar Controller Dual USB,₱851.41,N/A,https://www.lazada.com.ph/products/pdp-i4552189197.html
【FURONGHUA】 100A MPPT Solar Charge Controller with Adjustable Charge Cut Off Voltage,₱977.00,N/A,https://www.lazada.com.ph/products/pdp-i15461873923.html
Solar Panel Charge Controller Fully Automatic Battery Dual USB LCD Mppt Power Lcd Display Regulator,₱599.00,N/A,https://www.lazada.com.ph/products/pdp-i4971788875.html
Hamwesh Wind Solar Hybrid Controller 12V 24V MPPT Technology Intelligent Multi Layer Protection Hybrid Charge Controller Intelligent Regulator with LCD Display for Home Marine Street (400W Fan),"₱9,339.04",N/A,https://www.lazada.com.ph/products/pdp-i15499086177.html
Meterk Irfora 30A MPPT Solar Controller 12/24V Auto Focus Solar Panel Controller Battery Intelligent Regulator with 4 USB Output Adjustable Parameter LCD Display Timer Setting,₱965.00,N/A,https://www.lazada.com.ph/products/pdp-i15484200236.html
Intelligent Temperature Controlled MPPT Step-Down Solar Charger 600W 10- 30V Input 17-85V Output Controller,"₱3,145.50",N/A,https://www.lazada.com.ph/products/pdp-i5228313738.html
130000 RPM Air Blower With Speed Controller Blower Kalan Strong Wind Force Stove Cabinet Dust Extractors AC Powered Fan 9733 Blower Cooling Fan Dc 12v,₱109.00,N/A,https://www.lazada.com.ph/products/pdp-i4330891223.html
3PCS Mini 5A PWM Max 90W DC Motor Speed Controller Board Module DC-DC 3V-35V Speed Control Switch,₱43.00,N/A,https://www.lazada.com.ph/products/pdp-i5180839053.html
One Solar Mppt Charger Mppt Charge Controller 12v 24v 48v 40A 60A SRNE SNADI SNAT,"₱4,500.00",N/A,https://www.lazada.com.ph/products/pdp-i1298814950.html
Universal Ceiling Fan Lamp Remote Control Kit Adjusted Wind Speed Transmitter Receiver Timing Control Switch,₱389.00,N/A,https://www.lazada.com.ph/products/pdp-i5230523515.html
Car fan 5V12V24V large truck double-head cooling strong wind USB small car electric fan universal,₱230.00,N/A,https://www.lazada.com.ph/products/pdp-i4966019931.html
BOSTO MPPT Solar Charge Regulator MPPT Solar Charge Controller 7 Modes 12V 24V 36V 48V High Efficiency Maximum 100V Input for Sealed Batteries,"₱2,234.50",N/A,https://www.lazada.com.ph/products/pdp-i15407160893.html
Blower Fan for kalan Air Blower DC 12V With Speed Controller Outdoor Portable Blower Strong Wind Cooking Blower,₱109.00,N/A,https://www.lazada.com.ph/products/pdp-i5084498030.html
MPPT Solar Charge Controller 30A 50A 80A 100A 12V 24V Auto LCD Display Dual USB Solar Charge and Discharge Controller,₱483.01,N/A,https://www.lazada.com.ph/products/pdp-i15491035101.html
PowMr 100% Mppt 60A Solar Charge Controller 12v-48v Auto 160vdc lcd fan Support Parallel Up to 12 Units Support Lead Acid Lithium Battery Temperature Compensation,"₱4,032.00",N/A,https://www.lazada.com.ph/products/pdp-i4315208655.html
2PCS Air Blower With Speed Controller Blower Kalan Strong Wind Force Stove Cabinet Dust Extractors AC Powered Fan Blower Cooling Fan Dc 12v Buy 1 Take 1,₱214.00,N/A,https://www.lazada.com.ph/products/pdp-i5019319034.html
Flowatt MPPT 60A Solar Charge Controller 24V 12V Solar Regulator Max PV 150VDC Charging Controller For Photovoltaic Battery Regulator Lifepo4 Lead Acid,"₱2,899.00",N/A,https://www.lazada.com.ph/products/pdp-i4082611569.html
7000 RPM Air Blower With Speed Controller Blower Kalan Strong Wind Force Stove Cabinet Dust Extractors AC Powered Fan 9733 Blower Cooling Fan Dc 5v,₱130.00,N/A,https://www.lazada.com.ph/products/pdp-i4330236926.html
ECGSOLAX 60A MPPT Solar Charge Controller 12V/24V/36V/48V Battery Max Input Voltage 190Voc,"₱2,800.00",N/A,https://www.lazada.com.ph/products/pdp-i5343456666.html
【ITSOK】silicone Hose Vacuum hose brand Samco Sport 4mm 6mm 8mm 10m silicone hose wind & OS Silicon hose blue vacuma,₱109.00,N/A,https://www.lazada.com.ph/products/pdp-i4363544827.html
Zamdon MPPT Solar Charge Controller 60A 48V,"₱7,000.00",N/A,https://www.lazada.com.ph/products/pdp-i3850970511.html
PowMr 25A/35A/45A MPPT Solar Charger Controller 12V 24V With Blacklight LCD Regulator Max PV Input 100VDC Support Lifepo4 Battery Efficient charging,"₱1,375.00",N/A,https://www.lazada.com.ph/products/pdp-i4658427737.html
PowMr 80A MPPT Parallel Solar Charger Controller 12V-48V Auto Blacklight LCD Regulator Max PV Input 160VDC Support Lifepo4 Battery Can Parallel Up to 12 Units Battery Charger,"₱4,900.00",N/A,https://www.lazada.com.ph/products/pdp-i5128510300.html
Adjustable Double Head Car Fan 24v 12V Automotive fan Big Wind Three Speed Control car electric fan Low Noise Fan For Car with Temporary Parking Card For Truck car SUV,₱159.00,N/A,https://www.lazada.com.ph/products/pdp-i4339769446.html
Qaao 12V/24V 30/100A MPPT Solar Panels Battery Charge Controller Regulator Colorful Screen For Lifepo4 GEL Lithium Lead Acid Battery,₱524.35,N/A,https://www.lazada.com.ph/products/pdp-i4611967134.html
MPPT Solar Charge Controller Multiple Protection Solar Solar QC3.0 Controller with LCD Screen,₱288.00,N/A,https://www.lazada.com.ph/products/pdp-i5202036594.html
MPPT Solar Charge Controller 12V 24V Auto WiFi Solar Panel Regulator 60A 50A 40A 30A 20A 10A Dual USB LCD Display Controller,"₱2,685.31",N/A,https://www.lazada.com.ph/products/pdp-i4917508583.html
FUXING Reliable and Safe MPPT Stepdown Solar Controller for Solar Applications,"₱2,140.00",N/A,https://www.lazada.com.ph/products/pdp-i4583418645.html
Car Fan with Usb Charger Double Head Car Fan for Backseat Big Wind Three Speed Control Air Cooling Fan,₱189.00,N/A,https://www.lazada.com.ph/products/pdp-i3768300973.html
100A MPPT Solar Charge Controller Solar PV Regulator LCD Display Solar PV Battery Charger Dual USB for Solar Panel,"₱1,259.00",N/A,https://www.lazada.com.ph/products/pdp-i15391906526.html
Solar charge controller Mppt 10A 20A 30A 100A pwm charge controler pwm solar charge controller 12V/24V battery regulator for solar panel Controller LCD Display with Dual USB Port,₱213.00,N/A,https://www.lazada.com.ph/products/pdp-i3133475421.html
MPPT Solar Controller Smart Auto Adjustment Universal For Home Use,"₱1,626.00",N/A,https://www.lazada.com.ph/products/pdp-i15456234997.html
Car Rear Fan 360 Degree USB Double Head Fan 3 Speed Wind Speed Car Rear Seat Fan Summer Car,₱340.00,N/A,https://www.lazada.com.ph/products/pdp-i5138059942.html
SRNE 30A 12V/24V MPPT Solar Charge Controller,"₱4,700.00",N/A,https://www.lazada.com.ph/products/pdp-i421984491.html
100A/60A/50A/40A/30A MPPT Solar Charge Controller Dual USB LCD Display Auto Solar Cell Panel Charger Regulator,₱468.00,N/A,https://www.lazada.com.ph/products/pdp-i4528810310.html
MPPT Solar Charge Controller Multiple Protection Solar Solar QC3.0 Controller with LCD Screen,₱286.00,N/A,https://www.lazada.com.ph/products/pdp-i5221433745.html
CANICE Digital Display MPPT Solar Controller 60A 80A 100A 12V/48V Solar Control Panel Useful Protects Battery Battery Charger Home Use,₱850.19,N/A,https://www.lazada.com.ph/products/pdp-i5295715298.html
"MPPT 40A/60A/100A 12V/24V Auto Focus Tracking Solar Panel Charge Controller Regulator with Dual USB Port,LCD Display",₱321.00,N/A,https://www.lazada.com.ph/products/pdp-i5408732320.html
"100A Solar MPPT Charge Controller 12V/24V/36V/48V Auto LCD Display Max 100V Input,Light/Time control,Wide Battery Compatibility","₱1,490.00",N/A,https://www.lazada.com.ph/products/pdp-i4079759921.html
MPPT Solar Charge Controller 12/24V Auto Focus Solar Panel Controller 30A/40A/50A/60A/100A B-attery Intelligent Regulator with 4 USB Output Adjustable Parameter LCD Display Timer Setting,₱435.00,N/A,https://www.lazada.com.ph/products/pdp-i4858704445.html
MPPT Solar Charge Controller DC 8-28V 5A 100W Automatic Switching Solar Panel Charger 9V 12V 24V,₱352.00,N/A,https://www.lazada.com.ph/products/pdp-i5341589415.html
Protable Solar Charge Controller MPPT 30A 50A 80A 100A LCD Display 12V 24V AUTO Dual USB Solar Charge And Discharge Controller,₱539.66,N/A,https://www.lazada.com.ph/products/pdp-i15389114136.html
Mppt Solar Charge Controller 100A 30A Power Dual USB LCD Display Solar Regulator 12V Solar Regulator Battery Charger LCD Display Dual USB 5V Output,₱488.00,N/A,https://www.lazada.com.ph/products/pdp-i4118694038.html
[New release] 1000-5000W MPPT Charge Controller 12V/24V AUTO 48V 10A-40A Wind Turbine Generator Water Proof Regulator Rectifier Factory Price,"₱1,614.76",N/A,https://www.lazada.com.ph/products/pdp-i15492565523.html
Andoer MPPT Wind Turbine Low Voltage Controller 100W‑600W Fast Heat Dissipation MPPT Wind Turbine Charge Controller High Efficiency with LED Indicator for Lighting,"₱1,205.00",N/A,https://www.lazada.com.ph/products/pdp-i15493924156.html
Aoresac 450W MPPT Solar Charge Controller LED Display High Efficiency for Lithium LiFePO4 Gel Battery,"₱1,545.00",N/A,https://www.lazada.com.ph/products/pdp-i15494645246.html
【Trending】 Free Energy Mppt Pwm Wind Charge Controller 12v/24v Auto For Wind Turbine Generator Water Proof High Heat Dissipation Design,"₱1,462.30",N/A,https://www.lazada.com.ph/products/pdp-i5007582908.html
10000W Efficient DC 48V Wind Turbines Generator MPPT Charge Controller IP67 Waterproof Battery Charge Controller Regulator,"₱1,908.82",N/A,https://www.lazada.com.ph/products/pdp-i4007802476.html
[Trivony] 1000-5000W MPPT Charge Controller 12V/24V AUTO 48V 10A-40A Wind Turbine Generator Water Proof Regulator Rectifier Factory Price-152c4c8b,"₱2,029.49",N/A,https://www.lazada.com.ph/products/pdp-i15477942228.html
MUSLADY 450W MPPT Solar Charge Controller LED Display High Efficiency for Lithium LiFePO4 Gel Battery,"₱1,604.00",N/A,https://www.lazada.com.ph/products/pdp-i15492262545.html
Zonejoy MPPT Charge Controller Solar Charge Controller Aluminum Alloy for Household System for RV for Communication Base Station for Field Monitoring,"₱5,303.98",N/A,https://www.lazada.com.ph/products/pdp-i15499280892.html
[Trivony] 1000-5000W MPPT Charge Controller 12V/24V AUTO 48V 10A-40A Wind Turbine Generator Water Proof Regulator Rectifier Factory Price-152c4c8b,"₱2,071.30",N/A,https://www.lazada.com.ph/products/pdp-i15472263034.html
GARRYFIZH Battery Charging Controllers Smart MPPT Solar Controller Good Heat Dissipation NO Output Adjustable Discharge Mode High Efficiency for 12V Acid Batteries,"₱1,353.00",N/A,https://www.lazada.com.ph/products/pdp-i15482241236.html
MUSLADY 600W MPPT Solar Charge Controller Boost Regulator LED Display High Efficiency for 24V 36V 48V 60V 72V Multiple Battery Golf Cart,"₱2,006.00",N/A,https://www.lazada.com.ph/products/pdp-i15493040863.html
12V/24V 400W-1000W Wind Solar Hybrid Generator Charge Controller Regulator,"₱1,858.00",N/A,https://www.lazada.com.ph/products/pdp-i15454554594.html
Aoresac MPPT Solar Charge Controller Heat Dissipation USB 5V Output Convenient Solar Panel Charge Regulator 12V 24V 20A Real Time Data Display for Outdoor,"₱1,872.00",N/A,https://www.lazada.com.ph/products/pdp-i15494072963.html
Meterk Wind Turbine Controller Reliable IP67 Protection Aluminium Alloy Shell Wind Generator Controller 1000W MPPT for Factory,"₱2,211.00",N/A,https://www.lazada.com.ph/products/pdp-i15486258901.html
MUSLADY Solar Charge Controller MPPT 7 Modes Solar Panel Controller 12V 24V 36V 48V Adaptive Backlit LCD Display Easy To Install for Communication Base Station,"₱1,806.47",N/A,https://www.lazada.com.ph/products/pdp-i15479699202.html
"【SUNNY2015 SHIPPING】MPPT Solar Charge Controller 12V 10A with USB Output, Solar Panel Charge Controller Featuring Type-C Interface for , LiFePO? Battery","₱1,555.00",N/A,https://www.lazada.com.ph/products/pdp-i15392540862.html
Wind Heating and Ventilation Universal Remote Control,₱617.00,N/A,https://www.lazada.com.ph/products/pdp-i15474324863.html
【Weliba】 100A MPPT Solar Charge Controller with Low Heat Generation ABS Enclosure [New Products Hot Sale],₱941.00,N/A,https://www.lazada.com.ph/products/pdp-i15461109137.html
ANENG Solar Controller MPPT PV Solar Controller 12V 24V Voltage Regulation Easy To Install Photovoltaic Protection Function Lightweight for Factory,₱834.00,N/A,https://www.lazada.com.ph/products/pdp-i15410286454.html
BOSTO Waterproof Wind Turbine Generator Charge Controller Regulator FW12/24,"₱1,265.66",N/A,https://www.lazada.com.ph/products/pdp-i15422529424.html
【XINJIA】30A MPPT PWM Solar Charge Controller 12V 24V Solar Panel Battery Regulator Dual USB Port LCD Display,"₱1,306.30",N/A,https://www.lazada.com.ph/products/pdp-i5369345927.html
【Weliba】 Efficient MPPT Solar Charge Controller 450W Compatible with Multiple Batteries [New Products Hot Sale],"₱1,627.00",N/A,https://www.lazada.com.ph/products/pdp-i15457163782.html
【Latest model】MPPT/PWM Solar Charger Controller Solar Panel Regulator LCD Display Various Load Control Modes,"₱1,736.40",N/A,https://www.lazada.com.ph/products/pdp-i15463446659.html
[jwerlyday]100A MPPT Solar Charge Controller Dual USB LCD Display 12V/24V Auto Solar Cell Panel Charger Regulator with Load Easy Install Easy to Use,"₱1,247.00",N/A,https://www.lazada.com.ph/products/pdp-i15453352935.html
100A MPPT Solar Charge Controller Solar PV Battery Charger LCD Display Auto Solar Charge Controller Dual USB for Solar Panel,"₱1,279.00",N/A,https://www.lazada.com.ph/products/pdp-i15455960870.html
"(LAFO) 60A Mppt Solar Charge Controller 12V 24V 36V 48V Battery System Auto,Pv Solar Panel Regulator","₱1,750.00",N/A,https://www.lazada.com.ph/products/pdp-i15464006639.html
FUXING 600W MPPT Solar Boost Controller Charger for Golf Cart Electric Vehicle,"₱2,549.00",N/A,https://www.lazada.com.ph/products/pdp-i5200765227.html
【FURONGHUA】 10A 20A 30A MPPT Solar Charge Controller for 12V 24V Off-Grid Installations,"₱1,764.00",N/A,https://www.lazada.com.ph/products/pdp-i15461769915.html
MPPT 600W Solar Boost Charge Controller for 24V 36V 48V 60V 72V Battery Charger Charge Digital Controller,"₱2,267.60",N/A,https://www.lazada.com.ph/products/pdp-i5228000546.html
【SBV】-12/24V MPPT Solar Charge Controller Wifi Bluetooth Solar Panel Battery Smart Regulator,"₱1,743.00",N/A,https://www.lazada.com.ph/products/pdp-i4881006867.html
【Daily Deals】 100A/80A/60A/50A MPPT solar charge controller 12V/24V/36V/48V auto controller tools solar PV charger dual USB with LCD,₱382.30,N/A,https://www.lazada.com.ph/products/pdp-i5267349901.html
PENGGONG MPPT Solar Controller 10A 12V with LCD Display for Lithium and Deep Cycle,₱827.00,N/A,https://www.lazada.com.ph/products/pdp-i15422584077.html
【XINJIA】Solar Controller Adaptive MPPT Solar Controller with Bluetooth 12V/24V Solar Charge Controller,₱871.00,N/A,https://www.lazada.com.ph/products/pdp-i5354496342.html
Solar Controller Adaptive MPPT Solar Controller wiPH BluetooPH 12V/24V Solar Charge Controller-30A,₱909.00,N/A,https://www.lazada.com.ph/products/pdp-i15426405712.html
MPPT Solar Panel Regulator Controller Solar Charge Controller Battery Charging Module 9V 12V 18V 24V Easy to Use 5A,₱464.00,N/A,https://www.lazada.com.ph/products/pdp-i15464337175.html
MILDPETAL 12V/24V MPPT Solar Charge Controller Protects Battery 30A 40A 100A Power Controller High Efficiency Digital Display Solar Control Panel Home Use,₱514.51,N/A,https://www.lazada.com.ph/products/pdp-i15462533524.html
Solar Charge Controller Bluetooth MPPT Controller with LCD Display Dual USB Support 12V/24V Battery,₱887.00,N/A,https://www.lazada.com.ph/products/pdp-i15404353633.html
【Exclusive Limited Edition】 30/40/50/60/100a Mppt Solar Charge Controller Dual Usb Lcd Display 12v 24v Auto Solar Cell Panel Charger Regulator With Load,₱835.30,N/A,https://www.lazada.com.ph/products/pdp-i5106064788.html
【L-BEANS】 MPPT Solar Controller with Auto Battery Voltage Recognition 10A 20A 30A,"₱1,394.00",N/A,https://www.lazada.com.ph/products/pdp-i15423235420.html
CNABPC DC 8-28V 5A 100W MPPT Solar Panel Solar Charge Controller Automatic Switch Solar Charging Panel 9V,₱221.16,N/A,https://www.lazada.com.ph/products/pdp-i5361830655.html
BOSTO Wind Solar Hybrid Controller Aluminium Alloy Overload Protection 24V 48V MPPT Wind Solar Controller for Street Lamp,"₱9,501.40",N/A,https://www.lazada.com.ph/products/pdp-i15483954236.html
Solar Controller SRNE 20A 12V/24V MPPT Solar Charge Controller – SR-ML2420 100% Authentic,"₱4,988.00",N/A,https://www.lazada.com.ph/products/pdp-i4632788223.html
Sunflower Small Power High-Efficiency Solar Controllable Regulated Power Manager 5V With MPPT For Iot Internet Of Things,"₱1,128.00",N/A,https://www.lazada.com.ph/products/pdp-i15501152756.html
720W Solar Controller 25A MPPT Stepdown 18V-80V Input Charging For 12V 24V Lithium Lead-acid Gel Battery Real-time Tracking Adju,"₱1,626.00",N/A,https://www.lazada.com.ph/products/pdp-i4560761162.html
CDO 8in 24V Portable Cooling Car Fan Window Dashboard Mini Vehicle Cooler Oscillating Rotatable Clip-On Adjustable Speed Rotatable Car Fan Durable,₱269.00,N/A,https://www.lazada.com.ph/products/pdp-i3956991331.html
PowMr 20A Fast Charger MPPT Solar Charger Controller Support 12V 24V Battery Solar Panel Regulator 60V PV INPUT LCD Display Battery Charger,"₱1,350.00",N/A,https://www.lazada.com.ph/products/pdp-i3308461231.html
Universal Automatic Solar Charge Controller 12V 24V,₱574.47,N/A,https://www.lazada.com.ph/products/pdp-i15430753340.html
【Ready Stock】Solar Charge Controller MPPT 100A LCD Display 12V 24V AUTO Dual USB Solar Charge And Discharge Controller,₱557.00,N/A,https://www.lazada.com.ph/products/pdp-i15488997185.html
MPPT Solar For Charge Controller 12V 24V 30A 60A 100A with Light Control,"₱1,171.00",N/A,https://www.lazada.com.ph/products/pdp-i15501711484.html
TaoZhong 100A/120A MPPT Solar Charge Controller 12V 24V 36V 48V MAX 160V PV Input for GEL SLD FLD LI User Battery Voltage Regulator,"₱4,886.00",N/A,https://www.lazada.com.ph/products/pdp-i5371132869.html
AOYANG 40A/60A/120A MPPT 12V/24V/36V/48V/72V/84V/192V Battery Voltage Adaptive 150V/230V/480V Solar Charge Controller Optional WiFi,"₱4,670.00",N/A,https://www.lazada.com.ph/products/pdp-i5134486617.html
【Latest model】MPPT 600W Solar Boost Charge Controller for 24V 36V 48V 60V 72V Battery Charger Charge Digital Controller,"₱2,477.60",N/A,https://www.lazada.com.ph/products/pdp-i15447081723.html
"Max 100A 4800W MPPT Solar Charge Controller, 80A 60A- 12V/24V/36V/48V Auto-Sensing, Dual USB, 7 Modes + LCD Display, Enhanced Heat Dissipation for Lead-Acid/LiFePO4 Batteries, Solar Home/RV/Off-Grid Systems","₱1,795.00",N/A,https://www.lazada.com.ph/products/pdp-i15443761199.html
SHIYINBEIBI | Air Conditioner Wind Speed Control Switch,₱360.27,N/A,https://www.lazada.com.ph/products/pdp-i15447860947.html
"【Ntcpefy】MPPT Solar Charger Controller with Voltage Stabilizer, Quick Charge QC2.0/3.0, Type-C& DC Output, Inverter for DIY Systems",₱224.00,N/A,https://www.lazada.com.ph/products/pdp-i15446578703.html
40A/30A/20A Solar Charger Controller 12V/24V MPPT Solar Controller Battery Charger Solar Panel Regulator with LCD Display,"₱2,160.00",N/A,https://www.lazada.com.ph/products/pdp-i4311429024.html
READY STOCK !!30A 40A 50A 60A 100A MPPT Solar Charge Controller 12V/24V Battery Regulator Solar Panel Controller LCD Display with Dual USB Port,₱470.00,N/A,https://www.lazada.com.ph/products/pdp-i4546751878.html
diymore DC 8-28V 5A 100W MPPT Solar Panel Regulator Controller 9V 12V 24V Auto Switch Solar Charging Panel,₱217.00,N/A,https://www.lazada.com.ph/products/pdp-i5077821095.html
[COD] E-WOITD DC 8-28V 5A 100W MPPT Solar Panel Solar Charge Controller Automatic Switch Solar Charging Panel 9V,₱228.46,N/A,https://www.lazada.com.ph/products/pdp-i15459341902.html
TBRBG DC 8-28V 5A 100W MPPT Solar Panel Solar Charge Controller Automatic Switch Solar Charging Panel 9V,₱221.16,N/A,https://www.lazada.com.ph/products/pdp-i5361889033.html
PowMr 40A MPPT Solar Charger Controller 12V 24V Solar Panel Regulator 100V PV INPUT LCD Display Various Load Control Modes POW-Keeper1240,"₱2,750.00",N/A,https://www.lazada.com.ph/products/pdp-i3308403442.html
100A MPPT Solar Charge Controller Solar PV Regulator Dual USB Solar Panel Regulator 12V 24V 36V 48V for Solar Panel[Vodool Center],"₱1,328.00",N/A,https://www.lazada.com.ph/products/pdp-i15422760133.html
PowMr MPPT Solar Charge Controller 30A 40A 50A 60A 100A Dual USB LCD Display Auto 12V 24V Solar Cell Panel Charger Regulator with Load BL series,"₱1,052.00",N/A,https://www.lazada.com.ph/products/pdp-i2346870020.html
[COD] PkYeG Tool DC 8-28V 5A 100W MPPT Solar Panel Solar Charge Controller Automatic Switch Solar Charging Panel 9V,₱219.34,N/A,https://www.lazada.com.ph/products/pdp-i15409241426.html
RcTlB DC 8-28V 5A 100W MPPT Solar Panel Solar Charge Controller Automatic Switch Solar Charging Panel 9V,₱232.78,N/A,https://www.lazada.com.ph/products/pdp-i5341926276.html
"【Latest model】MPPT Solar Controller QC2.0/3.0 Solar Controller with Voltage Stabilizer, for DIY Solar Chargers",₱220.00,N/A,https://www.lazada.com.ph/products/pdp-i15446973230.html
ZLinKJ DC 8-28V 5A 100W MPPT Solar Panel Solar Charge Controller Automatic Switch Solar Charging Panel 9V,₱206.09,N/A,https://www.lazada.com.ph/products/pdp-i15405489185.html
5A MPPT Solar Panel Regulator Controller Solar Charging Control Panel Battery Charging 9V 12V 24V Auto Switch,₱226.00,N/A,https://www.lazada.com.ph/products/pdp-i4476714448.html
Professional Solar Controller with Auto MPPT Tracking Overheat Overcurrent Short Circuit Protection Reverse Connection Proof Low Heat Design Easy DC Connection,₱500.00,N/A,https://www.lazada.com.ph/products/pdp-i5381588973.html
"[tfsdfvd]MPPT Solar Controller QC2.0/3.0 Solar Controller with Voltage Stabilizer, for DIY Solar Chargers",₱188.00,N/A,https://www.lazada.com.ph/products/pdp-i15426374462.html
ROS SOLAR CHARGE CONTROLLER MPPT 60A compatible 12v 24v 36v 48v,₱950.00,N/A,https://www.lazada.com.ph/products/pdp-i5276035716.html
2PCS CN3722 12V Solar Panel Controller MPPT Solar Controller with Dual Status Indicator for Li-Ion Batteries,₱364.83,N/A,https://www.lazada.com.ph/products/pdp-i5216195558.html
"SDO5CRMA MPPT Solar Charge Controller 1A 4.2V Li Ion Li Po,",₱98.00,N/A,https://www.lazada.com.ph/products/pdp-i5339448024.html
PkYeG DC 8-28V 5A 100W MPPT Solar Panel Solar Charge Controller Automatic Switch Solar Charging Panel 9V,₱215.18,N/A,https://www.lazada.com.ph/products/pdp-i15449653451.html
PowMr 30A Fast Charger MPPT Solar Charger Controller Support 12V 24V Battery Solar Panel Regulator 75V PV INPUT LCD Display Battery Charger,"₱2,154.00",N/A,https://www.lazada.com.ph/products/pdp-i3308457245.html
PANWENHUA | Wind Direction Control Air Conditioner Panel,₱516.00,N/A,https://www.lazada.com.ph/products/pdp-i15418863190.html
"30A 60A Bluetooth Wift Solar Controller 5A Dual USB Output For Mobile Phones,IPads Charging MPPT Solar Panels Charge Controller",₱977.58,N/A,https://www.lazada.com.ph/products/pdp-i4611249375.html
JCSYFAC DC 8-28V 5A 100W MPPT Solar Panel Solar Charge Controller Automatic Switch Solar Charging Panel 9V,₱221.16,N/A,https://www.lazada.com.ph/products/pdp-i5361814659.html
【XIXINBO】 Irrigation Controller Automatic Watering Timer with Manual Operation Knob [not miss it][New product release],₱656.00,N/A,https://www.lazada.com.ph/products/pdp-i15388577261.html
Decdeal 100A/60A/50A/40A/30A MPPT Solar Charge Controller Dual USB LCD Display Auto Solar Cell Panel Charger Regulator,₱693.00,N/A,https://www.lazada.com.ph/products/pdp-i762242664.html
ANENG MPPT Solar Charge Controller Negative Grounded Solar Regulator Set Batch Boost Float Equalization RS-485 Communication Bus for Lithium Batteries,"₱8,942.00",N/A,https://www.lazada.com.ph/products/pdp-i15476432339.html
MUSLADY Solar Controller 60A MPPT Solar Charge Controller RS485 Communication 12V 24V 36V 48V Auto Identification Solar Regulator,"₱8,546.00",N/A,https://www.lazada.com.ph/products/pdp-i15491765538.html
Andoer MPPT Solar Controller WIFI and APP Control 120V 230V Auto Identification Solar Power Inverter Easy To Install with Mounting Parts for Base Station,"₱5,753.00",N/A,https://www.lazada.com.ph/products/pdp-i15497077188.html
GARRYFIZH Wind Solar Hybrid Charge Controller Stepless Unloading LCD Display MPPT Wind Solar Hybrid Charge Controller Digital Continuous Discharge for Road Monitoring,"₱7,774.03",N/A,https://www.lazada.com.ph/products/pdp-i15499072189.html
Zonejoy Negative Grounded Solar Regulator RS-485 Communication Bus Maximum PV 100V Input MPPT Solar Charge Controller with LCD Display for Lithium Batteries,"₱7,374.98",N/A,https://www.lazada.com.ph/products/pdp-i15490090552.html
IP67 Waterproof Wind Power Regulator - Charge Controller for Wind Generator,₱982.94,N/A,https://www.lazada.com.ph/products/pdp-i15499134204.html
Meterk MPPT Wind Turbine Charge Boost Controller Full Protection IP67 Waterproof MPPT Wind Generator Controller with LED Indicator for Lighting,"₱1,132.57",N/A,https://www.lazada.com.ph/products/pdp-i15486393826.html
Andoer Wind Solar Hybrid Regulator Boost MPPT Technology Wind Solar Hybrid Controller 12V 24V Aluminum Alloy for Boat,"₱9,928.00",N/A,https://www.lazada.com.ph/products/pdp-i15497018067.html
"MPPT Solar Controller 12V 24V 36V 48V Auto, 60A 80A 100A Solar Charge Regulator LCD Dual USB for Solar Panel System",₱810.00,N/A,https://www.lazada.com.ph/products/pdp-i15496567063.html
Maglev Wind Turbine Generator Dual Bearing High Power Generation Vertical Wind Turbine Curved Blade 500W with MPPT Controller for Machine Room,"₱14,035.01",N/A,https://www.lazada.com.ph/products/pdp-i15496925699.html
MPPT Solar Boost Controller,"₱2,886.00",N/A,https://www.lazada.com.ph/products/pdp-i15462780440.html
MPPT 600W Solar Boost Charge Controller for 24V 36V 48V 60V 72V Battery Charger Charge Digital Controller,"₱2,351.60",N/A,https://www.lazada.com.ph/products/pdp-i15447121146.html
【Planet age】MPPT Solar Charging Controller 800w 24-85V Input/18-65V Output Adjustable Voltage with Display for Electric Vehicles,"₱3,689.90",N/A,https://www.lazada.com.ph/products/pdp-i15446681629.html
"【Planet age】MPPT Solar Charger Controller with Voltage Stabilizer, Quick Charge QC2.0/3.0, Type-C& DC Output, Inverter for DIY Systems",₱224.00,N/A,https://www.lazada.com.ph/products/pdp-i15446491989.html
"【liuxiaomei】MPPT Solar Panel Charge Controller 12V 10A with Type-C and USB Output, Designed for , LiFePO? Battery CompatibilityHope you have a pleasant shopping experience<br><br>","₱1,555.00",N/A,https://www.lazada.com.ph/products/pdp-i15391597996.html
【Latest model】2PCS CN3722 12V Solar Panel Controller MPPT Solar Controller with Dual Status Indicator for Li-Ion Batteries,₱460.00,N/A,https://www.lazada.com.ph/products/pdp-i15447327094.html
PowMr 80A MPPT Solar Charger Controller 12V-48V Auto Blacklight LCD Regulator Max PV Input 160VDC Support Lifepo4 Battery Can Parallel Up to 12 Units,"₱4,900.00",N/A,https://www.lazada.com.ph/products/pdp-i4363409275.html
【liuxiaomei】400W 12V 24V Wind Turbine Charge Controller Wind Generator Controller IP67 WaterproofHope you have a pleasant shopping experience<br><br>,₱592.00,N/A,https://www.lazada.com.ph/products/pdp-i15405616100.html
"【XINJIA】MPPT Solar Controller Type-C & DC Output Solar Controller with Voltage Stabilizer, for DIY Solar Chargers",₱200.00,N/A,https://www.lazada.com.ph/products/pdp-i15390266265.html
"【Latest model】MPPT Solar Charger Controller with Voltage Stabilizer, Quick Charge QC2.0/3.0, Type-C& DC Output, Inverter for DIY Systems",₱216.00,N/A,https://www.lazada.com.ph/products/pdp-i15446769521.html
"5A MPPT Solar Panel Regulator Controller Solar Charge Controller Battery Charging Module 9V 12V 18V 24V 300KHz PWM, Easy to Use Fine Workmanship",₱420.00,N/A,https://www.lazada.com.ph/products/pdp-i15421916660.html
【Rockhouse】 Advanced Technology MPPT Solar Panel Controller for Efficient Charging [New Products],₱319.00,N/A,https://www.lazada.com.ph/products/pdp-i15434003374.html
【liuxiaomei】PWM Controller 300W Wind Turbine Charge Controller Water Proof Regulator for Wind Generator 12V 24V AUTO Switch 16AHope you have a pleasant shopping experience<br><br>,₱942.00,N/A,https://www.lazada.com.ph/products/pdp-i15422349614.html
Risym | MPPT Display Solar Controller 5A,₱424.45,N/A,https://www.lazada.com.ph/products/pdp-i15433759061.html
MPPT Solar Charge Controller Multiple Protection Solar Solar QC3.0 Controller with LCD Screen(30A),₱384.00,N/A,https://www.lazada.com.ph/products/pdp-i15425984444.html
【Latest model】Solar Charge Controller DC 8-28V 5A 100W MPPT Automatic Switching Solar Charging Panel 9V 12V 24V,₱332.00,N/A,https://www.lazada.com.ph/products/pdp-i15446572841.html
ZHOUYANG | MPPT Solar Controller For Lead-Acid Lithium Battery,"₱1,691.00",N/A,https://www.lazada.com.ph/products/pdp-i15387854134.html
【Povhhee】12V/24V/36V/48V Auto 150A MPPT Solar Charge Controller Battery Charging Off-Grid Automatic Identification Controller,"₱2,102.30",N/A,https://www.lazada.com.ph/products/pdp-i15388493372.html
PowMr 100A MPPT Solar Charger Controller 12V-48V Auto Blacklight LCD Regulator Max PV Input 160VDC Support Lifepo4 Battery Can Parallel Up to 12 Units,"₱6,704.00",N/A,https://www.lazada.com.ph/products/pdp-i4363397387.html
【liuxiaomei】30A MPPT PWM Solar Charge Controller 12V 24V Solar Panel Battery Regulator Dual USB Port LCD DisplayHope you have a pleasant shopping experience<br><br>,"₱1,296.30",N/A,https://www.lazada.com.ph/products/pdp-i5350693024.html
Solar Controller Adaptive MPPT Solar Controller with Bluetooth 12V/24V Solar Charge Controller,₱869.00,N/A,https://www.lazada.com.ph/products/pdp-i5254701054.html
【XINJIA】Solar Charge Bluetooth MPPT Controller with LCD Display Dual USB Support 12V/24V/36V/48V/60V Battery,"₱1,149.00",N/A,https://www.lazada.com.ph/products/pdp-i5360373849.html
12V/24V/36V/48V Auto 150A MPPT Solar Charge Controller Battery Charging Off-Grid Automatic Identification Controller,"₱1,934.20",N/A,https://www.lazada.com.ph/products/pdp-i5219926436.html
MPPT Solar Charge Controller 30A 40A 50A 60A 100A 12V 24V Auto Dual USB Load Discharger Solar Panel Regulator LCD Display,₱881.96,N/A,https://www.lazada.com.ph/products/pdp-i4825993254.html
150A MPPT Solar Charge Controller 12V 24V 36V 48V Dual USB withLCD Display forLead Acid Lithium Battery Solar Panel,"₱2,111.20",N/A,https://www.lazada.com.ph/products/pdp-i5228430317.html
Solar Charge Controller Bluetooth MPPT Controller with LCD Display Dual USB Support 12V/24V Battery,₱819.00,N/A,https://www.lazada.com.ph/products/pdp-i5229662467.html
Lepmerk MPPT Solar Controller Dedicated Stable Solar Controller Module for Solar Panel Charging for Electric Bicycle Charger,₱369.00,N/A,https://www.lazada.com.ph/products/pdp-i4895682894.html
SD&HI 12V Charging Management 18V Solar 3-series Lithium Battery Charger MPPT Solar Controller CN3722,₱335.58,N/A,https://www.lazada.com.ph/products/pdp-i15427501242.html
【Povhhee】Solar Controller Adaptive MPPT Solar Controller with Bluetooth 12V/24V Solar Charge Controller,₱925.00,N/A,https://www.lazada.com.ph/products/pdp-i15388404177.html
30A MPPT PWM Solar Charge Controller 12V 24V Solar Panel Battery Regulator Dual USB Port LCD Display,"₱1,232.30",N/A,https://www.lazada.com.ph/products/pdp-i5200278391.html
PowMr 80A MPPT Solar Charge Controller and Discharge Controller 12v-48v Auto 150Vdc Lcd Fan With Backlight Battery Charger Support Lead Acid Lifepo4 Battery,"₱5,100.00",N/A,https://www.lazada.com.ph/products/pdp-i15502646313.html
Frigid Wind Cooled Gaming Handle Chicken Eating Assistor Dual Function Charging Treasure One Two Combination Esports Controller,₱328.81,N/A,https://www.lazada.com.ph/products/pdp-i5070245501.html
7000 RPM Air Blower with Speed Controller Blower Kalan DC 12V Strong Wind Force Stove Cabinet Dust Extractors AC Powered Fan Controller,₱209.00,N/A,https://www.lazada.com.ph/products/pdp-i5131762492.html
German Wind,"₱2,817.93",N/A,https://www.lazada.com.ph/products/pdp-i15454846339.html
PowMr MPPT 20A Solar Charger Controller – Maximum Power Point Tracking for Efficient Solar Charging (12V/24V Auto) with LCD Display and USB Ports,₱899.00,N/A,https://www.lazada.com.ph/products/pdp-i4948924043.html
100A MPPT Solar Charge Controller Solar PV Battery Charger 12V 24V 36V 48V Solar Panel Regulator for Solar Panel[Vodool Official Center],"₱1,328.00",N/A,https://www.lazada.com.ph/products/pdp-i15423309037.html
【Popular choice】 Mppt Solar Controller With Temperature Sensor Epever 40a Tracer4210an 3210an 2210an 1210an 40amps Epsolar Regulator,"₱4,073.47",N/A,https://www.lazada.com.ph/products/pdp-i4313568497.html
Flowatt 60A MPPT Solar Charge Controller 12V 24V 36V 48V Battery Charge Regulator 60A solar panel Solar Controller LCD Max PV 150VDC Input,"₱2,900.00",N/A,https://www.lazada.com.ph/products/pdp-i4041683935.html
EKLEVACar Mounted USB Car Aromatherapy Fan For Rear Seat Portable Car Rear Seat Fan With 3 Adjustable Wind Speeds,₱220.00,N/A,https://www.lazada.com.ph/products/pdp-i3412611667.html
Car Fan USB Charge Big Wind Three Speed Control Vehicle-mounted fan Back Seat Fan 360° Degrees Powerful Cooling Cooling Fan Low Noise Convenient Car Fan,₱189.00,N/A,https://www.lazada.com.ph/products/pdp-i5164546356.html
POWLSOJX MPPT Charge Controller Peak Tracking 24-85V to 17-55V 200-800W AI Boost/Buck Peak Efficiency 99% Solar Regulator,"₱2,367.67",N/A,https://www.lazada.com.ph/products/pdp-i5296605937.html
Original high wind speed 12V/24V 360° Rotating Vehicle portable Fan Dual Head Powerful Dashboard Air Outlet High Airflow Low Noise Fan energy conservation Summer Accessories for Car Truck RV,₱168.00,N/A,https://www.lazada.com.ph/products/pdp-i3621233104.html
PRIMEPICKGLOBAL Digital Display MPPT Solar Controller Protects Battery 12V/48V Battery Charger Useful 60A 80A 100A Solar Control Panel Home Use,₱859.58,N/A,https://www.lazada.com.ph/products/pdp-i15420053406.html
AYANG 100% Mppt Solar Charge Controller 12v-24v Auto 100vdc lcd fan No Backlight Support most Battery (can Optional WiFi),"₱2,270.00",N/A,https://www.lazada.com.ph/products/pdp-i4526891994.html
PowMr 100A MPPT Solar Charge Controller Dual USB LCD Display Auto 12V 24V Solar Cell Panel Charger Regulator with Load,"₱1,052.00",N/A,https://www.lazada.com.ph/products/pdp-i4757912929.html
High-power MPPT Solar Controller Compatible Multiple Voltages and Battery Types,"₱4,751.00",N/A,https://www.lazada.com.ph/products/pdp-i15462649689.html
Lepmerk 100A MPPT Solar Charge Controller 12/24V Auto Focus Solar Panel Controller B-attery Intelligent Regulator with 4 USB Output Adjustable Parameter LCD Display Timer Setting,₱732.08,N/A,https://www.lazada.com.ph/products/pdp-i3458378744.html
12V/24V/36V/48V Auto 150A MPPT Solar Charge Controller Battery Charging Off-Grid Automatic Identification Controller,"₱1,890.20",N/A,https://www.lazada.com.ph/products/pdp-i5190723114.html
CANICE Digital Display MPPT Solar Charge Controller 12V/24V Protects Battery Solar Controller High Efficiency 30A 40A 100A Solar Control Panel Home Use,₱412.72,N/A,https://www.lazada.com.ph/products/pdp-i15435086024.html
【Weliba】 12V 24V 36V 48V Solar Charge Controller 150A MPPT with LCD Screen and USB Ports [New Products Hot Sale],"₱1,187.00",N/A,https://www.lazada.com.ph/products/pdp-i15460701777.html
60A/40A/30A/20A MPPT Solar Charge Controller 12V/24V Auto SCC Solar Charger Controller Solar Panel Battery Regulator Dual USB Output LCD Display Load Discharger,"₱2,160.00",N/A,https://www.lazada.com.ph/products/pdp-i3121258810.html
【Latest model】100A MPPT Solar Charge Controller Dual USB LCD Display 12V 24V Auto Solar Cell Panel Charger Regulator with Load,₱739.00,N/A,https://www.lazada.com.ph/products/pdp-i15446849181.html
Zamdon MPPT Solar Charge Controller 100A 36V 48V with max 300V PV input,"₱15,000.00",N/A,https://www.lazada.com.ph/products/pdp-i5373666365.html
SRNE MPPT 50A 40A 30A 20A 12V24V Solar Charge Controller Solar Regulator Max 100V PV Input WIFI optional For Gel Lead Lithium,"₱3,524.19",N/A,https://www.lazada.com.ph/products/pdp-i5293774686.html
"TaoZhong 60A/120A MPPT Solar Charge Controller with WiFi 24V/36V/48V/60V/72V/84V/96V Battery System Auto,Max Input 480V PV Solar Panel Regulator,fit for Gel Flooded and Lithium Battery User","₱5,886.00",N/A,https://www.lazada.com.ph/products/pdp-i5371517010.html
Yisheng | Cold Air Wind Direction Controller For Postpartum Use Easy Installation,₱634.74,N/A,https://www.lazada.com.ph/products/pdp-i15448921678.html
100A MPPT Solar Charge Controller Solar PV Regulator LCD Display Solar Panel Regulator Dual USB 12V 24V 36V 48V for Solar Panel,"₱1,269.00",N/A,https://www.lazada.com.ph/products/pdp-i15461020310.html
High Efficiency MPPT Solar Charge Controller 16-Bit AD Sampling Large LCD Display Adjustable Parameters Three-Stage Charging Full Protection for Battery System,₱500.00,N/A,https://www.lazada.com.ph/products/pdp-i5383165010.html
MPPT Solar Charge Controller with LCD Display Dual USB Technical Charging Current 30A 60A 100A,₱321.00,N/A,https://www.lazada.com.ph/products/pdp-i5408488869.html
PowMr MPPT 20A Solar Charger Controller 12V 24V Auto Solar Controller PV Max Input 60Voc Lcd Backlit Display 2 Usb Ports Free Warranty,"₱2,000.00",N/A,https://www.lazada.com.ph/products/pdp-i4209007384.html
NOER 12V/24V MPPT Solar Charge Controller Digital Display 30A 40A 100A Solar Controller High Efficiency Protects Battery Power Controller Home Use,₱516.51,N/A,https://www.lazada.com.ph/products/pdp-i15461975936.html
KKmoon 100A MPPT Solar Charge Controller 12/24V Auto Focus Solar Panel Controller Battery Intelligent Regulator with 4 USB Output Adjustable Parameter LCD Display Timer Setting,₱727.92,N/A,https://www.lazada.com.ph/products/pdp-i3598450403.html
100A MPPT Solar Charge Controller Dual USB LCD Display 12V 24V Auto Solar Cell Panel Charger Regulator with Load,₱771.80,N/A,https://www.lazada.com.ph/products/pdp-i5199826489.html
ELEJOY 14.6V Lifepo4 MPPT Solar Charge Controller 99% MPPT Efficiency Solar Battery Charger,"₱1,573.00",N/A,https://www.lazada.com.ph/products/pdp-i3260740690.html
LITTLEX 12V/24V MPPT Solar Charge Controller Protects Battery Digital Display Power Controller High Efficiency 30A 40A 100A Solar Controller Home Use,₱519.51,N/A,https://www.lazada.com.ph/products/pdp-i15461974437.html
METALIX Digital Display MPPT Solar Charge Controller Protects Battery 12V/24V Solar Control Panel High Efficiency 30A 40A 100A Power Controller Home Use,₱519.51,N/A,https://www.lazada.com.ph/products/pdp-i15464644886.html
100A MPPT Solar Charge Controller Solar PV Regulator Dual USB Auto Solar Charge Controller 12V 24V 36V 48V for Solar Panel,"₱1,399.00",N/A,https://www.lazada.com.ph/products/pdp-i15438616643.html
"【liuxiaomei】5A MPPT Solar Panel Regulator Controller Solar Charge Controller Battery Charging Module 9V 12V 18V 24V 300KHz PWM, Fine WorkmanshipHope you have a pleasant shopping experience<br><br>",₱420.00,N/A,https://www.lazada.com.ph/products/pdp-i15425880979.html
"MPPT 20A Solar Charger Controller 12V 24V Battery Regulator with LCD Display for , Gel, Flooded and Lithium","₱1,502.10",N/A,https://www.lazada.com.ph/products/pdp-i15419137141.html
PowMr 45A MPPT Solar Charger Controller 12V 24V With Blacklight LCD Regulator Max PV Input 100VDC Support Lifepo4 Battery Efficient charging,"₱2,800.00",N/A,https://www.lazada.com.ph/products/pdp-i4658486134.html
KKmoon 40A MPPT Solar Charge Controller with LCD Display Dual USB Ports Auto Recognition Solar Panel Regulator for Gel AGM Flooded Li Battery,"₱3,768.76",N/A,https://www.lazada.com.ph/products/pdp-i15502690522.html
Meterk 40A MPPT Solar Charge Controller with LCD Display Dual USB Ports Auto Recognition Solar Panel Regulator for Gel AGM Flooded Li Battery,"₱3,922.00",N/A,https://www.lazada.com.ph/products/pdp-i15497294238.html
BOSTO Solar Charge Regulator Automatic Detection Solar Charge Controller System Protection Long Life Pan MPPT Overheating Protection for Outdoor Use,"₱4,062.28",N/A,https://www.lazada.com.ph/products/pdp-i15483992120.html
BOSTO Solar Charge Controller Safe MPPT Charging Wide Compatibility Solar Charge Regulator Automatic Voltage Identification 60A Air Cooling for Home,"₱9,708.51",N/A,https://www.lazada.com.ph/products/pdp-i15494225358.html
BOSTO MPPT Solar Controller IP65 Waterproof 120V 230V Auto Identification Multifunctional WIFI and APP Control Solar Power Inverter for Base Station,"₱6,905.89",N/A,https://www.lazada.com.ph/products/pdp-i15483962280.html
Flowatt PWM Solar Controller 12V 24V Auto LCD Display Work For Lead Acid And Lithium Batt 10A 20A 30A Solar Charge Controller MPPT With Dual USB Backlight Car Battery Charger,₱139.00,N/A,https://www.lazada.com.ph/products/pdp-i4394321983.html
Aoyang 60A/120A 12V/24V/48V/96V/192V Adaptive MPPT Solar Charge Controller 480V Max Panel Optional WiFi Connection,"₱5,500.00",N/A,https://www.lazada.com.ph/products/pdp-i4565212158.html
Original 600W MPPT Solar Charge Controller 40A 10-30V Adjustable OLED Display Smart Fan Photovoltaic,"₱3,088.00",N/A,https://www.lazada.com.ph/products/pdp-i15502362794.html
BOSTO MPPT Solar Charging Controller Intelligent Various Protecting 12V 24V 36V 48V Auto MPPT Photovoltaic Controller Powerful with Radiator Fan for Street Lights,"₱7,538.40",N/A,https://www.lazada.com.ph/products/pdp-i15496169292.html
【Fhdpeebu】 4X 3S 3A 12V MPPT Solar PV Charger Controller Module CN3767/CN3722 with LED Indicator for 18V Solar Panel System,₱966.00,N/A,https://www.lazada.com.ph/products/pdp-i15500997090.html
Hamwesh Solar Charge Controller 20A 30A MPPT Solar Regulator USB Controller with LCD Display Parameter Adjustable for RV Panel Battery (20A),"₱2,410.02",N/A,https://www.lazada.com.ph/products/pdp-i15499864151.html
BOSTO Negative Grounded Solar Regulator Set Overheating Power Reduction 4 Stage Charging MPPT Solar Charge Controller with LCD Display for Lithium Batteries,"₱8,668.73",N/A,https://www.lazada.com.ph/products/pdp-i15496665823.html
【LeeandHan】 MPPT Solar For Charge Controller with Overcurrent Short Circuit Protection,"₱1,148.00",N/A,https://www.lazada.com.ph/products/pdp-i15491489039.html
Solar Charge Controller MPPT 100A LCD Display 12V 24V AUTO Dual USB Solar Charge And Discharge Controller,₱439.00,N/A,https://www.lazada.com.ph/products/pdp-i15488965410.html
【Original+24hours delivery】100A MPPT Solar Charge Controller Dual USB LCD Display Auto Solar Cell Panel Charger Regulator,₱577.00,N/A,https://www.lazada.com.ph/products/pdp-i15489164341.html
Zonejoy Wind Turbine Stable Movement Curved Blade 500W Maglev Wind Turbine Generator with MPPT Controller for Industries,"₱14,035.01",N/A,https://www.lazada.com.ph/products/pdp-i15487627753.html
MPPT Solar Controller 180V-280V,"₱9,921.00",N/A,https://www.lazada.com.ph/products/pdp-i15455489922.html
"Anern 20A/30A/60A MPPT Solar Controller 12V 24V 48V Auto Mppt Solar Charge Controller Fast Charger Support Lifepo4, Sealed,Flooded,Li(NiCoMn)O2 Battery","₱2,893.00",N/A,https://www.lazada.com.ph/products/pdp-i5198131170.html
MPPT Solar Charge Controller 50a JNGE,"₱4,700.00",N/A,https://www.lazada.com.ph/products/pdp-i4068161819.html
【Ntcpefy】MPPT Solar Charging Controller 800w 24-85V Input/18-65V Output Adjustable Voltage with Display for Electric Vehicles,"₱3,689.90",N/A,https://www.lazada.com.ph/products/pdp-i15446547926.html
ZENO Digital Display MPPT Solar Charge Controller 30A 40A 100A 12V/24V Solar Control Panel High Efficiency Protects Battery Power Controller Home Use,₱509.51,N/A,https://www.lazada.com.ph/products/pdp-i15462237522.html
LUMINOU 12V/24V MPPT Solar Charge Controller Protects Battery 30A 40A 100A Solar Controller High Efficiency Digital Display Solar Control Panel Home Use,₱514.51,N/A,https://www.lazada.com.ph/products/pdp-i15461982423.html
BOSCA Solar Charge Controller MPPT 12v 24v 40A,"₱3,999.00",N/A,https://www.lazada.com.ph/products/pdp-i4725617818.html
Smart Sensor 30A/ 40A/50A/60A/100A MPPT Solar Charge Controller Dual USB LCD Display Auto Solar Cell Panel Charger Regulator,₱727.00,N/A,https://www.lazada.com.ph/products/pdp-i3341432275.html
BUENOO 12V/24V MPPT Solar Charge Controller 30A 40A 100A Protects Battery Solar Controller High Efficiency Digital Display Power Controller Home Use,₱509.51,N/A,https://www.lazada.com.ph/products/pdp-i15463546742.html
Gracekarin 12V 24V Solar System MPPT Charge Controller 100A Waterproof and Efficient NEW,₱918.00,N/A,https://www.lazada.com.ph/products/pdp-i15442204191.html
LIVELYN 12V/24V MPPT Solar Charge Controller 30A 40A 100A Protects Battery Solar Controller High Efficiency Digital Display Power Controller Home Use,₱517.51,N/A,https://www.lazada.com.ph/products/pdp-i15461784880.html
MARBLEX 12V/24V MPPT Solar Charge Controller Protects Battery Digital Display Power Controller High Efficiency 30A 40A 100A Solar Controller Home Use,₱517.51,N/A,https://www.lazada.com.ph/products/pdp-i15464095206.html
DORADO 12V/24V MPPT Solar Charge Controller Digital Display 30A 40A 100A Solar Controller High Efficiency Protects Battery Power Controller Home Use,₱511.51,N/A,https://www.lazada.com.ph/products/pdp-i15461676857.html
PowMr 25A/35A/45A MPPT Solar Charger Controller 12V 24V With Blacklight LCD Regulator Max PV Input 100VDC Support Lifepo4 Battery Efficient charging,"₱1,550.00",N/A,https://www.lazada.com.ph/products/pdp-i4658461431.html
FELIZ Digital Display MPPT Solar Charge Controller Protects Battery 30A 40A 100A Solar Controller High Efficiency 12V/24V Solar Control Panel Home Use,₱509.51,N/A,https://www.lazada.com.ph/products/pdp-i15462649168.html
PowMr 100% Mppt 60A Solar Charge Controller and Discharge Controller 12v-48v Auto 190vdc lcd fan with backlight Support Lead Acid Lithium Battery HHJ-60A,"₱3,350.00",N/A,https://www.lazada.com.ph/products/pdp-i4162093708.html
【Ntcpefy】Automatic Recognition 12V 24V 10A MPPT Solar Charge Controller Voltage Reduction Charge and Discharge,"₱1,521.60",N/A,https://www.lazada.com.ph/products/pdp-i15446680675.html
[tfsdfvd]100A MPPT Solar Charge Controller Dual USB LCD Display 12V 24V Auto Solar Cell Panel Charger Regulator with Load,₱696.00,N/A,https://www.lazada.com.ph/products/pdp-i15441062775.html
MARINI Digital Display MPPT Solar Charge Controller Protects Battery 30A 40A 100A Solar Controller High Efficiency 12V/24V Power Controller Home Use,₱517.51,N/A,https://www.lazada.com.ph/products/pdp-i15462074729.html
100A MPPT Solar Charge Controller Dual USB LCD Display 12V 24V Auto Solar Cell Panel Charger Regulator with Load,₱696.00,N/A,https://www.lazada.com.ph/products/pdp-i15446933878.html
[tfsdfvd]MPPT Solar Charge Controller Multiple Protection Solar Solar QC3.0 Controller with LCD Screen,₱304.00,N/A,https://www.lazada.com.ph/products/pdp-i15446510294.html
【Latest model】30A MPPT PWM Solar Charge Controller 12V 24V Solar Panel Battery Regulator Dual USB Port LCD Display,"₱1,387.30",N/A,https://www.lazada.com.ph/products/pdp-i15446810061.html
【liuxiaomei】Solar Charge Bluetooth MPPT Controller with LCD Display Dual USB Support 12V/24V/36V/48V/60V BatteryHope you have a pleasant shopping experience<br><br>,"₱1,147.00",N/A,https://www.lazada.com.ph/products/pdp-i5365151458.html
30A MPPT PWM Solar Charge Controller 12V 24V Solar Panel Battery Regulator Dual USB Port LCD Display,"₱1,109.19",N/A,https://www.lazada.com.ph/products/pdp-i5188038168.html
KKmoon MPPT Wind Solar Hybrid Charge Controller Wind Solar Hybrid Charge Controller Protective Continuous Discharge PWM Charging for Road Monitoring,"₱9,886.56",N/A,https://www.lazada.com.ph/products/pdp-i15496591304.html
"[PENGGONG] MPPT Solar Power Management Module 6-24V Input, 5V 3A Type-C Output With PD Fast Charge For Lithium Battery","₱1,344.00",N/A,https://www.lazada.com.ph/products/pdp-i15502734527.html
Andoer Solar Charging Regulator Intelligent Electric Fan MPPT Charge Controller for RV for Field Monitoring for Communication Base Station for Household System,"₱5,727.00",N/A,https://www.lazada.com.ph/products/pdp-i15491700061.html
6-inch car fan 12V sedan 24V truck silent cooling dual head strong wind can rotate 360 ° USB interface cigarette lighter suitable for most car models,₱350.00,N/A,https://www.lazada.com.ph/products/pdp-i3623595064.html
Solar Charge Controller 12V 24V 30A MPPT,₱850.00,N/A,https://www.lazada.com.ph/products/pdp-i3808061238.html
【Latest model】MPPT 600W Solar Boost Charge Controller for 24V 36V 48V 60V 72V Battery Charger Charge Digital Controller,"₱2,444.60",N/A,https://www.lazada.com.ph/products/pdp-i15447180481.html
NANWEI MPPT Solar Controller Automatic Identification 12V 24V Voltage Regulation MPPT PV Solar Controller Photovoltaic Lightweight for Factory,₱834.00,N/A,https://www.lazada.com.ph/products/pdp-i15408959894.html
Wind Generator Charge Controller Multilateral Bottom Plate IP67 Protection Wind Turbine Charging Controller 48V Rated 1000W Waterproof for Factory,"₱2,488.00",N/A,https://www.lazada.com.ph/products/pdp-i5045735975.html
Wind Turbine Controller Wind Charge Controller for Wind Turbine Generator 300W/600W Waterproof DC 12V 24V Wind Turbine Generator Charge Controller Regulator,₱978.00,N/A,https://www.lazada.com.ph/products/pdp-i4895606148.html
MINIYX 12V/24V MPPT Solar Charge Controller 30A 40A 100A Protects Battery Power Controller High Efficiency Digital Display Solar Controller Home Use,₱517.51,N/A,https://www.lazada.com.ph/products/pdp-i15464109506.html
Jocestyle 100A MPPT Solar Charge Controller Solar PV Battery Charger LCD Display Auto Solar Charge Controller Dual USB for Solar Panel,"₱1,274.00",N/A,https://www.lazada.com.ph/products/pdp-i15463991942.html
30A MPPT PWM Solar Charge Controller 12V 24V Solar Panel Battery Regulator Dual USB Port LCD Display,"₱1,306.30",N/A,https://www.lazada.com.ph/products/pdp-i15447033680.html
LUMIQLO Digital Display MPPT Solar Charge Controller 12V/24V Protects Battery Solar Controller High Efficiency 30A 40A 100A Power Controller Home Use,₱515.51,N/A,https://www.lazada.com.ph/products/pdp-i15462277226.html
LCD Display Solar Panel Regulator Dual USB 100A MPPT Solar Charge Controller Intelligent Regulator 12V 24V 36V 48V for Solar Panel,"₱1,274.00",N/A,https://www.lazada.com.ph/products/pdp-i15464165452.html
LCD BM3072 300W MPPT Solar Charge Controller Battery Charger 24/36/48/60/72V Boost,"₱1,856.40",N/A,https://www.lazada.com.ph/products/pdp-i15446993919.html
"[frthrthrt]MPPT Solar Charge Controller 12V 24V 36V 48V Battery System Auto,PV Solar Panel Regulator","₱1,664.30",N/A,https://www.lazada.com.ph/products/pdp-i5332872561.html
LovSpor❤100A MPPT Solar Charge Controller Solar PV Regulator LCD Display Auto Solar Charge Controller Dual USB for Solar Panel,"₱1,399.00",N/A,https://www.lazada.com.ph/products/pdp-i5375320551.html
Photovoltaic MPPT Solar Controller with Backlight Display 12V 11.1V Solar Charging Controller,"₱1,581.60",N/A,https://www.lazada.com.ph/products/pdp-i15447477720.html
【liuxiaomei】12V/24V/36V/48V Auto 150A MPPT Solar Charge Controller Battery Charging Off-Grid Automatic Identification ControllerHope you have a pleasant shopping experience<br><br>,"₱1,919.30",N/A,https://www.lazada.com.ph/products/pdp-i5356084565.html
【New Arrival】 100A MPPT Solar Charge Controller Solar PV Regulator Dual USB Solar PV Battery Charger 12V 24V 36V 48V for Solar Panel,"₱1,259.00",N/A,https://www.lazada.com.ph/products/pdp-i5400308917.html
100A MPPT Solar Charge Controller Solar PV Battery Charger LCD Display Auto Solar Charge Controller Dual USB 12V 24V 36V 48V for Solar Panel,"₱1,279.00",N/A,https://www.lazada.com.ph/products/pdp-i15456357492.html
100A MPPT Solar Charge Controller Solar PV Battery Charger LCD Display Auto Solar Charge Controller Dual USB for Solar Panel,"₱1,279.00",N/A,https://www.lazada.com.ph/products/pdp-i15456193516.html
[Vodool Brand Center]100A MPPT Solar Charge Controller Solar PV Regulator 12V 24V 36V 48V Auto Solar Charge Controller for Solar Panel,"₱1,175.00",N/A,https://www.lazada.com.ph/products/pdp-i15424334604.html
MPPT Solar Charge Controller 12V 24V 36V 48V LCD Display Solar Panel Battery Intelligent Solar Regulator,"₱2,185.20",N/A,https://www.lazada.com.ph/products/pdp-i5202872140.html
LUXELU Digital Display MPPT Solar Charge Controller Protects Battery 12V/24V Power Controller High Efficiency 30A 40A 100A Solar Control Panel Home Use,₱509.51,N/A,https://www.lazada.com.ph/products/pdp-i15461796777.html
【XINJIA】Battery 12V/24V 20A MPPT Solar Charge Controller forRV System Charging Bluetooth Solar Charge Controller,"₱5,002.90",N/A,https://www.lazada.com.ph/products/pdp-i5357028657.html
[Uetech] 100A MPPT Solar Charge Controller Intelligent Regulator LCD Display Auto Solar Charge Controller Dual USB for Solar Panel,"₱1,274.00",N/A,https://www.lazada.com.ph/products/pdp-i15464091325.html
【liuxiaomei】MPPT 150A Solar Charge Controller 12V 24V 36V 48V Auto Dual USB Charging forLead Acid Lithium Battery Solar PanelHope you have a pleasant shopping experience<br><br>,"₱2,141.20",N/A,https://www.lazada.com.ph/products/pdp-i15414068542.html
Smart MPPT Solar Charger Controller,"₱3,322.00",N/A,https://www.lazada.com.ph/products/pdp-i15455309761.html
BOSCA MPPT 12V/24 AUTO Solar Charge Controller For Solar PV Power System 20A/30A/40A/60A MPJ Series,"₱1,850.00",N/A,https://www.lazada.com.ph/products/pdp-i3470647489.html
【Latest model】MPPT Solar Charge Controller DC 8-28V 5A 100W Automatic Switching Solar Panel Charger 9V 12V 24V,₱332.00,N/A,https://www.lazada.com.ph/products/pdp-i15451417935.html
LCD Display Solar Panel Regulator Dual USB 100A MPPT Solar Charge Controller Intelligent Regulator 12V 24V 36V 48V for Solar Panel [Jocestyle Store],"₱1,413.00",N/A,https://www.lazada.com.ph/products/pdp-i15455848049.html
【FUXING】 MPPT 450W For Solar Controller for Safe and Efficient Boost Charging 9V 60V [buy now],"₱1,638.00",N/A,https://www.lazada.com.ph/products/pdp-i5378169889.html
[rooqs]Solar Charge Controller DC 8-28V 5A 100W MPPT Automatic Switching Solar Charging Panel 9V 12V 24V,₱333.00,N/A,https://www.lazada.com.ph/products/pdp-i15447666989.html
100A MPPT Solar Charge Controller Solar PV Battery Charger LCD Display Solar Panel Regulator Dual USB for Solar Panel,"₱1,399.00",N/A,https://www.lazada.com.ph/products/pdp-i5374698121.html
[tfsdfvd]MPPT 600W Solar Boost Charge Controller for 24V 36V 48V 60V 72V Battery Charger Charge Digital Controller,"₱2,351.60",N/A,https://www.lazada.com.ph/products/pdp-i15435198159.html
PowMr 35A MPPT Solar Charger Controller 12V 24V With Blacklight LCD Regulator Max PV Input 80VDC Support Lifepo4 Battery Efficient charging,"₱2,200.00",N/A,https://www.lazada.com.ph/products/pdp-i4658398856.html
PowMr MPPT Solar Charger Controller 20A 30A 40A 12V 24V Solar Panel Regulator LCD Display Various Load Control Modes Support lithium batteries,"₱1,505.00",N/A,https://www.lazada.com.ph/products/pdp-i4130963321.html
[COD] SHGMYD DC 8-28V 5A 100W MPPT Solar Panel Solar Charge Controller Automatic Switch Solar Charging Panel 9V,₱228.46,N/A,https://www.lazada.com.ph/products/pdp-i15459193968.html
【Latest model】Automatic Recognition 12V 24V 10A MPPT Solar Charge Controller Voltage Reduction Functionality for Charging and Discharging,"₱1,559.60",N/A,https://www.lazada.com.ph/products/pdp-i15446740656.html
GUANGHEGUINENG | MPPT Automatic Universal Solar Charge Controller WiFi,"₱2,948.00",N/A,https://www.lazada.com.ph/products/pdp-i15405563471.html
Flowatt 30A Solar Charger Controller MPPT 12V 24V Battery Charger LCD Solar Panel Controller Regulator for Max PWM 50V PV Lnput RBL Lead Acid Battery With Dual USB Port solar controller charger,₱140.00,N/A,https://www.lazada.com.ph/products/pdp-i4141006716.html
Solar controller Authentic SRNE 40A 12V/24V MPPT Solar Charge Controller,"₱7,532.00",N/A,https://www.lazada.com.ph/products/pdp-i3796946423.html
MPPT Automatic Solar Controller PV Charging,"₱9,522.00",N/A,https://www.lazada.com.ph/products/pdp-i15405522389.html
Solar MPPT Controller For Lead Acid Lithium Battery,"₱1,899.00",N/A,https://www.lazada.com.ph/products/pdp-i5108232353.html
YUHANZHE | Stainless Steel Manual Butterfly Valve Wind Control,"₱2,211.68",N/A,https://www.lazada.com.ph/products/pdp-i15442528802.html
BOSCA Solar Charge Controller MPPT 12v 24v 40A,"₱4,000.00",N/A,https://www.lazada.com.ph/products/pdp-i4663673637.html
TaoZhong 60A/120A MPPT Solar Controller Charge 12V/24V/36V/48V/60V/72V/84V/96V PV Max 230V for Sealed Lead Acid Gel and Lithium,"₱5,286.00",N/A,https://www.lazada.com.ph/products/pdp-i5371239883.html
PowMr 60A MPPT Solar Charger Controller 12V 24V 36V 48V With Blacklight LCD Regulator Max PV Input 160VDC Support Lithium Battery,"₱4,170.00",N/A,https://www.lazada.com.ph/products/pdp-i4163068314.html
20A 30A 40A 60A MPPT Solar Charge Controller Solar Panel Controller LCD Display Solar Controller can use Lithium Battery,"₱2,675.00",N/A,https://www.lazada.com.ph/products/pdp-i4311434713.html
【Weliba】 Advanced MPPT Technology Solar Panel Regulator with Real Time Display 12V/24V [New Products Hot Sale],₱421.00,N/A,https://www.lazada.com.ph/products/pdp-i15445831372.html
Zamdon MPPT Solar Charge Controller 80A 48V,"₱10,000.00",N/A,https://www.lazada.com.ph/products/pdp-i3851064096.html
【HCS】100A MPPT Solar Charge Controller Solar PV Regulator LCD Display Intelligent Regulator 12V 24V 36V 48V for Solar Panel,"₱1,259.00",N/A,https://www.lazada.com.ph/products/pdp-i15391140515.html
YIBAR MAOHONG 12V Charging Management 18V Solar 3-series Lithium Battery Charger MPPT Solar Controller CN3722,₱367.92,N/A,https://www.lazada.com.ph/products/pdp-i15409830791.html
"【Latest model】MPPT 12V 10A,Solar Charge Controller Featuring Type-C and USB Output for , LiFePO? Battery, Solar Panel Charge Controller","₱1,439.01",N/A,https://www.lazada.com.ph/products/pdp-i15434975464.html
BOSCA MPPT 12V/24V/36V/48V AUTO Solar Charge Controller 30A/40A/60A/80A/100A MPK Series COD,"₱5,790.00",N/A,https://www.lazada.com.ph/products/pdp-i3470742421.html
"MPPT Solar Ccontroller 60A/80A/100A12V 24V 36V 48V AUTO Battery Charger with LCD,Automatic VID",₱669.00,N/A,https://www.lazada.com.ph/products/pdp-i5105460121.html
Flowatt 40A 60A 80A 100A MPPT Solar Charge Controller Max PV Input 100V Dual USB LCD Display 12V -48V Auto Battery Intelligent Regulator,"₱1,020.00",N/A,https://www.lazada.com.ph/products/pdp-i4597073919.html
MceHKF DC 8-28V 5A 100W MPPT Solar Panel Solar Charge Controller Automatic Switch Solar Charging Panel 9V,₱258.08,N/A,https://www.lazada.com.ph/products/pdp-i15445906389.html
"【TTONG Mall】MPPT Solar Charge Controller 12V 10A, USB Output Type-C Solar Panel Charger for , LiFePO? Battery","₱1,555.00",N/A,https://www.lazada.com.ph/products/pdp-i5408457843.html
PowMr MPPT Solar Charger Controller 20A 30A 40A 12V/24V Solar Panel Regulator LCD Display Various Load Control Modes Support Lifepo4 Battery,"₱1,505.00",N/A,https://www.lazada.com.ph/products/pdp-i4131033230.html
【Ntcpefy】Solar Charge Controller DC 8-28V 5A 100W MPPT Automatic Switch Solar Panel Charging System 9V 12V 24V,₱341.00,N/A,https://www.lazada.com.ph/products/pdp-i15446827510.html
HOMETOOL Smart MPPT Solar Charge Controller 12V 24V 36V 48V with Dual USB Charging Ports,"₱2,361.22",N/A,https://www.lazada.com.ph/products/pdp-i5228000410.html
【L-BEANS】 MPPT Solar Charge Controller 450W 24V/36V/48V/60V/72V Adjustable Output 12A,"₱1,581.00",N/A,https://www.lazada.com.ph/products/pdp-i15415697043.html
【SUNNY2015 SHIPPING】100W Solar Panel Regulator Controller 5A MPPT Auto Switch Supports 9V 12V 24V Battery Charging Solar Control System,₱468.00,N/A,https://www.lazada.com.ph/products/pdp-i15446849727.html
【L-BEANS】 500W 800W Wind Turbine Charge Controller IP67 Enclosure for Outdoor Use,"₱1,782.00",N/A,https://www.lazada.com.ph/products/pdp-i15421358930.html
200W/400W/600W MPPT Solar Charge Controller | Real-Time Tracking | Adjustable Output 10~85V | LED Display | Waterproof Dustproof MPPT step-down/up solar charge controller,"₱3,788.00",N/A,https://www.lazada.com.ph/products/pdp-i5273554973.html
【Povhhee】Solar Charge Controller DC 8-28V 5A 100W MPPT Solar Panel Automatic Switching Solar Charging System Supports 9V 12V 24V Input,₱348.00,N/A,https://www.lazada.com.ph/products/pdp-i15419531923.html
MILDGLOW 12V/24V MPPT Solar Charge Controller Digital Display 30A 40A 100A Solar Controller High Efficiency Protects Battery Power Controller Home Use,₱516.51,N/A,https://www.lazada.com.ph/products/pdp-i15463993499.html
Solar Charge Controller 20A MPPT,"₱1,503.00",N/A,https://www.lazada.com.ph/products/pdp-i933402679.html
"【Pokhdye】2X Wind Turbine Charge Controller, 400W 12V 24V Mini Wind Turbine Generator Controller IP67 Waterproof","₱1,269.60",N/A,https://www.lazada.com.ph/products/pdp-i15429105169.html
【Vodool Auto Center】 100A MPPT Solar Charge Controllers Solar PV Regulator Portable for Solar Panel,"₱1,259.00",N/A,https://www.lazada.com.ph/products/pdp-i15434674861.html
👉Hot Sale kittenBaby DC 8-28V 5A 100W MPPT Solar Panel Solar Charge Controller Automatic Switch Solar Charging Panel 9V,₱215.18,N/A,https://www.lazada.com.ph/products/pdp-i15446550625.html
【Planet age】2PCS CN3722 12V Solar Panel Controller MPPT Solar Controller with Dual Status Indicator for Li-Ion Batteries,₱469.00,N/A,https://www.lazada.com.ph/products/pdp-i15452202477.html
"5A MPPT Solar Panel Regulator Controller Solar Charge Controller Battery Charging Module 9V 12V 18V 24V 300KHz PWM, Easy to Use Fine Workmanship",₱420.00,N/A,https://www.lazada.com.ph/products/pdp-i15447374204.html
[UEB Mall]100A MPPT Solar Charge Controller Intelligent Regulator Dual USB Solar Panel Regulator 12V 24V 36V 48V for Solar Panel,"₱1,259.00",N/A,https://www.lazada.com.ph/products/pdp-i5376625547.html
[YoungStyle] 100A MPPT Solar Charge Controller Solar PV Regulator Dual USB Solar Panel Regulator 12V 24V 36V 48V for Solar Panel,"₱1,289.00",N/A,https://www.lazada.com.ph/products/pdp-i15408072472.html
[PENGGONG] 450W MPPT Step Down Solar Controller for 18V 80V Input with Smart Charging,"₱2,363.00",N/A,https://www.lazada.com.ph/products/pdp-i5360295794.html
Solar Boost Controller 98% Conversion Rate 12V‑50V Stainless Steel MPPT Solar Controller for Electric Vehicle,"₱1,802.00",N/A,https://www.lazada.com.ph/products/pdp-i5301774524.html
100A MPPT Solar Charge Controller Solar Panel Regulator LCD Display Auto Solar Charge Controller Dual USB for Solar Panel,"₱1,279.00",N/A,https://www.lazada.com.ph/products/pdp-i15456299314.html
Tbest MPPT Solar Charge Controller 12V 24V Dual USB Port LCD Display High Efficiency ABS Orange Black Auto Battery Regulator for Panel Systems (30A),₱801.98,N/A,https://www.lazada.com.ph/products/pdp-i15501292196.html
100A/60A/50A/40A/30A MPPT Solar Charge Controller Dual USB LCD Display Auto Solar Cell Panel Charger Regulator 【24 hours delivery】,₱557.00,N/A,https://www.lazada.com.ph/products/pdp-i15497039846.html
ELEJOY EMD60A 2700W Adjustable MPPT Solar Char Controller 12/24/36/48V LCD Display 50A/60A,"₱5,800.00",N/A,https://www.lazada.com.ph/products/pdp-i15496001005.html
Wind Turbine Generator Charge Controller Charging Regulator300w-600w 12v/24v,₱765.00,N/A,https://www.lazada.com.ph/products/pdp-i3848898568.html
Blower Fan Air Blower with Speed Controller Blower Kalan Strong Wind Force Stove Cabinet Dust Extractors DC 12V Portable Blower Cooking Blowe,₱209.00,N/A,https://www.lazada.com.ph/products/pdp-i5397869408.html
"StyleDwelling Blower Hair Dryer Hot and cold 2-in-1 High power, safe and stable Strong wind and low noise | Professional portable travel hair dryer, pet hair dryer#lf037#pf133",₱179.00,N/A,https://www.lazada.com.ph/products/pdp-i5165881045.html
Mini 5A 90W PWM 12V DC Motor Speed Controller Module DC-DC 4.5V-35V Adjustable Speed Regulator Control Governor Switch 24V,₱49.00,N/A,https://www.lazada.com.ph/products/pdp-i5007798719.html
REAIM Electric Portable Hot Air Blower Adjustable Nozzle High Durability 2300 2 Wind Speed Hot Air Heat Blower,₱429.00,N/A,https://www.lazada.com.ph/products/pdp-i15389422909.html
6 Inch /8Inch Clip-On Car Electric Fan Portable Summer Cooling Fan Truck Vehicle Strong Wind Air Cooler 12V/24V,₱282.00,N/A,https://www.lazada.com.ph/products/pdp-i4076414820.html
Home Electric Fan Ceiling Fan Clamp Fan Dormitory Fan for Strong Winds,₱155.00,N/A,https://www.lazada.com.ph/products/pdp-i1657496732.html
【FURONGHUA】 For MPPT Solar Charge Controller for 6V 12V 24V 36V 48V 60V Battery Systems,₱468.00,N/A,https://www.lazada.com.ph/products/pdp-i15498337137.html
"CG CHENG F690 Stand Fan,With box,Low noise, save power, mute, Powerful wind, Adjustable height",₱24.00,N/A,https://www.lazada.com.ph/products/pdp-i4935353787.html
【Planet age】MPPT Solar Charge Controller 100W DC 8-28V 5A Automatic Switch Solar Charging Panel 9V 12V 24V,₱317.00,N/A,https://www.lazada.com.ph/products/pdp-i15471562079.html
FZ Strong Wind Portable Easy Hang 5 Blades Hanging Mini Ceiling Fan,₱149.00,N/A,https://www.lazada.com.ph/products/pdp-i5081305021.html
Portable Na 12v/24v Double-Head Na Electric Fan Ng Kotse 360° Rotating Automatic Cooling Usb Fan Car Cold Wind Air Circulator Car Mini Fan Suitable For Trucks Off-Road Vehicles Cars,₱158.00,N/A,https://www.lazada.com.ph/products/pdp-i4494728430.html
Electric Hanging Ceiling Fan Portable F700 With 5 Blades Household Powerful Large Wind Fan,₱175.00,N/A,https://www.lazada.com.ph/products/pdp-i15400716163.html
Ceiling fan F700MM-5 leaf strong wind multifunctional household ceiling fan,₱198.00,N/A,https://www.lazada.com.ph/products/pdp-i4404266608.html
SEAMETAL Double Head Car Fan USB Charge Big Wind Three Speed Control Back Seat Fan Auto Interior Accessories,₱259.00,N/A,https://www.lazada.com.ph/products/pdp-i3916011278.html
"USB electric fan, ambient light, car mounted small fan, air conditioning vent clip, fan, strong wind, colorful",₱199.00,N/A,https://www.lazada.com.ph/products/pdp-i5108429543.html
MPPT Solar For Charge Controller for Off Grid Solar Power Applications,"₱1,171.00",N/A,https://www.lazada.com.ph/products/pdp-i15492151036.html
ECGSOLAX MPPT 40A Solar Charger Controller 12V/24V Auto Solar Controller with LCD Backlit Display,"₱2,300.00",N/A,https://www.lazada.com.ph/products/pdp-i5343625242.html
PowMr 30A/60A/80A PWM Solar Charge Controller 12V-48V Solar Controller Solar Panel Battery Regulator Dual USB LCD Display Pstar,₱979.20,N/A,https://www.lazada.com.ph/products/pdp-i2462538773.html
【With Ear Hooks】Silicone Glasses Straps with Ear Grip Hooks No Tail Spectacle Cord Strap Adjustable Glasses Holder Anti-slip Silicone Ear Hook Sleeve,₱45.00,N/A,https://www.lazada.com.ph/products/pdp-i5265923662.html
MACRAMEX Cartoon Dynamic Kites Lightweight Easy Control Fishing Rod Kites Outdoor Plastic Long Tail Kites Kids Gift,₱61.00,N/A,https://www.lazada.com.ph/products/pdp-i15459457849.html
Car fan Car outlet small fan Large wind color changing light cooling Silent USB fan,₱209.00,N/A,https://www.lazada.com.ph/products/pdp-i5099811435.html
High Airflow Barbecue Oven Fan DC Turbine Car Seat Wind 12032 12V Turbine Blower Durable Computer Hardware Monitor Cooling Fan,₱130.00,N/A,https://www.lazada.com.ph/products/pdp-i4088801035.html
【Parallel Version】PowMr 60A Mppt Solar Charge Controller With Cooling fan & Temperature Compensation Function 12V-48V Auto Max PV 160Vdc Solar Battery Recharging Controller,"₱4,400.00",N/A,https://www.lazada.com.ph/products/pdp-i4509776617.html
【HCS】100A MPPT Solar Charge Controller Solar PV Regulator LCD Display Intelligent Regulator 12V 24V 36V 48V for Solar Panel,"₱1,259.00",N/A,https://www.lazada.com.ph/products/pdp-i15392094766.html
MPPT Solar Charge Controller 4800W 100A/60A Compatible for 12V/24V/36V/48V Auto with Quick Charger Lead-Acid LiFePO4 Lithium Battery LCD Display Dual USB Ports Solar Panel Voltage Regulator for Off-Grid RV Home System,"₱1,334.15",N/A,https://www.lazada.com.ph/products/pdp-i15393743285.html
Backseat Cooling Fan Vehicle Rear Headrest Fans Three Adjustable Wind Speeds Cooling Air Fan 5V for Mini Cars RVs Sedans,₱379.00,N/A,https://www.lazada.com.ph/products/pdp-i5251402048.html
CHENJ 3A Solar Controller Charger Module Efficient Automatic Board for Off Grid Solar Panel Battery Charging Applications,₱93.38,N/A,https://www.lazada.com.ph/products/pdp-i15495917260.html
Double Head Car Fan USB Charge Big Wind Three Speed Control Back Seat Fan for Car,₱189.00,N/A,https://www.lazada.com.ph/products/pdp-i3276165691.html
vido | Dual-Head 12V/24V Car Fan with Cooling and Strong Wind Power,₱830.25,N/A,https://www.lazada.com.ph/products/pdp-i5289252904.html
Chandelier Ceiling Light Fan Modern Design for Living Room Smart Ceiling Fan Light with Remote Control Silent 45W 7 Blades 4 Wind Speeds Crystal Lampshade,₱758.00,N/A,https://www.lazada.com.ph/products/pdp-i4525912891.html
【Latest model】100A MPPT Solar Charge Controller Dual USB LCD Display 12V 24V Auto Solar Cell Panel Charger Regulator with Load,₱728.00,N/A,https://www.lazada.com.ph/products/pdp-i15446891326.html
100A MPPT Solar Charge Controller Solar PV Battery Charger LCD Display Auto Solar Charge Controller Dual USB for Solar Panel,"₱1,279.00",N/A,https://www.lazada.com.ph/products/pdp-i15456984073.html
Solar Panel Battery Regulator 12V 24V Versatile MPPT Solar Charge Controller with DC Dual USB Port for Villa RV,"₱1,185.00",N/A,https://www.lazada.com.ph/products/pdp-i4977266248.html
[Winnereco Flagship Mall]100A MPPT Solar Charge Controller Solar PV Battery Charger 12V 24V 36V 48V Intelligent Regulator for Solar Panel,"₱1,259.00",N/A,https://www.lazada.com.ph/products/pdp-i5374652043.html
【VIP】 100A MPPT Solar Charge Controller Solar Panel Regulator 12V 24V 36V 48V Auto Solar Charge Controller for Solar Panel,"₱1,259.00",N/A,https://www.lazada.com.ph/products/pdp-i5399906195.html
SNADI 60A 80A 100A (12/24V/36V/48) MPPT Solar Charge Controller High Efficiency,"₱8,499.00",N/A,https://www.lazada.com.ph/products/pdp-i2471531620.html
Meterk Solar Panel Charge Controller MPPT 12V 24V 36V 48V 60V Professional Solar Panel Regulator Wide Application for Home Systems,"₱7,517.00",N/A,https://www.lazada.com.ph/products/pdp-i15499834852.html
【Fast-selling】 High Efficient 1000w Dc 48v Ip67 Waterproof Mppt Charge Controller Wind Turbines Generator Charge Controller Regulator,"₱2,357.30",N/A,https://www.lazada.com.ph/products/pdp-i5007688589.html
Andoer Wind Solar Hybrid Charge Controller MPPT 1000W Wind Turbine and 1000W Solar Panel Charge Controller with Boost Function and Dump Load,"₱11,659.00",N/A,https://www.lazada.com.ph/products/pdp-i15502542943.html
100A/60A/50A/40A/30A MPPT Solar Charge Controller Dual USB LCD Display Auto Solar Cell Panel Charger Regulator 【Local delivery】,₱556.00,N/A,https://www.lazada.com.ph/products/pdp-i15497153375.html
【Top-rated】 1000-5000W MPPT Charge Controller 12V/24V AUTO 48V 10A-40A Wind Turbine Generator Water Proof Regulator Rectifier Factory Price,"₱1,604.30",N/A,https://www.lazada.com.ph/products/pdp-i15459281746.html
PowMr 100A MPPT Parallel Solar Charger Controller 12V-48V Auto Blacklight LCD Regulator Max PV Input 160VDC Support Lifepo4 Battery Can Parallel Up to 12 Units Battery Charger,"₱6,345.00",N/A,https://www.lazada.com.ph/products/pdp-i5128512303.html
500W Max DC 12V/24V Wind Turbine Generator Battery Charge Controller,₱985.32,N/A,https://www.lazada.com.ph/products/pdp-i15483964353.html
Jimdary Solar Controller Premium Material Beautiful Ergonomic for Home,₱750.00,N/A,https://www.lazada.com.ph/products/pdp-i15490717588.html
【MomLove】 Simple Setup USB Wind Speed Controller for Your Workspace or Dormitory [Large Inventory Hot Selling],₱105.00,N/A,https://www.lazada.com.ph/products/pdp-i15473411486.html
【L-BEANS】 144 x 78 x 33mm For MPPT Solar Charge Controller 12V 24V for Lithium Batteries,"₱1,195.00",N/A,https://www.lazada.com.ph/products/pdp-i15500925550.html
MPPT Solar Charge Controller Multiple Protection Solar Solar QC3.0 Controller with LCD Screen,₱253.00,N/A,https://www.lazada.com.ph/products/pdp-i4596086674.html
[PENGGONG] 12V 24V MPPT Solar Charge Controller Digital Display Output 10A 20A 30A to 100A,₱465.00,N/A,https://www.lazada.com.ph/products/pdp-i15494182908.html
12V/24V 9000W Wind Turbines Generator Controller Waterproof Battery Charge Overvoltage Protection Controller Regulator,"₱1,148.20",N/A,https://www.lazada.com.ph/products/pdp-i3141059263.html
【Trending】 MPPT Solar Controller Regulator Dual USB with QC 3.0 DIY Solar Charger Quick charge for etc.,₱416.30,N/A,https://www.lazada.com.ph/products/pdp-i5087613922.html
【EELHOE】 Secure and Durable 450W MPPT Solar Charging Controller IP30 Protection [New Arrivals Large Inventory],"₱1,584.00",N/A,https://www.lazada.com.ph/products/pdp-i15492601877.html
400W 12V 24V Mini Wind Turbine Generator Controller Wind Generator Controller IP67 Waterproof,₱592.00,N/A,https://www.lazada.com.ph/products/pdp-i4049755812.html
vlag <br>MPPT Solar Charge Controller Multiple Protection Solar Solar QC3.0 Controller with LCD Screen,₱304.00,N/A,https://www.lazada.com.ph/products/pdp-i15465864404.html
30A MPPT PWM Solar Charge Controller 12V 24V Solar Panel Battery Regulator Dual USB Port LCD Display,"₱1,317.40",N/A,https://www.lazada.com.ph/products/pdp-i4057251955.html
Meterk MPPT Solar Regulator Dual Fan Cooling Solar Panel Controller 12V 24V 36V 48V Dual or Multi Peak Tracking for Landscape Lighting,"₱5,585.54",N/A,https://www.lazada.com.ph/products/pdp-i15477000505.html
SOLAFANS 48V 40A MPPT Solar Charger DC150V PV 2200W 12V 24V 48V Lithium Lead Acid Gel Controller for Solar Power,"₱6,306.37",N/A,https://www.lazada.com.ph/products/pdp-i3698889006.html
[jwerlyday]MPPT Boost Solar Electric Vehicle Charging Controller 18V Charging 24V 48V 72V 900W RV Golf Car Solar Controller,"₱3,213.20",N/A,https://www.lazada.com.ph/products/pdp-i15453835051.html
MPPT Charge Multiple Protection Solar QC3.0 Controller with LCD Screen,₱516.80,N/A,https://www.lazada.com.ph/products/pdp-i15445950703.html
【Big-promotion】 Factory Price 12v 24v 48v Pwm Wind Charge Controller 20a 30a For 0-2000w Wind Turbine Generator Homeuse Free Energy,₱824.83,N/A,https://www.lazada.com.ph/products/pdp-i5030654372.html
【LeeandHan】 60A 80A 100A For MPPT Solar Charge Controller LCD Display for 12V 24V Battery,"₱1,147.00",N/A,https://www.lazada.com.ph/products/pdp-i15491666824.html
[PENGGONG] 10A-40A MPPT For Solar Charge Controller with Dual USB Ports and DC Output,₱388.00,N/A,https://www.lazada.com.ph/products/pdp-i15490780226.html
"[jusumall]MPPT Solar Charge Controller 12V 10A with Type-C and USB Output, Designed for , LiFePO? Battery Compatible Solar Panels","₱1,555.00",N/A,https://www.lazada.com.ph/products/pdp-i15477594075.html
IoT MPPT Solar Controller with 4G and WiFi APP Monitoring,"₱8,712.00",N/A,https://www.lazada.com.ph/products/pdp-i15462861435.html
【Sell-Well】 Wind Charge Controller 500w Mini Wind Turbine Generator Controller Waterproof Wind Turbines Generator Charge Controller 12v/24v,"₱1,686.47",N/A,https://www.lazada.com.ph/products/pdp-i4503076870.html
[jwerlyday]MPPT Solar Charge Controller 10A 12V 24V Auto Switching for GEL SLA LFP LI Battery USE Panel,"₱1,556.60",N/A,https://www.lazada.com.ph/products/pdp-i15453679720.html
【Latest model】MPPT/PWM Solar Charger Controller Solar Panel Regulator LCD Display Various Load Control Modes,"₱1,736.40",N/A,https://www.lazada.com.ph/products/pdp-i15465746322.html
BBST 60A For MPPT Solar Charge Controller with LCD Display for Multiple Batteries,"₱3,273.00",N/A,https://www.lazada.com.ph/products/pdp-i15465972072.html
Solar Controller MPPT Embeddable For Remote Surveillance,"₱4,766.00",N/A,https://www.lazada.com.ph/products/pdp-i15455443427.html
NEW 12V Charging Management 18V Solar 3-series Lithium Battery Charger MPPT Solar Controller CN3722,₱808.97,N/A,https://www.lazada.com.ph/products/pdp-i15464865746.html
30A MPPT PWM Solar Charge Controller 12V 24V Solar Panel Battery Regulator Dual USB Port LCD Display,"₱1,366.30",N/A,https://www.lazada.com.ph/products/pdp-i15462010183.html
MPPT Solar Charge Controller,"₱6,050.00",N/A,https://www.lazada.com.ph/products/pdp-i4339233328.html
MPPT Boost Solar Controller 18V Charging 24V 48V 72V 900W Electric Vehicle Charging for RV Golf Car,"₱3,172.20",N/A,https://www.lazada.com.ph/products/pdp-i15409203341.html
Wind Preventing and Condensation Control Air Conditioner Deflector Universal For Wall-Mounted,₱367.25,N/A,https://www.lazada.com.ph/products/pdp-i15449621735.html
Y&H 60A MPPT Solar Controller Charge Regulator 12V/24V/36V/48V/60V/72V/84V/96V PV Max 230V for Sealed Lead Acid Gel and Lithium,"₱6,286.00",N/A,https://www.lazada.com.ph/products/pdp-i4716577999.html
Aibecy Solar Panel Charge Controller Overcurrent Protection 12V 24V 36V 48V 60V MPPT Solar Panel Regulator for Industrial Site Monitoring,"₱5,444.05",N/A,https://www.lazada.com.ph/products/pdp-i5356795027.html
MPPT/PWM Solar Charger Controller Solar Panel Regulator LCD Display Various Load Control Modes,"₱2,533.20",N/A,https://www.lazada.com.ph/products/pdp-i15422482830.html
Meterk Wind Solar Hybrid Charge Controller MPPT 1000W Wind Turbine and 1000W Solar Panel Charge Controller with Boost Function and Dump Load,"₱10,961.30",N/A,https://www.lazada.com.ph/products/pdp-i15479517882.html
[MEA]MPPT for PWM Solar Charge Controller Solar Panel Battery Regulator Dual USB Port[my],₱837.12,N/A,https://www.lazada.com.ph/products/pdp-i15495480949.html
Andoer Magnetic Levitation Wind Generator 500W Quiet Wind Turbine High Power Generation Dual Bearing Curved Blade with MPPT Controller for LED Street Lights,"₱14,753.00",N/A,https://www.lazada.com.ph/products/pdp-i15501805536.html
【liuxiaomei】CN3795 Solar Controller Board MPPT Cell Lithium Battery Regulator Control Module for Solar PanelHope you have a pleasant shopping experience<br><br>,₱267.49,N/A,https://www.lazada.com.ph/products/pdp-i15502317683.html
FUXING Auto 30A MPPT Solar Panel Charge Controller Regulator 12V24V USB 5V2 5A,₱829.00,N/A,https://www.lazada.com.ph/products/pdp-i15500651325.html
【Weliba】 DC Solar Panel Controller 6 36V with MPPT Dual Channel LED Display for Battery [New Products Hot Sale],₱871.00,N/A,https://www.lazada.com.ph/products/pdp-i15497436295.html
MPPT PV Solar Controller Solar Controller Plastic Photovoltaic Intelligent Protection Function Easy To Install for Farm,₱675.95,N/A,https://www.lazada.com.ph/products/pdp-i15496357967.html
elejoy 600W MPPT Solar Charge Controller IP65 Waterproof Step-Down10V-30V Spot goods. Limited stock,"₱3,288.00",N/A,https://www.lazada.com.ph/products/pdp-i15502219191.html
【XINJIA】10A MPPT Solar Charge Controller Voltage Reduction Charge Controller Solar Charge Controller,"₱1,460.40",N/A,https://www.lazada.com.ph/products/pdp-i15501697246.html
DC 8-28V 5A 100W MPPT Solar Panel Solar Charge Controller Automatic Switch Solar Charging Panel 9V,₱245.58,N/A,https://www.lazada.com.ph/products/pdp-i15489887892.html
FUXING MPPT Solar For Charge Controller 30A 60A 100A for 12 24V Battery Banks,"₱1,113.00",N/A,https://www.lazada.com.ph/products/pdp-i15491782112.html
【Fhdpeebu】 Solar Panel Charging Controller DC 8-28V 5A 100W MPPT Automatic Switch Solar Charger 9V 12V 24V,₱360.00,N/A,https://www.lazada.com.ph/products/pdp-i15483130921.html
【Pokhdye】2X 10A 12V Lithium Battery LCD Digital MPPT Solar Charge Panel Controller Regulator Home Improvement Solar,"₱1,255.00",N/A,https://www.lazada.com.ph/products/pdp-i15481314735.html
Gracekarin Advanced For MPPT Solar Charge Controller with LCD for 12V 24V Systems Free shipping,"₱1,009.00",N/A,https://www.lazada.com.ph/products/pdp-i15488061622.html
【Acmdehk】3X 3S 3A 12V MPPT Solar PV Charger Controller Module CN3767/CN3722 with LED Indicator for 18V Solar Panel System,₱687.00,N/A,https://www.lazada.com.ph/products/pdp-i15481524121.html
FUXING Charge Home Controller Remote Switch Switch Confidence Website Keywords,₱513.00,N/A,https://www.lazada.com.ph/products/pdp-i15427878367.html
"【Fhdpeebu】 Voltage Automatic Recognition 10A MPPT Solar Charge Controller 12V 24V, Voltage Reduction Charge and Discharge Control","₱1,502.10",N/A,https://www.lazada.com.ph/products/pdp-i15483176882.html
"MPPT Solar Charge Controller 12V 24V 36V 48V Battery System Auto,PV Solar Panel Regulator","₱1,709.30",N/A,https://www.lazada.com.ph/products/pdp-i15421834553.html
100A MPPT Solar Charge Controller Solar PV Regulator LCD Display Solar PV Battery Charger Dual USB for Solar Panel,"₱1,399.00",N/A,https://www.lazada.com.ph/products/pdp-i5374703020.html
Anern 40A 60A MPPT Solar Controller with BlackLight LCD Display Fast Charging 12V 24V 36V 48V Auto Solar Charge Controller,"₱3,878.00",N/A,https://www.lazada.com.ph/products/pdp-i5198406186.html
【HOSPORT】100A MPPT Solar Charge Controller Intelligent Regulator LCD Display Solar Panel Regulator Dual USB for Solar Panel【1-3 days delivery】,"₱1,094.00",N/A,https://www.lazada.com.ph/products/pdp-i5398443858.html
MPPT Solar Charge Controller 60A,"₱8,022.00",N/A,https://www.lazada.com.ph/products/pdp-i15455807048.html
【UEB】100A MPPT Solar Charge Controller Auto Solar Charge Controller LCD Display Dual USB 12V 24V 36V 48V for Solar Panel,"₱1,259.00",N/A,https://www.lazada.com.ph/products/pdp-i5396810851.html
100A MPPT Solar Charge Controller Solar PV Battery Charger LCD Display Auto Solar Charge Controller Dual USB for Solar Panel,"₱1,282.00",N/A,https://www.lazada.com.ph/products/pdp-i15455503816.html
【FURONGHUA】 Portable MPPT Solar Charge Controller Designed for Multiple Battery Types,"₱2,534.00",N/A,https://www.lazada.com.ph/products/pdp-i15454614420.html
Wind Charge Controller IP67 Waterproof Wind Turbine Generator Controller for Wind Power Parts Accessories 12V/24V 300W/600W,"₱1,106.00",N/A,https://www.lazada.com.ph/products/pdp-i4895608127.html
MPPT Solar Charging Controller High Conversion Rate MPPT Solar Controller for Home Industry,"₱2,650.00",N/A,https://www.lazada.com.ph/products/pdp-i5044372042.html
WiFi+BT 60A Solar Charger Controller 12V/24V/36V/48V/60V Charging MPPT Controllers LCD Display Dual USB 5V Output Controller APP Remote Control Solar Charge Controller,"₱2,151.00",N/A,https://www.lazada.com.ph/products/pdp-i4394762603.html
[Chinatera Flagship Store]100A MPPT Solar Charge Controller Solar PV Regulator Dual USB Intelligent Regulator 12V 24V 36V 48V for Solar Panel,"₱1,307.00",N/A,https://www.lazada.com.ph/products/pdp-i5402530906.html
DEMUDA New 12V/24v/36v/48v Automatic MPPT Solar Charge Controller 30a 40a 60a 80a 100 Amp Solar Panel Charger Controller with WIFI,"₱9,200.00",N/A,https://www.lazada.com.ph/products/pdp-i4224159826.html
MPPT Solar Controller,"₱8,090.00",N/A,https://www.lazada.com.ph/products/pdp-i15457092259.html
【Latest model】LCD BM3072 300W MPPT Solar Charge Controller Battery Charger 24/36/48/60/72V Boost,"₱1,929.40",N/A,https://www.lazada.com.ph/products/pdp-i15447265540.html
【Latest model】30A MPPT PWM Solar Charge Controller 12V 24V Solar Panel Battery Regulator Dual USB Port LCD Display,"₱1,366.30",N/A,https://www.lazada.com.ph/products/pdp-i15446844440.html
Csavior solar charging controller 12V/24V10A intelligent wireless MPPT with boost LED driver,"₱1,970.12",N/A,https://www.lazada.com.ph/products/pdp-i5064206064.html
（PENGGONG)Wired and Wireless Options in a Single For Solar Charge Controller MPPT Model,"₱4,085.00",N/A,https://www.lazada.com.ph/products/pdp-i15416726028.html
"【Latest model】MPPT 12V 10A,Solar Charge Controller Featuring Type-C and USB Output for , LiFePO? Battery, Solar Panel Charge Controller","₱1,555.00",N/A,https://www.lazada.com.ph/products/pdp-i15434838341.html
MPPT Solar Charge Controller 12V 24V 36V 48V LCD Display Solar Panel Battery Intelligent Solar Regulator,"₱2,076.20",N/A,https://www.lazada.com.ph/products/pdp-i15419103615.html
100A 48V MPPT Solar Charge Controller SRNE brand,"₱24,875.00",N/A,https://www.lazada.com.ph/products/pdp-i390562972.html
120A MPPT Solar Charge Controller 12V 24V 36V 48V Dual USB with LCD Display for Lead Acid Lithium Battery Solar Panel,"₱2,046.20",N/A,https://www.lazada.com.ph/products/pdp-i5188152173.html
【Latest model】MPPT Solar Charging Controller 800w 24-85V Input/18-65V Output Adjustable Voltage with Display for Electric Vehicles,"₱3,959.54",N/A,https://www.lazada.com.ph/products/pdp-i15446740249.html
"Solar Panel Charging Controller 6-24V, MPPT Power Module With 5V 3A USB-C Output And Overcharge Protection","₱1,344.00",N/A,https://www.lazada.com.ph/products/pdp-i15502706513.html
elejoy 600W MPPT Solar Charge Controller IP65 Waterproof Solar panel input voltage: 17-85V; output voltage: 10-30V; rated output current: 40A,"₱2,888.00",N/A,https://www.lazada.com.ph/products/pdp-i15502100015.html
Wind Direction Control Air Conditioner Baffle Wall-Mounted,₱379.00,N/A,https://www.lazada.com.ph/products/pdp-i15501993282.html
Anti-Direct Blow Wind Barrier,₱591.00,N/A,https://www.lazada.com.ph/products/pdp-i15499711269.html
"120A 100A 60A MPPT Solar Charge Controller - 12V/24V/36V/48V Dual USB LCD Display, 7 Modes Intelligent Charging for Lead-Acid/Lithium Batteries, Solar PV System Compatible","₱1,749.91",N/A,https://www.lazada.com.ph/products/pdp-i15389592454.html
【Limited Quantity】 Esmart4 Mppt Solar Charge Controller 60a 12v/24v/36v/48v Lithium Charger Regulator Wifi App Remote Control Optional,"₱1,199.47",N/A,https://www.lazada.com.ph/products/pdp-i4483828676.html
100A/60A/50A/40A/30A MPPT Solar Charge Controller Dual USB LCD Display Auto Solar Cell Panel Charger Regulator【Spot +24hours delivery】COD,₱577.00,N/A,https://www.lazada.com.ph/products/pdp-i15495874956.html
MPPT Solar Charge Controller Multiple Protection Solar Solar QC3.0 Controller with LCD Screen,₱229.00,N/A,https://www.lazada.com.ph/products/pdp-i4276887361.html
BOSTO Solar Power Controller Module Solar Control Circuit Board Stable Performance Durable Easy Installation for Outdoor,₱96.49,N/A,https://www.lazada.com.ph/products/pdp-i15493256352.html
[]-Solar Charge Bluetooth MPPT Controller with LCD Display Dual USB Support 12V/24V/36V/48V/60V Battery,"₱1,223.00",N/A,https://www.lazada.com.ph/products/pdp-i4925000579.html
ZUOLEJIA | Wind Defrosting Temperature Controller,₱678.30,N/A,https://www.lazada.com.ph/products/pdp-i15449620005.html
(LAG3) 2X Universal Ceiling Fan Lamp Remote Control Kit Adjusted Wind Speed Transmitter Receiver Timing Control Switch 220V,₱981.00,N/A,https://www.lazada.com.ph/products/pdp-i15473844969.html
- <br>Universal Ceiling Fan Lamp Remote Control Kit Timing Setting Switch Adjuste Wind Speed Transmitter Receiver,₱395.00,N/A,https://www.lazada.com.ph/products/pdp-i15469609882.html
MPPT Solar Controller 12V24V Fully automatic universal photovoltaic panel charging control regulator,₱987.80,N/A,https://www.lazada.com.ph/products/pdp-i15456183444.html
ELEJOY 200W 400W MPPT SOLAR CHARGE CONTROLLER SCC Step-down Real-time Tracking charge controller LED,"₱2,295.00",N/A,https://www.lazada.com.ph/products/pdp-i3409664567.html
"20Amp MPPT Solar Controller for Lifepo4, Sealed, Gel, 48V MPPT Solar ControllerNew Year Special","₱5,717.00",N/A,https://www.lazada.com.ph/products/pdp-i15478957130.html
"MPPT Solar Charge Controller 12V 10A with USB Output, Solar Panel Charge Controller Featuring Type-C Interface for , LiFePO? Battery","₱1,555.00",N/A,https://www.lazada.com.ph/products/pdp-i15412766786.html
MPPT Solar Charge Controller 12V-24V 10A,"₱2,454.00",N/A,https://www.lazada.com.ph/products/pdp-i5164735421.html
Bolinao Solar MPPT Solar Charge Controller (12V/24V/48V) 40A/ 60A/ 80A,"₱7,499.00",N/A,https://www.lazada.com.ph/products/pdp-i4045820420.html
MPPT/PWM Solar Charger Controller 100A Solar Panel Regulator LCD Display Various Load Control Modes,"₱2,268.20",N/A,https://www.lazada.com.ph/products/pdp-i5323442082.html
MPPT Solar Charge Controller Professional Solar Charge Controller 12V 24V for Outdoor RVs for Solar Power Generation Systems for Solar Billboards,"₱1,048.04",N/A,https://www.lazada.com.ph/products/pdp-i4990954473.html
NEW SRNE MF SERIES MF4860 60A Auto (12/24V/36/48) MPPT Solar Charge Controller,"₱13,900.00",N/A,https://www.lazada.com.ph/products/pdp-i1798203188.html
[precisions]MPPT Solar Charge Controller 12V 24V 36V 48V LCD Display Solar Panel Battery Intelligent Solar Regulator,"₱2,048.20",N/A,https://www.lazada.com.ph/products/pdp-i15464099132.html
BOSCA Solar Charge Controller MPPT 12v 24v 36v 48v AUTO 60A 80A 100A MPK6048 MPK8048 Air cooling Temp. compensation,"₱6,590.00",N/A,https://www.lazada.com.ph/products/pdp-i4042734843.html
"Zamdon MPPT Solar Charge Controller 40A 12/24V -Authentic Zamdon solar charge controller Adjustable, High-Efficiency, Gel/Lithium Compatible not set up solar controller only","₱7,844.00",N/A,https://www.lazada.com.ph/products/pdp-i4932612779.html
【UEB】100A MPPT Solar Charge Controller Solar PV Regulator Dual USB Solar Panel Regulator 12V 24V 36V 48V for Solar Panel,"₱1,259.00",N/A,https://www.lazada.com.ph/products/pdp-i5396859397.html
Winnereco 100A MPPT Solar Charge Controller Solar PV Regulator Convenient for Solar Panel,"₱1,259.00",N/A,https://www.lazada.com.ph/products/pdp-i15455597640.html
[New] 100A MPPT Solar Charge Controller Intelligent Regulator LCD Display Auto Solar Charge Controller for Solar Panel,"₱1,259.00",N/A,https://www.lazada.com.ph/products/pdp-i15428720176.html
PowMr 30A MPPT Solar Charger Controller 12-24V Auto Solar Panel Regulator 75Vdc PV Input LCD Display Various Load Control Modes,"₱2,154.00",N/A,https://www.lazada.com.ph/products/pdp-i4022175060.html
100A MPPT Solar Charge Controller Solar PV Regulator LCD Display Auto Solar Charge Controller Dual USB for Solar Panel,"₱1,399.00",N/A,https://www.lazada.com.ph/products/pdp-i5406713836.html
BOSCA MPPT Solar Charge Controller 10A 20A 30A 40A 50A 60A 80A Solar Controller 12V 24V 48V Auto LCD Solar Regulator with Dual USB Solar Charge Controller,"₱2,499.00",N/A,https://www.lazada.com.ph/products/pdp-i1686188292.html
【Big Sale】 100A MPPT Solar Charge Controller Solar PV Regulator Dual USB Intelligent Regulator 12V 24V 36V 48V for Solar Panel 【SuperLegend】,"₱1,279.00",N/A,https://www.lazada.com.ph/products/pdp-i15455704177.html
【Free Shipping】 100A MPPT Solar Charge Controller Solar PV Battery Charger LCD Display Intelligent Regulator 12V 24V 36V 48V for Solar Panel,"₱1,399.00",N/A,https://www.lazada.com.ph/products/pdp-i15453313936.html
100A MPPT Solar Charge Controller Solar PV Battery Charger LCD Display Intelligent Regulator Dual USB for Solar Panel,"₱1,259.00",N/A,https://www.lazada.com.ph/products/pdp-i5374613636.html
"CHUANGCHAO MPPT Solar Ccontroller 60A/80A/100A12V 24V 36V 48V AUTO Battery Charger with LCD,Automatic VID",₱669.00,N/A,https://www.lazada.com.ph/products/pdp-i5362842088.html
100A MPPT Solar Charge Controller Solar PV Battery Charger 12V 24V 36V 48V Solar Panel Regulator for Solar Panel,"₱1,279.00",N/A,https://www.lazada.com.ph/products/pdp-i15455892422.html
【Fast delivery】 100A MPPT Solar Charge Controller Solar PV Regulator 12V 24V 36V 48V Auto Solar Charge Controller for Solar Panel,"₱1,299.00",N/A,https://www.lazada.com.ph/products/pdp-i15446644368.html
KKmoon WiFi+BT 60A Solar Charger Controller 12V/24V/36V/48V/60V Charging MPPT Controllers LCD Display Dual USB 5V Output Controller APP Remote Control Solar Charge Controller,"₱2,037.37",N/A,https://www.lazada.com.ph/products/pdp-i4370319514.html
100A MPPT Solar Charge Controller Solar PV Battery Charger Dual USB Solar Panel Regulator 12V 24V 36V 48V for Solar Panel,"₱1,274.00",N/A,https://www.lazada.com.ph/products/pdp-i15464225324.html
【Latest model】12V 24V Auto Switching Solar Panel Charging Controller 10A MPPT Solar Charge Controller 12V 24V Auto Switching Controller,"₱1,664.60",N/A,https://www.lazada.com.ph/products/pdp-i15446764293.html
Flowatt 30/20/10A PWM Solar Charge Controller 12v 24v Auto With LCD Display Dual USB Solar Regulator solar panel Lithium battery activation,₱139.00,N/A,https://www.lazada.com.ph/products/pdp-i4061316154.html
100A/60A/50A/40A/30A MPPT Solar Charge Controller Dual USB LCD Display Auto Solar Cell Panel Charger Regulator 【Original+24hours delivery】,₱559.00,N/A,https://www.lazada.com.ph/products/pdp-i15497154201.html
RcTlB CN3722 3S 3A 12V MPPT Solar Panel Controller Module 3 Serial Li-ion Battery Charger For 9V 12V 18V 24V Solar Panels,₱236.11,N/A,https://www.lazada.com.ph/products/pdp-i5341726708.html
HOMZO High-Efficiency MPPT PWM Solar Charge Controller 30A 60A with LCD Display Auto Focus Tracking 99% Efficiency for Home Industrial Commercial Use 12V 24V System Protection,₱395.00,N/A,https://www.lazada.com.ph/products/pdp-i15471548812.html
100A/60A/50A/40A/30A MPPT Solar Charge Controller Dual USB LCD Display Auto Solar Cell Panel Charger Regulator 【FAST Delivery】,₱558.00,N/A,https://www.lazada.com.ph/products/pdp-i15497153233.html
Flowatt 3.2KW Off Grid Hybrid Solar Inverter Built-In 80A MPPT Solar Charge Controller 50/60Hz Output frequency 24V TO 230Vac Pure Sine Wave Inverter Support DIY design,"₱1,699.00",N/A,https://www.lazada.com.ph/products/pdp-i4513200485.html
WINDPROOF HIGH EFICIENCY GAS STOVE ENERGY SAVING COVER HEAT INSULATION POT HOLDER WIND SHIELD(BLACK),₱105.00,N/A,https://www.lazada.com.ph/products/pdp-i4525709567.html
[Original 24 hours delivery] Solar Charge Controller MPPT 100A LCD Display 12V 24V AUTO Dual USB Solar Charge And Discharge Controller,₱569.00,N/A,https://www.lazada.com.ph/products/pdp-i15489012936.html
5A 12V DC Motor Speed Controller DC Fan Motor Module 4.5V-35V Adjustable Speed Regulator Control Governor Switch 24V,₱43.00,N/A,https://www.lazada.com.ph/products/pdp-i3996827652.html
Universal 5-Speeds Speed Controller,₱206.13,N/A,https://www.lazada.com.ph/products/pdp-i15421904336.html
Zamdon MPPT Solar Charge Controller 40A 12/24V | Wonder2-401224 | High Efficiency Solar Regulator Authentic,"₱5,800.00",N/A,https://www.lazada.com.ph/products/pdp-i5079882354.html
SRNE MPPT SOLAR CHARGE CONTROLLER 20A,"₱3,360.00",N/A,https://www.lazada.com.ph/products/pdp-i337194196.html
SEAMETAL Double Head Car Fan USB Charge Big Wind 3 Speed Control Back Seat Electricfan 12V 24V Universal,₱259.00,N/A,https://www.lazada.com.ph/products/pdp-i4371151620.html
SRNE 60A 12V/24V/36V/48V MPPT Solar Charge Controller 100% Authentic product,"₱11,855.00",N/A,https://www.lazada.com.ph/products/pdp-i4632713718.html
Flowatt MPPT Solar Charger Controller 60A 12V 24V 36V 48V Auto for Max 190VDC PV Input Solar Charge Support Lead Acid Lithium Battery,"₱4,900.00",N/A,https://www.lazada.com.ph/products/pdp-i4379345084.html
Versatile Solar Charge Controller,"₱1,463.40",N/A,https://www.lazada.com.ph/products/pdp-i15430893222.html
Zamdon Authentic Zamdon MPPT Solar Charge Controller 60A 12/24V solar energy saver barattilla,"₱7,488.00",N/A,https://www.lazada.com.ph/products/pdp-i4922687638.html
tobbehere-MPPT Solar Charge Controller DC 8-28V 5A 100W Automatic Switch Solar Panel Charger for 9V 12V 24V Systems,₱322.00,N/A,https://www.lazada.com.ph/products/pdp-i15443279199.html
MPPT Solar Charge Controller Professional 12V 24V Solar Charge Controller for Villas for Solar Billboards for Solar Power Generation Systems,"₱1,029.04",N/A,https://www.lazada.com.ph/products/pdp-i4978031978.html
100A MPPT Solar Charge Controller Intelligent Regulator Dual USB Solar Panel Regulator 12V 24V 36V 48V for Solar Panel,"₱1,399.00",N/A,https://www.lazada.com.ph/products/pdp-i15438600361.html
Ueblock✈100A MPPT Solar Charge Controller Solar PV Regulator Dual USB Solar Panel Regulator 12V 24V 36V 48V for Solar Panel,"₱1,259.00",N/A,https://www.lazada.com.ph/products/pdp-i5377051099.html
【HOSPORT】100A MPPT Solar Charge Controller Intelligent Regulator Dual USB Solar Panel Regulator 12V 24V 36V 48V for Solar Panel,"₱1,399.00",N/A,https://www.lazada.com.ph/products/pdp-i5399926596.html
100A MPPT Solar Charge Controller Solar PV Regulator LCD Display Intelligent Regulator 12V 24V 36V 48V for Solar Panel,"₱1,399.00",N/A,https://www.lazada.com.ph/products/pdp-i5393419539.html
【Vodool】100A MPPT Solar Charge Controller Solar PV Battery Charger 12V 24V 36V 48V Intelligent Regulator for Solar Panel,"₱1,399.00",N/A,https://www.lazada.com.ph/products/pdp-i15390608255.html
【Fast delivery】 100A MPPT Solar Charge Controller Solar PV Regulator Dual USB Intelligent Regulator 12V 24V 36V 48V for Solar Panel,"₱1,783.00",N/A,https://www.lazada.com.ph/products/pdp-i5374688260.html
100A MPPT Solar Charge Controller Intelligent Regulator LCD Display Solar Panel Regulator 12V 24V 36V 48V for Solar Panel,"₱1,274.00",N/A,https://www.lazada.com.ph/products/pdp-i15463878481.html
Wind Generator Charge Controller Lightning Protection IP67 Waterproof Open Circuit Protection Wind Turbine Controller Efficient Charging for Off Grid,"₱2,121.00",N/A,https://www.lazada.com.ph/products/pdp-i5301764229.html
BOSCA Solar Charge Controller MPPT 12v 24v 36v 48v AUTO 60A 80A 100A MPK6048 MPK8048 LED color display Button mode Parameters adjustable Maximum power point tracking Forced air cooling Temperature compensation,"₱6,599.00",N/A,https://www.lazada.com.ph/products/pdp-i3460120915.html
100A MPPT Solar Charge Controller Solar PV Regulator LCD Display Solar PV Battery Charger Dual USB 12V 24V 36V 48V for Solar Panel,"₱1,274.00",N/A,https://www.lazada.com.ph/products/pdp-i15463894955.html
Lepmerk MPPT Charge Controller Reliable Function Solar Charger for Factory Home,"₱2,286.00",N/A,https://www.lazada.com.ph/products/pdp-i5341399405.html
SNAT MPPT Controller 48V 80A,"₱13,500.00",N/A,https://www.lazada.com.ph/products/pdp-i2306687454.html
【liuxiaomei】20A MPPT Solar Charge Controller for PV Panels Regulator for 12V/24V/48V Lithium/Lead-Acid Iron Phosphate BatteryHope you have a pleasant shopping experience<br><br>,"₱2,197.60",N/A,https://www.lazada.com.ph/products/pdp-i5305071042.html
VODOOL 100A MPPT Solar Charge Controller Solar PV Regulator 12V 24V 36V 48V Auto Solar Charge Controller for Solar Panel,"₱1,559.00",N/A,https://www.lazada.com.ph/products/pdp-i15424347072.html
100A MPPT Solar Charge Controller Solar PV Regulator 12V 24V 36V 48V Auto Solar Charge Controller for Solar Panel,"₱1,399.00",N/A,https://www.lazada.com.ph/products/pdp-i5374605546.html
100A MPPT Solar Charge Controller Auto Solar Charge Controller LCD Display Dual USB 12V 24V 36V 48V for Solar Panel[Vodool Shophouse],"₱1,399.00",N/A,https://www.lazada.com.ph/products/pdp-i15394075401.html
【SUNNY2015 SHIPPING】2PCS MPPT Solar Charger Controller 100A 12V-48V Auto Dual USB Charging for Phone Lead-Acid/Lithium Battery,"₱2,928.00",N/A,https://www.lazada.com.ph/products/pdp-i15446946284.html
100A MPPT Solar Charge Controller Solar PV Regulator LCD Display Auto Solar Charge Controller 12V 24V 36V 48V for Solar Panel,"₱1,274.00",N/A,https://www.lazada.com.ph/products/pdp-i15464098149.html
AK | MPPT Inverter All-in-one Solar Controller,"₱3,162.00",N/A,https://www.lazada.com.ph/products/pdp-i15409217779.html
"【Povhhee】MPPT 20A Solar Charger Controller 12V 24V Battery Regulator with LCD Display for , Gel, Flooded and Lithium","₱1,595.10",N/A,https://www.lazada.com.ph/products/pdp-i15388248785.html
100A MPPT Solar Charge Controller Solar PV Regulator LCD Display Solar PV Battery Charger Dual USB for Solar Panel,"₱1,399.00",N/A,https://www.lazada.com.ph/products/pdp-i5407396622.html
EMD600W 600W MPPT Solar Charge Controller 40A 10-30V Adjustable Intelligent Temperature OLED Display Photovoltaic,"₱3,684.50",N/A,https://www.lazada.com.ph/products/pdp-i15480448395.html
Oscillating Remote Control Large Wind 16-inch Floor Fan,"₱3,404.00",N/A,https://www.lazada.com.ph/products/pdp-i15497919989.html
[LA19REA]MPPT Cell Lithium Battery Solar Panel Regulator Control Module CN3795 Solar Controllers Board,₱267.49,N/A,https://www.lazada.com.ph/products/pdp-i15501906888.html
MPPT Solar Charge Controller 60A Output Voltage 10-60V Adjus,"₱5,700.00",N/A,https://www.lazada.com.ph/products/pdp-i15495985443.html
Wind Generator Controller Waterproof Battery Charging Regulator for Home Use,₱756.23,N/A,https://www.lazada.com.ph/products/pdp-i4998343641.html
Lepmerk MPPT Lithium Battery Charging Module MPPT Solar Panel Controller Module LiFePO4 1A 12V Adjustable for Automatic Charging -40℃ To ＋85℃,₱367.00,N/A,https://www.lazada.com.ph/products/pdp-i4880009630.html
100A MPPT Solar Charge Controller Solar PV Regulator Convenient for Solar Panel [Ueb Flagship Store],"₱1,259.00",N/A,https://www.lazada.com.ph/products/pdp-i15494847353.html
【Shipped Locally】600W MPPT Solar Charge Controller Waterproof DC Buck Converter Adjustable Voltage 10-30V,"₱2,988.00",N/A,https://www.lazada.com.ph/products/pdp-i15502195448.html
【liuxiaomei】10A MPPT Solar Charge Controller Voltage Reduction Charge Controller Solar Charge ControllerHope you have a pleasant shopping experience<br><br>,"₱1,460.40",N/A,https://www.lazada.com.ph/products/pdp-i15502313728.html
SD&HI 12V Charging Management 18V Solar 3-series Lithium Battery Charger MPPT Solar Controller CN3722,₱362.51,N/A,https://www.lazada.com.ph/products/pdp-i15501713139.html
【shhdjjj】MPPT Solar Charge Controller 12V 10 Mppt Solar Charge Controller Mppt Solar Charge Controller 12v,"₱1,555.00",N/A,https://www.lazada.com.ph/products/pdp-i15501142891.html
【THREE DAY DELIVERY】 Digital Display MPPT Solar Controller 60A 80A 100A 12V/48V Battery Charger Useful Protects Battery Solar Control Panel Home Use,₱905.76,N/A,https://www.lazada.com.ph/products/pdp-i15497127570.html
【Weliba】 10 Amp 12 Volt MPPT Solar Controller with LCD Compatible with Lithium Battery [New Products Hot Sale],"₱1,153.00",N/A,https://www.lazada.com.ph/products/pdp-i15489675858.html
【Acmdehk】2X 10A 12V Lithium Battery LCD Digital MPPT Solar Charge Panel Controller Regulator Home Improvement Solar,"₱1,239.00",N/A,https://www.lazada.com.ph/products/pdp-i15481404719.html
Fawfose MPPT Solar Boost Controller for Electric Car Bike Solar System Battery 12‑50V 400W,"₱2,065.02",N/A,https://www.lazada.com.ph/products/pdp-i15500330754.html
【Weliba】 12V 24V For MPPT Solar Charge Controller 30A with Self Consumption &lt;10mA [New Products Hot Sale],₱829.00,N/A,https://www.lazada.com.ph/products/pdp-i15488129595.html
GARRYFIZH MPPT Solar Panel Regulator 5A 93% Efficiency Three Stage Charging Low Power Consumption Industrial Grade Operating Temperature Solar Cell Charging Management,₱417.00,N/A,https://www.lazada.com.ph/products/pdp-i15490235436.html
Diymore 12V/24V 30A 60A 100A MPPT Solar Controller LCD Solar Charge Controller Supports Lead-Acid Batteries/Lithium Batteries/LFP Batteries Dual USB Ports,₱827.00,N/A,https://www.lazada.com.ph/products/pdp-i15484708579.html
"HAAN | Han Kyung-Hee Sleep Wind Remote Control Wall-Mounted Fan for Home and Commercial Use, 40cm","₱2,375.14",N/A,https://www.lazada.com.ph/products/pdp-i15416121407.html
[cbf]-Solar Charge Bluetooth MPPT Controller with LCD Display Dual USB Support 12V/24V/36V/48V/60V Battery,"₱1,223.00",N/A,https://www.lazada.com.ph/products/pdp-i4924965717.html
100A/60A/50A/40A/30A MPPT Solar Charge Controller Dual USB LCD Display Auto Solar Cell Panel Charger Regulator 【Local delivery】,₱560.00,N/A,https://www.lazada.com.ph/products/pdp-i15497152268.html
Zonejoy Fawfose Wind Regulator for Battery Charging Aluminum Alloy Controller for 48V Power System,"₱1,217.00",N/A,https://www.lazada.com.ph/products/pdp-i15490900150.html
[LA19REA]MPPT Solar Charge Controller 100W MPPT Solar Panel Controller Automatic Switch for Solar Panels,₱350.00,N/A,https://www.lazada.com.ph/products/pdp-i15502002153.html
Solar Charge Controller MPPT 30A 40A 50A 60A 80A 100A LCD Display 12V 24V AUTO Dual USB Solar Charge And Discharge Controller【Spot +24hours delivery】COD,₱572.00,N/A,https://www.lazada.com.ph/products/pdp-i15495882793.html
【Mdnncdje】 4X 3S 3A 12V MPPT Solar PV Charger Controller Module CN3767/CN3722 with LED Indicator for 18V Solar Panel System,₱908.00,N/A,https://www.lazada.com.ph/products/pdp-i15483093232.html
【WELIBA】 MPPT Solar For Charge Controller for Photovoltaic Systems 30A 60A 100A [Large Inventory Hot Selling],"₱1,113.00",N/A,https://www.lazada.com.ph/products/pdp-i15490735106.html
Solar Charge Controller MPPT 30A 40A 50A 60A 80A 100A LCD Display 12V 24V AUTO Dual USB Solar Charge And Discharge Controller【Local delivery】COD,₱574.00,N/A,https://www.lazada.com.ph/products/pdp-i15494775050.html
LIANKAI MPPT Solar For Charge Controller 30A 60A 100A for Solar Energy Conversion,"₱1,148.00",N/A,https://www.lazada.com.ph/products/pdp-i15491494160.html
👉Hot Sale NcVHrt DC 8-28V 5A 100W MPPT Solar Panel Solar Charge Controller Automatic Switch Solar Charging Panel 9V,₱215.80,N/A,https://www.lazada.com.ph/products/pdp-i15489732527.html
【Original+24hours delivery】Solar Charge Controller MPPT 100A LCD Display 12V 24V AUTO Dual USB Solar Charge And Discharge Controller,₱579.00,N/A,https://www.lazada.com.ph/products/pdp-i15489188154.html
100A/60A/50A/40A/30A MPPT Solar Charge Controller Dual USB LCD Display Auto Solar Cell Panel Charger Regulator【Local delivery】COD,₱579.00,N/A,https://www.lazada.com.ph/products/pdp-i15494735639.html
【Mdnncdje】 MPPT Solar Panel 8-28V 5A 100W Solar Charge Controller DC Input Automatic Switching Solar Charger for 9V 12V 24V Systems,₱360.00,N/A,https://www.lazada.com.ph/products/pdp-i15481343435.html
【Jiaminye】MPPT Solar Panel Charger DC 8-28V 5A 100W Automatic Switching Function 9V 12V 24V Compatibility Controller,₱360.00,N/A,https://www.lazada.com.ph/products/pdp-i15481460001.html
RBRC | Large Enclosure Upgrade Wide Body Low Profile Spoiler Wind Deflector Visor Remote Control Car Accessories,₱344.73,N/A,https://www.lazada.com.ph/products/pdp-i5404345306.html
【LeeandHan】 MPPT Solar Charge Controller 12V 24V Auto Switching 146.8 x 136.3mm ABS Body,"₱2,475.00",N/A,https://www.lazada.com.ph/products/pdp-i15491962468.html
【Ready Stock】100A MPPT Solar Charge Controller Dual USB LCD Display Auto Solar Cell Panel Charger Regulator,₱559.00,N/A,https://www.lazada.com.ph/products/pdp-i15488823897.html
【Jiaminye】 MPPT Solar Charge Controller 100W DC 8-28V 5A Automatic Switch Solar Charging Panel 9V 12V 24V,₱360.00,N/A,https://www.lazada.com.ph/products/pdp-i15481354544.html
Solar Charge Controller MPPT 100A LCD Display 12V 24V AUTO Dual USB Solar Charge And Discharge Controller,₱565.00,N/A,https://www.lazada.com.ph/products/pdp-i15488957477.html
MPPT Solar Charge Controller Multiple Protection Solar Solar QC3.0 Controller with LCD Screen,₱317.00,N/A,https://www.lazada.com.ph/products/pdp-i15467261259.html
[PENGGONG] 100A MPPT Solar Charge Controller with Smart Charging Algorithm For 12V 24V,₱926.00,N/A,https://www.lazada.com.ph/products/pdp-i15488416667.html
MPPT 720W Stepdown 25A Solar Controller 18V-80V Input Charging For 12V 24V Lithium Lead-acid Gel Battery Real-time Tracking Adjustable,"₱1,626.00",N/A,https://www.lazada.com.ph/products/pdp-i4265823984.html
Meterk Mingzhe Wind Charge Controller Regulator for Battery Protection IP67 Rated,"₱1,296.00",N/A,https://www.lazada.com.ph/products/pdp-i15500242717.html
FUXING Solar Powered LED Lamp Controller Box for Street and Pathway Decoration,₱724.00,N/A,https://www.lazada.com.ph/products/pdp-i15501995417.html
Trending CAR AIR CONDITIONER FAN | Car Accessories | Light Portable Mini Fan | Rear Seat Fan | Type C Air Outlet Fan | 3 Speed Adjustable Fan | Mini Turbo Charger High Wind | USB Cooling Fan Car | Colorful Light Outlet Fan | Aircon Outlet Turbo Fan.,₱699.00,N/A,https://www.lazada.com.ph/products/pdp-i15495742202.html
Solar Powered High Wind Long Battery Life Fan 16 Inches,"₱2,164.00",N/A,https://www.lazada.com.ph/products/pdp-i15498033220.html
TZD62 Wall Mounted Adjustable Air Conditioning Windshield Anti Direct Blowing Scalable Wind Direction Baffle Durable Controlled Air Supply Window Air Conditioner Board For Home,₱481.99,N/A,https://www.lazada.com.ph/products/pdp-i15502312564.html
【FURONGHUA】 Reliable and Efficient Electric Lock Control with For Tuya WiFi Smart Switch,₱491.00,N/A,https://www.lazada.com.ph/products/pdp-i15502025034.html
【THREE DAY DELIVERY】 Protects Battery MPPT Solar Controller 60A 80A 100A Digital Display Solar Control Panel Useful 12V/48V Battery Charger Home Use,₱935.01,N/A,https://www.lazada.com.ph/products/pdp-i15494524381.html
【FURONGHUA】 MPPT Solar For Charge Controller for Photovoltaic Systems 30A 60A 100A 【New product】,"₱1,113.00",N/A,https://www.lazada.com.ph/products/pdp-i15491755571.html
Air Conditioner Heater Climate Fan Wind Volume Control Ac Button Keys for BMW 5 6 7 Series F10 F11 F01 F02 F06 F07 F12 F15 F16,₱327.27,N/A,https://www.lazada.com.ph/products/pdp-i15490981036.html
Air Conditioning Wind Speed Switch Button Cover,₱455.04,N/A,https://www.lazada.com.ph/products/pdp-i15447522916.html
[tan]-WIFI Bluetooth Solar Charge Controller MPPT Controller with LCD Display Dual USB Support 12V/24V/36V/48V/60V,"₱2,039.00",N/A,https://www.lazada.com.ph/products/pdp-i4925127076.html
LONGAOJIUZHOU | Strong Wind Car Fan 12V 24V,₱545.00,N/A,https://www.lazada.com.ph/products/pdp-i15425615497.html
CN3791 solar 3-string lithium battery charging management solar controller MPPTsolar char ger,₱825.88,N/A,https://www.lazada.com.ph/products/pdp-i5306316487.html
"tobbehere-MPPT Solar Charge Controller 12V 10A with USB Output, Solar Panel Charge Controller Featuring Type-C Interface for , LiFePO? Battery","₱1,555.00",N/A,https://www.lazada.com.ph/products/pdp-i15394026007.html
【Latest model】MPPT Boost Solar Controller 18V Charging 24V 48V 72V 900W Electric Vehicle Charging for RV Golf Car,"₱3,341.20",N/A,https://www.lazada.com.ph/products/pdp-i15446830317.html
"MPPT 20A Solar Charger Controller 12V 24V Battery Regulator with LCD Display for , Gel, Flooded and Lithium","₱1,570.10",N/A,https://www.lazada.com.ph/products/pdp-i15460991758.html
【Latest model】MPPT Boost Solar Charging Controller 800w 24-85V Input 18-65V Output Adjustable Voltage with Display Automatic Electric Vehicle,"₱3,839.54",N/A,https://www.lazada.com.ph/products/pdp-i15451886652.html
MPPT Solar Controller 12V 24V MPPT Solar Charging Controller for Home Industry,"₱2,650.00",N/A,https://www.lazada.com.ph/products/pdp-i5300362923.html
【Latest model】2PCS Auto Dual USB 12V-48V 100A 80A MPPT Solar Charger Controller for Lead-Acid/Lithium Battery and Phone Charging,"₱3,056.73",N/A,https://www.lazada.com.ph/products/pdp-i15446880614.html
【liuxiaomei】MPPT Solar Charge Controller 12V 24V 36V 48V LCD Display Solar Panel Battery Intelligent Solar RegulatorHope you have a pleasant shopping experience<br><br>,"₱2,079.20",N/A,https://www.lazada.com.ph/products/pdp-i5360207381.html
[tfsdfvd]MPPT Solar Charge Controller 12V 24V 36V 48V LCD Display Solar Panel Battery Intelligent Solar Regulator,"₱2,076.20",N/A,https://www.lazada.com.ph/products/pdp-i15434780894.html
PowMr MPPT 20A/30A/40A/60A Solar Charger Controller 12V/24V Solar Panel Voltage Regulator,"₱5,178.00",N/A,https://www.lazada.com.ph/products/pdp-i4936066665.html
MPPT Solar Charge Controller Solar Panel Battery Regulator 12V 24V Color LCD Display for Villa RV,₱998.00,N/A,https://www.lazada.com.ph/products/pdp-i4977080140.html
[LAWY]Solar Charge Controller MPPT Solar Panel Solar Charge Regulator 12V 24V Battery PV Input 100VOC,"₱3,304.50",N/A,https://www.lazada.com.ph/products/pdp-i15447499723.html
60A MPPT Solar Charge Controller MPPT Charge Controller Solar Panel Controller LCD Display Solar Controller can use Lithium Battery,"₱4,986.00",N/A,https://www.lazada.com.ph/products/pdp-i4438944095.html
GUANGHEGUINENG | Automatic Universal MPPT Solar Controller Wifi Bluetooth,"₱8,327.00",N/A,https://www.lazada.com.ph/products/pdp-i15405564052.html
【Povhhee】MPPT Boost Solar Electric Vehicle Charger Controller 18V Charging Support 24V/48V/72V 900W for RV Golf Car Solar Controllers,"₱3,386.20",N/A,https://www.lazada.com.ph/products/pdp-i15405248253.html
MPPT Solar Charge Controller with LCD Display PV Solar Regulator 12V 24V Auto Controller Dual USB for Solar Panel,"₱4,309.70",N/A,https://www.lazada.com.ph/products/pdp-i15422821095.html
"【Latest model】MPPT Solar Charger Controller 60A 12V 24V 36V 48V Regulator with Fan Cooling for Lithium LiFePo4 Lead-Acid,Batteries","₱5,110.70",N/A,https://www.lazada.com.ph/products/pdp-i15434370993.html
MPPT Intelligent Display Solar Controller,"₱9,775.00",N/A,https://www.lazada.com.ph/products/pdp-i15405498450.html
"MPPT Solar Charge Controller 60A with Fan Cooling 12V 24V 36V 48V Regulator for Lithium LiFePo4 Lead-Acid,Batteries","₱4,910.70",N/A,https://www.lazada.com.ph/products/pdp-i5284302714.html
tobbehere-MPPT Boost Solar Charging Controller 800w 24-85V Input 18-65V Output Adjustable Voltage with Display Automatic Electric Vehicle,"₱3,495.90",N/A,https://www.lazada.com.ph/products/pdp-i15421869070.html
"Eco MPPT controller MC, high efficiency photovoltaic solar controller with conversion rate over 99%.","₱8,589.74",N/A,https://www.lazada.com.ph/products/pdp-i5063731720.html
"[tfsdfvd]MPPT Solar Charge Controller 60A with Fan Cooling 12V 24V 36V 48V Regulator for Lithium LiFePo4 Lead-Acid,Batteries","₱4,910.70",N/A,https://www.lazada.com.ph/products/pdp-i15429323778.html
[Ueb Wholesale Mall]100A MPPT Solar Charge Controller Solar PV Regulator Dual USB Intelligent Regulator 12V 24V 36V 48V for Solar Panel,"₱1,399.00",N/A,https://www.lazada.com.ph/products/pdp-i5397945209.html
MPPT Controller Waterproof 4mm / 0.2in Practical Solar Panel Regulator Household for RV Camping Yacht,"₱5,650.00",N/A,https://www.lazada.com.ph/products/pdp-i5068495115.html
GUANGHEGUINENG | MPPT Intelligent Solar Controller Universal Voltage,"₱7,957.00",N/A,https://www.lazada.com.ph/products/pdp-i15405519504.html
"60A MPPT Solar Charger Controller with Fan Cooling 12V 24V 36V 48V Regulator for Lithium LiFePo4 Lead-Acid, Batteries","₱4,557.70",N/A,https://www.lazada.com.ph/products/pdp-i5238823863.html
【Latest model】60A12V-V125 MPPT Solar Charge Controller MPPT Solar Charge Controller 60A 12V MPPT Solar Charge Controller MPPT Solar Charge Controller forLi-NMC LifePO4 Lead-Acid Battery,"₱5,475.89",N/A,https://www.lazada.com.ph/products/pdp-i15451278342.html
【L-BEANS】 MPPT Solar Charge Controller 12V 24V 10A High Efficiency Auto Switching,"₱2,692.00",N/A,https://www.lazada.com.ph/products/pdp-i15493467588.html
10-40A MPPT Solar Charge Controller 12V/24V Battery Voltage Max Solar Panel 100V EPEVER Regulator With LCD Data Remote Monitor,"₱3,735.59",N/A,https://www.lazada.com.ph/products/pdp-i15493389041.html
MPPT Dual LCD Controller USB 12V 24V Solar Panel Charger with Charging Regulator Giant of Sun Brand from Guangdong China,₱672.00,N/A,https://www.lazada.com.ph/products/pdp-i5176219351.html
【THREE DAY DELIVERY】 Digital Display MPPT Solar Charge Controller 12V/24V Protects Battery Solar Controller High Efficiency 30A 40A 100A Power Controller Home Use,₱469.62,N/A,https://www.lazada.com.ph/products/pdp-i15497740700.html
【liuxiaomei】12V 24V Auto Switching Solar Panel Charging Controller 10A MPPT Solar Charge Controller 12V 24V Auto Switching ControllerHope you have a pleasant shopping experience<br><br>,"₱1,586.76",N/A,https://www.lazada.com.ph/products/pdp-i15502369252.html
MPPT Solar Charge Controller Dual USB Port Backlit LCD Display Solar Panel Regulator 12V 24V 36V 48V Adaptive,"₱1,362.55",N/A,https://www.lazada.com.ph/products/pdp-i15469014456.html
One Solar Mppt 60A Charger Charge Controller 12V 24V 48V 40A 60A 80A 100A not SRNE Fast Shipping,"₱16,280.00",N/A,https://www.lazada.com.ph/products/pdp-i5324221596.html
One Solar Mppt 40A Charger Charge Controller 12V 24V 48V 40A 60A 80A 100A not SRNE Fast Shipping,"₱10,880.00",N/A,https://www.lazada.com.ph/products/pdp-i5324191707.html
HUANDIAN | MPPT Power Tracking Solar Controller 12-48V,"₱9,205.00",N/A,https://www.lazada.com.ph/products/pdp-i15405408559.html
XTRA2206N-XDS2 20A 12V/24V MPPT Solar charge controller,"₱12,057.16",N/A,https://www.lazada.com.ph/products/pdp-i5111652054.html
Jingneng 200W1500W Wind-Solar Complementary Controller 12V24V48V Smart Home Wind Generator Charging,"₱14,736.54",N/A,https://www.lazada.com.ph/products/pdp-i4949348340.html
"EPEVER PWM Solar Charge Controller Loadstar LS1012E LS1012EU ViewStar VS1024BN Tracer 1210RN MPPT10 ,","₱3,977.00",N/A,https://www.lazada.com.ph/products/pdp-i5027462480.html
"60A MPPT Solar Charger Controller with Fan Cooling 12V 24V 36V 48V Regulator for Lithium LiFePo4 Lead-Acid, Batteries","₱4,262.78",N/A,https://www.lazada.com.ph/products/pdp-i5238869566.html
SRNE MPPT 40A Charge Controller (12V/24V) LIFEPO4 Charger Fast Shipping,"₱13,980.00",N/A,https://www.lazada.com.ph/products/pdp-i5324244553.html
Automatic Solar Controller 30A,"₱3,191.00",N/A,https://www.lazada.com.ph/products/pdp-i15405551491.html
"60A MPPT Solar Charge Controller 12V/24V/36V/48V Auto Recognition Solar Charge Regulator with LCD Display RS485 Communication Work With Sealed, Gel and Flooded Battery","₱6,428.90",N/A,https://www.lazada.com.ph/products/pdp-i4392458119.html
"【TTONG Mall】Regulator 60A MPPT Solar Charger Controller with Fan Cooling 12V 24V 36V 48V for Lithium LiFePo4 Lead-Acid,Batteries","₱4,632.70",N/A,https://www.lazada.com.ph/products/pdp-i5328555132.html
BOSCA MPPT Solar Charge Controller 12V/24V/36V/48V AUTO Color LCD With Backlight 40A/60A For Solar System,"₱5,799.00",N/A,https://www.lazada.com.ph/products/pdp-i4785382589.html
NANWEI Wind Solar Hybrid Charge Controller PWM Charging Wind Turbine Charge Controller Small Power Consumption Protective for Outdoor Advertising,"₱9,021.00",N/A,https://www.lazada.com.ph/products/pdp-i15409153066.html
BOSCA Solar Charge Controller MPPT 12V 24V 36V 48V AUTO 30A 40A 60A 80A 100A LED Color Display Button Mode Parameters Adjustable Maximum Power Point Tracking Forced Air Cooling Temperature Compensation MPK4048 MPK6048 MPK8048,"₱6,748.00",N/A,https://www.lazada.com.ph/products/pdp-i4952115845.html
Solar controller full-automatic mppt12v24v universal photovoltaic panel charging module,"₱1,812.52",N/A,https://www.lazada.com.ph/products/pdp-i5255462238.html
MPPT solar controller step-down and current-increasing photovoltaic charger 12V24V self-identification 10A-60A optional.,"₱4,964.72",N/A,https://www.lazada.com.ph/products/pdp-i5073475951.html
NANWEI 80A LCD Display PWM Photovoltaic Solar MPPT Charge Controller Regulador 12V/24V,"₱6,586.00",N/A,https://www.lazada.com.ph/products/pdp-i15416275339.html
10A MPPT Solar Charge Controller LCD Display 10A Solar Controller for Yacht,"₱2,681.20",N/A,https://www.lazada.com.ph/products/pdp-i5063011136.html
Wind Solar Controller Wind Solar Charge Controller Reverse Charging Protection Automatic Recognition 24V 48V Photovoltaic 1000W Universal Wind 1000W for Ship,"₱13,081.00",N/A,https://www.lazada.com.ph/products/pdp-i5044938502.html
600W Solar Wind Controller Digital Intelligent Control PWM Charging & Unloading Functions LCD Display PV Module Power & Wind Turbines Power 600W for Aluminum Alloy Rated 12V,"₱7,703.00",N/A,https://www.lazada.com.ph/products/pdp-i5301695877.html
PowMr MPPT 20A/30A/40A/60A Solar Charger Controller 12V/24V Solar Panel Voltage Regulator,"₱5,178.00",N/A,N/A
