name,price,ratings,url
4200W 6200W Hybrid Solar Inverter 24V 48V to 230V AC Hybrid Inverter Built-in 80A MPPT Solar Charge Controller,"₱15,800.00",N/A,https://www.lazada.com.ph/products/pdp-i5252849475.html
"DEMUDA 6.2kW Pure Sine Wave Solar Hybrid Inverter with Built-in 100A MPPT Controller, WiFi Control, and Wide Voltage Range 40-500V，for 24V/48V Battery","₱13,500.00",N/A,https://www.lazada.com.ph/products/pdp-i4819707212.html
PowMr 3.2KW 24V Hybrid Solar Inverter 230Vac PV Starting Voltage 30Voc Built In 80A MPPT Solar Charge Controller 50/60Hz Auto Pure Sine Wave Inverter,"₱11,000.00",N/A,https://www.lazada.com.ph/products/pdp-i5045252241.html
ECGSOLAX 5KW On-grid/Off-grid Hybrid Solar Inverter 24V VDC 230VAC 160A MPPT Work Without battery,"₱16,500.00",N/A,https://www.lazada.com.ph/products/pdp-i5385073374.html
PowMr 3.2KW Hybrid Solar Inverter 230Vac PV Start Voltage 30Voc Built In 80A MPPT Solar Charge Controller 50/60Hz Auto Pure Sine Wave Inverter,"₱11,000.00",N/A,https://www.lazada.com.ph/products/pdp-i4051943575.html
【New】AOYANG 1.6KW 3.2KW 4.5KW 6.2KW Hybrid Solar Inverter Built In 100A MPPT 12V/24V/48V System 220V/60hz,"₱8,950.00",N/A,https://www.lazada.com.ph/products/pdp-i5164683349.html
ECGSOLAX 5000W 24V MPPT Hybrid Solar Inverter Built-in 160A Off-grid/On-grid Solar Inverter LifePo4 Battery,"₱16,500.00",N/A,https://www.lazada.com.ph/products/pdp-i5368404125.html
One Solar Hybrid Solar Inverter 12v1000W 12V1200W with 40A MPPT,"₱9,500.00",N/A,https://www.lazada.com.ph/products/pdp-i3993208522.html
"Y&H 3200W Hybrid Solar Inverter DC24V to AC230V, Battery-less start,BMS,Off-Grid Pure Sine Wave Inverter with 80A MPPT Solar Charger+AC Charger,Max PV 3000W DC55-450V Input,for 24V Lead-Acid/Lithium","₱10,286.00",N/A,https://www.lazada.com.ph/products/pdp-i4839572830.html
Y&H 4.2KW 24VDC On/Off-Grid Solar Hybrid Inverter AC220V Two Load Output Power MPPT 120A Solar Charger Max PV Power 6200W Input,"₱13,886.00",N/A,https://www.lazada.com.ph/products/pdp-i4110639435.html
1KW/1.5KW Hybrid Solar Inverter 12V/24V Solar Inverter MPPT Hybrid off Grid Inverter PV Input 20Vdc-150Vdc,"₱9,200.00",N/A,https://www.lazada.com.ph/products/pdp-i4141823785.html
"Y&H 3200W Solar Hybrid Inverter DC24V to AC230V, Off-Grid Pure Sine Wave Inverter with 80A MPPT Solar Charger + AC Charger,Max PV 3000W DC55-450V Input,fit for 24V Lead-Acid/Lithium Battery","₱9,586.00",N/A,https://www.lazada.com.ph/products/pdp-i3834672381.html
Flowatt 3KW Hybrid Solar Inverter Off-grid Hybrid Inverter 24V 230V Pure Sine Wave Inverter Built-in 80A MPPT Controller Grid hybrid Inverter With WiFi Included Can be Used in Water Pumps,"₱12,100.00",N/A,https://www.lazada.com.ph/products/pdp-i5034319956.html
PowMr 1KW/1.6KW 12V Hybrid Solar Inverter 230Vac All in one inverter Built In 80A MPPT Solar Charge Controller 50/60Hz Auto Pure Sine Wave Inverter,"₱6,350.00",N/A,https://www.lazada.com.ph/products/pdp-i4420595849.html
ECGSOLAX 6500W 48V MPPT Hybrid Solar Inverter Built-in 160A Off-grid/On-grid Solar Inverter LifePo4 Battery,"₱17,500.00",N/A,https://www.lazada.com.ph/products/pdp-i5343392959.html
PowMr 1.6KW/3.2KW Hybrid Solar Inverter 230Vac PV Start Voltage 30Voc Built In 80A MPPT Solar Charge Controller 50/60Hz Auto Pure Sine Wave Inverter,"₱11,000.00",N/A,https://www.lazada.com.ph/products/pdp-i4158692860.html
"Y&H 4.2KW/6.2KW On/Off Grid Solar Hybrid Inverter DC24V/48V to AC220V, Built-in 120A MPPT, 6200W/8000W 27A PV Input, Battery-Free Operatio,Dual AC Output,Offline Firmware Upgrade, for Home Energy Storage System","₱12,786.00",N/A,https://www.lazada.com.ph/products/pdp-i15409711557.html
Y&H 6.2KW On/Off-Grid Solar Hybrid Inverter 48V AC220V Two Load Output Power MPPT 120A Solar Charger Max PV Power 6500W Input,"₱15,286.00",N/A,https://www.lazada.com.ph/products/pdp-i4110691295.html
"Y&H 2200W Solar Hybrid Inverter DC12V to AC230V, Off-Grid Pure Sine Wave Inverter with 80A MPPT Solar Charger + AC Charger,Max PV 2000W DC55-450V Input,fit for 12V Lead-Acid/Lithium Battery","₱8,586.00",N/A,https://www.lazada.com.ph/products/pdp-i3834525859.html
One Solar Hybrid Toroidal Off Grid Solar Inverter 24v3000w 48V6000W 48V5000W Snadi Snat Inverter Srne,"₱19,500.00",N/A,https://www.lazada.com.ph/products/pdp-i1608054534.html
PV Inverter 3600W 24V MPPT Solar Charging Controller Pure Xuanbo Inverter UPS Function 6200W 48V Household Appliance Driver Hybrid Solar Inverter,"₱16,297.40",N/A,https://www.lazada.com.ph/products/pdp-i5285986397.html
HanTech PowMr 3.2KW Hybrid Solar Inverter 230Vac PV Max 450Vdc Built In 80A MPPT Solar Charge Controller,"₱10,500.00",N/A,https://www.lazada.com.ph/products/pdp-i3776308505.html
3KW Solar Hybrid Inverter 24V 230V With 80A MPPT Charging Controller Pure Sine Wave Hybrid Solar Inveter Max PV 450VDC,"₱11,921.30",N/A,https://www.lazada.com.ph/products/pdp-i5204952246.html
1.2kw Hybrid Offgrid Inverter,"₱11,900.00",N/A,https://www.lazada.com.ph/products/pdp-i3291353158.html
PowMr 2KW 3.2KW Hybrid Solar Inverter 230Vac Built In 80A MPPT Solar Charge Controller PV Start Voltage 30Voc 50/60Hz Auto All In One Solar Inverter,"₱10,000.00",N/A,https://www.lazada.com.ph/products/pdp-i4510118477.html
2KW/3KW Hybrid Solar Inverter 12V/24V Hybrid Off Grid Inverter Hybrid Inverter Wide PV Input Range 30Vdc~400Vdc,"₱12,500.00",N/A,https://www.lazada.com.ph/products/pdp-i3848283418.html
3KW/4.2KW/6.2KW MPPT Hybrid Inverter Solar Inverter 24V 48V Hybrid Power Inverter MPPT 230VAC Pure Sine Wave Inverter Off Grid Inverter Hybrid Inverter DC to AC Converter,"₱12,000.00",N/A,https://www.lazada.com.ph/products/pdp-i3498018350.html
DongJin Power Hybrid Solar Inverter 3500W 24V 3.5KW Pure Sine Wave built-in 120A MTTP charger,"₱18,200.00",N/A,https://www.lazada.com.ph/products/pdp-i5242796213.html
6.2KW 4.2KW Hybrid Solar Inverter On Grid Pure Sine Wave Inverter 24V 48V 220V Dual Output with MPPT 120A Solar Charger,"₱15,623.00",N/A,https://www.lazada.com.ph/products/pdp-i4999569125.html
6.5KW Hybrid Solar Inverter 48V MPPT Hybrid Inverter Can Parallel Up To 9 Units 500VDC Off Grid Hybrid Solar Inverter Off Grid Hybrid Inverter,"₱17,500.00",N/A,https://www.lazada.com.ph/products/pdp-i5399867136.html
Flowatt Solar Hybrid Inverter 4.2kw/6.2kw On-grid/Off-grid Hybrid Inverter 48Vdc 230VAC Pure Sine Wave Solar Inverter Built in 120A MPPT Solar charge Controller Support Charge Controller Lifepo4 Battery RGB Light One-click Repair Function,"₱19,000.00",N/A,https://www.lazada.com.ph/products/pdp-i4409036386.html
Zamdon Toroidal Hybrid Off-grid Solar Inverter 12V1000W with 40A MPPT SCC,"₱11,699.00",N/A,https://www.lazada.com.ph/products/pdp-i3850472868.html
4.2kw 6.2kw MPPT Hybrid Solar Inverter 24V 48V Pure Sine Wave Inverter Off Grid Inverter DC to 220V AC Power Inverter 500V Pv Input for Solar Home System,"₱13,700.00",N/A,https://www.lazada.com.ph/products/pdp-i3479623311.html
1.5KW 24V Hybrid Solar Inverter 230Vac PV Start Voltage 30Voc Built In 80A MPPT Solar Charge Controller 50/60Hz Auto Pure Sine Wave Inverter,"₱8,900.00",N/A,https://www.lazada.com.ph/products/pdp-i4537306735.html
PowMr 6.2KW Hybrid Solar Inverter Hybrid On Grid MPPT Hybrid Inverter 48V 500VDC Off/On Grid Hybrid Solar Inverter Hybrid Inverter,"₱22,600.00",N/A,https://www.lazada.com.ph/products/pdp-i5185761645.html
Flowatt Hybrid Solar Inverter 3kw inverter 24v hybrid Off Grid Hybrid 12V/24V 230V Inverter Built in 1.8kw 80A MPPT Controller Pure Sine Wave Inverter 50/60Hz solar controller grid tie inverter Can be used for water pumps,"₱9,000.00",N/A,https://www.lazada.com.ph/products/pdp-i4045941042.html
PowMr 1.6KW 12V Hybrid Solar Inverter 230Vac PV Start Voltage 30Voc Built In 80A MPPT Solar Charge Controller 50/60Hz Auto Pure Sine Wave Inverter,"₱10,300.00",N/A,https://www.lazada.com.ph/products/pdp-i4058205155.html
BOSCA FPV Series Hybrid Solar Inverter 5KVA 7.5KVA Pure Sine Wave Batteryless FPV-5000VA FPV-7500VA 2-Year Warranty,"₱12,359.00",N/A,https://www.lazada.com.ph/products/pdp-i15461736483.html
Flowatt 3KW Hybrid Solar Inverter Off Grid hybrid inverter 24Vdc 230Vac Pure Sine Wave Inverter Built in 80A Mppt Solar Charge Controller Support Lead-Acid/Lithium Battery Lifepo4 Battery,"₱12,500.00",N/A,https://www.lazada.com.ph/products/pdp-i4409569041.html
PowMr 1.5KW 24V Hybrid Solar Inverter 230Vac PV Start Voltage 30Voc Built In 80A MPPT Solar Charge Controller 50/60Hz Auto Pure Sine Wave Inverter,"₱7,000.00",N/A,https://www.lazada.com.ph/products/pdp-i4433391033.html
5000w inverter 48v SRNE inverter all in one solar hybrid off grid 5kw/48v,"₱26,500.00",N/A,https://www.lazada.com.ph/products/pdp-i4235942610.html
PowMr 4.2kw/6.2kw On-grid/Off-grid Hybrid Inverter 24Vdc/48Vdc 230VAC Pure Sine Wave Solar Inverter Built in 120A MPPT Solar Controller Support Lifepo4 Battery RGB Light One-click Repair Function,"₱16,000.00",N/A,https://www.lazada.com.ph/products/pdp-i2621416902.html
4.2kw 6.2kw 10.2kw Off Grid Hybrid Solar Inverter Built-in 120A 160A Charge Controller 24V 48V Pure Sine Wave Inverter Dual AC Output DC to AC Converter,"₱13,700.00",N/A,https://www.lazada.com.ph/products/pdp-i3648565359.html
Zamdon Toroidal Hybrid Off-grid Solar Inverter 24V2000W with 60A MPPT SCC,"₱19,699.00",N/A,https://www.lazada.com.ph/products/pdp-i4943148903.html
Flowatt 3.2KW Off Grid Hybrid Solar Inverter Built-In 80A MPPT Solar Charge Controller 50/60Hz Output frequency 24V TO 230Vac Pure Sine Wave Inverter Support DIY design,"₱1,699.00",N/A,https://www.lazada.com.ph/products/pdp-i4513200485.html
PowMr 1KW Off grid Hybrid Solar Inverter Built-in 80A MPPT Solar Charge Controller 12V to 230Vac Pure Sine Wave Inverter 50/60Hz Auto All In One Solar Inverter,"₱6,850.00",N/A,https://www.lazada.com.ph/products/pdp-i4516240556.html
Flowatt 1KW 1.5KW Off-grid Hybrid Solar inverter 12V 24V 220V Pure Sine Wave Hybrid inverter Solar Inverter MPPT 80A Solar Charge Controller Max PV 150VDC,"₱6,500.00",N/A,https://www.lazada.com.ph/products/pdp-i4109453220.html
Zamdon Toroidal Hybrid Off-grid Solar Inverter 24V3000W with 60A MPPT SCC,"₱23,999.00",N/A,https://www.lazada.com.ph/products/pdp-i4317521939.html
12KW 6.5KW Hybrid Solar Inverter 48V Solar Inverter Off Grid 5KW Inverter 24V Solar Power Inverter with Dual AC Outputs,"₱19,000.00",N/A,https://www.lazada.com.ph/products/pdp-i5372382745.html
4.2KW/3KW Hybrid Solar Inverter 24V Off Grid Hybrid Inverter 120A MPPT Hybrid Inverter with SCC Smart Protection LCD Display,"₱13,800.00",N/A,https://www.lazada.com.ph/products/pdp-i3268609647.html
5KW/6.5KW/12KW MPPT Hybrid Inverter off grid inverter 24V/48V Solar Inverter 500VDC Power Inverter For Home Use,"₱19,200.00",N/A,https://www.lazada.com.ph/products/pdp-i5373785739.html
PowMr 1KW 12V Hybrid Solar Inverter 230Vac PV Start Voltage 20Voc Built In 80A MPPT Solar Charge Controller 50/60Hz Auto Pure Sine Wave Inverter,"₱6,350.00",N/A,https://www.lazada.com.ph/products/pdp-i5122915113.html
PowMr 1KW 12V Hybrid Solar Inverter 230Vac PV Start Voltage 20Voc Built In 80A MPPT Solar Charge Controller 50/60Hz Auto Pure Sine Wave Inverter,"₱7,200.00",N/A,https://www.lazada.com.ph/products/pdp-i4400695559.html
4.2KW MPPT Hybrid Inverter off Grid Solar Inverter 24V 120A MPPT Hybrid off-grid Inverter Pure Sine Wave Inverter Built-in Controller PV max. 500V DC to AC Converter,"₱13,700.00",N/A,https://www.lazada.com.ph/products/pdp-i4452547354.html
"Y&H 1000W Solar Hybrid Inverter DC12V to AC230V, Off-Grid Pure Sine Wave Inverter with 40A MPPT Solar Charger Max PV 600W DC150V Input,fit for 12V Lead-Acid/Lithium Battery","₱6,286.00",N/A,https://www.lazada.com.ph/products/pdp-i4417813113.html
"1200W/1000W/750W GS Hybrid Micro Inverter for Solar Pane & 36V/48V Battery Grid-Tie with Zero Export 180-265V AC | WiFi, IP65","₱7,081.00",N/A,https://www.lazada.com.ph/products/pdp-i15441400029.html
DongJin Power 48V Hybrid Solar Inverter 5500W/5.5KW Pure Sine Wave built-in 120A MTTP charger,"₱25,000.00",N/A,https://www.lazada.com.ph/products/pdp-i5242815326.html
3KW Hybrid Solar Inverter 24V Hybrid Inverter Hybrid Off Grid Inverter Built in MPPT Solar Charger 30V to 400V Wide PV Voltage Input Range,"₱13,800.00",N/A,https://www.lazada.com.ph/products/pdp-i4046070887.html
PowMr MPPT 4.2kw/6.2kw/10.2kw On-Grid/Off-Grid hybrid inverter 24Vdc/48Vdc 230VAC PV Panel Input 500vdc Pure Sine Wave Solar Inverter 120A Solar Controller RGB Light,"₱16,000.00",N/A,https://www.lazada.com.ph/products/pdp-i5032938364.html
PowMr 10.2kw On-Grid/Off-Grid Hybrid Inverter 48Vdc 230VAC PV Panel Input 500vdc Pure Sine Wave Solar Inverter Built in 160A MPPT Solar Charger Controller Can Work Without Battery,"₱1,823.00",N/A,https://www.lazada.com.ph/products/pdp-i3434951850.html
Flowatt 4.2kw/6.2kw/10.2kw On-Grid/Off-Grid Hybrid Inverter 24VDC/48VDC 230VAC Pure Sine Wave Solar Inverter 500VDC PV Panel Input Built In 160A MPPT Solar Controller RGB Light Support Lifepo4 Battery,"₱18,000.00",N/A,https://www.lazada.com.ph/products/pdp-i4982381789.html
5KW MPPT Hybrid Inverter off grid inverter 24V Solar Inverter 500VDC Power Inverter For Home Use,"₱20,200.00",N/A,https://www.lazada.com.ph/products/pdp-i5373635840.html
PowMr 3.2KW Hybrid Solar Inverter 230Vac PV Max 450Vdc Built In 80A MPPT Solar Charge Controller 50/60Hz Auto Pure Sine Wave Inversor,"₱11,000.00",N/A,https://www.lazada.com.ph/products/pdp-i3249250994.html
Zamdon Toroidal Hybrid Off-grid Solar Inverter 24V1000W with 40A MPPT SCC,"₱11,699.00",N/A,https://www.lazada.com.ph/products/pdp-i3850559165.html
ECGSOLAX 6.2K On/Off-Grid Solar Hybrid Inverter 48V AC220V Two Load Output 120A MPPT Solar Charger Controller,"₱15,000.00",N/A,https://www.lazada.com.ph/products/pdp-i5343642148.html
Zamdon Toroidal Hybrid Off-grid Solar Inverter 12V2000W with 60A MPPT SCC,"₱19,699.00",N/A,https://www.lazada.com.ph/products/pdp-i4943280475.html
1KW/1.5KW hybrid inverter MPPT solar Inverter 12V/24V Pure Sine Wave Inverter 230Vac Output 150V PV Input,"₱7,000.00",N/A,https://www.lazada.com.ph/products/pdp-i4149493959.html
Flowatt 4.2KW/6.2KW Hybrid Solar Inverter 120A MPPT Pure Sine Wave Solar Inverter 24V 48V 230VAC On-grid/Off-grid Solar Controller Inverter Monitoring Can Use without Battery,"₱18,000.00",N/A,https://www.lazada.com.ph/products/pdp-i4046134513.html
Flowatt 4.2kw/6.2kw On-grid/Off-grid Hybrid Inverter 24Vdc/48Vdc 230VAC Pure Sine Wave Solar Inverter Built in 120A MPPT Solar Controller Support Lifepo4 Battery RGB Light One-click Repair Function,"₱18,000.00",N/A,https://www.lazada.com.ph/products/pdp-i4914681326.html
Flowatt 4.2KW Hybrid Solar Inverter 500VDC Pure Sine start Wave 220V Output MPPT 120A Solar Charger Max PV Power Charge Controller with WIFI Monitoring Can without Battery Working,"₱16,000.00",N/A,https://www.lazada.com.ph/products/pdp-i4593030931.html
ECGSOLAX 4.2KW/6.2KW On/Off-Grid Solar Hybrid Inverter 24V AC220V Two Load Output 120A MPPT Solar Charger Controller,"₱16,500.00",N/A,https://www.lazada.com.ph/products/pdp-i5374636327.html
Hybrid Solar Inverter 3KW Solar Inverter 24V Hybrid Off Grid Inverter Built in MPPT Solar Charger 30V~400V Wide PV Voltage Input Range,"₱13,800.00",N/A,https://www.lazada.com.ph/products/pdp-i3940261837.html
2KW/4.2KW Solar Inverter MPPT Hybrid Inverter 12V/24V to 220V Inverter Off-grid Inverter Pure Sine Wave Inverter Built-in Controller Power Inverter,"₱13,700.00",N/A,https://www.lazada.com.ph/products/pdp-i5209769652.html
Flowatt 6200W 10200W Hybrid Solar Inverter 48V 230VAC Pure Sine Wave Inverter Build-in MPPT 120A/180A Charge Controller PV Max 500VDC,"₱20,000.00",N/A,https://www.lazada.com.ph/products/pdp-i4047557374.html
Flowatt 10.2kw Hybrid Solar Inverter Built in 180A MPPT Solar Controller Max PV Input 500vdc 48Vdc Pure Sine Wave Inverter Can Contect Without battery All In One Solar Inverter,"₱1,699.00",N/A,https://www.lazada.com.ph/products/pdp-i4510285069.html
10.2kw MPPT Solar Inverter Off Grid Inverter 48V 500VDC Hybrid Inverter MPPT Pure Sine Wave Inverter with 160A Controller Hybrid Inverter DC to AC Converter,"₱18,500.00",N/A,https://www.lazada.com.ph/products/pdp-i3610180929.html
6.2KW MPPT Hybrid Solar Inverter Build in 120A Solar Controller Off Grid Inverter Pure Sine Wave Inverter 48V Input 220VAC Output Support no Battery Work MAX 500V PV Solar Inverter,"₱13,700.00",N/A,https://www.lazada.com.ph/products/pdp-i4452639100.html
1.6KW 3KW Solar Hybrid Inverter DC 12V 24V To AC 230V Off Grid Hybrid Solar Inverter Built-in 80A MPPT Solar Charge Controller Max PV 400VDC,"₱10,500.00",N/A,https://www.lazada.com.ph/products/pdp-i5248593794.html
4.2KW/6.2KW Pure Sine Wave Solar Inverter 120A MPPT Hybrid Inverter 24V/48V 500VDC PV Input 230VAC Converter with WIFI Hybrid Off Grid Inverter,"₱21,000.00",N/A,https://www.lazada.com.ph/products/pdp-i2527225932.html
PowMr 6.2KW Hybrid Solar Inverter Hybrid On/Off Grid MPPT Hybrid Inverter 48V 500VDC Off/On Grid Hybrid Solar Inverter Hybrid Inverter,"₱24,400.00",N/A,https://www.lazada.com.ph/products/pdp-i4550487711.html
2KW/4.2KW MPPT Hybrid Inverter 12V/24V Auto recognition Solar Inverter 500VDC Solar Power Inverter Battery must be Connected,"₱13,700.00",N/A,https://www.lazada.com.ph/products/pdp-i5228357076.html
FLOWATT 4.2KW MPPT Off-Grid/On-Grid Hybrid Inverter 24Vdc 230VAC PV Panel Input 500Vdc Pure Sine Wave Solar Inverter Built-in 120A Solar Charger with RBG Light Can Work Without Battery,"₱1,699.00",N/A,https://www.lazada.com.ph/products/pdp-i4512987784.html
Zamdon 1kw 12V Hybrid Offgrid Toroidal Pure Sine Wave Solar Power Inverter with 40A MPP solar Charge Controller,"₱12,888.00",N/A,https://www.lazada.com.ph/products/pdp-i3921760376.html
4.2KW/6.2KW MPPT off-grid Hybrid Inverter 24Vdc/48Vdc 230VAC PV Panel Input 500vdc Pure Sine Wave Solar Inverter Built-in 120A Solar Controller Hybrid Solar Inverter,"₱13,700.00",N/A,https://www.lazada.com.ph/products/pdp-i3518097778.html
Flowatt Hybrid Solar Inverter 1.8KW MPPT 12VDC off grid Pure Sine Wave Inverter 400VDC PV Input MAX Charging Current 80A Optional WiFi solar controller charger,"₱8,500.00",N/A,https://www.lazada.com.ph/products/pdp-i4408980703.html
6KW/10KW MPPT Hybrid Inverter Solar Inverter off grid Inverter off grid Hybrid Inverter can be Connected to Water Pump Inverter without Battery Connection,"₱11,500.00",N/A,https://www.lazada.com.ph/products/pdp-i5143152606.html
Flowatt 1.8KW/3KW Hybrid Solar Inverter 12V 24V 230V With Max 80A MPPT Charge Controller PV Max 450VDC Pure Sine Wave Inverter,"₱11,000.00",N/A,https://www.lazada.com.ph/products/pdp-i4069428818.html
6KW Parallelable Hybrid Solar Inverter Up to 9 Pure Sine Wave Inverter Smart Dc to Ac Converter 48V Input and 220V Output 500V PV Inverter MPPT Power Inverter,"₱20,800.00",N/A,https://www.lazada.com.ph/products/pdp-i3480486507.html
12V/24V Hybrid Solar Inverter 2kw/3.2kw Hybrid Inverter off Grid with RGB Light Max PV Input 150V,"₱14,900.00",N/A,https://www.lazada.com.ph/products/pdp-i4802736999.html
3kw 24v Hybrid OffGrid Inverter,"₱28,000.00",N/A,https://www.lazada.com.ph/products/pdp-i3089124247.html
6.2KW Hybrid Solar Inverter 48V (VMS-V-6.2K-48-H) | Pure Sine Wave | 120A MPPT | On-Grid & Off-Grid Energy Storage System SOLARAMP,"₱30,000.00",N/A,https://www.lazada.com.ph/products/pdp-i752574081.html
【Parallel 9 Unit 】Flowatt 6.5KW 12KW On-Grid/Off-Grid Hybrid Inverter 48Vdc 230VAC Built in 150A MPPT Solar Charger Controller PV Panel Input 500vdc Pure Sine Wave Inverter Supports 48V Lifepo4 Battery Battery-free Operation,"₱1,699.00",N/A,https://www.lazada.com.ph/products/pdp-i5108368753.html
6.2KW Hybrid Solar Inverter 48V 230VAC Pure Sine Wave Inverter 6200W On Grid Dual Output with MPPT 120A Solar Charger,"₱17,044.00",N/A,https://www.lazada.com.ph/products/pdp-i4994382604.html
PowMr 1.5KW Hybrid Solar Inverter 24V to 230Vac Built In 80A MPPT Solar Charge Controller 50/60Hz Auto Output frequency Pure Sine Wave Inverter,"₱7,600.00",N/A,https://www.lazada.com.ph/products/pdp-i4510285132.html
4.2KW MPPT Hybrid Inverter Solar Inverter 24V 120A Hybrid off-grid Inverter Pure Sine Wave Inverter Built-in Controller PV max. 500V DC to AC Converter,"₱13,700.00",N/A,https://www.lazada.com.ph/products/pdp-i4015522887.html
PowMr Off-Grid Hybrid Inverter 1KW 1.5KW with 80A MPPT Solar Charge DC 12V 24V to 230V AC Max PV 150Vdc Pure Sine Wave Inverter,"₱6,850.00",N/A,https://www.lazada.com.ph/products/pdp-i4623879272.html
"ECGSOLAX 12KW Hybrid Solar Inverter with 48VDC Input, 230VAC Output, MPPT 180A, High-Quality Pure Sine Wave for Air Conditioning & Home Appliances","₱31,000.00",N/A,https://www.lazada.com.ph/products/pdp-i5393605960.html
PowMr 2KW Off-Grid Hybrid Solar Charger Inverter Built-in 80A MPPT Solar Charge Controller PV Input 30-450Voc 50/60Hz Auto Pure Sine Wave Solar Inverter,"₱10,000.00",N/A,https://www.lazada.com.ph/products/pdp-i4512792876.html
PowMr 6.2KW Hybrid Solar Inverter Hybrid On Grid MPPT Hybrid Inverter 48V 500VDC Off/On Grid Hybrid Solar Inverter Hybrid Inverter,"₱18,000.00",N/A,https://www.lazada.com.ph/products/pdp-i5032923365.html
PowMr 1.5KW 24V Hybrid Inverter 230Vac PV Start Voltage 30Voc Built In 80A MPPT Solar Charge Controller 50hz 60Hz Auto Pure Sine Wave Inverter Solar Inverter All in one Inverter,"₱7,000.00",N/A,https://www.lazada.com.ph/products/pdp-i5128495330.html
3KW/3.6KW Hybrid Solar Inverter 230Vac PV Max 450Vdc Built In 80A MPPT Solar Charge Controller 50/60Hz Auto Pure solar panel grid tie inverter Sine 24V Wave inverter hybrid inverter Inversor solar panel set Can be used for water pumps,"₱19,768.00",N/A,https://www.lazada.com.ph/products/pdp-i4981881953.html
Flowatt 6.2KW On/Off-Grid Solar Hybrid Inverter 48V AC 220V Two Load Output Power MPPT 120A Solar Charger Max PV Power 6500W Input Can Contect Without battery,"₱1,699.00",N/A,https://www.lazada.com.ph/products/pdp-i4785985494.html
Flowatt 4.2KW/6.2KW 24VDC On/Off-Grid Solar Hybrid Inverter AC220V Pure Sine Wave Two Load Output Power MPPT 120A Solar Charger Supports Connection To lithium Batteries And Lead-Acid Batteries,"₱19,000.00",N/A,https://www.lazada.com.ph/products/pdp-i4393361857.html
Hybrid Solar Inverter 4.2KW/6.2KW Hybrid Inverter 24V/48V Built In MPPT Solar Charger Controller with WIFI Monitoring Function Dual AC Outputs Can Work without Battery,"₱21,900.00",N/A,https://www.lazada.com.ph/products/pdp-i3821460509.html
4.2kw Hybrid Solar Inverter 24v Hybrid Inverter On Grid/Off Grid Inverter MPPT 120A Solar Charger Controller Can Operate without Battery,"₱21,900.00",N/A,https://www.lazada.com.ph/products/pdp-i4024320290.html
"Y&H 10.2KW On/Off Grid Hybrid Solar Inverter DC48V to AC230V Output Built-in 160A Charge Controller Dual PV Max 500V Input,Support Battery-Free Operation","₱28,586.00",N/A,https://www.lazada.com.ph/products/pdp-i4600590321.html
Cross-border explosion of MPPT hybrid photovoltaic inverter with spot 5500W solar inverter inverse control integrated machine,"₱9,200.01",N/A,https://www.lazada.com.ph/products/pdp-i5117364306.html
PowMr MPPT 4.2kw/6.2kw/10.2kw On-Grid/Off-Grid hybrid inverter 24Vdc/48Vdc 230VAC PV Panel Input 500vdc Pure Sine Wave Solar Inverter 120A Solar Controller RGB Light,"₱29,000.00",N/A,https://www.lazada.com.ph/products/pdp-i4346324683.html
PowMr 3.2KW Hybrid Solar Inverter 230Vac PV Start Voltage 30Voc Built In 80A MPPT Solar Charge Controller 50/60Hz Auto Pure Sine Wave Inverter,"₱13,696.00",N/A,https://www.lazada.com.ph/products/pdp-i4052026448.html
Flowatt 6KW On-grid/Off-grid Hybrid Inverter 50Vdc Pure Sine Wave Solar Inverter Built-in WiFi Module Support Grid Connection And Electricity Sales,"₱25,500.00",N/A,https://www.lazada.com.ph/products/pdp-i15409433231.html
PowMr 1.6KW Hybrid Inverter 230Vac PV Start Voltage 30Voc Built In 80A MPPT Solar Charge Controller Connect 12V Battery 50/60Hz Auto Pure Sine Wave Inverter,"₱9,000.00",N/A,https://www.lazada.com.ph/products/pdp-i5128405924.html
BOSCA GA 3kw 24V 500VDC 3kw 24V 500VDC HYBRID SOLAR INVERTER Best 24v Solar Inverter,"₱21,000.00",N/A,https://www.lazada.com.ph/products/pdp-i15455908274.html
PowMr 2KW Hybrid Solar Inverter Built In 80A MPPT Solar Charge Controller 50/60Hz Auto 230Vac PV Start Voltage 30Voc Pure Sine Wave Inverter,"₱10,000.00",N/A,https://www.lazada.com.ph/products/pdp-i4551320422.html
Hybrid Solar Inverter 230V Pure Sine Wave | Built-in 80A MPPT Charge Controller | 30Voc Low Start | 50/60Hz Auto | Off-Grid Solar Power System PowMr 2KW,"₱8,900.00",N/A,https://www.lazada.com.ph/products/pdp-i15457537220.html
SRNE Hybrid Inverter 5kw 48v,"₱32,900.00",N/A,https://www.lazada.com.ph/products/pdp-i2876630669.html
PowMr 4.2kw On-grid/Off-grid Hybrid Inverter 24Vdc PV Panel Input 500vdc Pure Sine Wave Solar Inverter Built In 140A MPPT Solar Charger Controller Fast Charger Battery Charger,"₱20,300.00",N/A,https://www.lazada.com.ph/products/pdp-i4022100060.html
6.2KW Hybrid Solar Inverter 48V 24V to 220V Dual AC Pure Sine Wave MPPT 120A Solar Charge Controller PV 60~500V,"₱25,364.00",N/A,https://www.lazada.com.ph/products/pdp-i4981942906.html
PowMr 6.5KW Hybrid Solar Inverter 500Vdc Supports 48V Lifepo4 Battery Can Parallel Up to 9 Unit Built in 120A MPPT Solar Charger Controller,"₱24,471.00",N/A,https://www.lazada.com.ph/products/pdp-i3136906526.html
Zamdon Toroidal Hybrid Off-grid Solar Inverter 48V5000W with 80A MPPT SCC,"₱36,999.00",N/A,https://www.lazada.com.ph/products/pdp-i4054955689.html
Hybrid Inverter 4.2KW 6.2KW MPPT Pure Sine Wave Hybrid Solar Inverter 24V 48V Off Grid Inverter 500VDC Power Inverter DC to AC Converter Optional WiFi,"₱13,700.00",N/A,https://www.lazada.com.ph/products/pdp-i3488487532.html
3KW 24V SRNE Brand Hybrid Off Grid Solar Inverter Residential Solar Inverter HF2430S60-100,"₱21,000.00",N/A,https://www.lazada.com.ph/products/pdp-i3808006946.html
MPOWER 6.2KW 48V Hybrid Solar Inverter MPPT 500V PV Input with WiFi Monitoring Pure Sine Wave,"₱25,123.00",N/A,https://www.lazada.com.ph/products/pdp-i15489979119.html
2026Zamdon Solar Inverter 24V3000W - Toroidal Off Grid InverterCOD,"₱6,120.00",N/A,https://www.lazada.com.ph/products/pdp-i15486867666.html
5KW 48V SRNE Brand Hybrid Off Grid Solar Inverter High Voltage HFP4850S80-H,"₱29,000.00",N/A,https://www.lazada.com.ph/products/pdp-i3812152775.html
PowMr 3KW Low Frequency Built In Toroidal transformers Hybrid Solar Inverter 230Vac PV Voltage 30-150Voc 60A MPPT Solar Charge Controller 50/60Hz Auto Pure Sine Wave Inverter,"₱16,500.00",N/A,https://www.lazada.com.ph/products/pdp-i4362650602.html
MPOWER 48V 6200W Solar Hybrid Inverter with WiFi RS485 MPPT Pure Sine Wave,"₱25,123.00",N/A,https://www.lazada.com.ph/products/pdp-i15489989104.html
BOSCA FPV Series Hybrid Solar Inverter 5KVA 7.5KVA Pure Sine Wave Batteryless FPV-5000VA FPV-7500VA 2-Year Warranty,"₱13,359.00",N/A,https://www.lazada.com.ph/products/pdp-i15481938359.html
One Solar Toroidal Inverter 12V1000w - Off Grid Inverter not Snadi Snat Inverter,"₱5,500.00",N/A,https://www.lazada.com.ph/products/pdp-i1704506979.html
3KW 24V 500V SRNE Hybrid Off grid inverter HF2430S80-H,"₱22,000.00",N/A,https://www.lazada.com.ph/products/pdp-i4629548593.html
BOSCA FPV Series Hybrid Solar Inverter 5KVA 7.5KVA Pure Sine Wave Batteryless FPV-5000VA FPV-7500VA 2-Year Warranty,"₱12,359.00",N/A,https://www.lazada.com.ph/products/pdp-i15481781548.html
One Solar 1200W Hybrid Inverter 12V Pure Sine Wave | Toroidal Heavy Duty Wall Mounted | Built-in 40A MPPT + 15A AC Charger | Supports LiFePO4/AGM/GEL,"₱1,899.00",N/A,https://www.lazada.com.ph/products/pdp-i15458365865.html
Flowatt 3KW/6KW MPPT Hybrid Solar Inverter Battery Voltage 50Vdc-500Vdc Pure Sine Wave Solar Inverter Can parallel up to 6 Units Supports lead-acid and LiFePO4 lithium batteries.,"₱25,000.00",N/A,https://www.lazada.com.ph/products/pdp-i15472919760.html
PowMr 6.5kw hybrid inverter 48Vdc 230VAC PV Panel Input 450vdc Pure Sine Wave Solar Inverter 150A MPPT Solar Controller Lithium Battery FRP Panel,"₱18,000.00",N/A,https://www.lazada.com.ph/products/pdp-i4334025561.html
PowMr WiFi Module Wireless Device Warranty Service With RS232 Remote Monitoring Solution For Off Grid Hybrid Solar Power Inverter WIFI Port Wifi-VM,"₱1,823.00",N/A,https://www.lazada.com.ph/products/pdp-i5027764558.html
Flowatt WiFi Module Wireless Device With RS232 Remote Monitoring Solution For Off Grid Hybrid Solar Inverter WIFI Port 4.2k/6.2k/10.2k wifi,"₱1,892.00",N/A,https://www.lazada.com.ph/products/pdp-i4535782020.html
DEYE Grid Tie Solar inverter On Grid 3kw 6kw 8kw 10kw Not Deye Hybrid Inverter,"₱28,000.00",N/A,https://www.lazada.com.ph/products/pdp-i2235097738.html
5000W 6000W 8000W Pure Sine Wave Inverter DC 12V 24V To AC 220V Off Grid Inverter Portable Converter Solar Car Inverter Transformer,"₱7,429.40",N/A,https://www.lazada.com.ph/products/pdp-i3699708845.html
ECGSOLAX WiFi Module Wireless Device With RS232 Remote Monitoring Solution For Off Grid Hybrid Solar Inverter WIFI Port 2.2k/3.2k wifi,"₱1,750.00",N/A,https://www.lazada.com.ph/products/pdp-i4571997904.html
5kw 48v SRNE Parallel Hybrid Inverter for Home HFP4850S80-H,"₱30,000.00",N/A,https://www.lazada.com.ph/products/pdp-i4001360561.html
Y&H 3200W Solar Hybrid Inverter 24V Pure Sine Wave | 80A MPPT Charger | 3000W PV Input | Off-Grid Power Supply for Home RV Solar System,"₱6,899.00",N/A,https://www.lazada.com.ph/products/pdp-i15440802338.html
DongJin Power 24Vdc 4500W On/Off-Grid Hvbrid solar Inverter 150A MPPT SCC 6.25 Inch LCD Display Pure sine wave WIFI (optional),"₱18,599.00",N/A,https://www.lazada.com.ph/products/pdp-i5242801464.html
6.2kw/8.2kw/10.2kw Hybrid Solar Inverter 48V MPPT Hybrid inverter Off Grid Inverter 500VDC Can Use without Battery with WIFI Monitoring,"₱24,500.00",N/A,https://www.lazada.com.ph/products/pdp-i2893681370.html
2.3KW / 4.2kw MPPT Hybrid Inverter 12V/24V Automatic Recognition Solar Inverter Solar Hybrid Inverter Hybrid High-Frequency Inverter Off Grid Inverter 100A Inverter Communicable,"₱13,700.00",N/A,https://www.lazada.com.ph/products/pdp-i5104241283.html
Hybrid Inverter 6.2KW MPPT Hybrid Solar Inverter Off Grid Inverter Pure Sine Wave Inverter 48V Input 220VAC Output Build in 120A Solar Controller MAX 500V PV Solar Inverter,"₱13,700.00",N/A,https://www.lazada.com.ph/products/pdp-i4470665971.html
"Hybrid Solar Inverter 1000W 1500W MPPT Solar Inverter 12V 24V Pure Sine Wave Inverter 230V Battery-Based Solar Inverter System Off-Grid Inverter for Home 1KW / 1.5KW Hybrid MPPT Solar Inverter –barattilla Pure Sine Wave, 12V/24V, 230Vac Output","₱16,888.00",N/A,https://www.lazada.com.ph/products/pdp-i5091886214.html
PowMr 6.5KW Hybrid Solar Inverter 500Vdc Supports 48V Lifepo4 Battery Can Parallel Up to 9 Unit Built in 120A MPPT Solar Charger Controller,"₱24,471.00",N/A,https://www.lazada.com.ph/products/pdp-i5088872523.html
PowMr 6.2KW Hybrid Solar Inverter MPPT Hybrid Inverter Can Parallel Up To 9 Units 48V 500VDC Off Grid Hybrid Solar Inverter With WIFI Off Grid Hybrid Inverter,"₱26,294.00",N/A,https://www.lazada.com.ph/products/pdp-i4550510524.html
PS1KVA Hybrid Solar inverter built in PWM solar controller,"₱22,459.42",N/A,https://www.lazada.com.ph/products/pdp-i5134634255.html
3KW/3.2KVA Solar Inverter 24V 80A Hybrid off-grid Inverter Pure Sine Wave Inverter Built-in Controller PV max. 400V DC to AC Converter,"₱12,000.00",N/A,https://www.lazada.com.ph/products/pdp-i3971059851.html
Y&H 10.2KW On/Off grid Hybrid Inverter Built-in 160A Charge Controller PV Max 500V Input DC48V to AC230V Pure Sine Wave Solar Inverter for Home Energy Storage RV Shed Off-Grid System,"₱29,586.00",N/A,https://www.lazada.com.ph/products/pdp-i3439856504.html
Flowatt 10.2KW Pure Sine Wave Hybrid Inverter with Dual PV Input and MPPT Charger for Home Solar Power System,"₱35,000.00",N/A,https://www.lazada.com.ph/products/pdp-i4409667173.html
Built-in CT Limiter 3.6KW/6.2KW Hybrid Solar Inverter 24V/48V Off Grid/On Gird Hybrid Inverter Pure Sine Wave Inverter DC to AC Converter 120A Solar Controller Charger Can Work Without Battery Optional WIFI,"₱20,500.00",N/A,https://www.lazada.com.ph/products/pdp-i2765270984.html
MPPT Hybrid Solar Inverter,"₱13,352.00",N/A,https://www.lazada.com.ph/products/pdp-i5198701261.html
3KW / 3000W MPPT Hybrid Inverter Solar Inverter 24V 80A Hybrid off-grid Inverter Pure Sine Wave Inverter Built-in Controller PV max. 400V DC to AC Converter,"₱12,000.00",N/A,https://www.lazada.com.ph/products/pdp-i4470692143.html
5000W 48V TOROIDAL INVERTER BUILT IN 80A MPPT HYBRID OFFGRID SOLAR INVERTER 5KW/48V LVTOPSUN,"₱33,000.00",N/A,https://www.lazada.com.ph/products/pdp-i3590814889.html
Flowatt 6.2KW Hybrid Solar Inverter 500Vdc Pure Sine Wave Inverter Built in 120A MPPT Solar Charger Controller Can Parallel Up to 9 Unit Inverter Supports 48V Lifepo4 Battery,"₱24,700.00",N/A,https://www.lazada.com.ph/products/pdp-i5108468221.html
PowMr 6.5KW Hybrid Solar Inverter 500Vdc Supports 48V Lifepo4 Battery Can Parallel Up to 12 Unit Built in 120A MPPT Solar Charger Controller,"₱24,471.00",N/A,https://www.lazada.com.ph/products/pdp-i4377888692.html
6.2KW/10.2KW MPPT Hybrid Solar Inverter 120A/160A Solar Controller Off Grid Pure Sine Wave Inverter 48V Input 220VAC Output Support no Battery Work MAX 500V PV Solar Inverter,"₱18,500.00",N/A,https://www.lazada.com.ph/products/pdp-i3609162294.html
4.2kw hybrid solar inverter 24v On-grid/off-grid hybrid inverter 24Vdc mppt off grid inverter with RGB light,"₱15,500.00",N/A,https://www.lazada.com.ph/products/pdp-i4002821757.html
Anern Hybrid Inverter 2.3KW/4.2KW Hybrid off Grid Inverter 12V/24V Solar Hybrid Inverter Built-in MPPT Charger,"₱19,900.00",N/A,https://www.lazada.com.ph/products/pdp-i5110466931.html
1000W Pure Sine Wave Inverter 12V to 220V 60Hz All in One Solar Power Kit with MPPT Controller Home Backup UPS for Brownout Philippines,"₱3,299.00",N/A,https://www.lazada.com.ph/products/pdp-i15499619501.html
5000W 6000W 8000W Pure Sine Wave Inverter DC 12V 24V 48V 60V 72V To AC 60HZ 220V Off Grid Inverter Portable Converter Solar Car Inverter Transformer,"₱7,300.00",N/A,https://www.lazada.com.ph/products/pdp-i5183367810.html
PowMr WiFi Module Wireless Device Warranty Service With RS232 Remote Monitoring Solution For Off Grid Hybrid Solar Power Inverter WIFI Port,"₱1,823.00",N/A,https://www.lazada.com.ph/products/pdp-i4622160580.html
"800W/1000W/1200W Single Phase Hybrid Micro Inverter PV input 20-60V Output 180~265VAC with WiFi Monitoring & Anti-Backflow, Limiter Sensor Dual Input for Solar PV/Battery, Grid-Tie Energy Storage System","₱7,521.00",N/A,https://www.lazada.com.ph/products/pdp-i5067306252.html
Authentic Zamdon Toroidal Off Grid Inverter 12V1KW - Solar Inverter 1000W12V ZD-T 1kw 2kw 3kw 5kw 6kw Hybrid Inverter 12v 24v 48v barattilla,"₱10,233.00",N/A,https://www.lazada.com.ph/products/pdp-i4760818115.html
PowMr 3.2KW Off-Grid Hybrid Solar Charger Inverter Built-in 80A MPPT Solar Charge Controller PV Input 30-450Voc 24V Pure Sine Wave Inverter 50/60Hz Auto All In One Solar Inverter,"₱12,500.00",N/A,https://www.lazada.com.ph/products/pdp-i4512819218.html
PowMr 6.2kw On-Grid/Off-Grid Hybrid Inverter 48Vdc 230VAC PV Panel Input 500vdc Pure Sine Wave Solar Inverter Built in 120A MPPT Solar Controller One-click Repair Function,"₱22,600.00",N/A,https://www.lazada.com.ph/products/pdp-i3788076575.html
Cross-border explosion of 5.5Kw high-power solar inverse control integrated machine 80A MPPT hybrid solar inverter,"₱7,622.65",N/A,https://www.lazada.com.ph/products/pdp-i5116753008.html
PowMr 4.2kw 24v On-Grid/Off-Grid Hybrid Inverter 230Vac PV Start voltage 60vdc Pure Sine Wave Solar Inverter Built in 120A MPPT Solar Charger Controller One-click Repair Function,"₱20,000.00",N/A,https://www.lazada.com.ph/products/pdp-i4109719434.html
Flowatt 2KW / 3KW Hybrid Solar Inverter 12V/24V Built-in 80A MPPT Solar Charge Controller Pure Sine Wave 230V Off-Grid Solar Power Inverter for Home with LCD,"₱4,899.00",N/A,https://www.lazada.com.ph/products/pdp-i15429758393.html
MPPT Hybrid Inverter 1.6KW/3KW off grid Solar Inverter 12V/24V 230VAC MPPT Pure Sine Wave Inverter Built in 80A Solar Controller 400VDC DC to AC Converter,"₱11,500.00",N/A,https://www.lazada.com.ph/products/pdp-i3726254936.html
Flowatt 3KW/6KW 24V/48V On/Off-Grid Solar Hybrid Inverter AC 220V 50/60Hz Auto Pure Sine Wave Solar Energy Storage Inverter Built In 100A MPPT Solar Charge Controller,"₱25,000.00",N/A,https://www.lazada.com.ph/products/pdp-i15428527435.html
PowMr 4.2kw 24Vdc On-grid/Off-grid Hybrid Inverter PV Start voltage 60Vdc Pure Sine Wave All in one Solar Inverter Bulit in 120A MPPT Solar Controller Can Work Without Battery,"₱16,000.00",N/A,https://www.lazada.com.ph/products/pdp-i5032899510.html
Hybrid Inverter 24V/48V 3.6KW/4.2KW/6.2KW Hybrid Solar Inverter Pure Sine Wave MPPT Hybrid Off Grid Inverter,"₱20,500.00",N/A,https://www.lazada.com.ph/products/pdp-i3630130437.html
Hybrid Solar inverter PowMr 1.5KW 24V MPPT Solar Hybrid Inverter 230V Pure Sine Wave Built-in 80A MPPT Controller Off-Grid Inverter Auto 50/60Hz Supports All Batteries,"₱9,833.00",N/A,https://www.lazada.com.ph/products/pdp-i15450549894.html
Flowatt 6.2kw/10.2kw MPPT Solar Inverter On grid/Off grid Hybrid inverter 48V 500VDC Pure Sine Wave Inverter with 160A MPPT Solar Controller Can Contect Without battery,"₱20,000.00",N/A,https://www.lazada.com.ph/products/pdp-i4883774878.html
Flowatt 6.2kw On/Off-Grid Solar Hybrid Inverter 48V AC220V Pure Sine Wave Hybrid Inverter 120A MPPT Solar Charger Max PV Power 6500W Can Connect To WIFI Hybrid Inverter LCD Screen Display,"₱21,000.00",N/A,https://www.lazada.com.ph/products/pdp-i5108389488.html
MPPT Hybrid Inverter 3KW / 3.2KVA Solar Inverter 24V 80A Pure Sine Wave Solar Inverter Hybrid off-grid Inverter Built-in Controller PV max. 400V DC to AC Converter Power Inverter,"₱12,000.00",N/A,https://www.lazada.com.ph/products/pdp-i4470674209.html
SNADI Hybrid Offgrid Pure Sine Wave Toroidal Inverter 12V 1kW 24V 1kW Adjustable LVD/HVR & Parameter Modification Wall Mounted all Battery Type LiFePO4,"₱13,700.00",N/A,https://www.lazada.com.ph/products/pdp-i4915456050.html
1.6KW/3KW MPPT Hybrid Solar Inverter 12VDC/24VDC off grid Pure Sine Wave Inverter 400VDC PV Input MAX Charging Current 80A Optional WiFi,"₱11,500.00",N/A,https://www.lazada.com.ph/products/pdp-i3755672167.html
PowMr 4.2kw 24Vdc Hybrid Inverter 230Vac PV Panel Start voltage 60Vdc Pure Sine Wave All in one Solar Inverter Bulit in 120A MPPT Solar Controller With RGB Light,"₱20,000.00",N/A,https://www.lazada.com.ph/products/pdp-i3219546770.html
PowMr 6.2kw Hybrid Inverter 48Vdc PV Input 500vdc Pure Sine Wave Solar Inverter 120A MPPT Solar Charger Controller Support Any Type Battery Or Can Work Without Battery RGB Light,"₱18,000.00",N/A,https://www.lazada.com.ph/products/pdp-i5036171306.html
One Solar Hybrid Solar Inverter 12v1000W 12V1200W with 40A MPPT DW,"₱21,800.00",N/A,https://www.lazada.com.ph/products/pdp-i5227608465.html
newnow | Solar Charging Inverter with MPPT Controller and Energy Storage,"₱19,015.00",N/A,https://www.lazada.com.ph/products/pdp-i15405524391.html
PowMr 10.2KW Hybrid Inverter 48v Off Grid/On Grid Switchable Solar Inverter Built in 160 MPPT Solar Charger Controller Can Work Without Battery,"₱34,500.00",N/A,https://www.lazada.com.ph/products/pdp-i4773057226.html
One Solar Hybrid Solar Inverter 12v1000W 12V1200W with 40A MPPT Fast Shipping,"₱20,980.00",N/A,https://www.lazada.com.ph/products/pdp-i5324197748.html
3.6KW Hybrid Solar Inverter 230Vac PV Max 450Vdc Built In 80A MPPT Solar Charge Controller 50/60Hz Auto Pure solar panel grid tie inverter Sine 12V/24V Wave inverter,"₱19,768.00",N/A,https://www.lazada.com.ph/products/pdp-i4980562759.html
1KW/1.5KW/4.2KW/6.2KW Hybrid Inverter MPPT Pure Sine Wave Solar Inverter 12V/24V/48V Hybrid Off Grid Inverter 230Vac Output Voltage for Solar System,"₱7,500.00",N/A,https://www.lazada.com.ph/products/pdp-i3854470540.html
DongJin Power 48Vdc 6500W On/Off-Grid Hvbrid solar Inverter 130A MPPT SCC 6.25 Inch LCD Display Pure sine wave WIFI (optional),"₱26,000.00",N/A,https://www.lazada.com.ph/products/pdp-i5242833463.html
1.6KW/3.0KW Hybrid Solar Inverter off-grid Hybrid Inverter 12V/24V 230V PV Max 400V Built In 80A MPPT Solar Charge Controller with WiFi Pure Sine Wave Inverter,"₱11,500.00",N/A,https://www.lazada.com.ph/products/pdp-i3854436704.html
PowMr 4.2KW 24v Solar Inverter 120A MPPT 230VAC Hybrid Inverter Off/On Grid Hybrid Inverter,"₱20,000.00",N/A,https://www.lazada.com.ph/products/pdp-i5045092856.html
BOSCA GA Series 3kw 24V 500VDC 3kw 24V 500VDC HYBRID SOLAR INVERTER Best 24v Solar Inverter,"₱21,000.00",N/A,https://www.lazada.com.ph/products/pdp-i15456193039.html
PowMr Hybrid Inverter 4.2kw Hybrid Inverter 24v Sunlight Inverter Hybrid Off Grid On Grid Inverter,"₱22,123.00",N/A,https://www.lazada.com.ph/products/pdp-i4550472753.html
PowMr 1.6KW Hybrid Solar Inverter 12V Hybrid Inverter MPPT Off Grid Inverter Include WIFI Module Off Grid Inverter,"₱12,100.00",N/A,https://www.lazada.com.ph/products/pdp-i4550472882.html
PowMr 10.2KW Hybrid Inverter 48v Hybrid Inverter Hybrid Inverter Hybrid Off Grid On Grid Solar Inverter MPPT Hybrid Inverter,"₱34,500.00",N/A,https://www.lazada.com.ph/products/pdp-i4550545323.html
YINGFA 6.2kW 48V 220V Hybrid Power Inverter 120A MPPT Solar Charge DC 48V to 220V 230V AC Dual Output Pure Sine On/Off Grid WIFI BMS PV Inverter 5000W,"₱23,875.20",N/A,https://www.lazada.com.ph/products/pdp-i4820119843.html
PowMr 6.2kw On-grid/Off-grid Hybrid Inverter 48Vdc PV Input 500vdc Pure Sine Wave Solar Inverter 120A MPPT Solar Controller Support Lifepo4 Battery RGB Light,"₱22,600.00",N/A,https://www.lazada.com.ph/products/pdp-i4021384638.html
JNGE Low Frequency Toroidal Inverter. Hybrid Off Grid (offgrid) Inverter 3kW 48V,"₱21,000.00",N/A,https://www.lazada.com.ph/products/pdp-i4068303629.html
PowMr 12KW Hybrid Solar Inverter 500Vdc Supports 48V Lifepo4 Battery Can Parallel Up to 9 Unit Built in 150A MPPT Solar Charger Controller,"₱38,000.00",N/A,https://www.lazada.com.ph/products/pdp-i5088943201.html
PowMr 1KW 12V Hybrid Solar Inverter Pure Sine Wave 230VAC | Built-in 80A MPPT Charge Controller | 20V PV Start | Off-Grid Solar Power System,"₱12,677.00",N/A,https://www.lazada.com.ph/products/pdp-i15456498356.html
1.5Kw SRNE Solar Storage Inverter HF1215S60-108,"₱15,525.00",N/A,https://www.lazada.com.ph/products/pdp-i5004306425.html
"Y&H Photovoltaic Inverters 4.2KW/6.2KW 24V/48VDC Built-in Air Switch and Lightning Protection,Pure Sine Wave AC220V Dual Output,WIFI+BMS dual communication,MPPT 120A Solar Charger","₱15,286.00",N/A,https://www.lazada.com.ph/products/pdp-i4964093927.html
3.6kw 6S Solar Inverter Solis On Grid Tied Solar Inverter S6-GR1P3.6K-M,"₱23,500.00",N/A,https://www.lazada.com.ph/products/pdp-i3857621859.html
12000W Power Inverter DC 12V to AC 220V Fully Automatic Solar Current Conversion Modified Sine Wave Inverter High Frequency With USB Port Power Converter Emergency Equipment For Car Travel Fishing Outdoor,₱828.00,N/A,https://www.lazada.com.ph/products/pdp-i4470803438.html
Power Inverter DC 12V To AC 220V Fully Automatic Solar Current Conversion Modified Sine Wave Inverter High Frequency 220W with 2.4A Dual USB Port As A Emergency Equipment for Car Travel Fishing Outdoor,₱292.00,N/A,https://www.lazada.com.ph/products/pdp-i4550725649.html
Zamdon Solar Inverter 24V3000W Authentic product - Toroidal Off-Grid Inverter | High-Efficiency Solar Power Solution original zamdon solar inverter not setup,"₱35,388.00",N/A,https://www.lazada.com.ph/products/pdp-i4923765068.html
8KW 𝐃𝐄𝐘𝐄 𝐆𝐑𝐈𝐃 𝐓𝐈𝐄 SOLAR 𝐈𝐍𝐕𝐄𝐑𝐓𝐄𝐑 WITH LIMITER,"₱32,000.00",N/A,https://www.lazada.com.ph/products/pdp-i4712438162.html
Zamdon Toroidal Off-grid Inverter 24V1000W,"₱6,899.00",N/A,https://www.lazada.com.ph/products/pdp-i4054856445.html
10000W/6000W/4000W original inverter car inverter solar inverter DC12V to AC 220V sine wave voltage converter,₱799.00,N/A,https://www.lazada.com.ph/products/pdp-i4267283216.html
LUTIAN Solar Inverter,"₱19,800.00",N/A,https://www.lazada.com.ph/products/pdp-i5346874573.html
6kw 48v Lvtopsun Pro Hybrid / Hybrid Offgrid Inverter,"₱38,000.00",N/A,https://www.lazada.com.ph/products/pdp-i4316181663.html
Zamdon Toroidal Hybrid Off-grid Solar Inverter 48V6000W with 80A MPPT SCC,"₱42,999.00",N/A,https://www.lazada.com.ph/products/pdp-i4843799264.html
10.2KW MPPT Hybrid Inverter 48V Solar Inverter 500VDC Power Inverter Off grid Pure Sine Wave Inverter Dual MPPT Dual PV Input and AC Output,"₱32,000.00",N/A,https://www.lazada.com.ph/products/pdp-i5228121849.html
newnow | Grid-Tie Solar Inverter Charger with MPPT Controller,"₱18,980.00",N/A,https://www.lazada.com.ph/products/pdp-i15405483930.html
3.6KW/4.2KW/6.2KW Hybrid Solar Inverter 220-240VAC 24V 48V Hybrid Inverter Off Grid/On Grid 120A MPPT SCC Solar Power Inverter Optional WIFI Can Work without Battery,"₱21,900.00",N/A,https://www.lazada.com.ph/products/pdp-i3305190327.html
BOSCA GA Hybrid Solar Inverter 6200W 48V | 8500W PV Support | 120A MPPT | Dual Load Output,"₱29,499.00",N/A,https://www.lazada.com.ph/products/pdp-i15444325692.html
Flowatt 10.2KW Hybrid Inverter 48v Off Grid/On Grid Switchable Solar Inverter with WiFi Built in 160 230VAC PV Panel Input 500vdc Pure Sine MPPT Solar Charger Controller Can Work Without Battery,"₱33,000.00",N/A,https://www.lazada.com.ph/products/pdp-i4393456574.html
1kw Hybrid Offgrid Inverter,"₱12,500.00",N/A,https://www.lazada.com.ph/products/pdp-i3644549300.html
4200W24V solar photovoltaic hybrid inverter MPPT120A solar off-grid integrated machine manufacturer,"₱6,383.20",N/A,https://www.lazada.com.ph/products/pdp-i5098180754.html
Flawatt 10.2KW Hybrid Solar Inverter 48V 180A MPPT Wifi Module Pure Sine Wave Communication Off Grid Inverter for Home/RV/Backup Power Support Lifepo4 Battery,"₱33,500.00",N/A,https://www.lazada.com.ph/products/pdp-i4397425214.html
PowMr 6.2KW Solar Inverter 48V 120A MPPT 230VAC Hybrid Inverter Off/On Grid Hybrid Inverter,"₱22,600.00",N/A,https://www.lazada.com.ph/products/pdp-i5045243228.html
Deye 8Kw 10Kw 12KW 20Kw Hybrid Inverter 15Kw 20Kw 30Kw 46Kw 50Kw Lifepo4 Battery 48V 51.2V Power Bank Solar Energy Storage,"₱49,879.00",N/A,https://www.lazada.com.ph/products/pdp-i5244675974.html
SOLAMAXX Series Hybrid MPPT Solar Pure Sine Wave Inverter 12V 1.6kW 24v 3kW Frequency 50/60Hz MPPT 30-400VDC Max Charging 80A,"₱12,500.00",N/A,https://www.lazada.com.ph/products/pdp-i4203546926.html
PowMr 6.5KW Hybrid Solar Inverter 500Vdc Supports 48V Lifepo4 Battery Can Parallel Up to 9 Unit Built in 120A MPPT Solar Charger Controller,"₱24,471.00",N/A,https://www.lazada.com.ph/products/pdp-i5224813713.html
6.2kw/8.2kw/10.2kw MPPT Hybrid Inverter Off Grid Hybrid Inverter 48Vdc Solar Inverter 230VAC 500VDC MPPT Pure Sine Wave Solar Inverter can Use Lithium Batteries,"₱18,500.00",N/A,https://www.lazada.com.ph/products/pdp-i4228511890.html
Hybrid Inverter 3KW/3.2KVA MPPT Solar Power Inverter 24V off Grid Inverter Pure Sine Wave Inverter Build In 80A MPPT Solar Charge Controller must connect Battery,"₱12,000.00",N/A,https://www.lazada.com.ph/products/pdp-i5228183692.html
"Scalable!( up to 48kw!)Terinedy 6Kw Hybrid Inverter 60V-450 Volts range with MPPT, including Wifi stick!","₱26,999.00",N/A,https://www.lazada.com.ph/products/pdp-i5342538802.html
PowMr 【Gift Water Pump】12KW 48V Hybrid Solar Inverter 500Vdc Built-in 150A MPPT Solar Charger Controller Supports Lifepo4 Battery Can Parallel Up to 9 Unit,"₱36,000.00",N/A,https://www.lazada.com.ph/products/pdp-i5099629727.html
PowMr 10.2KW 48V Hybrid Inverter Off Grid/On Grid Switchable Solar Inverter Built in 160A MPPT Solar Charger Controller Can Work Without Battery,"₱34,500.00",N/A,https://www.lazada.com.ph/products/pdp-i5185711839.html
"【Fast Shipping】PowMr 10.2kw On-grid/Off-grid Hybrid Inverter 48Vdc 230VAC PV Panel Input 500vdc Pure Sine Wave Solar Inverter Built in 160A MPPT Solar Charger Controller Can Work Without Battery Support Air Conditioner, Refrigerator, Water pump","₱37,500.00",N/A,https://www.lazada.com.ph/products/pdp-i3652012919.html
Hybrid Solar Inverter 10KW Hybrid Inverter 48V On Grid Off Grid Inverter with Dual AC Outputs and PV Inputs Can Work without Battery with WIFI Monitoring,"₱40,440.00",N/A,https://www.lazada.com.ph/products/pdp-i3904486432.html
Flowatt 6.5KW Solar Inverter 500Vdc Off-Grid Solar Hybrid Inverter Built in 120A MPPT Solar Charger Controller Supports 48V Lifepo4 Battery,"₱20,900.00",N/A,https://www.lazada.com.ph/products/pdp-i5099754860.html
Flowatt 11KW 48V Hybrid Inverter 500Vdc Built in 150A MPPT Solar Charger Controller Can Parallel Up to 9 Unit Pure Sine Wave Inverter Supports Lifepo4 Battery Battery-free Operation,"₱38,000.00",N/A,https://www.lazada.com.ph/products/pdp-i5108363670.html
8.2KW/10.2KW Hybrid Solar Inverter 48V Hybrid Inverter On and Off Grid Inverter Pure Sine Wave Dual AC Output and Dual PV Input WIFI Monitoring Can Work without Battery,"₱40,440.00",N/A,https://www.lazada.com.ph/products/pdp-i3498822369.html
BOSCA GA Hybrid Solar Inverter 6200W 48V | 8500W PV Support | 120A MPPT | Dual Load Output,"₱29,998.00",N/A,https://www.lazada.com.ph/products/pdp-i15443758733.html
PowMr 6.2kw Hybrid Inverter 48Vdc PV Input 500vdc Pure Sine Wave Solar Inverter 120A MPPT Solar Charger Controller Support Any Type Battery Or Can Work Without Battery RGB Light,"₱22,600.00",N/A,https://www.lazada.com.ph/products/pdp-i5036106528.html
"Nss 2 in 1 inverter 12v to 220v heavy duty set and solar charge controller, solar panel charger pure sine wave inverter hybrid solar inverter pure sinewave inverter car inverter","₱2,355.00",N/A,https://www.lazada.com.ph/products/pdp-i2989902402.html
HE | High Frequency Small Off-Grid Solar Power Inverter 3.2KW,"₱20,385.00",N/A,https://www.lazada.com.ph/products/pdp-i15405603322.html
YQEVB 6.2KW 4KW 48V 24V Hybrid Solar Inverter MPPT Pure Sine Wave Off Grid Inversor 230V Built-in 120A 100A Solar Charger PV 500V ADFBV,"₱29,892.74",N/A,https://www.lazada.com.ph/products/pdp-i4420318457.html
8kw S6-EH1P8K-L-PRO Solis Hybrid Inverter,"₱95,000.00",N/A,https://www.lazada.com.ph/products/pdp-i3889241266.html
PowMr 3KW/6KW 24V/48V MPPT Solar Hybrid Inverter Pure Sine Wave 230VAC Output Built-in 100A MPPT Charge Controller 65V PV Start Voltage for Off-Grid Solar Power System Home Backup,"₱23,500.00",N/A,https://www.lazada.com.ph/products/pdp-i15489230193.html
BUY1 TAKE1 Smart Weather Net Free 5M rope Japan Black Weather Net Water Proof Net Shade Outdoor BUY 1 TAKE 1 Smart Weather Net Water Proof Sunshade Outdoor Waterproof Multifunction Weather Net Net For Green House Gardening Anti Uv Sunshade Net Outdoor#ZYW,₱261.00,N/A,https://www.lazada.com.ph/products/pdp-i4766773797.html
[Local delivery] Solar Welding Mask Welding Goggles Auto Darkening Welding Glasses Eye Protection Welding Glass,₱189.00,N/A,https://www.lazada.com.ph/products/pdp-i4251544583.html
1KW 12V SNAT Wall Mounted Off Grid Inverter,"₱5,500.00",N/A,https://www.lazada.com.ph/products/pdp-i338772547.html
"Y&H 3200W Off-Grid Pure Sine Wave Inverter DC24V to AC230V, with 80A MPPT Solar Charger + AC Charger,Max PV 3000W DC55-450V Input,fit for 24V Lead-Acid/Lithium Battery","₱9,086.00",N/A,https://www.lazada.com.ph/products/pdp-i4596921707.html
"PowMr 1KW / 1.5KW Hybrid Solar Inverter 12V/24V Pure Sine Wave with 80A MPPT Charge Controller – Low Start Voltage 20V/30V, Off-Grid All-in-One Inverter","₱11,355.00",N/A,https://www.lazada.com.ph/products/pdp-i15472931765.html
Zamdon Toroidal Off-grid Inverter 24V3000W,"₱16,999.00",N/A,https://www.lazada.com.ph/products/pdp-i4065536662.html
Solar Power Inverter Pure Sine Wave inverter 12v to 220 220W 1000/500W Power Supply BT,₱289.00,N/A,https://www.lazada.com.ph/products/pdp-i15435367371.html
300W-500W Solar Inverter 12V DC TO 220VAC Household Inverter Power Supply With Charger Vehicle Inverter Solar Power Inverter,₱499.00,N/A,https://www.lazada.com.ph/products/pdp-i3331630164.html
Power Inverter DC 12V to AC 220V Fully automatic solar current conversion Modified Sine Wave Inverter High Frequency 220W/500W/1000W with 2.4A Dual USB Port as A Emergency Equipment for Car Travel Fishing Outdoor,₱295.00,N/A,https://www.lazada.com.ph/products/pdp-i4780925577.html
Inverter 6000W solar inverter 12V/24V to 220V home 50Hz power Inverter Power Converters inverter DC12V/24V TO AC 220V For Aircon/Car/Home/Equipment /Outdoor Travel,"₱2,678.00",N/A,https://www.lazada.com.ph/products/pdp-i3895098667.html
Inverter 6000W Inverter 12v/24v to 220v Heavy Duty Set Inverter Original Power Inverter LED Intelligent Digital Display Solar Inverter Inverter Adapter Solar Power Generation Car Inverter,"₱2,679.00",N/A,https://www.lazada.com.ph/products/pdp-i3895149258.html
Pure Sine Wave Power Inverter 1000W Solar Inverter 12V/24V to 220v Fully automatic solar current conversion Modified Inverter Car Inverter 2.4A Dual USB Port Charger Voltage Converter Adapter High Power Household Outdoor Travel Multifunctional Transformer,₱719.00,N/A,https://www.lazada.com.ph/products/pdp-i5034957736.html
Powmr 6KW Solar Inverter Water Pump Inverter 500Vdc Max Pv Input Cannot Connect Battery Integrated Ct Limiter Dual Pv Input Pure Sine Wave Inverter,"₱13,000.00",N/A,https://www.lazada.com.ph/products/pdp-i5183329003.html
XIWEITE | Solar Off-Grid MPPT Charger Inverter Integrated System,"₱19,908.70",N/A,https://www.lazada.com.ph/products/pdp-i15405406879.html
Peyto【60Hz】Solar Power Inverter Pure Sine Wave 1000W/1600W/2000W/2600W/3000W Converter DC12V / 24V to AC220V Electric Vehicle Car Home Appliance Travel Black New Power Inverter Adapter Premium Quality Aluminium Alloy Power Supply Automobile,"₱1,998.00",N/A,https://www.lazada.com.ph/products/pdp-i1900228517.html
"Solar Power Inverter 250W-500W Inverter Supply 12V DC to 230V AC Output Max Pure Sine Wave Household Inverter Power Supply With Charger, Household outdoor Vehicle Inverte",₱499.00,N/A,https://www.lazada.com.ph/products/pdp-i3198304145.html
New Pure Sine Wave Inverter 1000W 1600W 2000W Power Solar Car Inverters With LED Display DC 12V 24V To AC 220V Voltage Converter,"₱1,930.50",N/A,https://www.lazada.com.ph/products/pdp-i3018749429.html
Power Inverter DC 12V to AC 220V Fully automatic solar current conversion Modified Sine Wave Inverter High Frequency 220W/500W/1000W with 2.4A Dual USB Port as A Emergency Equipment for Car Travel Fishing Outdoor,₱295.00,N/A,https://www.lazada.com.ph/products/pdp-i5167476392.html
Solar Power Sine Wave Inverter，DC12V / 24V to AC220V Electric Vehicle Car Home Appliance Travel,₱769.00,N/A,https://www.lazada.com.ph/products/pdp-i5323441942.html
MPPT Solar Inverter Integrated Machine 24V 1.5KW with UPS Function Pure Sine Wave Automatic Switching (Optional WiFi),"₱7,400.00",N/A,https://www.lazada.com.ph/products/pdp-i4760234915.html
"Flowatt 6.2KW 48V Solar Inverter Built In 150A MPPT Solar Charger Controller 500VDC Pure Sine Wave Inverter Built, Durable Supporting Lifepo4 Battery","₱21,000.00",N/A,https://www.lazada.com.ph/products/pdp-i5341567798.html
Cross-border explosion of MPPT hybrid photovoltaic inverter with spot 5500W solar inverter inverse control integrated machine,"₱9,200.01",N/A,https://www.lazada.com.ph/products/pdp-i4848297024.html
1.6KW Solar Inverter 12V 80A Hybrid off-grid Inverter Pure Sine Wave Inverter Built-in Controller PV max. 400V DC to AC Converter,"₱11,500.00",N/A,https://www.lazada.com.ph/products/pdp-i3971067442.html
{UU61} 4.2KW/6.2KW MPPT off-grid Hybrid Inverter 24Vdc/48Vdc 230VAC PV Panel Input 500vdc Pure Sine Wave Solar Inverter Built-in 120A Solar Controller Hybrid Solar Inverter,"₱18,592.87",N/A,https://www.lazada.com.ph/products/pdp-i5141775175.html
{UU61} Hybrid Inverter 4.2KW 6.2KW MPPT Pure Sine Wave Hybrid Solar Inverter 24V 48V Off Grid Inverter 500VDC Power Inverter DC to AC Converter Optional WiFi,"₱20,502.87",N/A,https://www.lazada.com.ph/products/pdp-i5143590221.html
6.5KW/10.2KW/12KW MPPT Solar Inverter Off Grid Inverter 48V 500VDC MPPT Pure Sine Wave Inverter with 120A/160A Controller Hybrid Inverter DC to AC Converter,"₱44,000.00",N/A,https://www.lazada.com.ph/products/pdp-i15459352043.html
PowMr 3000W Hybrid Inverter DC 24V 220V AC With 80A MPPT Solar Charger Wide Voltage Off-Grid Inversor Max Solar Panel PV 450Vdc,"₱31,426.25",N/A,https://www.lazada.com.ph/products/pdp-i5201231199.html
Introoffer- Special Price!-Growatt MOD 15KTL3‑X Solar inverter(3-phase on-grid inverter) — 2 Mppt-including wifi Module,"₱59,000.00",N/A,https://www.lazada.com.ph/products/pdp-i5354570342.html
JNGE Low Frequency Pure Sine Wave Toroidal Inverter Hybrid Offgrid 12V 24V 1kW 220V/60Hz 50A MPPT Wall Mounted,"₱12,500.00",N/A,https://www.lazada.com.ph/products/pdp-i3264695614.html
10KW Hybrid Solar Inverter 48V Hybrid Inverter On Grid Off Grid Built in Dual MPPT Solar Charge Controller with RGB Light,"₱40,440.00",N/A,https://www.lazada.com.ph/products/pdp-i3720113884.html
Zamdon Toroidal Hybrid Off-grid Solar Inverter 48V6000W with 80A MPPT SCC,"₱41,999.00",N/A,https://www.lazada.com.ph/products/pdp-i4215716054.html
DongJin Power 6KW/6000W Grid Tie Solar Inverter support for high power solar panel IP65 Dustproof and Waterproof 5 Year warranty(WiFi module),"₱52,000.00",N/A,https://www.lazada.com.ph/products/pdp-i5242815706.html
Hybrid Solar Inverter 8.2KW/10.2KW 48V Hybrid Inverter Off Grid Inverter Dual MPPT Pure Sine Wave Dual AC Ouput and Dual PV Input with WIFI Monitoring,"₱40,440.00",N/A,https://www.lazada.com.ph/products/pdp-i3400914667.html
Lepmerk MPPT Charge Inverter Battery Cold Start Intelligent 4200W Solar Hybrid Inverter 140A 230V for Office Loads,"₱32,159.00",N/A,https://www.lazada.com.ph/products/pdp-i15427831828.html
5KW 6KW 7.6KW 8KW Solar Power on off Grid Hybrid Inverter,"₱406,082.16",N/A,https://www.lazada.com.ph/products/pdp-i4818381750.html
GOODWE 6000 WATTS Hybrid Inverter ES G2 Series Solar Inverter,"₱63,900.00",N/A,https://www.lazada.com.ph/products/pdp-i4150033869.html
【New arrivals】DEMUDA 13.2KW Solar Inverter 48V Solar Hybrid Inverter 220V/60HZ Pure Sine Wave Off Grid Inverter for Solar System FCC,"₱46,900.00",N/A,https://www.lazada.com.ph/products/pdp-i5281928617.html
"YH 3000W Solar Hybrid Inverter 24V AC230V Off-Grid Pure Sine Wave Inversor 80A MPPT Solar Charger,PV 30-400V In Support WIFI","₱45,574.22",N/A,https://www.lazada.com.ph/products/pdp-i4925015851.html
EPEVER Kirin Pro Series Hybrid 3.5kW 24V 110A 3.0kW 48V 50A  5.5kW 48V 100A All-in-one solar charger inverter MPPT 220V/230VAC 60Hz Single Phase,"₱46,900.00",N/A,https://www.lazada.com.ph/products/pdp-i5126256401.html
1KW 24V SNAT Wall Mounted Off Grid Inverter adjustable lvd and hvd,"₱5,500.00",N/A,https://www.lazada.com.ph/products/pdp-i427206224.html
3000W 24V Snat Pure Sine Wave Inverter Toroidal Offgrid Solar Inverter,"₱15,000.00",N/A,https://www.lazada.com.ph/products/pdp-i580646258.html
PureSine Wave Inverter 3.6KW Hybrid Solar Mppt Inverter24V/48V DC Solar Charger Controller 100A/80A Support BMS 220V Output Charging Controller Hybrid Solar Inverter Supports Parallel Connection Bms Three-Phase,"₱16,696.40",N/A,https://www.lazada.com.ph/products/pdp-i15467544580.html
Risin MC4 IP67 Waterproof 30A DC 1000V -1500v 4mm2 6mm2 Solar Cable Connector for Solar Pv System,₱59.00,N/A,https://www.lazada.com.ph/products/pdp-i5113643893.html
PowMr MPPT Solar Inverter WiFi Module Wireless Device With RS232 Port Remote Monitoring Solution For PowMr Hybrid Inverter,"₱1,823.00",N/A,https://www.lazada.com.ph/products/pdp-i1881375981.html
【In stock】Double Glass 600/620Watts Solar Panel Monocrystalline Solar Panels A+ Glass Heavy Duty Generate 3.8kwh Per Day,"₱3,799.00",N/A,https://www.lazada.com.ph/products/pdp-i5130483707.html
◎TZT MALL◎2pcs Original 40N60NPFD TO-3P 40N60 40A/600V IGBT Transistor for Inverter Welding Machine Brand New SGT40N60NPFDPN TO3P,₱378.92,N/A,https://www.lazada.com.ph/products/pdp-i4155799249.html
Honda gasoline saw 20 22 24 inches 58CC/72CC 9.9KW Portable High Power saw Hardware tools for logging only,"₱2,886.00",N/A,https://www.lazada.com.ph/products/pdp-i3926271662.html
【2024】WiFi Module Wireless Device With RS485 /RS232 Port Remote Monitoring For Off Grid Hybrid Solar Power Inverter 4.2KW 6.2KW 10.2KW,"₱3,800.00",N/A,https://www.lazada.com.ph/products/pdp-i4611213969.html
PowMr WiFi Module Wireless Device Warranty Service With RS232 Remote Monitoring Solution For Off Grid Hybrid Solar Power Inverter WIFI Port Wifi-VM,"₱1,823.00",N/A,https://www.lazada.com.ph/products/pdp-i2361949395.html
DEWALT MMA-400A inverter welding machine IGBT Inverter DC ARC Welding Machines,"₱1,998.00",N/A,https://www.lazada.com.ph/products/pdp-i4522691898.html
"150W,200W Balcony Power Plant Solar Mini Grid Tie Micro Inverter 12-30V DC Input, AC Output 180~265VAC, MPPT 99%,IP45, DIY","₱2,145.00",N/A,https://www.lazada.com.ph/products/pdp-i15443722099.html
Authentic SNAT Solar inverter SNAT 1KW 12V /24 V Wall Mounted Off Grid Inverter barattilla solar inverter only not setup,"₱9,988.00",N/A,https://www.lazada.com.ph/products/pdp-i4639929367.html
Spark brand-new high-power 540W single crystal solar panel photovoltaic panel household grid-connected panel assembly,"₱5,090.80",N/A,https://www.lazada.com.ph/products/pdp-i4789153999.html
22/24 Inch HONDA 100% Original Chainsaw 5500W 68cc Portable Gasoline Chain Saw Outdoor Tool First Choice,"₱3,331.00",N/A,https://www.lazada.com.ph/products/pdp-i5043075697.html
Solis 1KW On Grid solar inverter with Limiter and WIFI,"₱13,440.00",N/A,https://www.lazada.com.ph/products/pdp-i1144203000.html
Mini 20/22/24 Inch Gasoline Chainsaw | Original Steel Blade Portable Power Saw (070),"₱3,331.00",N/A,https://www.lazada.com.ph/products/pdp-i5118804571.html
"MPPT Micro Grid-Tie Inverter 200W 150W 100W Balcony Solar System DC12-30V PV/12V-24V Battery Input, AC180-265V Output DC to AC","₱2,393.00",N/A,https://www.lazada.com.ph/products/pdp-i5304523464.html
"Y&H 2200W Off-Grid Pure Sine Wave Inverter DC12V to AC230V, with 80A MPPT Solar Charger + AC Charger,Max PV 2000W DC55-450V Input,fit for 12V Lead-Acid/Lithium Battery","₱8,086.00",N/A,https://www.lazada.com.ph/products/pdp-i4596981589.html
Toroidal Solar Inverter 48V6000W One Toroid Solar Inverter like Snadi,"₱26,000.00",N/A,https://www.lazada.com.ph/products/pdp-i857058703.html
COD Local Stock Solar pure sine wave 1000W/1600W/2000W3000W/4000W converter DC12V/24V to AC220V electric vehicle household appliances black new power inverter aluminum alloy,"₱1,885.00",N/A,https://www.lazada.com.ph/products/pdp-i4810474979.html
"Y&H 1000W Off-Grid Pure Sine Wave Inverter DC12V to AC230V, with 40A MPPT Solar Charger Max PV 600W DC150V Input,fit for 12V Lead-Acid/Lithium Battery","₱5,786.00",N/A,https://www.lazada.com.ph/products/pdp-i4596835980.html
MPPT Solar Inverter 6KW/10KW Solar Inverter off grid Inverter can be Connected to Low-power Water Pump Without Battery Connection with CT anti backflow function,"₱11,500.00",N/A,https://www.lazada.com.ph/products/pdp-i5165744280.html
"3M PER Roll 45.7 Floor Sanding Or Sand Paper Abrasive Grit 36, 60, 80 , 100","₱4,080.00",N/A,https://www.lazada.com.ph/products/pdp-i4244145447.html
Solar Africa Power Inverter 300W 500W Solar Inverter 12V DC TO 220VAC Household Inverter Power Supply With Charger Vehicle Inverter Charger Power Converter Solar Voltage Regulator Battery Charger,₱650.00,N/A,https://www.lazada.com.ph/products/pdp-i4460388256.html
Solar Power Inverter 300w 500W Household Inverter 12V DC TO 220V AC With Charger Car Power Inverter,₱410.00,N/A,https://www.lazada.com.ph/products/pdp-i15427585111.html
MPPT 500W 600W 700W Micro solar grid tie inverter mppt solar Smart microinverter DC 18-50V AC 120V 240V Limiter Sensor home appliance Inverter,"₱5,231.67",N/A,https://www.lazada.com.ph/products/pdp-i5339570717.html
Solar Power Inverter Pure Sine Wave 1000W/1600W/2000W/2600W/3000W Converter DC12V / 24V to AC220V,₱630.00,N/A,https://www.lazada.com.ph/products/pdp-i15422899150.html
Deye 1.5HP Hybrid AC/DC Solar Air Conditioner,"₱45,000.00",N/A,https://www.lazada.com.ph/products/pdp-i4753106467.html
Solar power inverter pure sine 2000W/4000W converter DC12V / 24V to AC220V power inverter,₱978.00,N/A,https://www.lazada.com.ph/products/pdp-i5317650671.html
Sine Wave Inverter Solar Inverter 12V/24V to 220v/220W 500W 1000W Power Inverter Car Inverter LCD Intelligent Digital Display High Power Household Outdoor Travel Multifunctional Transformer with 2.4A Dual USB Port,₱579.00,N/A,https://www.lazada.com.ph/products/pdp-i4853049382.html
8000W Pure Sine Wave Inverter 12V 24V DC to 220V AC High Power Heavy Duty Power Inverter for Home Solar System Off Grid Energy Storage Industrial Equipment Factory Workshop Farm Use,"₱1,488.00",N/A,https://www.lazada.com.ph/products/pdp-i15451112909.html
Solar Inverter 150w 250w 300w 500W Solar Power Supply Inverter 12V DC/230V AC Output Max Inverter,₱499.00,N/A,https://www.lazada.com.ph/products/pdp-i3198023819.html
Solar Inverter 300w Solar Power Supply Inverter DC 12V TO AC 230V Output Max Inverter,₱396.00,N/A,https://www.lazada.com.ph/products/pdp-i1302774883.html
Peyto【Katugma sa 12V & 24V】60Hz Solar Power Inverter Smart DC12V&24V to AC220V car high-power converter voltage converter International universal interface 2 x USB charger LED display emergency transformer solar car battery booster,"₱1,098.00",N/A,https://www.lazada.com.ph/products/pdp-i4158349238.html
Power Inverter 4000W 6000W 10000W Original Inverter Solar DC 12V/24V to 110V/220V LDE Display USB Interface Car Inverter High-Power Household Inverter,₱899.00,N/A,https://www.lazada.com.ph/products/pdp-i4573672267.html
12000W Power Inverter DC 12V to AC 220V Fully automatic solar current conversion Modified Sine Wave Inverter High Frequency with 2.4A USB Port as A Emergency Equipment for Car Travel Fishing Outdoor,₱708.08,N/A,https://www.lazada.com.ph/products/pdp-i4554785102.html
Fast Delivery️ 26000W Pure Sine Wave Inverter High-Power Car Inverter Solar Inverter DC 12V/24V to AC 220V LED Intelligent Digital Display Voltage Converter Household Outdoor Travel Multifunctional Transformer,"₱1,899.00",N/A,https://www.lazada.com.ph/products/pdp-i3765638280.html
250W-500W Solar Inverter 12V DC TO 220VAC Inverter Power Supply With Charger Vehicle Inverter Solar Power Inverter,₱499.00,N/A,https://www.lazada.com.ph/products/pdp-i4909690245.html
Solar Inverter Snadi Solar Inverter Toroidal Wall Mounted 12V1000W Snat Inverter,"₱29,500.00",N/A,https://www.lazada.com.ph/products/pdp-i1543228099.html
PowMr MPPT 3.2KW Pure Sine Wave Solar Hybrid Inverter 24V Off Grid Built-in 80A Solar Controller PV 30-400VOC for LiFePO4 Battery,₱5.00,N/A,https://www.lazada.com.ph/products/pdp-i15491803031.html
Aoyang High-Quality MPPT Solar Charge Controller 10A/20A/30A/40A/50A/60A 12V/24V with LCD Display & Optional WIFI for 100V Maximum Solar System,"₱1,300.00",N/A,https://www.lazada.com.ph/products/pdp-i4565131123.html
"(BUY 1 TAKE 1)Extension cable socket long plug-in 0.5M/5M/10M/20M/30M /40M electric vehicle charging extention wire with socket,1.5M/1.8M extension cord socket#CP",₱119.00,N/A,https://www.lazada.com.ph/products/pdp-i4469088341.html
3000W Power Inverter DC Modified Sine Wave Solar Converter DC 12V To AC 220V with 2 USB Fast Charger,₱295.00,N/A,https://www.lazada.com.ph/products/pdp-i5278475885.html
Power Inverter Solar Power Inverter 12v to 220v 7000 watts 20000 watts Car Volt Converter Original With Buzzer USB Charger For Home Use,"₱1,099.00",N/A,https://www.lazada.com.ph/products/pdp-i4809737349.html
Power Inverter DC 12V To AC 220V Fully Automatic Solar Current Conversion Modified Sine Wave Inverter High Frequency 220W with 2.4A Dual USB Port As A Emergency Equipment for Car Travel Fishing Outdoor【Fast Ship】,₱275.50,N/A,https://www.lazada.com.ph/products/pdp-i5403445104.html
Solar Power Inverter 300w 500W Household Inverter 12V DC TO 220V AC With Charger Car Power Inverter,₱499.00,N/A,https://www.lazada.com.ph/products/pdp-i3984389649.html
SNAT 1KW 12V/24V Wall Mounted Off-Grid Inverter Pure Sine Wave 1000W | Toroidal Transformer | Solar Power Backup | Fast Switching UPS,"₱11,877.00",N/A,https://www.lazada.com.ph/products/pdp-i15463475390.html
"SOLAR Power Inverter 250W-300W-500W 12V DC TO 220V AC Household Inverter Power Supply With Charger, Vehicle Inverter",₱499.00,N/A,https://www.lazada.com.ph/products/pdp-i3872451104.html
High-Efficiency Micro Inverter for Solar PV Grid Tie System MPPT 300W 350W 600W 700W DC26V-46V Solar Input AC110V-240V Output,"₱2,937.00",N/A,https://www.lazada.com.ph/products/pdp-i3940001366.html
"Solar Power Inverter 250W 300W 500W Car Power Inverter 12V DC to 220V AC Modified Sine Wave Household Inverter Power Supply With Charger, Household appliances outdoor travel multifunction Transformer Vehicle Inverter",₱499.00,N/A,https://www.lazada.com.ph/products/pdp-i3217994933.html
【Upgrade Pure Sine Wave】Solar Power Inverter pure Sine Wave Inverter 12v to 220v 4000-6000W Peak Power Sine Wave Inverter High Frequency with Dual USB Port Display Car Power Charger,₱999.00,N/A,https://www.lazada.com.ph/products/pdp-i3210801920.html
Power Inverter DC 12V To AC 220V Fully Automatic Solar Current Conversion Modified Sine Wave Inverter High Frequency 220W with 2.4A Dual USB Port As A Emergency Equipment for Car Travel Fishing Outdoor,₱769.00,N/A,https://www.lazada.com.ph/products/pdp-i15458938474.html
"60HZ off-grid portable pure sine wave inverter, DC 12V, 24V, 48V to AC 220V, 5000W, 6000W, 8000W inverter solar car inverter transformer","₱5,488.00",N/A,https://www.lazada.com.ph/products/pdp-i5171538786.html
12000W Power Inverter DC 12V to AC 220V Modified Sine Wave Solar High Frequency Power Inverter USB Fast Charger Car Power Inverter For Vehicle/Home Appliance/Outdoor Travel Use Adapter Outdoor Emergency Equipment,₱708.08,N/A,https://www.lazada.com.ph/products/pdp-i4427767968.html
Anern 6KW/10KW Solar Inverter for Motor Pump Inverter Off Grid with Dual MPPT Anti-reflux Inverter,"₱12,190.00",N/A,https://www.lazada.com.ph/products/pdp-i5141267741.html
（COD）1000W/3000W Pure Sine Wave Inverter High Power Car Inverter Solar Inverter DC 12V/24V To AC 220V Converter Home Outdoor Travel Multi-function Transformer,₱819.00,N/A,https://www.lazada.com.ph/products/pdp-i15449080984.html
"60Hz Pure sine wave inverter 1000W 3000W 12V/24V Solar Power Inverter DC12V / 24V to AC220V Electric vehicle home appliance travel power inverter adapter,car power supply","₱2,588.00",N/A,https://www.lazada.com.ph/products/pdp-i5351180525.html
Solar Power Inverter Pure Sine Wave 1000W Inverter DC12V / 24V To AC220V Electric Vehicle Car Household Appliances Travel Solar Power Inverter,₱819.00,N/A,https://www.lazada.com.ph/products/pdp-i5166714272.html
12000W Power Inverter DC 12V to AC 220V Fully automatic solar current conversion Modified Sine Wave Inverter High Frequency with USB Port as A Emergency Equipment for Car Travel Fishing Outdoor,₱828.00,N/A,https://www.lazada.com.ph/products/pdp-i4483938487.html
DOKIO Solar Power Generation System Dual USB Solar Panel 4000W Power Inverter 12v to 220 with LED Battery Display 100A Solar Charge Controller home appliances,"₱4,488.00",N/A,https://www.lazada.com.ph/products/pdp-i3217610378.html
500W Solar Inverter Charger 12V to 220V Home Inverter Vehicle Power Inverter,₱499.00,N/A,https://www.lazada.com.ph/products/pdp-i3745282206.html
💖Pure Sine Wave Inverter💖20000W Power inverter Solar Inverter Car Inverter DC 12V24V to AC 220V USB Socket LCD Inligent Digital Display Voltage Converter Adapter High Power Household Outdoor Travel Multifunctional Transformer,"₱2,695.00",N/A,https://www.lazada.com.ph/products/pdp-i3795985824.html
Solar Africa Power Inverter 300W 500W Solar Inverter 12V DC TO 220VAC Household Inverter Power Supply With Charger Vehicle Inverter Charger Power Converter Solar Voltage Regulator Battery Charger,₱738.00,N/A,https://www.lazada.com.ph/products/pdp-i4984908618.html
solar power inverter pure sine wave converter dc12v / 24v to ac220v,₱700.00,N/A,https://www.lazada.com.ph/products/pdp-i5281611024.html
⚡️Fast delivery✈️26000W Pure Sine Wave Inverter Solar Inverter Car Inverter DC 12V24V to AC 220V Power Inverter LCD Inligent Digital Display USB Interface Voltage Converter Adapter High Power Household Outdoor Travel Multifunctional Transformer,"₱2,495.00",N/A,https://www.lazada.com.ph/products/pdp-i4099403088.html
Single Digital Display Inverter Solar Power Inverter12000/6000W/4000W Power Supply For Outdoor TravelInverter Adapter DC Modified Sine Wave Household CarSolar Converter with Dual USB Port Display Screen,"₱1,165.00",N/A,https://www.lazada.com.ph/products/pdp-i15452056013.html
Solar Power Inverter 9000W/5000W/3000W Home Power Inverter Solar Converter DC12V to AC220V DC to Ac Car Inverter 9000W Power Converters,"₱1,148.08",N/A,https://www.lazada.com.ph/products/pdp-i4899450276.html
"Peyto【60Hz】Solar Power Inverter Pure Sine Wave Converter DC12V / 24V / 48V / 60V to AC220V Electric Vehicle Car Home Appliance Travel outdoor use, For aircon, water pump, refrigerator, washing machine, rice cooker, microwave oven,electric drill","₱6,880.00",N/A,https://www.lazada.com.ph/products/pdp-i2242051847.html
Y&H Inverter 1000W Grid Tie Inverter Power Limiter LCD Display DC26-45V Solar Input AC230V Pure Sine Wave Output for 24V 36V Solar Panel/24V Battery,"₱8,086.00",N/A,https://www.lazada.com.ph/products/pdp-i4622018428.html
Nss 3 in 1 solar complete package set with 12V solar battery and solar controller charger and inverter 12v to 220v heavy duty set pure sine wave inverter hybrid solar inverter rechargabel battery 100% original,"₱10,735.00",N/A,https://www.lazada.com.ph/products/pdp-i3007128054.html
Solar Power Inverter 250W-500W SOLAR AFRICA Household Inverter Power Supply With Charger 12V DC TO 220V Spydoo,₱479.00,N/A,https://www.lazada.com.ph/products/pdp-i3676668021.html
Solar Power Inverter 250w 300w 500W Car Power Supply Inverter 12V DC/220V AC Output Max SOLAR AFRICA Inverter,₱499.00,N/A,https://www.lazada.com.ph/products/pdp-i3962749014.html
Fast Delivery️ 30000W Pure Sine Wave Inverter High-Power Car Inverter Solar Inverter DC 12V/24V to AC 220V LED Intelligent Digital Display Voltage Converter Household Outdoor Travel Multifunctional Transformer,"₱2,528.00",N/A,https://www.lazada.com.ph/products/pdp-i3983280869.html
"Solar inverters Charger 12V DC TO 220VAC 200-500W Household Inverter Power Supply With Charger, Vehicle Inverter",₱449.00,N/A,https://www.lazada.com.ph/products/pdp-i3206631367.html
SNADI Solar Pure Sine Wave Toroidal Inverter 12V 24V 1kW Adjustable LVD/HVR & Parameter Modification Desk Type,"₱9,500.00",N/A,https://www.lazada.com.ph/products/pdp-i728232077.html
BOSCATECH TBE Modified Solar Power Inverter 300w,"₱1,050.00",N/A,https://www.lazada.com.ph/products/pdp-i615670224.html
MPPT Solar Inverter Integrated Machine 12V 1000W with UPS Function Pure Sine Wave Automatic Switching (Optional WiFi),"₱6,400.00",N/A,https://www.lazada.com.ph/products/pdp-i4763534300.html
Y&H 1400W Grid Tie Inverter Stackable MPPT Pure Sine Wave DC20-45V Solar Input AC190-260V Power Output fit for 30V 36V PV Panel,"₱4,886.00",N/A,https://www.lazada.com.ph/products/pdp-i1806467435.html
8KW Hybrid Solar Inverter On/Off Solar System,"₱407,027.82",N/A,https://www.lazada.com.ph/products/pdp-i4657831261.html
New original 100PCS 50pcs do-35 1N4148 IN4148 High-speed switching diodes for welding,₱92.00,N/A,https://www.lazada.com.ph/products/pdp-i3483133003.html
KOMAX MAKIT A 2 in 1 pakage Grinder With Drill Set (With hard case),"₱1,299.00",N/A,https://www.lazada.com.ph/products/pdp-i1539860324.html
[15-year warranty] Solar panel 150/300/500w original 0 electricity bill High efficiency Suitable for all electrical appliances Household solar panels High conversion rate monocrystalline solar panel Waterproof solar panels Solar panel Complete set,₱739.00,N/A,https://www.lazada.com.ph/products/pdp-i15409500495.html
Solar Inverter Home Off-grid System Energy Storage 6KW Guruiwatt Inverter SPF6000ES PLUS,"₱9,850.62",N/A,https://www.lazada.com.ph/products/pdp-i5071095575.html
MPPT 300W 350W 500W 600W 700W Solar grid tie inverter PV Modular Smart micro Limiter inverter system DC to AC Output 120V/230V,"₱3,876.00",N/A,https://www.lazada.com.ph/products/pdp-i4997671198.html
Zamdon Toroidal 3000W Off Grid Solar Inverter – 24V Pure Sine Wave Zamdon 3000W Toroidal Off Grid Solar Inverter is a high-performance pure sine wave inverter designed for 24V solar battery systems,"₱29,888.00",N/A,https://www.lazada.com.ph/products/pdp-i5089099544.html
Y&H 600W Solar Grid Tie Micro Inverter Waterproof IP65 MPPT DC28-50V PV Input AC180-260V Output for 30V 36V Solar Panel,"₱4,486.00",N/A,https://www.lazada.com.ph/products/pdp-i2584823283.html
"Peyto【60Hz】Solar Power Inverter Pure Sine Wave Converter DC12V / 24V / 48V / 60V to AC220V Electric Vehicle Car Home Appliance Travel outdoor use, For aircon, water pump, refrigerator, washing machine, rice cooker, microwave oven,electric drill","₱6,245.62",N/A,https://www.lazada.com.ph/products/pdp-i4444711934.html
⚡Fast delivery✈25000W Pure Sine Wave Inverter Car Inverter Solar Inverter 12V to 220 heavy duty Power Inverter LCD Inligent Digital Display USB Port Voltage Converter Adapter aircon inverter High Power Household Outdoor Travel Transformer,"₱2,495.00",N/A,https://www.lazada.com.ph/products/pdp-i4535559761.html
BOSCA Pure Sine Wave 1.2KW / 2.4KW / 3KW / 4KW / 5KW / 6KW / 8KW Solar Power Inverter DC 12V/24/48V To AC 220V,"₱19,750.00",N/A,https://www.lazada.com.ph/products/pdp-i3355265752.html
Powmr 6KW Solar Inverter Water Pump Inverter 500Vdc Max Pv Input Cannot Connect Battery Integrated Ct Limiter Dual Pv Input Pure Sine Wave Inverter,"₱13,000.00",N/A,https://www.lazada.com.ph/products/pdp-i5183259662.html
5000W-8000W Solar Pure Sine Wave Inverter 12V to 220V,"₱1,488.00",N/A,https://www.lazada.com.ph/products/pdp-i15448253308.html
⚡️Fast Delivery✈️25000W Pure Sine Wave Inverter Solar Inverter Car Inverter DC 12V24V48V60V to AC 220V Power inverter USB Socket LCD Inligent Digital Display Voltage Converter Adapter High Power Household Outdoor Travel Multifunctional Transformer,"₱2,495.00",N/A,https://www.lazada.com.ph/products/pdp-i3799330237.html
"Y&H 2000W Grid Tie Inverter with Limiter Sensor MPPT Stackable DC45-90V Solar Input AC190V-260V Output,Battery Discharge Power Mode","₱14,586.00",N/A,https://www.lazada.com.ph/products/pdp-i1004434955.html
Y&H 1400W Grid Tie Inverter Stackable MPPT Pure Sine Wave DC10.8-30V Solar Input AC190-260V Power Output fit for 12V PV Panel,"₱4,886.00",N/A,https://www.lazada.com.ph/products/pdp-i1806474488.html
PowMr 1.5KW 24V All in one Solar Inverter 230Vac PV Start Voltage 30Voc Built In 80A MPPT Solar Charge Controller 50/60Hz Auto Battery Charger,"₱7,383.00",N/A,https://www.lazada.com.ph/products/pdp-i4433580516.html
Y&H 300W、600W、700W、1200W Grid Tie Micro Inverter with WIFI Communication Waterproof MPPT Stackable DC30-60V Solar Input AC220V Pure Sine Wave Output for 30V 36V PV Panel,"₱10,086.00",N/A,https://www.lazada.com.ph/products/pdp-i3167735989.html
ECOFLOW Micro Inverter 800W Intelligent Solar Inverter WLAN for Balcony Power Plant PV Inverter for 2 Solar Panels/IP67/App/MPPT EFPowerStreamMI-600W,"₱23,895.00",N/A,https://www.lazada.com.ph/products/pdp-i15448837644.html
Solar Off-Grid Inverter for PV System Charger 220V,"₱1,316.59",N/A,https://www.lazada.com.ph/products/pdp-i15406610798.html
Solar Africa Power Inverter 300W 500W Solar Inverter 12V DC TO 220VAC Household Inverter Power,"₱1,087.40",N/A,https://www.lazada.com.ph/products/pdp-i5122699023.html
"Solar Inverter 300W-500W 12V DC TO 220VAC Household Inverter Power Supply With Charger, Vehicle Inverter",₱650.00,N/A,https://www.lazada.com.ph/products/pdp-i4647394518.html
Broadway Inverter 1500watts Solar Power Inverter DC12v to AC230V,"₱1,799.00",N/A,https://www.lazada.com.ph/products/pdp-i1450756064.html
12000W Solar Power Inverter Pure Sine Wave DC 12V to AC 220V/110V Converter Car Power Charger Inverter Solar Converter with Dual USB Port Display Screen Inverter High Frequency,₱829.00,N/A,https://www.lazada.com.ph/products/pdp-i5224714386.html
High Quality Broadway Inverter 500watts Solar Power Inverter DC12v to AC230V,₱999.00,N/A,https://www.lazada.com.ph/products/pdp-i3536340708.html
Y&H 1000W Inverter MPPT Pure Sine Wave Grid Tie Inverter Stackable DC30-45V Solar Input AC190-260V Output For 24V 30V 36V PV Panel,"₱4,286.00",N/A,https://www.lazada.com.ph/products/pdp-i4663896546.html
BOSCA Solar Power Inverter 2000W,"₱2,572.00",N/A,https://www.lazada.com.ph/products/pdp-i15455655467.html
HYCKUPS | Anti-reverse Hybrid Off-grid Inverter 6.5kw,"₱21,636.00",N/A,https://www.lazada.com.ph/products/pdp-i15458120158.html
Y&H 1000W Inverter Stackable MPPT Pure Sine Wave Grid Tie Inverter DC10.8V-32V Solar Input AC170-260V Output For 12V Solar Panel,"₱4,286.00",N/A,https://www.lazada.com.ph/products/pdp-i4663957366.html
Y&H 600W Solar Grid Tie Inverter MPPT Pure Sine Wave Inverter DC30V-55V to AC190-260V For 24V/30V/36V Solar Panel/Wind System,"₱4,222.00",N/A,https://www.lazada.com.ph/products/pdp-i7690711.html
Carstorm 300W/500W Solar Inverter Solar Power Supply Inverter With Charger 12V DC TO 220VAC Household Inverter,₱499.00,N/A,https://www.lazada.com.ph/products/pdp-i3750068580.html
300/500W Household Inverter Solar Power Supply Inverter With Charger 12V DC TO 220VAC Solar Inverter,"₱1,299.00",N/A,https://www.lazada.com.ph/products/pdp-i5056261588.html
BOSCA Solar Power Inverter 1500W 2000W 3000W DC12V To AC 220-230Vwith LED Display Modified Inverter,"₱2,199.00",N/A,https://www.lazada.com.ph/products/pdp-i5090134426.html
Y&H Inverter 1300W Stackable MPPT Pure Sine Wave Grid Tie Inverter DC10.8-30V Solar Input AC190-260V Power Output fit for 12V PV Panel,"₱4,486.00",N/A,https://www.lazada.com.ph/products/pdp-i4665308791.html
Y&H 1000W Grid Tie Inverter DC16V-28V to AC190-260V /MPPT Stackable Pure Sine Wave Inverter Solar Power Inverter Fit for 12V Solar Panel or Wind System,"₱4,586.00",N/A,https://www.lazada.com.ph/products/pdp-i134275421.html
"Solar Power Inverter 300W-500W Inverter Supply 12V DC to 230V AC Output Max Pure Sine Wave Household Inverter Power Supply With Charger, Household outdoor Vehicle Inverte",₱727.00,N/A,https://www.lazada.com.ph/products/pdp-i4984868561.html
Felicity Solar 6kW 48V Off Grid Inverter. Can work without Battery. 3 years warranty.,"₱39,000.00",N/A,https://www.lazada.com.ph/products/pdp-i3611679704.html
Y&H Inverter 1400W Stackable MPPT Pure Sine Wave Grid Tie Inverter DC20-45V Solar Input AC190-260V Power Output fit for 30V 36V PV Panel,"₱5,186.00",N/A,https://www.lazada.com.ph/products/pdp-i4665424801.html
PowMr6W/10W/20W/40W/50W/60W/80W/100W/120W/150W/200W/300W Flexible Solar Panel Monocrystalline Solar Cell DIY Cable Outdoor Car RV Waterproof Rechargeable Power System,"₱4,658.00",N/A,https://www.lazada.com.ph/products/pdp-i4484665160.html
Zamdon Off-grid Solar Inverter 48V8KW include AC input/output MCB,"₱52,000.00",N/A,https://www.lazada.com.ph/products/pdp-i4943270572.html
Hybrid Solar Inverter 48Vdc 10.2kw Hybrid Inverter On Grid/Off Grid PV Panel Input 500vdc Pure Sine Wave Solar Inverter Built in 160A Solar Controller,"₱40,440.00",N/A,https://www.lazada.com.ph/products/pdp-i4031591196.html
5000W 6000W 8000W Pure Sine Wave Inverter DC 12V 24V To AC 220V Off Grid Inverter Portable Converter Solar Car Inverter Transformer,"₱5,488.00",N/A,https://www.lazada.com.ph/products/pdp-i4899535197.html
JUMBO trapal waterproof makapal Large size 19x26FT maruyama trapal original heavy duty waterproof tarp Anti-aging,₱99.00,N/A,https://www.lazada.com.ph/products/pdp-i4039387213.html
Flowatt 4.2K/6.2K/10.2k WiFi Module Wireless Device With RS232 Port Remote Monitoring For Hybrid Solar Power Inverter,"₱1,700.00",N/A,https://www.lazada.com.ph/products/pdp-i4430657885.html
Flowatt WiFi Module Wireless Device Warranty Service With RS232 Remote Monitoring Solution For Off Grid Hybrid Solar Power Inverter WIFI Port,"₱1,699.00",N/A,https://www.lazada.com.ph/products/pdp-i4994321724.html
"Solar aparato 1KW 24v Zamdon inverter, 1KW 12v snat inverter","₱23,499.00",N/A,https://www.lazada.com.ph/products/pdp-i5344152693.html
pure sine wave inverter 60Hz solar converter DC12V/24V to AC 220V electric household appliances Car Power Supply For Outdoor Travel Inverter Adapter high-quality aluminum alloy power supply,"₱1,868.00",N/A,https://www.lazada.com.ph/products/pdp-i5106631130.html
"One Solar 12V 1200W Pure Sine Wave Inverter with MPPT Charger One Solar – available in 12V 1200W, 24V 3000W, and 48V 6000W","₱17,888.00",N/A,https://www.lazada.com.ph/products/pdp-i5087518577.html
⚡️Fast Delivery✈️20000W Pure Sine Wave Inverter Solar Inverter Power inverter DC 12V24V to AC 220V Car inverter LED Inligent Digital Display USB interface Voltage Converter Adapter Home outdoor travel multifunctional Transformer,"₱2,495.00",N/A,https://www.lazada.com.ph/products/pdp-i3800600417.html
Solar Inverter 600w and 1200w 12v to 220v 60hz,"₱1,100.00",N/A,https://www.lazada.com.ph/products/pdp-i3024481722.html
JaiDee Inverter 8000w Power Solar Inverter for home Inverter Pure sine wave 12v to 220v Car Inverter,"₱1,488.00",N/A,https://www.lazada.com.ph/products/pdp-i15452026115.html
Household Solar Inverter 500W Pure Sine Wave Solar Power Supply Inverter 12V DC/220V AC Output Max,"₱1,227.70",N/A,https://www.lazada.com.ph/products/pdp-i5122468912.html
Snat solar Toroidal inverter pure sine wave power inverter 3000W 12V Toroidal Offgrid one Solar Inverter for solar panel,"₱20,040.00",N/A,https://www.lazada.com.ph/products/pdp-i4494634374.html
Zumax Pure Sine Wave 3.6KVA 6.6KVA Solar Inverter and Control Integrated Machine Mppt 500V Input,"₱15,500.00",N/A,https://www.lazada.com.ph/products/pdp-i4819531805.html
8000W Inverter DC 12V To AC 220V Modified Sine Wave Household Solar Converter,"₱1,488.00",N/A,https://www.lazada.com.ph/products/pdp-i15447946912.html
TaoZhong Solar Grid Tie Inverter 1500W/2000W Power Limiter LCD Display DC24-55V/55V-90V Solar Input AC230V Pure Sine Wave Output RS485 Power Zero Export,"₱9,586.00",N/A,https://www.lazada.com.ph/products/pdp-i5367073517.html
PowMr 1KW/1.6KW 12V All in one inverter 230Vac Built In 80A MPPT Solar Charge Controller 50/60Hz Auto Battery Charger,"₱7,200.00",N/A,https://www.lazada.com.ph/products/pdp-i4420694712.html
Off-Grid Solar Inverter with MPPT and Grid Complement,"₱19,930.26",N/A,https://www.lazada.com.ph/products/pdp-i15405524388.html
12000W/60Hz Solar System Power Inverter DC 12V to AC 220V 20W Solar Panel and 10A/20A/30A Controller ..,"₱2,011.20",N/A,https://www.lazada.com.ph/products/pdp-i4987078084.html
Snat 1000W 12V Tower Type Pure Sine Wave Inverter Toroidal Offgrid Solar Inverter,"₱8,988.00",N/A,https://www.lazada.com.ph/products/pdp-i5345264337.html
≮313≯ Solar Power Inverter Pure Sine Wave 3000W/4000W/6000W/8000W/10000W Converter DC12V / 24V/ to AC220V Electric Vehicle Car Home Appliance Travel Black New Power Inverter Adapter Premium Quality Aluminium Alloy Power Supply Automobile,"₱3,639.25",N/A,https://www.lazada.com.ph/products/pdp-i15428832086.html
Y&H Grid Tie Inverter 300W 350W 500W 600W 700W MPPT Micro Inverter Solar PV Grid Tie System for Home DC18-60V Output 220V,"₱3,222.83",N/A,https://www.lazada.com.ph/products/pdp-i5308196802.html
DOKIO Solar System 4000W Inverter Built-in 12V Solar Battery 12V Solar Panel or Power Inverter Solar Converter Modified Sine Wave DC 12V to AC 220V,"₱2,988.00",N/A,https://www.lazada.com.ph/products/pdp-i3235757710.html
Y&H 1000W Grid Tie Micro Inverter with WIFI Communication Waterproof MPPT Stackable DC30-60V Solar Input AC110V/220V Auto Pure Sine Wave Output for 30V 36V PV Panel,"₱6,686.00",N/A,https://www.lazada.com.ph/products/pdp-i4034534817.html
Y&H Solar Inverter 1000W MPPT Grid Tie Inverter Stackable with Power Limiter Sensor Inverter DC45-90V Solar Input AC190V-260V Output,"₱13,586.00",N/A,https://www.lazada.com.ph/products/pdp-i4671653161.html
Solar Power Inverter 12V to 220V | 220W 500W 1000W High Efficiency DC to AC Converter with Cooling Fan & Anti-Interference,₱980.00,N/A,https://www.lazada.com.ph/products/pdp-i5400160761.html
⚡️Fast Delivery✈️20000W Pure Sine Wave Inverter Solar inverter Car inverter DC 12V24V to AC 220V Power inverter LED Inligent Digital Display USB interface Voltage Converter Adapter Home outdoor travel multifunction Transformer,"₱2,495.00",N/A,https://www.lazada.com.ph/products/pdp-i3803392560.html
300W-500W Solar Inverter 12V DC TO 220VAC Household Inverter Power Supply With Charger Vehicle Inverter Solar Power Inverter,₱729.00,N/A,https://www.lazada.com.ph/products/pdp-i4984839754.html
600W Off Grid Solar Inverter Pure Sine Wave CNBOU,"₱5,460.00",N/A,https://www.lazada.com.ph/products/pdp-i448394969.html
Y&H 1300W Grid Tie Inverter Stackable MPPT Pure Sine Wave DC22-50V Solar Input AC170-260V Power Output fit for 30V 36V PV Panel,"₱4,786.00",N/A,https://www.lazada.com.ph/products/pdp-i1316724488.html
1000w PSW High Frequency Solar Off Grid Inverter With LCD Display,"₱7,000.00",N/A,https://www.lazada.com.ph/products/pdp-i366962815.html
Solar Grid Tie Inverter Solar Micro Inverter IP55 Waterproof for Small Solar Systems,"₱4,519.00",N/A,https://www.lazada.com.ph/products/pdp-i5258366330.html
PowMr 1KW 12V All in one Solar Inverter 230Vac PV Start Voltage 20Voc Built In 80A MPPT Solar Charge Controller 50/60Hz Auto Pure Sine Wave Inverter,"₱7,200.00",N/A,https://www.lazada.com.ph/products/pdp-i4442914253.html
GUANGHEYUAN | Solar Off-Grid Energy Storage Inverter,"₱23,316.40",N/A,https://www.lazada.com.ph/products/pdp-i5402009642.html
Y&H 800W Grid Tie Micro Inverter with WIFI Communication Waterproof MPPT Stackable DC30-60V Solar Input AC110V/220V Auto Pure Sine Wave Output for 30V 36V PV Panel,"₱6,886.00",N/A,https://www.lazada.com.ph/products/pdp-i4034553711.html
Aibecy Solar Micro Inverter EU Plug 230V Single Phase Solar Grid Connected Micro Inverter for Industry,"₱7,690.01",N/A,https://www.lazada.com.ph/products/pdp-i5211193691.html
Zamdon Toroidal Off-grid Inverter 48V6000W,"₱31,999.00",N/A,https://www.lazada.com.ph/products/pdp-i4095892746.html
GUANGHEGUINENG | Solar MPPT High Frequency Pure Sine Wave Inverter,"₱22,292.06",N/A,https://www.lazada.com.ph/products/pdp-i15409140053.html
Goodwe Brand Solar Grid Tie Inverter 3KW single phase,"₱24,875.00",N/A,https://www.lazada.com.ph/products/pdp-i312286590.html
3KVA charging inverse control integrated machine off-grid solar inverter 24V PS-3K Hybrid Inverter,"₱39,638.92",N/A,https://www.lazada.com.ph/products/pdp-i5139664525.html
Zamdon Off-grid Solar Inverter 48V12KW include AC input/output MCB,"₱65,000.00",N/A,https://www.lazada.com.ph/products/pdp-i4646201826.html
"1-20Pcs Thicken Microfiber Car Cleaning Towels, Soft Quick Drying Windows Mirrors Wiping Rags, Highly Absorbent Cleaning Cloth, Reusable Car Wash Cloth, Home Double-sides Clean Cloths",₱24.00,N/A,https://www.lazada.com.ph/products/pdp-i4855291095.html
BUY 1 TAKE 1 Smart Weather Net Japan Black Weather Net Water Proof Net Shade Outdoor Smart Weather Net Water Proof Sunshade Outdoor Waterproof Fado Multifunction Weather Net Net For Green House Gardening Anti Uv Sunshade Net Outdoor,₱119.00,N/A,https://www.lazada.com.ph/products/pdp-i3134017080.html
3000W 12V Snat Pure Sine Wave Inverter Toroidal Offgrid Solar Inverter,"₱15,000.00",N/A,https://www.lazada.com.ph/products/pdp-i1187372724.html
Authentic Snat Offgrid Pure Sine Wave Inverter (12V/24V) Snat 1000W 12V Tower Type Pure Sine Wave Inverter Toroidal Offgrid Solar Inverter,"₱12,488.00",N/A,https://www.lazada.com.ph/products/pdp-i4918814148.html
HYCKUPS | Integrated Solar PV Inverter 220V Grid Tie Off Home Use,"₱15,816.00",N/A,https://www.lazada.com.ph/products/pdp-i15465296084.html
PowMr 1KW 12V All in one Solar Inverter 230Vac PV Start Voltage 20Voc Built In 80A MPPT Solar Charge Controller 50/60Hz Auto Pure Sine Wave Inverter,"₱6,350.00",N/A,https://www.lazada.com.ph/products/pdp-i5122867640.html
Home Pure Sine Wave Low Power Consumption 300W PV Solar Inverter,"₱7,761.02",N/A,https://www.lazada.com.ph/products/pdp-i15435245639.html
PowMr 6.5KW Parallel Solar Inverter 500Vdc Max Pv Input Supports 48V Any Type Battery Can Parallel Up to 9 Unit Built in 120A MPPT Solar Charger Controller,"₱24,471.00",N/A,https://www.lazada.com.ph/products/pdp-i4772604932.html
"Meterk WVC-600 Micro Inverter, 600W Solar Grid Tie Micro Inverter Waterproof IP65 MPPT DC22-50V PV Input AC220V Output for Solar Panel, EU Plug","₱7,878.40",N/A,https://www.lazada.com.ph/products/pdp-i4294878991.html
Three Phase 380V Solar Inverter Motor Speed Controller 50hz 60hz Heavy Duty Inverter DC380-680V 7.5KW 11KW Frequency Photovoltaic Solar Pump VFD,"₱11,907.34",N/A,https://www.lazada.com.ph/products/pdp-i4803037934.html
GUANGHEGUINENG | Solar Charging Inverter Pure Sine Wave Intelligent,"₱24,757.00",N/A,https://www.lazada.com.ph/products/pdp-i15405398876.html
12000W/60Hz Solar System Power Inverter DC 12V to AC 220V 20W Solar Panel and 10A/20A/30A Controller ..,"₱2,011.20",N/A,https://www.lazada.com.ph/products/pdp-i4979170597.html
MPPT Solar Micro Inverter Universal Compact Synchronized Phase 120V AC230V Waterproof Solar Micro Inverter Maximize Overall Output Power for PV Panel,"₱4,039.00",N/A,https://www.lazada.com.ph/products/pdp-i5045831134.html
Inverter 12v to 220v 3000W 5000W 9000W solar power converter sine wave high frequency inverter,"₱1,670.40",N/A,https://www.lazada.com.ph/products/pdp-i5113545887.html
Solar Inverter WiFi Control AC 190V-270V Output 2000W EU Plug 230V Low Loss Wide Compatibility Micro Inverter for Outdoor,"₱16,373.00",N/A,https://www.lazada.com.ph/products/pdp-i5046404352.html
BOSCA PWM/MPPT Photovoltaic Inverter DC 12V to AC 220V All in one SUS Series 1000W 1500W 2000W Inverter with Solar Charge Controller,"₱2,439.00",N/A,https://www.lazada.com.ph/products/pdp-i5215504797.html
60HZ pure sine wave inverter 1000W 3000Wsolar car inverter with LED display screen 12V/24V to 220V voltage converter,"₱2,499.00",N/A,https://www.lazada.com.ph/products/pdp-i5106670479.html
Pure sine wave inverter solar inverse control integrated machine 12V24V48V to 220V1000W2000W5000W.,"₱28,417.08",N/A,https://www.lazada.com.ph/products/pdp-i4861111738.html
METRO SOLAR POWER INVERTER SUOER SUA-3000A,"₱3,510.00",N/A,https://www.lazada.com.ph/products/pdp-i15459525069.html
Suoer by Winland Solar Power Inverter 12V(DC)~230(VAC) 1500Watts SFA-1500A,"₱1,740.00",N/A,https://www.lazada.com.ph/products/pdp-i3611465300.html
Pure Sine Wave WIFI APP Control Solar Inverter 12V to 220V,"₱9,387.00",N/A,https://www.lazada.com.ph/products/pdp-i5213649975.html
【Clearance】 6000w Pure Sine Wave Inverter Car Solar Inverter 12v/24v 220v Sine Wave Voltage Converter Adapter 袠薪胁械褉褌芯褉 12v 220v 效懈褋褌褘泄 Sinus,"₱1,864.30",N/A,https://www.lazada.com.ph/products/pdp-i4981057418.html
Lepmerk Grid Tie Micro Inverter Aluminum Alloy APP Control 400W Solar Micro Inverter Anti Reverse Connection for Home,"₱7,584.00",N/A,https://www.lazada.com.ph/products/pdp-i15459067732.html
"Photovoltaic 1kVA 3kVA A5KVA, Solar Inverter 12v 220v Hybrid Inverter 50a.","₱42,948.72",N/A,https://www.lazada.com.ph/products/pdp-i5048007494.html
"Flowatt 11KW 48V Pure Sine Wave Solar Inverter with MPPT Charger for Solar Systems and Lead-Acid/Li-ion Batteries, Supports 9-Unit Parallel","₱36,000.00",N/A,https://www.lazada.com.ph/products/pdp-i5112659850.html
Lepmerk 1000W Pure Sine Wave Inverter Grid MPPT Solar Power Inverter(36V ),"₱10,019.00",N/A,https://www.lazada.com.ph/products/pdp-i15439684545.html
BONINGYU | Solar Off-grid Sine Wave Inverter,"₱11,198.24",N/A,https://www.lazada.com.ph/products/pdp-i5402188233.html
SAKO Sunpolo 8kw Hybrid On/Off Grid Inverter,"₱49,999.00",N/A,https://www.lazada.com.ph/products/pdp-i4752957606.html
Solar Grid Tie Inverter Solar Micro Inverter IP55 Waterproof for Small Solar Systems,"₱3,777.00",N/A,https://www.lazada.com.ph/products/pdp-i5258330580.html
Pure Sine Inverter 6 Protections High Conversion Efficiency Silent Smart Flame Retardant Pure Sine Power Inverter 12V DC To 220V AC for Solar Outdoor,"₱2,853.00",N/A,https://www.lazada.com.ph/products/pdp-i5049486908.html
Lepmerk Solar Inverter High Accuracy IP55 Pure Sine Waving Great Conversion Rate MPPT Solar Grid Tie Inverter Practical for Office Building,"₱3,533.00",N/A,https://www.lazada.com.ph/products/pdp-i15427783751.html
Zamdon 3000W 48V Off Grid Solar Inverter | Pure Sine Wave authentic,"₱39,766.00",N/A,https://www.lazada.com.ph/products/pdp-i5077558463.html
"Sungrow SG 6.0 RS-V11, 6kWp, 2p, 220-240v GRIDTIE INVERTER SOLAR","₱55,000.00",N/A,https://www.lazada.com.ph/products/pdp-i4107593643.html
Solar Inverter 3KVA 24V 220V 110V Hybrid Inverter Pure Sine,"₱41,331.65",N/A,https://www.lazada.com.ph/products/pdp-i5009278139.html
XIWEITE | Grid Complementary Solar Inverter With MPPT,"₱18,163.00",N/A,https://www.lazada.com.ph/products/pdp-i15405550164.html
"Korean-Made, Kc Certified, Unique Pure Sine Wave Solar Inverter Dk4830, Maximum Output 3000W, Dc","₱28,116.72",N/A,https://www.lazada.com.ph/products/pdp-i15415957795.html
"Sine wave inverter 12v, 24v, 60v to 220V, high-power 6000W photovoltaic solar off-grid power conversion.","₱22,144.20",N/A,https://www.lazada.com.ph/products/pdp-i5142139522.html
1-5kw12V-96v to 220V110V solar on-board home off-grid photovoltaic pure sine wave inverter.,"₱28,511.65",N/A,https://www.lazada.com.ph/products/pdp-i5165617989.html
"Korean-Made, Kc Certified, Unique Pure Sine Wave Solar Inverter Dk4820, Maximum Output 2000W, Dc","₱20,103.12",N/A,https://www.lazada.com.ph/products/pdp-i15415903797.html
Goodwe Brand Solar Grid Tie Inverter 5KW single phase,"₱32,187.50",N/A,https://www.lazada.com.ph/products/pdp-i311452362.html
Universal Auto Car Truck Motorcycle Circuit Voltage DC Automotive Shipping 6V-24V Tester Tester Test WHITE,₱24.00,N/A,https://www.lazada.com.ph/products/pdp-i3931420065.html
PowMr 1.6KW Off-Grid Hybrid Solar Inverter 24V Pure Sine Wave 230V AC | 80A MPPT Charge Controller | 30–400Voc PV Input | LiFePO4 & Lead-Acid Support,"₱14,255.00",N/A,https://www.lazada.com.ph/products/pdp-i15474819044.html
LUXPOWER GETA 3.6K 24V OFF GRID INVERTER / PURE SINE WAVE / HOME SOLAR USE,"₱36,250.00",N/A,https://www.lazada.com.ph/products/pdp-i15495832008.html
NANWEI Solar Power Inverter 9000W/5000W Home Power Inverter Solar Converter DC12V to AC220V DC to Ac Car Inverter 9000W Power Converters,₱748.38,N/A,https://www.lazada.com.ph/products/pdp-i4619775289.html
12000W Pure Sine Wave Inverter High-Power Car Inverter Solar Inverter DC 12V/24V to AC 220V LED Intelligent,"₱1,758.00",N/A,https://www.lazada.com.ph/products/pdp-i4018404776.html
MIDOO 12000W60Hz Solar System Inverter DC 12V to AC 220V 20W Solar Panel and 30A20A10A Controller,"₱4,655.32",N/A,https://www.lazada.com.ph/products/pdp-i5010501516.html
Peyto Solar Power Inverter Smart Dual mode DC12V&24V to AC220V 50Hz/60Hz car high-power converter voltage converter International universal interface 2 x USB charger LED display,"₱2,654.00",N/A,https://www.lazada.com.ph/products/pdp-i4854798411.html
JOYUHON Solar System 6000W Power Inverter DC12V to AC220V Inverter 18W Solar Panel 30A Controller,"₱7,488.18",N/A,https://www.lazada.com.ph/products/pdp-i5084347164.html
Integrated 1KW2KW3KW Off-Grid Home Use Solar PV System Inbuilt 100A PPT Solar Inverter 12V24V48V Renewable Energy Controller,"₱14,241.00",N/A,https://www.lazada.com.ph/products/pdp-i5255116430.html
6KW/10KW Pump Inverter Power Inverter off grid Inverter Pure Sine Wave Inverter Without Battery Connection Optional 500W Water Pump,"₱13,500.00",N/A,https://www.lazada.com.ph/products/pdp-i5184433391.html
Solar Micro Inverter Single Phase EU Plug 230V High Efficiency Solar Grid Connected Micro Inverter for Industry,"₱9,832.00",N/A,https://www.lazada.com.ph/products/pdp-i5301690573.html
BOSTO Micro Grid Connected Inverter Pure Sine Wave Output EU Plug High Safety WiFi Micro Solar Inverter for PV System,"₱8,401.44",N/A,https://www.lazada.com.ph/products/pdp-i15412137769.html
ANENG Solar Micro Inverter IP65 High Efficiency Auto Identification Grid Tie Micro Inverter 120V 230VAC Pure Sine Wave Aluminum Alloy MPPT for Outdoor Application,"₱5,152.00",N/A,https://www.lazada.com.ph/products/pdp-i15410326204.html
Solar Power Pure Sine Wave Inverter，DC12V / 24V to AC220V Electric Vehicle Car Home Appliance Travel,"₱6,992.00",N/A,https://www.lazada.com.ph/products/pdp-i4868884210.html
"Sungrow SG 3.0 RS-V11 3kWp, 2p, 220+240V GRIDTIE INVERTER SOLAR","₱39,999.00",N/A,https://www.lazada.com.ph/products/pdp-i4107515345.html
HYCKUPS | Reverse Prevention Home Solar Inverter 6.5KW,"₱18,017.00",N/A,https://www.lazada.com.ph/products/pdp-i15408930839.html
XIWEITE | PV Off-Grid Inverter with MPPT Controller and Anti-Reverse Current Protection,"₱18,307.00",N/A,https://www.lazada.com.ph/products/pdp-i15405599490.html
Zamdon Hybrid MPPT Solar Inverter 96V10KW - IGBT Hybrid Off Grid Solar Inverter,"₱480,836.04",N/A,https://www.lazada.com.ph/products/pdp-i4989769902.html
"INVT MG3KTL On-grid solar inverter 3KW, Single phase 220V","₱28,560.00",N/A,https://www.lazada.com.ph/products/pdp-i1691076352.html
"INVT MG6KTL-2M On-grid solar inverter 6KW, Single phase 220V","₱36,676.50",N/A,https://www.lazada.com.ph/products/pdp-i1691884066.html
Pure sine wave inverter solar inverse control integrated machine 12V24V48V to 220V1000W2000W5000W.,"₱28,417.08",N/A,https://www.lazada.com.ph/products/pdp-i5031286332.html
DongJin Power 12KW/12000W Grid Tie Solar Inverter support for high power solar panel IP65 5 Year warranty,"₱98,999.00",N/A,https://www.lazada.com.ph/products/pdp-i4906959484.html
Off Grid Solar Inverter SPF 6000 ES PLUS 48V 230Vac 50/60Hz 6Kw 6000W For Home Storage System Use Up to 6 units in parallel Solar Inverter 6000W Plug And Play,"₱89,999.00",N/A,https://www.lazada.com.ph/products/pdp-i4946060941.html
Huawei Solar Tandem Inverter SUN2000-5/6/8/10/12KTL-M1 Intelligent Energy Controller,"₱213,797.96",N/A,https://www.lazada.com.ph/products/pdp-i4278232420.html
Deye Deye Parallel Off-grid Inverter 3.6kw-12kw solar Photovoltaic Inverter,"₱429,093.22",N/A,https://www.lazada.com.ph/products/pdp-i5069568992.html
6KW 48V 100A MPPT Psmart Hybrid Off Grid Toroidal Inverter with Built in MPPT,"₱45,000.00",N/A,https://www.lazada.com.ph/products/pdp-i2807998095.html
GOODWE 5000 WATTS Hybrid Inverter ES G2 Series Solar Inverter,"₱65,100.00",N/A,https://www.lazada.com.ph/products/pdp-i4150080663.html
Zamdon Hybrid Off-grid Solar Inverter 48V10KW with 100A MPPT SCC,"₱75,000.00",N/A,https://www.lazada.com.ph/products/pdp-i4104540966.html
Goodwe grid-connected inverter 2kw220v photovoltaic solar power generation system for home use.,"₱41,372.62",N/A,https://www.lazada.com.ph/products/pdp-i5071336870.html
"INVT MG5KTL On-grid solar inverter 5KW, Single phase 220V","₱36,015.00",N/A,https://www.lazada.com.ph/products/pdp-i1691826781.html
8KW solar inverter 48V parallel photovoltaic RV home controller built-in WiFi factory outlet,"₱291,851.17",N/A,https://www.lazada.com.ph/products/pdp-i4949943953.html
3.5KW5.5KW inverse control integrated machine 100AMPPT supports battery-free PV500V solar inverter integrated machine.,"₱47,677.02",N/A,https://www.lazada.com.ph/products/pdp-i5052752095.html
Zamdon Hybrid MPPT Solar Inverter 48V10KW - IGBT Hybrid Off Grid Solar Inverter,"₱371,848.59",N/A,https://www.lazada.com.ph/products/pdp-i4925030784.html
8000W 96V Snat Pure Sine Wave Inverter Toroidal Offgrid Solar Inverter,"₱55,000.00",N/A,https://www.lazada.com.ph/products/pdp-i580656315.html
Solar power generation system inverter control integrated machine 220v3kw5kw built-in mppt controller inverter,"₱43,579.16",N/A,https://www.lazada.com.ph/products/pdp-i5126329669.html
Solar inverter grid-connected SUNGROW photovoltaic power generation household industrial and commercial inverter power generation system,"₱174,080.24",N/A,https://www.lazada.com.ph/products/pdp-i5013095645.html
PowMr full off-grid solar system 3500W solar inverter 3.5KVA LiFePO4 battery 3.5K,"₱375,505.82",N/A,https://www.lazada.com.ph/products/pdp-i4880092912.html
Sofar hybrid inverter on and off grid PV inverter 3KW 4KW 5KW 48V,"₱100,800.00",N/A,https://www.lazada.com.ph/products/pdp-i284566221.html
Zamdon Solar Inverter 48V6000W - Toroidal Off Grid Inverter,"₱154,048.90",N/A,https://www.lazada.com.ph/products/pdp-i4924809002.html
Photovoltaic 15KVA 15000W solar inverter control integrated UPS inverter,"₱193,308.66",N/A,https://www.lazada.com.ph/products/pdp-i5097080669.html
Solar complete set with battery Solar System Built-in 12V Battey Solar Controller and Solar Panel with inverter 12v to 220v heavy duty set 4 USB Charger + 2 Universal Socket,"₱3,055.00",N/A,https://www.lazada.com.ph/products/pdp-i3308336177.html
Manganese Steel Double-sided Sharpening Sickle Agricultural Weeding Tool For Garden Banana Orchard Gardening Tools,₱54.00,N/A,https://www.lazada.com.ph/products/pdp-i5249242966.html
"Wholesale 1000Pcs Self Locking Nylon Cable Ties, Plastic Cord Tie, Heavy Duty Cables Fastening Rings Loop, Hardware Organizer Wire Straps",₱35.00,N/A,https://www.lazada.com.ph/products/pdp-i4858831436.html
[Real Watt] BIG SOLAR PANEL Monocrystalline Solar Panel IP67 Waterproof Strong Sun Power Monocrystalline,"₱3,999.00",N/A,https://www.lazada.com.ph/products/pdp-i4645176219.html
5 Rolls 3D Carbon Fiber Car Sticker DIY Paste Protector Strip Car Door Sill Side Mirror Anti Scratch Tape Waterproof Protect Film,₱27.00,N/A,https://www.lazada.com.ph/products/pdp-i5295598810.html
2P AC DC MCB Solar Mini Circuit Breaker Battery Switch 6A 10A 16A 20A 25A 32A 40A 50A 63A,₱117.00,N/A,https://www.lazada.com.ph/products/pdp-i5132766535.html
Stainless Steel Safety Hasp Door Lock for Bathroom Bedroom Door Catch Latch,₱39.00,N/A,https://www.lazada.com.ph/products/pdp-i3094057013.html
[5 Year warranty]500watts solar panel heavy duty Monocrystalline Silicon Power Generation Panel waterproof lightning high conversion rate 0 electricity bill solar charging panel,₱748.00,N/A,https://www.lazada.com.ph/products/pdp-i4523044470.html
Solar Panel 【Dual Glass 620 Watts】New Monocrystalline Silicon 620W Solar Panel Full Power Promise Produce 3.7KWh Every Day,"₱8,199.00",N/A,https://www.lazada.com.ph/products/pdp-i4086773131.html
"STIHL Original 78CC Upgraded Mini Gas Chainsaw (Model 070) – Imported Portable Power Tool with 20/22/24 Inch Bar for Tree Felling, Branch Cutting & Firewood Processing","₱3,298.00",N/A,https://www.lazada.com.ph/products/pdp-i5184489625.html
【COD】BOSCH Mini 20''22'' 24inch Gasoline Chain Saw 5.8/9.9W High Power 58/78CC Logging Chain Saw Free Accessories,"₱3,365.00",N/A,https://www.lazada.com.ph/products/pdp-i5180000832.html
Mini 20/22/24 Inch Portable Gasoline Chainsaw | Upgraded 78CC Mini Power Saw (Model 070) | Imported Tool,"₱3,248.00",N/A,https://www.lazada.com.ph/products/pdp-i5119073205.html
【60Hz】Solar Power Inverter Pure Sine Wave 1000W Converter DC12V / 24V to AC220V Electric Vehicle Car Home Appliance Travel Black New Power Inverter Adapter Premium Quality Aluminium Alloy Power Supply Automobile For Outdoor Camping,₱819.00,N/A,https://www.lazada.com.ph/products/pdp-i5005074217.html
"8000 watt 12V to 220V/110V inverter+600 watt solar panel+100A controller solar system kit, suitable for RV and outdoor use","₱5,008.68",N/A,https://www.lazada.com.ph/products/pdp-i15441045169.html
BOSCA inverter 500W DC12V To AC230V 60HZ Solar Energy Emergency Power Supply Inverter Car Home COD,"₱1,118.00",N/A,https://www.lazada.com.ph/products/pdp-i15399580542.html
1KW/5KW/10KW/20KW photovoltaic solar off-grid power generation system island solar power generation equipment,"₱250,993.92",N/A,https://www.lazada.com.ph/products/pdp-i4550806314.html
"Deye Deye inverter power supply 5kW, 5KW 8KW 10KW hybrid energy storage distributed solar hybrid inverter.","₱158,035.55",N/A,https://www.lazada.com.ph/products/pdp-i4489871664.html
Zamdon Hybrid Off-grid Solar Inverter 96V10KW with 100A MPPT SCC,"₱99,000.00",N/A,https://www.lazada.com.ph/products/pdp-i4104746043.html
3.5KW 5.5KW Solar Inverter 24V48V Hybrid Inverter controller,"₱285,838.34",N/A,https://www.lazada.com.ph/products/pdp-i4906397846.html
GOODWE 73KW Grid tied Inverter LVSMT Series Commercial Solar Inverter,"₱301,900.00",N/A,https://www.lazada.com.ph/products/pdp-i4150342321.html
GOODWE 50KW Grid tied Inverter LVMT Series Commercial Solar Inverter,"₱246,750.00",N/A,https://www.lazada.com.ph/products/pdp-i4150337309.html
Zamdon Hybrid MPPT Solar Inverter 48V10KW - IGBT Hybrid Off Grid Solar Inverter,"₱364,413.58",N/A,https://www.lazada.com.ph/products/pdp-i4992615796.html
Zamdon Solar Inverter 48V10KW - IGBT Off Grid Inverter,"₱286,795.91",N/A,https://www.lazada.com.ph/products/pdp-i4989957572.html
LOCAL SUPPLIER Fronius 5KW Hybrid Solar inverter,"₱92,000.00",N/A,https://www.lazada.com.ph/products/pdp-i3399499552.html
new 3.5KW 5.5KW Solar Inverter 24V48V Hybrid Inverter contr,"₱271,982.85",N/A,https://www.lazada.com.ph/products/pdp-i5051014086.html
SUNGROW SG25CX-SA 3 PHASE LOW VOLTAGE (127V - 220V) GRID-TIE SOLAR INVERTER,"₱172,000.00",N/A,https://www.lazada.com.ph/products/pdp-i4447370787.html
Explosions 1000VA800W12V to 220V Pure Sine Wave H Hybrid Solar Inverter PWM Built-in Control,"₱65,800.60",N/A,https://www.lazada.com.ph/products/pdp-i4558881970.html
Solar power inverter 3-110KW solar power photovoltaic grid-connected inverter solar power inverter,"₱270,222.34",N/A,https://www.lazada.com.ph/products/pdp-i5070265165.html
Growatt 6KW DVM HVM Multifunctional 48V Pure Sine Wave Off-grid Solar Inverter Power Frequency Machine,"₱169,036.72",N/A,https://www.lazada.com.ph/products/pdp-i5159598030.html
"Deye Deye inverter power supply 5kW, 5KW 8KW 10KW hybrid energy storage distributed solar hybrid inverter.","₱158,035.55",N/A,https://www.lazada.com.ph/products/pdp-i5056414163.html
new 3.5KW 5.5KW Solar Inverter 24V48V Hybrid Inverter contr,"₱271,982.85",N/A,https://www.lazada.com.ph/products/pdp-i4807892366.html
Dual AC output of 3.6KW6.2KW hybrid solar inverter from grid-connected energy storage inverter,"₱62,807.58",N/A,https://www.lazada.com.ph/products/pdp-i4788971728.html
Photovoltaic 800W1KW2KW3KW4KW5KW-30KW solar controller off-grid inverter all-in-one machine,"₱46,100.92",N/A,https://www.lazada.com.ph/products/pdp-i5069874636.html
Guruiwatt Growatt Inverter SPF5000ES Home MPPT Off-grid Photovoltaic Solar Inverter,"₱213,671.88",N/A,https://www.lazada.com.ph/products/pdp-i5039406556.html
6KW 48V SOFAR Hybrid On Grid Inverter,"₱100,000.00",N/A,https://www.lazada.com.ph/products/pdp-i3417015438.html
GOODWE 15KW Grid tied Inverter LVSMT Series Commercial Solar Inverter,"₱126,000.00",N/A,https://www.lazada.com.ph/products/pdp-i4159300400.html
Guruiwatt Growatt Inverter SPF5000ES Home MPPT Off-grid Photovoltaic Solar Inverter,"₱180,542.26",N/A,https://www.lazada.com.ph/products/pdp-i4986365448.html
Sako Sanke Solar Inverter 3000w Pure Sine Wave Inverse Control Integrated mppt Photovoltaic Inverter,"₱65,644.56",N/A,https://www.lazada.com.ph/products/pdp-i4877805800.html
High frequency 5KVA solar inverter 50A PWM solar charging controller Hybrid Inverter,"₱91,602.93",N/A,https://www.lazada.com.ph/products/pdp-i4501951580.html
Zamdon Solar Inverter 48V6000W - Toroidal Off Grid Inverter,"₱150,967.89",N/A,https://www.lazada.com.ph/products/pdp-i4989397865.html
WiFi Communication Module RS232 Communication Port Hybrid Solar Inverter WiFi Module Wireless for PS1K HPS3K PS3K,"₱3,800.00",N/A,https://www.lazada.com.ph/products/pdp-i5049277726.html
"JUXING Solar kit:Built-in 30A Controller 4000W Power Inverter+25W Solar Panel,Used for Cars,Fans, Boats,Homes,Outdoors,DC12V to AC220V,Power Converter Emergency","₱3,099.00",N/A,https://www.lazada.com.ph/products/pdp-i3035739839.html
Mini Solar Micro-Type Grid-Tie Inverter DC 10-30V Input 180V-265VAC Output 200W IP45 Waterproof,"₱2,549.80",N/A,https://www.lazada.com.ph/products/pdp-i5384008396.html
60HZ pure sine wave off grid inverter 5000W 8000W DC 12V/24V to AC 220V portable converter solar car inverter transformer,"₱5,488.00",N/A,https://www.lazada.com.ph/products/pdp-i5145364116.html
"150A MPPT Solar Charge Controller, 7200W Max Input, 12V/24V/36V/48V Auto-Ranging, for RV Boat Street Light Irrigation, Hybrid MPPT+PWM Charging, Smart Cooling Fan, Dual USB, 7-Mode LCD, Compatible with Lead-Acid & Lithium Batteries(100A/120A/60A Optional)","₱1,795.00",N/A,https://www.lazada.com.ph/products/pdp-i15435809587.html
MPPT Wind Solar Hybrid Charge Controller Wind 1200W & Solar 1000W 12/24V/48V Automatic Hybrid Controller With Dump Load Resistor,"₱5,623.67",N/A,https://www.lazada.com.ph/products/pdp-i4224169351.html
200W Solar Inverter 12V/24V to 220V Single Phase Output PWM Controller Built-in LCD Display Off Grid Hybrid Inverter Auto Voltage Home System Solar Controller and Inverter Integrated Unit with Corrected Sine Wave,"₱1,348.36",N/A,https://www.lazada.com.ph/products/pdp-i15470270184.html
300W、600W、700W、1200W Grid Tie Micro Inverter with WIFI Communication Waterproof MPPT Stackable DC30-60V Solar Input,"₱6,848.37",N/A,https://www.lazada.com.ph/products/pdp-i15498288607.html
1Set/5set MC4 Connectors Waterproof Male female Plug cable Terminals for Solar Panels Dedicated Assembly,₱129.00,N/A,https://www.lazada.com.ph/products/pdp-i2519659438.html
Solar Panel with inverter battery complete set 4000W inverter DC 12V to AC 220V Solar Power Generation System Dual USB Solar Inverter Solar Panel Solar Charge Controller for home appliances,"₱2,999.00",N/A,https://www.lazada.com.ph/products/pdp-i3006283224.html
【QualFull】200 Watts 18BB Solar Panel Dual Glass Original Monocrystalline Solar Panel IP67 Waterproof With MC4 Produce 1.2KWh Every Day,"₱2,199.00",N/A,https://www.lazada.com.ph/products/pdp-i4586281842.html
MPPT 500W 600W 700W Micro grid tie inverter mppt solar Smart microinverter DC 18-50V AC 120V 240V Limiter Sensor home,"₱7,116.12",N/A,https://www.lazada.com.ph/products/pdp-i15498262478.html
DIANXIZHAO | Solar PV Tool Kit MC4 Wrench Connector Stripper Pliers,₱816.34,N/A,https://www.lazada.com.ph/products/pdp-i5375658325.html
【Can be used for 50 years】Solar Panel 150W/350W/500W Charging Panel Monocrystalline Silicon Band 30 A Controller Household Charging Panel Multifuncitional and Portable generator 0 electricity bill waterproof,₱479.00,N/A,https://www.lazada.com.ph/products/pdp-i5233334620.html
"Automatic 1,000 Watts Inverter Solar Power Set Up Complete Set Zero Electricity for Brownout, Energy Saving, Camping, Emergency Long Lasting","₱3,399.00",N/A,https://www.lazada.com.ph/products/pdp-i4140239693.html
Jozoo 4 Way Universal Chuck Zinc Alloy Four Head Wrench 4 in 1 Drills Chuck Key Drilling Tool,₱67.00,N/A,https://www.lazada.com.ph/products/pdp-i4317977579.html
1/2'' Dual Head pvc pipe threader tools set Electric Drill Compatible 3/4'' pipe thread cutting tool pvc threading tools grooving tool for ppr pipe water pipe internal thread tool Integrated Internal External Pipe Threading Tool,₱61.00,N/A,https://www.lazada.com.ph/products/pdp-i5297060321.html
KOMAX DW High Quality 600W Electric Power Planer,"₱1,299.00",N/A,https://www.lazada.com.ph/products/pdp-i5100180091.html
"Advanced 3,000 Watts Inverter Solar Power Set Up Complete Set Zero Electricity for Brownout, Energy Saving, Camping, Emergency Long Lasting","₱3,399.00",N/A,https://www.lazada.com.ph/products/pdp-i4140400021.html
PowMr 30/20/10A PWM Solar Charge Controller 12v 24v Auto With LCD Display Dual USB Solar Regulator Lithium Battery Activation,₱134.40,N/A,https://www.lazada.com.ph/products/pdp-i1923023966.html
3D Vinyl Wood Grain Floor Stickers in Modern Style - PVC Vinyl Tiles that are Waterproof and Self-Adhesive - Available in 91x15cm Size,₱28.88,N/A,https://www.lazada.com.ph/products/pdp-i3809769806.html
2PCS Mini Driving Light White+Yellow Pair With Free Domino 3Way Switch High quality (Lowest price),₱137.00,N/A,https://www.lazada.com.ph/products/pdp-i5324107204.html
KOMAX 2in1 packge Grinder With Drill Set（Blue / Red),"₱1,099.00",N/A,https://www.lazada.com.ph/products/pdp-i1314292381.html
"100% Legit High Yield Red Papaya Seeds Red Lady Dwarf Papaya Seeds for Planting Fruits (High Germination, 10pcs) Fresh Bonsai Papaya Plant Seeds for Garden Sweet Papaya Potted Fruit Seeds Real Plants Red Lady F1 Papaya Seeds Fruit Bearing Tree Seedlings",₱82.00,N/A,https://www.lazada.com.ph/products/pdp-i5270504021.html
"Best Quality Complete Set Solar Power Inverter Includes 12 volts Battery & 15 Watts Solar Panel, Zero Electricity, Best for All Kinds of Appliances For Brown out, Charging, Electricity Saving, Emergency, Camping & Hiking","₱2,899.00",N/A,https://www.lazada.com.ph/products/pdp-i3821112243.html
BUY 1 TAKE 1 Sunshade Net For Garden Sale Shade Net Sun Shades Outdoor Waterproof Anti-UV Sunshade Net 90% Heat-Resistant Mesh Garden Net Shade for Plants Canopy Sunblock Black Farm Net Greenhouse Net Car Cover Sunscreen NeT,₱379.00,N/A,https://www.lazada.com.ph/products/pdp-i3133505733.html
Solar Panel 500W 300W Household Charging Panel 30A Controller Portable Solar Generator Solar Power Station for Home,₱479.00,N/A,https://www.lazada.com.ph/products/pdp-i4340461816.html
Grade A 300W/410W/585W Solar Panel Monocrystalline Outdoor IP65 Water Resistance for Home Indoor Outdoor 12V Solar Cells Board,"₱5,999.00",N/A,https://www.lazada.com.ph/products/pdp-i15466188495.html
【₱100 OFF】COD BOSCH Original Welding Machine New IGBT Digital Inverter MMA-650 Portable Welding Machine High-Efficiency Energy-Saving Precision Control with Free Accessories,"₱2,058.00",N/A,https://www.lazada.com.ph/products/pdp-i5233018437.html
（Free rope）BUY 1 TAKE 1 Cologer Smart Weather Net Japan Black Weather Net Water Proof Net Shade Outdoor Multifunction Weather Net Net For Green House Gardening Anti Uv Sunshade Net Outdoor#ZYW,₱245.00,N/A,https://www.lazada.com.ph/products/pdp-i4773067520.html
【QualFull】Dual Glass 620 Watts Solar Panel 18BB Monocrystalline IP67 Waterproof Generates 3.7KWH A Day With MC4 Connector,"₱7,999.00",N/A,https://www.lazada.com.ph/products/pdp-i5221904160.html
"Car Mount Dash Non-Slip Holder, Slip Free Desk Phone Stand, Rotate Dashboard Non-slip Mat Rubber Mount Holder, Car Navigation Bracket, Universal Cell Phone Car Clip Mount Stand",₱123.00,N/A,https://www.lazada.com.ph/products/pdp-i4550497681.html
4-in-1 Car Jump Starter Air Pump Power Bank Jumper Kereta 150PSI Air Compressor Car Tire Inflator Rechargeable Car Jumper Power Bank Fast Charging with Digital Display Car Battery Jump Starter Emergency LED Light Car Battery Starting Device,"₱1,549.00",N/A,https://www.lazada.com.ph/products/pdp-i5317016553.html
Solar inverter 5000W/6000W/8000W Pure Sine Wave Inverter DC 12V/24V to AC 220V 60Hz | Solar Off-Grid Power Inverter | Car & Home Backup Converter inverter only not set up,"₱10,888.00",N/A,https://www.lazada.com.ph/products/pdp-i15469284691.html
【Lanbao】3-month extended warranty 3-month virtual extended warranty 3-month virtual extended warranty 3-month extended warranty 3-month virtual extended warranty 3-month warranty Power Station Big Capacity Powerbank Multi-functional Solar Generator,₱888.00,N/A,https://www.lazada.com.ph/products/pdp-i15489223351.html
12000W Power Inverter DC 12V to AC 220V Modified Sine Wave Solar High Frequency Power Inverter USB Fast Charger Car Power Inverter For Vehicle/Home Appliance/Outdoor Travel Use Adapter Outdoor Emergency Equipment,₱779.00,N/A,https://www.lazada.com.ph/products/pdp-i15439157015.html
78CC 9.9KW Gasoline Chainsaw 22/24 Inches Mini Portable High Power Cutting Tool Original Import for Versatile Gardening and Tree Trimming,"₱3,331.00",N/A,https://www.lazada.com.ph/products/pdp-i4171175114.html
60hz solar inverter pure sine wave inverter 1000W/1600W/2000W/3000W DC12V/24V TO AC 220V Voltage Converter Household appliances Car Power Supply For Outdoor Travel Inverter Adapter,"₱2,222.00",N/A,https://www.lazada.com.ph/products/pdp-i5404469598.html
Solar power generation system inverter control integrated machine 220v3kw5kw built-in mppt controller inverter,"₱43,579.16",N/A,https://www.lazada.com.ph/products/pdp-i4882622737.html
8.2KW10.2KW hybrid solar inverter dual-channel PV+AC output from grid-connected energy storage inverter,"₱108,057.42",N/A,https://www.lazada.com.ph/products/pdp-i5009847097.html
"[BUY 1 TAKE 1] ORGANIC LOAM SOIL 8 to 10 KGs - Ready to Use - Best for Plants, Indoor, Outdoor, Common to Rare - The Dirty Gloves PH",₱65.00,N/A,https://www.lazada.com.ph/products/pdp-i3354204253.html
15M High Pressure Water Hose 5/10/15M with Spray Nozzle Portable Car Wash Gun for Garden Home PVC,₱158.00,N/A,https://www.lazada.com.ph/products/pdp-i5268808339.html
"PPR Pipe Threader Kit Internal & External Pipe Threading Tool, Carbon Steel Die Set for PPR Pipe Tapping",₱61.00,N/A,https://www.lazada.com.ph/products/pdp-i5350911615.html
Heavy Duty Magnetic Welding Ground Clamp High Temp Resistant Secure Welder Tool for Electric Welding Machines,₱55.00,N/A,https://www.lazada.com.ph/products/pdp-i5260754530.html
300pcs/pack Fresh Organic Red Hot Chili Pepper Seeds for Planting Vegetables High Yield Siling Labuyo Hybrid Hot Pepper Taiwan Chili Seeds Siling Taiwan Vegetable Seeds for Gardening Siling Labuyo Seeds Bonsai Chili Pepper Plant Seeds Vegetable Plants,₱55.00,N/A,https://www.lazada.com.ph/products/pdp-i5159636149.html
50/10pcs Transparent Wall Hooks Holder Self Adhesive Door Wall Hangers Strong Adhesive Hooks for Kitchen Bathroom Storage,₱39.00,N/A,https://www.lazada.com.ph/products/pdp-i4378504477.html
450ML Rust Remover Anti-Rust Lubricants Multi-purpose Rust Remover for Bicycle Chains Motorcycles Cars Multipurpose Oil/Rust Remove Derusting Car Maintenance Cleaning,₱64.00,N/A,https://www.lazada.com.ph/products/pdp-i4650583784.html
Solar Welding Mask Welding Goggles Auto Darkening Welding Glasses Eye Protection Welding Glass,₱165.00,N/A,https://www.lazada.com.ph/products/pdp-i5205141376.html
America Little Trees Air Fresheners Car Fresheners Trend Car Fragrance Long-lasting Aromatherapy Fragrance,₱10.00,N/A,https://www.lazada.com.ph/products/pdp-i4385413049.html
200pcs/pack High Yield Purple Big Eggplant Seeds for Planting Vegetables Plants Fresh Eggplant Vegetable Seeds for Gardening Potted Eggplant Live Plant Veggie Seeds Bonsai Eggplant Seedlings F1 Hybrid Eggplant Ready To Plant Vegetable Seeds Fast Growing,₱55.00,N/A,https://www.lazada.com.ph/products/pdp-i5177198169.html
Door Hasp Latch Lock Stainless Steel Safety Packlock No Punching Clasp Sliding Door Latch for Barn Door Pet Door Bathroom Outdoor Garage Window Sliding Door,₱45.00,N/A,https://www.lazada.com.ph/products/pdp-i3926114971.html
Anti-UV 90% Sunshade Net Garden Plant Shading Net Waterproof And High-Temperature Resistant,₱195.00,N/A,https://www.lazada.com.ph/products/pdp-i4315184690.html
"4pcs metal Drill Bit Set 3PCS HSS High Speed Steel Titanium Hex Shank Step Drill (3-12mm,4-12mm,4-20mm) and 1 pcs Automatic Center Punch",₱155.00,N/A,https://www.lazada.com.ph/products/pdp-i2979271292.html
PowMr 10KW Solar Inverter Water Pump Inverter 500Vdc Max Pv Input Cannot Connect Battery Integrated Ct Limiter Three Pv Input Pure Sine Wave Inverter,"₱13,000.00",N/A,https://www.lazada.com.ph/products/pdp-i15484836084.html
(Lowest price) import/Solar welding glass auto darkening sale Eye protection Dark shade Original True color Automatic dimming welding mask tgfr5,₱175.00,N/A,https://www.lazada.com.ph/products/pdp-i4695605631.html
Multifunctional Torx Wrench Adjustable Wrench Self-Tightening Universal Wrenchs Double-Head Multi-Purpose Ratchet Spanner Tools for Bicycle Motorcycle Car Repairing Multifunction Tools Wrench Tools Set Original Japan,₱31.00,N/A,https://www.lazada.com.ph/products/pdp-i4843517942.html
Pressure Washer 24V 48V Lithium Battery 30000kpa Cleaning Water Gun Garden Sprayer High Pressure Water Pump Cordless Car Washer Water Handheld Spray Gun,₱199.00,N/A,https://www.lazada.com.ph/products/pdp-i4112834270.html
Solar Panel Aluminum Solar End Clamp PV Mounting Bracket Z Clips for Mounting Solar Panel,₱48.00,N/A,https://www.lazada.com.ph/products/pdp-i3971265862.html
Welding Metal Adhesive Strong Waterproof Super Adhesive Plastic/Metal Waterproof High Temperature Multi-Functional,₱44.00,N/A,https://www.lazada.com.ph/products/pdp-i3893720494.html
Car Phone Holder Dashboard Universal suction cup adjustable rotation 360 degrees,₱99.00,N/A,https://www.lazada.com.ph/products/pdp-i4973404906.html
MPPT Automatic Universal Solar Controller,₱686.00,N/A,https://www.lazada.com.ph/products/pdp-i15418442387.html
15pcs Low Temperature Repair Welding Rods multipurpose solder rod Small Holes Repair Easy Melt for Powder Cored Aluminum Patch Up Rod Stainless Steel Repairing welding rod easy melt aluminum welding rod,₱15.50,N/A,https://www.lazada.com.ph/products/pdp-i4267365042.html
540W solar panels photovoltaic charging panels outdoor fishing boats RV household 24V power station 12V Longji Trina.,₱706.09,N/A,https://www.lazada.com.ph/products/pdp-i4948513725.html
[15 year warranty]ORIGINAL 18V 500W Solar DC Pump With Solar Panel Multi-Functional Water Booster Pump for household outdoor Electric Water Pump Booster,₱998.00,N/A,https://www.lazada.com.ph/products/pdp-i15427309363.html
Honda Japanese Imported Gasoline Chainsaw 22/24-Inch Portable 78cc 9900W Low-Power High-Power Outdoor Chainsaw With A Full Set Of Accessories,"₱3,298.00",N/A,https://www.lazada.com.ph/products/pdp-i3970496601.html
Power Inverter 1000W/6000W Multifunctional Car Inverter 12V To 220V Solar Inverter Original Power Converter Car Travel Fishing Outdoor Emergency Equipment,₱719.00,N/A,https://www.lazada.com.ph/products/pdp-i4819988513.html
2pcs/lot For Original TCL TV L32P1A D32A810 L32P2 lamp strip 4C-LB3206-HR07 6 leds 2pcs with 6V leds,₱265.00,N/A,https://www.lazada.com.ph/products/pdp-i1819371401.html
◎TZT MALL◎2PCS Original 40N60NPFD TO-3P 40N60 600V 40A IGBT Transistor for Inverter Welding Machine Brand New SGT40N60NPFDPN TO3P,₱237.74,N/A,https://www.lazada.com.ph/products/pdp-i4155732597.html
9000W Peak Power Sine Wave Inverter High Frequency Solar Inverter 12V to 220V DC to AC 220V Converter Car Power Charger Inverter with USB Port Display,₱699.00,N/A,https://www.lazada.com.ph/products/pdp-i4647304975.html
"[Pure sine wave] 1000W/988,800MAH Portable Power Station with 150W Solar Panel Set for Home Outdoor Power Supply","₱2,108.00",N/A,https://www.lazada.com.ph/products/pdp-i15450966747.html
COD Chainsaw Portable 20/22/24 Inches 68/78CC 9.9KW Original Power Tools Wood Cutting Gasoline Saw,"₱3,331.00",N/A,https://www.lazada.com.ph/products/pdp-i5185592656.html
10000W original inverter car inverter solar inverter DC12V AC to 220V sine wave voltage converter adapter home outdoor travel multi-function inverter,₱799.00,N/A,https://www.lazada.com.ph/products/pdp-i4275049374.html
20/22/24 Inches Chainsaw Original Gasoline Chain saw Mini Portable Chainsaw Steel Power Saw Tool,"₱3,399.00",N/A,https://www.lazada.com.ph/products/pdp-i4123208536.html
Chainsaw Portable Original Gasoline 24 Inches Portable Chainsaw 52/58cc Chain Saw Mini Chainsaw Power Tools,"₱3,200.00",N/A,https://www.lazada.com.ph/products/pdp-i4502873715.html
SUNKET 10BB New Technology German Top Quality Monocrystalline Solar Panel 100W 36 Cells 5 Year Warranty,"₱3,000.00",N/A,https://www.lazada.com.ph/products/pdp-i3265625853.html
【COD】Solar Power Inverter Pure Sine Wave 1000W/1600W/2000WConverter DC12V / 24V to AC220V Electric Vehicle Car Home Appliance Travel Black New Power Inverter Adapter Premium Quality Aluminium Alloy Power Supply Automobile,"₱1,918.62",N/A,https://www.lazada.com.ph/products/pdp-i4975379616.html
Y&H Inverter 600W Grid Tie Micro with WIFI Waterproof MPPT Stackable AC110V 220V Auto DC30-60V Solar Input for 30V 36V PV Panel,"₱4,986.00",N/A,https://www.lazada.com.ph/products/pdp-i4614898140.html
BOSCA inverter 1000W DC12V To AC230V 60HZ Solar Energy Emergency Power Supply Inverter Car Home COD,"₱1,388.00",N/A,https://www.lazada.com.ph/products/pdp-i15399576551.html
"4000W Portable Power Inverter – Dual USB, Modified Sine Wave, Solar & Vehicle Compatible","₱5,217.00",N/A,https://www.lazada.com.ph/products/pdp-i5251347823.html
NANWEI Micro Solar Grid Tie Inverter IP55 Solar Inverter Practical Great Conversion Rate Accurate AC120V MPPT for Residence,"₱3,579.00",N/A,https://www.lazada.com.ph/products/pdp-i15410983008.html
60Hz Pure Sine Wave Inverter Toroidal Transformer Inverter DC 12V to AC 220V Power Converter Car Inverter SolarInverter for home,"₱5,398.00",N/A,https://www.lazada.com.ph/products/pdp-i15480923800.html
AC & DC Circuit Breaker - for Solar Mini Circuit Breaker Switch 6A-63A Overload Short Circuit Protect - RAPID TOOLS PH,₱81.00,N/A,https://www.lazada.com.ph/products/pdp-i5230174678.html
"⚙️ Heavy Duty Carbon Steel PPR Pipe Threader | Internal & External Die Set for 1/2"" & 3/4"" Pipes | Plumbing Tapping Tool Kit",₱61.00,N/A,https://www.lazada.com.ph/products/pdp-i5386817517.html
JOYUHON 6000W Solar System Inverter Built-in Solar Controller 18W Solar Panel with 4 USB Charger and 2 Universal Socket,"₱4,188.00",N/A,https://www.lazada.com.ph/products/pdp-i2939505517.html
LOCAL STOCK Pure sine wave inverter 12v to 220v 60Hz 1000W 1600W 2000W 3000W 4000W 24v dc to ac 220Voltage solar battery car original power Converter,"₱1,885.00",N/A,https://www.lazada.com.ph/products/pdp-i4559928216.html
"Inverter Charger 12V DC TO 220V AC Solar Power generator Inverter 500W Household Inverter Power Supply With Charger, Vehicle Inverter",₱580.00,N/A,https://www.lazada.com.ph/products/pdp-i15487698650.html
10/20/30/60A PWM 12V/24V Solar Panel Regulator Charge Controller battery charger LCD Display USB,₱120.00,N/A,https://www.lazada.com.ph/products/pdp-i3943706748.html
25pcs/pack High Yield Chayote Seeds for Planting Vegetables - Fresh Chayote Melon Seeds Organic Sayote Vegetables Seeds for Gardening Bonsai Chayote Seedlings Pickled Sayote Balcony Potted Sayote Live Plant Garden Veggie Seeds Easy To Grow in Philippines,₱55.00,N/A,https://www.lazada.com.ph/products/pdp-i5174768979.html
Factory Wholesale Pure Sine Wave Inverter Converter DC12V/24V/48V/60V to AC220V50Hz 60Hz 3000W Electric Vehicle Car Household Appliances Travel Solar Power Inverter,"₱1,885.00",N/A,https://www.lazada.com.ph/products/pdp-i4593094364.html
JOYUHON Solar System Set（Batteries not included）4000W Peak Power Inverter +18W Solar Panel+30A Solar Controller DC 12V to AC 220V to Save Energy and Deal with Power Outages,"₱1,988.00",N/A,https://www.lazada.com.ph/products/pdp-i3397168015.html
Solar Generators With Solar Panel set 3000W Solar Power Inverter DC 12V to AC 220V Solar battery Panel 100A Solar Charge Controller for home all appliances,"₱1,359.00",N/A,https://www.lazada.com.ph/products/pdp-i2905589039.html
REAIM 40000mAh Outdoor Power Solar Generator fast charge Portable big capacity Power generator Multi-Function power station emergency power,"₱5,499.00",N/A,https://www.lazada.com.ph/products/pdp-i5278835738.html
Solar Panel 500W High-Efficiency Monocrystalline Silicon Photovoltaic Solar Module Solar Cell Panel For Home Garden Rv,₱509.00,N/A,https://www.lazada.com.ph/products/pdp-i4404090507.html
Car Solar Power Sine Wave Inverter DC12V 24V to AC220V Voltage Converter For Outdoor Camping,"₱1,124.00",N/A,https://www.lazada.com.ph/products/pdp-i5297301433.html
Modified Sine Wave Inverter Peak Power 3000W Modified Sine Wave Inverter High Frequency Power Inverter DC 12V to AC 220V Converter Car Power Charger Inverter with 2.1A Dual USB Port Battery Clip 4.2A,₱295.00,N/A,https://www.lazada.com.ph/products/pdp-i3227640033.html
All-in-One 6000W Solar Generator: 600W Panel + MPPT Controller & Dual Voltage Inverter (110V/220V) for Home & RV & Camping,"₱4,431.27",N/A,https://www.lazada.com.ph/products/pdp-i5273655244.html
18BB Solar Panel 【100/200 Watts】Monocrystalline 200W Solar Panels IP67 Waterproof Sun Power Panel With MC4 Connector,"₱4,599.00",N/A,https://www.lazada.com.ph/products/pdp-i3928930563.html
3000W Pure Sine Wave Car Power Inverter DC 12V to AC 220V Solar Power Converter Dual Digital Display with Dual USB Port Display Screen Inverter High Frequency,₱799.00,N/A,https://www.lazada.com.ph/products/pdp-i3993485343.html
Portable 200000MAH Power Station Multi-functional 300W/220V Large Capacity Solar Generator Powerbank,"₱2,957.53",N/A,https://www.lazada.com.ph/products/pdp-i15453543463.html
Pure Sine Wave Inverter Converter DC12V/24V to AC220V 60Hz 1000W/3000W Electric Vehicle Car Household Appliances Travel Solar Power Inverter,"₱1,855.00",N/A,https://www.lazada.com.ph/products/pdp-i15455228585.html
Pure Sine Wave Inverter 1600w 2200w 3000w DC 12v 24V 36V 48V To AC 60HZ 220v Car Solar Inverter Portable Power Sine Wave Voltage Converter Adapter,"₱2,411.80",N/A,https://www.lazada.com.ph/products/pdp-i3721088385.html
500w Monocrystalline Silicon Power Generation Panel 18v With Controller Waterproof Lightning Solar Panel,₱479.00,N/A,https://www.lazada.com.ph/products/pdp-i4434735235.html
Solar Power Inverter Pure Sine Wave Converter DC12V to AC220V Electric Vehicle Car Appliance Travel,₱275.00,N/A,https://www.lazada.com.ph/products/pdp-i5281458518.html
NANWEI Car Solar Power Inverter 12000W/6000W/4000W Solar Converter Pure Sine Wave DC 12V to AC 220V/110V with Dual USB Port 5.2A,₱726.01,N/A,https://www.lazada.com.ph/products/pdp-i4562017169.html
SI-500VA electric change machine inverter with charger heavy duty solar inverter 12v to 220v,₱486.00,N/A,https://www.lazada.com.ph/products/pdp-i5368165883.html
150W solar generator multi-function solar inverter 12v to 220v big capacity power station outdoor emergency power supply CPAP battery recharged by by solar panel/wall outlet/Car 220V AC Out/DC 12V /QC USB Ports,"₱2,830.00",N/A,https://www.lazada.com.ph/products/pdp-i3983084709.html
Solar Power Sine Wave Inverter DC12V / 24V to AC220V Car Voltage Converter For Outdoor Camping,₱978.00,N/A,https://www.lazada.com.ph/products/pdp-i5317623354.html
Portable Pure Sine Wave Power Inverter DC 12V to AC 220V 4000W/6000W/12000W High Frequency Solar Converter Dual USB 2.4A Port Household Car Outdoor Travel Fishing Emergency Power Supply,₱828.00,N/A,https://www.lazada.com.ph/products/pdp-i15492306119.html
Portable Original Solar Power Inverter 12V to 220V DC to AC 12000W Peak Power DC 12V to AC 220V Converter Car Power Charger Inverter with Dual USB Port Display Screen Modified Sine Wave Inverter High Frequency,₱779.00,N/A,https://www.lazada.com.ph/products/pdp-i15445749791.html
Car Jump Starter 12V 198000mAh jump starter for car battery Car Start Emergency Power bank multi function 4-in-1 integrated air pump Rechargable Battery Car Starter with Air Pump,"₱1,549.00",N/A,https://www.lazada.com.ph/products/pdp-i5165400540.html
BOSCA Solar Charge Controller PWM 12V 24V 48V AUTO 50A 60A 80A 100A LCD Display USB Output Parameters Adjustable Temperature Compensation FT6048 FT8048,"₱1,696.00",N/A,https://www.lazada.com.ph/products/pdp-i4950545538.html
【LingRuii】3-month extended warranty 3-month virtual extended warranty 3-month virtual extended warranty 3-month extended warranty 3-month virtual extended warranty 3-month extended warranty 3-month 800W Outdoor Solar Generator Power Station,"₱3,298.00",N/A,https://www.lazada.com.ph/products/pdp-i15428615066.html
Solar Micro Grid-Tie Inverter Mini 200W IP45 Waterproof DC 10-30V Input 180V-265VAC Output,"₱2,722.40",N/A,https://www.lazada.com.ph/products/pdp-i15466789202.html
Power Inverter DC 12V to AC 220V Fully automatic solar current conversion Modified Sine Wave Inverter High Frequency 220W with 2.4A Dual USB Port as A Emergency Equipment for Car Travel Fishing Outdoor【Local delivery】COD,₱181.00,N/A,https://www.lazada.com.ph/products/pdp-i5040807178.html
Pure Sine Wave Inverter,"₱5,984.00",N/A,https://www.lazada.com.ph/products/pdp-i15466588474.html
Solar Panel【30 Watts】18v 5.6A Monocrystalline Silicon Solar Panels IP67 Waterproof Sun Power Panel,₱999.00,N/A,https://www.lazada.com.ph/products/pdp-i4879648450.html
KOMAX DW Electric Jigsaw Woodworking Pull hand saw 950W,₱899.00,N/A,https://www.lazada.com.ph/products/pdp-i5096812469.html
【COD】Chainsaw 20/22/24 Inches Gasoline Chainsaw Original Portable Chainsaw Mini Steel Power Saw Tool,"₱3,399.00",N/A,https://www.lazada.com.ph/products/pdp-i5242239321.html
【VONSHEF】3-month extended warranty 3-month virtual extended warranty 3-month virtual extended warranty 3-month extended warranty 3-month virtual warranty 3-month warranty 1000W Power Station With 150W Solar Charging Board Heavy Duty Outdoor Generator,"₱5,088.00",N/A,https://www.lazada.com.ph/products/pdp-i15488775999.html
BOSTO 1000W Pure Sine Wave Inverter Grid MPPT Solar Power Inverter(36V ),"₱9,328.40",N/A,https://www.lazada.com.ph/products/pdp-i15422381758.html
Solar Power set 30A charge controller and 1000w puresine inverter APARATO,"₱5,800.00",N/A,https://www.lazada.com.ph/products/pdp-i5333655947.html
High-end Microfiber Auto Wash Towel Car Cleaning Drying Cloth Hemming Car Care Cloth Detailing Car Wash Towel,₱28.00,N/A,https://www.lazada.com.ph/products/pdp-i4430123468.html
"Magnetic Anti-Slip Screwdriver Drill Bit 7Pcs Cross Head 25/50/65/70/90/127/150mm, Magnetic PH2 Standard Phillips Bits Set",₱75.00,N/A,https://www.lazada.com.ph/products/pdp-i4117189483.html
100% Original 250pcs Fresh Long Purple Eggplant Seeds Talong Seeds for Planting Vegetable Plants - High Yield Potted Eggplant Vegetables Seeds Legit Eggplant Ready To Plant Hybrid Long Eggplants Seedlings Bonsai Eggplant Live Plant Veggie Seeds Fast Grow,₱55.00,N/A,https://www.lazada.com.ph/products/pdp-i5197472755.html
100pcs Self-Locking Nylon Universal Cable Tie Buckle / Heavy Duty Zip Ties Holder with Pin Button / Multipurpose Plastic Zip Tie Fastener for Car Daily Repair,₱49.00,N/A,https://www.lazada.com.ph/products/pdp-i5158321846.html
PowMr 1000W 12V MPPT Solar System 230Vac All in one Inverter Built In 80A MPPT Solar Charge Controller 200W Monocrystalline Solar Panel with 12V 100AH Lithium battery Rechargeable Power System,"₱8,500.00",N/A,https://www.lazada.com.ph/products/pdp-i15497964371.html
100% Legit 60pcs High Yield Smooth Green Okra Seeds for Planting Vegetables F1 Dwarf Okra Potted Seeds Fresh Bonsai Okra Seeds Hybrid Long Okra Live Plant Veggie Seed Lady Finger Okra Vegetable Seeds for Gardening Organic Fruit Okra Seedlings Indoor Plant,₱55.00,N/A,https://www.lazada.com.ph/products/pdp-i5184949520.html
Ktools Hex Key Wrench Set Torx Allen Wrench Flower Type Spanner L Handle Screwdriver Repair Hand Tools 9pcs,₱55.00,N/A,https://www.lazada.com.ph/products/pdp-i4546515823.html
"530/328/164PCS Heat Shrink Tubing 2:1, Eventronic Electrical Wire Cable Wrap Assortment Electric Insulation Heat Shrink Tube Kit with Box",₱35.00,N/A,https://www.lazada.com.ph/products/pdp-i2172080093.html
5/10/15PCS Magnetic Positioning Screwdriver Bits Hex/Head 25/50mm Woodworking Batch Head,₱59.00,N/A,https://www.lazada.com.ph/products/pdp-i5035174049.html
Y&H Grid Tie Inverter 1.5KW/2KW Power Limiter LCD Display DC24-55V/55V-90V Solar Input AC230V Pure Sine Wave Output RS485 Power Zero Export,"₱1,086.00",N/A,https://www.lazada.com.ph/products/pdp-i5156804122.html
Single crystal 300W solar panel solar panel photovoltaic power generation system 12V24V household,₱803.81,N/A,https://www.lazada.com.ph/products/pdp-i5294505021.html
2000W 12V Snat Pure Sine Wave Inverter Toroidal Offgrid Solar Inverter,"₱13,500.00",N/A,https://www.lazada.com.ph/products/pdp-i580626559.html
Top Sale Car INVETER 12V/24V TO 220V 500w 1000w 12V DCTo 220-230V AC Car Solar Power Inverter【Original+24hours delivery】,₱289.00,N/A,https://www.lazada.com.ph/products/pdp-i15452336182.html
Mitsushi MZHQ115 12'' Angle Grinder Chainsaw Adapter Electric Chainsaw ConverterCutting Machine Attachment Power Tool Kit,₱325.00,N/A,https://www.lazada.com.ph/products/pdp-i349654563.html
Small electric grinding machine - Double 120/180 grit grinding wheels | Portable metal/wood grinding workbench machine | Household and industrial tools (with rust-proof design),₱770.00,N/A,https://www.lazada.com.ph/products/pdp-i5320676860.html
BIG SOLAR PANEL 590 Watt N-Type Bifacial Solar Panel Monocrystalline IP68 16BB 24% High Conversion Efficiency,"₱7,409.00",N/A,https://www.lazada.com.ph/products/pdp-i5078960519.html
DEWALT 1500W Electric Hand Angle Grinder+MMA-650 Inverter Welding Machine IGBT Full Copper Output,₱799.00,N/A,https://www.lazada.com.ph/products/pdp-i5333596377.html
AC & DC 1Pole 2Pole Mini Circuit Breaker For Solar Battery Switch 10A 16A 20A 32A 40A 50A 63A 125A (1000V) Pemzz Lowcost,₱81.00,N/A,https://www.lazada.com.ph/products/pdp-i5391548824.html
"【With Includes 150W Solar Panel】Portable Power Station 1000W/988000mAh Solar Generator Portable Outdoor Power Bank Multifunction Power Station -Power Backup for Entry Level Computers, Laptops, TVs, Routers, Printers, CCTV and other Appliances","₱2,898.00",N/A,https://www.lazada.com.ph/products/pdp-i15465451823.html
PowMr 5KVA 48v 220v Pure Sine Wave Hybrid Solar Inverter Built-in PWM 50A Solar Charge Controller 102VDC PV Input PS-5K,"₱26,815.59",N/A,https://www.lazada.com.ph/products/pdp-i3230508276.html
Power Inverter DC 12V To AC 220V Fully Automatic Solar Current Conversion Modified Sine Wave Inverter High Frequency 220W with 2.4A Dual USB Port As A Emergency Equipment for Car Travel Fishing Outdoor COD【Free ship】,₱315.00,N/A,https://www.lazada.com.ph/products/pdp-i5404811398.html
"Upgraded 7,000 Watts Solar Set Up Complete Set Zero Electricity for All Appliances, Energy Saving, Emergency, Camping","₱3,599.00",N/A,https://www.lazada.com.ph/products/pdp-i3974462942.html
UNA Power Station with Solar Charging Power Station Portable Multi-function Large Capacity Outdoor Travel Camping Home Emergency Power bank150W AC 220V,₱329.00,N/A,https://www.lazada.com.ph/products/pdp-i5225036481.html
Pure Sine Wave Inverter DC 12V 24V 48V 60V to AC 220V 60HZ Car Home 4000W 5000W 6000W 8000W Converter Solar Inverters,"₱7,047.70",N/A,https://www.lazada.com.ph/products/pdp-i4278936959.html
Honda 78cc 9.9KW 24 Inch Gasoline Chain Saw - Portable High - Power Japanese - Made Outdoor Power Tool,"₱3,248.00",N/A,https://www.lazada.com.ph/products/pdp-i4363535823.html
"STHIL 4200W Gasoline Chainsaw 20""/22""/24"" - High Power, Powerful Mini Power Saw with Complete Accessories","₱2,520.06",N/A,https://www.lazada.com.ph/products/pdp-i4281190149.html
12/24/48v 2800w Mppt Hybrid Wind Solar Charge Controller Boost Regulator Max Support 1600w Wind Turbine,"₱7,599.00",N/A,https://www.lazada.com.ph/products/pdp-i3848416563.html
Power Inverter 4000 Watts 6000 Watts 12000 Watts Multi-Function Car Inverter 12V To 220V Solar Power Inverter Original Power Converter Emergency Equipment For Car Travel Fishing Outdoor,"₱1,032.08",N/A,https://www.lazada.com.ph/products/pdp-i15458200238.html
⚡️Fast Delivery✈️20000W Pure Sine Wave Inverter Power inverter Solar Inverter DC 12V24V to AC 220V Car Inverter LCD Inligent Digital Display Voltage Converter Adapter USB Socket High Power Household Outdoor Travel Multifunctional Transformer,"₱2,495.00",N/A,https://www.lazada.com.ph/products/pdp-i3797659275.html
Bosch Original Welding Machine MMA-650A IGBT Digital Inverter Welding Machine Advanced Automatic Welding Tool with Digital Display Precision Control High Efficiency,"₱2,079.00",N/A,https://www.lazada.com.ph/products/pdp-i5326108942.html
Yoqu Portable Power Station 800000mAh Outdoor 600W 220V Portable Solar Generator Large Capacity Inverter,"₱6,999.00",N/A,https://www.lazada.com.ph/products/pdp-i3845911915.html
Flowatt 3KW On/Off-Grid Hybrid Solar Inverter Pure Sine Wave Solar Inverter Built in Max 500V MPPT Solar Controller Supports 24V Lifepo4 Battery Supports High-Voltage Photovoltaic Input,"₱24,900.00",N/A,https://www.lazada.com.ph/products/pdp-i15503113438.html
18BB Dual Glass 200 Watts solar panel 12V/18V Volt Monocrystalline IP67 Waterproof With MC4 For RV/Boat,"₱3,799.00",N/A,https://www.lazada.com.ph/products/pdp-i5205879075.html
Hybrid Solar Centrifugal Pump BUNDLE with Solar Panel Set Up,"₱39,080.00",N/A,https://www.lazada.com.ph/products/pdp-i15457561052.html
1000W Grid Tie Inverter with Power Limiter Supports WiFi Connection 60V DC Input MPPT Grid Connected Inverter for Solar Power System,"₱12,856.04",N/A,https://www.lazada.com.ph/products/pdp-i15393984111.html
Y&H 1200W Solar Grid Tie Micro Inverter Waterproof IP65 MPPT DC28-50V PV Input AC180-260V Output for 30V 36V Solar Panel,"₱9,586.00",N/A,https://www.lazada.com.ph/products/pdp-i4096671412.html
NSS Solar Power Inverter DC 12v to AC 500W/1000W With Solar Battery Fast Charging Energy Converter,"₱3,960.00",N/A,https://www.lazada.com.ph/products/pdp-i3187013549.html
Deye 2HP Hybrid AC/DC Solar Air Conditioner,"₱55,000.00",N/A,https://www.lazada.com.ph/products/pdp-i4753176462.html
BOSTO Solar Inverter Grid Tie 1000W LCD with Limiter for PV Panels Battery Discharge,N/A,N/A,N/A
