municipality_id,municipality_name,province,latitude,longitude,province_id,elevation_m,mean_elevation_m,min_elevation_m,max_elevation_m,elevation_range_m,mean_slope_deg,hydraulic_head_m,terrain_ruggedness,watershed_gradient,hydro_suitability_score,estimated_hydropower_potential_kw,runoff_potential,gravity_flow_potential,terrain_flatness,slope_classification,elevation_classification,ridge_elevation,terrain_exposure_index
4919,ADAMS,ILOCOS NORTE,18.4613108,120.903571,252,259.0,367.7,259.0,654.0,395.0,6.125512281590531,395.0,106.02787369366604,0.09875,0.6449687307221386,302.44716890353243,0.15313780703976326,0.15313780703976326,0.8468621929602367,gentle,mid,654.0,2.700233319088713
4920,BACARRA,ILOCOS NORTE,18.2517377,120.6106589,252,17.0,17.75,10.0,34.0,24.0,0.3859689252256409,24.0,5.92347026665957,0.006,0.047275188451270454,0.06850948422755126,0.0005709123685629272,0.0007719378504512818,0.990350776869359,flat,low,34.0,2.7433238498958534
4921,BADOC,ILOCOS NORTE,17.9267006,120.4740893,252,10.0,20.35,6.0,48.0,42.0,0.7299413758596405,42.0,13.409977628616687,0.0105,0.08726695721026079,0.2599503724780145,0.0012378589165619738,0.0025547948155087417,0.981751465603509,flat,low,48.0,2.0618973948992974
4922,BANGUI,ILOCOS NORTE,18.5367387,120.7657563,252,8.0,43.42857142857143,2.0,102.0,100.0,2.368493398442802,100.0,33.79077280161867,0.025,0.2157786809718661,4.285845197182213,0.008571690394364426,0.01973744498702335,0.94078766503893,flat,low,102.0,1.7333556465825248
4923,BANNA (ESPIRITU),ILOCOS NORTE,17.9796199,120.6552968,252,73.0,87.05,51.0,200.0,149.0,1.838584538597242,149.0,39.039050961825396,0.03725,0.2916396826618264,9.936362011936916,0.013337398673740826,0.022829091354249084,0.9540353865350689,flat,low,200.0,2.8932567345756484
4924,BATAC CITY,ILOCOS NORTE,18.0555035,120.5645243,252,25.0,21.7,13.0,38.0,25.0,0.3278048929801886,25.0,5.532630477449221,0.00625,0.047745133450175614,0.07409756435073013,0.0005927805148058411,0.0006829268603753929,0.9918048776754953,flat,low,38.0,2.946156827259891
4925,BURGOS,ILOCOS NORTE,18.5110086,120.6436311,252,65.0,78.7,59.0,138.0,79.0,1.26614842236649,79.0,17.77385720658293,0.01975,0.1532772749711507,3.2800102443246586,0.008303823403353566,0.008335477113912726,0.9683462894408378,flat,low,138.0,3.3363605870354562
4926,CARASI,ILOCOS NORTE,18.1414459,120.821757,252,112.0,166.85,78.0,353.0,275.0,3.7748176481868407,275.0,70.42036282212696,0.06875,0.5394234715178041,72.16782886041374,0.05248569371666453,0.08650623777094843,0.905629558795329,gentle,low,353.0,2.643411506225552
4927,CURRIMAO,ILOCOS NORTE,18.0194482,120.4868281,252,18.0,30.076923076923077,8.0,59.0,51.0,1.1457581483491486,51.0,14.515040149188165,0.01275,0.1058787706636393,0.7322936934689221,0.00287173997438793,0.004869472130483882,0.9713560462912713,flat,low,59.0,1.992627966107737
4928,DINGRAS,ILOCOS NORTE,18.1034564,120.6977344,252,27.0,33.3,23.0,78.0,55.0,0.8587524162768654,55.0,15.290846935340108,0.01375,0.11040187955620936,0.6553354376712828,0.002383037955168301,0.003935948574602299,0.9785311895930784,flat,low,78.0,2.923317280311817
4929,DUMALNEG,ILOCOS NORTE,18.5203924,120.812245,252,100.0,242.7,34.0,674.0,640.0,10.911415200628403,640.0,208.53059727531593,0.16,0.7454748830054985,706.1867917846702,0.22068337243270944,0.27278538001571007,0.7272146199842899,moderate,mid,674.0,2.0682816026383293
4930,LAOAG CITY,ILOCOS NORTE,18.1973235,120.5935433,252,14.0,11.3,5.0,29.0,24.0,0.3168474972898687,24.0,4.879549159502341,0.006,0.04527848114728948,0.035803767193755165,0.00029836472661462634,0.0006336949945797374,0.9920788125677533,flat,low,29.0,3.62738355410311
4931,MARCOS,ILOCOS NORTE,18.0434949,120.6783103,252,54.0,68.85,35.0,192.0,157.0,1.8970111542142196,157.0,42.374845132460365,0.03925,0.30859864110932156,8.544019675383707,0.010884101497304084,0.02481922926763604,0.9525747211446445,flat,low,192.0,2.9062052429652017
4932,NUEVA ERA,ILOCOS NORTE,17.9152782,120.6644106,252,127.0,132.95,85.0,252.0,167.0,2.3244249805152863,167.0,45.99290706185031,0.04175,0.33216259466197584,21.50349762234905,0.025752691763292278,0.032348247645504404,0.9418893754871178,flat,low,252.0,2.5884425450963886
4933,PAGUDPUD,ILOCOS NORTE,18.5593916,120.7869782,252,8.0,16.466666666666665,2.0,77.0,75.0,1.0982649141847167,75.0,19.537542208669837,0.01875,0.14815987427734273,0.5651488204242188,0.00150706352113125,0.0068641557136544795,0.9725433771453821,flat,low,77.0,3.098308353655822
4934,PAOAY,ILOCOS NORTE,18.0617813,120.5195093,252,12.0,12.15,7.0,27.0,20.0,0.3778230834540146,20.0,5.387717513010496,0.005,0.04048957533090329,0.03825458719971898,0.00038254587199718976,0.0006297051390900243,0.9905544229136496,flat,low,27.0,2.756268718222672
4935,PASUQUIN,ILOCOS NORTE,18.3339819,120.6194886,252,14.0,26.2,4.0,89.0,85.0,1.300637954182109,85.0,25.21626459252044,0.02125,0.17250226822245404,1.2068836349848153,0.002839726199964271,0.009212852175456605,0.9674840511454472,flat,low,89.0,2.4904560022808258
4936,PIDDIG,ILOCOS NORTE,18.1635915,120.7165263,252,33.0,34.0,26.0,49.0,23.0,0.4564620426906124,23.0,6.833739825307955,0.00575,0.04760569597395346,0.14873054891002455,0.0012933091209567352,0.0008748855818236737,0.9885884489327347,flat,low,49.0,2.1949910573794758
4937,PINILI,ILOCOS NORTE,17.9526115,120.5273877,252,43.0,50.05,26.0,113.0,87.0,1.234463691481963,87.0,20.83380666128972,0.02175,0.1690799661821868,2.2397029062518694,0.005148742313222688,0.008949861763244232,0.9691384077129509,flat,low,113.0,3.0215312065573263
4938,SAN NICOLAS,ILOCOS NORTE,18.1734424,120.5944216,252,12.0,10.9,7.0,28.0,21.0,0.22163786670694757,21.0,4.158124577258358,0.00525,0.03898349743669694,0.021138711537175125,0.00020132106225881073,0.0003878662667371583,0.9944590533323263,flat,low,28.0,4.112429911574439
4939,SARRAT,ILOCOS NORTE,18.1568444,120.6443463,252,22.0,26.95,12.0,70.0,58.0,0.8151107702475275,58.0,16.481732311865763,0.0145,0.11610786232215355,0.5308748520724627,0.0018306029381809058,0.003939702056196383,0.9796222307438118,flat,low,70.0,2.6119825618708945
4940,SOLSONA,ILOCOS NORTE,18.0927008,120.7726048,252,51.0,51.0,37.0,69.0,32.0,0.4717647293194405,32.0,10.344080432788601,0.008,0.06592004862526324,0.3208000159372196,0.0020050000996076223,0.0012580392781851748,0.988205881767014,flat,low,69.0,1.7401255120579115
4941,VINTAR,ILOCOS NORTE,18.2306726,120.6491506,252,26.0,30.45,21.0,52.0,31.0,0.5825707556823256,31.0,8.29141121884568,0.00775,0.06265270907068125,0.22913236034430468,0.0014782732925439012,0.0015049744521793411,0.9854357311079418,flat,low,52.0,2.5990747331339614
4942,ALILEM,ILOCOS SUR,16.8859992,120.5306897,253,58.0,114.7,58.0,240.0,182.0,3.0695000887385873,182.0,47.15516938788365,0.0455,0.3627316849603075,26.698767563522292,0.02933930501485966,0.046554084679201906,0.9232624977815354,gentle,low,240.0,2.657184757669657
4943,BANAYOYO,ILOCOS SUR,17.2362842,120.4797383,253,30.0,37.85,14.0,90.0,76.0,1.640989081714204,76.0,21.216208426578014,0.019,0.15664693236710334,1.9668621635246168,0.005175953061906886,0.010392930850856628,0.9589752729571449,flat,low,90.0,2.4580262643274318
4944,BANTAY,ILOCOS SUR,17.5820178,120.3896288,253,11.0,10.8,5.0,25.0,20.0,0.28983387674824085,20.0,5.2115256883181535,0.005,0.03948474733930465,0.026085048907341677,0.00026085048907341677,0.0004830564612470681,0.992754153081294,flat,low,25.0,2.724729402581756
4945,BURGOS,ILOCOS SUR,17.3335331,120.4947775,253,18.0,36.0,14.0,90.0,76.0,1.517219963080351,76.0,22.429890771022492,0.019,0.15718219570498307,1.7296307579116,0.004551659889241053,0.009609059766175557,0.9620695009229913,flat,low,90.0,2.4075015854407016
4946,CABUGAO,ILOCOS SUR,17.7944818,120.4549514,253,14.0,21.8,6.0,48.0,42.0,0.7050289453421426,42.0,10.609429767899872,0.0105,0.08331490962894358,0.2689685426480274,0.0012808025840382257,0.0024676013086974992,0.9823742763664465,flat,low,48.0,2.4695010102965465
4947,CANDON CITY,ILOCOS SUR,17.1656592,120.4414933,253,7.0,7.45,3.0,26.0,23.0,0.22701633381547698,23.0,4.663421490708298,0.00575,0.04270428824182981,0.01620802033303416,0.0001409393072437753,0.0004351146398129975,0.9943245916546131,flat,low,26.0,3.977765265094512
4948,CAOAYAN,ILOCOS SUR,17.5468059,120.3827051,253,6.0,7.666666666666667,2.0,17.0,15.0,0.22883730159581747,15.0,4.136557881996952,0.00375,0.030017736898292673,0.010965120701466255,0.0001462016093528834,0.0002860466269947719,0.9942790674601045,flat,low,17.0,2.2563037538166513
4949,CERVANTES,ILOCOS SUR,16.989946,120.7354563,253,500.0,501.85,435.0,661.0,226.0,3.8687869682154146,226.0,62.84128817903083,0.0565,0.4566402702105926,109.29323185208547,0.09671967420538537,0.07286215456805697,0.9032803257946146,gentle,mid,661.0,2.5325705770706226
4950,GALIMUYOD,ILOCOS SUR,17.183128,120.4692241,253,20.0,29.65,7.0,94.0,87.0,1.2874860387346059,87.0,23.028840613456858,0.02175,0.17247062365687027,1.3838060880074385,0.0031811634207067553,0.009334273780825892,0.9678128490316349,flat,low,94.0,2.794322054062728
4952,LIDLIDDA,ILOCOS SUR,17.2517706,120.5210619,253,72.0,122.3,62.0,253.0,191.0,3.0159062399438152,191.0,46.22672387266915,0.04775,0.37452481142973393,29.353941096133155,0.030737111095427386,0.04800317431910573,0.9246023440014046,gentle,low,253.0,2.8273688079787456
4953,MAGSINGAL,ILOCOS SUR,17.6851901,120.4257345,253,7.0,14.0,5.0,34.0,29.0,0.4755186107545475,29.0,9.246621004453464,0.00725,0.059989615850040236,0.08044189831931095,0.0005547717125469721,0.0011491699759901563,0.9881120347311363,flat,low,34.0,2.162952047825397
4954,NAGBUKEL,ILOCOS SUR,17.4472774,120.5260318,253,37.0,47.95,14.0,140.0,126.0,2.0718815036380653,126.0,36.45198897179686,0.0315,0.25573161511922887,5.215702700220875,0.008278893174953771,0.021754755788199683,0.9482029624090483,flat,low,140.0,2.525239364743041
4955,NARVACAN,ILOCOS SUR,17.4194242,120.4769173,253,6.0,6.7,2.0,11.0,9.0,0.13927392586956253,9.0,2.12367605815953,0.00225,0.01755021492890471,0.0034992573874727587,7.776127527717241e-05,0.0001044554444021719,0.996518151853261,flat,low,11.0,2.0247899667600895
4958,SAN EMILIO,ILOCOS SUR,17.2382931,120.5787045,253,229.0,263.95,155.0,418.0,263.0,4.809143883867626,263.0,64.7691863465954,0.06575,0.5229389241126357,139.1021824594267,0.10578112734557164,0.10540040345476548,0.8797714029033094,gentle,mid,418.0,2.3784457750819326
4959,SAN ESTEBAN,ILOCOS SUR,17.3311208,120.4445227,253,12.0,26.1875,8.0,71.0,63.0,1.333747450818124,63.0,19.384977269782908,0.01575,0.13201692655436914,0.9168471734178651,0.002910625947358302,0.007002174116795151,0.9666563137295469,flat,low,71.0,2.311712676503395
4960,SAN ILDEFONSO,ILOCOS SUR,17.6249757,120.3931252,253,9.0,8.9,7.0,11.0,4.0,0.069670797054682,4.0,1.2206555615733703,0.001,0.008237160222992961,0.0010334501563111164,5.1672507815555823e-05,2.3223599018227336e-05,0.9982582300736329,flat,low,11.0,1.7203856236951662
4962,SAN VICENTE,ILOCOS SUR,17.5940019,120.3741155,253,7.0,6.2,4.0,12.0,8.0,0.1153600165309068,8.0,2.1354156504062622,0.002,0.015856621011853783,0.002384107008305407,5.9602675207635175e-05,7.69066776872712e-05,0.9971159995867274,flat,low,12.0,2.7160975816576833
4963,SANTA,ILOCOS SUR,17.4859899,120.4345364,253,29.0,141.73333333333332,2.0,325.0,323.0,5.825245743223376,323.0,124.14640103075436,0.08075,0.666499434960877,111.11623892722237,0.0688026247227383,0.1456311435805844,0.8543688564194156,gentle,low,325.0,1.476214080060626
4964,SANTA CATALINA,ILOCOS SUR,17.5888763,120.3633196,253,6.0,4.5,1.0,8.0,7.0,0.12652819871031093,7.0,2.085665361461421,0.00175,0.01438800888733045,0.001660682608072831,4.74480745163666e-05,7.380811591434805e-05,0.9968367950322422,flat,low,8.0,1.6781207506015292
4965,SANTA CRUZ (Region I),ILOCOS SUR,17.0846929,120.4547867,253,7.0,12.35,1.0,52.0,51.0,0.6565554768079382,51.0,13.275070621281078,0.01275,0.09994495458377757,0.17230477794478327,0.0006757050115481697,0.0027903607764337376,0.9835861130798016,flat,low,52.0,2.9868012114102385
4966,SANTA LUCIA,ILOCOS SUR,17.1204469,120.4491232,253,5.0,6.85,3.0,21.0,18.0,0.21115404763190973,18.0,4.746314359584708,0.0045,0.035176017062892154,0.010848039197089362,0.00012053376885654846,0.0003167310714478646,0.9947211488092023,flat,low,21.0,2.9812599728388243
4967,SANTA MARIA (ILOCOS SUR),ILOCOS SUR,17.3698618,120.4808168,253,7.0,7.05,3.0,16.0,13.0,0.17252491049950064,13.0,3.6397115270306792,0.00325,0.0258625416695782,0.00658829501969968,0.00010135838491845662,0.00018690198637445903,0.9956868772375125,flat,low,16.0,2.4589854098454076
4968,SANTIAGO,ILOCOS SUR,17.2940877,120.4453175,253,11.0,58.1,6.0,153.0,147.0,2.833307650957445,147.0,46.145313954940214,0.03675,0.3068185272191313,10.082679439388437,0.013717931210052298,0.034708018724228705,0.9291673087260639,flat,low,153.0,2.056546804213333
4969,SANTO DOMINGO,ILOCOS SUR,17.6390234,120.409813,253,11.0,10.3,8.0,12.0,4.0,0.0907161214275226,4.0,1.3453624047073711,0.001,0.00858758260210065,0.0015572934178391378,7.78646708919569e-05,3.023870714250753e-05,0.997732096964312,flat,low,12.0,1.263599109394361
4970,SIGAY,ILOCOS SUR,17.0425835,120.5804799,253,566.0,678.55,552.0,899.0,347.0,8.087304143207643,347.0,97.35269641874332,0.08675,0.6505675064780579,350.7868172116315,0.20218260358019108,0.20218260358019108,0.797817396419809,moderate,mid,899.0,2.264446757461461
4971,SINAIT,ILOCOS SUR,17.8657434,120.4571865,253,10.0,13.5,1.0,42.0,41.0,0.6531103487902018,41.0,11.430223094935636,0.01025,0.08245501301182845,0.15062357418974026,0.000734749142388977,0.002231460358366523,0.983672241280245,flat,low,42.0,2.4933894351754167
4972,SUGPON,ILOCOS SUR,16.8444574,120.516718,253,124.0,131.5,74.0,213.0,139.0,3.624821950945537,139.0,43.37222613608852,0.03475,0.29804682691889145,27.60679501264917,0.03972200721244484,0.0419875209317858,0.9093794512263615,gentle,low,213.0,1.879082661452418
4973,SUYO,ILOCOS SUR,16.983764,120.5151368,253,167.0,199.0,96.0,315.0,219.0,4.96620095838398,219.0,66.6055553238617,0.05475,0.4607616654843421,90.1800016530551,0.08235616589320101,0.09063316749050764,0.8758449760404005,gentle,low,315.0,1.741596443335202
4974,TAGUDIN,ILOCOS SUR,16.9345656,120.445017,253,8.0,14.8,5.0,42.0,37.0,0.4667820151441219,37.0,10.371113729971338,0.00925,0.07341249427247286,0.1065040964553838,0.0005756978186777503,0.0014392445466943759,0.9883304496213969,flat,low,42.0,2.6226688941541747
4975,VIGAN CITY,ILOCOS SUR,17.5755487,120.3872632,253,11.0,10.1,6.0,25.0,19.0,0.26622877127727507,19.0,4.12189276910499,0.00475,0.03632535877414948,0.021287208836712115,0.00022407588249170649,0.0004215288878556855,0.9933442807180681,flat,low,25.0,3.614843281911004
4976,AGOO,LA UNION,16.3223973,120.3670036,254,19.0,27.4375,3.0,116.0,113.0,1.6642954749987982,113.0,29.654191841120877,0.02825,0.2236015078610673,2.1500183757360776,0.0038053422579399604,0.015672115722905347,0.95839261312503,flat,low,116.0,2.9865085343746784
4977,ARINGAY,LA UNION,16.3946672,120.354351,254,16.0,46.875,3.0,140.0,137.0,2.6698301476541806,137.0,48.43665321840476,0.03425,0.29344321808318047,7.143881449777788,0.010429024014274143,0.030480560852385232,0.9332542463086455,flat,low,140.0,1.9226142165000066
4978,BACNOTAN,LA UNION,16.7202558,120.3525941,254,11.0,17.5,3.0,42.0,39.0,0.8968994090069524,39.0,11.672617529928752,0.00975,0.08191135986871584,0.25505576943635205,0.0013079783048018055,0.0029149230792725953,0.9775775147748262,flat,low,42.0,2.0989292108862867
4979,BAGULIN,LA UNION,16.6062112,120.4373211,254,103.0,212.125,89.0,434.0,345.0,6.315270417233311,345.0,92.18858050214246,0.08625,0.6281767234869815,192.5713434804948,0.11163556143796799,0.15788176043083277,0.8421182395691672,gentle,mid,434.0,2.406751426095472
4980,BALAOAN,LA UNION,16.8221917,120.4029188,254,14.0,20.25,6.0,67.0,61.0,0.778176696323652,61.0,18.503715843040823,0.01525,0.12298066721688639,0.40051781838907974,0.001313173175046163,0.003955731539645232,0.9805455825919087,flat,low,67.0,2.5265194229116457
4981,BANGAR,LA UNION,16.8933093,120.4233732,254,10.0,6.65,3.0,12.0,9.0,0.15430985389341395,9.0,3.1348843678834473,0.00225,0.01903005704541197,0.0038481019814670106,8.551337736593357e-05,0.00011573239042006047,0.9961422536526646,flat,low,12.0,1.7066014773012614
4982,BAUANG,LA UNION,16.5265951,120.3292822,254,12.0,22.23076923076923,4.0,79.0,75.0,1.1488829029693575,75.0,21.086466115839276,0.01875,0.15066801355543424,0.7981422090340008,0.002128379224090669,0.007180518143558484,0.971277927425766,flat,low,79.0,2.692211571401076
4983,BURGOS,LA UNION,16.5189301,120.4583283,254,246.0,292.5,97.0,541.0,444.0,8.435868181327155,444.0,142.66437887573758,0.111,0.7140330184209295,456.48591696206563,0.2056242869198494,0.21089670453317888,0.7891032954668211,moderate,mid,541.0,1.7418503498662143
4984,CABA,LA UNION,16.4318378,120.3456178,254,16.0,49.166666666666664,5.0,167.0,162.0,2.5028037889766956,162.0,43.071323277662245,0.0405,0.3223279641904291,8.30618007466641,0.010254543302057295,0.0337878511511854,0.9374299052755826,flat,low,167.0,2.735772240800229
4985,CITY OF SAN FERNANDO,LA UNION,16.6162676,120.317104,254,28.0,17.818181818181817,4.0,46.0,42.0,0.829919741684217,42.0,11.853792502579708,0.0105,0.08606685440984319,0.2587840649069877,0.0012323050709856555,0.00290471909589476,0.9792520064578946,flat,low,46.0,2.3774514188799607
4986,LUNA,LA UNION,16.8529495,120.3775805,254,9.0,7.4,3.0,17.0,14.0,0.2676695721077976,14.0,4.062839729384691,0.0035,0.02875922839512282,0.011554403195986598,0.00016506290279980854,0.00031228116745909724,0.993308260697305,flat,low,17.0,2.3628787440687837
4987,NAGUILIAN,LA UNION,16.5313384,120.3941216,254,21.0,33.6875,19.0,63.0,44.0,1.2511096156481898,44.0,13.673508830947526,0.011,0.09517855424485169,0.772690511581054,0.0035122295980956997,0.004587401924043363,0.9687222596087952,flat,low,63.0,2.143743659265629
4988,PUGO,LA UNION,16.3202994,120.4673523,254,85.0,127.0,51.0,237.0,186.0,5.15278304064042,186.0,55.35905526650541,0.0465,0.39789892529427756,50.71626707750334,0.05453362051344445,0.07986813712992652,0.8711804239839895,gentle,low,237.0,1.9870280929365247
4989,ROSARIO,LA UNION,16.2299397,120.487704,254,134.0,159.625,108.0,249.0,141.0,2.113947295485888,141.0,37.57804378889354,0.03525,0.2801010972206929,19.824531676213674,0.028119903086827904,0.02483888072195918,0.9471513176128528,flat,low,249.0,2.378383455075753
4990,SAN GABRIEL,LA UNION,16.673886,120.4011842,254,20.0,44.3125,11.0,151.0,140.0,2.4144234570897236,140.0,42.070950117034435,0.035,0.28722080540558104,6.241033134133488,0.008915761620190697,0.028168273666046774,0.9396394135727569,flat,low,151.0,2.535894653372894
4991,SAN JUAN,LA UNION,16.6699328,120.3385507,254,7.0,25.615384615384617,3.0,52.0,49.0,1.0880407990983396,49.0,16.790741320228843,0.01225,0.10540801208574893,0.5690244140669105,0.0023225486288445327,0.004442833262984887,0.9727989800225415,flat,low,52.0,1.5713787324833286
4992,SANTO TOMAS,LA UNION,16.2823499,120.3867155,254,8.0,24.466666666666665,3.0,92.0,89.0,1.6717907006489743,89.0,27.870813088645658,0.02225,0.18528925274887276,1.516824990424929,0.003408595484100964,0.01239911436314656,0.9582052324837756,flat,low,92.0,2.423084346174368
4993,SANTOL,LA UNION,16.7721697,120.4600563,254,82.0,153.6,40.0,324.0,284.0,5.560221891864278,284.0,88.22834011812758,0.071,0.5922897283779825,101.06259310652511,0.07117084021586276,0.13159191810745458,0.860994452703393,gentle,low,324.0,1.9313521918297665
4994,SUDIPEN,LA UNION,16.9060713,120.4618395,254,30.0,32.6,11.0,102.0,91.0,1.467014510800214,91.0,24.87247474619283,0.02275,0.18249967663109234,1.8133521865582978,0.003985389421007248,0.011124860040234956,0.9633246372299946,flat,low,102.0,2.7902328947138644
4995,TUBAO,LA UNION,16.3470326,120.4126153,254,31.0,58.6875,24.0,105.0,81.0,2.0410565237933938,81.0,24.98429194013711,0.02025,0.17267163383670836,4.042727034979212,0.009982042061677066,0.013777131535605409,0.9489735869051652,flat,low,105.0,1.853664624849129
4996,AGNO,PANGASINAN,16.1156627,119.799026,255,15.0,39.5625,10.0,91.0,81.0,2.224977393105121,81.0,26.937354988008753,0.02025,0.17688502550701482,2.9708662988718455,0.007335472342893445,0.015018597403459568,0.944375565172372,flat,low,91.0,1.9095229696224663
4997,AGUILAR,PANGASINAN,15.8890372,120.2384199,255,13.0,14.4375,8.0,39.0,31.0,0.4918508948910688,31.0,8.433332304018382,0.00775,0.062048138402321366,0.09172250672695167,0.0005917581079158172,0.0012706148118019278,0.9877037276277233,flat,low,39.0,2.912549417238883
4998,ALAMINOS CITY,PANGASINAN,16.1123968,119.9734808,255,29.0,22.375,12.0,37.0,25.0,0.39561478753015616,25.0,7.704503553117489,0.00625,0.05123430079504551,0.09220709240611713,0.0007376567392489371,0.0008241974740211587,0.9901096303117461,flat,low,37.0,1.8982401657589076
4999,ALCALA,PANGASINAN,15.8443487,120.5213759,255,26.0,22.6875,19.0,26.0,7.0,0.15560121509637362,7.0,2.1999644883497553,0.00175,0.01479479661655961,0.010296424155205347,0.00029418354729158136,9.076737547288462e-05,0.9961099696225907,flat,low,26.0,1.5057054383542998
5000,ANDA,PANGASINAN,16.2896313,119.9496392,255,17.0,16.076923076923077,3.0,26.0,23.0,0.5512114518564358,23.0,6.568708320064367,0.00575,0.04808137796382963,0.08492543106006048,0.0007384820092179172,0.0010564886160581686,0.9862197137035891,flat,low,26.0,1.5106585539972845
5001,ASINGAN,PANGASINAN,16.0037829,120.6702443,255,47.0,43.625,37.0,50.0,13.0,0.21126807530158098,13.0,3.314268395890713,0.00325,0.02576762018674312,0.04992308633558713,0.0007680474820859559,0.0002288737482433794,0.9947182981174605,flat,low,50.0,1.9235008499623527
5002,BALUNGAO,PANGASINAN,15.8977234,120.67179,255,42.0,42.75,36.0,59.0,23.0,0.38575999143548,23.0,6.49519052838329,0.00575,0.046535653962904835,0.15804104649122322,0.0013742699694888974,0.0007393733169180032,0.990356000214113,flat,low,59.0,2.5018507813032524
5003,BANI,PANGASINAN,16.1839974,119.8618795,255,9.0,14.5625,5.0,40.0,35.0,0.6183475002653667,35.0,9.239647923487128,0.00875,0.07023007119197147,0.13131832980896002,0.0007503904560512001,0.0018035135424406528,0.9845413124933658,flat,low,40.0,2.753080794589288
5004,BASISTA,PANGASINAN,15.8531127,120.4031042,255,16.0,14.75,12.0,17.0,5.0,0.14093606266823175,5.0,1.6007810593582121,0.00125,0.010867565294157977,0.00433084775907587,0.00017323391036303483,5.872335944509656e-05,0.9964765984332942,flat,low,17.0,1.4055629789492228
5005,BAUTISTA,PANGASINAN,15.8104339,120.4761471,255,23.0,22.125,19.0,26.0,7.0,0.14452444555019073,7.0,1.996089927833914,0.00175,0.014426042135676054,0.009326343126910745,0.0002664669464831641,8.430592657094459e-05,0.9963868888612453,flat,low,26.0,1.9412943298154313
5006,BAYAMBANG,PANGASINAN,15.8093238,120.4570409,255,28.0,25.0625,19.0,32.0,13.0,0.23100416844120392,13.0,3.3441880554179364,0.00325,0.02598020388108445,0.03136001901260406,0.0004824618309631394,0.00025025451581130425,0.9942248957889699,flat,low,32.0,2.0744939610278683
5007,BINALONAN,PANGASINAN,16.0444475,120.5917707,255,41.0,36.875,32.0,41.0,9.0,0.2093129101602592,9.0,3.018174116912409,0.00225,0.01935572011978548,0.028944050858098345,0.0006432011301799632,0.0001569846826201944,0.9947671772459935,flat,low,41.0,1.366719901998222
5008,BINMALEY,PANGASINAN,16.0289195,120.2684844,255,6.0,5.538461538461538,5.0,7.0,2.0,0.043898765161835225,2.0,0.7457969011409737,0.0005,0.004378510063354024,0.0002026096853623164,2.026096853623164e-05,7.3164608603058704e-06,0.9989025308709542,flat,low,7.0,1.9596977402356563
5009,BOLINAO,PANGASINAN,16.3886595,119.8932117,255,14.0,19.714285714285715,4.0,39.0,35.0,0.9194519052309703,35.0,12.869835005205953,0.00875,0.07770498417771227,0.26434242275390396,0.0015105281300223084,0.0026817347235903303,0.9770137023692257,flat,low,39.0,1.4985205932626537
5010,BUGALLON,PANGASINAN,15.9540627,120.2149613,255,10.0,8.5625,5.0,14.0,9.0,0.15522364779866932,9.0,2.9148059540902547,0.00225,0.018744614857025364,0.004984134316035398,0.00011075854035634216,0.00011641773584900198,0.9961194088050332,flat,low,14.0,1.8654751706179824
5011,BURGOS,PANGASINAN,16.0593938,119.8649284,255,86.0,83.25,48.0,94.0,46.0,0.833731050286993,46.0,14.135504943227179,0.0115,0.09514248661431408,1.3303221071141833,0.005784009161366014,0.0031959690261001393,0.9791567237428251,flat,low,94.0,0.760496302231807
5012,CALASIAO,PANGASINAN,16.0089487,120.3571939,255,7.0,7.625,6.0,10.0,4.0,0.10280851375411205,4.0,1.1110243021644486,0.001,0.008380940231567746,0.001306524862291841,6.532624311459205e-05,3.426950458470402e-05,0.9974297871561472,flat,low,10.0,2.1376650877105443
5013,DAGUPAN CITY,PANGASINAN,16.0431813,120.3341895,255,7.0,5.875,4.0,7.0,3.0,0.08474513749285709,3.0,1.1110243021644486,0.00075,0.006722885689281765,0.0006223471034631692,4.148980689754462e-05,2.1186284373214274e-05,0.9978813715626785,flat,low,7.0,1.0125781994418368
5014,DASOL,PANGASINAN,15.9902346,119.8811438,255,14.0,20.0,8.0,41.0,33.0,0.686424039802292,33.0,9.746794344808963,0.00825,0.06850193614134867,0.18876661094563035,0.0011440400663371535,0.0018876661094563033,0.9828393990049427,flat,low,41.0,2.1545543183262152
5015,INFANTA,PANGASINAN,15.8251315,119.9056689,255,,11.083333333333334,4.0,23.0,19.0,0.3898981683145144,19.0,5.05731044023292,0.00475,0.038654689559729234,0.03421085664342979,0.0003601142804571557,0.0006173387664979811,0.9902525457921372,flat,low,23.0,2.3563244636003335
5016,LABRADOR,PANGASINAN,16.0254835,120.1462065,255,6.0,53.714285714285715,4.0,181.0,177.0,3.2010403076660086,177.0,59.75118477179053,0.04425,0.373177349054465,12.680692533082631,0.01432846613907642,0.04721534453807363,0.9199739923083498,gentle,low,181.0,2.1302625653633114
5017,LAOAC,PANGASINAN,16.0480995,120.5471064,255,27.0,28.5625,21.0,35.0,14.0,0.22853413174092885,14.0,4.076897564325108,0.0035,0.028435537071833272,0.03807711913745997,0.0005439588448208567,0.00026662315369775034,0.9942866467064768,flat,low,35.0,1.5790189278515117
5018,LINGAYEN,PANGASINAN,16.0206363,120.2307093,255,7.0,5.75,4.0,7.0,3.0,0.05161894653134711,3.0,0.924211375534118,0.00075,0.006183947616194779,0.00037101117819405736,2.473407854627049e-05,1.2904736632836779e-05,0.9987095263367163,flat,low,7.0,1.3525029885880977
5019,MABINI,PANGASINAN,16.0698586,119.9394828,255,18.0,38.625,13.0,61.0,48.0,1.0687430200271428,48.0,15.057701517828011,0.012,0.10142843678234152,0.8256039829709678,0.003440016595712366,0.004274972080108571,0.9732814244993214,flat,low,61.0,1.4859504611349879
5020,MALASIQUI,PANGASINAN,15.9199144,120.4138181,255,15.0,13.625,10.0,17.0,7.0,0.14339193292887678,7.0,1.8328597873268975,0.00175,0.014198492462896868,0.005698335667954843,0.00016280959051299552,8.364529420851145e-05,0.9964152016767781,flat,low,17.0,1.8413837119196639
5021,MANAOAG,PANGASINAN,16.0435664,120.4873292,255,25.0,22.0625,16.0,39.0,23.0,0.3809339562739367,23.0,6.2396789781205895,0.00575,0.046152744088224396,0.08054173934864824,0.0007003629508578108,0.000730123416191712,0.9904766510931515,flat,low,39.0,2.7144821624492392
5022,MANGALDAN,PANGASINAN,16.0702806,120.4037803,255,8.0,6.3125,3.0,10.0,7.0,0.14358866944996357,7.0,2.310810193417019,0.00175,0.014837481115576541,0.0026436768047167778,7.553362299190792e-05,8.376005717914542e-05,0.9964102832637509,flat,low,10.0,1.5957599697045166
5023,MANGATAREM,PANGASINAN,15.7885355,120.2938639,255,20.0,17.875,13.0,25.0,12.0,0.20519715712053224,12.0,3.4798527267687636,0.003,0.024435278760496344,0.018339495917647566,0.0003056582652941261,0.00020519715712053222,0.9948700710719867,flat,low,25.0,2.047499854718306
5024,MAPANDAN,PANGASINAN,16.0269118,120.4537476,255,13.0,13.125,10.0,17.0,7.0,0.10942161906365058,7.0,1.899835519196333,0.00175,0.013990553192402054,0.004188796354780373,0.00011967989585086782,6.382927778712951e-05,0.9972644595234087,flat,low,17.0,2.0396491807827752
5025,NATIVIDAD,PANGASINAN,16.0427467,120.7946807,255,91.0,88.375,73.0,117.0,44.0,0.7780670201630002,44.0,13.582502530829876,0.011,0.09091808980086609,1.2606306699599277,0.005730139408908761,0.0028529124072643342,0.980548324495925,flat,low,117.0,2.107490709280975
5026,POZORRUBIO,PANGASINAN,16.1102814,120.5452288,255,57.0,50.625,37.0,70.0,33.0,0.504031743558803,33.0,8.894345113610107,0.00825,0.06576940457428634,0.3508533464928856,0.0021263839181387004,0.0013860872947867083,0.98739920641103,flat,low,70.0,2.178350128555535
5027,ROSALES,PANGASINAN,15.8924255,120.6329883,255,33.0,33.3125,30.0,36.0,6.0,0.1161852943121433,6.0,1.7929985359726315,0.0015,0.01240728603986143,0.009676056541933185,0.0003225352180644395,5.809264715607166e-05,0.9970953676421964,flat,low,36.0,1.4988849389423502
5028,SAN CARLOS CITY,PANGASINAN,15.9260531,120.3464235,255,11.0,10.1875,7.0,12.0,5.0,0.13346004490889102,5.0,1.6286017775994228,0.00125,0.010839244429752027,0.002832550432311098,0.00011330201729244393,5.5608352045371255e-05,0.9966634988772777,flat,low,12.0,1.112917173499878
5029,SAN FABIAN,PANGASINAN,16.1221224,120.4032449,255,4.0,3.1,2.0,5.0,3.0,0.07842062293786708,3.0,1.044030650891055,0.00075,0.006578221318561077,0.00030387991388423495,2.0258660925615663e-05,1.960515573446677e-05,0.9980394844265533,flat,low,5.0,1.819868198802591
5030,SAN JACINTO,PANGASINAN,16.0735396,120.4370716,255,10.0,8.75,7.0,13.0,6.0,0.08716397940204224,6.0,1.3919410907075054,0.0015,0.011618606274044544,0.0019067120494196742,6.355706831398914e-05,4.3581989701021124e-05,0.997820900514949,flat,low,13.0,3.0532879409083624
5031,SAN MANUEL,PANGASINAN,16.0643792,120.6681808,255,66.0,79.5,57.0,170.0,113.0,1.4581518283621708,113.0,30.370627257269483,0.02825,0.22275299817452832,5.45804456253815,0.009660255862899382,0.013730929717077109,0.9635462042909457,flat,low,170.0,2.979852745665148
5032,SAN NICOLAS,PANGASINAN,16.069384,120.7619537,255,86.0,80.6875,68.0,101.0,33.0,0.46828716466334286,33.0,8.334557201795425,0.00825,0.06471025562653149,0.5195426582331354,0.0031487433832311233,0.0012877897028241928,0.9882928208834164,flat,low,101.0,2.437141778627726
5033,SAN QUINTIN,PANGASINAN,15.9843124,120.8131571,255,106.0,107.8125,84.0,129.0,45.0,0.8399109219880545,45.0,13.789573733440784,0.01125,0.09323531887864986,1.6978668051906958,0.007546074689736427,0.0031496659574552044,0.9790022269502986,flat,low,129.0,1.5364868322312129
5034,SANTA BARBARA,PANGASINAN,15.9999235,120.4051274,255,9.0,8.625,6.0,11.0,5.0,0.10018407511690287,5.0,1.2686114456365274,0.00125,0.010068092584788269,0.0018001825997568486,7.200730399027394e-05,4.1743364632042865e-05,0.9974953981220774,flat,low,11.0,1.872124152785165
5035,SANTA MARIA (PANGASINAN),PANGASINAN,15.9809907,120.7004137,255,45.0,43.6875,41.0,47.0,6.0,0.14844142776148278,6.0,1.9595519258238603,0.0015,0.012911598394011455,0.01621258718832445,0.0005404195729441483,7.422071388074139e-05,0.9962889643059629,flat,low,47.0,1.6904366074252966
5036,SANTO TOMAS,PANGASINAN,15.878228,120.5860753,255,28.0,26.9375,24.0,30.0,6.0,0.14881963671284995,6.0,1.818954026356906,0.0015,0.012727443856379979,0.01002207240988099,0.0003340690803293663,7.440981835642497e-05,0.9962795090821788,flat,low,30.0,1.6836589996035956
5037,SISON,PANGASINAN,16.1726711,120.5096939,255,97.0,94.1875,76.0,118.0,42.0,0.7468275256651692,42.0,12.31472061193432,0.0105,0.08595436833214934,1.2309818075377923,0.005861818131132344,0.0026138963398280924,0.9813293118583708,flat,low,118.0,1.933661251174616
5038,SUAL,PANGASINAN,16.0653569,120.0962429,255,28.0,88.75,5.0,239.0,234.0,5.145994519958484,234.0,74.50517319846544,0.0585,0.495367682980924,44.528933830515754,0.03805891780385962,0.10034689313919044,0.8713501370010379,gentle,low,239.0,2.0166384632531287
5039,TAYUG,PANGASINAN,16.0275524,120.7443637,255,64.0,60.875,53.0,68.0,15.0,0.2747886295174739,15.0,4.675401052316261,0.00375,0.031138268578032913,0.10454848638672638,0.0013939798184896852,0.0003434857868968424,0.9931302842620632,flat,low,68.0,1.5239331121203092
5040,UMINGAN,PANGASINAN,15.9272139,120.8407438,255,104.0,108.625,95.0,122.0,27.0,0.520333553112701,27.0,9.102712507818755,0.00675,0.05718986860016114,0.6358638623272554,0.004710102683905595,0.0011707504945035773,0.9869916611721825,flat,low,122.0,1.4693420800854136
5041,URBIZTONDO,PANGASINAN,15.8223901,120.3293751,255,15.0,13.1875,10.0,16.0,6.0,0.14416880855115377,6.0,1.7399263633843818,0.0015,0.012581378892668438,0.004753065406920852,0.0001584355135640284,7.208440427557689e-05,0.9963957797862212,flat,low,16.0,1.6164467892092502
5042,URDANETA CITY,PANGASINAN,15.9759995,120.5668992,255,29.0,26.5625,23.0,30.0,7.0,0.12437954337690407,7.0,1.9990231989649345,0.00175,0.01425368526983449,0.009636175561101292,0.0002753193017457512,7.255473363652738e-05,0.9968905114155774,flat,low,30.0,1.7195889883573632
5043,VILLASIS,PANGASINAN,15.9015861,120.5883085,255,28.0,28.3125,25.0,30.0,5.0,0.11461595074387541,5.0,1.5699820858850588,0.00125,0.010596199016855655,0.0067605502196582765,0.00027042200878633107,4.775664614328142e-05,0.9971346012314031,flat,low,30.0,1.0748523440612052
5044,BASCO,BATANES,20.4490442,121.9683455,256,28.0,67.85714285714286,17.0,146.0,129.0,2.5659416852637773,129.0,36.457131661440286,0.03225,0.26456149862797845,9.35881409312726,0.01450978929167017,0.027583873116585604,0.9358514578684056,flat,low,146.0,2.143417527333594
5045,ITBAYAT,BATANES,20.7878139,121.8414735,256,102.0,104.3157894736842,30.0,177.0,147.0,1.8121211512269768,147.0,30.35761004319388,0.03675,0.27683287346416124,11.57826197137247,0.015752737376016967,0.022198484102530468,0.9546969712193256,flat,low,177.0,2.3942664797601543
5046,IVANA,BATANES,20.3709221,121.9145002,256,,76.71428571428571,29.0,120.0,91.0,2.432567100864295,91.0,30.72325450447818,0.02275,0.19874930147186684,7.075729554639016,0.015551053966239597,0.01844696718155424,0.9391858224783927,flat,low,120.0,1.4088908735405667
5047,MAHATAO,BATANES,20.4164659,121.948428,256,52.0,84.8,22.0,181.0,159.0,2.6519936166116076,159.0,41.75356272223964,0.03975,0.3173763611083378,14.898900138124013,0.01874075489072203,0.035138915420103806,0.9337001595847099,flat,low,181.0,2.3039949509449893
5048,SABTANG,BATANES,20.3347734,121.8722738,256,,87.7,32.0,184.0,152.0,3.270634134966911,152.0,44.63866037416446,0.038,0.3161362625131798,18.166192196984547,0.023902884469716508,0.041428032376247544,0.9182341466258273,gentle,low,184.0,2.1573227564511064
5049,UYUGAN,BATANES,20.3495326,121.9380527,256,,74.1,15.0,120.0,105.0,2.856113199948498,105.0,31.74413331625231,0.02625,0.2248165015878858,9.259161980083036,0.017636499009681974,0.024990990499549354,0.9285971700012876,flat,low,120.0,1.4459364222290414
5050,ABULUG,CAGAYAN,18.4434854,121.4572732,257,6.0,4.0,1.0,7.0,6.0,0.08895057963482018,6.0,1.6583123951777,0.0015,0.011989400765374945,0.0008895057963482019,2.9650193211606727e-05,4.447528981741009e-05,0.9977762355091295,flat,low,7.0,1.8090669765581489
5051,ALCALA,CAGAYAN,17.9024399,121.6541034,257,36.0,19.4,8.0,57.0,49.0,0.754773017094063,49.0,13.904675472660266,0.01225,0.09864383119645341,0.29895301252067347,0.0012202163776354018,0.003081989819800757,0.9811306745726485,flat,low,57.0,2.7041262034345133
5052,ALLACAPAN,CAGAYAN,18.225865,121.5560253,257,9.0,12.9,2.0,33.0,31.0,0.45565022625620133,31.0,8.377947242612596,0.00775,0.06165753580322522,0.07592271894993956,0.0004898239932254165,0.0011770964178285201,0.9886087443435949,flat,low,33.0,2.3991554277890814
5053,AMULUNG,CAGAYAN,17.8363234,121.7231165,257,16.0,15.2,10.0,21.0,11.0,0.1786211059643102,11.0,3.1559467676119,0.00275,0.02227086370067025,0.012443937048846943,0.00022625340088812623,0.00016373601380061768,0.9955344723508922,flat,low,21.0,1.8377997441918534
5054,APARRI,CAGAYAN,18.3573529,121.6374711,257,4.0,2.0,0.0,4.0,4.0,0.08284101948814013,4.0,1.3416407864998738,0.001,0.008513713302521058,0.00027613673162713373,1.3806836581356687e-05,2.7613673162713375e-05,0.9979289745127965,flat,low,4.0,1.490710873889577
5055,BAGGAO,CAGAYAN,17.9341539,121.7716914,257,15.0,30.4,13.0,59.0,46.0,1.0149549176200328,46.0,13.324413683160698,0.0115,0.09564674044005621,0.5913803986666057,0.0025712191246374163,0.0038906605175434584,0.9746261270594991,flat,low,59.0,2.146435748216729
5056,BALLESTEROS,CAGAYAN,18.4094347,121.5147489,257,7.0,5.25,2.0,8.0,6.0,0.1316659784119583,6.0,1.920286436967152,0.0015,0.012712459227060838,0.0017281159666569527,5.7603865555231754e-05,6.583298920597915e-05,0.9967083505397011,flat,low,8.0,1.4320772750267392
5057,BUGUEY,CAGAYAN,18.2882302,121.832126,257,6.0,4.222222222222222,3.0,6.0,3.0,0.07611300816256819,3.0,1.0304020550550783,0.00075,0.0065398582281625765,0.00040170754308022094,2.678050287201473e-05,1.9028252040642048e-05,0.9980971747959358,flat,low,6.0,1.7253226968380349
5058,CALAYAN,CAGAYAN,19.2612602,121.4756285,257,15.0,26.25,15.0,47.0,32.0,0.8558543532604259,32.0,9.896337706444744,0.008,0.06868384253295505,0.29954902364114905,0.0018721813977571817,0.0022822782753611362,0.9786036411684893,flat,low,47.0,2.0967350265090543
5059,CAMALANIUGAN,CAGAYAN,18.273536,121.6757107,257,6.0,2.75,0.0,7.0,7.0,0.17101159592093187,7.0,1.8131464364468746,0.00175,0.014413880046237322,0.0013716555089491413,3.919015739854689e-05,9.975676428721027e-05,0.9957247101019767,flat,low,7.0,2.343990298068916
5060,CLAVERIA,CAGAYAN,18.6051605,121.080641,257,8.0,30.615384615384617,6.0,61.0,55.0,1.8231147966348709,55.0,20.30740093031057,0.01375,0.12552878904430254,1.27910201597235,0.004651280058081273,0.008355942817909825,0.9544221300841282,flat,low,61.0,1.4962335156849231
5061,ENRILE,CAGAYAN,17.5617622,121.7007107,257,22.0,22.55,19.0,25.0,6.0,0.1321271777402438,6.0,1.8020821290940099,0.0015,0.012558888977352481,0.007448669645106244,0.00024828898817020814,6.60635888701219e-05,0.9966968205564939,flat,low,25.0,1.3595377263377006
5062,GATTARAN,CAGAYAN,18.0603315,121.6414943,257,5.0,19.9,5.0,60.0,55.0,1.0604093152600056,55.0,18.151859408887017,0.01375,0.1159810607203744,0.4835908314800316,0.0017585121144728423,0.004860209361608359,0.9734897671184999,flat,low,60.0,2.209139950215094
5063,GONZAGA,CAGAYAN,18.2612024,121.9966488,257,19.0,33.9,8.0,88.0,80.0,1.5809290248945045,80.0,24.051819058025526,0.02,0.16590222104519425,1.78644979813079,0.004466124495326975,0.010539526832630031,0.9604767743776373,flat,low,88.0,2.249310025997309
5064,IGUIG,CAGAYAN,17.7501663,121.7353806,257,23.0,22.1,14.0,36.0,22.0,0.30821545285042606,22.0,6.307931515164063,0.0055,0.044107460565993316,0.062439313823282154,0.0005676301256662014,0.0005650616635591145,0.9922946136787394,flat,low,36.0,2.203574620778655
5065,LAL-LO,CAGAYAN,18.2000513,121.661997,257,6.0,10.15,2.0,41.0,39.0,0.6917082219935801,39.0,11.297234174788095,0.00975,0.07961542584216129,0.11408862486506612,0.0005850698711029032,0.002248051721479135,0.9827072944501605,flat,low,41.0,2.7307566429038834
5066,LASAM,CAGAYAN,18.0650426,121.6012061,257,14.0,15.7,9.0,33.0,24.0,0.3673807630141139,24.0,5.806031346797914,0.006,0.046955956805437384,0.057678779793215874,0.000480656498276799,0.0007347615260282278,0.9908154809246471,flat,low,33.0,2.9796595965472235
5067,PAMPLONA,CAGAYAN,18.4641165,121.3405544,257,9.0,12.0,3.0,24.0,21.0,0.4313936802308935,21.0,7.231873892705818,0.00525,0.04491719322562809,0.04529633642424382,0.0004313936802308935,0.0007549389404040637,0.9892151579942277,flat,low,24.0,1.6593207402002195
5068,PEÑABLANCA,CAGAYAN,17.6248562,121.7844749,257,32.0,46.3,28.0,84.0,56.0,1.281757456159379,56.0,16.42589419179364,0.014,0.11711656999711943,1.3847253051375155,0.00494544751834827,0.005981534795410436,0.9679560635960155,flat,low,84.0,2.2951564928305936
5069,PIAT,CAGAYAN,17.7915986,121.4771204,257,36.0,38.15,20.0,80.0,60.0,0.8767609495239602,60.0,16.692138868341587,0.015,0.11992784346612344,0.8362107556084769,0.00278736918536159,0.004383804747619801,0.978080976261901,flat,low,80.0,2.5071680641361604
5070,RIZAL,CAGAYAN,17.8457386,121.3457201,257,69.0,95.6,58.0,167.0,109.0,2.3494745636225636,109.0,31.585439683499736,0.02725,0.2261718220096971,10.201026976155234,0.01871748069019309,0.02134106061957162,0.9412631359094359,flat,low,167.0,2.2605351850385746
5071,SANCHEZ-MIRA,CAGAYAN,18.5603984,121.2342313,257,6.0,12.65,3.0,86.0,83.0,0.7530203476836588,83.0,18.025745476956008,0.02075,0.15512325534484003,0.3294307141876906,0.0007938089498498569,0.005208390738145306,0.9811744913079086,flat,low,86.0,4.069179608942694
5072,SANTA ANA,CAGAYAN,18.4572501,122.1421667,257,5.0,5.214285714285714,2.0,9.0,7.0,0.12195837455304584,7.0,1.8585159758939551,0.00175,0.014045157078531092,0.0018547836129942387,5.299381751412111e-05,7.114238515594341e-05,0.9969510406361739,flat,low,9.0,2.036954375352606
5073,SANTA PRAXEDES,CAGAYAN,18.5634924,120.9908099,257,59.0,169.65,59.0,351.0,292.0,5.809280976142002,292.0,85.24627557846736,0.073,0.6024929093125324,119.90791630830302,0.08212870980020755,0.1413591704194554,0.8547679755964499,gentle,low,351.0,2.127365643155936
5074,SANTA TERESITA,CAGAYAN,18.2496114,121.9092779,257,10.0,8.05,4.0,14.0,10.0,0.14852911088199006,10.0,3.0079062485390065,0.0025,0.02031017138493609,0.004981913927500083,9.963827855000167e-05,0.00012377425906832503,0.9962867722279503,flat,low,14.0,1.9781195058092362
5075,SANTO NIÑO (FAIRE),CAGAYAN,17.8820299,121.5704473,257,20.0,27.45,14.0,74.0,60.0,1.0448972685975586,60.0,15.76856049232142,0.015,0.12016759842332388,0.7170607505750746,0.0023902025019169153,0.005224486342987793,0.973877568285061,flat,low,74.0,2.952076511396918
5076,SOLANA,CAGAYAN,17.6509356,121.6909171,257,24.0,21.5,17.0,32.0,15.0,0.23431193782675952,15.0,3.4713109915419564,0.00375,0.029178644111373424,0.03148566664547081,0.00041980888860627746,0.0002928899222834494,0.994142201554331,flat,low,32.0,3.0247929386882624
5077,TUAO,CAGAYAN,17.7341301,121.4555256,257,39.0,39.95,33.0,53.0,20.0,0.3114776254913653,20.0,5.37098687393667,0.005,0.039886745054965006,0.10369609281983372,0.0010369609281983372,0.0005191293758189422,0.9922130593627159,flat,low,53.0,2.429720622406654
5078,TUGUEGARAO CITY,CAGAYAN,17.6118858,121.7300377,257,27.0,23.75,20.0,28.0,8.0,0.1925583501662827,8.0,2.6995369973386176,0.002,0.01728426822707313,0.01524420272149738,0.0003811050680374345,0.00012837223344418848,0.995186041245843,flat,low,28.0,1.5743434632851732
5079,ALICIA,ISABELA,16.7789338,121.6992173,258,75.0,67.55,60.0,74.0,14.0,0.25955182005714095,14.0,4.821566135603659,0.0035,0.02969983327297153,0.10227423176168259,0.0014610604537383227,0.00030281045673333115,0.9935112044985714,flat,low,74.0,1.337739332170984
5080,ANGADANAN,ISABELA,16.7568394,121.7480912,258,61.0,58.8,50.0,67.0,17.0,0.32640626685245533,17.0,4.965883607174055,0.00425,0.03497723297785772,0.13594821014404765,0.001599390707577031,0.00046240887804097834,0.9918398433286886,flat,low,67.0,1.6512667225802478
5081,AURORA,ISABELA,16.9908811,121.6358,258,60.0,60.2,56.0,66.0,10.0,0.127130452490175,10.0,2.4819347291981715,0.0025,0.019421637764886594,0.03188855516628556,0.0006377711033257112,0.00010594204374181248,0.9968217386877456,flat,low,66.0,2.336885654115539
5082,BENITO SOLIVEN,ISABELA,16.9865052,121.9578429,258,101.0,80.2,50.0,101.0,51.0,1.1486129281371684,51.0,16.512419568312815,0.01275,0.10856692254561733,1.9575235827777695,0.007676563069716744,0.004881604944582966,0.9712846767965708,flat,low,101.0,1.2596578384101365
5083,BURGOS,ISABELA,17.0678152,121.6936012,258,54.0,52.4,49.0,55.0,6.0,0.10567955780666019,6.0,1.6552945357246849,0.0015,0.012131755511774525,0.013844022072672484,0.00046146740242241616,5.283977890333009e-05,0.9973580110548335,flat,low,55.0,1.5707164937539249
5084,CABAGAN,ISABELA,17.4264795,121.764914,258,32.0,27.1,23.0,32.0,9.0,0.16571478661143996,9.0,1.9974984355438181,0.00225,0.01761333563024186,0.016840765189387583,0.0003742392264308352,0.00012428608995857996,0.995857130334714,flat,low,32.0,2.453067026107057
5085,CABATUAN,ISABELA,16.9533365,121.668882,258,60.0,58.15,54.0,63.0,9.0,0.17034272931385191,9.0,2.833284313301438,0.00225,0.018768211299231456,0.03714536141100183,0.0008254524758000407,0.00012775704698538893,0.9957414317671537,flat,low,63.0,1.7117937177843272
5086,CAUAYAN CITY,ISABELA,16.9305428,121.7522268,258,58.0,55.75,50.0,61.0,11.0,0.2264379621298797,11.0,2.754541704167864,0.00275,0.022154054440860268,0.05785961678172864,0.0010519930323950662,0.00020756813195238973,0.994339050946753,flat,low,61.0,1.905942497118048
5087,CITY OF SANTIAGO,ISABELA,16.6825453,121.5511549,258,87.0,84.75,79.0,95.0,16.0,0.22204226928367668,16.0,4.548351349665063,0.004,0.032007338322452256,0.1254538821452773,0.0015681735268159665,0.00029605635904490226,0.9944489432679081,flat,low,95.0,2.253563315242013
5088,CORDON,ISABELA,16.6737316,121.4663518,258,122.0,113.375,100.0,131.0,31.0,0.6100885430434686,31.0,10.844785613371986,0.00775,0.066297988902793,0.8934301856642296,0.005764065713962771,0.0015760620695289605,0.9847477864239133,flat,low,131.0,1.62520486832519
5089,DELFIN ALBANO (MAGSAYSAY),ISABELA,17.2594521,121.7879938,258,36.0,39.75,33.0,47.0,14.0,0.3153409022026441,14.0,4.581211630125812,0.0035,0.02986751506777422,0.0731196716982381,0.0010445667385462587,0.00036789771923641815,0.9921164774449339,flat,low,47.0,1.582550426130493
5090,DINAPIGUE,ISABELA,16.5258231,122.2621516,258,22.0,76.5,6.0,217.0,211.0,5.4864065192675575,211.0,65.05446436128217,0.05275,0.45124534285863405,36.899512846148866,0.03497584156033068,0.09646931463045455,0.862839837018311,gentle,low,217.0,2.1597287629639026
5091,DIVILACAN,ISABELA,17.3325917,122.2996515,258,14.0,23.583333333333332,6.0,55.0,49.0,1.1371777528111073,49.0,14.401726362565784,0.01225,0.10265260715385156,0.5475431909108203,0.00223487016698294,0.0046434758239786884,0.9715705561797223,flat,low,55.0,2.181451285373419
5092,ECHAGUE,ISABELA,16.70536,121.6749455,258,74.0,70.3,63.0,76.0,13.0,0.2825074739386989,13.0,3.874274125562103,0.00325,0.027137639231046423,0.10757649184690704,0.0016550229514908775,0.0003060497634335905,0.9929373131515326,flat,low,76.0,1.4712429590743152
5093,GAMU,ISABELA,17.0473401,121.8333707,258,42.0,43.35,34.0,59.0,25.0,0.46591642587641474,25.0,7.505164888261949,0.00625,0.051583655244101224,0.21039038605981855,0.0016831230884785484,0.000970659220575864,0.9883520893530896,flat,low,59.0,2.0852303910399286
5094,ILAGAN CITY,ISABELA,17.1486341,121.8886466,258,46.0,37.4,30.0,49.0,19.0,0.302643411444672,19.0,4.454211490264018,0.00475,0.03708707850382624,0.08960767007190995,0.0009432386323358944,0.00047918540145406403,0.9924339147138832,flat,low,49.0,2.604276294710948
5095,JONES,ISABELA,16.561296,121.7022613,258,100.0,95.8125,84.0,115.0,31.0,0.6838284518753052,31.0,8.032891369239348,0.00775,0.06319402077956138,0.8462911332934929,0.00545994279544189,0.001766556834011205,0.9829042887031174,flat,low,115.0,2.3886165926329856
5096,LUNA,ISABELA,16.9683863,121.7293475,258,54.0,53.55,50.0,56.0,6.0,0.11386604731018975,6.0,2.2688102609076854,0.0015,0.013021408261841075,0.015243817083651651,0.0005081272361217217,5.693302365509487e-05,0.9971533488172453,flat,low,56.0,1.0798606487080944
5097,MACONACON,ISABELA,17.3871286,122.2379036,258,8.0,40.733333333333334,4.0,114.0,110.0,2.304446842995795,110.0,36.71596685669903,0.0275,0.2341185323518119,4.302274231048538,0.007822316783724614,0.021124096060794784,0.9423888289251051,flat,low,114.0,1.9954987146906644
5098,MALLIG,ISABELA,17.2112124,121.6108848,258,62.0,61.0,57.0,66.0,9.0,0.15658877134990584,9.0,2.588435821108957,0.00225,0.018321399510790284,0.03581968144629096,0.000795992921028688,0.00011744157851242937,0.9960852807162524,flat,low,66.0,1.931667776947271
5099,NAGUILIAN,ISABELA,17.0231211,121.8356,258,47.0,42.4,34.0,56.0,22.0,0.39913351115471407,22.0,5.37028863283902,0.0055,0.043652803066389106,0.15512989133546556,0.0014102717394133232,0.0007317447704503092,0.9900216622211322,flat,low,56.0,2.53245186569394
5100,PALANAN,ISABELA,17.0628683,122.4292704,258,13.0,20.5,8.0,60.0,52.0,0.9745593193502285,52.0,13.45548215412588,0.013,0.10446803691648235,0.4328667643447265,0.0016648721705566404,0.004223090383850991,0.9756360170162443,flat,low,60.0,2.935606217000691
5101,QUEZON,ISABELA,17.3119421,121.6053889,258,113.0,106.2,94.0,122.0,28.0,0.49533927002478845,28.0,8.176796438703851,0.007,0.057236613864322036,0.613725355560713,0.004383752539719378,0.0011557916300578396,0.9876165182493802,flat,low,122.0,1.932296858084397
5102,QUIRINO,ISABELA,17.1357747,121.7366679,258,48.0,46.35,41.0,52.0,11.0,0.28613284180384513,11.0,3.118894034750139,0.00275,0.023162187745450497,0.06078534558070434,0.0011051881014673517,0.00026228843832019135,0.9928466789549039,flat,low,52.0,1.8115390024507931
5103,RAMON,ISABELA,16.7815027,121.5351148,258,105.0,103.0,88.0,121.0,33.0,0.4307281628235374,33.0,9.348796714016196,0.00825,0.06573393371006088,0.6100187605988348,0.0036970833975686957,0.001184502447764728,0.9892317959294116,flat,low,121.0,1.9253812683328768
5104,REINA MERCEDES,ISABELA,16.9850846,121.8279423,258,44.0,44.35,40.0,52.0,12.0,0.2293286793333901,12.0,3.623189202898463,0.003,0.024837544881365116,0.05085363464217925,0.0008475605773696543,0.0002293286793333901,0.9942667830166653,flat,low,52.0,2.1113989527461703
5105,ROXAS,ISABELA,17.121915,121.6199232,258,61.0,57.25,53.0,61.0,8.0,0.10916938085859615,8.0,2.1418449990603894,0.002,0.015811025414593234,0.020833156847182097,0.0005208289211795524,7.277958723906411e-05,0.9972707654785351,flat,low,61.0,1.7508261572704549
5106,SAN AGUSTIN,ISABELA,16.5066966,121.7474086,258,108.0,108.0,101.0,124.0,23.0,0.4273903251010737,23.0,5.852349955359813,0.00575,0.04604279861844748,0.44234898647961124,0.003846512925909663,0.0008191647897770578,0.9893152418724731,flat,low,124.0,2.73394403754043
5107,SAN GUILLERMO,ISABELA,16.7209774,121.8094689,258,103.0,94.05,83.0,106.0,23.0,0.33402927969594975,23.0,6.070214164261423,0.00575,0.045516375083021456,0.30106476515595565,0.002617954479617006,0.0006402227860839036,0.9916492680076012,flat,low,106.0,1.9686287350003657
5108,SAN ISIDRO,ISABELA,16.7341724,121.6345148,258,77.0,75.9,70.0,78.0,8.0,0.10869276825608779,8.0,2.118962010041709,0.002,0.01577634440229638,0.027499270368790206,0.0006874817592197552,7.246184550405853e-05,0.9972826807935978,flat,low,78.0,0.991050806478523
5109,SAN MANUEL,ISABELA,17.0269105,121.6308091,258,67.0,65.8,58.0,74.0,16.0,0.2596184221106334,16.0,5.344155686354955,0.004,0.033397202108607985,0.11388594783253117,0.0014235743479066396,0.0003461578961475112,0.9935095394472342,flat,low,74.0,1.5343861494437039
5110,SAN MARIANO,ISABELA,16.9835964,122.0127684,258,62.0,82.1,62.0,132.0,70.0,1.6882113859029677,70.0,19.557351558940695,0.0175,0.14584831837190523,4.042562847826815,0.011550179565219471,0.009847899751100645,0.9577947153524258,flat,low,132.0,2.5514700852078307
5111,SAN MATEO,ISABELA,16.88122,121.5878223,258,83.0,81.25,77.0,85.0,8.0,0.11893925552743811,8.0,2.342541355024496,0.002,0.016164106959231078,0.03221271503868116,0.0008053178759670289,7.929283701829209e-05,0.997026518611814,flat,low,85.0,1.6008248439805846
5112,SAN PABLO,ISABELA,17.4484981,121.7943953,258,35.0,35.75,21.0,70.0,49.0,0.6505403585505933,49.0,14.074356113158428,0.01225,0.09795803628819559,0.4748266971212508,0.0019380681515153095,0.0026563731307482565,0.9837364910362352,flat,low,70.0,2.433503692184911
5113,SANTA MARIA (ISABELA),ISABELA,17.4687748,121.7525091,258,29.0,32.7,21.0,58.0,37.0,0.47786523745442544,37.0,10.59764124699454,0.00925,0.07381150915705229,0.24090381283171228,0.0013021827720633096,0.0014734178154844784,0.9880533690636394,flat,low,58.0,2.3873234640634338
5114,SANTO TOMAS,ISABELA,17.3989287,121.7668448,258,30.0,29.3,27.0,36.0,9.0,0.12623500385774217,9.0,2.3895606290697042,0.00225,0.01779063712251485,0.013870071048869422,0.00030822380108598714,9.467625289330662e-05,0.9968441249035564,flat,low,36.0,2.8038615612556597
5115,TUMAUINI,ISABELA,17.2740459,121.809876,258,37.0,36.3,27.0,51.0,24.0,0.3897893151649644,24.0,6.3095166217389425,0.006,0.0478233453366787,0.14149352140488208,0.0011791126783740173,0.0007795786303299287,0.9902552671208759,flat,low,51.0,2.329813605615795
5116,ALFONSO CASTANEDA,NUEVA VIZCAYA,15.793314,121.3035569,259,312.0,345.25,259.0,440.0,181.0,3.3004305437192434,181.0,47.19573603621412,0.04525,0.3633064153058289,74.67224105164787,0.08251076359298108,0.049781494034431925,0.917489236407019,gentle,mid,440.0,2.007596574396045
5117,AMBAGUIO,NUEVA VIZCAYA,16.5331234,121.0277675,259,1116.0,1024.9375,621.0,1296.0,675.0,13.197718570588908,675.0,209.59319787089942,0.16875,0.7654800374926529,1113.557504393439,0.3299429642647227,0.3299429642647227,0.6700570357352773,moderate,high,1296.0,1.2932790828149108
5118,ARITAO,NUEVA VIZCAYA,16.2968923,121.0340711,259,376.0,430.0,366.0,605.0,239.0,3.888133563146512,239.0,75.03082699797464,0.05975,0.49256227134149816,116.15799019900206,0.0972033390786628,0.07743866013266802,0.9027966609213371,gentle,mid,605.0,2.3323746341267073
5119,BAGABAG,NUEVA VIZCAYA,16.6055376,121.2533079,259,226.0,226.3125,220.0,242.0,22.0,0.2747555093377756,22.0,4.4960920531056745,0.0055,0.04139890011084644,0.5699888902308824,0.005181717183917112,0.0005037184337859219,0.9931311122665556,flat,mid,242.0,3.4891404191832427
5120,BAMBANG,NUEVA VIZCAYA,16.3850624,121.1054715,259,329.0,364.125,318.0,484.0,166.0,2.6534920574439322,166.0,45.695835422935424,0.0415,0.3331458360665483,55.0599601919616,0.06633730143609831,0.0367066401279744,0.9336626985639017,flat,mid,484.0,2.6233243416424905
5121,BAYOMBONG,NUEVA VIZCAYA,16.4829252,121.1505219,259,275.0,279.6875,269.0,333.0,64.0,0.8468192759503779,64.0,14.507406513570922,0.016,0.12275287734932704,6.3158604331299015,0.019737063853530943,0.004516369471735349,0.9788295181012405,flat,mid,333.0,3.6748467946550023
5122,DIADI,NUEVA VIZCAYA,16.6606225,121.3693297,259,217.0,260.625,211.0,359.0,148.0,3.5778188844482637,148.0,47.80412508351136,0.037,0.3170447486836041,57.50225788349194,0.07770575389661073,0.044126432908195255,0.9105545278887934,gentle,mid,359.0,2.0578767579213544
5123,DUPAX DEL NORTE,NUEVA VIZCAYA,16.3073041,121.1017442,259,374.0,371.125,345.0,414.0,69.0,1.6185794277654222,69.0,24.14248071346439,0.01725,0.14985254427756664,13.960247564476767,0.040464485694135556,0.009306831709651178,0.9595355143058645,flat,mid,414.0,1.7759151900315362
5124,DUPAX DEL SUR,NUEVA VIZCAYA,16.2842827,121.091306,259,372.0,411.75,365.0,515.0,150.0,3.5595123120778975,150.0,43.09799879344747,0.0375,0.3136097311219449,66.74085585146058,0.08898780780194744,0.04449390390097372,0.9110121921980525,gentle,mid,515.0,2.395702828317752
5125,KASIBU,NUEVA VIZCAYA,16.3177486,121.2940862,259,721.0,792.0,721.0,968.0,247.0,4.338827029838077,247.0,74.33959241211913,0.06175,0.5075841930605753,133.96128454625062,0.10847067574595193,0.08930752303083375,0.8915293242540481,gentle,mid,968.0,2.3675136212314527
5126,KAYAPA,NUEVA VIZCAYA,16.3580559,120.8871609,259,1110.0,1315.5,1117.0,1476.0,359.0,8.68412272805607,359.0,106.52229813517918,0.08975,0.6680158047173963,389.7000074215162,0.21710306820140177,0.21710306820140177,0.7828969317985982,moderate,high,1476.0,1.5067267727325515
5127,QUEZON,NUEVA VIZCAYA,16.4901938,121.2640347,259,290.0,311.8125,244.0,559.0,315.0,4.187696048585691,315.0,76.84986885967992,0.07875,0.5891088322380313,164.89053191306158,0.10469240121464227,0.10469240121464227,0.8953075987853577,gentle,mid,559.0,3.216498615434735
5128,SANTA FE,NUEVA VIZCAYA,16.1590291,120.9381714,259,644.0,702.4375,565.0,837.0,272.0,5.883400187024527,272.0,81.87335399108797,0.068,0.5686442236245819,200.03560635883395,0.1470850046756132,0.1333570709058893,0.8529149953243869,gentle,mid,837.0,1.6435444720037102
5129,SOLANO,NUEVA VIZCAYA,16.5180604,121.1806163,259,259.0,257.25,250.0,264.0,14.0,0.22951178455882132,14.0,3.7332961307670196,0.0035,0.027985956289245714,0.34441112170358135,0.004920158881479733,0.0002677637486519582,0.9942622053860295,flat,mid,264.0,1.8080532471877446
5130,VILLAVERDE,NUEVA VIZCAYA,16.6050644,121.1836015,259,239.0,244.25,235.0,265.0,30.0,0.46959965947224114,30.0,7.520804478245662,0.0075,0.059136736324709664,1.433746460326186,0.009558309735507907,0.0011739991486806028,0.988260008513194,flat,mid,265.0,2.7590129887045345
5131,AGLIPAY,QUIRINO,16.4907744,121.585819,260,169.0,150.875,111.0,179.0,68.0,1.2414030946247183,68.0,20.469107821299882,0.017,0.14015442083969948,5.306739603875958,0.015608057658458699,0.007034617536206737,0.968964922634382,flat,low,179.0,1.3740217146500047
5132,CABARROGUIS,QUIRINO,16.5096214,121.527583,260,112.0,126.6875,108.0,179.0,71.0,0.985603388284701,71.0,17.95034383375427,0.01775,0.13905782142583017,3.693882365410659,0.010405302437776504,0.005831486714017814,0.9753599152928825,flat,low,179.0,2.914289418085734
5133,DIFFUN,QUIRINO,16.5935291,121.5024247,260,142.0,140.6875,116.0,200.0,84.0,1.4226432508514586,84.0,21.644048691268463,0.021,0.16730686003330825,7.00518428239576,0.016679010196180382,0.00995850275596021,0.9644339187287135,flat,low,200.0,2.740360553872114
5134,MADDELA,QUIRINO,16.3402627,121.6831159,260,159.0,149.625,140.0,159.0,19.0,0.361657700480409,19.0,5.721396245672904,0.00475,0.039293033206767455,0.4283948480221845,0.0045094194528651,0.0005726246924273144,0.9909585574879898,flat,low,159.0,1.6385857505507624
5135,NAGTIPUNAN,QUIRINO,16.2177804,121.6053532,260,197.0,262.1875,186.0,505.0,319.0,5.830485948988716,319.0,80.03531935183366,0.07975,0.6077305111894294,203.18712107725116,0.1273900445625399,0.1457621487247179,0.8542378512752821,gentle,mid,505.0,3.033816806537428
5136,SAGUDAY,QUIRINO,16.5400855,121.5635618,260,104.0,101.875,93.0,116.0,23.0,0.4077502909789992,23.0,6.213644260818284,0.00575,0.046352674060490616,0.3980874585625698,0.0034616300744571282,0.0007815213910430817,0.989806242725525,flat,low,116.0,2.2732227874463273
5137,BALER,AURORA,15.759086,121.5627247,261,9.0,17.5,7.0,84.0,77.0,1.0276851807541583,77.0,20.520315137281234,0.01925,0.15185266551464052,0.5770024087775951,0.001498707555266481,0.006594313243172515,0.9743078704811461,flat,low,84.0,3.240690813685031
5138,CASIGURAN,AURORA,16.2770406,122.1233258,261,11.0,13.0,8.0,40.0,32.0,0.3763903049985018,32.0,7.202430145443967,0.008,0.060896655362662186,0.06524098619974031,0.00040775616374837695,0.001003707479996005,0.9905902423750375,flat,low,40.0,3.7487342058215103
5139,DILASAG,AURORA,16.393824,122.2114756,261,10.0,25.857142857142858,5.0,77.0,72.0,1.136955467367081,72.0,19.892055639149525,0.018,0.14447110119166134,0.8819525982576071,0.002449868328493353,0.0068217328042024855,0.9715761133158229,flat,low,77.0,2.5710190791535834
5140,DINALUNGAN,AURORA,16.1403381,121.9575186,261,12.0,27.545454545454547,9.0,104.0,95.0,1.5441598317735474,95.0,25.21314100501647,0.02375,0.1896289198680405,1.6836606347576353,0.003544548704752916,0.01222459866820725,0.9613960042056613,flat,low,104.0,3.032329149589284
5141,DINGALAN,AURORA,15.3894081,121.3927168,261,31.0,130.07142857142858,22.0,408.0,386.0,6.375114142539654,386.0,108.75888422542401,0.0965,0.6507940943811207,133.36624944868984,0.0691016836521709,0.15937785356349135,0.8406221464365087,gentle,low,408.0,2.5554562356216715
5142,DIPACULAO,AURORA,15.8483803,121.5367634,261,12.0,19.833333333333332,12.0,52.0,40.0,0.6632566737234317,40.0,11.838027238053176,0.01,0.08158753221248427,0.21924317825857878,0.0010962158912928939,0.002210855579078105,0.9834185831569142,flat,low,52.0,2.717231790617577
5143,MARIA AURORA,AURORA,15.7982599,121.4723121,261,38.0,46.875,27.0,132.0,105.0,1.3367695234217987,105.0,24.60405200368427,0.02625,0.20200213600151976,2.741421874204861,0.005221755950866401,0.011696733329940737,0.9665807619144551,flat,low,132.0,3.459795830680952
5144,SAN LUIS,AURORA,15.7191175,121.5178817,261,25.0,35.0625,20.0,60.0,40.0,0.7073022182268023,40.0,9.826423242970964,0.01,0.07929079206677914,0.41332973377628757,0.002066648668881438,0.0023576740607560076,0.9823174445443299,flat,low,60.0,2.53780005660129
5145,ABUCAY,BATAAN,14.7213146,120.5348704,262,,13.4,5.0,27.0,22.0,0.5946000184617749,22.0,7.1442284397967,0.0055,0.04772838808126947,0.07303670226772134,0.0006639700206156486,0.0010901000338465873,0.9851349995384556,flat,low,27.0,1.9036342707922616
5146,BAGAC,BATAAN,14.596782,120.3923303,262,15.0,27.133333333333333,3.0,67.0,64.0,1.3255274095893157,64.0,20.19526897292752,0.016,0.1345253901311432,0.9590927212495137,0.0029971647539047304,0.007069479517809684,0.9668618147602671,flat,low,67.0,1.974059605051547
5147,BALANGA CITY,BATAAN,14.6795669,120.5409693,262,10.0,9.733333333333333,5.0,16.0,11.0,0.21184964390505717,11.0,3.1510139461590594,0.00275,0.02255503631238133,0.009450848003097829,0.00017183360005632416,0.0001941955069129691,0.9947037589023736,flat,low,16.0,1.9887771952035462
5148,DINALUPIHAN,BATAAN,14.8673996,120.461031,262,14.0,12.4375,10.0,15.0,5.0,0.10551101876625216,5.0,1.4986973510352248,0.00125,0.01042148454891834,0.0027339443664692936,0.00010935777465877176,4.3962924485938395e-05,0.9973622245308437,flat,low,15.0,1.7098170543992093
5149,HERMOSA,BATAAN,14.8302478,120.5086406,262,8.0,9.1875,5.0,21.0,16.0,0.21066395324867665,16.0,3.956304304524615,0.004,0.031118381996958742,0.012903167136481446,0.00016128958920601808,0.00028088527099823555,0.9947334011687831,flat,low,21.0,2.985740252778438
5150,LIMAY,BATAAN,14.5625242,120.5949559,262,9.0,40.2,9.0,67.0,58.0,1.2843843694015127,58.0,18.685823503394225,0.0145,0.1231527945701222,1.2477794148735697,0.004302687637495068,0.0062078577854406455,0.9678903907649622,flat,low,67.0,1.434242304648203
5151,MARIVELES,BATAAN,14.4355997,120.4903355,262,20.0,42.0,11.0,86.0,75.0,1.9081137931025232,75.0,24.723930255376615,0.01875,0.16216123603014923,2.504399353447062,0.006678398275858832,0.01192571120689077,0.952297155172437,flat,low,86.0,1.779652254551205
5152,MORONG,BATAAN,14.6779981,120.2652634,262,7.0,14.88888888888889,7.0,37.0,30.0,0.7045410506993393,30.0,9.218874894529574,0.0075,0.06345656738632532,0.1311229177690437,0.0008741527851269579,0.0017613526267483482,0.9823864737325165,flat,low,37.0,2.3984606544309504
5153,ORANI,BATAAN,14.8012181,120.5362038,262,7.0,11.25,5.0,22.0,17.0,0.2849219660947521,17.0,5.0518148554092255,0.00425,0.034728820343874714,0.022704719173175555,0.00026711434321383007,0.00040363945196756544,0.9928769508476312,flat,low,22.0,2.1279477137887857
5154,ORION,BATAAN,14.62157,120.5772317,262,8.0,14.0,6.0,51.0,45.0,0.6876119486953565,45.0,12.496666222103665,0.01125,0.09017882618055592,0.1804981365325311,0.0008022139401445826,0.0025785448076075866,0.9828097012826161,flat,low,51.0,2.9607894122807163
5155,PILAR,BATAAN,14.6669245,120.5528157,262,8.0,9.142857142857142,5.0,12.0,7.0,0.12197635990232879,7.0,1.8844151368961313,0.00175,0.014079846665006886,0.003252702930728767,9.293436944939336e-05,7.115287660969179e-05,0.9969505910024418,flat,low,12.0,1.516195282560533
5156,SAMAL,BATAAN,14.7693766,120.5421795,262,,8.88888888888889,7.0,12.0,5.0,0.1576677945059544,5.0,1.9116278371205837,0.00125,0.011428430318087879,0.0029197739723324885,0.00011679095889329955,6.569491437748098e-05,0.9960583051373512,flat,low,12.0,1.6274660910625638
5157,ANGAT,BULACAN,14.927794,121.02914,263,39.0,48.9375,37.0,68.0,31.0,0.7793955853896564,31.0,9.908763482392745,0.00775,0.06653139601534983,0.49266325635841485,0.0031784726216671924,0.0020134385955899456,0.9805151103652586,flat,low,68.0,1.92380190626923
5158,BALAGTAS (BIGAA),BULACAN,14.8251838,120.9060015,263,7.0,6.25,4.0,8.0,4.0,0.06563440475457191,4.0,0.9682458365518543,0.001,0.00786529549033831,0.0006836917161934573,3.418458580967287e-05,2.187813491819064e-05,0.9983591398811357,flat,low,8.0,1.807390361565389
5159,BALIUAG,BULACAN,14.9542259,120.9009172,263,18.0,18.0,15.0,21.0,6.0,0.20354583988619293,6.0,1.8708286933869707,0.0015,0.013275464356853483,0.009159562794878682,0.0003053187598292894,0.00010177291994309647,0.9949113540028451,flat,low,21.0,1.6035665943321473
5160,BOCAUE,BULACAN,14.7954178,120.9253578,263,7.0,5.125,1.0,10.0,9.0,0.1343437357279696,9.0,2.2603926650031405,0.00225,0.017689364574290586,0.0025819186710219154,5.737597046715367e-05,0.00010075780179597718,0.9966414066068008,flat,low,10.0,2.1567039739483724
5161,BULACAN,BULACAN,14.8415064,120.8387416,263,7.0,7.3125,4.0,10.0,6.0,0.1288103958308251,6.0,2.0223362109204297,0.0015,0.01282353924474696,0.0023548150487822713,7.849383495940905e-05,6.440519791541255e-05,0.9967797401042293,flat,low,10.0,1.3289079513978945
5162,BUSTOS,BULACAN,14.9535178,120.9188433,263,22.0,19.6875,16.0,22.0,6.0,0.13228081361443672,6.0,2.0530084632071053,0.0015,0.012894801736735795,0.006510696295085557,0.00021702320983618526,6.614040680721836e-05,0.9966929796596391,flat,low,22.0,1.1263951976078725
5163,CALUMPIT,BULACAN,14.9151703,120.7662073,263,7.0,6.9375,5.0,8.0,3.0,0.07370644916993391,3.0,0.8267972847076845,0.00075,0.006247327809847169,0.0006391731138955207,4.261154092636804e-05,1.842661229248348e-05,0.9981573387707516,flat,low,8.0,1.2850776539475381
5164,DOÑA REMEDIOS TRINIDAD,BULACAN,14.9706036,121.0647854,263,80.0,93.9375,58.0,125.0,67.0,1.5289752854518162,67.0,20.35150101958084,0.01675,0.14101386844047786,4.009618234903211,0.011969009656427498,0.008536778677105974,0.9617756178637046,flat,low,125.0,1.5263001212447984
5165,GUIGUINTO,BULACAN,14.8282023,120.8786107,263,7.0,7.25,5.0,12.0,7.0,0.13510298176282765,7.0,1.8874586088176875,0.00175,0.014198762568848326,0.0028568651351931263,8.162471814837504e-05,7.88100726949828e-05,0.9966224254559293,flat,low,12.0,2.5166101450909566
5166,HAGONOY,BULACAN,14.8355035,120.7335206,263,6.0,3.875,3.0,6.0,3.0,0.07879759461407648,3.0,0.9270248108869579,0.00075,0.00642551203405578,0.00038167584891193293,2.5445056594128863e-05,1.969939865351912e-05,0.9980300601346481,flat,low,6.0,2.292277059650418
5167,MALOLOS CITY,BULACAN,14.843759,120.8113694,263,8.0,5.1875,3.0,8.0,5.0,0.08175708004371227,5.0,1.2358574958303243,0.00125,0.009863184444822915,0.0008835726098474111,3.5342904393896444e-05,3.406545001821344e-05,0.9979560729989072,flat,low,8.0,2.275745976978046
5168,MARILAO,BULACAN,14.7575956,120.9484672,263,4.0,6.5625,1.0,13.0,12.0,0.1852558179816171,12.0,3.061224224064614,0.003,0.02370262070609197,0.006078706527521811,0.00010131177545869684,0.0001852558179816171,0.9953686045504596,flat,low,13.0,2.1029161622588672
5169,MEYCAUAYAN CITY,BULACAN,14.7345008,120.9571635,263,4.0,5.0625,3.0,12.0,9.0,0.12626797298715087,9.0,2.1350863565673404,0.00225,0.017451626572394026,0.0023971185496779422,5.326930110395427e-05,9.470097974036314e-05,0.9968433006753212,flat,low,12.0,3.249281570920675
5170,NORZAGARAY,BULACAN,14.905567,121.0422641,263,53.0,52.625,39.0,83.0,44.0,0.7580982856559753,44.0,13.331705629813463,0.011,0.09040896750590774,0.731406908515171,0.003324576856887141,0.002779693714071909,0.9810475428586006,flat,low,83.0,2.278402971460002
5171,OBANDO,BULACAN,14.70989,120.9365149,263,4.0,2.9375,1.0,5.0,4.0,0.09156268289379785,4.0,1.1439378261076953,0.001,0.008326423910130991,0.00044827563500088536,2.2413781750044266e-05,3.0520894297932616e-05,0.997710932927655,flat,low,5.0,1.80298102741888
5172,PANDI,BULACAN,14.8654061,120.9572464,263,31.0,33.25,20.0,56.0,36.0,0.6935331844588083,36.0,9.86470982847443,0.009,0.07322136180198048,0.3458996757488306,0.0019216648652712815,0.002080599553376425,0.9826616703885298,flat,low,56.0,2.306200394068548
5173,PAOMBONG,BULACAN,14.8363954,120.7874997,263,5.0,4.4375,3.0,5.0,2.0,0.050849236375654965,2.0,0.6091746465505602,0.0005,0.004257163680354394,0.00018803623868080745,1.8803623868080744e-05,8.474872729275829e-06,0.9987287690906086,flat,low,5.0,0.9233790010896533
5174,PLARIDEL,BULACAN,14.8863156,120.8598985,263,14.0,11.75,8.0,15.0,7.0,0.15888095806167216,7.0,2.0463381929681126,0.00175,0.014618659306997116,0.00544498283357189,0.000155570938102054,9.268055886930876e-05,0.9960279760484582,flat,low,15.0,1.588202000512944
5175,PULILAN,BULACAN,14.9022688,120.8487904,263,14.0,11.9375,10.0,14.0,4.0,0.11200969578049058,4.0,1.2975337182516684,0.001,0.008710129795748183,0.002228526238966011,0.00011142631194830054,3.733656526016353e-05,0.9971997576054877,flat,low,14.0,1.5895528427779302
5176,SAN ILDEFONSO,BULACAN,15.0781219,120.9398068,263,18.0,16.1875,10.0,22.0,12.0,0.26149346488768316,12.0,3.503904072602445,0.003,0.02495993991457049,0.021164627314346852,0.00035274378857244756,0.00026149346488768316,0.993462663377808,flat,low,22.0,1.658863433672562
5177,SAN JOSE DEL MONTE CITY,BULACAN,14.8101978,121.0474088,263,50.0,63.1875,35.0,87.0,52.0,0.8532685977794892,52.0,12.865743031399314,0.013,0.10262042427243628,1.1681780396474821,0.004492992460182623,0.003697497257044453,0.9786682850555127,flat,low,87.0,1.8508451545347657
5178,SAN MIGUEL,BULACAN,15.1405274,120.9770621,263,22.0,20.8125,16.0,30.0,14.0,0.2238645664384062,14.0,3.8765118018651767,0.0035,0.02812749735882296,0.027178557519162753,0.00038826510741661076,0.0002611753275114739,0.9944033858390399,flat,low,30.0,2.370042476211984
5179,SAN RAFAEL,BULACAN,14.9581176,120.9636529,263,25.0,29.75,18.0,47.0,29.0,0.4377990767093881,29.0,6.6661458129866915,0.00725,0.05621893633852273,0.1573796472629269,0.001085376877675358,0.0010580144353810213,0.9890550230822653,flat,low,47.0,2.5877017839442593
5180,SANTA MARIA (BULACAN),BULACAN,14.8696175,120.9989376,263,47.0,46.4375,33.0,69.0,36.0,0.5634314548505197,36.0,9.103356180552312,0.009,0.07106783347067847,0.3924652227693151,0.0021803623487184173,0.001690294364551559,0.985914213628737,flat,low,69.0,2.478481240766948
5181,ALIAGA,NUEVA ECIJA,15.5032754,120.8455577,264,27.0,25.4375,23.0,29.0,6.0,0.08706579923570781,6.0,1.3213984069916234,0.0015,0.011523690285967943,0.005536840670145793,0.00018456135567152646,4.353289961785391e-05,0.9978233550191073,flat,low,29.0,2.69600544782338
5182,BONGABON,NUEVA ECIJA,15.6321627,121.1459259,264,70.0,70.8125,61.0,84.0,23.0,0.3555001697087111,23.0,6.7751268438310435,0.00575,0.04664412894339261,0.2412494511051902,0.0020978213139581756,0.0006813753252750296,0.9911124957572822,flat,low,84.0,1.9464577354075485
5183,CABANATUAN CITY,NUEVA ECIJA,15.4846019,120.9757798,264,36.0,34.1875,31.0,36.0,5.0,0.08231348179684082,5.0,1.589762167747113,0.00125,0.01033992585605184,0.005862691997769783,0.0002345076799107913,3.429728408201701e-05,0.997942162955079,flat,low,36.0,1.1401069271019357
5184,CABIAO,NUEVA ECIJA,15.2512658,120.8567919,264,16.0,14.625,12.0,18.0,6.0,0.13263203099667836,6.0,1.8666480653835098,0.0015,0.01264939435839895,0.004849358633316052,0.00016164528777720176,6.631601549833918e-05,0.996684199225083,flat,low,18.0,1.8080527628832013
5185,CARRANGLAN,NUEVA ECIJA,15.9606628,121.0638705,264,242.0,260.1875,234.0,342.0,108.0,2.010739939491496,108.0,29.062903223009226,0.027,0.21834451210122957,23.542622910289968,0.04359744983387031,0.018096659455423467,0.9497315015127126,flat,mid,342.0,2.8150146101100484
5186,CUYAPO,NUEVA ECIJA,15.778507,120.6641376,264,30.0,38.0625,22.0,119.0,97.0,1.3137185280727919,97.0,23.80511696568618,0.02425,0.18873519307488518,2.02097121377198,0.004166950956230887,0.010619224768588401,0.9671570367981802,flat,low,119.0,3.4000041552689266
5188,GAPAN CITY,NUEVA ECIJA,15.3141117,120.9614936,264,25.0,24.5,21.0,29.0,8.0,0.165665885787719,8.0,2.091650066335189,0.002,0.016238443255756126,0.01352938067266372,0.000338234516816593,0.00011044392385847936,0.995858352855307,flat,low,29.0,2.1514104682309716
5189,GENERAL MAMERTO NATIVIDAD,NUEVA ECIJA,15.6030982,121.0508107,264,60.0,58.0625,54.0,62.0,8.0,0.12675450346655817,8.0,2.2491317769308226,0.002,0.01610794427457348,0.024532277858423445,0.0006133069464605861,8.450300231103878e-05,0.9968311374133361,flat,low,62.0,1.7506747669086622
5191,GUIMBA,NUEVA ECIJA,15.6603499,120.7669137,264,37.0,36.5625,33.0,40.0,7.0,0.1257055645330717,7.0,1.7309228030157786,0.00175,0.013907820760352083,0.013405319967784598,0.0003830091419367028,7.332824597762516e-05,0.9968573608866732,flat,low,40.0,1.9859337505272407
5192,JAEN,NUEVA ECIJA,15.3371423,120.9059513,264,24.0,22.9375,20.0,26.0,6.0,0.15223872291215776,6.0,1.919269066598011,0.0015,0.012891114247612061,0.008729939266994047,0.00029099797556646825,7.611936145607889e-05,0.996194031927196,flat,low,26.0,1.5956587107245483
5193,LAUR,NUEVA ECIJA,15.5797175,121.1865246,264,69.0,70.9375,64.0,103.0,39.0,0.47751127993415465,39.0,9.62723188408797,0.00975,0.07551453287820782,0.5504436668303478,0.0028227880350274247,0.0015519116597860027,0.9880622180016462,flat,low,103.0,3.3303962193532652
5194,LICAB,NUEVA ECIJA,15.5403458,120.7634483,264,24.0,22.75,20.0,25.0,5.0,0.0899593736261666,5.0,1.1989578808281798,0.00125,0.009885755026999865,0.004263699479156855,0.0001705479791662742,3.7483072344236084e-05,0.9977510156593459,flat,low,25.0,1.8766281612975872
5195,LLANERA,NUEVA ECIJA,15.6624599,121.0220525,264,73.0,70.125,63.0,78.0,15.0,0.2640293710303601,15.0,4.7549316504025585,0.00375,0.031150165863719066,0.11571912277190004,0.001542921636958667,0.00033003671378795016,0.993399265724241,flat,low,78.0,1.6561748775418075
5196,LUPAO,NUEVA ECIJA,15.8770143,120.8995214,264,145.0,139.5625,116.0,163.0,47.0,0.7878941415991388,47.0,13.628869863271863,0.01175,0.09556590022335495,2.1533926576815428,0.00916337301141082,0.0030859187212632943,0.9803026464600215,flat,low,163.0,1.7196949208141075
5197,NAMPICUAN,NUEVA ECIJA,15.7321724,120.6386089,264,23.0,20.9375,19.0,24.0,5.0,0.11017741691490765,5.0,1.2975337182516684,0.00125,0.010194097355674333,0.004805915972199748,0.0001922366388879899,4.590725704787819e-05,0.9972455645771273,flat,low,24.0,2.3602451301854113
5198,PALAYAN CITY,NUEVA ECIJA,15.5408666,121.0842988,264,60.0,59.375,47.0,73.0,26.0,0.5823708693036477,26.0,8.252840420122032,0.0065,0.05509953233323629,0.37459792895312755,0.0028815225304086732,0.0012618035501579033,0.9854407282674088,flat,low,73.0,1.6509465414880748
5199,PANTABANGAN,NUEVA ECIJA,15.8073911,121.1442251,264,310.0,279.75,208.0,404.0,196.0,3.3244088486665047,196.0,52.57316330600623,0.049,0.3931861285005069,75.95027565884712,0.07750028128453788,0.05429867786155291,0.9168897787833374,gentle,mid,404.0,2.363373056200177
5200,PEÑARANDA,NUEVA ECIJA,15.3525981,120.999887,264,37.0,37.5,32.0,46.0,14.0,0.28736497004976835,14.0,3.824264635194589,0.0035,0.02861346300152826,0.06286108719838683,0.0008980155314055261,0.0003352591317247297,0.9928158757487557,flat,low,46.0,2.2226489503696563
5201,QUEZON,NUEVA ECIJA,15.5536502,120.8101793,264,29.0,27.3125,25.0,31.0,6.0,0.10538544221168525,6.0,1.7218721642444887,0.0015,0.012217952171678231,0.007195849726016634,0.00023986165753388778,5.2692721105842623e-05,0.9973653639447079,flat,low,31.0,2.1415630817488087
5202,RIZAL,NUEVA ECIJA,15.7087764,121.1050406,264,94.0,93.8125,80.0,139.0,59.0,1.0840365035154618,59.0,17.798239905956994,0.01475,0.12171630594703628,2.5000309561152543,0.008474681207170353,0.005329846142284353,0.9728990874121135,flat,low,139.0,2.5388745010680207
5203,SAN ANTONIO,NUEVA ECIJA,15.3067057,120.8500112,264,19.0,17.75,14.0,23.0,9.0,0.15161052702110708,9.0,2.331844763272204,0.00225,0.017935718462464292,0.01009157570484244,0.00022425723788538755,0.0001137078952658303,0.9962097368244723,flat,low,23.0,2.2514353576425417
5204,SAN ISIDRO,NUEVA ECIJA,15.3091201,120.9068115,264,21.0,20.4375,18.0,24.0,6.0,0.12073499025168513,6.0,1.4563975247163805,0.0015,0.011998294530990754,0.0061688034081720374,0.00020562678027240126,6.036749512584257e-05,0.9969816252437079,flat,low,24.0,2.446102450353527
5205,SAN JOSE CITY,NUEVA ECIJA,15.7547305,121.0376878,264,109.0,112.0625,96.0,151.0,55.0,0.8964849902361811,55.0,16.261414260451026,0.01375,0.11202612934516794,2.3022621695870047,0.008371862434861837,0.004108889538582496,0.9775878752440955,flat,low,151.0,2.394471783443038
5206,SAN LEONARDO,NUEVA ECIJA,15.361846,120.9580253,264,28.0,27.0625,23.0,31.0,8.0,0.1634072063834574,8.0,2.0757152381769517,0.002,0.01619743337342452,0.014740691742507719,0.000368517293562693,0.00010893813758897161,0.9959148198404135,flat,low,31.0,1.896935586657165
5207,SANTA ROSA,NUEVA ECIJA,15.4247135,120.9380468,264,28.0,27.5625,26.0,29.0,3.0,0.06616602397147432,3.0,0.7880950133074057,0.00075,0.006129746060826943,0.002279626294642201,0.0001519750863094801,1.654150599286858e-05,0.9983458494007131,flat,low,29.0,1.8240163326892593
5208,SANTO DOMINGO,NUEVA ECIJA,15.5830203,120.8774665,264,38.0,38.0625,35.0,41.0,6.0,0.11344499158707266,6.0,1.9515618744994994,0.0015,0.012594726175719552,0.010794999980707383,0.0003598333326902461,5.6722495793536336e-05,0.9971638752103232,flat,low,41.0,1.505203874486163
5209,SCIENCE CITY OF MUÑOZ,NUEVA ECIJA,15.7135413,120.9039451,264,69.0,64.9375,60.0,72.0,12.0,0.229248464056575,12.0,3.8319177639923327,0.003,0.025115147745818144,0.07443411067336919,0.00124056851122282,0.000229248464056575,0.9942687883985857,flat,low,72.0,1.8430714310451208
5210,TALAVERA,NUEVA ECIJA,15.5842563,120.9183994,264,44.0,41.8125,39.0,45.0,6.0,0.11507883444508785,6.0,1.6286017775994228,0.0015,0.01217840883819375,0.012029334413088087,0.0004009778137696029,5.753941722254392e-05,0.9971230291388729,flat,low,45.0,1.9571991671894406
5211,TALUGTUG,NUEVA ECIJA,15.7780706,120.8080405,264,85.0,78.0625,66.0,100.0,34.0,0.5463805273424817,34.0,9.601228762507432,0.0085,0.06858246796425663,0.6042342571386934,0.0035543191596393727,0.001548078160803698,0.9863404868164379,flat,low,100.0,2.284863558381386
5212,ZARAGOZA,NUEVA ECIJA,15.4475833,120.7935538,264,22.0,19.875,18.0,22.0,4.0,0.07911913468902992,4.0,0.9921567416492215,0.001,0.008015168084061306,0.0026208213365741164,0.00013104106682870583,2.637304489634331e-05,0.9980220216327742,flat,low,22.0,2.141796521657638
5213,ANGELES CITY,PAMPANGA,15.1702098,120.6104261,265,79.0,82.3125,69.0,97.0,28.0,0.5075210484841773,28.0,8.829770311282168,0.007,0.058213836255946116,0.4873788068724615,0.0034812771919461535,0.0011842157797964138,0.9873119737878956,flat,low,97.0,1.663406614079933
5214,APALIT,PAMPANGA,14.9499127,120.7588043,265,9.0,6.3125,5.0,9.0,4.0,0.08279807677925285,4.0,1.3564084008881692,0.001,0.008533027706336021,0.0008711047661150561,4.35552383057528e-05,2.759935892641762e-05,0.9979300480805187,flat,low,9.0,1.9813339528908016
5215,ARAYAT,PAMPANGA,15.1504805,120.772694,265,11.0,11.0625,8.0,14.0,6.0,0.11661961955913783,6.0,1.4347800354061246,0.0015,0.011933461718350623,0.0032252613534324054,0.00010750871178108018,5.8309809779568914e-05,0.9970845095110216,flat,low,14.0,2.047350729840474
5216,BACOLOR,PAMPANGA,14.9965611,120.6513934,265,10.0,10.6875,5.0,16.0,11.0,0.18875923480219492,11.0,3.2349410736518833,0.00275,0.022464898069388384,0.009246253142263766,0.00016811369349570483,0.00017302929856867868,0.9952810191299452,flat,low,16.0,1.642224150864868
5217,CANDABA,PAMPANGA,15.0923632,120.8272514,265,11.0,9.0625,7.0,11.0,4.0,0.10192044422401939,4.0,1.248436522214886,0.001,0.008556385916580018,0.0015394233763002928,7.697116881501464e-05,3.3973481408006464e-05,0.9974519888943996,flat,low,11.0,1.551939897290679
5218,FLORIDABLANCA,PAMPANGA,14.9745982,120.5277236,265,23.0,23.8125,18.0,32.0,14.0,0.25778723182219543,14.0,4.003416509682698,0.0035,0.028593526958021143,0.03580825767030184,0.0005115465381471691,0.00030075177045922797,0.9935553192044451,flat,low,32.0,2.0451276890800534
5219,GUAGUA,PAMPANGA,14.9654074,120.6336297,265,6.0,5.0625,3.0,6.0,3.0,0.07227233929777288,3.0,0.899218410621135,0.00075,0.006331340849683693,0.000457348397118719,3.0489893141247933e-05,1.806808482444322e-05,0.9981931915175557,flat,low,6.0,1.0425709108663732
5220,LUBAO,PAMPANGA,14.9378136,120.600497,265,6.0,4.8125,4.0,7.0,3.0,0.058662886382200546,3.0,0.9499177595981665,0.00075,0.006279857268641811,0.00035289392589292517,2.352626172619501e-05,1.4665721595550137e-05,0.998533427840445,flat,low,7.0,2.3028285081193194
5221,MABALACAT CITY,PAMPANGA,15.1836486,120.5423934,265,157.0,164.5,139.0,192.0,53.0,0.9335296104688061,53.0,15.980456814496888,0.01325,0.10897565984426456,3.3912407953634527,0.012797135076843217,0.004123089112903894,0.9766617597382798,flat,low,192.0,1.720851825349647
5222,MACABEBE,PAMPANGA,14.9081836,120.7149803,265,5.0,4.8125,4.0,8.0,4.0,0.0836510220720663,4.0,1.1301963325015703,0.001,0.008238874886466007,0.0006709509062030317,3.354754531015158e-05,2.78836740240221e-05,0.9979087244481983,flat,low,8.0,2.8203039489969526
5223,MAGALANG,PAMPANGA,15.2140936,120.6616332,265,43.0,42.9375,33.0,53.0,20.0,0.3684883476488127,20.0,5.984028221023026,0.005,0.04120297733662448,0.13184973689309082,0.001318497368930908,0.0006141472460813545,0.9907877913087797,flat,low,53.0,1.6815593019914634
5224,MASANTOL,PAMPANGA,14.8928667,120.7052547,265,4.0,4.9375,3.0,8.0,5.0,0.07875646939120408,5.0,1.1439378261076953,0.00125,0.009714369541983296,0.0008101251408730626,3.240500563492251e-05,3.281519557966837e-05,0.9980310882652199,flat,low,8.0,2.6771536467734887
5225,MEXICO,PAMPANGA,15.0643509,120.720544,265,8.0,7.375,5.0,10.0,5.0,0.10293933723050747,5.0,1.2686114456365274,0.00125,0.01009220112828231,0.0015816200251562345,6.326480100624938e-05,4.289139051271144e-05,0.9974265165692373,flat,low,10.0,2.0691898530783406
5226,MINALIN,PAMPANGA,14.9678639,120.6839544,265,5.0,4.9375,4.0,8.0,4.0,0.07720100320337034,4.0,1.1439378261076953,0.001,0.008200759212839751,0.0006352999221944017,3.176499610972008e-05,2.573366773445678e-05,0.9980699749199158,flat,low,8.0,2.6771536467734887
5227,PORAC,PAMPANGA,15.0726482,120.5430211,265,80.0,91.6875,69.0,115.0,46.0,0.8584560004471316,46.0,14.220226571683027,0.0115,0.09547179209948975,1.5086022870357638,0.006559140378416364,0.003290748001714004,0.9785385999888218,flat,low,115.0,1.6393900788495515
5228,SAN FERNANDO CITY,PAMPANGA,15.0283014,120.6938038,265,7.0,7.8125,6.0,13.0,7.0,0.10488504587651985,7.0,1.7036266463048764,0.00175,0.013689246346492719,0.002389958727655075,6.828453507585928e-05,6.118294342796991e-05,0.997377873853087,flat,low,13.0,3.0449728913777325
5229,SAN LUIS,PAMPANGA,15.0393531,120.7908452,265,10.0,8.5,7.0,10.0,3.0,0.09507566628101828,3.0,1.118033988749895,0.00075,0.00682262406495877,0.0010101789542358193,6.734526361572128e-05,2.376891657025457e-05,0.9976231083429745,flat,low,10.0,1.3416395865009472
5230,SAN SIMON,PAMPANGA,14.9954506,120.7791636,265,8.0,6.1875,4.0,8.0,4.0,0.08925838867050859,4.0,1.2358574958303243,0.001,0.008428820895307382,0.0009204771331646198,4.602385665823099e-05,2.9752796223502863e-05,0.9977685402832372,flat,low,8.0,1.4665918518302965
5231,SANTA ANA,PAMPANGA,15.0946937,120.7659889,265,9.0,8.3125,5.0,10.0,5.0,0.10533627114279688,5.0,1.7218721642444887,0.00125,0.010717521924825456,0.0018241828205718732,7.296731282287493e-05,4.389011297616537e-05,0.9973665932214301,flat,low,10.0,0.9800373424952176
5232,SANTA RITA,PAMPANGA,15.0001444,120.6173052,265,11.0,10.6875,6.0,16.0,10.0,0.18848926483418466,10.0,3.3674684482560484,0.0025,0.02113923899830718,0.008393662574647286,0.00016787325149294571,0.00015707438736182057,0.9952877683791453,flat,low,16.0,1.577594119748064
5233,SANTO TOMAS,PAMPANGA,14.9888039,120.7090486,265,5.0,5.125,4.0,6.0,2.0,0.049685967208938656,2.0,0.6959705453537527,0.0005,0.00436271294021655,0.00021220048495484216,2.1220048495484216e-05,8.280994534823111e-06,0.9987578508197765,flat,low,6.0,1.257235307738407
5234,SASMUAN (SEXMOAN),PAMPANGA,14.9574005,120.6316142,265,4.0,4.6875,3.0,6.0,3.0,0.061072753898104765,3.0,0.9164298936634487,0.00075,0.006256293121493016,0.00035784816737170755,2.3856544491447172e-05,1.526818847452619e-05,0.9984731811525474,flat,low,6.0,1.4321865500990019
5235,ANAO,TARLAC,15.7286873,120.6266345,266,23.0,20.6875,18.0,23.0,5.0,0.09511508140193244,5.0,1.5699820858850588,0.00125,0.010425566410113654,0.004099360930213495,0.00016397443720853977,3.963128391747185e-05,0.9976221229649517,flat,low,23.0,1.4729458048246147
5236,BAMBAN,TARLAC,15.2733238,120.5672692,266,79.0,79.375,66.0,107.0,41.0,0.5859455747634936,41.0,10.067739319231503,0.01025,0.08005067620482256,0.7945360957795602,0.0038757858330710254,0.00200198071377527,0.9853513606309127,flat,low,107.0,2.7439126481272504
5237,CAMILING,TARLAC,15.6864622,120.414656,266,24.0,21.375,17.0,25.0,8.0,0.1731268405365019,8.0,2.4462982238476156,0.002,0.016776590819824546,0.012335287388225761,0.000308382184705644,0.00011541789369100127,0.9956718289865875,flat,low,25.0,1.4818301721481508
5238,CAPAS,TARLAC,15.3360344,120.589583,266,51.0,49.8125,45.0,55.0,10.0,0.16545907110608782,10.0,2.554866679496212,0.0025,0.019854255778173215,0.03434137491446666,0.0006868274982893333,0.00013788255925507317,0.9958635232223478,flat,low,55.0,2.030437835051759
5239,CITY OF TARLAC,TARLAC,15.4861218,120.5893473,266,51.0,48.625,43.0,55.0,12.0,0.21468237180194788,12.0,3.4798527267687636,0.003,0.02451827438895873,0.052194651644348576,0.0008699108607391429,0.00021468237180194787,0.9946329407049513,flat,low,55.0,1.8319735542216424
5240,CONCEPCION,TARLAC,15.3248528,120.6553857,266,36.0,34.6875,30.0,40.0,10.0,0.20042193038213274,10.0,3.2733535937933746,0.0025,0.021118163349234827,0.028967232125542624,0.0005793446425108524,0.00016701827531844394,0.9949894517404467,flat,low,40.0,1.6229527989644201
5241,GERONA,TARLAC,15.6069315,120.5985733,266,30.0,28.6875,25.0,31.0,6.0,0.09874428437690916,6.0,1.7929985359726315,0.0015,0.012254677202928131,0.007081816645156454,0.00023606055483854846,4.937214218845458e-05,0.9975313928905772,flat,low,31.0,1.2897382032759759
5242,LA PAZ,TARLAC,15.4411139,120.7288994,266,20.0,19.4375,18.0,22.0,4.0,0.08118740116924286,4.0,1.4128318194321643,0.001,0.008594165519473762,0.002630133517045263,0.00013150667585226316,2.7062467056414285e-05,0.9979703149707689,flat,low,22.0,1.8137319325791865
5243,MAYANTOC,TARLAC,15.6192819,120.3779681,266,54.0,50.625,33.0,74.0,41.0,0.6578463725087766,41.0,9.040706554246743,0.01025,0.07931043116511412,0.5689343237243872,0.0027752893840214013,0.00224764177273832,0.9835538406872806,flat,low,74.0,2.585527721115139
5244,MONCADA,TARLAC,15.7336884,120.5726987,266,21.0,19.4375,16.0,23.0,7.0,0.147813134558092,7.0,1.7309228030157786,0.00175,0.014101261998071012,0.008379926925337663,0.0002394264835810761,8.622432849222034e-05,0.9963046716360477,flat,low,23.0,2.058149523273686
5245,PANIQUI,TARLAC,15.6686544,120.5858177,266,22.0,20.6875,18.0,23.0,5.0,0.1235313292451213,5.0,1.529654781315052,0.00125,0.010620438839314881,0.005324071611996764,0.00021296286447987055,5.14713871854672e-05,0.9969117167688719,flat,low,23.0,1.5117780276108481
5246,PURA,TARLAC,15.6236937,120.6469386,266,26.0,24.75,23.0,27.0,4.0,0.08214436922715036,4.0,1.14564392373896,0.001,0.008246288462389513,0.003388455230619953,0.00016942276153099765,2.7381456409050125e-05,0.9979463907693212,flat,low,27.0,1.9639592978397138
5247,RAMOS,TARLAC,15.6658597,120.6397227,266,22.0,21.4375,20.0,23.0,3.0,0.08061339212911219,3.0,1.1162856937182344,0.00075,0.006693748106087378,0.002160186992209803,0.0001440124661473202,2.0153348032278047e-05,0.9979846651967722,flat,low,23.0,1.3997300234722638
5248,SAN CLEMENTE,TARLAC,15.7121843,120.3602147,266,24.0,23.5625,15.0,32.0,17.0,0.30999926931299804,17.0,5.267456098535611,0.00425,0.03523576840453621,0.05173920096424491,0.000608696481932293,0.0004391656315267472,0.9922500182671751,flat,low,32.0,1.6018165581919372
5249,SAN JOSE,TARLAC,15.4775949,120.4639721,266,112.0,110.1875,88.0,155.0,67.0,1.2361403455700768,67.0,20.467103941447114,0.01675,0.13860569994566768,3.802451399976121,0.01135060119395857,0.006901783596099595,0.969096491360748,flat,low,155.0,2.189488944733556
5250,SAN MANUEL,TARLAC,15.7992317,120.6073025,266,24.0,24.0625,21.0,28.0,7.0,0.13268113869683584,7.0,2.014595182660775,0.00175,0.014347086873811681,0.009311866374686787,0.00026605332499105103,7.739733090648757e-05,0.9966829715325791,flat,low,28.0,1.95448598279361
5251,SANTA IGNACIA,TARLAC,15.6161567,120.4359327,266,48.0,39.375,25.0,55.0,30.0,0.4881386020109292,30.0,9.399966755260362,0.0075,0.06180450177460945,0.24025571817725422,0.0016017047878483614,0.001220346505027323,0.9877965349497267,flat,low,55.0,1.6622397445199766
5252,VICTORIA,TARLAC,15.5770813,120.6812475,266,28.0,25.8125,23.0,28.0,5.0,0.12949779584432372,5.0,1.8103435447450298,0.00125,0.011046897106631204,0.006963878865065847,0.00027855515460263386,5.395741493513488e-05,0.9967625551038919,flat,low,28.0,1.2083335221186247
5253,BOTOLAN,ZAMBALES,15.2889971,120.0247358,267,11.0,11.1875,8.0,15.0,7.0,0.14739552252289329,7.0,2.242173889331512,0.00175,0.014779276007850665,0.004809546607322533,0.00013741561735207237,8.598072147168774e-05,0.9963151119369277,flat,low,15.0,1.7003579953286643
5254,CABANGAN,ZAMBALES,15.1589463,120.0554631,267,13.0,28.666666666666668,5.0,103.0,98.0,1.8237751479804534,98.0,28.508868016032405,0.0245,0.2009698565662055,2.1348301315526754,0.004356796186842194,0.014894163708507036,0.9544056213004887,flat,low,103.0,2.607375736004498
5255,CANDELARIA,ZAMBALES,15.6271348,119.9301322,267,9.0,10.285714285714286,5.0,27.0,22.0,0.4086378494926603,22.0,5.560428701722447,0.0055,0.043989486118690704,0.03852871152359368,0.00035026101385085166,0.0007491693907365439,0.9897840537626835,flat,low,27.0,3.0059341833074793
5256,CASTILLEJOS,ZAMBALES,14.9320671,120.2005402,267,51.0,52.875,46.0,69.0,23.0,0.40759278813525573,23.0,5.743202503830071,0.00575,0.04572404023462358,0.20653490811291164,0.0017959557227209706,0.0007812195105925735,0.9898101802966186,flat,low,69.0,2.8076664860032277
5257,IBA,ZAMBALES,15.3264614,119.9801043,267,9.0,9.0,6.0,15.0,9.0,0.17090460892827794,9.0,2.273030282830976,0.00225,0.018026122371897067,0.00576803055132938,0.00012817845669620844,0.00012817845669620844,0.995727384776793,flat,low,15.0,2.6396469090945476
5258,MASINLOC,ZAMBALES,15.5386413,119.9496856,267,,13.1,9.0,23.0,14.0,0.3159332076062957,14.0,3.986226285598949,0.0035,0.02907938394735369,0.024142562614581094,0.0003448937516368728,0.00036858874220734494,0.9921016698098426,flat,low,23.0,2.4835513107257454
5259,OLONGAPO CITY,ZAMBALES,14.8250161,120.2777609,267,10.0,24.2,7.0,62.0,55.0,1.3586917575202453,55.0,18.021098745637012,0.01375,0.1184166845391515,0.7535078038581028,0.002740028377665828,0.006227337221967791,0.9660327060619939,flat,low,62.0,2.097541245181307
5260,PALAUIG,ZAMBALES,15.4336234,119.9107718,267,8.0,11.25,5.0,24.0,19.0,0.3017306217219859,19.0,4.884072754030868,0.00475,0.03765223994544187,0.026872883497114367,0.00028287245786436175,0.000477740151059811,0.9924567344569504,flat,low,24.0,2.6105256886174817
5261,SAN ANTONIO,ZAMBALES,14.9488214,120.0889405,267,16.0,19.4375,11.0,78.0,67.0,0.7341990805634351,67.0,15.560240799871961,0.01675,0.1276712296880927,0.3983986000442785,0.0011892495523709806,0.0040992781998125125,0.9816450229859142,flat,low,78.0,3.7635983266328092
5262,SAN FELIPE,ZAMBALES,15.0610588,120.0702767,267,13.0,18.0,7.0,72.0,65.0,0.892340344658353,65.0,17.15614564327703,0.01625,0.1281828388734633,0.4350159180209471,0.0013385105169875296,0.004833510200232746,0.9776914913835412,flat,low,72.0,3.1475599458786947
5263,SAN MARCELINO,ZAMBALES,14.97381,120.1562867,267,40.0,42.6875,34.0,59.0,25.0,0.4314247485847702,25.0,6.131055679897223,0.00625,0.04944970745664637,0.1918379578667956,0.0015347036629343648,0.0008988015595516046,0.9892143812853808,flat,low,59.0,2.660634349293514
5264,SAN NARCISO,ZAMBALES,15.0155166,120.0793689,267,15.0,13.307692307692308,5.0,18.0,13.0,0.20952375088107764,13.0,3.8507664648565623,0.00325,0.026467688106684845,0.015103170376011013,0.00023235646732324634,0.00022698406345450078,0.9947619062279731,flat,low,18.0,1.2185383135001833
5265,SANTA CRUZ,ZAMBALES,15.7626076,119.910005,267,8.0,8.666666666666666,6.0,12.0,6.0,0.13388194577745452,6.0,2.094967514996089,0.0015,0.012964757045547514,0.0029007754918448474,9.669251639482825e-05,6.694097288872725e-05,0.9966529513555636,flat,low,12.0,1.591113808858152
5266,SUBIC,ZAMBALES,14.8774796,120.2344695,267,23.0,38.45454545454545,8.0,116.0,108.0,2.727156974187544,108.0,31.927086352738275,0.027,0.22843207199445872,4.7192211821509,0.00873929848546463,0.024544412767687894,0.9318210756453114,flat,low,116.0,2.4288295918983582
5267,AGONCILLO,BATANGAS,13.9345056,120.928582,268,63.0,60.375,10.0,124.0,114.0,1.9502953531684115,114.0,30.485396093867635,0.0285,0.22871227913204714,5.593081392508284,0.00981242349562857,0.01852780585509991,0.9512426161707898,flat,low,124.0,2.087064826614925
5268,ALITAGTAG,BATANGAS,13.8649051,121.0059795,268,214.0,199.75,80.0,239.0,159.0,2.150925279595599,159.0,35.852998479904024,0.03975,0.30512459416966686,28.464135254698387,0.03580394371660175,0.028499759954641688,0.94622686801011,flat,low,239.0,1.0947480146535586
5269,BALAYAN,BATANGAS,13.9381793,120.7294945,268,8.0,16.25,7.0,34.0,27.0,0.4529569683083184,27.0,8.506125244003092,0.00675,0.05580487379803524,0.08280619576886444,0.0006133792279175144,0.0010191531786937164,0.988676075792292,flat,low,34.0,2.086731314682043
5270,BALETE,BATANGAS,14.0179936,121.0946529,268,16.0,41.9375,4.0,163.0,159.0,2.907955215771778,159.0,49.289284776206685,0.03975,0.32966365450627866,8.079344635819668,0.010162697655119079,0.03853040660897606,0.9273011196057055,flat,low,163.0,2.456162593827648
5271,BATANGAS CITY,BATANGAS,13.7558718,121.0584755,268,12.0,15.1875,5.0,37.0,32.0,0.5240321463524888,32.0,9.375624979168055,0.008,0.06508611458614169,0.106116509636379,0.0006632281852273688,0.0013974190569399703,0.9868991963411877,flat,low,37.0,2.326511322920278
5272,BAUAN,BATANGAS,13.7899158,121.0077783,268,10.0,30.285714285714285,4.0,64.0,60.0,1.1538214456903992,60.0,20.323907707175703,0.015,0.12719448125935862,0.8736076660227308,0.0029120255534091023,0.005769107228451996,0.9711544638577401,flat,low,64.0,1.6588485118702738
5273,CALACA,BATANGAS,13.9338465,120.8140254,268,31.0,36.714285714285715,9.0,84.0,75.0,1.3992434005144467,75.0,23.103582194198406,0.01875,0.1555481560134326,1.6053819371973785,0.004281018499193009,0.008745271253215291,0.9650189149871389,flat,low,84.0,2.0466831438332176
5274,CALATAGAN,BATANGAS,13.8329908,120.6326233,268,10.0,14.25,3.0,25.0,22.0,0.38709737616743783,22.0,7.2844011421667325,0.0055,0.046099636897687396,0.05056459476187157,0.0004596781341988324,0.000709678522973636,0.9903225655958141,flat,low,25.0,1.4757559769760915
5275,CUENCA,BATANGAS,13.9007178,121.0500822,268,313.0,294.5625,181.0,473.0,292.0,4.7128878840122645,292.0,71.92528132548388,0.073,0.5751381440857526,168.90253787568076,0.11568666977786356,0.11468027184429844,0.8821778028996934,gentle,mid,473.0,2.480873125982541
5276,IBAAN,BATANGAS,13.8185254,121.1320975,268,126.0,118.9375,99.0,137.0,38.0,0.7294826976942872,38.0,12.842647458760206,0.0095,0.08050650354983863,1.3737450989860598,0.007230237363084525,0.0023100285426985766,0.9817629325576428,flat,low,137.0,1.4064466576346437
5277,LAUREL,BATANGAS,14.0505406,120.9332537,268,30.0,35.625,3.0,84.0,81.0,1.5996376637326142,81.0,23.600516413841458,0.02025,0.16696418477611566,1.9233143472535104,0.004748924314206198,0.010797554230195147,0.9600090584066846,flat,low,84.0,2.049743196377066
5278,LEMERY,BATANGAS,13.8834388,120.9138215,268,8.0,29.0,4.0,61.0,57.0,1.2999692973899475,57.0,20.98351000923564,0.01425,0.12485274469780956,0.8953538535773262,0.0031415924686923726,0.00617485416260225,0.9675007675652513,flat,low,61.0,1.5250069440674434
5279,LIAN,BATANGAS,14.0369842,120.6528224,268,15.0,15.3125,6.0,43.0,37.0,0.6378454075939732,37.0,9.777005868362767,0.00925,0.07411715514093095,0.15057470364165018,0.0008139173169818929,0.0019666900067480844,0.9840538648101507,flat,low,43.0,2.8318994118326195
5280,LIPA CITY,BATANGAS,13.9550685,121.1655923,268,336.0,334.375,294.0,359.0,65.0,1.0290618653034955,65.0,18.401341663041855,0.01625,0.13103941353879472,8.3611276555909,0.025726546632587388,0.0055740851037272676,0.9742734533674127,flat,mid,359.0,1.33821756656149
5281,LOBO,BATANGAS,13.6476552,121.2102789,268,16.0,46.0625,9.0,142.0,133.0,2.0552999057840147,133.0,37.71682109815195,0.03325,0.26777296897314606,5.246420626688931,0.007889354325848015,0.02277957395577283,0.9486175023553997,flat,low,142.0,2.543626282997495
5282,MABINI,BATANGAS,13.7480896,120.9407878,268,34.0,47.46153846153846,15.0,120.0,105.0,2.3705573463704392,105.0,27.099859166864785,0.02625,0.21437552233656104,4.922325566814388,0.009375858222503596,0.020742376780741343,0.940736066340739,flat,low,120.0,2.6767098092688646
5283,MALVAR,BATANGAS,14.0472848,121.157631,268,208.0,204.4375,185.0,228.0,43.0,0.7365416054069817,43.0,13.071767047725414,0.01075,0.08837376177761165,2.6978329798257343,0.012548060371282485,0.0026392740860416842,0.9815864598648255,flat,mid,228.0,1.8025488146647501
5284,MATAAS NA KAHOY,BATANGAS,14.0904925,121.0173747,268,8.0,56.375,5.0,230.0,225.0,3.3535952444184263,225.0,64.14522098332813,0.05625,0.4523709196997654,17.724274866008326,0.0157549109920074,0.0628799108328455,0.9161601188895393,gentle,low,230.0,2.7067487590132053
5285,NASUGBU,BATANGAS,14.0736258,120.6320724,268,8.0,6.9375,4.0,21.0,17.0,0.24687703975233777,17.0,3.8319177639923327,0.00425,0.03276939778315606,0.012131692031579723,0.00014272578860682027,0.0003497424729824785,0.9938280740061916,flat,low,21.0,3.669832495443825
5286,PADRE GARCIA,BATANGAS,13.8798754,121.2138778,268,176.0,172.3125,146.0,199.0,53.0,0.8481373807705258,53.0,14.429651546381846,0.01325,0.1061607374769179,3.2273615160304687,0.012178722702001769,0.003745940098403156,0.9787965654807369,flat,low,199.0,1.8494901325043853
5287,ROSARIO,BATANGAS,13.8454343,121.2063502,268,148.0,142.3125,127.0,167.0,40.0,0.6824140399980954,40.0,12.199993596309795,0.01,0.08223778097839639,1.6186008011204822,0.008093004005602412,0.002274713466660318,0.9829396490000476,flat,low,167.0,2.023566470059534
5288,SAN JOSE,BATANGAS,13.8785511,121.1041375,268,240.0,235.0,199.0,290.0,91.0,1.7193169692907677,91.0,29.816103031751148,0.02275,0.1912988275236291,15.319830578451278,0.033669957315277534,0.013038153683788323,0.9570170757677308,flat,mid,290.0,1.844640733122964
5289,SAN JUAN,BATANGAS,13.8259866,121.3964157,268,19.0,18.75,11.0,28.0,17.0,0.300854135555382,17.0,4.451123453691214,0.00425,0.03406730495769788,0.039957189878449165,0.00047008458680528433,0.00042621002537012446,0.9924786466111154,flat,low,28.0,2.078126571439536
5290,SAN LUIS,BATANGAS,13.8549295,120.9162216,268,4.0,24.666666666666668,3.0,56.0,53.0,1.1363188066200811,53.0,18.90913947157711,0.01325,0.11465497552002853,0.6189781054949941,0.0023357664358301666,0.005018741395905358,0.971592029834498,flat,low,56.0,1.6570469387771165
5291,SAN NICOLAS,BATANGAS,13.929865,120.9521389,268,10.0,26.5625,6.0,68.0,62.0,1.3696434270340982,62.0,21.586942667964816,0.0155,0.13376697021050143,0.9398464662069919,0.003031762794216103,0.007076491039676174,0.9657589143241475,flat,low,68.0,1.9195630765226646
5292,SAN PASCUAL,BATANGAS,13.7878815,121.0210565,268,19.0,42.083333333333336,10.0,76.0,66.0,1.2345528695710972,66.0,20.532325462277498,0.0165,0.13717877155845043,1.4287377480140508,0.004329508327315306,0.006790040782641035,0.9691361782607226,flat,low,76.0,1.6518667151030941
5293,SANTA TERESITA,BATANGAS,13.8694957,120.9764564,268,167.0,151.0,63.0,189.0,126.0,1.8401366303657978,126.0,28.722813232690143,0.0315,0.24339827982595424,14.587683137224863,0.023155052598769623,0.019321434618840876,0.9539965842408551,flat,low,189.0,1.322990139202699
5294,SANTO TOMAS,BATANGAS,14.1078443,121.1453304,268,142.0,148.5625,129.0,190.0,61.0,1.0594970382003832,61.0,17.237200867600283,0.01525,0.12375353357438705,4.000622188748462,0.013116794061470368,0.005385776610851948,0.9735125740449904,flat,low,190.0,2.4039574588894
5295,TAAL,BATANGAS,13.8800681,120.923877,268,27.0,41.3125,5.0,90.0,85.0,1.6216038049653052,85.0,28.400525413273606,0.02125,0.17955640051114458,2.3726512964056163,0.005582708932719098,0.011486360285170912,0.9594599048758674,flat,low,90.0,1.714316815523702
5296,TALISAY,BATANGAS,14.0936564,121.0205863,268,34.0,53.25,5.0,230.0,225.0,3.261802686073428,225.0,63.385230929610096,0.05625,0.45055441474262264,16.283530596882194,0.014474249419450838,0.06115880036387678,0.9184549328481643,gentle,low,230.0,2.7885044294904935
5297,TANAUAN CITY,BATANGAS,14.0807507,121.1503594,268,158.0,156.5,140.0,174.0,34.0,0.5765000016188602,34.0,9.714679613862724,0.0085,0.06899728116598199,1.2781485452558146,0.007518520854445968,0.0016334166712534371,0.9855874999595285,flat,low,174.0,1.8013973588619812
5298,TAYSAN,BATANGAS,13.7976856,121.1889935,268,111.0,114.5,103.0,123.0,20.0,0.3685892010315694,20.0,5.267826876426369,0.005,0.04024892467759472,0.35169552931762244,0.003516955293176224,0.0006143153350526156,0.9907852699742108,flat,low,123.0,1.613568286473
5299,TINGLOY,BATANGAS,13.6608216,120.8712711,268,15.0,69.6923076923077,4.0,146.0,142.0,3.677311576508676,142.0,53.34846925261898,0.0355,0.31630776863127624,15.16325285067289,0.02135669415587731,0.04351485365535267,0.9080672105872831,gentle,low,146.0,1.4303632690188752
5300,TUY,BATANGAS,14.0194625,120.7304526,268,73.0,75.6875,49.0,104.0,55.0,0.8902093617228688,55.0,15.222182621096096,0.01375,0.11058557540986988,1.5440727744154084,0.005614810088783303,0.004080126241229815,0.9777447659569283,flat,low,104.0,1.8599499720107382
5301,ALFONSO,CAVITE,14.1380464,120.8554205,269,421.0,419.0625,345.0,494.0,149.0,2.3844427128603902,149.0,40.0678623556336,0.03725,0.29778769021170653,44.41024552702476,0.05961106782150975,0.029606830351349842,0.9403889321784903,flat,mid,494.0,1.8702644394803667
5302,AMADEO,CAVITE,14.1698784,120.9218278,269,432.0,438.1875,362.0,495.0,133.0,2.428566436433486,133.0,41.027763084891674,0.03325,0.27545364043198195,40.3749170057067,0.060714160910837145,0.026916611337137804,0.9392858390891629,flat,mid,495.0,1.3847330281622878
5303,BACOOR CITY,CAVITE,14.4311318,120.9680621,269,17.0,14.75,9.0,22.0,13.0,0.24043098177609953,13.0,3.8649062084350767,0.00325,0.026756979368454305,0.019209433648152953,0.00029552974843312233,0.00026046689692410784,0.9939892254555975,flat,low,22.0,1.8758535739686146
5304,CARMONA,CAVITE,14.3134594,121.0574345,269,27.0,26.9375,16.0,43.0,27.0,0.43546922413021455,27.0,7.3098285718613125,0.00675,0.05405679380695447,0.1319675875313361,0.0009775376854173046,0.0009798057542929827,0.9891132693967446,flat,low,43.0,2.197383651984376
5305,CAVITE CITY,CAVITE,14.4820919,120.908919,269,,3.3333333333333335,-2.0,7.0,9.0,0.2507475326651055,9.0,3.0368111930480994,0.00225,0.019743122501550473,0.0031343441583138194,6.965209240697376e-05,0.00018806064949882913,0.9937313116833724,flat,low,7.0,1.2074064622963632
5306,DASMARIÑAS CITY,CAVITE,14.3270819,120.9370871,269,83.0,90.0625,67.0,121.0,54.0,0.805662157416857,54.0,14.532157229743973,0.0135,0.10742575351705613,1.6325988311780029,0.006046662337696307,0.0036254797083758563,0.9798584460645786,flat,low,121.0,2.1288991979648335
5307,GEN. MARIANO ALVAREZ,CAVITE,14.2955187,121.0070874,269,166.0,154.3125,97.0,201.0,104.0,1.5963082970365563,104.0,30.85595313306656,0.026,0.21110896844315863,10.674314043746323,0.020527527007204466,0.013834671907650156,0.9600922925740861,flat,low,201.0,1.5130791223846056
5308,GENERAL EMILIO AGUINALDO,CAVITE,14.1843001,120.7964348,269,202.0,210.875,163.0,264.0,101.0,1.7346883634837913,101.0,28.46242039953735,0.02525,0.20462841704653298,15.394184697339204,0.030483534054137038,0.014600293725988575,0.9566327909129052,flat,mid,264.0,1.8664961513381124
5309,GENERAL TRIAS CITY,CAVITE,14.4822041,120.9124454,269,,3.2,-2.0,7.0,9.0,0.2803754437195974,9.0,3.3105890714493698,0.00225,0.020367403894478973,0.0033645053246351693,7.476678499189265e-05,0.00021028158278969803,0.99299061390701,flat,low,7.0,1.1478316306121124
5310,IMUS CITY,CAVITE,14.4285797,120.9359075,269,11.0,11.5,6.0,18.0,12.0,0.22155562977394927,12.0,3.724916106437835,0.003,0.024905166569105838,0.012739448712002081,0.00021232414520003468,0.00022155562977394926,0.9944611092556512,flat,low,18.0,1.7450052750881204
5311,INDANG,CAVITE,14.1958488,120.8784852,269,301.0,299.625,244.0,373.0,129.0,1.9208917440678557,129.0,37.274111324081225,0.03225,0.26000661785936874,30.935661398877805,0.047962265734694275,0.020649586248729448,0.9519777063983036,flat,mid,373.0,1.9685244107770616
5312,KAWIT,CAVITE,14.4442694,120.9035361,269,5.0,5.25,3.0,9.0,6.0,0.09584922018179325,6.0,1.75,0.0015,0.012172014009924025,0.0012580210148860366,4.193403382953455e-05,4.792461009089663e-05,0.9976037694954552,flat,low,9.0,2.142855918368047
5313,MAGALLANES,CAVITE,14.1874692,120.7573248,269,171.0,164.625,121.0,200.0,79.0,1.2370617870050413,79.0,24.082864758994102,0.01975,0.16143477698161957,6.703521849237787,0.01697094139047541,0.008143990097783188,0.969073455324874,flat,low,200.0,1.468886649703999
5314,MARAGONDON,CAVITE,14.274129,120.7349233,269,19.0,19.5625,10.0,36.0,26.0,0.38311472967581717,26.0,6.264670282624617,0.0065,0.05070514759482955,0.08119238724223438,0.0006245568249402644,0.0008300819142976039,0.9904221317581046,flat,low,36.0,2.6238407824509866
5315,MENDEZ (MENDEZ-NUÑEZ),CAVITE,14.1795327,120.8818697,269,344.0,346.5625,287.0,417.0,130.0,2.1574791101555553,130.0,37.207137672091896,0.0325,0.2634874591099836,35.05903554002777,0.05393697775388888,0.023372690360018517,0.9460630222461112,flat,mid,417.0,1.89311789387431
5316,NAIC,CAVITE,14.3191837,120.764254,269,12.0,13.625,2.0,22.0,20.0,0.30960114624420665,20.0,5.395310463726809,0.005,0.03990275731460588,0.03515263014647763,0.00035152630146477633,0.000516001910407011,0.9922599713438949,flat,low,22.0,1.5522736836058344
5317,NOVELETA,CAVITE,14.4278394,120.8808454,269,7.0,6.75,1.0,11.0,10.0,0.15037516295657677,10.0,2.462214450449026,0.0025,0.019598735276468746,0.004229301458153721,8.458602916307443e-05,0.0001253126357971473,0.9962406209260856,flat,low,11.0,1.7260877796965093
5318,ROSARIO,CAVITE,14.4167151,120.8552642,269,2.0,6.571428571428571,0.0,12.0,12.0,0.22914282544256373,12.0,3.619674131234265,0.003,0.024831231897601457,0.007528978550255664,0.0001254829758375944,0.00022914282544256374,0.9942714293639359,flat,low,12.0,1.4997399578012274
5319,SILANG,CAVITE,14.2234004,120.9742825,269,319.0,312.3125,281.0,347.0,66.0,1.1449197309684607,66.0,19.779151744956103,0.0165,0.13539024997258217,9.4455877804898,0.028622993274211517,0.006297058520326534,0.9713770067257885,flat,mid,347.0,1.7537404380905894
5320,TAGAYTAY CITY,CAVITE,14.0992736,120.9391858,269,631.0,517.6875,251.0,645.0,394.0,7.83567860093454,394.0,142.82757032082426,0.0985,0.7089989481859429,385.9071710960261,0.1958919650233635,0.1958919650233635,0.8041080349766365,gentle,mid,645.0,0.8913720146793382
5321,TANZA,CAVITE,14.400675,120.8572845,269,10.0,12.25,4.0,19.0,15.0,0.23100237898027437,15.0,3.944933459514875,0.00375,0.029781182095430573,0.017686119640677254,0.0002358149285423634,0.00028875297372534295,0.9942249405254932,flat,low,19.0,1.7110550426812605
5322,TERNATE,CAVITE,14.2861696,120.716004,269,9.0,18.2,4.0,53.0,49.0,0.7292399297731865,49.0,13.614697940094006,0.01225,0.09803377997230739,0.27097340390488656,0.001106013893489333,0.0029777297132405115,0.9817690017556704,flat,low,53.0,2.556060927466951
5323,TRECE MARTIRES CITY,CAVITE,14.2813209,120.8698956,269,122.0,110.3125,80.0,150.0,70.0,1.0903941125266812,70.0,19.712682307337072,0.0175,0.14082452489439123,3.508286265694569,0.010023675044841626,0.0063606323230723065,0.972740147186833,flat,low,150.0,2.013297701852101
5324,ALAMINOS,LAGUNA,14.0650417,121.2463809,270,153.0,152.25,120.0,209.0,89.0,1.5600705455669261,89.0,26.345065951710957,0.02225,0.1822773718759919,8.808060795861767,0.019793395046880373,0.011570523212954703,0.9609982363608268,flat,low,209.0,2.1541034647594404
5325,BAY,LAGUNA,14.1809859,121.284764,270,7.0,6.6875,3.0,13.0,10.0,0.15217816404569856,10.0,2.8661548719495253,0.0025,0.020153098764665894,0.004240381133565038,8.480762267130077e-05,0.0001268151367047488,0.9961955458988575,flat,low,13.0,2.2024273214793135
5326,CABUYAO CITY,LAGUNA,14.2795538,121.1235712,270,16.0,13.4375,4.0,30.0,26.0,0.3992571622534581,26.0,7.01755610950137,0.0065,0.051850241649052914,0.05812102960929247,0.0004470848431484036,0.0008650571848824926,0.9900185709436635,flat,low,30.0,2.360151793788087
5327,CALAMBA CITY,LAGUNA,14.2066432,121.1550581,270,24.0,22.1875,7.0,67.0,60.0,0.858147396168333,60.0,15.46455119782013,0.015,0.11812819131356643,0.4760036338121223,0.001586678779373741,0.0042907369808416656,0.9785463150957917,flat,low,67.0,2.897756069931125
5328,CALAUAN,LAGUNA,14.1453986,121.3149851,270,20.0,56.0625,11.0,201.0,190.0,2.992707847202011,190.0,50.6698489611919,0.0475,0.37874599227794015,13.28247912496455,0.013981556973646895,0.04738454091403183,0.9251823038199497,flat,low,201.0,2.8604288370896658
5329,CAVINTI,LAGUNA,14.2453833,121.5070018,270,212.0,243.9375,191.0,296.0,105.0,1.8311328638230384,105.0,25.579456478783907,0.02625,0.20762835453016346,19.542336317386418,0.0372234977474027,0.016022412558451587,0.9542216784044241,flat,mid,296.0,2.0353246367004316
5330,CITY OF BIÑAN,LAGUNA,14.3388259,121.0841826,270,11.0,8.5,4.0,16.0,12.0,0.18979620008468195,12.0,3.2596012026013246,0.003,0.024006851687542734,0.008066338503598981,0.00013443897505998302,0.00018979620008468195,0.995255094997883,flat,low,16.0,2.3008942606599745
5331,FAMY,LAGUNA,14.4354493,121.4491564,270,8.0,14.75,2.0,40.0,38.0,0.8216877492485004,38.0,9.38416218956173,0.0095,0.07670198405867337,0.1918983264390769,0.0010099911917846151,0.002602011205953585,0.9794578062687875,flat,low,40.0,2.6907034212796184
5332,KALAYAAN,LAGUNA,14.3276464,121.4798659,270,26.0,170.625,2.0,351.0,349.0,6.978207372660259,349.0,140.5057271964385,0.08725,0.6984002841060286,173.1413187096228,0.09922138608001305,0.17445518431650647,0.8255448156834935,gentle,low,351.0,1.2837554903656383
5333,LILIW,LAGUNA,14.1303236,121.4358499,270,271.0,253.75,173.0,348.0,175.0,2.710289565406036,175.0,47.86896176020533,0.04375,0.3500403160442433,50.14741500575491,0.05731133143514847,0.03952505616217136,0.9322427608648491,flat,mid,348.0,1.9689166960256843
5334,LOS BAÑOS,LAGUNA,14.17909,121.2217911,270,12.0,48.875,3.0,199.0,196.0,2.98925211365141,196.0,57.49334200583577,0.049,0.3968137453355641,11.931475259468199,0.012174974754559387,0.0488244511896397,0.9252686971587147,flat,low,199.0,2.6111718705374605
5335,LUISIANA,LAGUNA,14.1850164,121.5100243,270,386.0,385.4375,367.0,399.0,32.0,0.7603319958148758,32.0,10.559171073053037,0.008,0.06873179972745087,3.041327983259503,0.019008299895371894,0.002027551988839669,0.9809917001046281,flat,mid,399.0,1.284428353489138
5336,LUMBAN,LAGUNA,14.2974791,121.4590515,270,11.0,17.0,2.0,63.0,61.0,1.2715793027406967,61.0,22.189524555519437,0.01525,0.13221235163967368,0.5494282237258761,0.001801404012215987,0.006463861455598543,0.9682105174314826,flat,low,63.0,2.0730501823892276
5337,MABITAC,LAGUNA,14.4259361,121.429439,270,14.0,9.4375,1.0,40.0,39.0,0.6497034843202674,39.0,9.68870960190262,0.00975,0.07710318495700583,0.09963812029067848,0.0005109647194393768,0.002111536324040869,0.9837574128919934,flat,low,40.0,3.1544445133904913
5338,MAGDALENA,LAGUNA,14.1996471,121.4292603,270,75.0,61.5,30.0,97.0,67.0,1.0683078508537673,67.0,18.411952639521967,0.01675,0.13439696388099975,1.8341510414345616,0.005475077735625557,0.005964718833933534,0.9732923037286558,flat,low,97.0,1.9280952306874095
5339,MAJAYJAY,LAGUNA,14.1455816,121.4725083,270,279.0,303.1875,161.0,417.0,256.0,3.7033577607840202,256.0,69.27591460060272,0.064,0.5087722665409972,118.50744834508865,0.0925839440196005,0.07900496556339244,0.9074160559803995,gentle,mid,417.0,1.642886983351683
5340,NAGCARLAN,LAGUNA,14.1332036,121.4153448,270,230.0,224.1875,173.0,302.0,129.0,2.074028854501427,129.0,37.89989899392873,0.03225,0.26218095113545914,24.992209730246454,0.03874761198487822,0.02229581018589034,0.9481492786374643,flat,mid,302.0,2.0531056813465196
5341,PAETE,LAGUNA,14.3641222,121.4815784,270,3.0,154.75,0.0,451.0,451.0,7.713433955650094,451.0,163.25650829293147,0.11275,0.7174925471119384,224.30746291300846,0.09947115871973768,0.19283584889125235,0.8071641511087476,gentle,low,451.0,1.8146290232657005
5342,PAGSANJAN,LAGUNA,14.2728846,121.4558355,270,12.0,29.25,2.0,109.0,107.0,1.9659994014278215,107.0,32.831958516055664,0.02675,0.22147843945056767,2.5637860944244686,0.004792123540980315,0.017530161329398077,0.9508500149643044,flat,low,109.0,2.4290356462275797
5343,PAKIL,LAGUNA,14.3807742,121.4786229,270,38.0,112.0,0.0,451.0,451.0,9.266197944928358,451.0,174.7079706252694,0.11275,0.7310792320181232,195.02257941425884,0.08648451415266468,0.23165494862320896,0.7683450513767911,moderate,low,451.0,1.940380835781896
5344,PANGIL,LAGUNA,14.4029123,121.4677652,270,9.0,18.0,0.0,75.0,75.0,1.3731378576475661,75.0,22.7705950734714,0.01875,0.1548757496857114,0.772390044926756,0.002059706786471349,0.008582111610297288,0.9656715535588108,flat,low,75.0,2.5032282780865422
5345,PILA,LAGUNA,14.2347317,121.3640614,270,9.0,11.25,6.0,23.0,17.0,0.2577187568437618,17.0,4.4651427748729375,0.00425,0.033708562822213496,0.020536963435987265,0.00024161133454102664,0.00036510157219532915,0.9935570310789059,flat,low,23.0,2.6314942121509546
5346,RIZAL,LAGUNA,14.1100269,121.3934407,270,256.0,267.6875,214.0,325.0,111.0,1.9377393430530665,111.0,26.004131282355885,0.02775,0.21812739429485553,23.990272768200196,0.043225716699459814,0.017924088923240863,0.9515565164236733,flat,mid,325.0,2.203976636393563
5347,SAN PABLO CITY,LAGUNA,14.0719058,121.3213837,270,110.0,112.8125,94.0,136.0,42.0,0.7938270789654082,42.0,12.476070845823216,0.0105,0.08658074806871163,1.5671883035512393,0.007462801445482092,0.0027783947763789286,0.9801543230258648,flat,low,136.0,1.858557748508221
5348,SAN PEDRO CITY,LAGUNA,14.3344861,121.0293648,270,66.0,64.9375,26.0,106.0,80.0,1.42185077669249,80.0,28.575489387760275,0.02,0.17054184681307297,3.077714493715619,0.007694286234289046,0.009479005177949931,0.9644537305826878,flat,low,106.0,1.4369832133340492
5349,SANTA CRUZ,LAGUNA,14.2818168,121.4148892,270,7.0,5.125,1.0,11.0,10.0,0.17855822723767034,10.0,2.6190408549696205,0.0025,0.020054438961622442,0.0038129621441377517,7.625924288275504e-05,0.00014879852269805862,0.9955360443190583,flat,low,11.0,2.2431867550540336
5350,SANTA MARIA (LAGUNA),LAGUNA,14.4700204,121.4230494,270,12.0,26.5625,8.0,101.0,93.0,1.3279629434400393,93.0,26.367519673833563,0.02325,0.1862763686535451,1.3668681077986342,0.002939501307093837,0.010291712811660303,0.9668009264139991,flat,low,101.0,2.823075438938399
5351,SANTA ROSA CITY,LAGUNA,14.2361767,121.0465854,270,133.0,140.875,91.0,222.0,131.0,2.4186730267252043,131.0,41.65164312485163,0.03275,0.2731989131503144,18.598209877428594,0.028394213553326098,0.026403847208416813,0.9395331743318699,flat,low,222.0,1.9477022265153856
5352,SINILOAN,LAGUNA,14.4215284,121.444412,270,5.0,9.0,1.0,40.0,39.0,0.6265033224574226,39.0,9.918417212438687,0.00975,0.07720646035475404,0.09162611090939805,0.000469877491843067,0.0020361357979866235,0.9843374169385645,flat,low,40.0,3.125498374440685
5353,VICTORIA,LAGUNA,14.2270483,121.3280871,270,11.0,5.3125,1.0,12.0,11.0,0.2469667834086759,11.0,3.1567140747935976,0.00275,0.022869911454550713,0.006013383918935208,0.00010933425307154922,0.00022638621812461957,0.9938258304147831,flat,low,12.0,2.11849971934425
5354,AGDANGAN,QUEZON,13.8759428,121.9141841,271,13.0,19.9375,4.0,59.0,55.0,0.8695680588212928,55.0,15.939215593936861,0.01375,0.11136100797326878,0.3973065518755099,0.001444751097729127,0.003985520269597592,0.9782607985294677,flat,low,59.0,2.4507164307472324
5355,ALABAT,QUEZON,14.1057926,122.0147195,271,3.0,16.384615384615383,1.0,50.0,49.0,0.8658845872251407,49.0,13.419494783213203,0.01225,0.09896914984917092,0.28965504605348696,0.0011822654940958652,0.0035356953978359913,0.9783528853193715,flat,low,50.0,2.5049662936989763
5356,ATIMONAN,QUEZON,13.9989442,121.9208446,271,37.0,36.75,2.0,79.0,77.0,1.8531713923241062,77.0,24.1699710384601,0.01925,0.16394187773411606,2.1850048947621414,0.005675337388992575,0.011891183100746347,0.9536707151918974,flat,low,79.0,1.7480367760777846
5357,BUENAVISTA,QUEZON,13.7376773,122.4673918,271,9.0,53.625,5.0,112.0,107.0,2.402530942746021,107.0,35.40281591907627,0.02675,0.22872590030779605,5.7439259304620105,0.010736310150396281,0.02142256757281869,0.9399367264313495,flat,low,112.0,1.648880091475024
5358,BURDEOS,QUEZON,14.8435644,121.9693383,271,7.0,23.8,6.0,78.0,72.0,1.2611934251631662,72.0,20.471769179368287,0.018,0.14633113470933543,0.9004921055665007,0.0025013669599069466,0.0075671605509789975,0.9684701643709208,flat,low,78.0,2.647548283568729
5359,CALAUAG,QUEZON,13.9572058,122.287787,271,17.0,21.0,1.0,89.0,88.0,1.6707102762505894,88.0,26.88741961091345,0.022,0.18246860773174395,1.2864469127129539,0.0029237429834385316,0.012251875359170989,0.9582322430937352,flat,low,89.0,2.5290637203183106
5360,CANDELARIA,QUEZON,13.9289015,121.4246794,271,71.0,74.4375,46.0,108.0,62.0,0.9737073778966582,62.0,20.32538053149313,0.0155,0.12862044693191993,1.8724088593397146,0.006040028578515208,0.005030821452466068,0.9756573155525835,flat,low,108.0,1.6512605162169594
5361,CATANAUAN,QUEZON,13.5929805,122.3223125,271,5.0,10.5,2.0,30.0,28.0,0.6293788104018637,28.0,8.80814017448254,0.007,0.05925125149032636,0.07709890427422832,0.0005507064591016308,0.0014685505576043487,0.9842655297399534,flat,low,30.0,2.2138609740375315
5362,DOLORES,QUEZON,14.0170009,121.4016469,271,259.0,236.0,155.0,333.0,178.0,2.971679246968195,178.0,50.88344524499103,0.0445,0.36084678707095974,52.01429241943331,0.058443025190374503,0.044079908830028235,0.9257080188257951,flat,mid,333.0,1.9063174206591538
5363,GENERAL LUNA,QUEZON,13.688262,122.1711441,271,3.0,11.083333333333334,1.0,21.0,20.0,0.4577866882764751,20.0,6.537817338803185,0.005,0.04272272330749007,0.042281687181091106,0.00042281687181091107,0.0007629778137941253,0.9885553327930882,flat,low,21.0,1.5168158784421064
5364,GENERAL NAKAR,QUEZON,14.7636785,121.6352959,271,5.0,17.5,3.0,82.0,79.0,1.3175450104980486,79.0,24.591665254715874,0.01975,0.16281740584814575,0.7589608237556467,0.0019214198069763208,0.008673837985778818,0.9670613747375488,flat,low,82.0,2.6228397592876007
5365,GUINAYANGAN,QUEZON,13.8963821,122.4521906,271,17.0,90.4,17.0,165.0,148.0,4.351311492492644,148.0,56.55121572521673,0.037,0.33547559652626624,24.257111133482322,0.03277987991011125,0.05366617507407594,0.891217212687684,gentle,low,165.0,1.3191581776654355
5366,GUMACA,QUEZON,13.9221715,122.0991276,271,10.0,32.25,1.0,94.0,93.0,2.072327924546034,93.0,25.99719536155134,0.02325,0.19229579648851292,2.589762303206122,0.005569381297217467,0.016060541415231763,0.9481918018863491,flat,low,94.0,2.3752561292080485
5367,INFANTA,QUEZON,14.7464641,121.6490904,271,7.0,5.75,4.0,8.0,4.0,0.0728519466447817,4.0,1.299038105676658,0.001,0.008369505340710718,0.0006981644886791579,3.4908224433957894e-05,2.4283982214927235e-05,0.9981787013338804,flat,low,8.0,1.7320494742365704
5368,JOMALIG,QUEZON,14.6958792,122.3306656,271,9.0,6.142857142857143,1.0,17.0,16.0,0.34232365613184873,16.0,4.688239737549126,0.004,0.033246318307885846,0.014018968774923328,0.0001752371096865416,0.0004564315415091317,0.9914419085967038,flat,low,17.0,2.315824520312208
5369,LOPEZ,QUEZON,13.8825115,122.2611114,271,9.0,16.9375,4.0,56.0,52.0,0.841277963599699,52.0,12.973380197542967,0.013,0.10265902244488799,0.30873148601684786,0.0011874287923724918,0.003645537842265362,0.9789680509100075,flat,low,56.0,3.0109729611119467
5370,LUCBAN,QUEZON,14.114401,121.55486,271,434.0,446.5,416.0,575.0,159.0,2.4512912331759145,159.0,43.98153021439795,0.03975,0.3185908385761532,48.7194132593713,0.061282280829397864,0.03247960883958087,0.9387177191706021,flat,mid,575.0,2.921680906778748
5371,LUCENA CITY,QUEZON,13.9268764,121.6135034,271,12.0,12.1875,5.0,31.0,26.0,0.3952541373894661,26.0,6.921151909183904,0.0065,0.05168667624773637,0.05218589782720295,0.0004014299832861765,0.0008563839643438432,0.9901186465652634,flat,low,31.0,2.7181165113455417
5372,MACALELON,QUEZON,13.7464216,122.1381406,271,8.0,10.0,2.0,27.0,25.0,0.5631423962164537,25.0,7.338742593737898,0.00625,0.052212486091877834,0.05866066627254725,0.00046928533018037805,0.001173213325450945,0.9859214400945887,flat,low,27.0,2.3164728107555073
5373,MAUBAN,QUEZON,14.1900544,121.7314732,271,11.0,59.0,4.0,149.0,145.0,3.234058559226492,145.0,47.34784241988416,0.03625,0.30892846895307735,11.528071239242765,0.015900787916196917,0.039078207590653447,0.9191485360193377,gentle,low,149.0,1.9008257504333066
5374,MULANAY,QUEZON,13.5217964,122.4040192,271,15.0,75.0,2.0,151.0,149.0,3.331425188691259,149.0,47.466587438712324,0.03725,0.315938753652665,15.511948534843674,0.020821407429320368,0.04136519609291646,0.9167143702827185,gentle,low,151.0,1.601126234259058
5375,PADRE BURGOS,QUEZON,13.915937,121.8149517,271,7.0,27.727272727272727,3.0,66.0,63.0,1.302932367923902,63.0,20.127280939474385,0.01575,0.1327370328053,0.9483274791537035,0.003010563425884773,0.006840394931600485,0.9674266908019025,flat,low,66.0,1.9015348116958284
5376,PAGBILAO,QUEZON,13.9716151,121.6864374,271,17.0,41.6,5.0,96.0,91.0,1.5055870527321835,91.0,25.79095448666709,0.02275,0.18406182602696272,2.3748126445095643,0.00521936844947157,0.01141736848321906,0.9623603236816954,flat,low,96.0,2.109266561610044
5377,PANUKULAN,QUEZON,14.9337995,121.815067,271,30.0,20.4,5.0,37.0,32.0,0.775565624156577,32.0,10.121264743103996,0.008,0.06828121886884204,0.2109538497705889,0.0013184615610661807,0.0020681749977508723,0.9806108593960856,flat,low,37.0,1.6401110712175713
5378,PATNANUNGAN,QUEZON,14.7537047,122.2184319,271,,33.6,24.0,42.0,18.0,0.7939841953117546,18.0,7.863841300534999,0.0045,0.044432483443024515,0.20008401721856217,0.002223155746872913,0.001190976292967632,0.9801503951172061,flat,low,42.0,1.0681801184426756
5379,PEREZ,QUEZON,14.1935057,121.9243637,271,6.0,26.727272727272727,1.0,57.0,56.0,1.5013208140064658,56.0,21.633689674339415,0.014,0.12598147668834248,0.9362782530985778,0.003343850903923492,0.007006163798696841,0.9624669796498384,flat,low,57.0,1.3993325377733612
5380,PITOGO,QUEZON,13.783235,122.08779,271,,9.3,2.0,22.0,20.0,0.5539699336514076,20.0,5.866003750424985,0.005,0.04266857525334979,0.042932669857984086,0.0004293266985798409,0.000923283222752346,0.9861507516587148,flat,low,22.0,2.1650169988491568
5381,PLARIDEL,QUEZON,13.9568473,122.0172653,271,57.0,48.1,3.0,135.0,132.0,2.62503784711257,132.0,39.53087401006965,0.033,0.2736769131756612,6.944537624536304,0.010522026703842885,0.028875416318238274,0.9343740538221857,flat,low,135.0,2.198281722270607
5382,POLILLO,QUEZON,14.7144608,121.9380942,271,3.0,14.928571428571429,0.0,34.0,34.0,0.6767356607386938,34.0,12.747348663905905,0.0085,0.07391790191667144,0.1431215358693202,0.0008418913874665894,0.0019174177054262992,0.9830816084815327,flat,low,34.0,1.4961093148193214
5383,QUEZON,QUEZON,14.0067037,122.1827232,271,11.0,22.818181818181817,2.0,57.0,55.0,1.017750918746305,55.0,19.135013988251448,0.01375,0.11691867252336542,0.5321989179277552,0.0019352687924645644,0.004664691710920564,0.9745562270313424,flat,low,57.0,1.786349172070427
5384,REAL,QUEZON,14.6644775,121.604365,271,14.0,138.72727272727272,0.0,324.0,324.0,6.440410121571744,324.0,104.85842482222564,0.081,0.6461648216600536,120.6171717404541,0.07445504428423091,0.1610102530392936,0.8389897469607064,gentle,low,324.0,1.7668844999335966
5385,SAMPALOC (IV-A),QUEZON,14.1610171,121.6382843,271,68.0,180.6875,68.0,329.0,261.0,5.086737118668838,261.0,81.13701278547295,0.06525,0.5441916335023163,99.95319217783049,0.07659248442745631,0.11063653233104723,0.8728315720332791,gentle,low,329.0,1.8279265292180915
5386,SAN ANDRES,QUEZON,13.3230802,122.6759497,271,,83.0,29.0,158.0,129.0,3.8243393635042535,129.0,50.017496938571405,0.03225,0.2936529653487574,17.06133398543335,0.026451680597571085,0.041111648157670724,0.9043915159123936,gentle,low,158.0,1.499475245485303
5387,SAN ANTONIO,QUEZON,13.8962195,121.2931059,271,67.0,70.3125,48.0,94.0,46.0,0.6881234685984826,46.0,12.076416842341937,0.0115,0.0911229694733593,0.9273538932284238,0.004031973448819234,0.0026378066296275163,0.9827969132850379,flat,low,94.0,1.9614674077397085
5389,SAN NARCISO,QUEZON,13.5656208,122.566514,271,5.0,13.545454545454545,4.0,45.0,41.0,0.8085114372259204,41.0,11.934393661435662,0.01025,0.08448699995764103,0.18709077159140713,0.0009126379102019859,0.0027624140771885615,0.979787214069352,flat,low,45.0,2.635621357167486
5390,SARIAYA,QUEZON,13.9629837,121.5243402,271,200.0,212.9375,114.0,307.0,193.0,3.597554015403097,193.0,62.494468505220524,0.04825,0.4043045556417378,61.603521884956294,0.06383784651290808,0.05786066041439981,0.9100611496149226,gentle,mid,307.0,1.5051331860996502
5391,TAGKAWAYAN,QUEZON,13.9656058,122.5392058,271,6.0,44.8,4.0,95.0,91.0,2.064724346362494,91.0,30.32314847329237,0.02275,0.19499720266172832,3.507278423021089,0.007708304226419976,0.015657492959915576,0.9483818913409376,flat,low,95.0,1.6555008589795235
5392,TAYABAS CITY,QUEZON,14.0263471,121.5918364,271,183.0,192.8125,127.0,272.0,145.0,2.296938453689597,145.0,40.30077348823469,0.03625,0.2913325761207636,26.757239421789034,0.036906537133502115,0.02775467298208263,0.94257653865776,flat,low,272.0,1.9649126103796792
5393,TIAONG,QUEZON,13.9596673,121.3222989,271,49.0,58.125,44.0,98.0,54.0,1.1357302348437732,54.0,15.523671440738495,0.0135,0.11163586814253434,1.4853221977566222,0.005501193325024527,0.005110786056796979,0.9716067441289057,flat,low,98.0,2.568657651868301
5394,UNISAN,QUEZON,13.8393046,121.9763634,271,4.0,12.5,1.0,34.0,33.0,0.6705949183831695,33.0,9.069178573608527,0.00825,0.06745994363399743,0.11525850159710727,0.0006985363733158016,0.0018441360255537164,0.9832351270404207,flat,low,34.0,2.3706664782077294
5395,ANGONO,RIZAL,14.5258481,121.1529683,272,15.0,32.8125,1.0,152.0,151.0,2.6251169479152754,151.0,45.353085272669155,0.03775,0.3099405536578175,5.419430886614151,0.007178054154455831,0.03303272159460054,0.9343720763021182,flat,low,152.0,2.627990943845099
5396,BARAS,RIZAL,14.5218512,121.2658068,272,5.0,18.0,0.0,54.0,54.0,1.1171070666340914,54.0,18.516884187141205,0.0135,0.11546386574923657,0.45242836198680697,0.001675660599951137,0.005026981799853411,0.9720723233341477,flat,low,54.0,1.944171475718805
5397,BINANGONAN,RIZAL,14.4647563,121.1923358,272,16.0,17.125,2.0,51.0,49.0,0.9162976609883451,49.0,16.335831016510912,0.01225,0.10329871255566256,0.32037011449035213,0.0013076331203687843,0.0037415487823690757,0.9770925584752914,flat,low,51.0,2.073662361718824
5398,CAINTA,RIZAL,14.5780161,121.1163072,272,9.0,9.25,6.0,17.0,11.0,0.1615107589560158,11.0,2.968585521759479,0.00275,0.021871333169877778,0.006847383218239419,0.00012449787669526217,0.00014805152904301448,0.9959622310260996,flat,low,17.0,2.610670075873881
5399,CARDONA,RIZAL,14.4849786,121.2310927,272,31.0,23.25,3.0,102.0,99.0,1.3943374350620683,99.0,26.373518915760936,0.02475,0.19586514444447437,1.3372567463142149,0.0027015287804327574,0.011503283839262064,0.9651415641234483,flat,low,102.0,2.9859495528671784
5400,CITY OF ANTIPOLO,RIZAL,14.5871972,121.1759246,272,197.0,202.5625,154.0,243.0,89.0,1.7123088840167524,89.0,25.719566360069138,0.02225,0.18277545788190544,12.862338158483027,0.028904130693220283,0.012699624223124248,0.9571922778995812,flat,mid,243.0,1.5722465091998847
5401,JALA-JALA,RIZAL,14.3536306,121.3237656,272,6.0,57.8125,1.0,222.0,221.0,3.7733620399323384,221.0,72.66207637929156,0.05525,0.46139968635513007,20.087748307634598,0.018178957744465696,0.06949275090208724,0.9056659490016915,gentle,low,222.0,2.259603715194535
5402,MORONG,RIZAL,14.5151374,121.2380858,272,7.0,28.1875,3.0,95.0,92.0,1.9567795883644128,92.0,35.23176611738333,0.023,0.20209750955469968,2.114341111469172,0.004596393720585157,0.015001976844127164,0.9510805102908897,flat,low,95.0,1.8963709591232727
5403,PILILLA,RIZAL,14.4811791,121.3075948,272,5.0,17.0625,3.0,43.0,40.0,0.7403875029448006,40.0,14.876444257617477,0.01,0.08631364966092364,0.21054769614992774,0.0010527384807496386,0.0024679583431493355,0.98149031242638,flat,low,43.0,1.7435280774967876
5404,RODRIGUEZ (MONTALBAN),RIZAL,14.7324642,121.1453418,272,26.0,48.625,16.0,258.0,242.0,2.958624363075628,242.0,58.87473460662052,0.0605,0.4673876093190724,14.506196890167368,0.011988592471212702,0.05966559132202517,0.9260343909231092,flat,low,258.0,3.556279240028648
5405,SAN MATEO,RIZAL,14.6951949,121.1174024,272,19.0,26.625,15.0,52.0,37.0,0.8772454468758805,37.0,12.051322541530451,0.00925,0.0792443277155379,0.360081842022334,0.0019463883352558596,0.002704840127867298,0.978068863828103,flat,low,52.0,2.1055778572830115
5406,TANAY,RIZAL,14.4985359,121.2856331,272,9.0,9.4375,0.0,48.0,48.0,0.5929203635972948,48.0,11.879439959442532,0.012,0.09302730646073305,0.11191371862898938,0.00046630716095412243,0.002371681454389179,0.9851769909100676,flat,low,48.0,3.2461544387194485
5407,TAYTAY,RIZAL,14.5587089,121.1359659,272,16.0,16.4375,5.0,62.0,57.0,0.786942302708181,57.0,15.078829322928222,0.01425,0.11249085091260089,0.30721489739318597,0.0010779470083971438,0.0037379759378638596,0.9803264424322955,flat,low,62.0,3.02162031299733
5408,TERESA,RIZAL,14.5589166,121.2080514,272,97.0,100.75,44.0,216.0,172.0,3.393603205368552,172.0,60.05778467442834,0.043,0.367771074279546,24.503229144096515,0.028492126911740134,0.04864164594361592,0.9151599198657862,gentle,low,216.0,1.918985169129731
5409,BOAC,MARINDUQUE,13.4479146,121.8400274,273,25.0,28.25,13.0,61.0,48.0,1.2281416170630788,48.0,15.469728504404982,0.012,0.10337254382184193,0.6939000136406395,0.002891250056835998,0.0049125664682523155,0.969296459573423,flat,low,61.0,2.1170376631779173
5410,BUENAVISTA,MARINDUQUE,13.2541728,121.9425793,273,10.0,33.9,6.0,60.0,54.0,1.3662533225909257,54.0,16.10869330516911,0.0135,0.11443297431289608,1.0421097218062285,0.003859665636319365,0.006148139951659165,0.9658436669352268,flat,low,60.0,1.620243050464046
5411,GASAN,MARINDUQUE,13.3241764,121.8467339,273,7.0,42.0,7.0,88.0,81.0,1.83156020895972,81.0,23.144473782453268,0.02025,0.16838545020500192,2.596236596200403,0.00641046073135902,0.01236303141047811,0.954210994776007,flat,low,88.0,1.9875153976220017
5412,MOGPOG,MARINDUQUE,13.4735672,121.8608199,273,11.0,30.5625,6.0,84.0,78.0,1.6280401866520515,78.0,23.79329934561409,0.0195,0.16296975076069092,1.6171017916479833,0.004146414850379444,0.010582261213238336,0.9592989953336987,flat,low,84.0,2.2459053272889205
5413,SANTA CRUZ,MARINDUQUE,13.4763975,122.0278552,273,23.0,107.375,7.0,322.0,315.0,5.18788390472795,315.0,84.35925779071317,0.07875,0.6078729945539871,73.11268574795898,0.04642075285584697,0.12969709761819875,0.8703029023818012,gentle,low,322.0,2.5441783519277124
5414,TORRIJOS,MARINDUQUE,13.3203645,122.0859961,273,15.0,42.45454545454545,3.0,112.0,109.0,2.2414010898599313,109.0,31.230415350667474,0.02725,0.22475281333716438,4.3217439271643965,0.007929805370943847,0.020359393232894377,0.9439649727535018,flat,low,112.0,2.2268500606770867
5415,ABRA DE ILOG,OCCIDENTAL MINDORO,13.4444905,120.7288218,274,24.0,69.8125,8.0,208.0,200.0,4.31811413022157,200.0,60.661168334858175,0.05,0.41866505641924967,25.121528559674445,0.025121528559674443,0.07196856883702615,0.8920471467444607,gentle,low,208.0,2.2780223578807983
5416,CALINTAAN,OCCIDENTAL MINDORO,12.5713842,120.9409823,274,7.0,9.875,3.0,24.0,21.0,0.38951974067226414,21.0,5.935855035291883,0.00525,0.042822771111271495,0.03365694009246282,0.000320542286594884,0.0006816595461764623,0.9902620064831934,flat,low,24.0,2.379606229669186
5417,LOOC,OCCIDENTAL MINDORO,13.7197591,120.2502443,274,,30.09090909090909,6.0,83.0,77.0,1.8289233145964827,77.0,23.438331252476708,0.01925,0.16275418733935482,1.7656730499666877,0.004586163766147241,0.011735591268660764,0.9542769171350879,flat,low,83.0,2.2573743873564234
5418,LUBANG,OCCIDENTAL MINDORO,13.8592951,120.1227812,274,6.0,11.666666666666666,5.0,20.0,15.0,0.30833442632257174,15.0,4.624812308503869,0.00375,0.031364342641661,0.022482718586020852,0.0002997695811469447,0.00038541803290321466,0.9922916393419358,flat,low,20.0,1.8018745357808128
5419,MAGSAYSAY,OCCIDENTAL MINDORO,12.3119932,121.1473042,274,19.0,12.0,4.0,19.0,15.0,0.3019605895102918,15.0,3.758324094593227,0.00375,0.030153253951006025,0.022647044213271884,0.0003019605895102918,0.0003774507368878648,0.9924509852622427,flat,low,19.0,1.8625317990905805
5420,MAMBURAO,OCCIDENTAL MINDORO,13.2248144,120.5959466,274,6.0,11.923076923076923,3.0,34.0,31.0,0.6914549839804743,31.0,8.052343552431834,0.00775,0.06328668917973826,0.10648849993673648,0.0006870225802370096,0.0017862587086162251,0.9827136254004881,flat,low,34.0,2.7416764065635735
5421,PALUAN,OCCIDENTAL MINDORO,13.4158295,120.4626484,274,5.0,23.727272727272727,6.0,66.0,60.0,1.570644250653301,60.0,20.635762906754906,0.015,0.13125748773555626,0.9316776123193443,0.003105592041064481,0.007853221253266504,0.9607338937336675,flat,low,66.0,2.04851768336474
5422,RIZAL,OCCIDENTAL MINDORO,12.459039,120.9642214,274,7.0,5.384615384615385,4.0,7.0,3.0,0.05539191695080911,3.0,0.8355984993230935,0.00075,0.006098810605750371,0.00037283021024583056,2.485534734972204e-05,1.3847979237702278e-05,0.9986152020762298,flat,low,7.0,1.9332043840299253
5423,SABLAYAN,OCCIDENTAL MINDORO,12.8470382,120.7799198,274,8.0,17.142857142857142,2.0,46.0,44.0,0.8262102455703353,44.0,13.542827004185876,0.011,0.09128644232098827,0.2596660771792482,0.0011803003508147646,0.0030294375670912297,0.9793447438607417,flat,low,46.0,2.130806272384436
5424,SAN JOSE,OCCIDENTAL MINDORO,12.3539835,121.0675039,274,7.0,4.916666666666667,4.0,6.0,2.0,0.06127158421392485,2.0,0.7592027982620249,0.0005,0.004548396759554542,0.0002510432964320532,2.5104329643205323e-05,1.0211930702320809e-05,0.9984682103946518,flat,low,6.0,1.4269335003503776
5425,SANTA CRUZ,OCCIDENTAL MINDORO,13.0739956,120.7217953,274,,8.222222222222221,4.0,29.0,25.0,0.4784648068579782,25.0,7.46514534766259,0.00625,0.05164009419022409,0.0409796246614472,0.00032783699729157763,0.000996801680954121,0.9880383798285506,flat,low,29.0,2.7833048154887816
5426,BACO,ORIENTAL MINDORO,13.3581031,121.0963319,275,13.0,12.75,10.0,18.0,8.0,0.16185242238314623,8.0,2.165063509461097,0.002,0.01630296004180066,0.006878727951283715,0.00017196819878209288,0.0001079016149220975,0.9959536894404214,flat,low,18.0,2.424870010596945
5427,BANSUD,ORIENTAL MINDORO,12.8640556,121.4555057,275,17.0,15.3125,8.0,25.0,17.0,0.25864160773995304,17.0,4.01121474743001,0.00425,0.03311140039763127,0.02805318479783605,0.0003300374682098359,0.0003664089442982668,0.9935339598065012,flat,low,25.0,2.415103203114116
5428,BONGABONG,ORIENTAL MINDORO,12.7480016,121.4892292,275,8.0,6.8,5.0,8.0,3.0,0.09216190238511346,3.0,1.16619037896906,0.00075,0.006861337151161824,0.0007833761702734642,5.222507801823095e-05,2.3040475596278363e-05,0.9976959524403721,flat,low,8.0,1.0289906285028687
5430,CITY OF CALAPAN,ORIENTAL MINDORO,13.4145513,121.179543,275,7.0,14.0,0.0,41.0,41.0,0.6997144750280955,41.0,11.575836902790225,0.01025,0.08305695086021614,0.1673483786108862,0.0008163335541994448,0.0023906911230126594,0.9825071381242976,flat,low,41.0,2.3324445475771527
5431,GLORIA,ORIENTAL MINDORO,12.9688453,121.4785283,275,14.0,14.642857142857142,8.0,18.0,10.0,0.16260311158939128,10.0,3.084688983098455,0.0025,0.020535695870538447,0.009920725558281315,0.00019841451116562627,0.0001355025929911594,0.9959349222102652,flat,low,18.0,1.0883242321067006
5432,MANSALAY,ORIENTAL MINDORO,12.5204987,121.4389813,275,17.0,54.7,5.0,108.0,103.0,2.564334464112858,103.0,35.46843667262486,0.02575,0.22422917545782065,6.019882001774272,0.011689091265581111,0.022010537483635365,0.9358916383971786,flat,low,108.0,1.5027445102589856
5433,NAUJAN,ORIENTAL MINDORO,13.324239,121.3030659,275,7.0,7.25,6.0,10.0,4.0,0.10274248093115072,4.0,1.2332207155790618,0.001,0.008543290995586319,0.0012414716445847379,6.20735822292369e-05,3.424749364371691e-05,0.9974314379767212,flat,low,10.0,2.229931540500592
5434,PINAMALAYAN,ORIENTAL MINDORO,13.0386691,121.4801563,275,11.0,9.785714285714286,6.0,16.0,10.0,0.18240270087595753,10.0,2.5961116921980354,0.0025,0.020057505888928674,0.007437252982144698,0.00014874505964289396,0.0001520022507299646,0.995439932478101,flat,low,16.0,2.393688738151155
5435,POLA,ORIENTAL MINDORO,13.1435504,121.4416056,275,27.0,26.928571428571427,5.0,113.0,108.0,1.6303954012614637,108.0,29.409581251485967,0.027,0.2154787347630191,1.975689855885766,0.0036586849183069745,0.014673558611353171,0.9592401149684634,flat,low,113.0,2.9266457386377756
5436,PUERTO GALERA,ORIENTAL MINDORO,13.5017104,120.9543353,275,15.0,56.75,3.0,203.0,200.0,3.6135487943399642,200.0,66.4230444449314,0.05,0.42018261121038325,17.089074506566078,0.01708907450656608,0.0602258132389994,0.9096612801415009,gentle,low,203.0,2.2017960637057783
5437,ROXAS,ORIENTAL MINDORO,12.5908562,121.517018,275,8.0,9.307692307692308,6.0,13.0,7.0,0.165647475062222,7.0,2.365931769112261,0.00175,0.015103991098944124,0.004496904210823783,0.0001284829774521081,9.662769378629618e-05,0.9958588131234445,flat,low,13.0,1.5606139534104804
5438,SAN TEODORO,ORIENTAL MINDORO,13.4365332,121.0199119,275,,39.6,5.0,105.0,100.0,3.1648027748512124,100.0,35.800000000000004,0.025,0.22542535761328145,5.221924578504501,0.010443849157009001,0.026373356457093437,0.9208799306287196,gentle,low,105.0,1.8268155914297322
5439,SOCORRO,ORIENTAL MINDORO,13.0552134,121.406919,275,20.0,20.125,15.0,25.0,10.0,0.1740906773481809,10.0,2.6190408549696205,0.0025,0.02001534790008941,0.01459822867346725,0.000291964573469345,0.0001450755644568174,0.9956477330662955,flat,low,25.0,1.8613677329171767
5440,VICTORIA,ORIENTAL MINDORO,13.1733849,121.2787746,275,22.0,20.875,11.0,50.0,39.0,0.5001768121853207,39.0,9.867085435932943,0.00975,0.07603266102119882,0.1696693530084893,0.0008700992461973809,0.0016255746396022924,0.9874955796953669,flat,low,50.0,2.951732529061017
5441,ABORLAN,PALAWAN,9.4371009,118.5484168,276,15.0,14.714285714285714,6.0,26.0,20.0,0.4041994856303535,20.0,5.469768491164756,0.005,0.040829770154151936,0.04956255597610287,0.0004956255597610287,0.0006736658093839226,0.9898950128592412,flat,low,26.0,2.0632888285226545
5442,AGUTAYA,PALAWAN,11.1511823,120.9394557,276,3.0,32.77777777777778,1.0,97.0,96.0,2.2600173812667665,96.0,31.69219244117382,0.024,0.206031408674316,2.9631338998830934,0.006173195624756446,0.01808013905013413,0.9434995654683308,flat,low,97.0,2.0264366472907516
5443,ARACELI,PALAWAN,10.5535521,119.9891472,276,3.0,8.4,3.0,21.0,18.0,0.4287415511421419,18.0,6.6211781428987395,0.0045,0.03957972609635873,0.02701071772195494,0.00030011908579949935,0.0006431123267132128,0.9892814612214464,flat,low,21.0,1.9029843065813417
5444,BALABAC,PALAWAN,7.9864527,117.0647312,276,22.0,66.44444444444444,10.0,212.0,202.0,3.714813908030414,202.0,65.382823281401,0.0505,0.4226817194038008,20.774752816409343,0.020569062194464697,0.06253270078517863,0.9071296522992397,gentle,low,212.0,2.2262047740412574
5445,BATARAZA,PALAWAN,8.6733047,117.6286933,276,12.0,14.625,6.0,28.0,22.0,0.3731403433220783,22.0,6.489173676208705,0.0055,0.04491720957234646,0.05002412727661612,0.0004547647934237829,0.0006840906294238102,0.990671491416948,flat,low,28.0,2.061124976191014
5446,BROOKE'S POINT,PALAWAN,8.7736019,117.8389787,276,6.0,7.444444444444445,4.0,10.0,6.0,0.1162200606238179,6.0,1.9499920860871385,0.0015,0.012616914978574593,0.0021629844616099445,7.209948205366481e-05,5.811003031190895e-05,0.9970944984844046,flat,low,10.0,1.3105459572082587
5447,BUSUANGA,PALAWAN,12.1318372,119.9370716,276,33.0,39.61538461538461,0.0,120.0,120.0,2.695214972383984,120.0,36.841737329657185,0.03,0.2527054474479028,5.338598887606738,0.008897664812677897,0.026952149723839844,0.9326196256904004,flat,low,120.0,2.1818898626698804
5448,CAGAYANCILLO,PALAWAN,9.577868,121.1993551,276,,10.0,2.0,23.0,21.0,0.7975506043299739,21.0,9.077444574328174,0.00525,0.05058182722032484,0.06978567787887272,0.0006646255036083116,0.0013957135575774545,0.9800612348917507,flat,low,23.0,1.4321209522605303
5449,CORON,PALAWAN,11.9985507,120.2051611,276,,57.6,20.0,137.0,117.0,2.3922873583913575,117.0,32.671700292454936,0.02925,0.239994781442531,6.717542902362932,0.011482979320278516,0.023324801744315737,0.9401928160402161,flat,low,137.0,2.4302376937541452
5450,CULION,PALAWAN,11.8905322,120.0220973,276,22.0,39.44444444444444,-1.0,107.0,108.0,2.810614426366043,108.0,34.86835914028365,0.027,0.2330840217510811,4.988840606799727,0.00923859371629579,0.025295529837294387,0.9297346393408489,flat,low,107.0,1.9374457325714085
5451,CUYO,PALAWAN,10.8551218,121.008475,276,18.0,12.636363636363637,-2.0,48.0,50.0,0.9423034057045915,50.0,16.294297537218505,0.0125,0.10497088484953986,0.24806851021389814,0.0009922740408555926,0.003926264190435798,0.9764424148573853,flat,low,48.0,2.170307379778317
5452,DUMARAN,PALAWAN,10.5290452,119.7692022,276,14.0,17.083333333333332,8.0,34.0,26.0,0.5554595452750596,26.0,8.519177712014752,0.0065,0.05521917463717644,0.102798589455419,0.0007907583804263001,0.0012034956814292958,0.9861135113681235,flat,low,34.0,1.985715670315589
5453,EL NIDO (BACUIT),PALAWAN,11.3639958,119.5283395,276,,7.0,7.0,7.0,0.0,0.0,0.0,0.0,0.0,0.0,0.0,0.0,0.0,1.0,flat,low,7.0,0.0
5454,KALAYAAN,PALAWAN,11.0537248,114.2848128,276,,,,,,,,,,0.0,,0.0,0.0,1.0,unknown,unknown,,
5455,LINAPACAN,PALAWAN,11.4911664,119.8680499,276,,85.33333333333333,30.0,153.0,123.0,3.7421306864823487,123.0,42.44735301261762,0.03075,0.2738401141902107,16.365584868882806,0.026610707103874483,0.03835683953644407,0.9064467328379413,gentle,low,153.0,1.594131559921321
5456,MAGSAYSAY,PALAWAN,10.8653858,121.0514638,276,30.0,23.9375,-2.0,75.0,77.0,1.1541143134706107,77.0,22.29761408200438,0.01925,0.15532865235220703,0.8863537817333798,0.0023022176148918953,0.007405566844769751,0.9711471421632347,flat,low,75.0,2.29004311950881
5457,NARRA,PALAWAN,9.2685102,118.4035463,276,10.0,11.571428571428571,5.0,27.0,22.0,0.37970311604736284,22.0,6.241729221415279,0.0055,0.04464470789396813,0.040275651952166695,0.0003661422904742427,0.0006961223794201652,0.9905074220988159,flat,low,27.0,2.471842082446345
5458,PUERTO PRINCESA CITY,PALAWAN,9.7808779,118.730191,276,20.0,17.714285714285715,7.0,32.0,25.0,0.549186440532346,25.0,6.983946606617324,0.00625,0.05161731016348113,0.10133797414584957,0.0008107037931667965,0.0011441384177757208,0.9862703389866914,flat,low,32.0,2.045507081436078
5459,QUEZON,PALAWAN,9.2377363,117.9963805,276,9.0,25.1,7.0,41.0,34.0,0.725827235576574,34.0,10.848502200764859,0.0085,0.07181565791231484,0.2580920678504368,0.0015181886344143342,0.0020565105008002933,0.9818543191105856,flat,low,41.0,1.465639978691161
5460,RIZAL (MARCOS),PALAWAN,9.034095,117.6425658,276,10.0,12.714285714285714,7.0,20.0,13.0,0.30710995672661945,13.0,3.843892584878203,0.00325,0.02731240223452886,0.021150370234089208,0.0003253903112936801,0.00033270245312050443,0.9923222510818345,flat,low,20.0,1.8953995798364798
5461,ROXAS,PALAWAN,10.3196268,119.3430042,276,4.0,37.0,4.0,96.0,92.0,2.5142625526767852,92.0,34.28035672426495,0.023,0.20570693963494177,3.5660623872132406,0.007752309537420088,0.019276012903855354,0.9371434361830804,flat,low,96.0,1.721102226370221
5462,SAN VICENTE,PALAWAN,10.5270058,119.2562819,276,8.0,11.666666666666666,3.0,26.0,23.0,0.4700209738154326,23.0,7.3181661333667165,0.00575,0.04837023836537399,0.05255095610019768,0.00045696483565389284,0.0009008735331462457,0.9882494756546142,flat,low,26.0,1.9585960626645726
5463,SOFRONIO ESPAÑOLA,PALAWAN,8.9636169,118.0004439,276,29.0,23.8125,15.0,36.0,21.0,0.58633761084451,21.0,6.830252100032619,0.00525,0.045737456894932964,0.12216893813455532,0.0011635136965195744,0.0010260908189778926,0.9853415597288873,flat,low,36.0,1.7843409053087353
5464,TAYTAY,PALAWAN,10.8250187,119.5178766,276,,61.27272727272727,6.0,135.0,129.0,3.131687249571672,129.0,38.94072630664785,0.03225,0.2728232318426159,10.313927257623432,0.015990584895540203,0.033665637932895474,0.9217078187607082,gentle,low,135.0,1.8933203827111418
5465,ALCANTARA,ROMBLON,12.2581899,122.0543489,277,9.0,67.125,30.0,160.0,130.0,2.7404806250264233,130.0,41.02571602056447,0.0325,0.2736801601630672,9.964216272557012,0.015329563496241557,0.02968854010445292,0.9314879843743394,flat,low,160.0,2.263823931546295
5466,BANTON,ROMBLON,12.9459465,122.0960131,277,,222.375,7.0,411.0,404.0,11.983312485261372,404.0,152.70800363766136,0.101,0.7548539842460371,448.57283417484956,0.2220657594924998,0.2995828121315343,0.7004171878684657,moderate,mid,411.0,1.2352004758857327
5467,CAJIDIOCAN,ROMBLON,12.3687233,122.6865217,277,,79.0,10.0,173.0,163.0,3.7015723217096737,163.0,52.109500093553,0.04075,0.3463680912730303,19.86047782777311,0.024368684451255347,0.050279690703223065,0.9074606919572582,gentle,low,173.0,1.8038936859372408
5468,CALATRAVA,ROMBLON,12.618963,122.0707595,277,8.0,90.5,4.0,253.0,249.0,4.929539066037579,249.0,76.05672225385472,0.06225,0.5180424298329684,46.2852908681766,0.03717694045636675,0.10228793562027977,0.8767615233490605,gentle,low,253.0,2.13656325237183
5469,CONCEPCION,ROMBLON,12.9131289,121.7204032,277,23.0,137.5,58.0,220.0,162.0,3.0185103037461145,162.0,48.93107397145499,0.0405,0.33465339711971853,28.015548756643625,0.03458709723042423,0.040749889100572555,0.9245372424063472,gentle,low,220.0,1.6860451164853454
5470,CORCUERA,ROMBLON,12.7840784,122.0474912,277,68.0,98.5,60.0,164.0,104.0,3.552713033350701,104.0,34.87955466076557,0.026,0.2335923119228394,15.164163464018577,0.029161852815420337,0.030790179622372744,0.9111821741662325,gentle,low,164.0,1.8778908950860858
5471,FERROL,ROMBLON,12.3363938,121.9394694,277,6.0,40.0625,3.0,121.0,118.0,1.999166454963623,118.0,37.758225511138626,0.0295,0.24483700716244988,3.937837300014024,0.006674300508498345,0.019658470140475625,0.9500208386259095,flat,low,121.0,2.143572605988884
5472,LOOC,ROMBLON,12.2601878,121.9916272,277,16.0,16.0,6.0,48.0,42.0,0.8893365085809551,42.0,11.755076272905173,0.0105,0.0864551294806236,0.24901422240266743,0.0011857820114412735,0.0031126777800333434,0.9777665872854762,flat,low,48.0,2.7222279579359547
5473,MAGDIWANG,ROMBLON,12.4913166,122.5146837,277,9.0,18.875,3.0,64.0,61.0,1.1442399285754306,61.0,18.98313396149329,0.01525,0.12682294465702607,0.5489371865681401,0.0017997940543217708,0.005816552970258439,0.9713940017856142,flat,low,64.0,2.377110002722663
5474,ODIONGAN,ROMBLON,12.3997875,121.9819686,277,10.0,19.466666666666665,5.0,60.0,55.0,0.9759273925840339,55.0,16.475706020953666,0.01375,0.1130069727130485,0.43537205346943286,0.0015831711035252105,0.004473000549343489,0.9756018151853991,flat,low,60.0,2.4601877953876805
5475,ROMBLON,ROMBLON,12.5771207,122.2694085,277,21.0,90.4,2.0,307.0,305.0,4.994201095028606,305.0,81.78899681497506,0.07625,0.6027512553348005,57.37504691338698,0.037622981582548835,0.12485502737571515,0.8751449726242848,gentle,low,307.0,2.6482779565290366
5476,SAN AGUSTIN,ROMBLON,12.5668684,122.1336406,277,,69.0,19.0,143.0,124.0,2.8967176966927752,124.0,37.36308338453881,0.031,0.2611637243587802,10.326798588709744,0.01665612675598346,0.029932749532492014,0.9275820575826806,flat,low,143.0,1.9805645390085056
5477,SAN ANDRES,ROMBLON,12.519834,122.0098173,277,31.0,24.75,4.0,95.0,91.0,1.679450895121346,91.0,25.235969699353078,0.02275,0.18484315493144923,1.5760596993904383,0.0034638674711877765,0.012735835954670208,0.9580137276219663,flat,low,95.0,2.783724899545903
5478,SAN FERNANDO,ROMBLON,12.3027512,122.6005655,277,13.0,59.888888888888886,6.0,178.0,172.0,3.925615630697981,172.0,61.48973617052677,0.043,0.37433545166264304,16.84888768012724,0.019591729860613073,0.056267157373337734,0.9018596092325505,gentle,low,178.0,1.920826410162704
5479,SAN JOSE,ROMBLON,12.0617208,121.9589259,277,5.0,66.8,5.0,151.0,146.0,3.687281860803929,146.0,49.86140792236015,0.0365,0.31774559351184795,14.983884388353566,0.02052586902514187,0.044861929306447806,0.9078179534799018,gentle,low,151.0,1.688680721619979
5480,SANTA FE,ROMBLON,12.1542954,121.9953888,277,18.0,40.07692307692308,20.0,56.0,36.0,0.9703435214107284,36.0,11.750361948346942,0.009,0.07815765507680647,0.5833257399865264,0.003240698555480702,0.002911030564232185,0.9757414119647317,flat,low,56.0,1.3551136244108104
5481,SANTA MARIA (IMELDA),ROMBLON,12.3919229,122.0913686,277,59.0,110.1,21.0,273.0,252.0,5.56458258619646,252.0,82.38136925300526,0.063,0.5365319232998927,64.32935698772418,0.051055045228352525,0.11685623431012566,0.8608854353450885,gentle,low,273.0,1.9773888137537678
5482,BACACAY,ALBAY,13.2926072,123.7912494,278,3.0,19.714285714285715,1.0,89.0,88.0,1.3429021198101014,88.0,23.495983156484343,0.022,0.17507837109031754,0.9707263894627305,0.002206196339688024,0.009847948878607411,0.9664274470047475,flat,low,89.0,2.948832184439188
5483,CAMALIG,ALBAY,13.1815738,123.6552668,278,130.0,170.75,112.0,246.0,134.0,2.6285152543483328,134.0,39.20538866023394,0.0335,0.2762733600225265,25.059059698798762,0.037401581639998155,0.02935175367355638,0.9342871186412917,flat,low,246.0,1.919378959172191
5484,CITY OF LIGAO,ALBAY,13.3559868,123.7088972,278,29.0,28.8125,8.0,66.0,58.0,0.8682464272320244,58.0,15.677287512513127,0.0145,0.11550020625496438,0.6045617961283819,0.0020846958487185582,0.004196524398288118,0.9782938393191994,flat,low,66.0,2.3720619780849277
5486,GUINOBATAN,ALBAY,13.1904597,123.5999458,278,88.0,107.125,71.0,170.0,99.0,2.432095652269237,99.0,30.080880555595442,0.02475,0.20988867769814978,10.747202678410359,0.02171152056244517,0.020064789131221207,0.9391976086932691,flat,low,170.0,2.0901980510044065
5487,JOVELLAR,ALBAY,13.0693487,123.6002707,278,49.0,65.25,37.0,118.0,81.0,1.543258138074719,81.0,20.746987733162616,0.02025,0.1626661590190373,3.3985437809414205,0.008391466125781285,0.010416992432004354,0.961418546548132,flat,low,118.0,2.5425376510511524
5488,LEGAZPI CITY,ALBAY,13.1388505,123.7345746,278,18.0,37.0625,5.0,124.0,119.0,1.8913609845667767,119.0,34.975828707122865,0.02975,0.2416838468911231,3.475720588487597,0.0058415472075421795,0.018755996430287202,0.9527159753858305,flat,low,124.0,2.485645107721207
5489,LIBON,ALBAY,13.2988701,123.4360839,278,13.0,12.6875,9.0,16.0,7.0,0.11746274336124535,7.0,2.0223362109204297,0.00175,0.014224247285638137,0.004346733289487751,0.00012419237969965002,6.851993362739313e-05,0.9970634314159689,flat,low,16.0,1.6379563121881024
5490,MALILIPOT,ALBAY,13.3190483,123.7392658,278,13.0,56.57142857142857,3.0,211.0,208.0,3.4572826372153083,208.0,60.692096785701004,0.052,0.42317401878990196,16.95056287274705,0.016298618146872165,0.059926232378398676,0.9135679340696173,gentle,low,211.0,2.544459279918887
5491,MALINAO,ALBAY,13.3974574,123.7049776,278,5.0,6.461538461538462,2.0,16.0,14.0,0.2832780607367055,14.0,4.217461588268553,0.0035,0.029101965149137578,0.010677403827768129,0.00015253434039668755,0.0003304910708594897,0.9929180484815824,flat,low,16.0,2.2616588384195913
5492,MANITO,ALBAY,13.1242602,123.8677604,278,25.0,13.266666666666667,-1.0,50.0,51.0,0.8329374931117174,51.0,14.621749401338937,0.01275,0.10328386893317945,0.23481896159974502,0.0009208586729401765,0.0035399843457247994,0.9791765626722071,flat,low,50.0,2.5122391180996777
5493,OAS,ALBAY,13.2570425,123.5001669,278,35.0,31.8125,25.0,38.0,13.0,0.2094813565727237,13.0,3.1862742741327215,0.00325,0.02558132756885496,0.03609734730316961,0.0005553438046641478,0.00022693813628711738,0.9947629660856819,flat,low,38.0,1.9419226110914687
5494,PIO DURAN,ALBAY,13.0296985,123.4431423,278,5.0,10.5,2.0,22.0,20.0,0.4152489664874183,20.0,5.661271941887264,0.005,0.04118179104594793,0.0363342845676491,0.000363342845676491,0.0006920816108123638,0.9896187758378145,flat,low,22.0,2.0313452677599244
5495,POLANGUI,ALBAY,13.293769,123.4843893,278,27.0,29.25,19.0,86.0,67.0,0.7196732751372126,67.0,15.746031245999736,0.01675,0.12779184948545028,0.5876582087292301,0.0017542036081469557,0.0040181757861827705,0.9820081681215697,flat,low,86.0,3.604082546853496
5496,RAPU-RAPU,ALBAY,13.1856583,124.1267772,278,6.0,103.71428571428571,5.0,253.0,248.0,6.856932049810321,248.0,89.25359422248862,0.062,0.5510029477324918,73.48672033953859,0.05926348414478919,0.1417099290294133,0.828576698754742,gentle,low,253.0,1.672601690873958
5497,SANTO DOMINGO (LIBOG),ALBAY,13.2346561,123.7782508,278,26.0,75.81818181818181,22.0,167.0,145.0,3.419874064721832,145.0,45.26652020245945,0.03625,0.30777925833626196,15.665354948742841,0.021607386136197025,0.041323478282055466,0.9145031483819542,gentle,low,167.0,2.0143323533522173
5498,TABACO CITY,ALBAY,13.3593077,123.7302007,278,7.0,15.3,0.0,44.0,44.0,0.8193257135519787,44.0,12.538341198101126,0.011,0.08988688825771465,0.22982086265133006,0.001044640284778773,0.003004194283023922,0.9795168571612005,flat,low,44.0,2.2889788415845347
5499,TIWI,ALBAY,13.4569196,123.6796912,278,10.0,22.90909090909091,2.0,97.0,95.0,1.863686635483122,95.0,27.80599852044534,0.02375,0.19588192275440441,1.6900249262676494,0.0035579472131950516,0.014754185864241383,0.953407834112922,flat,low,97.0,2.664565574649857
5500,BASUD,CAMARINES NORTE,14.06904,122.9627842,279,9.0,9.8125,2.0,18.0,16.0,0.25864466638810957,16.0,5.17468296130304,0.004,0.03316271811263335,0.016919671926222166,0.0002114958990777771,0.00034485955518414615,0.9935338833402972,flat,low,18.0,1.5822222306187568
5501,CAPALONGA,CAMARINES NORTE,14.3310366,122.4924688,279,5.0,9.909090909090908,0.0,32.0,32.0,0.745823330305073,32.0,10.697956860622291,0.008,0.06878989662099912,0.09853908242818538,0.0006158692651761586,0.0019888622141468614,0.9813544167423732,flat,low,32.0,2.0649650502197887
5502,DAET,CAMARINES NORTE,14.112333,122.9556967,279,9.0,6.875,2.0,16.0,14.0,0.21405539411661997,14.0,3.838538133196022,0.0035,0.02799103554278179,0.008584513201551947,0.00012263590287931353,0.00024973129313605666,0.9946486151470845,flat,low,16.0,2.377206453644357
5503,JOSE PANGANIBAN,CAMARINES NORTE,14.2903434,122.691494,279,2.0,63.46666666666667,2.0,177.0,175.0,3.461474810001684,175.0,55.56601679284041,0.04375,0.3668759269779686,16.01893620406335,0.018307355661786685,0.050479840979191226,0.9134631297499579,gentle,low,177.0,2.0432152211555805
5504,LABO,CAMARINES NORTE,14.1543524,122.8285243,279,13.0,28.1875,9.0,76.0,67.0,0.9922526540327542,67.0,17.205445177326858,0.01675,0.13212280429255574,0.780804647054889,0.002330760140462355,0.005540077318349544,0.9751936836491811,flat,low,76.0,2.7789166004312498
5505,MERCEDES,CAMARINES NORTE,14.1094447,123.0093071,279,0.0,2.0,0.0,14.0,14.0,0.2211990541231447,14.0,3.802832952094854,0.0035,0.02800593565970399,0.0025806556314366884,3.686650902052412e-05,0.0002580655631436688,0.9944700236469214,flat,low,14.0,3.1555414070576497
5506,PARACALE,CAMARINES NORTE,14.2796814,122.7873162,279,10.0,23.583333333333332,5.0,45.0,40.0,1.2912257942094645,40.0,14.756119257974149,0.01,0.09097305137663167,0.5075234718906645,0.0025376173594533224,0.004304085980698215,0.9677193551447634,flat,low,45.0,1.4513751780447295
5508,SAN VICENTE,CAMARINES NORTE,14.1065753,122.8731792,279,39.0,36.9375,25.0,60.0,35.0,0.5586351678125613,35.0,9.88982273602515,0.00875,0.07057448803306013,0.300921053286532,0.0017195488759230403,0.0016293525727866373,0.986034120804686,flat,low,60.0,2.3319424709250804
5509,SANTA ELENA,CAMARINES NORTE,14.1799094,122.3923266,279,29.0,37.75,12.0,92.0,80.0,1.358138328384689,80.0,21.49563909261597,0.02,0.16054456249685398,1.7089907298840668,0.004272476824710167,0.009054255522564593,0.9660465417903827,flat,low,92.0,2.523767599674111
5510,TALISAY,CAMARINES NORTE,14.1349581,122.9237258,279,10.0,9.75,6.0,15.0,9.0,0.1601260462364829,9.0,2.839454172900137,0.00225,0.01868704180176941,0.005854608565521407,0.0001301024125671424,0.00012009453467736219,0.9959968488440879,flat,low,15.0,1.8489462521212485
5511,VINZONS,CAMARINES NORTE,14.1739546,122.907596,279,2.0,4.9375,1.0,8.0,7.0,0.13231191210556165,7.0,2.105610065990377,0.00175,0.014465209318910835,0.0019054293592285308,5.444083883510088e-05,7.71819487282443e-05,0.996692202197361,flat,low,8.0,1.4544471433804649
5512,BAAO,CAMARINES SUR,13.4531948,123.3663867,280,8.0,25.75,5.0,114.0,109.0,1.673671728110315,109.0,32.038063299768915,0.02725,0.22086204535399048,1.9573242178640113,0.0035914205832367177,0.015202518197002027,0.9581582067972422,flat,low,114.0,2.7545359536792158
5513,BALATAN,CAMARINES SUR,13.3168967,123.240288,280,9.0,40.666666666666664,0.0,111.0,111.0,2.0942930015202013,111.0,31.374441119413678,0.02775,0.22665765192252002,3.9390160870259114,0.0070973262829295706,0.019372210264061863,0.947642674961995,flat,low,111.0,2.2417397276942475
5514,BATO,CAMARINES SUR,13.3572515,123.3677422,280,16.0,13.0625,3.0,23.0,20.0,0.34152661876245605,20.0,5.459724695440238,0.005,0.04026799084142514,0.03717659547987152,0.00037176595479871516,0.0005692110312707601,0.9914618345309386,flat,low,23.0,1.8201463872625383
5515,BOMBON,CAMARINES SUR,13.6858046,123.1989068,280,2.0,3.4375,1.0,14.0,13.0,0.17327350733015787,13.0,3.5172565658478767,0.00325,0.025705818610269385,0.0032263166078401787,4.9635640120618134e-05,0.00018771296627433768,0.995668162316746,flat,low,14.0,3.0030499052899993
5516,BUHI,CAMARINES SUR,13.4342347,123.5171171,280,90.0,95.0625,84.0,128.0,44.0,0.7593590732317259,44.0,10.934285241843657,0.011,0.08722343887990248,1.3234204848166675,0.006015547658257579,0.002784316601849662,0.9810160231692069,flat,low,128.0,3.0123136774994768
5517,BULA,CAMARINES SUR,13.4684706,123.2778241,280,10.0,8.1875,5.0,14.0,9.0,0.16082066042783677,9.0,2.1569292408421745,0.00225,0.017783086433199806,0.0049376968396984255,0.0001097265964377428,0.00012061549532087759,0.9959794834893041,flat,low,14.0,2.6948020338991148
5518,CABUSAO,CAMARINES SUR,13.7260501,123.1138377,280,3.0,1.6875,0.0,3.0,3.0,0.07508172215193369,3.0,1.0439558180306292,0.00075,0.0065489061595369255,0.0001583755076642351,1.0558367177615674e-05,1.8770430537983423e-05,0.9981229569462017,flat,low,3.0,1.2572359098875026
5519,CALABANGA,CAMARINES SUR,13.708545,123.2157561,280,3.0,5.8125,2.0,21.0,19.0,0.2618170328418953,19.0,5.282266913930041,0.00475,0.03783392158927331,0.012047674401865336,0.000126817625282793,0.00041454363533300085,0.9934545741789527,flat,low,21.0,2.875185478560932
5520,CAMALIGAN,CAMARINES SUR,13.6210464,123.1639475,280,3.0,1.8125,1.0,3.0,2.0,0.05822476485896729,2.0,0.8076779989575054,0.0005,0.004586370691125971,8.794365525573184e-05,8.794365525573184e-06,9.704127476494549e-06,0.9985443808785258,flat,low,3.0,1.4702623214578323
5521,CANAMAN,CAMARINES SUR,13.6475888,123.1705562,280,3.0,2.6875,1.0,7.0,6.0,0.08844658457673604,6.0,1.6092991486979666,0.0015,0.011919639813310397,0.0005942504901249452,1.980834967083151e-05,4.422329228836802e-05,0.9977888353855816,flat,low,7.0,2.6797362838057937
5522,CARAMOAN,CAMARINES SUR,13.7681398,123.8624978,280,14.0,81.0,21.0,177.0,156.0,3.541215297891679,156.0,45.264500439085815,0.039,0.3253383011086666,18.644498543399692,0.023903203260768835,0.04603579887259183,0.9114696175527081,gentle,low,177.0,2.120867278946857
5523,DEL GALLEGO,CAMARINES SUR,13.9225812,122.5938087,280,7.0,23.3125,4.0,81.0,77.0,1.1012712159959688,77.0,21.603584048717472,0.01925,0.15394090187158802,0.8236877759015682,0.002139448768575502,0.0070664903026407995,0.9724682196001008,flat,low,81.0,2.6702743951946393
5524,GAINZA,CAMARINES SUR,13.6162259,123.1402591,280,2.0,1.4375,0.0,3.0,3.0,0.06035932875295044,3.0,0.8637671850678283,0.00075,0.006179833706678755,0.00010845816885295782,7.230544590197187e-06,1.508983218823761e-05,0.9984910167811762,flat,low,3.0,1.8089344189926408
5525,GARCHITORENA,CAMARINES SUR,13.8818495,123.6977233,280,7.0,9.466666666666667,0.0,21.0,21.0,0.524499228751406,21.0,6.888315388314394,0.00525,0.04527378876932733,0.04344601944824146,0.00041377161379277583,0.0009178736503149605,0.9868875192812149,flat,low,21.0,1.6743326936751808
5526,GOA,CAMARINES SUR,13.6973443,123.4885073,280,77.0,70.4375,27.0,159.0,132.0,2.030027283070373,132.0,36.20768003821841,0.033,0.2640396454444903,7.864452571319818,0.01191583722927245,0.022330300113774102,0.9492493179232406,flat,low,159.0,2.4459589087331866
5527,IRIGA CITY,CAMARINES SUR,13.4222626,123.4129406,280,18.0,45.0625,15.0,186.0,171.0,2.049715621365547,171.0,44.41068107730391,0.04275,0.3336492531233538,6.581028350879679,0.007697109182315413,0.029208447604459044,0.9487571094658613,flat,low,186.0,3.173504513051065
5528,LAGONOY,CAMARINES SUR,13.7353849,123.520948,280,12.0,18.125,7.0,74.0,67.0,0.8155035756310461,67.0,15.255634205105995,0.01675,0.12797650189357965,0.4126363144403965,0.0012317501923593925,0.004553228297273341,0.9796124106092239,flat,low,74.0,3.6625810232601053
5529,LIBMANAN,CAMARINES SUR,13.6960365,123.0612123,280,5.0,3.625,3.0,5.0,2.0,0.04960337831006187,2.0,0.6959705453537527,0.0005,0.004361990287351378,0.00014984353864497856,1.4984353864497857e-05,8.267229718343645e-06,0.9987599155422484,flat,low,5.0,1.9756554835889253
5530,LUPI,CAMARINES SUR,13.790532,122.9106882,280,46.0,43.6875,26.0,80.0,54.0,1.145347448379177,54.0,15.019648589431112,0.0135,0.11104798829255928,1.1258407496489693,0.0041697805542554416,0.005154063517706297,0.9713663137905206,flat,low,80.0,2.417666256711611
5531,MAGARAO,CAMARINES SUR,13.6607081,123.1851888,280,3.0,3.0625,1.0,6.0,5.0,0.09468197833651909,5.0,1.5599979967935855,0.00125,0.010408464639502657,0.0006040907471991453,2.416362988796581e-05,3.9450824306882955e-05,0.9976329505415871,flat,low,6.0,1.8830140314434327
5532,MILAOR,CAMARINES SUR,13.5979658,123.1778842,280,3.0,2.125,1.0,3.0,2.0,0.04908512343960166,2.0,0.6959705453537527,0.0005,0.004357455557234852,8.692157275762795e-05,8.692157275762794e-06,8.180853906600278e-06,0.99877287191401,flat,low,3.0,1.257235307738407
5533,MINALABAC,CAMARINES SUR,13.567455,123.181428,280,2.0,2.5625,1.0,4.0,3.0,0.055911453876883635,3.0,0.7880950133074057,0.00075,0.006040018572499273,0.00017909137569939286,1.1939425046626192e-05,1.3977863469220909e-05,0.9986022136530779,flat,low,4.0,1.8240163326892593
5534,NABUA,CAMARINES SUR,13.4075246,123.3730644,280,12.0,11.6875,8.0,15.0,7.0,0.12960199584074278,7.0,1.8946882989030147,0.00175,0.01416026852881052,0.0044179430353003205,0.00012622694386572343,7.560116424043329e-05,0.9967599501039814,flat,low,15.0,1.748307757856588
5535,NAGA CITY,CAMARINES SUR,13.6240122,123.1850318,280,5.0,4.1875,2.0,8.0,6.0,0.11811266332079949,6.0,2.068174013471787,0.0015,0.012791051155352713,0.0012364919441396195,4.121639813798732e-05,5.905633166039975e-05,0.9970471834169801,flat,low,8.0,1.8434126585835031
5536,OCAMPO,CAMARINES SUR,13.5581721,123.3729397,280,42.0,52.5625,33.0,84.0,51.0,0.9294753255717392,51.0,16.792739316442688,0.01275,0.10702322818734299,1.0381803695077465,0.004071295566697045,0.0039502701336798915,0.9767631168607065,flat,low,84.0,1.8720887364177141
5537,PAMPLONA,CAMARINES SUR,13.5922305,123.0826876,280,6.0,8.8125,2.0,19.0,17.0,0.338750381436306,17.0,5.525155540797019,0.00425,0.0358309398919637,0.021145433966219408,0.0002487698113672872,0.0004798963737014334,0.9915312404640924,flat,low,19.0,1.8438391608955977
5538,PASACAO,CAMARINES SUR,13.5102072,123.0411504,280,83.0,47.72727272727273,1.0,126.0,125.0,3.182856251489417,125.0,41.321557017858915,0.03125,0.2704454015576776,7.911929602423977,0.012659087363878363,0.03315475261968143,0.9204285937127645,gentle,low,126.0,1.8942346568563149
5539,PILI,CAMARINES SUR,13.5562068,123.2740809,280,29.0,31.125,22.0,42.0,20.0,0.32499727337205114,20.0,5.464373248598599,0.005,0.04012955714013691,0.08429616778087579,0.0008429616778087577,0.000541662122286752,0.9918750681656987,flat,low,42.0,1.9901638330846423
5541,RAGAY,CAMARINES SUR,13.8210634,122.78763,280,19.0,37.0,6.0,93.0,87.0,1.4126261458948903,87.0,26.06482303795673,0.02175,0.1776135761605226,1.8946848181815215,0.004355597283175912,0.010241539557737954,0.9646843463526278,flat,low,93.0,2.148489470654026
5542,SAGÑAY,CAMARINES SUR,13.6044805,123.5216164,280,10.0,16.0,2.0,34.0,32.0,0.7645600664974548,32.0,9.852241707685955,0.008,0.06782622285876734,0.163106147519457,0.0010194134219966063,0.0020388268439932127,0.9808859983375636,flat,low,34.0,1.8269951861780462
5543,SAN FERNANDO,CAMARINES SUR,13.5644173,123.1443199,280,4.0,4.6875,2.0,14.0,12.0,0.16443261848254054,12.0,3.136852522832401,0.003,0.023621255442165433,0.0038538894956845443,6.42314915947424e-05,0.00016443261848254055,0.9958891845379365,flat,low,14.0,2.9687391942966275
5544,SAN JOSE,CAMARINES SUR,13.6981652,123.5181339,280,28.0,28.8125,16.0,50.0,34.0,0.5348357145282544,34.0,9.180269263480238,0.0085,0.06792017152009587,0.21830768201864215,0.0012841628354037773,0.001515367857830054,0.9866291071367936,flat,low,50.0,2.307938589159556
5545,SIPOCOT,CAMARINES SUR,13.766636,122.9785788,280,16.0,35.1875,15.0,71.0,56.0,1.4964874833326922,56.0,16.960316734955157,0.014,0.11970802112576794,1.2286785774612792,0.0043881377766474255,0.006983608255552564,0.9625878129166827,flat,low,71.0,2.1115465264067876
5546,SIRUMA,CAMARINES SUR,14.0205642,123.2586653,280,24.0,3.6666666666666665,0.0,30.0,30.0,0.4800549374189952,30.0,7.453559924999299,0.0075,0.05913856060241528,0.022002517965037275,0.0001466834531002485,0.001200137343547488,0.9879986265645251,flat,low,30.0,3.5329869304497312
5547,TIGAON,CAMARINES SUR,13.6303411,123.4965413,280,60.0,63.0,23.0,140.0,117.0,2.0486667834822856,117.0,35.46300889659533,0.02925,0.2407098462175971,6.29196785876997,0.010755500613282,0.019974501138952286,0.9487833304129428,flat,low,140.0,2.171276499781607
5548,TINAMBAC,CAMARINES SUR,13.8183125,123.3253366,280,16.0,11.625,1.0,35.0,34.0,0.6445534120613272,34.0,12.06169038733792,0.0085,0.07272209620532051,0.10614989004884984,0.0006244111179344108,0.0018262346675070936,0.9838861646984668,flat,low,35.0,1.9379537454041085
5549,BAGAMANOC,CATANDUANES,13.9396368,124.2878298,281,4.0,56.916666666666664,-3.0,174.0,177.0,3.2322330784968827,177.0,50.58731450560396,0.04425,0.3612317921109863,13.567635037936341,0.015330661059815075,0.04767543790782902,0.9191941730375779,gentle,low,174.0,2.3144800660624716
5550,BARAS,CATANDUANES,13.6591045,124.3704682,281,10.0,74.9,25.0,175.0,150.0,3.5462173565552773,150.0,44.59024557007957,0.0375,0.3154830626299648,16.600730000374394,0.022134306667165857,0.04432771695694097,0.911344566086118,gentle,low,175.0,2.2448855456019827
5551,BATO,CATANDUANES,13.6080363,124.2977872,281,8.0,64.86666666666666,2.0,273.0,271.0,4.415806901931971,271.0,76.50086419264963,0.06775,0.5471394626487709,32.34370031450354,0.023869889530998927,0.09972363920196367,0.8896048274517008,gentle,low,273.0,2.7206663978139067
5552,CARAMORAN,CATANDUANES,13.9838351,124.1338718,281,33.0,27.923076923076923,0.0,91.0,91.0,1.559437692461403,91.0,28.674463413828793,0.02275,0.18837769769414237,1.6510546568935105,0.003628691553612111,0.011825735834498974,0.9610140576884649,flat,low,91.0,2.199759415436651
5553,GIGMOTO,CATANDUANES,13.7786693,124.3911728,281,61.0,134.57142857142858,6.0,315.0,309.0,7.229435423356264,309.0,89.03427452850013,0.07725,0.6319699259923675,125.25771453331517,0.08107295439049525,0.1807358855839066,0.8192641144160934,gentle,low,315.0,2.0265068745442387
5554,PANDAN,CATANDUANES,14.0492274,124.1702111,281,3.0,15.6875,0.0,87.0,87.0,1.403978043245867,87.0,22.18028051558411,0.02175,0.1723585152325135,0.7984028263114583,0.001835408796118295,0.010178840813532536,0.9649005489188534,flat,low,87.0,3.215130518063761
5555,PANGANIBAN (PAYO),CATANDUANES,13.9081674,124.30082,281,3.0,10.533333333333333,0.0,46.0,46.0,0.7566007067142381,46.0,13.725240333860176,0.0115,0.09392057662889647,0.15274927601108562,0.00066412728700472,0.0029003027090712453,0.981084982332144,flat,low,46.0,2.5840468523617424
5556,SAN ANDRES (CALOLBON),CATANDUANES,13.5992113,124.0999348,281,,32.09090909090909,1.0,108.0,107.0,2.6412276234401335,107.0,37.159250764182154,0.02675,0.2331564093906774,3.7788563850362604,0.007063282962684599,0.023550946309007857,0.9339693094139967,flat,low,108.0,2.042804612719887
5557,SAN MIGUEL,CATANDUANES,13.6403293,124.3031092,281,15.0,153.5625,15.0,396.0,381.0,6.941645408190031,381.0,113.67055948551499,0.09525,0.6623001433023494,169.22375715048508,0.08883136858293181,0.17354113520475078,0.8264588647952492,gentle,low,396.0,2.132808169190771
5558,VIGA,CATANDUANES,13.8715307,124.3087305,281,5.0,27.625,2.0,195.0,193.0,2.4926834053434526,193.0,54.53195737363551,0.04825,0.38402025629493586,5.537522150422619,0.00573836492271774,0.040090658102607195,0.9376829148664136,flat,low,195.0,3.0693011032759934
5559,VIRAC,CATANDUANES,13.5803594,124.2312028,281,5.0,14.1,4.0,36.0,32.0,0.7620028805895911,32.0,9.954396013822235,0.008,0.06794005322358858,0.1432565415508431,0.0008953533846927695,0.002032007681572243,0.9809499279852603,flat,low,36.0,2.20003280656685
5560,AROROY,MASBATE,12.5123345,123.3986925,282,9.0,38.8,1.0,122.0,121.0,2.4975909896567146,121.0,40.93767620827217,0.03025,0.25793748943719247,4.885704240933475,0.008075544199890042,0.025184042479038538,0.9375602252585822,flat,low,122.0,2.0323576146422884
5561,BALENO,MASBATE,12.4738762,123.4975215,282,17.0,29.77777777777778,10.0,50.0,40.0,1.0215879285838672,40.0,13.381394859844084,0.01,0.08678075418823428,0.5070103052971785,0.0025350515264858926,0.0034052930952795575,0.9744603017854033,flat,low,50.0,1.5112191907352963
5562,BALUD,MASBATE,12.0384347,123.1933683,282,6.0,4.916666666666667,1.0,11.0,10.0,0.19999379411182527,10.0,2.691292543659191,0.0025,0.020338335756690726,0.004097095087707532,8.194190175415063e-05,0.00016666149509318772,0.9950001551472044,flat,low,11.0,2.260375256227973
5563,BATUAN,MASBATE,12.4216283,123.779537,282,19.0,71.77777777777777,18.0,140.0,122.0,3.181351251928394,122.0,40.07154096190622,0.0305,0.2642655447369151,11.607808095693544,0.01902919359949761,0.03234373772793867,0.9204662187017901,gentle,low,140.0,1.7025105319649863
5564,CATAINGAN,MASBATE,11.9996467,123.9978457,282,17.0,19.692307692307693,0.0,57.0,57.0,1.3933724559400518,57.0,17.424053292391374,0.01425,0.12092408004599729,0.6516695793935011,0.0022865599276964952,0.006618519165715246,0.9651656886014988,flat,low,57.0,2.1411602421362743
5565,CAWAYAN,MASBATE,11.9283971,123.7692131,282,7.0,14.125,5.0,24.0,19.0,0.5743068367920869,19.0,6.734936896512097,0.00475,0.042505100683946896,0.06422066555169846,0.0006760070058073523,0.0009093191582541377,0.9856423290801978,flat,low,24.0,1.466234752530396
5566,CLAVERIA,MASBATE,12.9034794,123.2457124,282,11.0,29.727272727272727,4.0,92.0,88.0,1.870632968408639,88.0,26.789044263690773,0.022,0.18408676415849665,2.0389899355654166,0.004634068035375947,0.013717975101663352,0.953234175789784,flat,low,92.0,2.324559410750268
5567,DIMASALANG,MASBATE,12.1931384,123.8586018,282,1.0,37.2,0.0,119.0,119.0,2.182973057797158,119.0,36.836937983496945,0.02975,0.24671693156705438,4.026493805106858,0.00676721647917119,0.021647816156488482,0.945425673555071,flat,low,119.0,2.220597103267637
5568,ESPERANZA,MASBATE,11.7369622,124.041699,282,40.0,43.285714285714285,21.0,59.0,38.0,0.9496033918149196,38.0,13.220268915724887,0.0095,0.08293605489934706,0.6508174674617253,0.0034253550919038176,0.0030070774074139124,0.976259915204627,flat,low,59.0,1.1886508985413615
5569,MANDAON,MASBATE,12.2266459,123.2849134,282,,9.307692307692308,2.0,37.0,35.0,0.8110863956716463,35.0,10.865503743390509,0.00875,0.07408434428664759,0.11009457966889173,0.0006291118838222385,0.0023656686540423017,0.9797228401082089,flat,low,37.0,2.548644388485766
5570,MASBATE CITY,MASBATE,12.3710899,123.6239223,282,10.0,16.8,0.0,45.0,45.0,1.0082871348888287,45.0,14.232357499725756,0.01125,0.09529898909657826,0.317610447489981,0.00141160198884436,0.0037810767558331074,0.9747928216277792,flat,low,45.0,1.9814003420826833
5571,MILAGROS,MASBATE,12.218165,123.5093507,282,6.0,7.111111111111111,4.0,12.0,8.0,0.15269225113043133,8.0,2.23330569358242,0.002,0.016313798122167836,0.003619371878647261,9.048429696618153e-05,0.00010179483408695423,0.9961826937217392,flat,low,12.0,2.1890808382643954
5572,MOBO,MASBATE,12.3366103,123.6580769,282,24.0,51.92307692307692,1.0,178.0,177.0,3.0868672491559668,177.0,59.58247230450546,0.04425,0.371953384836122,11.820623865157344,0.01335663713577101,0.04553129192505051,0.9228283187711008,gentle,low,178.0,2.116006873910511
5573,MONREAL,MASBATE,12.6441423,123.6637788,282,7.0,54.733333333333334,2.0,203.0,201.0,4.154493027592229,201.0,66.89939378566064,0.05025,0.42705100570564625,19.04384983073048,0.018949104309184558,0.06958775821216985,0.8961376743101943,gentle,low,203.0,2.216263198519196
5574,PALANAS,MASBATE,12.1459982,123.9222245,282,16.0,55.8,2.0,112.0,110.0,2.423589210030313,110.0,35.39434983157623,0.0275,0.23339887202986687,6.198329404652525,0.011269689826640955,0.022216234425277866,0.9394102697492421,flat,low,112.0,1.5878240080578767
5575,PIO V. CORPUZ (LIMBUHAN),MASBATE,11.8841584,124.0472649,282,12.0,40.4,2.0,99.0,97.0,2.0025123767168918,97.0,33.64877412328717,0.02425,0.2078870154606557,3.269768959115898,0.006741791668280202,0.016186975045128206,0.9499371905820777,flat,low,99.0,1.741519558595907
5576,PLACER,MASBATE,11.8702901,123.9182252,282,4.0,6.75,4.0,11.0,7.0,0.15121179650164174,7.0,1.984313483298443,0.00175,0.014468854530453957,0.002976982243626072,8.505663553217348e-05,8.820688129262436e-05,0.9962197050874589,flat,low,11.0,2.1417976010210857
5577,SAN FERNANDO,MASBATE,12.4843347,123.7628527,282,11.0,37.8,7.0,78.0,71.0,1.704748709272971,71.0,23.87802336877992,0.01775,0.15325391569784505,1.9063352441444996,0.005369958434209858,0.010086429863198411,0.9573812822681758,flat,low,78.0,1.6835563687823674
5578,SAN JACINTO,MASBATE,12.5677,123.7337,282,,29.0,1.0,73.0,72.0,1.5506690348637924,72.0,25.170529504870483,0.018,0.15512906006155217,1.3490820603314992,0.0037474501675874984,0.009304014209182754,0.9612332741284052,flat,low,73.0,1.7480759887633686
5579,SAN PASCUAL,MASBATE,13.1281223,122.9775697,282,34.0,23.866666666666667,4.0,66.0,62.0,1.4767415294743875,62.0,17.738345156436914,0.0155,0.12957261525815011,0.9104931941170419,0.002937074819732393,0.007629831235617668,0.9630814617631404,flat,low,66.0,2.37526841351238
5580,USON,MASBATE,12.2251109,123.78466,282,9.0,10.454545454545455,0.0,25.0,25.0,0.4712172463530921,25.0,8.283210141481012,0.00625,0.0526674310942309,0.05131627209337651,0.0004105301767470121,0.000981702596568942,0.9882195688411727,flat,low,25.0,1.756016392315923
5581,BARCELONA,SORSOGON,12.8682088,124.1418908,283,1.0,15.083333333333334,0.0,41.0,41.0,0.767935970893246,41.0,12.216507502373808,0.01025,0.08450811641514765,0.19787683472217982,0.0009652528523033161,0.002623781233885257,0.9808016007276689,flat,low,41.0,2.121446292255333
5582,BULAN,SORSOGON,12.6689078,123.8769586,283,3.0,4.222222222222222,1.0,10.0,9.0,0.18016076608774856,9.0,2.819683897877671,0.00225,0.01883598523377136,0.0028525454630560186,6.338989917902263e-05,0.00013512057456581143,0.9954959808478063,flat,low,10.0,2.049086329513845
5583,BULUSAN,SORSOGON,12.7517375,124.1352434,283,8.0,67.0,8.0,131.0,123.0,2.3969825649152217,123.0,41.70022890715459,0.03075,0.26107390265254765,8.230638882277642,0.013383152654109987,0.02456907129038102,0.9400754358771195,flat,low,131.0,1.534763720547723
5584,CASIGURAN,SORSOGON,12.8719998,124.0067371,283,9.0,9.928571428571429,0.0,27.0,27.0,0.5962419485428195,27.0,9.3691308158707,0.00675,0.058209291470910605,0.06659809621670243,0.0004933192312348328,0.001341544384221344,0.9850939512864295,flat,low,27.0,1.8220929011277953
5585,CASTILLA,SORSOGON,12.9539515,123.8751711,283,18.0,26.545454545454547,9.0,47.0,38.0,0.8069295155146153,38.0,10.594712543731308,0.0095,0.07818691665239465,0.3391549206117489,0.0017850258979565732,0.0025552767991296153,0.9798267621121346,flat,low,47.0,1.9306369511658974
5586,DONSOL,SORSOGON,12.9077161,123.5986056,283,,15.2,4.0,31.0,27.0,0.6209195994436894,27.0,9.579144011862438,0.00675,0.058705238510948866,0.10617725150487088,0.0007864981592953398,0.001397069098748301,0.9844770100139077,flat,low,31.0,1.6494165168638644
5587,GUBAT,SORSOGON,12.9176112,124.1231882,283,7.0,8.3,0.0,22.0,22.0,0.5562603082148754,22.0,7.000714249274855,0.0055,0.04720156336257997,0.042322138450015104,0.0003847467131819555,0.0010198105650606048,0.9860934922946281,flat,low,22.0,1.9569428997157206
5588,IROSIN,SORSOGON,12.7038417,124.0320966,283,37.0,73.6875,26.0,202.0,176.0,2.9889401054070843,176.0,45.86490863121827,0.044,0.3513064374306031,16.151485094593532,0.018353960334765378,0.04383778821263724,0.9252764973648229,flat,low,202.0,2.7976180708020673
5589,JUBAN,SORSOGON,12.8478899,123.9890815,283,9.0,16.5,3.0,43.0,40.0,0.8174645201272219,40.0,11.773911839316616,0.01,0.08285136367020202,0.22480274303498604,0.0011240137151749302,0.0027248817337574066,0.9795633869968194,flat,low,43.0,2.2507385914654114
5590,MAGALLANES,SORSOGON,12.828538,123.8344127,283,3.0,11.363636363636363,0.0,54.0,54.0,1.092364028654476,54.0,16.23281036146868,0.0135,0.11220193239935157,0.2792976209627922,0.0010344356331955266,0.004915638128945142,0.972690899283638,flat,low,54.0,2.626554494286076
5591,MATNOG,SORSOGON,12.5854588,124.0847727,283,3.0,58.07142857142857,3.0,148.0,145.0,3.620798208278098,145.0,50.07061340277959,0.03625,0.3159428021928061,12.703505856632844,0.01752207704363151,0.043751311683360355,0.9094800447930476,gentle,low,148.0,1.7960349099207218
5592,PILAR,SORSOGON,12.9235719,123.675399,283,5.0,13.066666666666666,1.0,27.0,26.0,0.7003464784252345,26.0,8.827734074432062,0.0065,0.05689834378546355,0.09913793483486097,0.0007625994987296998,0.0015174173699213415,0.9824913380393692,flat,low,27.0,1.5783587993809096
5593,PRIETO DIAZ,SORSOGON,13.0404252,124.1935375,283,,7.75,0.0,19.0,19.0,0.4264941349558554,19.0,6.118619125260208,0.00475,0.040389982514544016,0.026167192238437383,0.00027544412882565665,0.0006752823803467711,0.9893376466261036,flat,low,19.0,1.8386498540014473
5594,SANTA MAGDALENA,SORSOGON,12.6463261,124.1079114,283,4.0,63.4,4.0,215.0,211.0,4.396860373728364,211.0,62.485518322248076,0.05275,0.4382865526997873,24.507733318130754,0.023230078974531523,0.0773114615713904,0.8900784906567909,gentle,low,215.0,2.4261621195492338
5595,SORSOGON CITY,SORSOGON,12.9707848,124.0052543,283,8.0,27.125,10.0,68.0,58.0,1.1631968028663318,58.0,17.374100696151153,0.0145,0.1203434396199486,0.7624997375456068,0.0026293094398124376,0.005622117880520603,0.9709200799283417,flat,low,68.0,2.3526396192935226
5596,ALTAVAS,AKLAN,11.5375818,122.4871569,284,8.0,27.1875,5.0,60.0,55.0,1.3214455738009567,55.0,17.475764468257175,0.01375,0.11736366806176793,0.823322535239268,0.0029939001281427927,0.006056625546587718,0.9669638606549761,flat,low,60.0,1.877600157749904
5597,BALETE,AKLAN,11.5555978,122.3800007,284,8.0,30.5625,8.0,95.0,87.0,1.6116865959174356,87.0,21.837378362569076,0.02175,0.173718762197703,1.78557247005509,0.004104764298977218,0.011684727820401407,0.9597078351020641,flat,low,95.0,2.950789054406902
5598,BANGA,AKLAN,11.6390926,122.332917,284,24.0,21.25,13.0,30.0,17.0,0.3649748193792963,17.0,4.548351349665063,0.00425,0.03475799813578893,0.054936313958654504,0.0006463095759841706,0.0005170476607873365,0.9908756295155176,flat,low,30.0,1.9237735617919622
5599,BATAN,AKLAN,11.5869107,122.4962482,284,5.0,7.071428571428571,0.0,18.0,18.0,0.3606693225174415,18.0,5.119490567768378,0.0045,0.036981843995718786,0.019128355140657163,0.00021253727934063515,0.0005410039837761622,0.990983266937064,flat,low,18.0,2.134698589480297
5600,BURUANGA,AKLAN,11.8444711,121.8882356,284,6.0,44.333333333333336,6.0,123.0,117.0,2.292821439431945,117.0,39.25628046001754,0.02925,0.2479038948750529,4.955360335972292,0.008470701429012465,0.022355009034461467,0.9426794640142013,flat,low,123.0,2.0039255818661412
5601,IBAJAY,AKLAN,11.8207622,122.1617859,284,6.0,6.2727272727272725,0.0,19.0,19.0,0.2819066999450788,19.0,5.478734244843405,0.00475,0.03827166261764399,0.01399923044045448,0.00014736032042583663,0.0004463522749130414,0.992952332501373,flat,low,19.0,2.3230311665911683
5602,KALIBO,AKLAN,11.7088966,122.3640225,284,8.0,9.0,7.0,11.0,4.0,0.09577299057229116,4.0,1.0606601717798212,0.001,0.008252227229880643,0.0014365948585843675,7.182974292921837e-05,3.192433019076372e-05,0.9976056752356928,flat,low,11.0,1.8856163053880253
5603,LEZO,AKLAN,11.6671058,122.3286614,284,20.0,18.25,10.0,38.0,28.0,0.4341063049301794,28.0,6.637959023675877,0.007,0.05464904219970691,0.09242846742471737,0.0006602033387479812,0.001012914711503752,0.9891473423767455,flat,low,38.0,2.9753116815342193
5604,LIBACAO,AKLAN,11.480692,122.3024183,284,56.0,71.8125,51.0,100.0,49.0,1.3131288817157936,49.0,14.094408244051966,0.01225,0.10378242204041582,1.9252726346218982,0.007858255651517952,0.005361942933672824,0.9671717779571052,flat,low,100.0,1.9999064531133515
5605,MADALAG,AKLAN,11.5265494,122.306494,284,51.0,75.75,44.0,146.0,102.0,2.3658365576025124,102.0,30.285103598964294,0.0255,0.2140812080109744,7.616515067631589,0.01493434326986586,0.020109610739621357,0.9408540860599371,flat,low,146.0,2.3196221683976765
5606,MAKATO,AKLAN,11.7116342,122.2924728,284,8.0,9.375,3.0,21.0,18.0,0.34192066110335984,18.0,5.278198082679353,0.0045,0.03702940322822687,0.024041296483829987,0.00026712551648699987,0.0005128809916550397,0.991451983472416,flat,low,21.0,2.2024557652908467
5607,MALAY,AKLAN,11.9000941,121.9099,284,0.0,42.125,0.0,158.0,158.0,2.3969071930191967,158.0,49.74544577144726,0.0395,0.3243001989675143,6.647172937473966,0.008414142958827805,0.03155927804141942,0.9400773201745201,flat,low,158.0,2.329358916653847
5608,MALINAO,AKLAN,11.6437882,122.3077295,284,26.0,25.625,17.0,45.0,28.0,0.5259835381376124,28.0,6.899954709996291,0.007,0.055802295572032506,0.15724716192239035,0.00112319401373136,0.0012272949223210959,0.9868504115465597,flat,low,45.0,2.807989038528251
5609,NABAS,AKLAN,11.828728,122.0924043,284,4.0,16.76923076923077,2.0,61.0,59.0,1.1857482528332741,59.0,16.89858367371404,0.01475,0.12140674211057653,0.4888171162801786,0.0016570071738311138,0.005829928909763598,0.9703562936791681,flat,low,61.0,2.6174244816828205
5610,NEW WASHINGTON,AKLAN,11.6508856,122.4320224,284,6.0,4.666666666666667,2.0,8.0,6.0,0.1473997970014943,6.0,1.8408935028645435,0.0015,0.012744272894249134,0.001719664298350767,5.73221432783589e-05,7.369989850074715e-05,0.9963150050749626,flat,low,8.0,1.8107139372443475
5611,NUMANCIA,AKLAN,11.704435,122.3288949,284,11.0,8.875,5.0,13.0,8.0,0.1211512066008013,8.0,2.027159342528357,0.002,0.015762952181128154,0.0035840565286070383,8.960141321517596e-05,8.076747106720087e-05,0.9969712198349799,flat,low,13.0,2.034866168926298
5612,TANGALAN,AKLAN,11.7770629,122.2601806,284,,13.083333333333334,4.0,33.0,29.0,0.7268991961346335,29.0,9.595644266483042,0.00725,0.06265456032148876,0.1149156958333676,0.0007925220402301214,0.0017566730573253643,0.9818275200966342,flat,low,33.0,2.0755943048701764
5613,ANINI-Y,ANTIQUE,10.4315482,121.9249048,285,,87.33333333333333,13.0,211.0,198.0,5.598495529219236,198.0,67.3292077944054,0.0495,0.43575911293987557,40.33716028802459,0.040744606351539994,0.0923751762321174,0.8600376117695191,gentle,low,211.0,1.8367461742242028
5614,BARBAZA,ANTIQUE,11.1953194,122.037732,285,21.0,55.416666666666664,-1.0,149.0,150.0,3.308590178490622,150.0,59.65799517993283,0.0375,0.3334941576350367,11.45943994112637,0.015279253254835161,0.04135737723113277,0.9172852455377345,gentle,low,149.0,1.568663705215295
5615,BELISON,ANTIQUE,10.8374618,121.9621456,285,10.0,13.571428571428571,1.0,56.0,55.0,0.907036118759585,55.0,17.186848317886582,0.01375,0.11335236379632847,0.2820990309832638,0.0010258146581209593,0.004157248877648098,0.9773240970310104,flat,low,56.0,2.468664886961885
5616,BUGASONG,ANTIQUE,11.0441473,122.0646896,285,12.0,36.0,4.0,98.0,94.0,1.9972573086828254,94.0,30.563458573924517,0.0235,0.19922727954954075,2.816132805242784,0.0059917719260484765,0.0156451822513488,0.9500685672829293,flat,low,98.0,2.0285661657522516
5617,CALUYA,ANTIQUE,11.9318954,121.5464906,285,7.0,36.333333333333336,7.0,99.0,92.0,1.6166479394144542,92.0,25.522321385189255,0.023,0.18617543131679545,2.251631324506687,0.00489485070544932,0.012394300868844148,0.9595838015146386,flat,low,99.0,2.4553669419610684
5618,CULASI,ANTIQUE,11.4257994,122.0561023,285,2.0,4.625,0.0,14.0,14.0,0.1936294748618157,14.0,3.550968177835448,0.0035,0.027428882142154817,0.00522396187387607,7.462802676965814e-05,0.00022590105400545164,0.9951592631284546,flat,low,14.0,2.640124295788646
5619,HAMTIC,ANTIQUE,10.7003591,121.9808152,285,4.0,16.785714285714285,3.0,68.0,65.0,1.0773663500324986,65.0,19.2620224847777,0.01625,0.13260965220915463,0.48978485109364334,0.001507030311057364,0.005835734396009367,0.9730658412491875,flat,low,68.0,2.6588216837529606
5620,LAUA-AN,ANTIQUE,11.1429506,122.0416027,285,3.0,38.38461538461539,0.0,95.0,95.0,2.103632529012461,95.0,33.331755386714384,0.02375,0.2053491251444782,3.196240385828068,0.00672892712805909,0.01665375752134865,0.9474091867746884,flat,low,95.0,1.6985418937584338
5621,LIBERTAD,ANTIQUE,11.769388,121.9188237,285,18.0,63.75,9.0,135.0,126.0,3.929694802167957,126.0,44.75418974800013,0.0315,0.2830570825163031,13.15219729100588,0.02087650363651727,0.04126179542276354,0.9017576299458011,gentle,low,135.0,1.5920296805541916
5622,PANDAN,ANTIQUE,11.7198989,122.0945769,285,7.0,42.1,3.0,159.0,156.0,3.450992142323051,156.0,49.92284046406014,0.039,0.33075996853074024,9.443639997467029,0.01210723076598337,0.044862897850199666,0.9137251964419237,gentle,low,159.0,2.34161350940245
5623,PATNONGON,ANTIQUE,10.9143712,121.9953401,285,13.0,18.9375,1.0,80.0,79.0,1.3103070569164599,79.0,22.97680556017307,0.01975,0.16060092749491645,0.8167921880575337,0.002067828324196288,0.008626188124700026,0.9672423235770885,flat,low,80.0,2.6575712268841962
5624,SAN JOSE,ANTIQUE,10.7440992,121.9410266,285,18.0,14.75,6.0,22.0,16.0,0.43783882007957003,16.0,5.539629951540085,0.004,0.03521726294441635,0.04305415064115772,0.0005381768830144715,0.0005837850934394267,0.9890540294980108,flat,low,22.0,1.3087514427264169
5625,SAN REMIGIO,ANTIQUE,10.831508,122.0887035,285,98.0,135.1875,54.0,339.0,285.0,4.85390986048154,285.0,82.04664736447188,0.07125,0.5793672410985093,77.92231778758197,0.05468232827198735,0.11528035918643657,0.8786522534879615,gentle,low,339.0,2.4841051287630123
5626,SEBASTE,ANTIQUE,11.5896899,122.0958588,285,10.0,72.23076923076923,2.0,214.0,212.0,3.9797484506538074,212.0,70.37280270777018,0.053,0.4466532025535811,25.39232578765231,0.02395502432797388,0.07030888929488392,0.9005062887336548,gentle,low,214.0,2.014545723628422
5627,SIBALOM,ANTIQUE,10.7889049,122.017534,285,29.0,27.75,15.0,59.0,44.0,0.7996649993664121,44.0,13.25,0.011,0.09066373541112277,0.4068295684276621,0.0018492253110348278,0.0029321049976768444,0.9800083750158397,flat,low,59.0,2.3584903880384616
5628,TIBIAO,ANTIQUE,11.2886284,122.0342615,285,7.0,8.272727272727273,1.0,18.0,17.0,0.33704904431594324,17.0,5.028842431250665,0.00425,0.035154302379432054,0.0197505633165441,0.00023235956842993058,0.0004774861461142529,0.9915737738921014,flat,low,18.0,1.9342961975759045
5629,TOBIAS FORNIER (DAO),ANTIQUE,10.5172704,121.9447306,285,11.0,28.733333333333334,5.0,89.0,84.0,1.938735924580635,84.0,27.617546757249983,0.021,0.1797873350164139,1.9497220948199256,0.004642195463856966,0.013571151472064447,0.9515316018854841,flat,low,89.0,2.1821874699518116
5630,VALDERRAMA,ANTIQUE,11.0018524,122.129408,285,63.0,126.6875,53.0,301.0,248.0,4.5791072237496175,248.0,71.0111952001232,0.062,0.5067487818079734,59.945283462240575,0.04834297053406498,0.09463488262415877,0.8855223194062596,gentle,low,301.0,2.454718541971239
5631,CUARTERO,CAPIZ,11.3411591,122.6694276,286,19.0,22.0625,15.0,36.0,21.0,0.33707131355353814,21.0,5.51666509315184,0.00525,0.04180492745112925,0.06507056373365569,0.0006197196546062447,0.0005898747987186919,0.9915732171611615,flat,low,36.0,2.5264353079664246
5632,DAO,CAPIZ,11.3940224,122.6852422,286,15.0,15.5,12.0,21.0,9.0,0.16090040711496914,9.0,2.5495097567963922,0.00225,0.01830722490465117,0.00935233616355758,0.0002078296925235018,0.00012067530533622685,0.9959774898221257,flat,low,21.0,2.15727664036651
5633,DUMALAG,CAPIZ,11.3042392,122.6214871,286,28.0,58.25,21.0,130.0,109.0,2.8316369712717733,109.0,35.24822690576081,0.02725,0.23527445937297575,7.491154599936377,0.013745237798048399,0.02572070248905194,0.9292090757182057,flat,low,130.0,2.0355633251075727
5634,DUMARAO,CAPIZ,11.2630101,122.6878398,286,29.0,45.8125,25.0,99.0,74.0,1.242538328665052,74.0,19.069670782423067,0.0185,0.14729843808571663,1.755150104777337,0.004743648931830641,0.007662319693434488,0.9689365417833737,flat,low,99.0,2.789114600757003
5635,IVISAN,CAPIZ,11.521667,122.690833,286,9.0,17.0,1.0,75.0,74.0,1.121769558616223,74.0,18.8248505970167,0.0185,0.14591528443391422,0.5879942103080036,0.0015891735413729826,0.006917578944800043,0.9719557610345945,flat,low,75.0,3.0810335848380155
5636,JAMINDAN,CAPIZ,11.4089123,122.5105924,286,31.0,40.625,31.0,59.0,28.0,0.5857180952058073,28.0,7.79322622538317,0.007,0.057516001633561714,0.2776059722069191,0.0019828998014779936,0.001366675555480217,0.9853570476198548,flat,low,59.0,2.3578165333292405
5637,MA-AYON,CAPIZ,11.3871513,122.7811911,286,13.0,17.625,10.0,30.0,20.0,0.36285710012437833,20.0,5.588772226527039,0.005,0.04062669592812436,0.053294636580768065,0.0005329463658076807,0.0006047618335406306,0.9909285724968906,flat,low,30.0,2.2142605359727647
5638,MAMBUSAO,CAPIZ,11.430179,122.5971448,286,20.0,24.25,16.0,56.0,40.0,0.5365185686559355,40.0,9.536115561380326,0.01,0.07740935822424654,0.21684292149844062,0.001084214607492203,0.0017883952288531184,0.9865870357836016,flat,low,56.0,3.3294475582001777
5639,PANAY,CAPIZ,11.555244,122.7933288,286,4.0,4.3125,2.0,8.0,6.0,0.09066653949786271,6.0,1.4456291882775472,0.0015,0.011720837804976361,0.0009774986289613325,3.258328763204441e-05,4.533326974893136e-05,0.9977333365125535,flat,low,8.0,2.5507906724012295
5640,PANITAN,CAPIZ,11.4631934,122.7687618,286,11.0,17.125,7.0,45.0,38.0,0.7402917947347595,38.0,10.734727523323542,0.0095,0.07779052323502722,0.2007270355931853,0.0010564580820693963,0.0023442573499934055,0.981492705131631,flat,low,45.0,2.5967121515402534
5641,PILAR,CAPIZ,11.4861234,122.9963607,286,3.0,8.25,-3.0,29.0,32.0,0.5330656752509639,32.0,9.051933495115836,0.008,0.06473356931860039,0.05863722427760604,0.00036648265173503774,0.001421508467335904,0.9866733581187259,flat,low,29.0,2.292327679922574
5642,PONTEVEDRA,CAPIZ,11.4818484,122.8327477,286,5.0,5.875,2.0,18.0,16.0,0.22819706836640524,16.0,4.3857011982122085,0.004,0.03184432594582232,0.008937718511017538,0.00011172148138771923,0.00030426275782187364,0.9942950732908399,flat,low,18.0,2.7646656001729086
5643,PRESIDENT ROXAS,CAPIZ,11.4298506,122.9250508,286,9.0,9.9375,2.0,29.0,27.0,0.4493987136287404,27.0,7.757808566212497,0.00675,0.05477598349920147,0.05024137181271309,0.0003721583097238007,0.0010111471056646658,0.9887650321592815,flat,low,29.0,2.457201332064491
5644,ROXAS CITY,CAPIZ,11.5895171,122.7500577,286,5.0,3.625,2.0,7.0,5.0,0.0807377788674165,5.0,1.2183492931011204,0.00125,0.009830921289224722,0.0006097384341549682,2.4389537366198732e-05,3.364074119475687e-05,0.9979815555283146,flat,low,7.0,2.7701392769475723
5645,SAPI-AN,CAPIZ,11.4971036,122.5441645,286,26.0,46.625,12.0,120.0,108.0,2.0645736128064396,108.0,32.582347598047626,0.027,0.22350814924278653,4.331733511369512,0.008021728724758355,0.018581162515257956,0.948385659679839,flat,low,120.0,2.2519862182186805
5646,SIGMA,CAPIZ,11.4218218,122.6658382,286,14.0,17.875,12.0,30.0,18.0,0.37338209588006077,18.0,5.893587617063142,0.0045,0.03812521016170139,0.05005653722892065,0.0005561837469880073,0.0005600731438200912,0.9906654476029985,flat,low,30.0,2.057320384543918
5647,TAPAZ,CAPIZ,11.2620268,122.5358792,286,37.0,41.8125,34.0,52.0,18.0,0.4830587195295868,18.0,6.0022782133120085,0.0045,0.039229801413633233,0.15148419532748136,0.001683157725860904,0.0007245880792943802,0.9879235320117603,flat,low,52.0,1.6972719258720756
5648,BUENAVISTA,GUIMARAS,10.6970447,122.6479645,287,68.0,72.0625,65.0,76.0,11.0,0.2372155928204742,11.0,2.860698122836452,0.00275,0.022389900600961087,0.07834909801411652,0.0014245290548021185,0.00021744762675210134,0.9940696101794881,flat,low,76.0,1.3764117898899741
5649,JORDAN,GUIMARAS,10.5959639,122.5877929,287,167.0,133.75,81.0,173.0,92.0,1.639138808320474,92.0,28.7977863732614,0.023,0.19073951307048598,8.404001265159765,0.01826956796773862,0.012566730863790301,0.9590215297919882,flat,low,173.0,1.36295193416295
5650,NUEVA VALENCIA,GUIMARAS,10.5264005,122.5400201,287,30.0,55.9375,7.0,150.0,143.0,2.38988882852467,143.0,43.798499902964714,0.03575,0.2938095271202105,7.965362544758592,0.011140367195466561,0.02847950853991899,0.9402527792868832,flat,low,150.0,2.1476191664275186
5651,SAN LORENZO,GUIMARAS,10.5879285,122.7018482,287,,22.0,11.0,35.0,24.0,0.8211278909276609,24.0,8.470537173048708,0.006,0.05447891860968199,0.1806481360040854,0.0015054011333673783,0.0016422557818553218,0.9794718027268084,flat,low,35.0,1.5347312926778363
5652,SIBUNAG,GUIMARAS,10.5040415,122.6318224,287,103.0,83.3125,26.0,119.0,93.0,1.6603244338461485,93.0,29.254740534655234,0.02325,0.19303415950902747,5.360123951548781,0.011527148282900603,0.012867514362307651,0.9584918891538463,flat,low,119.0,1.2198877217125472
5653,AJUY,ILOILO,11.1713335,123.0199077,288,5.0,29.733333333333334,2.0,65.0,63.0,1.5959946842515322,63.0,24.876941576934698,0.01575,0.14163420892311385,1.2456738510583207,0.003954520162089907,0.008378972092320544,0.9601001328937117,flat,low,65.0,1.4176447349830308
5654,ALIMODIAN,ILOILO,10.8167199,122.4317369,288,82.0,87.3125,65.0,136.0,71.0,1.5087029398025633,71.0,23.65565141250606,0.01775,0.15124201927328051,3.8969718356822094,0.010977385452625941,0.008926492393831833,0.9622824265049359,flat,low,136.0,2.058176166566445
5655,ANILAO,ILOILO,10.9789447,122.7511638,288,14.0,22.266666666666666,3.0,66.0,63.0,1.0098591297638129,63.0,17.140465441625427,0.01575,0.1261902213076006,0.5902626613469486,0.0018738497185617417,0.005301760431260017,0.9747535217559047,flat,low,66.0,2.5514669324941726
5656,BADIANGAN,ILOILO,10.9863355,122.5367496,288,72.0,74.5625,55.0,98.0,43.0,0.7568664348092877,43.0,12.874241482510726,0.01075,0.08828823661459557,1.0111065426896262,0.004702821128788959,0.002712104724733281,0.9810783391297678,flat,low,98.0,1.820495460749566
5657,BALASAN,ILOILO,11.472018,123.0887179,288,8.0,7.25,4.0,13.0,9.0,0.15508197118171205,9.0,2.6100766272276377,0.00225,0.01833706941747683,0.004216291091502796,9.369535758895103e-05,0.00011631147838628403,0.9961229507204572,flat,low,13.0,2.202999611972274
5658,BANATE,ILOILO,11.0013359,122.8186296,288,5.0,4.75,4.0,5.0,1.0,0.034457469785618526,1.0,0.4330127018922193,0.00025,0.002378853129813788,6.819707561737e-05,1.3639415123474001e-05,2.871455815468211e-06,0.9991385632553595,flat,low,5.0,0.5773489358593717
5659,BAROTAC NUEVO,ILOILO,10.893967,122.7033863,288,12.0,11.5625,8.0,14.0,6.0,0.12552742115080995,6.0,1.7666617531378213,0.0015,0.01245391393925335,0.0036285270176406002,0.00012095090058802001,6.276371057540498e-05,0.9968618144712298,flat,low,14.0,1.3797200374948106
5660,BAROTAC VIEJO,ILOILO,11.043514,122.8514783,288,14.0,20.125,5.0,49.0,44.0,1.0093453064593152,44.0,12.292655327470953,0.011,0.09122197853481362,0.3724063620290514,0.001692756191041143,0.0037009327903508226,0.9747663673385171,flat,low,49.0,2.3489634161065527
5661,BATAD,ILOILO,11.4180961,123.1099182,288,32.0,36.0625,16.0,78.0,62.0,1.19005954994479,62.0,15.765741141792224,0.0155,0.12443400925107322,1.1086768317636697,0.003576376876656999,0.006148641008048081,0.9702485112513802,flat,low,78.0,2.6600397001820184
5662,BINGAWAN,ILOILO,11.233264,122.5669641,288,66.0,60.25,47.0,77.0,30.0,0.6316063426188585,30.0,8.954747344286158,0.0075,0.062466218623629895,0.47567852678482786,0.003171190178565519,0.0015790158565471464,0.9842098414345285,flat,low,77.0,1.8705159939740612
5663,CABATUAN,ILOILO,10.8798603,122.4819482,288,56.0,65.9375,50.0,83.0,33.0,0.7525645463500956,33.0,9.086175969570476,0.00825,0.06819984107332397,0.6823055906556921,0.004135185397913285,0.002069552502462763,0.9811858863412476,flat,low,83.0,1.877852484839571
5664,CALINOG,ILOILO,11.1225175,122.5380249,288,65.0,69.875,55.0,89.0,34.0,0.8050375397836315,34.0,8.491723912139395,0.0085,0.06936637702262596,0.7969033063087343,0.004687666507698437,0.0022809396960536223,0.9798740615054092,flat,low,89.0,2.252192599015984
5665,CARLES,ILOILO,11.5735531,123.133556,288,5.0,3.533333333333333,0.0,11.0,11.0,0.1798073965789153,11.0,2.6297443897754693,0.00275,0.02157964057309947,0.0029118808945974343,5.294328899268062e-05,0.0001648234468640057,0.9955048150855271,flat,low,11.0,2.839311629063899
5666,CITY OF PASSI,ILOILO,11.1043309,122.6438583,288,42.0,46.0625,36.0,82.0,46.0,0.7398886496263879,46.0,13.183648726737223,0.0115,0.09305222398654718,0.6532214843654636,0.002840093410284624,0.0028362398235678202,0.9815027837593403,flat,low,82.0,2.725914351859381
5667,CONCEPCION,ILOILO,11.2147066,123.1087513,288,13.0,15.11111111111111,1.0,30.0,29.0,0.7490310721356274,29.0,9.84823102496015,0.00725,0.0631849965811336,0.13676752539365344,0.0009432243130596789,0.001810158424327766,0.9812742231966093,flat,low,30.0,1.5118336825486336
5668,DINGLE,ILOILO,11.0000758,122.6717839,288,24.0,26.3125,21.0,38.0,17.0,0.323360585927732,17.0,5.3235179862568325,0.00425,0.035427429108543435,0.06026801337199943,0.0007090354514352874,0.0004580941633976203,0.9919159853518067,flat,low,38.0,2.1954462884742942
5669,DUEÑAS,ILOILO,11.0651622,122.6182682,288,43.0,42.25,31.0,60.0,29.0,0.5060482279734545,29.0,7.901740314639554,0.00725,0.05846357574762046,0.25834816305186464,0.0017817114693232043,0.0012229498842691816,0.9873487943006637,flat,low,60.0,2.246340305663333
5670,DUMANGAS,ILOILO,10.8215809,122.712398,288,6.0,4.5,2.0,13.0,11.0,0.1759311229064052,11.0,2.9154759474226504,0.00275,0.021926698588661246,0.0036285794099446067,6.597417108990195e-05,0.00016127019599753808,0.9956017219273399,flat,low,13.0,2.915474947422993
5671,ESTANCIA,ILOILO,11.4560924,123.1510998,288,9.0,18.5,4.0,30.0,26.0,0.7635536455552655,26.0,9.349688051837166,0.0065,0.058147345134391466,0.1530288764633678,0.0011771452035643677,0.0016543662320364087,0.9809111588611183,flat,low,30.0,1.2299874291263526
5672,GUIMBAL,ILOILO,10.6615215,122.3228567,288,,39.0,14.0,58.0,44.0,1.4908758821986214,44.0,19.06567596493762,0.011,0.10446606525582143,1.0659762557720145,0.00484534661714552,0.005466544901394946,0.9627281029450344,flat,low,58.0,0.996555225127416
5673,IGBARAS,ILOILO,10.7166948,122.2651213,288,49.0,71.375,43.0,121.0,78.0,1.7293517004935048,78.0,23.406396027581863,0.0195,0.16334035541609399,4.011555522738527,0.01028603980189366,0.011240786053207783,0.9567662074876624,flat,low,121.0,2.120146895804698
5674,ILOILO CITY,ILOILO,10.6918584,122.5688537,288,,3.6666666666666665,3.0,5.0,2.0,0.062386684301840994,2.0,0.9428090415820634,0.0005,0.004802962209750527,0.0001906259798111808,1.906259798111808e-05,1.0397780716973499e-05,0.9984403328924539,flat,low,5.0,1.414212062374686
5675,JANIUAY,ILOILO,10.949146,122.5019623,288,71.0,81.875,59.0,128.0,69.0,1.1251930497856255,69.0,20.130434048971722,0.01725,0.14018601791758653,2.648598952346945,0.00767709841259984,0.006469860036267347,0.9718701737553593,flat,low,128.0,2.2913066651461214
5676,LAMBUNAO,ILOILO,11.0553435,122.4746304,288,159.0,124.3125,91.0,159.0,68.0,1.6674098396873518,68.0,21.277096694568083,0.017,0.14495929835668844,5.872930094723795,0.01727332380801116,0.009448655758228326,0.9583147540078162,flat,low,159.0,1.6302740391541046
5677,LEGANES,ILOILO,10.785528,122.5888137,288,9.0,7.3076923076923075,4.0,12.0,8.0,0.13977800816102376,8.0,2.365931769112261,0.002,0.01637763326355864,0.003404848916742886,8.512122291857215e-05,9.318533877401584e-05,0.9965055497959744,flat,low,12.0,1.9832802324591527
5678,LEMERY,ILOILO,11.225827,122.9274305,288,87.0,96.75,84.0,197.0,113.0,1.1884083545181154,113.0,26.20472285676763,0.02825,0.21483820357772368,5.413571432440803,0.009581542358302306,0.01119084533837892,0.9702897911370472,flat,low,197.0,3.8256461143401608
5679,LEON,ILOILO,10.7806107,122.3873916,288,69.0,105.0625,58.0,151.0,93.0,2.20349679161002,93.0,28.599538348546815,0.02325,0.19691331472465012,8.97081416465545,0.01929207347237731,0.017077100134977655,0.9449125802097496,flat,low,151.0,1.6062321647965336
5680,MAASIN,ILOILO,10.8908217,122.4332818,288,104.0,109.875,70.0,158.0,88.0,1.743359489315125,88.0,24.67760877799954,0.022,0.18015787390217342,7.023559542578309,0.015962635324041612,0.012784636254977583,0.9564160127671218,flat,low,158.0,1.9501483503845722
5681,MIAGAO,ILOILO,10.6410895,122.2355455,288,,29.428571428571427,16.0,38.0,22.0,0.5116006817772216,22.0,6.883876458946719,0.0055,0.04665500791081298,0.1380103743937124,0.0012546397672155672,0.0009379345832582396,0.9872099829555695,flat,low,38.0,1.2451454318508541
5682,MINA,ILOILO,10.9300742,122.5742724,288,40.0,39.0,31.0,49.0,18.0,0.25593560851688135,18.0,4.2130748865881795,0.0045,0.034856869756640284,0.07486116549118779,0.0008317907276798644,0.000383903412775322,0.993601609787078,flat,low,49.0,2.3735627530075587
5683,NEW LUCENA,ILOILO,10.8776999,122.596704,288,20.0,19.75,13.0,32.0,19.0,0.27435539967615363,19.0,4.879805323985784,0.00475,0.03740701684581406,0.042896609886865264,0.00045154326196700283,0.00043439604948724333,0.9931411150080962,flat,low,32.0,2.5103455314993535
5684,OTON,ILOILO,10.693053,122.4782709,288,3.0,5.666666666666667,3.0,9.0,6.0,0.13240619779252447,6.0,1.7950549357115013,0.0015,0.012551960811633258,0.00187575446872743,6.2525148957581e-05,6.620309889626224e-05,0.9966898450551869,flat,low,9.0,1.8569523472883362
5685,PAVIA,ILOILO,10.7748057,122.5419293,288,18.0,16.8125,13.0,20.0,7.0,0.14668586378818652,7.0,1.9754350786598884,0.00175,0.014417414746359818,0.007192955247738417,0.00020551300707824047,8.556675387644213e-05,0.9963328534052953,flat,low,20.0,1.613567775962845
5686,POTOTAN,ILOILO,10.9421197,122.6358296,288,25.0,24.5625,19.0,30.0,11.0,0.19618272608011547,11.0,2.8716012519150356,0.00275,0.022045400522421058,0.022085883459488,0.0004015615174452364,0.00017983416557343918,0.9950954318479971,flat,low,30.0,1.893542184114739
5687,SAN DIONISIO,ILOILO,11.2711575,123.0949468,288,16.0,42.083333333333336,19.0,129.0,110.0,1.9732897823980953,110.0,31.279541592264778,0.0275,0.22397234105233635,3.806119701812993,0.006920217639659987,0.01808848967198254,0.9506677554400477,flat,low,129.0,2.7787064472023504
5688,SAN ENRIQUE,ILOILO,11.0724172,122.6558905,288,33.0,42.75,30.0,66.0,36.0,0.7664426553761239,36.0,11.393528865105841,0.009,0.0758977450546822,0.49148135275993937,0.002730451959777441,0.0022993279661283716,0.9808389336155969,flat,low,66.0,2.040631856436883
5689,SAN JOAQUIN,ILOILO,10.5867556,122.142027,288,,65.0,44.0,83.0,39.0,1.3366657244105917,39.0,16.06237840420901,0.00975,0.09161232962753803,1.4118531714086877,0.007240272673890705,0.0043441636043344235,0.9665833568897352,flat,low,83.0,1.120630981689005
5690,SAN MIGUEL,ILOILO,10.7814116,122.465155,288,38.0,36.375,29.0,44.0,15.0,0.2528185854778644,15.0,4.3714271125114275,0.00375,0.03054073210627989,0.05747672529223323,0.0007663563372297764,0.0003160232318473305,0.9936795353630534,flat,low,44.0,1.7442812288681018
5691,SAN RAFAEL,ILOILO,11.1759039,122.8283624,288,120.0,116.9375,108.0,126.0,18.0,0.3089840802811391,18.0,4.801936458346778,0.0045,0.03610619264692234,0.27098869415906773,0.0030109854906563084,0.0004634761204217086,0.9922753979929715,flat,low,126.0,1.887259065452314
5692,SANTA BARBARA,ILOILO,10.8272284,122.5314745,288,35.0,32.0,24.0,46.0,22.0,0.3752266458609219,22.0,5.820223363411408,0.0055,0.04404353096916495,0.11006648278587045,0.0010006043889624586,0.0006879155174116902,0.990619333853477,flat,low,46.0,2.4054055524062616
5693,SARA,ILOILO,11.2566801,123.0143933,288,24.0,26.5625,19.0,56.0,37.0,0.44104447245117934,37.0,8.710401468933565,0.00925,0.07097300775919257,0.18061000857538528,0.0009762703166237043,0.0013598871233911362,0.9889738881887206,flat,low,56.0,3.379579773149576
5694,TIGBAUAN,ILOILO,10.6744469,122.3761115,288,,16.333333333333332,10.0,20.0,10.0,0.25350141873749277,10.0,3.197221015541813,0.0025,0.021481098768008813,0.01725217988630159,0.0003450435977260318,0.00021125118228124397,0.9936624645315627,flat,low,20.0,1.1468289186183716
5695,TUBUNGAN,ILOILO,10.7653357,122.318261,288,126.0,155.8125,97.0,203.0,106.0,2.746367333996009,106.0,33.02313346352826,0.0265,0.22706155879050277,18.89972757674785,0.03565986335235443,0.024259578116964744,0.9313408166500998,flat,low,203.0,1.4289225043769025
5696,ZARRAGA,ILOILO,10.8223786,122.6095819,288,6.0,6.3125,2.0,9.0,7.0,0.1233347349738282,7.0,1.7218721642444887,0.00175,0.013875008483346982,0.0022707723340233475,6.487920954352422e-05,7.194526206806646e-05,0.9969166316256542,flat,low,9.0,1.5608002121220133
5697,BACOLOD CITY,NEGROS OCCIDENTAL,10.6428793,122.9302116,289,5.0,9.583333333333334,3.0,16.0,13.0,0.22844118514926579,13.0,4.009537241239803,0.00325,0.026844910025042478,0.011858318465213626,0.00018243566869559423,0.00024747795057837124,0.9942889703712684,flat,low,16.0,1.6003505343005648
5698,BAGO CITY,NEGROS OCCIDENTAL,10.5376299,122.8352802,289,8.0,4.0,0.0,8.0,8.0,0.15102003036981618,8.0,2.5495097567963922,0.002,0.016720771608131083,0.0020136004049308826,5.034001012327206e-05,0.00010068002024654412,0.9962244992407546,flat,low,8.0,1.5689284657210982
5699,BINALBAGAN,NEGROS OCCIDENTAL,10.1937474,122.8587743,289,7.0,5.6,3.0,9.0,6.0,0.09527050167344607,6.0,1.4047538337136984,0.0015,0.011706622001260918,0.001333787023428245,4.4459567447608164e-05,4.7635250836723036e-05,0.9976182374581638,flat,low,9.0,2.4203511661971264
5700,CADIZ CITY,NEGROS OCCIDENTAL,10.956652,123.3057034,289,3.0,1.9230769230769231,0.0,6.0,6.0,0.15363920031528513,6.0,2.0176733920929233,0.0015,0.013034574192215976,0.0007386500015157939,2.462166671719313e-05,7.681960015764257e-05,0.9961590199921179,flat,low,6.0,2.0206050554540194
5701,CALATRAVA,NEGROS OCCIDENTAL,10.5940442,123.4763844,289,18.0,52.583333333333336,4.0,123.0,119.0,2.43038300652343,119.0,38.19349493769267,0.02975,0.25069051122400354,6.336632971417981,0.010649803313307532,0.024101298148024017,0.9392404248369143,flat,low,123.0,1.8436821489591206
5702,CANDONI,NEGROS OCCIDENTAL,9.8306756,122.6429611,289,163.0,185.875,159.0,252.0,93.0,1.7648044030634846,93.0,25.944351504711,0.02325,0.1895345071997535,12.711279463752728,0.027336084868285437,0.013677234123742006,0.9558798899234129,flat,low,252.0,2.5487242353800488
5703,CAUAYAN,NEGROS OCCIDENTAL,9.9733632,122.6260198,289,10.0,20.25,5.0,65.0,60.0,1.2624123047275944,60.0,19.97967717456916,0.015,0.12768567723245866,0.6390962292683445,0.0021303207642278154,0.006312061523637971,0.9684396923818102,flat,low,65.0,2.239775816657516
5704,ENRIQUE B. MAGALONA (SARAVIA),NEGROS OCCIDENTAL,10.8132428,123.1068244,289,105.0,111.1875,80.0,140.0,60.0,1.0858347269740318,60.0,17.969483680673743,0.015,0.12346036543525445,3.0182812176356286,0.010060937392118764,0.005429173634870159,0.9728541318256492,flat,low,140.0,1.6034127028132288
5705,ESCALANTE CITY,NEGROS OCCIDENTAL,10.8412587,123.499306,289,25.0,21.625,12.0,33.0,21.0,0.37493400996504056,21.0,6.223694642252301,0.00525,0.04307893211019718,0.07094454469807251,0.0006756623304578335,0.000656134517438821,0.990626649750874,flat,low,33.0,1.8276922031302107
5706,HIMAMAYLAN CITY,NEGROS OCCIDENTAL,10.0992841,122.870539,289,6.0,8.857142857142858,2.0,27.0,25.0,0.4388965231626932,25.0,7.317856271351827,0.00625,0.051097486272809335,0.04049342922036753,0.0003239474337629402,0.0009143677565889441,0.9890275869209326,flat,low,27.0,2.4792581311859356
5707,HINIGARAN,NEGROS OCCIDENTAL,10.2713832,122.8519909,289,8.0,6.583333333333333,3.0,10.0,7.0,0.13712272647800214,7.0,1.9346977943739831,0.00175,0.01427942091584783,0.00263294679660886,7.522705133168172e-05,7.998825711216792e-05,0.9965719318380499,flat,low,10.0,1.7659941054401749
5708,HINOBA-AN (ASIA),NEGROS OCCIDENTAL,9.594858,122.4761242,289,23.0,24.818181818181817,11.0,77.0,66.0,1.1977980159414323,66.0,18.364086403126283,0.0165,0.13396618117698925,0.8174971458800274,0.0024772640784243255,0.0065878890876778775,0.9700550496014642,flat,low,77.0,2.841514366400522
5709,ILOG,NEGROS OCCIDENTAL,10.0242067,122.7691808,289,8.0,5.3125,3.0,8.0,5.0,0.14560587539702302,5.0,1.8275239396516807,0.00125,0.011210749995926191,0.0016115233605139266,6.446093442055706e-05,6.066911474875959e-05,0.9963598531150745,flat,low,8.0,1.4705681666441321
5710,ISABELA,NEGROS OCCIDENTAL,10.2047969,122.9892506,289,27.0,25.0,18.0,49.0,31.0,0.3975068849004184,31.0,7.826237921249264,0.00775,0.060413169137877684,0.12836159824909343,0.0008281393435425383,0.0010268927859927476,0.9900623278774895,flat,low,49.0,3.066607120163027
5711,KABANKALAN CITY,NEGROS OCCIDENTAL,9.9889153,122.8134802,289,12.0,9.5625,6.0,12.0,6.0,0.12348088423125783,6.0,1.869784412706449,0.0015,0.012573503620632106,0.0029519648886535076,9.839882962178359e-05,6.174044211562891e-05,0.9969129778942185,flat,low,12.0,1.3036255302001765
5712,LA CARLOTA CITY,NEGROS OCCIDENTAL,10.4268649,122.9208074,289,26.0,23.8125,13.0,36.0,23.0,0.4183362448248644,23.0,8.32330125310865,0.00575,0.04925817714636242,0.09546563836979913,0.0008301359858243403,0.0008018111359143233,0.9895415938793783,flat,low,36.0,1.4642625762446777
5713,LA CASTELLANA,NEGROS OCCIDENTAL,10.3230498,123.0187418,289,60.0,62.9375,50.0,80.0,30.0,0.5699341413803691,30.0,10.145619436485877,0.0075,0.06351441631905941,0.44837787528908724,0.0029891858352605817,0.001424835353450923,0.9857516464654907,flat,low,80.0,1.6817601355003888
5714,MANAPLA,NEGROS OCCIDENTAL,10.9591466,123.1234936,289,1.0,7.333333333333333,0.0,14.0,14.0,0.32465730604979004,14.0,4.825856285561029,0.0035,0.03027522647535037,0.013888118092129904,0.00019840168703042722,0.0003787668570580884,0.9918835673487553,flat,low,14.0,1.3814471237293613
5715,MOISES PADILLA (MAGALLON),NEGROS OCCIDENTAL,10.2773834,123.066554,289,37.0,39.0625,31.0,49.0,18.0,0.3438395445897541,18.0,5.320582087516365,0.0045,0.03710270546518217,0.10073424157902952,0.0011192693508781059,0.0005157593168846311,0.9914040113852561,flat,low,49.0,1.867746417364718
5716,MURCIA,NEGROS OCCIDENTAL,10.6066483,123.0404676,289,133.0,138.1875,110.0,163.0,53.0,0.9052584136249979,53.0,16.09044262132027,0.01325,0.10887493461431244,2.762523351141097,0.010424616419400366,0.003998224660177074,0.9773685396593751,flat,low,163.0,1.5420643820610866
5717,PONTEVEDRA,NEGROS OCCIDENTAL,10.3751168,122.866821,289,5.0,4.166666666666667,2.0,8.0,6.0,0.142663539490307,6.0,1.9930434571835662,0.0015,0.012905697246784942,0.0014860785363573648,4.953595121191216e-05,7.133176974515351e-05,0.9964334115127423,flat,low,8.0,1.923355657981828
5718,PULUPANDAN,NEGROS OCCIDENTAL,10.5192005,122.8034563,289,7.0,4.571428571428571,2.0,7.0,5.0,0.09790229327214998,5.0,1.3997084244475304,0.00125,0.010222922965394687,0.0009324027930680953,3.729611172272381e-05,4.079262219672916e-05,0.9975524426681962,flat,low,7.0,1.7350539948889703
5719,SAGAY CITY,NEGROS OCCIDENTAL,10.8960681,123.4154617,289,30.0,29.6875,10.0,49.0,39.0,0.7662368862519707,39.0,11.79363573076598,0.00975,0.08092942039572605,0.3696494353598374,0.0018956381300504483,0.002490269880318905,0.9808440778437008,flat,low,49.0,1.6375355999917833
5720,SALVADOR BENEDICTO,NEGROS OCCIDENTAL,10.577077,123.220367,289,637.0,642.25,475.0,800.0,325.0,5.888536088453985,325.0,87.82261952367396,0.08125,0.6186215168055376,239.22177859344313,0.14721340221134963,0.14721340221134963,0.8527865977886504,gentle,mid,800.0,1.796234262418485
5721,SAN CARLOS CITY,NEGROS OCCIDENTAL,10.486048,123.4190385,289,4.0,7.090909090909091,2.0,19.0,17.0,0.33025753977779276,17.0,5.0892854553739655,0.00425,0.035175467413554304,0.016587935520657317,0.00019515218259596846,0.00046786484801853974,0.9917435615055552,flat,low,19.0,2.3400315571774626
5722,SAN ENRIQUE,NEGROS OCCIDENTAL,10.419678,122.8495462,289,7.0,5.363636363636363,2.0,7.0,5.0,0.1256135623713529,5.0,1.3666633071248098,0.00125,0.010421336413582418,0.0014036363977101935,5.614545590840774e-05,5.233898432139704e-05,0.9968596609407162,flat,low,7.0,1.1973413133223776
5723,SILAY CITY,NEGROS OCCIDENTAL,10.7994126,122.9756149,289,10.0,7.125,2.0,13.0,11.0,0.17571959915896784,11.0,3.295356581616017,0.00275,0.02243135526812899,0.005738343160035043,0.00010433351200063715,0.00016107629922905385,0.9956070100210258,flat,low,13.0,1.7828110772485415
5724,SIPALAY CITY,NEGROS OCCIDENTAL,9.7491266,122.4040602,289,8.0,15.5,3.0,74.0,71.0,1.0976531917068713,71.0,18.728320800328042,0.01775,0.1410755598278725,0.503319723947255,0.0014178020392880421,0.006494448050932322,0.9725586702073282,flat,low,74.0,3.123611427852298
5725,TALISAY CITY,NEGROS OCCIDENTAL,10.7372649,122.9673325,289,9.0,7.428571428571429,2.0,13.0,11.0,0.1682946668297079,11.0,3.3104657789304195,0.00275,0.02238653270666717,0.005730032703963864,0.00010418241279934298,0.00015427011126056556,0.9957926333292573,flat,low,13.0,1.682973714428467
5726,TOBOSO,NEGROS OCCIDENTAL,10.7169474,123.5135576,289,13.0,29.11111111111111,5.0,61.0,56.0,1.2965006332099025,56.0,18.681211264824015,0.014,0.12025266222701866,0.8806600597433188,0.0031452144990832816,0.006050336288312879,0.9675874841697525,flat,low,61.0,1.707003187846348
5727,VALLADOLID,NEGROS OCCIDENTAL,10.461548,122.8234493,289,2.0,4.363636363636363,1.0,6.0,5.0,0.06832664786174586,5.0,1.7200807207658637,0.00125,0.010391299129811429,0.0006211513441976896,2.4846053767907582e-05,2.8469436609060773e-05,0.9982918338034563,flat,low,6.0,0.951329007574738
5728,VICTORIAS CITY,NEGROS OCCIDENTAL,10.8828993,123.1083055,289,33.0,39.4375,23.0,71.0,48.0,0.7432230261407178,48.0,13.360243027355454,0.012,0.09631685884853855,0.5862171618684912,0.00244257150778538,0.002972892104562871,0.9814194243464821,flat,low,71.0,2.362419424029602
5729,ALBURQUERQUE,BOHOL,9.6103538,123.9569048,290,18.0,41.0,18.0,57.0,39.0,1.0982232992614562,39.0,14.560219778561036,0.00975,0.08752308023995246,0.7316912731329451,0.003752262939143309,0.003569225722599733,0.9725444175184635,flat,low,57.0,1.0988844361178194
5730,ALICIA,BOHOL,9.8984336,124.4407729,290,24.0,29.5,9.0,63.0,54.0,1.248207908240896,54.0,15.366359360629309,0.0135,0.1124102983446136,0.8284979990948946,0.003068511107758869,0.0056169355870840315,0.9687948022939776,flat,low,63.0,2.1800868399410653
5731,ANDA,BOHOL,9.7440884,124.5754446,290,4.0,17.90909090909091,3.0,88.0,85.0,1.6642746572774798,85.0,26.24172439405524,0.02125,0.17705136910991826,1.0556166339436137,0.0024838038445732084,0.01178861215571548,0.958393133568063,flat,low,88.0,2.6709718221038687
5732,ANTEQUERA,BOHOL,9.7809304,123.8981433,290,88.0,105.0625,63.0,189.0,126.0,1.6513471062325051,126.0,29.917529873804757,0.0315,0.2433393270112741,9.108469405799012,0.014457887945712716,0.017339144615441303,0.9587163223441874,flat,low,189.0,2.8056292597827364
5733,BACLAYON,BOHOL,9.6221823,123.9131571,290,,72.11111111111111,26.0,117.0,91.0,2.782849818512986,91.0,34.52678330560347,0.02275,0.2068856469861266,7.608904047757333,0.016722866039027107,0.021103277790390142,0.9304287545371753,flat,low,117.0,1.3001178589806788
5734,BALILIHAN,BOHOL,9.756499,123.9728153,290,99.0,102.4375,83.0,121.0,38.0,0.5982381117462643,38.0,9.649927137030621,0.0095,0.07510115299382064,0.970298595723459,0.005106834714333995,0.0018944206871965037,0.9850440472063434,flat,low,121.0,1.9235894543886072
5735,BATUAN,BOHOL,9.7840762,124.1491353,290,295.0,314.4375,282.0,359.0,77.0,1.1882091304572961,77.0,19.669038963558947,0.01925,0.1521222151762466,11.436512880651474,0.029705228261432404,0.007624341920434316,0.9702947717385676,flat,mid,359.0,2.2656164247244117
5736,BIEN UNIDO,BOHOL,10.1359429,124.3795975,290,6.0,5.0,0.0,10.0,10.0,0.21238997996597125,10.0,2.8635642126552705,0.0025,0.02067649794157594,0.004424791249291068,8.849582498582136e-05,0.0001769916499716427,0.9946902505008507,flat,low,10.0,1.7460751296680608
5737,BILAR,BOHOL,9.7069602,124.1044253,290,295.0,314.5625,284.0,426.0,142.0,2.042784117376794,142.0,36.39534439663952,0.0355,0.279401486889233,36.2594180834381,0.05106960293441985,0.02417294538895873,0.9489303970655801,flat,mid,426.0,3.0618613118118483
5738,BUENAVISTA,BOHOL,10.0808818,124.1117182,290,8.0,5.933333333333334,-1.0,32.0,33.0,0.4900177372988091,33.0,8.070247139269583,0.00825,0.0645479847203907,0.039977280401294515,0.00024228654788663342,0.0013475487775717252,0.9877495565675297,flat,low,32.0,3.229970902607946
5739,CALAPE,BOHOL,9.8905133,123.8718668,290,5.0,10.4,0.0,50.0,50.0,0.7191905520459424,50.0,12.47824774023447,0.0125,0.09793058098404796,0.15582461960995417,0.0006232984784398167,0.0029966273001914264,0.9820202361988515,flat,low,50.0,3.1735222485439816
5740,CANDIJAY,BOHOL,9.8177901,124.4962471,290,12.0,29.0,1.0,123.0,122.0,2.1686575958009335,122.0,37.58157793387606,0.0305,0.2520845245417596,3.1969627391432094,0.005240922523185589,0.022048018890642826,0.9457835601049767,flat,low,123.0,2.5012254052814247
5741,CARMEN,BOHOL,9.824334,124.1983784,290,224.0,218.6875,201.0,259.0,58.0,0.8561743771741703,58.0,15.51095882755157,0.0145,0.1151728042370094,4.524836990950012,0.015602886175689699,0.0041381761563418235,0.9785956405706457,flat,mid,259.0,2.5989687581031786
5742,CATIGBIAN,BOHOL,9.8593137,124.0053953,290,210.0,225.6875,204.0,251.0,47.0,0.8300455618025281,47.0,12.69704074774906,0.01175,0.09469228632943755,3.6685636096989493,0.015610908977442339,0.0032510117837265683,0.9792488609549368,flat,mid,251.0,1.9935746060287955
5743,CLARIN,BOHOL,9.9626104,124.0244228,290,4.0,29.357142857142858,2.0,120.0,118.0,1.9698656453625223,118.0,33.24499348528639,0.0295,0.23856298237730392,2.8432900020473695,0.004819135596690457,0.01937034551273147,0.9507533588659369,flat,low,120.0,2.726511420628268
5744,CORELLA,BOHOL,9.6876964,123.921306,290,71.0,80.375,46.0,131.0,85.0,1.2310423857253945,85.0,21.65027424768564,0.02125,0.1671386532053447,3.5043032079073666,0.008245419312723216,0.008719883565554878,0.9692239403568651,flat,low,131.0,2.338307454331865
5745,CORTES,BOHOL,9.7218266,123.8788576,290,34.0,25.625,1.0,48.0,47.0,0.991699250489166,47.0,15.07014847305759,0.01175,0.09927089973919033,0.49765741033662053,0.0021176911078154064,0.0038841553977492335,0.9752075187377709,flat,low,48.0,1.4847231634962894
5746,DAGOHOY,BOHOL,9.8963715,124.2711696,290,115.0,148.0,106.0,289.0,183.0,3.393577079790222,183.0,53.76337043006139,0.04575,0.37587829335491296,38.296517345432655,0.04185411731741274,0.051752050466800883,0.9151605730052444,gentle,low,289.0,2.6226033868322642
5747,DANAO,BOHOL,9.9469702,124.2206172,290,81.0,92.75,72.0,137.0,65.0,1.1443585156486762,65.0,19.51121472384536,0.01625,0.13352808997705307,2.874604750507065,0.008844937693867893,0.006198608626430329,0.971391037108783,flat,low,137.0,2.2679263366413647
5748,DAUIS,BOHOL,9.6252513,123.8651747,290,3.0,35.75,3.0,94.0,91.0,1.8628193704328975,91.0,26.27776309607295,0.02275,0.18783668695271846,2.5250904653586765,0.005549649374414674,0.014126380225782807,0.9534295157391776,flat,low,94.0,2.2167030568900308
5749,DIMIAO,BOHOL,9.6057125,124.1623535,290,,38.888888888888886,20.0,67.0,47.0,1.3189742451439044,47.0,15.637877409563716,0.01175,0.10289152785776079,1.0044965894730198,0.004274453572225616,0.005165982460146959,0.9670256438714024,flat,low,67.0,1.797629472161588
5750,DUERO,BOHOL,9.7084523,124.406042,290,31.0,68.66666666666667,8.0,230.0,222.0,4.91674535594572,222.0,67.01243665668834,0.0555,0.4653714374067762,31.229527585848565,0.028134709536800508,0.09095978908499582,0.877081366101357,gentle,low,230.0,2.407513276264635
5751,GARCIA HERNANDEZ,BOHOL,9.614319,124.2954003,290,,140.88888888888889,39.0,313.0,274.0,5.799354716527507,274.0,88.14942420489382,0.0685,0.5792769193761408,93.28154666076782,0.06808872019034147,0.1324185993607114,0.8550161320868124,gentle,low,313.0,1.9524927214336047
5752,GUINDULMAN,BOHOL,9.7619221,124.4879217,290,5.0,38.75,4.0,120.0,116.0,3.0985910078130083,116.0,42.273169189609305,0.029,0.25747689690450953,5.803402741716448,0.010005866796062841,0.029953046408859083,0.9225352248046748,gentle,low,120.0,1.9220228725588022
5753,INABANGA,BOHOL,10.0308864,124.0656561,290,1.0,4.9375,0.0,13.0,13.0,0.2503502557628836,13.0,4.5753244420477985,0.00325,0.027790997327322296,0.006695565434075038,0.0001030086989857698,0.0002712127770764572,0.9937412436059279,flat,low,13.0,1.7621697302457748
5754,JAGNA,BOHOL,9.6501914,124.3661633,290,19.0,52.7,6.0,119.0,113.0,2.717471396443942,113.0,36.81589330710312,0.02825,0.24236573246168863,6.742839130401382,0.011934228549382978,0.025589522316513784,0.9320632150889014,flat,low,119.0,1.8008526275893924
5755,JETAFE,BOHOL,10.1497111,124.1535145,290,6.0,2.6923076923076925,-1.0,11.0,12.0,0.24288806088006668,12.0,3.4280430700241835,0.003,0.024695994626066163,0.0032696469733855134,5.449411622309189e-05,0.0002428880608800667,0.9939277984779983,flat,low,11.0,2.4234496809236465
5756,LILA,BOHOL,9.5906941,124.0953479,290,,117.28571428571429,54.0,228.0,174.0,6.196440967516326,174.0,71.0889066807278,0.0435,0.41000406737340495,52.68966535557007,0.06056283374203457,0.08984839402898671,0.8450889758120919,gentle,low,228.0,1.5574059206468909
5757,LOAY,BOHOL,9.6001121,124.0103952,290,10.0,17.857142857142858,3.0,35.0,32.0,1.084696853715127,32.0,12.380036596167598,0.008,0.07399781293156416,0.2582611556464588,0.0016141322227903676,0.0028925249432403388,0.9728825786571218,flat,low,35.0,1.3847176965087682
5758,LOBOC,BOHOL,9.6370754,124.0308694,290,7.0,95.125,5.0,274.0,269.0,4.858710160272718,269.0,76.27325465063097,0.06725,0.5477113867698942,51.803213447878534,0.03851540033299519,0.10891608609278008,0.878532245993182,gentle,low,274.0,2.3451863759341216
5759,LOON,BOHOL,9.7997626,123.7945228,290,53.0,40.57142857142857,1.0,163.0,162.0,2.7083187064090275,162.0,47.95342127778682,0.0405,0.3306356837181281,7.416924228837294,0.009156696578811473,0.03656230253652187,0.9322920323397743,flat,low,163.0,2.5530726612036467
5760,MABINI,BOHOL,9.8650156,124.5231626,290,8.0,41.642857142857146,3.0,162.0,159.0,2.944542092940114,159.0,47.98750900399148,0.03975,0.3282480886518813,8.123518404442553,0.010218262143952897,0.03901518273145651,0.9263864476764971,flat,low,162.0,2.5080931027080147
5761,MARIBOJOC,BOHOL,9.7409309,123.8429701,290,,69.6,7.0,288.0,281.0,5.0382717190406705,281.0,82.30941622925046,0.07025,0.575330765847273,41.05687623846242,0.029221975970435885,0.11797952942086902,0.8740432070239832,gentle,low,288.0,2.653402336596629
5762,PANGLAO,BOHOL,9.5791851,123.7452642,290,7.0,4.583333333333333,0.0,9.0,9.0,0.24325426446489326,9.0,3.200477394945253,0.00225,0.019895778007328155,0.0041809326704903525,9.290961489978562e-05,0.00018244069834866993,0.9939186433883777,flat,low,9.0,1.3800020252104273
5763,PILAR,BOHOL,9.836587,124.3336883,290,174.0,167.125,136.0,202.0,66.0,0.9519093842117395,66.0,15.877952481349729,0.0165,0.12849981042031905,4.374916035500642,0.013257321319698916,0.005235501613164568,0.9762022653947066,flat,low,202.0,2.1964417543460018
5765,SAGBAYAN (BORJA),BOHOL,9.913182,124.0932027,290,270.0,265.125,248.0,292.0,44.0,0.7545716022793952,44.0,13.476252260921802,0.011,0.09057083786784045,3.6676895943292855,0.016671316337860387,0.002766762541691116,0.9811357099430151,flat,mid,292.0,1.994248659449852
5766,SAN ISIDRO,BOHOL,9.8595624,123.9562221,290,239.0,222.8125,161.0,271.0,110.0,1.6046944663549865,110.0,26.180189910502943,0.0275,0.2139479964612767,16.38752434846635,0.029795498815393368,0.014709699274920707,0.9598826383411253,flat,mid,271.0,1.8406091905413946
5767,SAN MIGUEL,BOHOL,9.9863216,124.3385695,290,30.0,30.4375,20.0,51.0,31.0,0.6007254648067277,31.0,9.578418123573433,0.00775,0.06452757198182345,0.2361758422444575,0.0015237151112545645,0.0015518741174173798,0.9849818633798318,flat,low,51.0,2.1467530011704814
5768,SEVILLA,BOHOL,9.7032416,124.0457161,290,61.0,111.0625,59.0,172.0,113.0,2.0884598656806768,113.0,29.75833654205154,0.02825,0.22745180588077463,10.920959101264208,0.019329131152680014,0.019666330401826373,0.947788503357983,flat,low,172.0,2.047745439875099
5769,SIERRA BULLONES,BOHOL,9.8078938,124.2913422,290,177.0,183.0625,158.0,271.0,113.0,1.3513443931498206,113.0,25.883075430674772,0.02825,0.2158350306809606,11.647497739884066,0.02061504024758242,0.01272515970216081,0.9662163901712545,flat,low,271.0,3.397490257216208
5770,SIKATUNA,BOHOL,9.6878902,123.9740416,290,107.0,111.8125,81.0,211.0,130.0,1.7649610723766886,130.0,28.408226691400504,0.0325,0.24832104497183005,10.689505119860584,0.016445392492093206,0.019120411617414127,0.9558759731905828,flat,low,211.0,3.491506090329781
5771,TAGBILARAN CITY,BOHOL,9.6272084,123.8788215,290,33.0,38.3,3.0,87.0,84.0,1.9154738492212786,84.0,26.004038147949252,0.021,0.17743244704461852,2.5676926948811234,0.006113554035431247,0.013408316944548951,0.952113153769468,flat,low,87.0,1.872785982320774
5772,TALIBON,BOHOL,10.1508224,124.3267808,290,,10.8,3.0,19.0,16.0,0.40351420356895257,16.0,5.362835071116769,0.004,0.03468119604271736,0.029053022656964585,0.0003631627832120573,0.0005380189380919367,0.9899121449107762,flat,low,19.0,1.5290417031696464
5773,TRINIDAD,BOHOL,10.0792217,124.3430533,290,6.0,8.0625,3.0,16.0,13.0,0.22345364297546672,13.0,3.715991624048687,0.00325,0.026409874874766915,0.00975863956431921,0.0001501329163741417,0.00024207477989008895,0.9944136589256133,flat,low,16.0,2.1360376090714226
5774,TUBIGON,BOHOL,9.9515287,123.9618897,290,2.0,13.933333333333334,-3.0,59.0,62.0,1.1016970762469895,62.0,19.309640654922145,0.0155,0.12838603695705736,0.3965497420557914,0.0012791927163090045,0.005692101560609446,0.9724575730938253,flat,low,59.0,2.33389451094132
5775,UBAY,BOHOL,10.0540129,124.4740811,290,8.0,9.923076923076923,1.0,23.0,22.0,0.425553885855341,22.0,7.076086907123157,0.0055,0.04615837904406511,0.03870903615568775,0.00035190032868807046,0.0007801821240681252,0.9893611528536165,flat,low,23.0,1.8480441804233618
5776,VALENCIA,BOHOL,9.6081688,124.2078576,290,,40.0,15.0,79.0,64.0,1.5067199320847073,64.0,21.988633427296023,0.016,0.13850197730880257,1.6071679275570214,0.005022399773615692,0.008035839637785107,0.9623320016978824,flat,low,79.0,1.7736435670414614
5777,ALCANTARA,CEBU,9.970227,123.4029243,291,12.0,18.4,4.0,49.0,45.0,0.8887799254579082,45.0,15.503977984160496,0.01125,0.09594879499330403,0.3066290742829783,0.0013627958857021258,0.0033329247204671557,0.9777805018635523,flat,low,49.0,1.9736868858802132
5778,ALCOY,CEBU,9.7087266,123.5073652,291,50.0,106.25,29.0,244.0,215.0,5.164080187735394,215.0,71.6567338077867,0.05375,0.4632280133864003,49.1528986619085,0.04572362666224047,0.09252310336359247,0.8708979953066152,gentle,low,244.0,1.9223594316640726
5779,ALEGRIA,CEBU,9.7293873,123.3396747,291,22.0,126.15384615384616,3.0,403.0,400.0,7.142402472050682,400.0,112.36810809111424,0.1,0.6623201657519292,150.1735904379887,0.07508679521899435,0.17856006180126704,0.821439938198733,gentle,low,403.0,2.463743103674297
5780,ALOGUINSAN,CEBU,10.2225279,123.5485072,291,8.0,14.857142857142858,-1.0,34.0,35.0,0.9818247593762115,35.0,13.130428906372636,0.00875,0.07859820518637203,0.21272869786484586,0.0012155925592276906,0.002863655548180617,0.9754543810155947,flat,low,34.0,1.457900257596781
5781,ARGAO,CEBU,9.8813917,123.6085598,291,3.0,12.666666666666666,3.0,47.0,44.0,0.8377645435457345,44.0,12.797569213634977,0.011,0.09039386537420516,0.19454754400117613,0.0008843070181871643,0.00307180332633436,0.9790558864113567,flat,low,47.0,2.6828009348800763
5782,ASTURIAS,CEBU,10.5677403,123.7160037,291,0.0,7.857142857142857,0.0,41.0,41.0,0.6643342686906285,41.0,11.375770886639117,0.01025,0.08248061936656181,0.08917105808912901,0.0004349807711664829,0.002269808751359647,0.9833916432827343,flat,low,41.0,2.913460068743427
5783,BADIAN,CEBU,9.870125,123.3989791,291,13.0,43.733333333333334,3.0,132.0,129.0,2.0703107878933755,129.0,35.16336477389816,0.03225,0.2584997057592646,4.866610558741361,0.007545132649211413,0.022255840969853787,0.9482422303026656,flat,low,132.0,2.5101882235683823
5784,BALAMBAN,CEBU,10.504834,123.713133,291,2.0,17.923076923076923,2.0,106.0,104.0,1.4569869443543586,104.0,26.479198042880434,0.026,0.20405423315360788,1.131593193448552,0.0021761407566318306,0.012627220184404443,0.9635753263911411,flat,low,106.0,3.326268401634477
5785,BANTAYAN,CEBU,11.1666905,123.7188816,291,5.0,6.6,1.0,17.0,16.0,0.34718881471850305,16.0,5.351635264103861,0.004,0.034173415814258715,0.015276307847614133,0.00019095384809517666,0.0004629184196246707,0.9913202796320374,flat,low,17.0,1.9433308780266092
5786,BARILI,CEBU,10.116537,123.5093986,291,16.0,50.375,10.0,151.0,141.0,2.9347500004385934,141.0,38.19829021042696,0.03525,0.2881101161177403,8.685484337235533,0.012319835939341179,0.03448331250515347,0.9266312499890351,flat,low,151.0,2.634280142158099
5787,BOGO CITY,CEBU,11.0512735,124.0035064,291,1.0,18.125,1.0,83.0,82.0,1.0479361621340004,82.0,20.484369040807675,0.0205,0.15948193347308276,0.6489563004048576,0.0015828202448898965,0.007160897107915669,0.97380159594665,flat,low,83.0,3.167048821650854
5788,BOLJOON,CEBU,9.6289389,123.4800179,291,47.0,155.66666666666666,21.0,353.0,332.0,7.144036654393665,332.0,107.49883720301351,0.083,0.655842103663296,153.8388915338627,0.09267403104449559,0.17860091635984163,0.8213990836401583,gentle,low,353.0,1.835678753668628
5789,BORBON,CEBU,10.8379222,124.0305935,291,17.0,54.2,12.0,116.0,104.0,2.3439057881911247,104.0,36.237549586030234,0.026,0.224825908428046,5.505053394531555,0.010586641143329913,0.02031385016432308,0.9414023552952219,flat,low,116.0,1.705413279887196
5790,CARCAR CITY,CEBU,10.1055552,123.6406685,291,16.0,33.5625,5.0,95.0,90.0,1.6041413069137516,90.0,25.717136188736102,0.0225,0.18332575135381013,2.01896222299848,0.004486582717774399,0.012031059801853138,0.9598964673271562,flat,low,95.0,2.3889711964871863
5791,CARMEN,CEBU,10.5873302,124.0180859,291,3.0,36.57142857142857,4.0,100.0,96.0,1.9912155427236953,96.0,32.56798227381849,0.024,0.20484711236392367,2.9128638796415194,0.006068466415919833,0.01592972434178956,0.9502196114319076,flat,low,100.0,1.9475744290117554
5792,CATMON,CEBU,10.723822,124.0137974,291,12.0,29.714285714285715,8.0,71.0,63.0,1.5342416845452735,63.0,20.260547769454984,0.01575,0.13493867843237778,1.1967085139453135,0.0037990746474454396,0.008054768843862687,0.9616439578863681,flat,low,71.0,2.0377391923340724
5793,CEBU CITY,CEBU,10.3285605,123.9008849,291,40.0,51.0,6.0,146.0,140.0,2.2143504348978205,140.0,40.1777301499226,0.035,0.28294587317191944,6.587692543821016,0.009410989348315737,0.02583408840714124,0.9446412391275545,flat,low,146.0,2.364493894528512
5794,COMPOSTELA,CEBU,10.4537864,124.0127027,291,10.0,31.666666666666668,9.0,77.0,68.0,1.6742886018483756,68.0,22.51419305435771,0.017,0.1466689493386502,1.5022089399917369,0.004418261588210991,0.009487635410474126,0.9581427849537906,flat,low,77.0,2.013544576540544
5795,CONSOLACION,CEBU,10.3757788,123.9569898,291,29.0,23.6875,0.0,90.0,90.0,1.1840045814465885,90.0,22.320726774681866,0.0225,0.17512100912056683,1.0517290696131025,0.002337175710251339,0.008880034360849413,0.9703998854638353,flat,low,90.0,2.9708932732568636
5796,CORDOBA,CEBU,10.4018776,123.9165523,291,77.0,113.25,56.0,283.0,227.0,3.3112059874089272,227.0,54.138133510493326,0.05675,0.4416572304038192,35.46818988450494,0.03124950650617175,0.06263697992848555,0.9172198503147768,gentle,low,283.0,3.1354977694530315
5797,DAANBANTAYAN,CEBU,11.2503512,123.999128,291,4.0,6.071428571428571,0.0,16.0,16.0,0.22867085035881987,16.0,3.8630906522828456,0.004,0.0311516574770168,0.00925572489547604,0.00011569656119345051,0.00030489446714509317,0.9942832287410295,flat,low,16.0,2.570110243877922
5798,DALAGUETE,CEBU,9.7619073,123.5334094,291,8.0,51.75,8.0,154.0,146.0,3.596612057454612,146.0,48.93809865534214,0.0365,0.31572115370985077,11.322584333374301,0.015510389497773015,0.043758780032364455,0.9100846985636347,gentle,low,154.0,2.089374142439515
5799,DANAO CITY,CEBU,10.5201964,124.0306462,291,5.0,13.0,2.0,39.0,37.0,0.7174148313685227,37.0,11.180339887498949,0.00925,0.07668449962447317,0.14378188912010811,0.000777199400649233,0.0022120290633862783,0.982064629215787,flat,low,39.0,2.3255104885998
5800,DUMANJUG,CEBU,10.0584038,123.4351815,291,6.0,19.6,1.0,57.0,56.0,0.9400709071284081,56.0,17.098927841631866,0.014,0.11502419089288274,0.4299257615267254,0.0015354491483097336,0.004386997566599238,0.9764982273217898,flat,low,57.0,2.187271515449541
5801,GINATILAN,CEBU,9.5698839,123.312431,291,16.0,131.8181818181818,-6.0,400.0,406.0,7.71311910528517,406.0,124.5528863077982,0.1015,0.6835603072483095,171.99671277580984,0.0847274447171477,0.19282797763212925,0.8071720223678708,gentle,low,400.0,2.153156173080762
5802,LAPU-LAPU CITY (OPON),CEBU,10.3090775,123.9475729,291,2.0,3.1333333333333333,0.0,7.0,7.0,0.18060099005541494,7.0,2.124983660067897,0.00175,0.014913570209742079,0.0016504923813397642,4.715692518113612e-05,0.00010535057753232539,0.9954849752486147,flat,low,7.0,1.81962097860185
5803,LILOAN,CEBU,10.3998487,123.998762,291,4.0,11.636363636363637,4.0,26.0,22.0,0.4851539710699116,22.0,6.8791216045064045,0.0055,0.046417259386203606,0.0517497569141239,0.00047045233558294457,0.0008894489469615046,0.9878711507232522,flat,low,26.0,2.0880041234076816
5804,MADRIDEJOS,CEBU,11.2962076,123.7329261,291,4.0,3.6666666666666665,0.0,8.0,8.0,0.1900458347801595,8.0,2.70801280154532,0.002,0.017273584789720155,0.0023227824250908378,5.806956062727095e-05,0.000126697223186773,0.995248854130496,flat,low,8.0,1.600188791822453
5805,MALABUYOC,CEBU,9.6506355,123.3244023,291,,108.63636363636364,-2.0,316.0,318.0,6.324204857459444,318.0,91.36865657849346,0.0795,0.6271616679407613,91.03261696527133,0.05725321821715178,0.15810512143648608,0.8418948785635139,gentle,low,316.0,2.269527011333108
5806,MANDAUE CITY,CEBU,10.3350999,123.94397,291,13.0,10.066666666666666,1.0,23.0,22.0,0.39008341589613743,22.0,6.607739569794063,0.0055,0.04522354931548329,0.03599603076686024,0.00032723664333509305,0.0007151529291429186,0.9902479146025965,flat,low,23.0,1.9573004110444991
5807,MEDELLIN,CEBU,11.1283811,123.9615625,291,8.0,8.916666666666666,0.0,18.0,18.0,0.42821546332911065,18.0,5.894324011755339,0.0045,0.038605983986470166,0.02863690911013427,0.00031818787900149187,0.0006423231949936659,0.9892946134167723,flat,low,18.0,1.5410302817062174
5808,MINGLANILLA,CEBU,10.2460294,123.7960578,291,20.0,70.2,5.0,198.0,193.0,3.6594128799769168,193.0,62.70853211485659,0.04825,0.4051312388529401,20.65830056068969,0.021407565347864962,0.05885555715296207,0.9085146780005771,gentle,low,198.0,2.038000151684656
5809,MOALBOAL,CEBU,9.9372185,123.3921896,291,11.0,15.333333333333334,3.0,32.0,29.0,0.7180818486602619,29.0,8.825468196582484,0.00725,0.06155050710455393,0.13304460918233185,0.000917549028843668,0.0017353644675956329,0.9820479537834934,flat,low,32.0,1.8884737225212405
5810,NAGA CITY,CEBU,10.2084724,123.7590963,291,6.0,49.111111111111114,6.0,194.0,188.0,3.8255895098208095,188.0,58.922631842186725,0.047,0.3940374173338478,14.717184532781019,0.01565657929019257,0.05993423565385935,0.9043602622544797,gentle,low,194.0,2.458968343742323
5811,OSLOB,CEBU,9.5204466,123.4335205,291,4.0,59.0,4.0,201.0,197.0,4.689657164522712,197.0,61.94957626973731,0.04925,0.4191339352158901,22.711618843019785,0.023057481058903335,0.07698853845091452,0.8827585708869322,gentle,low,201.0,2.2921867470008994
5812,PILAR,CEBU,10.8066721,124.5651739,291,11.0,11.428571428571429,0.0,50.0,50.0,1.1490387213038435,50.0,16.16749068662298,0.0125,0.10661074306023928,0.2735806479294866,0.0010943225917179463,0.004787661338766015,0.9712740319674039,flat,low,50.0,2.385739811658147
5813,PINAMUNGAHAN,CEBU,10.2699726,123.5840189,291,13.0,14.428571428571429,-2.0,50.0,52.0,0.9683763668989788,52.0,14.903088297944374,0.013,0.10634407760762524,0.30273289755675215,0.0011643572982952006,0.004196297589895575,0.9757905908275255,flat,low,50.0,2.386849320988437
5814,PORO,CEBU,10.628765,124.4073439,291,,69.83333333333333,9.0,204.0,195.0,5.536404633344939,195.0,67.96915149945272,0.04875,0.4315690758743719,31.413329206072795,0.032218799185715685,0.08996657529185527,0.8615898841663765,gentle,low,204.0,1.9739346708456749
5815,RONDA,CEBU,10.0012191,123.4092523,291,12.0,21.75,2.0,54.0,52.0,0.8964413176480907,52.0,16.335671601335118,0.013,0.10762475699786761,0.42244797094166275,0.0016247998882371643,0.0038845790431417263,0.9775889670587977,flat,low,54.0,1.9742070490176327
5816,SAMBOAN,CEBU,9.5289902,123.3071174,291,29.0,106.0,0.0,255.0,255.0,5.19461667000859,255.0,88.33944273571768,0.06375,0.5457388195101988,58.504370245971735,0.04588578058507587,0.11038560423768252,0.8701345832497853,gentle,low,255.0,1.6866757781015533
5817,SAN FERNANDO,CEBU,10.1629017,123.7073793,291,27.0,64.16666666666667,6.0,208.0,202.0,3.7423715885651263,202.0,58.37926762891848,0.0505,0.4135847749051695,20.21140544741041,0.020011292522188525,0.06299658840751296,0.9064407102858718,gentle,low,208.0,2.4637741566718554
5818,SAN FRANCISCO,CEBU,10.6459183,124.3817679,291,18.0,16.0,-4.0,51.0,55.0,0.8455402644480672,55.0,13.744929134887416,0.01375,0.10822504949377046,0.3100314302976247,0.0011273870192640898,0.003875392878720308,0.9788614933887984,flat,low,51.0,2.546393445184775
5819,SAN REMIGIO,CEBU,11.0835479,123.9366262,291,15.0,8.166666666666666,0.0,22.0,22.0,0.39811159337843427,22.0,6.86577664134866,0.0055,0.04563784529719284,0.029803076226524453,0.00027093705660476776,0.0007298712545271295,0.9900472101655391,flat,low,22.0,2.014823965463586
5820,SANTA FE,CEBU,11.1537949,123.8068632,291,7.0,8.333333333333334,7.0,10.0,3.0,0.08846006024550747,3.0,1.247219128924647,0.00075,0.006936984365714388,0.0009214589608907029,6.143059739271353e-05,2.2115015061376866e-05,0.9977884984938623,flat,low,10.0,1.3363051381344093
5821,SANTANDER,CEBU,9.4170689,123.3351935,291,51.0,64.1,7.0,124.0,117.0,2.968875637814958,117.0,40.80061274049692,0.02925,0.25587847881821013,9.277365258717015,0.015858744031994897,0.02894653746869584,0.9257781090546261,flat,low,124.0,1.4681151705457278
5822,SIBONGA,CEBU,10.0173783,123.6204663,291,5.0,71.0,18.0,130.0,112.0,2.968427144010948,112.0,38.023019343550295,0.028,0.24467109663482955,9.835388603822942,0.01756319393539811,0.027705320010768853,0.9257893213997263,flat,low,130.0,1.5516915665014486
5823,SOGOD,CEBU,10.7471948,124.0044727,291,20.0,114.125,64.0,167.0,103.0,2.964583160141766,103.0,36.029284963762464,0.02575,0.2284791492695904,14.52012686440477,0.02819442109593159,0.025446005457883492,0.9258854209964559,flat,low,167.0,1.4675561445536451
5824,TABOGON,CEBU,10.9398633,124.0277378,291,22.0,67.84615384615384,14.0,138.0,124.0,2.0497001792447063,124.0,39.07162289918774,0.031,0.2560303737673082,7.184987474475481,0.011588689474960452,0.02118023518552863,0.9487574955188823,flat,low,138.0,1.7955190788807884
5825,TABUELAN,CEBU,10.822884,123.8723508,291,19.0,32.3125,3.0,89.0,86.0,1.6206534758665838,86.0,28.481833574227625,0.0215,0.1811564960128028,1.8764972615619804,0.004363947119911582,0.011614683243710518,0.9594836631033354,flat,low,89.0,1.990303674163421
5826,TALISAY CITY,CEBU,10.2430205,123.8488245,291,5.0,5.625,2.0,11.0,9.0,0.21105806678463845,9.0,2.7810744326608736,0.00225,0.019054857327913417,0.004452006096238467,9.893346880529928e-05,0.00015829355008847883,0.994723548330384,flat,low,11.0,1.932705577445382
5827,TOLEDO CITY,CEBU,10.3749385,123.6344069,291,11.0,11.8,-7.0,76.0,83.0,1.200513177181518,83.0,22.030887408363743,0.02075,0.1643790068448233,0.48990941905482455,0.0011805046242284929,0.0083035494755055,0.969987170570462,flat,low,76.0,2.9140903811953085
5828,TUBURAN,CEBU,10.7285353,123.8254215,291,2.0,16.5,0.0,58.0,58.0,1.0343009781047088,58.0,17.049298267922097,0.0145,0.118782531248979,0.4124275150192527,0.0014221638448939746,0.004999121394172759,0.9741424755473823,flat,low,58.0,2.4341176342702475
5829,TUDELA,CEBU,10.6362844,124.4700002,291,15.0,87.75,7.0,223.0,216.0,4.25164081074819,216.0,63.30432449683039,0.054,0.44560762308982055,33.57733330288382,0.031090123428596135,0.07652953459346741,0.8937089797312953,gentle,low,223.0,2.1365048744855812
5831,AYUNGON,NEGROS ORIENTAL,9.8584222,123.1435234,292,4.0,46.81818181818182,4.0,189.0,185.0,3.210979849707864,185.0,52.41585149173202,0.04625,0.3754838756739199,11.588110044731694,0.012527686534845076,0.049502606016329574,0.9197255037573034,gentle,low,189.0,2.7125728462442864
5832,BACONG,NEGROS ORIENTAL,9.2452115,123.2951117,292,16.0,35.09090909090909,11.0,67.0,56.0,1.2001860934141602,56.0,18.168176700706628,0.014,0.11872586391831608,0.9826978255772912,0.0035096350913474688,0.0056008684359327475,0.969995347664646,flat,low,67.0,1.7563176359646593
5833,BAIS CITY,NEGROS ORIENTAL,9.5880256,123.1151142,292,13.0,10.2,5.0,19.0,14.0,0.2861542278532847,14.0,4.888080741286229,0.0035,0.03002129048209788,0.01702617655727044,0.00024323109367529197,0.0003338465991621655,0.9928461443036679,flat,low,19.0,1.8002972261434411
5834,BASAY,NEGROS ORIENTAL,9.4079168,122.640498,292,,52.25,13.0,102.0,89.0,3.1654666122163837,89.0,35.636182455476344,0.02225,0.2087127427975285,6.133421297274682,0.013782969207358838,0.023477210707271514,0.9208633346945904,gentle,low,102.0,1.3960529769456762
5835,BAYAWAN CITY (TULONG),NEGROS ORIENTAL,9.3634468,122.805759,292,9.0,9.818181818181818,7.0,21.0,14.0,0.2119860205504402,14.0,3.712832337574934,0.0035,0.02780532079658293,0.01214101754061612,0.00017344310772308743,0.00024731702397551357,0.994700349486239,flat,low,21.0,3.0116671461266487
5836,BINDOY (PAYABON),NEGROS ORIENTAL,9.7617973,123.142011,292,9.0,43.0,3.0,137.0,134.0,2.298552396904209,134.0,36.74623401500777,0.0335,0.2701073121595889,5.518441212900855,0.008236479422240083,0.025667168432097,0.9425361900773948,flat,low,137.0,2.5580852014256386
5837,CANLAON CITY,NEGROS ORIENTAL,10.386953,123.2186238,292,487.0,485.625,393.0,672.0,279.0,4.518007811663326,279.0,80.46340394862747,0.06975,0.5653171069502241,157.5655224317585,0.11295019529158315,0.10504368162117234,0.8870498047084169,gentle,mid,672.0,2.3162703606564086
5838,DAUIN,NEGROS ORIENTAL,9.1897165,123.26577,292,16.0,43.2,13.0,103.0,90.0,2.0332415231065455,90.0,29.057873287630667,0.0225,0.1915346943773565,3.2938512674326037,0.007319669483183564,0.01524931142329909,0.9491689619223364,flat,low,103.0,2.0579619626703254
5839,DUMAGUETE CITY,NEGROS ORIENTAL,9.3054777,123.3080446,292,11.0,13.181818181818182,7.0,20.0,13.0,0.29737037849917813,13.0,4.195629366987028,0.00325,0.027696163301183845,0.02123269558602086,0.00032665685516955175,0.00032215124337410967,0.9925657405375206,flat,low,20.0,1.6250673252415466
5840,GUIHULNGAN CITY,NEGROS ORIENTAL,10.1195972,123.273871,292,8.0,26.333333333333332,4.0,54.0,50.0,1.4991493410346526,50.0,19.384988464731617,0.0125,0.11396420802036203,0.8224499857065108,0.0032897999428260433,0.006246455587644386,0.9625212664741337,flat,low,54.0,1.4272211350438158
5841,JIMALALUD,NEGROS ORIENTAL,9.9791298,123.2004503,292,,40.5,10.0,86.0,76.0,1.8407526201480358,76.0,24.442790348076056,0.019,0.1626969725570634,2.360765235339856,0.006212540092999621,0.011658099927604226,0.9539811844962991,flat,low,86.0,1.8614895227005814
5842,LA LIBERTAD,NEGROS ORIENTAL,10.0259479,123.2347866,292,,34.44444444444444,10.0,90.0,80.0,1.982803147005881,80.0,24.92259622248725,0.02,0.17057965583295112,2.2765517613771227,0.005691379403442807,0.013218687646705873,0.9504299213248529,flat,low,90.0,2.229123837279234
5843,MABINAY,NEGROS ORIENTAL,9.7355043,122.926378,292,105.0,128.25,98.0,166.0,68.0,1.1308450830835128,68.0,19.926427175989176,0.017,0.1384634640449663,4.109208320654715,0.012085906825455043,0.006408122137473239,0.9717288729229122,flat,low,166.0,1.8944689769081526
5844,MANJUYOD,NEGROS ORIENTAL,9.6788502,123.1488063,292,12.0,70.44444444444444,6.0,258.0,252.0,4.828419453804009,252.0,79.90287313859538,0.063,0.5267858344055789,35.71420922663699,0.02834461049733094,0.10139680852988418,0.8792895136548998,gentle,low,258.0,2.3472942316221492
5845,PAMPLONA,NEGROS ORIENTAL,9.4733221,123.1211272,292,34.0,30.9375,17.0,57.0,40.0,0.7063295259699442,40.0,10.962827817219424,0.01,0.08079748710852958,0.36420116182825246,0.0018210058091412623,0.0023544317532331474,0.9823417618507514,flat,low,57.0,2.377351725045946
5846,SAN JOSE,NEGROS ORIENTAL,9.4141533,123.241848,292,9.0,36.54545454545455,9.0,84.0,75.0,1.7531650148694389,75.0,24.077011428722688,0.01875,0.1599428757850712,2.002194136299757,0.005339184363466019,0.010957281342933993,0.956170874628264,flat,low,84.0,1.9709482476295324
5847,SANTA CATALINA,NEGROS ORIENTAL,9.3330937,122.8631365,292,,13.454545454545455,7.0,31.0,24.0,0.49600501316030354,24.0,7.024161371666131,0.006,0.0497055923607075,0.0667352199524772,0.00055612683293731,0.0009920100263206071,0.9875998746709924,flat,low,31.0,2.4978714353513394
5848,SIATON,NEGROS ORIENTAL,9.0627498,123.0337961,292,11.0,16.428571428571427,6.0,37.0,31.0,0.5694597695176766,31.0,8.474451399979367,0.00775,0.0627820415165855,0.12084071894824507,0.000779617541601581,0.0014711044045873313,0.9857635057620581,flat,low,37.0,2.4274640531910547
5849,SIBULAN,NEGROS ORIENTAL,9.3589133,123.2853598,292,18.0,12.846153846153847,6.0,23.0,17.0,0.30649048661584427,17.0,4.785332619998705,0.00425,0.03456223525122024,0.02788866959943532,0.0003281019952874743,0.0004341948560391127,0.9923377378346039,flat,low,23.0,2.121867974139053
5850,TANJAY CITY,NEGROS ORIENTAL,9.5164507,123.1566353,292,12.0,6.6875,1.0,12.0,11.0,0.227161446828259,11.0,3.0967472854593736,0.00275,0.022616659040359765,0.006962734971793252,0.00012659518130533185,0.00020823132625923742,0.9943209638292936,flat,low,12.0,1.7155091438799135
5851,TAYASAN,NEGROS ORIENTAL,9.9225873,123.1715067,292,11.0,34.7,7.0,108.0,101.0,2.4539637884296837,101.0,33.445627516911685,0.02525,0.21756635317130865,3.5835028705456304,0.00709604528820917,0.02065419521928317,0.9386509052892579,flat,low,108.0,2.1916167598087166
5852,VALENCIA (LUZURRIAGA),NEGROS ORIENTAL,9.2823357,123.2432943,292,214.0,232.25,133.0,372.0,239.0,3.909631967910025,239.0,69.00045289706438,0.05975,0.4847098835819652,90.42286411114902,0.0756676687122586,0.07786683669420799,0.9022592008022494,gentle,mid,372.0,2.0253489956527035
5853,VALLEHERMOSO,NEGROS ORIENTAL,10.3354066,123.3266886,292,2.0,80.0,2.0,208.0,206.0,3.2469659571291127,206.0,59.12544445345153,0.0515,0.41624487806281507,22.295832905619903,0.021646439714194082,0.055739582264049764,0.9188258510717722,gentle,low,208.0,2.1648885521001655
5854,ZAMBOANGUITA,NEGROS ORIENTAL,9.1004649,123.1994244,292,17.0,16.1,4.0,46.0,42.0,0.7601488554302932,42.0,12.324366109459747,0.0105,0.08608379063096142,0.21417194001748513,0.0010198663810356435,0.0026605209940060263,0.9809962786142427,flat,low,46.0,2.4260880688185456
5855,ENRIQUE VILLANUEVA,SIQUIJOR,9.2762125,123.6471289,293,6.0,38.25,5.0,101.0,96.0,2.6157723760837617,96.0,32.99147617188415,0.024,0.21087664318657845,4.002131735408155,0.00833777444876699,0.020926179008670092,0.934605690597906,flat,low,101.0,1.9020063779828726
5856,LARENA,SIQUIJOR,9.2488946,123.5910019,293,24.0,57.06666666666667,0.0,156.0,156.0,3.476744977030214,156.0,50.70761503188867,0.039,0.332031671924866,12.896406034797408,0.016533853890765907,0.04519768470139278,0.9130813755742446,gentle,low,156.0,1.9510547147615223
5857,LAZI,SIQUIJOR,9.1284365,123.6338696,293,22.0,53.416666666666664,2.0,123.0,121.0,2.877608539172034,121.0,42.605669288905155,0.03025,0.26348663376962883,7.749659580094518,0.012809354677842178,0.029015886103318008,0.9280597865206992,flat,low,123.0,1.6331941936717607
5858,MARIA,SIQUIJOR,9.1962369,123.6551893,293,17.0,67.66666666666667,4.0,181.0,177.0,4.0055222463867475,177.0,53.71736735503292,0.04425,0.37217147612926127,19.98922497707253,0.022586694889347492,0.05908145313420452,0.8998619438403314,gentle,low,181.0,2.109807997001678
5859,SAN JUAN,SIQUIJOR,9.1583523,123.4934406,293,42.0,40.8,10.0,102.0,92.0,2.179744390191412,92.0,30.824665448306167,0.023,0.19817231734524973,3.4091202262593683,0.0074111309266508005,0.016711373658134156,0.9455063902452147,flat,low,102.0,1.9854229437529882
5860,SIQUIJOR,SIQUIJOR,9.2155864,123.5138212,293,14.0,50.4,-2.0,235.0,237.0,3.6452623319327384,237.0,72.59550031969383,0.05925,0.48419004583066994,18.142470626029237,0.015310101794117499,0.07199393105567158,0.9088684417016816,gentle,low,235.0,2.542857293416354
5861,ALMERIA,BILIRAN,11.620278,124.381667,294,13.0,68.3076923076923,2.0,232.0,230.0,4.402891602894456,230.0,70.8914496475851,0.0575,0.4780472343887733,28.82200580048601,0.025062613739553055,0.08438875572214373,0.8899277099276386,gentle,low,232.0,2.309055692851502
5862,BILIRAN,BILIRAN,11.4665736,124.4740971,294,0.0,22.2,0.0,61.0,61.0,1.1871265028551723,61.0,19.507947098554475,0.01525,0.12789795303138873,0.6698361292360309,0.0021961840302820684,0.006034559722847126,0.9703218374286207,flat,low,61.0,1.9889329110361458
5863,CABUCGAYAN,BILIRAN,11.4729535,124.5749974,294,,57.125,9.0,133.0,124.0,3.2314895187571415,124.0,42.54831812187175,0.031,0.27100662411828735,9.537606669215089,0.015383236563250142,0.03339205836049046,0.9192127620310715,gentle,low,133.0,1.7832666851696344
5864,CAIBIRAN,BILIRAN,11.5723202,124.5813362,294,6.0,21.2,0.0,77.0,77.0,1.7989414792660505,77.0,27.180139808323283,0.01925,0.16748092435467565,1.2235800294807921,0.003178129946703356,0.01154320782529049,0.9550264630183487,flat,low,77.0,2.052969496865614
5865,CULABA,BILIRAN,11.6555955,124.540621,294,26.0,48.1,3.0,159.0,156.0,3.003150288205444,156.0,48.74720504808455,0.039,0.32527383841924373,9.38934937607432,0.012037627405223487,0.03904095374667077,0.9249212427948639,gentle,low,159.0,2.2750021794194226
5866,KAWAYAN,BILIRAN,11.6799506,124.357023,294,38.0,44.23076923076923,0.0,187.0,187.0,3.071024819922328,187.0,54.74297123291979,0.04675,0.3803620954848801,10.583716146222702,0.011319482509329093,0.047856803443789606,0.9232243795019418,gentle,low,187.0,2.607991947565029
5867,MARIPIPI,BILIRAN,11.7765231,124.3485946,294,65.0,161.4,65.0,320.0,255.0,7.734432490583797,255.0,94.1267230917979,0.06375,0.5756785817483387,132.63584917289887,0.10402811699835207,0.16435669042490567,0.8066391877354051,gentle,low,320.0,1.684962496361012
5868,NAVAL,BILIRAN,11.56179,124.3965267,294,6.0,12.636363636363637,1.0,55.0,54.0,0.8610774683119705,54.0,15.071180971236744,0.0135,0.10862933580937874,0.24481998019506251,0.0009067406673891205,0.0038748486074038674,0.9784730632922007,flat,low,55.0,2.810903381333136
5869,ARTECHE,EASTERN SAMAR,12.2695499,125.371313,295,2.0,30.583333333333332,2.0,64.0,62.0,1.3224566598177032,62.0,19.551037198971198,0.0155,0.13063954537203315,1.0448325985240283,0.0033704277371742848,0.0068326927423914665,0.9669385835045574,flat,low,64.0,1.7092016457941912
5870,BALANGIGA,EASTERN SAMAR,11.1074484,125.387454,295,,17.454545454545453,3.0,56.0,53.0,1.2418322569678217,53.0,17.057995386667518,0.01325,0.11311002609735846,0.47866988814032396,0.0018063014646804677,0.005484759134941212,0.9689541935758045,flat,low,56.0,2.259670694711928
5871,BALANGKAYAN,EASTERN SAMAR,11.4730301,125.5107176,295,,19.4,7.0,44.0,37.0,0.8144789031669657,37.0,11.79152237838694,0.00925,0.0783487202405602,0.2435970652888533,0.001316740893453261,0.0025113099514314776,0.9796380274208258,flat,low,44.0,2.0862444325972445
5872,BORONGAN CITY,EASTERN SAMAR,11.6079854,125.4322433,295,15.0,15.8125,-2.0,63.0,65.0,0.9655679105994693,65.0,17.529328103210347,0.01625,0.12932115668869248,0.4135094867137572,0.001272336882196176,0.005230159515747126,0.9758608022350133,flat,low,63.0,2.691917056389683
5873,CAN-AVID,EASTERN SAMAR,11.9968852,125.4485155,295,7.0,9.692307692307692,6.0,16.0,10.0,0.20223514191261208,10.0,2.9452599567810225,0.0025,0.020696570767443384,0.008167188423393949,0.00016334376846787897,0.0001685292849271767,0.9949441214521847,flat,low,16.0,2.141641233239381
5874,DOLORES,EASTERN SAMAR,12.0374468,125.4831175,295,8.0,13.9,2.0,30.0,28.0,0.6529645755839593,28.0,8.711486669908874,0.007,0.059328755596238146,0.1058890886738654,0.0007563506333847529,0.001523584009695905,0.983675885610401,flat,low,30.0,1.8481343956454703
5875,GENERAL MACARTHUR,EASTERN SAMAR,11.2453437,125.5397546,295,5.0,18.75,5.0,63.0,58.0,1.3250921149910733,58.0,18.91262805640718,0.0145,0.1238113934147148,0.6004323646053301,0.002070456429673552,0.006404611889123521,0.9668726971252232,flat,low,63.0,2.339706439967905
5876,GIPORLOS,EASTERN SAMAR,11.1210881,125.4489009,295,9.0,32.083333333333336,3.0,129.0,126.0,2.0773892484626884,126.0,33.742797585394264,0.0315,0.25216755270457425,3.4991025153793407,0.005554130976792604,0.021812587108858226,0.9480652687884328,flat,low,129.0,2.8722177984554462
5877,GUIUAN,EASTERN SAMAR,11.0306685,125.7236686,295,,11.2,5.0,27.0,22.0,0.447861384163978,22.0,6.415605972938176,0.0055,0.045472928408685706,0.04598043544083507,0.0004180039585530461,0.0008210792043006264,0.9888034653959006,flat,low,27.0,2.4627443773669984
5878,HERNANI,EASTERN SAMAR,11.3232473,125.6190691,295,,23.0,4.0,56.0,52.0,1.0142774151340463,52.0,14.352700094407323,0.013,0.10601186084163267,0.5054482452084664,0.0019440317123402555,0.004395202132247535,0.9746430646216488,flat,low,56.0,2.299218786968175
5879,JIPAPAD,EASTERN SAMAR,12.2860714,125.2352904,295,27.0,41.5625,20.0,65.0,45.0,1.1653389597497963,45.0,14.637147732738097,0.01125,0.09721291287479485,0.908145009648767,0.004036200042883409,0.004370021099061735,0.9708665260062551,flat,low,65.0,1.6012339853853264
5880,LAWAAN,EASTERN SAMAR,11.1403377,125.3009712,295,6.0,19.272727272727273,4.0,44.0,40.0,1.0340705351437607,40.0,13.28081945096974,0.01,0.08675587645046756,0.33215599007648067,0.0016607799503824034,0.0034469017838125358,0.974148236621406,flat,low,44.0,1.8618783996486594
5881,LLORENTE,EASTERN SAMAR,11.4123071,125.5455987,295,8.0,23.833333333333332,6.0,83.0,77.0,1.550973680675692,77.0,20.38313573084922,0.01925,0.15624853401371125,1.1859563331888918,0.003080406060230888,0.009952081117669022,0.9612256579831077,flat,low,83.0,2.9027262804512235
5882,MASLOG,EASTERN SAMAR,12.1578533,125.2471693,295,24.0,28.375,19.0,50.0,31.0,0.6670394586325226,31.0,8.02242949486002,0.00775,0.06303316792284794,0.24447690991651364,0.0015772703865581524,0.0017231852681340169,0.983324013534187,flat,low,50.0,2.695567136898869
5883,MAYDOLONG,EASTERN SAMAR,11.5010171,125.5016828,295,3.0,15.307692307692308,3.0,29.0,26.0,0.5925961332536723,26.0,8.765181251227148,0.0065,0.05587212450093916,0.09827219209790067,0.0007559399392146205,0.0012839582887162902,0.9851850966686582,flat,low,29.0,1.5621246997335092
5884,MERCEDES,EASTERN SAMAR,11.0986331,125.710348,295,19.0,23.53846153846154,12.0,36.0,24.0,0.5891322654449143,24.0,7.458762370170708,0.006,0.05109992381620394,0.1386726717124183,0.0011556055976034857,0.0011782645308898285,0.9852716933638771,flat,low,36.0,1.6707244677281206
5885,ORAS,EASTERN SAMAR,12.1410311,125.4408359,295,4.0,25.0,4.0,68.0,64.0,1.4875223868352192,64.0,21.078607456558707,0.016,0.13712063082688644,0.9916815912234794,0.0030990049725733732,0.007933452729787837,0.9628119403291195,flat,low,68.0,2.0399828617064304
5886,QUINAPONDAN,EASTERN SAMAR,11.1577552,125.5212969,295,1.0,23.8,1.0,127.0,126.0,2.161110145195337,126.0,36.328501207729445,0.0315,0.2563477153807651,2.700307126421574,0.004286201787970752,0.022691656524551036,0.9459722463701166,flat,low,127.0,2.840744697094686
5887,SALCEDO (EASTERN SAMAR),EASTERN SAMAR,11.1491251,125.6632611,295,8.0,42.357142857142854,7.0,88.0,81.0,2.1039365364097207,81.0,26.510394572849407,0.02025,0.1752566374573843,3.0076899896835747,0.007426395036255739,0.014201571620765616,0.9474015865897569,flat,low,88.0,1.7216965705936966
5888,SAN JULIAN,EASTERN SAMAR,11.7549638,125.455276,295,14.0,14.0,9.0,21.0,12.0,0.433397245123426,12.0,4.6475800154489,0.003,0.027988999248761845,0.030337807158639818,0.0005056301193106636,0.000433397245123426,0.9891650688719144,flat,low,21.0,1.5061598661177689
5889,SAN POLICARPO,EASTERN SAMAR,12.1797056,125.5072461,295,,10.875,6.0,18.0,12.0,0.26780364315559946,12.0,4.166458328124739,0.003,0.025898559648444484,0.01456182309658572,0.000242697051609762,0.00026780364315559947,0.99330490892111,flat,low,18.0,1.7100850959720888
5890,SULAT,EASTERN SAMAR,11.8152123,125.4530073,295,10.0,7.909090909090909,1.0,16.0,15.0,0.4065936976986265,15.0,4.851514205136849,0.00375,0.03252638046171212,0.020098665738511653,0.00026798220984682204,0.0005082421221232832,0.9898351575575344,flat,low,16.0,1.6677076642658624
5891,TAFT,EASTERN SAMAR,11.9049131,125.4164158,295,12.0,23.833333333333332,8.0,51.0,43.0,1.0840964945344544,43.0,15.09874902838716,0.01075,0.09411750969835936,0.4629242600619694,0.0021531360933114856,0.0038846791054151287,0.9728975876366386,flat,low,51.0,1.799265940265957
5892,ABUYOG,LEYTE,10.7467715,125.0120993,296,5.0,4.4,1.0,7.0,6.0,0.14098046205007783,6.0,1.5620499351813308,0.0015,0.012316312289846624,0.0015507850825508562,5.169283608502854e-05,7.049023102503891e-05,0.996475488448748,flat,low,7.0,1.6644783735545592
5893,ALANGALANG,LEYTE,11.2066762,124.8466247,296,43.0,38.6875,30.0,54.0,24.0,0.3895519798779991,24.0,6.3710159119248795,0.006,0.047903267706499005,0.15070792221530094,0.0012558993517941743,0.0007791039597559982,0.99026120050305,flat,low,54.0,2.4034624631648676
5894,ALBUERA,LEYTE,10.9166552,124.6943663,296,4.0,18.0,1.0,46.0,45.0,1.076368332788514,45.0,14.5,0.01125,0.09625155624523285,0.3632743123161235,0.0016145524991827709,0.004036381247956927,0.9730907916802871,flat,low,46.0,1.931034349583838
5895,BABATNGON,LEYTE,11.4231843,124.8448166,296,6.0,38.0,1.0,215.0,214.0,3.209543829003921,214.0,55.36889276222061,0.0535,0.4229086988534118,10.875004340608287,0.010163555458512418,0.057236864950569934,0.9197614042749019,gentle,low,215.0,3.1967407685643687
5896,BARUGO,LEYTE,11.3246577,124.734946,296,5.0,3.0,0.0,7.0,7.0,0.128403222918913,7.0,1.8973665961010275,0.00175,0.014153350328675193,0.0011235282005404889,3.210080572972825e-05,7.490188003603259e-05,0.9967899194270272,flat,low,7.0,2.1081839956683943
5897,BATO,LEYTE,10.32793,124.7893242,296,3.0,8.333333333333334,0.0,20.0,20.0,0.3307845339724469,20.0,6.00462784488394,0.005,0.04090053513210416,0.022971148192531037,0.00022971148192531035,0.0005513075566207448,0.9917303866506888,flat,low,20.0,1.9429455122121149
5898,BAYBAY CITY,LEYTE,10.6778023,124.7977531,296,,7.0,1.0,21.0,20.0,0.4558628725014403,20.0,5.403702434442518,0.005,0.04119373671364429,0.026592000895917352,0.0002659200089591735,0.0007597714541690672,0.9886034281874639,flat,low,21.0,2.5908157562396523
5899,BURAUEN,LEYTE,10.9748709,124.8932225,296,53.0,64.1875,47.0,113.0,66.0,1.0541341022460764,66.0,18.618602089039875,0.0165,0.13304847618003968,1.8607113989178008,0.0056385193906600024,0.00579773756235342,0.9736466474438481,flat,low,113.0,2.621705815767361
5900,CALUBIAN,LEYTE,11.4467301,124.4286683,296,14.0,110.11111111111111,14.0,243.0,229.0,5.898203763577701,229.0,67.2184571948384,0.05725,0.4847338925244227,61.96909555104444,0.0541214808306065,0.11255738848827446,0.8525449059105574,gentle,low,243.0,1.976970202198021
5901,CAPOOCAN,LEYTE,11.2932356,124.6426843,296,3.0,32.0625,0.0,148.0,148.0,2.131511219534956,148.0,42.27509424886005,0.037,0.29701751550274424,4.214397339374271,0.005695131539694961,0.02628863837426446,0.9467122195116261,flat,low,148.0,2.7424539038294955
5902,CARIGARA,LEYTE,11.3017446,124.6872516,296,2.0,3.875,-2.0,10.0,12.0,0.19883808633291356,12.0,2.7585095613392387,0.003,0.023417846003865313,0.0038524879227002,6.420813204500334e-05,0.00019883808633291357,0.9950290478416771,flat,low,10.0,2.220401141776435
5903,DAGAMI,LEYTE,11.065407,124.9032144,296,24.0,25.5625,21.0,34.0,13.0,0.23780423162007713,13.0,3.408972535823661,0.00325,0.026126083741107226,0.0329272161334362,0.0005065725558990185,0.00025762125092175026,0.9940548942094981,flat,low,34.0,2.4750852159259633
5904,DULAG,LEYTE,10.9532437,125.0334522,296,7.0,7.545454545454546,5.0,11.0,6.0,0.10955648093932666,6.0,1.4373989364401722,0.0015,0.011875151123472672,0.0020666336177191163,6.888778725730388e-05,5.477824046966333e-05,0.9972610879765168,flat,low,11.0,2.4033293497291317
5905,HILONGOS,LEYTE,10.3733001,124.7488169,296,,7.666666666666667,5.0,10.0,5.0,0.11012559485725307,5.0,1.7638342073763937,0.00125,0.01081537789816949,0.001758950473414459,7.035801893657836e-05,4.588566452385544e-05,0.9972468601285687,flat,low,10.0,1.3228749055327205
5906,HINDANG,LEYTE,10.434445,124.7267437,296,5.0,5.636363636363637,0.0,11.0,11.0,0.1887927601516954,11.0,3.4449627857266214,0.00275,0.0227452203656295,0.004877146303918798,8.867538734397814e-05,0.00017306003013905412,0.9952801809962076,flat,low,11.0,1.5569499992595859
5907,INOPACAN,LEYTE,10.5003419,124.7398262,296,4.0,15.066666666666666,2.0,46.0,44.0,0.7436267173688643,44.0,12.984435126548847,0.011,0.08981931394570937,0.2054062243754441,0.0009336646562520186,0.002726631297019169,0.9814093320657784,flat,low,46.0,2.3823393662883037
5908,ISABEL,LEYTE,10.9260948,124.4343966,296,17.0,17.076923076923077,-10.0,70.0,80.0,1.4228326994069829,80.0,21.90350003103311,0.02,0.16165445282785523,0.8099201519701288,0.002024800379925322,0.009485551329379886,0.9644291825148255,flat,low,70.0,2.416192591681802
5909,JARO,LEYTE,11.1895192,124.7831875,296,107.0,95.375,65.0,134.0,69.0,1.0317134906847394,69.0,18.62416105493077,0.01725,0.13735970778339918,2.82899063250414,0.008199972847838086,0.005932352571437252,0.9742071627328815,flat,low,134.0,2.073918809666606
5910,JAVIER (BUGHO),LEYTE,10.7929104,124.9362671,296,33.0,36.3125,21.0,57.0,36.0,0.6291843545703386,36.0,10.414645637274463,0.009,0.07339155728552307,0.3427088531300314,0.0019039380729446186,0.0018875530637110158,0.9842703911357416,flat,low,57.0,1.9863852054239228
5911,JULITA,LEYTE,10.9723393,124.9623212,296,25.0,24.375,19.0,31.0,12.0,0.2211526504179332,12.0,4.181432170919432,0.003,0.025510328585716162,0.02695297926968561,0.00044921632116142683,0.0002211526504179332,0.9944711837395517,flat,low,31.0,1.58438500131362
5912,KANANGA,LEYTE,11.1847129,124.561077,296,45.0,49.9375,29.0,79.0,50.0,1.0712476755779052,50.0,14.673397484904442,0.0125,0.10393794714117927,1.1144881416494092,0.004457952566597637,0.004463531981574604,0.9732188081105524,flat,low,79.0,1.9806250085758008
5913,LA PAZ,LEYTE,10.890486,124.9577957,296,33.0,27.5,8.0,53.0,45.0,0.7158492044440996,45.0,12.673791855636576,0.01125,0.09066206967973464,0.3691097460414889,0.001640487760184395,0.0026844345166653735,0.9821037698888975,flat,low,53.0,2.0120259412839516
5914,LEYTE,LEYTE,10.7841157,124.892321,296,353.0,448.1875,139.0,791.0,652.0,10.146132493222002,652.0,176.67173612026912,0.163,0.7387786593156924,826.9097981975932,0.25365331233055005,0.25365331233055005,0.74634668766945,moderate,mid,791.0,1.9403924226240596
5915,MACARTHUR,LEYTE,10.8354762,124.9958814,296,6.0,4.583333333333333,3.0,7.0,4.0,0.11759338016357944,4.0,1.4409680388158819,0.001,0.008950232794852495,0.0008982827651384539,4.49141382569227e-05,3.9197793387859816e-05,0.9970601654959105,flat,low,7.0,1.6771121388233061
5916,MAHAPLAG,LEYTE,10.6052385,124.9646732,296,38.0,77.5,35.0,182.0,147.0,2.8464313564247075,147.0,48.53478134286792,0.03675,0.3101193161592068,13.511653845028535,0.018383202510242905,0.034868784116202665,0.9288392160893824,flat,low,182.0,2.153095057927174
5917,MATAG-OB,LEYTE,11.1455709,124.4722659,296,40.0,60.5,31.0,123.0,92.0,1.832371028892849,92.0,26.5329983228432,0.023,0.18941057759993668,4.249573811174,0.009238203937334781,0.014048177888178508,0.9541907242776788,flat,low,123.0,2.3555572907353723
5918,MATALOM,LEYTE,10.2821237,124.7858627,296,11.0,14.166666666666666,-1.0,33.0,34.0,0.7302661444419966,34.0,10.430990152212567,0.0085,0.07129781563348422,0.1465603581553729,0.0008621197538551347,0.0020690874092523233,0.9817433463889501,flat,low,33.0,1.8055171419964735
5919,MAYORGA,LEYTE,10.9034481,125.0059346,296,6.0,6.214285714285714,4.0,9.0,5.0,0.09101731220769549,5.0,1.1450871101343856,0.00125,0.00982318429532985,0.0011783491312603435,4.713396525041374e-05,3.792388008653979e-05,0.9977245671948076,flat,low,9.0,2.4327510355402775
5920,MERIDA,LEYTE,10.9081163,124.5383375,296,11.0,48.375,11.0,102.0,91.0,2.920487747193107,91.0,34.738082488819096,0.02275,0.20837171110636515,5.356813385046856,0.011773216230872212,0.02214703208288106,0.9269878063201723,flat,low,102.0,1.5436948332875045
5921,ORMOC CITY,LEYTE,11.0090349,124.609394,296,22.0,26.833333333333332,3.0,77.0,74.0,1.5805619932629815,74.0,23.151073889178928,0.0185,0.15569801595995633,1.3076955269260528,0.0035343122349352782,0.009746798958455054,0.9604859501684254,flat,low,77.0,2.166926024247588
5922,PALO,LEYTE,11.159448,124.9908138,296,19.0,9.9375,5.0,19.0,14.0,0.26887709568613155,14.0,4.069225202664507,0.0035,0.028778308190806328,0.015586469140555437,0.0002226638448650777,0.0003136899449671535,0.9932780726078467,flat,low,19.0,2.2270818943576853
5923,PALOMPON,LEYTE,11.0483792,124.3825547,296,0.0,13.454545454545455,0.0,37.0,37.0,0.9817503819177681,37.0,13.364563975226947,0.00925,0.0819097344754164,0.20363882921900373,0.001100750428210831,0.0030270636775797852,0.9754562404520558,flat,low,37.0,1.7617823392754852
5924,PASTRANA,LEYTE,11.1367152,124.8864225,296,35.0,39.3125,26.0,52.0,26.0,0.37015902572999704,26.0,6.419878795584851,0.0065,0.05079872986925061,0.1576453309059472,0.0012126563915842092,0.0008020112224149937,0.9907460243567501,flat,low,52.0,1.9762831087157713
5925,SAN ISIDRO,LEYTE,11.4057556,124.3504917,296,13.0,24.0,0.0,58.0,58.0,1.204003595711832,58.0,17.617462927447868,0.0145,0.12102498203240901,0.6983220855128626,0.002408007191423664,0.005819350712607188,0.9698999101072042,flat,low,58.0,1.9299031994626803
5926,SAN MIGUEL,LEYTE,11.2945424,124.8297663,296,15.0,17.1875,11.0,30.0,19.0,0.34332170094567027,19.0,5.234724801744596,0.00475,0.038483697952267415,0.04671499706877935,0.000491736811250309,0.000543592693163978,0.9914169574763583,flat,low,30.0,2.4475971589056167
5927,SANTA FE,LEYTE,11.1858908,124.915326,296,20.0,19.1875,12.0,27.0,15.0,0.20877268800984636,15.0,3.694907813464363,0.00375,0.029253304771371974,0.025036412194930795,0.00033381882926574396,0.000260965860012308,0.9947806827997538,flat,low,27.0,2.1143958875334095
5928,TABANGO,LEYTE,11.3061737,124.371579,296,7.0,34.785714285714285,3.0,117.0,114.0,1.9463610623089518,114.0,31.616403001851907,0.0285,0.23018586329767257,3.2160140909901305,0.0056421299841932105,0.01849043009193504,0.9513409734422762,flat,low,117.0,2.6003680149542014
5929,TABONTABON,LEYTE,11.0426452,124.9650854,296,18.0,17.1875,12.0,23.0,11.0,0.1988400352994188,11.0,3.20582965080804,0.00275,0.022514289843280633,0.015663830905748483,0.00028479692555906334,0.00018227003235780055,0.9950289991175145,flat,low,23.0,1.813102634892751
5930,TACLOBAN CITY,LEYTE,11.2274637,125.0274693,296,2.0,2.5,0.0,7.0,7.0,0.11848065897549226,7.0,2.29128784747792,0.00175,0.014591756229339451,0.0008639214716962976,2.4683470619894218e-05,6.911371773570382e-05,0.9970379835256127,flat,low,7.0,1.9639601549814483
5931,TANAUAN,LEYTE,11.1112113,125.0169194,296,5.0,8.153846153846153,2.0,25.0,23.0,0.3264101761898327,23.0,5.489096238434238,0.00575,0.044674884026240015,0.025506025947141412,0.0002217915299751427,0.0006256195043638459,0.9918397455952542,flat,low,25.0,3.069020845212646
5932,TOLOSA,LEYTE,11.0634389,125.0375888,296,10.0,9.25,4.0,21.0,17.0,0.34892395943303656,17.0,4.736823830374104,0.00425,0.03486884975220454,0.022861788592018754,0.00026896221872963237,0.0004943089425301352,0.9912769010141741,flat,low,21.0,2.48056460197875
5933,TUNGA,LEYTE,11.2458921,124.7507799,296,60.0,61.75,33.0,113.0,80.0,1.1862375610055942,80.0,22.870559678328817,0.02,0.16087365822990404,2.441672313069848,0.00610418078267462,0.00790825040670396,0.9703440609748601,flat,low,113.0,2.2408720416094714
5934,VILLABA,LEYTE,11.2132891,124.3914186,296,3.0,37.714285714285715,0.0,140.0,140.0,2.3979174912684766,140.0,38.804323344236806,0.035,0.28272087584091493,5.275418480790649,0.007536312115415213,0.027975704064798896,0.9400520627182881,flat,low,140.0,2.6359359688453305
5935,ALLEN,NORTHERN SAMAR,12.5011163,124.2826577,297,0.0,19.75,0.0,63.0,63.0,1.2766032420334723,63.0,20.22838352414745,0.01575,0.13264145639998948,0.6618389932917281,0.0021010761691800895,0.006702167020675729,0.9680849189491632,flat,low,63.0,2.1380847268535312
5936,BIRI,NORTHERN SAMAR,12.6816045,124.3618377,297,3.0,24.333333333333332,0.0,108.0,108.0,2.1914499628760797,108.0,32.97473780537661,0.027,0.2251415042490012,2.399637709349307,0.00444377353583205,0.01972304966588472,0.945213750928098,flat,low,108.0,2.537295811817761
5937,BOBON,NORTHERN SAMAR,12.5257804,124.5641977,297,1.0,7.0,0.0,21.0,21.0,0.33112238329459626,21.0,6.447590912226719,0.00525,0.04299410873679668,0.02028124597679402,0.0001931547235885145,0.0005794641707655435,0.9917219404176351,flat,low,21.0,2.1713533037739987
5938,CAPUL,NORTHERN SAMAR,12.4230698,124.1822429,297,46.0,67.0,5.0,150.0,145.0,3.6925782058793755,145.0,51.00326786916044,0.03625,0.31781441646032516,14.94724886254922,0.02061689498282651,0.04461865332104245,0.9076855448530157,gentle,low,150.0,1.6273466748361036
5939,CATARMAN,NORTHERN SAMAR,12.499648,124.6364767,297,5.0,4.6875,0.0,18.0,18.0,0.26320450962051434,18.0,4.164113801278731,0.0045,0.03485519119421781,0.009253283541346207,0.00010281426157051341,0.0003948067644307715,0.9934198872594872,flat,low,18.0,3.196957969533393
5940,CATUBIG,NORTHERN SAMAR,12.407868,125.0544364,297,9.0,37.25,4.0,79.0,75.0,1.9650235792189945,75.0,25.29451521575379,0.01875,0.16341997660583793,2.2874102601846107,0.006099760693825629,0.012281397370118716,0.9508744105195251,flat,low,79.0,1.6505553869418343
5941,GAMAY,NORTHERN SAMAR,12.3867359,125.3015079,297,5.0,15.363636363636363,5.0,55.0,50.0,0.9007168759187799,50.0,14.846320188534797,0.0125,0.1026763662490024,0.28829763642097306,0.0011531905456838923,0.003752986982994916,0.9774820781020305,flat,low,55.0,2.6697767839600006
5942,LAOANG,NORTHERN SAMAR,12.5688537,125.0152917,297,,12.090909090909092,1.0,36.0,35.0,0.677844248040116,35.0,11.53220427919962,0.00875,0.07380740954261718,0.11952140055404319,0.0006829794317373897,0.0019770457234503385,0.9830538937989971,flat,low,36.0,2.0732453446883397
5943,LAPINIG,NORTHERN SAMAR,12.3172219,125.3016342,297,7.0,15.222222222222221,4.0,35.0,31.0,0.8290660791535711,31.0,10.653927578104996,0.00775,0.06795956496340042,0.16301127954468597,0.0010516856744818448,0.0021417540378133922,0.9792733480211607,flat,low,35.0,1.8563835521127205
5944,LAS NAVAS,NORTHERN SAMAR,12.3381782,125.0310474,297,6.0,9.75,2.0,31.0,29.0,0.5354162940891112,29.0,7.428828979051813,0.00725,0.05808999787868214,0.06307873214737342,0.00043502573894740285,0.001293922710715352,0.9866145926477722,flat,low,31.0,2.8604773645273633
5945,LAVEZARES,NORTHERN SAMAR,12.534318,124.3305278,297,9.0,28.4375,1.0,81.0,80.0,1.6546414403603489,80.0,23.981682462871532,0.02,0.1664536892203151,1.5684621986749139,0.003921155496687285,0.011030942935735658,0.9586339639909913,flat,low,81.0,2.191776906795443
5946,LOPE DE VEGA,NORTHERN SAMAR,12.2995428,124.6249992,297,48.0,76.5,37.0,158.0,121.0,2.49200139232567,121.0,33.58757210636101,0.03025,0.24808844165799762,9.61133787002607,0.015886508876076146,0.025127680705950502,0.9376999651918583,flat,low,158.0,2.42649267161744
5947,MAPANAS,NORTHERN SAMAR,12.4752025,125.255472,297,13.0,52.84615384615385,9.0,94.0,85.0,2.7445222444415145,85.0,31.4736670246149,0.02125,0.19347945900501645,5.136742835389816,0.012086453730328978,0.019440365898127393,0.9313869438889621,flat,low,94.0,1.3075643462230264
5948,MONDRAGON,NORTHERN SAMAR,12.5161482,124.7526387,297,9.0,9.266666666666667,-4.0,27.0,31.0,0.5572321117646305,31.0,9.139414034219529,0.00775,0.06356166635689989,0.06669758804427203,0.0004303070196404647,0.0014395162887252955,0.9860691972058843,flat,low,27.0,1.9403138239085007
5949,PALAPAG,NORTHERN SAMAR,12.5455937,125.1149936,297,11.0,21.125,4.0,90.0,86.0,1.2770692313382983,86.0,21.985435519907263,0.0215,0.16948826980075313,0.9667148025141058,0.0022481739593351296,0.009152329491257806,0.9680732692165426,flat,low,90.0,3.132755628374056
5950,PAMBUJAN,NORTHERN SAMAR,12.5639616,124.9282311,297,5.0,4.0,1.0,7.0,6.0,0.11945944369809625,6.0,1.5118578920369088,0.0015,0.012061080655074222,0.0011945944369809625,3.9819814566032084e-05,5.972972184904812e-05,0.9970135139075476,flat,low,7.0,1.9843121707993114
5951,ROSARIO,NORTHERN SAMAR,12.5225697,124.4253004,297,7.0,15.5,0.0,76.0,76.0,1.0453984336066193,76.0,17.631647682505456,0.019,0.1466560998707319,0.5131163978285823,0.0013503063100752167,0.006620856746175257,0.9738650391598345,flat,low,76.0,3.431329712236698
5952,SAN ANTONIO,NORTHERN SAMAR,12.4138149,124.2790754,297,,33.0,0.0,84.0,84.0,1.663183406457634,84.0,25.826343140289914,0.021,0.17498797899355753,1.9209768344585672,0.004573754367758493,0.011642283845203438,0.9584204148385591,flat,low,84.0,1.974727809827268
5953,SAN ISIDRO,NORTHERN SAMAR,12.3854183,124.3305977,297,7.0,33.5,-1.0,112.0,113.0,2.893753707958337,113.0,36.16743470766669,0.02825,0.24304359122152436,4.564293608948452,0.008078395768050358,0.027249514083274338,0.9276561573010416,flat,low,112.0,2.1704607601848793
5954,SAN JOSE,NORTHERN SAMAR,12.5301889,124.4878494,297,8.0,14.75,-2.0,98.0,100.0,1.6061132053808322,100.0,30.44975369358511,0.025,0.20465316213852908,0.9870904074736364,0.0019741808149472727,0.013384276711506934,0.9598471698654792,flat,low,98.0,2.734012173094399
5955,SAN ROQUE,NORTHERN SAMAR,12.5397442,124.8748842,297,1.0,4.466666666666667,1.0,9.0,8.0,0.15764002994142778,8.0,2.276449477195183,0.002,0.01641461623158107,0.002347084890239036,5.867712225597589e-05,0.00010509335329428519,0.9960589992514643,flat,low,9.0,1.9914043282500298
5956,SAN VICENTE,NORTHERN SAMAR,12.273101,124.0997214,297,3.0,53.333333333333336,3.0,124.0,121.0,2.6709918837018147,121.0,37.36903055264405,0.03025,0.25469655305258293,7.182000398398214,0.011871075038674734,0.0269325014939933,0.9332252029074546,flat,low,124.0,1.8910489175271827
5957,SILVINO LOBOS,NORTHERN SAMAR,12.3266874,124.8469461,297,34.0,80.25,34.0,174.0,140.0,2.550316224872293,140.0,34.328377474037424,0.035,0.2780864369330158,11.938667827683421,0.017055239753833457,0.029753689290176747,0.9362420943781927,flat,low,174.0,2.7309766486903304
5958,VICTORIA,NORTHERN SAMAR,12.4466736,124.3123478,297,7.0,46.666666666666664,1.0,107.0,106.0,2.028052833662166,106.0,29.30396256860533,0.0265,0.21581741238601773,4.180042229381465,0.007886872130908424,0.017914466697349134,0.9492986791584459,flat,low,107.0,2.0588796185227034
5959,ALMAGRO,SAMAR (WESTERN SAMAR),11.9115831,124.2863622,298,125.0,125.875,4.0,371.0,367.0,8.627181425676552,367.0,111.64053643278503,0.09175,0.6743418860517165,166.05931314093004,0.09049553849641966,0.2156795356419138,0.7843204643580862,moderate,low,371.0,2.195663023814996
5960,BASEY,SAMAR (WESTERN SAMAR),11.2799579,125.0692113,298,,7.111111111111111,2.0,15.0,13.0,0.34341183563920996,13.0,5.1086950811433995,0.00325,0.02931644700336762,0.013227715150547346,0.00020350331000842071,0.00037202948860914415,0.9914147041090198,flat,low,15.0,1.5442079081602447
5961,CALBAYOG CITY,SAMAR (WESTERN SAMAR),12.0669632,124.5946664,298,5.0,10.3,2.0,18.0,16.0,0.44280004795181327,16.0,5.3113086899558,0.004,0.03495624533951943,0.03040560329269118,0.00038007004115863974,0.000590400063935751,0.9889299988012047,flat,low,18.0,1.4497365903105675
5962,CALBIGA,SAMAR (WESTERN SAMAR),11.6274469,125.0170454,298,15.0,26.3125,5.0,66.0,61.0,1.2221306021970286,61.0,18.387219576379675,0.01525,0.12670993553773022,0.8173316665370285,0.00267977595585911,0.006212497227834896,0.9694467349450743,flat,low,66.0,2.158428449538631
5963,CATBALOGAN CITY,SAMAR (WESTERN SAMAR),11.7753308,124.883118,298,10.0,54.916666666666664,5.0,110.0,105.0,2.6771649075598174,105.0,30.123242226264793,0.02625,0.22108951590950146,6.432167561757,0.012251747736679999,0.023425192941148403,0.9330708773110046,flat,low,110.0,1.828599029645837
5964,DARAM,SAMAR (WESTERN SAMAR),11.6349892,124.7957703,298,62.0,111.55555555555556,18.0,203.0,185.0,4.353553594885573,185.0,69.03318221633405,0.04625,0.4076378369103609,37.43652984787252,0.04047192415986218,0.06711728458781925,0.8911611601278607,gentle,low,203.0,1.3246447604462723
5965,GANDARA,SAMAR (WESTERN SAMAR),12.0132823,124.811448,298,18.0,30.1875,10.0,62.0,52.0,1.4747857040102583,52.0,16.33714613235739,0.013,0.11268723641989961,0.9646020245292096,0.003710007786650806,0.006390738050711119,0.9631303573997435,flat,low,62.0,1.947249402987385
5966,HINABANGAN,SAMAR (WESTERN SAMAR),11.7011085,125.0662795,298,10.0,92.75,3.0,320.0,317.0,4.8124069394941165,317.0,93.35249059344909,0.07925,0.6165785481785057,58.955494055529634,0.03719589530317327,0.12031017348735291,0.879689826512647,gentle,low,320.0,2.434321742473417
5967,JIABONG,SAMAR (WESTERN SAMAR),11.7628314,124.9501866,298,10.0,45.625,10.0,158.0,148.0,2.9631181094249985,148.0,45.38705074137336,0.037,0.3084433511126332,8.336856264121792,0.011266021978542963,0.036545123349574986,0.925922047264375,flat,low,158.0,2.4759264082703707
5968,MARABUT,SAMAR (WESTERN SAMAR),11.1075601,125.2124996,298,21.0,132.375,49.0,218.0,169.0,4.234665916315196,169.0,57.47594605571969,0.04225,0.36718792150871754,39.47304133900244,0.046713658389352,0.05963821165477234,0.8941333520921201,gentle,low,218.0,1.4897536167084189
5969,MATUGUINAO,SAMAR (WESTERN SAMAR),12.1443682,124.885257,298,40.0,76.5625,33.0,192.0,159.0,3.3171090317546605,159.0,45.66038867278727,0.03975,0.3284052222582363,16.825258116146195,0.021163846686976347,0.043951694670749254,0.9170722742061335,gentle,low,192.0,2.528175971060505
5970,MOTIONG,SAMAR (WESTERN SAMAR),11.7782064,124.9986798,298,,84.2,32.0,106.0,74.0,2.077491997656933,74.0,27.78776709273345,0.0185,0.16622841110314276,5.3935154745836735,0.014577068850226145,0.012811200652217752,0.9480627000585766,flat,low,106.0,0.7845178471062861
5971,PAGSANGHAN,SAMAR (WESTERN SAMAR),11.9653658,124.7212558,298,18.0,13.533333333333333,2.0,45.0,43.0,0.6558587573673528,43.0,14.876678243329575,0.01075,0.09007433511807043,0.15902753036276726,0.0007396629319198478,0.002350160547233014,0.9836035310658162,flat,low,45.0,2.115167380568196
5972,PARANAS (WRIGHT),SAMAR (WESTERN SAMAR),11.7716478,125.0225953,298,,47.77777777777778,11.0,95.0,84.0,1.716779433607972,84.0,26.118438688140852,0.021,0.1758464049615909,2.8708367195333304,0.006835325522698407,0.012017456035255804,0.9570805141598007,flat,low,95.0,1.808003188018295
5973,PINABACDAO,SAMAR (WESTERN SAMAR),11.6134513,124.9836777,298,11.0,5.857142857142857,1.0,14.0,13.0,0.29018692834447085,13.0,3.6027200608338545,0.00325,0.026842762370792594,0.00920652576235732,0.0001416388578824203,0.00031436917237317677,0.9927453267913883,flat,low,14.0,2.2601963919383943
5974,SAN JORGE,SAMAR (WESTERN SAMAR),11.9789352,124.8248769,298,26.0,21.6875,5.0,60.0,55.0,1.030356578900168,55.0,14.653151324885716,0.01375,0.11105315516522409,0.5120925861538987,0.0018621548587414499,0.004722467653292437,0.9742410855274958,flat,low,60.0,2.6146251093652513
5975,SAN JOSE DE BUAN,SAMAR (WESTERN SAMAR),12.0529566,125.0254897,298,152.0,222.5,141.0,384.0,243.0,5.898876353859341,243.0,70.09279563550022,0.06075,0.5095722289436029,132.89062385928747,0.10937499906114195,0.11945224616565167,0.8525280911535165,gentle,mid,384.0,2.3040884049731916
5976,SAN SEBASTIAN,SAMAR (WESTERN SAMAR),11.7101392,125.0175663,298,3.0,5.454545454545454,2.0,8.0,6.0,0.1447453980052005,6.0,1.827250112931071,0.0015,0.0127028557164536,0.0019738008818890977,6.57933627296366e-05,7.237269900260026e-05,0.99638136504987,flat,low,8.0,1.3930513039181647
5977,SANTA MARGARITA,SAMAR (WESTERN SAMAR),12.0379945,124.6577853,298,6.0,26.0,6.0,54.0,48.0,0.9897599049736221,48.0,15.684387141358123,0.012,0.10157291535699671,0.5146751505862835,0.0021444797941095146,0.003959039619894488,0.9752560023756595,flat,low,54.0,1.7852146827562163
5978,SANTA RITA,SAMAR (WESTERN SAMAR),11.4513506,124.9408762,298,,19.833333333333332,1.0,55.0,54.0,1.3524404452108667,54.0,20.891917629126876,0.0135,0.12068974406776425,0.6035265486753493,0.0022352835136124046,0.0060859820034489,0.9661889888697284,flat,low,55.0,1.6832664960526111
5979,SANTO NIÑO,SAMAR (WESTERN SAMAR),11.9261705,124.4487916,298,22.0,79.66666666666667,0.0,287.0,287.0,5.625257290357613,287.0,88.75653340584128,0.07175,0.5980630458317509,53.59073240520829,0.03734545812209637,0.13453740352771956,0.8593685677410596,gentle,low,287.0,2.3359782434192047
5980,TAGAPUL-AN,SAMAR (WESTERN SAMAR),12.0478901,124.1585829,298,49.0,98.25,0.0,240.0,240.0,5.331987674372748,240.0,78.22203973305733,0.06,0.5109509451281713,52.38677890071226,0.04365564908392688,0.10663975348745497,0.8667003081406813,gentle,low,240.0,1.8121490908648104
5981,TALALORA,SAMAR (WESTERN SAMAR),11.5309574,124.835473,298,11.0,29.571428571428573,2.0,103.0,101.0,2.0571842531968567,101.0,29.163857979439175,0.02525,0.20838550618805807,2.5600923322373026,0.00506948976680654,0.017314634131073543,0.9485703936700786,flat,low,103.0,2.5177933921686884
5982,TARANGNAN,SAMAR (WESTERN SAMAR),11.9027186,124.747471,298,16.0,21.0,5.0,40.0,35.0,1.0568383198084959,35.0,12.817398889233115,0.00875,0.0788372004839685,0.3236567354413519,0.001849467059664868,0.0030824450994414465,0.9735790420047876,flat,low,40.0,1.4823599297982737
5983,VILLAREAL,SAMAR (WESTERN SAMAR),11.5675325,124.9281544,298,5.0,12.3125,1.0,51.0,50.0,0.927042618116554,50.0,15.56726834579529,0.0125,0.10386798070291356,0.23779608824083479,0.0009511843529633391,0.003862677575485641,0.9768239345470862,flat,low,51.0,2.485182156268753
5984,ZUMARRAGA,SAMAR (WESTERN SAMAR),11.6381908,124.8403412,298,,98.875,31.0,197.0,166.0,4.886025968556464,166.0,65.96104437469134,0.0415,0.3797007863911242,33.41481905350391,0.0402588181367517,0.06759002589836442,0.8778493507860884,gentle,low,197.0,1.4876204499580246
5985,ANAHAWAN,SOUTHERN LEYTE,10.2962342,124.9658046,299,203.0,130.4375,4.0,334.0,330.0,5.753217550735493,330.0,94.1534444072547,0.0825,0.6258785794452751,103.18485571268339,0.06253627618950508,0.14383043876838733,0.8561695612316127,gentle,low,334.0,2.162029218575098
5986,BONTOC,SOUTHERN LEYTE,10.35439,124.9706062,299,12.0,49.0,8.0,157.0,149.0,2.9110638261701576,149.0,48.11444689487763,0.03725,0.3131244043388257,8.8556987478618,0.011886843956861477,0.036145709174946125,0.927223404345746,flat,low,157.0,2.244648015830146
5987,HINUNANGAN,SOUTHERN LEYTE,10.3940404,125.2001942,299,1.0,6.615384615384615,1.0,27.0,26.0,0.39160601723493305,26.0,6.208411930455715,0.0065,0.050704435224746616,0.028065097901836863,0.0002158853684756682,0.0008484797040090216,0.9902098495691267,flat,low,27.0,3.283385885081439
5988,HINUNDAYAN,SOUTHERN LEYTE,10.3513466,125.2529731,299,4.0,16.583333333333332,3.0,53.0,50.0,1.0303424219568642,50.0,15.002546080212149,0.0125,0.10401889096573877,0.3559689964746805,0.001423875985898722,0.004293093424820267,0.9742414394510784,flat,low,53.0,2.427365598118937
5989,LIBAGON,SOUTHERN LEYTE,10.2962647,125.0509042,299,21.0,90.85714285714286,14.0,177.0,163.0,5.1049835014221205,163.0,62.99983803024207,0.04075,0.37316838967776633,31.50139462056121,0.03865201793933891,0.0693426925609838,0.8723754124644469,gentle,low,177.0,1.3673504324591312
5990,LILOAN,SOUTHERN LEYTE,10.1563177,125.117794,299,20.0,37.0,17.0,72.0,55.0,1.8636643425610917,55.0,20.38790491116404,0.01375,0.12599093621229493,1.5802320571299258,0.005746298389563366,0.008541794903405002,0.9534083914359727,flat,low,72.0,1.7167040181814184
5991,LIMASAWA,SOUTHERN LEYTE,9.9251181,125.0740924,299,,36.5,17.0,58.0,41.0,1.072045548975849,41.0,14.637281168304447,0.01025,0.09039677344461126,0.6684650683509825,0.0032608052114682074,0.00366282229233415,0.9731988612756037,flat,low,58.0,1.468851918873032
5992,MAASIN CITY,SOUTHERN LEYTE,10.1325061,124.8385147,299,,70.75,24.0,126.0,102.0,2.8747527158794774,102.0,33.625697018797986,0.0255,0.2229883489556761,8.644022072560103,0.016949062887372753,0.02443539808497556,0.928131182103013,flat,low,126.0,1.6430885678302722
5993,MACROHON,SOUTHERN LEYTE,10.0766035,124.9400612,299,,142.42857142857142,23.0,266.0,243.0,5.345671038847509,243.0,70.16074837289649,0.06075,0.5048222860871111,77.08934930075146,0.06344802411584483,0.10824983853666205,0.8663582240288124,gentle,low,266.0,1.7612615269352432
5994,MALITBOG,SOUTHERN LEYTE,10.16,124.9991671,299,14.0,26.90909090909091,2.0,75.0,73.0,1.5549095807657836,73.0,23.754251468103924,0.01825,0.15477779412250586,1.272669932620722,0.003486766938686909,0.00945903328299185,0.9611272604808554,flat,low,75.0,2.0245178902381067
5995,PADRE BURGOS,SOUTHERN LEYTE,10.0307729,125.0167431,299,5.0,37.36363636363637,3.0,105.0,102.0,2.600498339322084,102.0,35.32002452195362,0.0255,0.22284772649833975,4.129473158373501,0.008097006192889217,0.022104235884237718,0.9349875415169479,flat,low,105.0,1.9149579491193565
5996,PINTUYAN,SOUTHERN LEYTE,9.9445582,125.2483289,299,,199.625,79.0,394.0,315.0,7.9619806002374585,315.0,105.47622658684752,0.07875,0.6603022990345412,208.61011202356534,0.13245086477686688,0.19904951500593646,0.8009504849940635,gentle,low,394.0,1.8428323087299894
5997,SAINT BERNARD,SOUTHERN LEYTE,10.2794927,125.1394863,299,6.0,63.7,3.0,160.0,157.0,3.7021321439674653,157.0,52.32026376080304,0.03925,0.33765400794078604,15.426938899418428,0.019652151464227295,0.04843622888357434,0.9074466964008133,gentle,low,160.0,1.8405870161449456
5998,SAN FRANCISCO,SOUTHERN LEYTE,10.0563138,125.1580978,299,,68.77777777777777,15.0,159.0,144.0,3.49517838539027,144.0,45.54064796732641,0.036,0.30730367482860005,14.423436137043847,0.02003255019033868,0.04194214062468324,0.9126205403652432,gentle,low,159.0,1.9811360678446428
5999,SAN JUAN (CABALIAN),SOUTHERN LEYTE,10.2519005,125.1965138,299,,132.5,21.0,245.0,224.0,7.115943544964556,224.0,79.33210783367181,0.056,0.504040649796669,88.00050183939501,0.07857187664231696,0.13283094617267172,0.8221014113758861,gentle,low,245.0,1.4180891149114438
6000,SAN RICARDO,SOUTHERN LEYTE,9.9139621,125.2764986,299,35.0,190.66666666666666,21.0,526.0,505.0,9.035517937393495,505.0,154.41952236970843,0.12625,0.729060781952193,362.49995991603953,0.14356434056080775,0.22588794843483737,0.7741120515651626,moderate,low,526.0,2.1715734255343113
6001,SILAGO,SOUTHERN LEYTE,10.5285405,125.1623205,299,6.0,70.36363636363636,0.0,151.0,151.0,3.4985456508196298,151.0,49.121875754962275,0.03775,0.32260810878462143,15.48822062098081,0.02051419949798783,0.04402336610614701,0.9125363587295092,gentle,low,151.0,1.641557060993558
6002,SOGOD,SOUTHERN LEYTE,10.384588,124.9808027,299,19.0,34.1,9.0,138.0,129.0,2.391506509326207,129.0,38.06166049977326,0.03225,0.2651745626229687,4.383332493281272,0.006795864330668639,0.025708694975256727,0.9402123372668448,flat,low,138.0,2.7297809897400027
6003,TOMAS OPPUS,SOUTHERN LEYTE,10.3050067,124.9795399,299,42.0,88.125,22.0,267.0,245.0,4.8360304116167345,245.0,81.30411659319594,0.06125,0.5182207548925744,43.505382960755234,0.0355145983353104,0.09873562090384166,0.8790992397095816,gentle,low,267.0,2.200073074957884
6004,BACUNGAN (LEON T. POSTIGO),ZAMBOANGA DEL NORTE,8.1393633,122.8656851,300,48.0,74.42857142857143,40.0,124.0,84.0,2.412061657941576,84.0,30.160793580205333,0.021,0.1873199309472626,6.2834206189378055,0.01496052528318525,0.016884431605591034,0.9396984585514606,flat,low,124.0,1.6435717049696867
6005,BALIGUIAN,ZAMBOANGA DEL NORTE,7.8097453,122.1451356,300,24.0,74.9090909090909,13.0,189.0,176.0,4.465796543506712,176.0,58.191618492785686,0.044,0.38066454441273134,24.532109012330203,0.027877396604920685,0.0654983493047651,0.8883550864123322,gentle,low,189.0,1.9606072160451478
6006,DAPITAN CITY,ZAMBOANGA DEL NORTE,8.6549449,123.4243754,300,,35.18181818181818,3.0,102.0,99.0,2.299559610022493,99.0,32.46485703262468,0.02475,0.21190762263119642,3.3372358840451426,0.006741890674838672,0.01897136678268557,0.9425110097494377,flat,low,102.0,2.0581695367660227
6007,DIPOLOG CITY,ZAMBOANGA DEL NORTE,8.5863596,123.3448798,300,8.0,16.5,6.0,60.0,54.0,0.987245498781956,54.0,17.04406054905931,0.0135,0.11236381217975452,0.36651489142280114,0.0013574625608251895,0.004442604744518802,0.9753188625304511,flat,low,60.0,2.5522085727507147
6008,GODOD,ZAMBOANGA DEL NORTE,8.0019148,122.8438815,300,311.0,330.4375,298.0,391.0,93.0,2.0260445496683177,93.0,26.932714192037906,0.02325,0.19313817539898165,23.552767889894195,0.05065111374170794,0.015701845259929462,0.9493488862582921,flat,mid,391.0,2.2486592817757947
6009,GUTALAC,ZAMBOANGA DEL NORTE,7.9809872,122.4052632,300,156.0,152.5625,115.0,181.0,66.0,1.0619870912431437,66.0,16.01549542630511,0.0165,0.12964638095011766,4.455533654214008,0.013501617133981842,0.00584092900183729,0.9734503227189214,flat,low,181.0,1.775624010835656
6010,JOSE DALMAN (PONOT),ZAMBOANGA DEL NORTE,8.4413975,123.0219549,300,27.0,56.92307692307692,5.0,130.0,125.0,3.055333936555548,125.0,38.71088405576264,0.03125,0.26584868401921125,9.058281702929108,0.014493250724686572,0.03182639517245362,0.9236166515861113,gentle,low,130.0,1.8877616198042622
6011,KALAWIT,ZAMBOANGA DEL NORTE,7.9077809,122.5239358,300,120.0,119.75,110.0,141.0,31.0,0.5298347049745737,31.0,7.344215410784191,0.00775,0.06092834088290644,0.8195328681424423,0.005287308826725434,0.0013687396545176487,0.9867541323756357,flat,low,141.0,2.8934332556971856
6012,KATIPUNAN,ZAMBOANGA DEL NORTE,8.5124998,123.2846423,300,7.0,19.22222222222222,8.0,35.0,27.0,0.569059306032245,27.0,7.553921391903792,0.00675,0.055551164116987205,0.12305907492947298,0.0009115487031812813,0.0012803834385725513,0.9857735173491938,flat,low,35.0,2.0886867721447895
6013,LA LIBERTAD,ZAMBOANGA DEL NORTE,8.4685946,123.5257405,300,149.0,161.4375,121.0,218.0,97.0,1.5487101869185742,97.0,23.45199551743945,0.02425,0.19032054149212346,10.104970990693637,0.020834991733388944,0.012518740677591808,0.9612822453270357,flat,low,218.0,2.4118415657250676
6014,LABASON,ZAMBOANGA DEL NORTE,8.0650994,122.5249426,300,10.0,12.727272727272727,5.0,29.0,24.0,0.45625101021233794,24.0,6.453905217926854,0.006,0.04859740329659377,0.05806831039066118,0.00048390258658884323,0.0009125020204246759,0.9885937247446915,flat,low,29.0,2.521376469265532
6015,LILOY,ZAMBOANGA DEL NORTE,8.1215661,122.6737425,300,61.0,45.142857142857146,-2.0,75.0,77.0,1.5662182161589286,77.0,25.97212005994434,0.01925,0.16383390280464974,2.268406049736848,0.005891963765550255,0.010049900220353125,0.9608445445960268,flat,low,75.0,1.1495843095845648
6016,MANUKAN,ZAMBOANGA DEL NORTE,8.5161638,123.0919375,300,19.0,35.72727272727273,1.0,77.0,76.0,1.4866178659135514,76.0,24.867250859096913,0.019,0.16016424080553948,1.6819053946631046,0.0044260668280608016,0.00941524648411916,0.9628345533521612,flat,low,77.0,1.6597220917931437
6017,MUTIA,ZAMBOANGA DEL NORTE,8.4200174,123.4762768,300,184.0,172.3125,108.0,250.0,142.0,2.351943875368036,142.0,38.269960069877264,0.0355,0.2846061223359734,23.97843530060765,0.03377244408536289,0.02783133585852176,0.9412014031157991,flat,low,250.0,2.0299863869249855
6019,POLANCO,ZAMBOANGA DEL NORTE,8.531082,123.3629972,300,14.0,17.0625,10.0,27.0,17.0,0.3919755560570048,17.0,4.736411484446848,0.00425,0.035245001428094586,0.04737392072032706,0.0005573402437685537,0.0005552987044140901,0.9902006110985749,flat,low,27.0,2.098106960200822
6020,PRES. MANUEL A. ROXAS,ZAMBOANGA DEL NORTE,8.423772,123.187709,300,426.0,315.25,192.0,517.0,325.0,6.24272458850844,325.0,99.21472924924001,0.08125,0.6369101458151022,253.6106864081554,0.156068114712711,0.156068114712711,0.843931885287289,gentle,mid,517.0,2.033468210750343
6021,RIZAL,ZAMBOANGA DEL NORTE,8.5247536,123.5513072,300,120.0,99.3125,62.0,153.0,91.0,1.423193625445072,91.0,24.338032865250224,0.02275,0.18140365470964467,5.359176433482604,0.011778409743917811,0.010792551659625131,0.9644201593638732,flat,low,153.0,2.205909495288149
6022,SALUG,ZAMBOANGA DEL NORTE,8.1074204,122.7576885,300,23.0,26.25,3.0,68.0,65.0,1.0288860863417033,65.0,19.00493356999703,0.01625,0.1318426646821526,0.7314737020085548,0.002250688313872476,0.005573132967684227,0.9742778478414574,flat,low,68.0,2.196797881425515
6023,SERGIO OSMEÑA SR.,ZAMBOANGA DEL NORTE,8.2956667,123.5082447,300,496.0,576.8125,449.0,816.0,367.0,6.941635912805009,367.0,126.69412908161925,0.09175,0.6796648196792029,318.4475474999298,0.17354089782012522,0.17354089782012522,0.8264591021798748,gentle,mid,816.0,1.8879130378487934
6024,SIAYAN,ZAMBOANGA DEL NORTE,8.2513869,123.1142638,300,60.0,123.0,59.0,307.0,248.0,4.198072025672349,248.0,71.74520889927076,0.062,0.5043934087569941,53.35749544629556,0.043030238263141576,0.08676015519722854,0.8950481993581912,gentle,low,307.0,2.5646311476171486
6025,SIBUCO,ZAMBOANGA DEL NORTE,7.2924807,122.0667351,300,25.0,58.07692307692308,4.0,189.0,185.0,3.522867829393669,185.0,51.471368498884196,0.04625,0.37695358483904023,15.771043720210278,0.017049776994821922,0.05431087903648573,0.9119283042651583,gentle,low,189.0,2.5436097426145827
6026,SIBUTAD,ZAMBOANGA DEL NORTE,8.6126898,123.4801814,300,30.0,136.625,25.0,317.0,292.0,7.0453343412788625,292.0,103.86401867345592,0.073,0.6381320337174647,117.11253786589567,0.0802140670314354,0.171436468971119,0.8238666414680285,gentle,low,317.0,1.7366456696658898
6027,SINDANGAN,ZAMBOANGA DEL NORTE,8.2373562,122.9986125,300,5.0,15.9,3.0,50.0,47.0,0.9225315678740353,47.0,15.115885683611134,0.01175,0.09872666546371267,0.2872532669467778,0.0012223543274330968,0.003613248640839972,0.9769367108031491,flat,low,50.0,2.255904712289999
6028,SIOCON,ZAMBOANGA DEL NORTE,7.7064072,122.1359108,300,6.0,7.733333333333333,4.0,18.0,14.0,0.30480918947484514,14.0,3.7853518844209035,0.0035,0.028714216253799437,0.01375028121408746,0.00019643258877267798,0.000355610721053986,0.9923797702631288,flat,low,18.0,2.712208605152884
6029,SIRAWAI,ZAMBOANGA DEL NORTE,7.5852175,122.140523,300,6.0,27.272727272727273,6.0,89.0,83.0,1.6685275859697724,83.0,26.6154121758288,0.02075,0.1745868326116739,1.57372488222149,0.003792108149931301,0.011540649136290927,0.9582868103507557,flat,low,89.0,2.319230301610771
6030,TAMPILISAN,ZAMBOANGA DEL NORTE,7.9759459,122.6638655,300,235.0,229.25,170.0,254.0,84.0,1.4025075192765113,84.0,20.18508112443445,0.021,0.16518538229291543,11.25336970779491,0.026793737399511686,0.00981755263493558,0.9649373120180872,flat,mid,254.0,1.2261530494364263
6031,AURORA,ZAMBOANGA DEL SUR,7.9486062,123.5859831,301,258.0,256.875,188.0,287.0,99.0,1.40115961518058,99.0,21.609821262564854,0.02475,0.18957324164958322,14.846818641167348,0.02999357301245929,0.011559566825239785,0.9649710096204855,flat,mid,287.0,1.3940420071009174
6032,BAYOG,ZAMBOANGA DEL SUR,7.8498431,123.0430506,301,53.0,80.6875,36.0,205.0,169.0,3.067533159306855,169.0,46.59361376572974,0.04225,0.34246573349824133,17.42894055115652,0.020625965149297657,0.04320109199357154,0.9233116710173286,gentle,low,205.0,2.6680157919714267
6033,DIMATALING,ZAMBOANGA DEL SUR,7.5284648,123.3648382,301,10.0,16.25,5.0,37.0,32.0,0.6742663868794181,32.0,9.90054712292878,0.008,0.06710056038243328,0.1460910504905406,0.0009130690655658788,0.001798043698345115,0.9831433403280145,flat,low,37.0,2.095843557584945
6034,DINAS,ZAMBOANGA DEL SUR,7.61586,123.3391016,301,24.0,30.75,2.0,132.0,130.0,1.8216100025183755,130.0,36.37220779661306,0.0325,0.25943536458418653,3.0341191604446687,0.004667875631453337,0.019734108360615735,0.9544597499370406,flat,low,132.0,2.783718760831162
6035,DUMALINAO,ZAMBOANGA DEL SUR,7.8173115,123.3626378,301,257.0,313.6875,233.0,435.0,202.0,3.866255296136045,202.0,60.37043849227865,0.0505,0.41732365183089526,97.62294622743512,0.09665638240340112,0.06508196415162341,0.9033436175965989,gentle,mid,435.0,2.0094685581262963
6036,DUMINGAG,ZAMBOANGA DEL SUR,8.1544879,123.3448435,301,58.0,62.75,41.0,122.0,81.0,1.1170549637942195,81.0,20.20983671383814,0.02025,0.15822067988498362,2.3657129655104456,0.005841266581507273,0.0075401210056109825,0.9720736259051446,flat,low,122.0,2.931740513652426
6037,GUIPOS,ZAMBOANGA DEL SUR,7.7292028,123.321345,301,154.0,196.625,104.0,311.0,207.0,3.97317121488504,207.0,64.60831506083409,0.05175,0.43140966821135623,67.38063814843399,0.06510206584389758,0.06853720345676693,0.900670719627874,gentle,low,311.0,1.7702829445718173
6038,JOSEFINA,ZAMBOANGA DEL SUR,8.2148124,123.5436197,301,611.0,598.0,505.0,692.0,187.0,3.0740160797052507,187.0,54.512613219327505,0.04675,0.3800811249898576,71.85512586311023,0.07685040199263127,0.04790341724207349,0.9231495980073687,gentle,mid,692.0,1.7243715302626637
6039,KUMALARANG,ZAMBOANGA DEL SUR,7.747914,123.1439281,301,8.0,21.125,2.0,124.0,122.0,1.9478520000214596,122.0,30.884613887824468,0.0305,0.24122319018395372,2.0917089862730447,0.0034290311250377782,0.019803162000218175,0.9513036999994635,flat,low,124.0,3.33094650438902
6040,LABANGAN,ZAMBOANGA DEL SUR,7.8633445,123.5153101,301,6.0,7.0,4.0,14.0,10.0,0.16616055783597902,10.0,2.850438562747845,0.0025,0.020254489631395277,0.004846349603549388,9.692699207098776e-05,0.00013846713152998252,0.9958459860541006,flat,low,14.0,2.4557615925215224
6041,LAKEWOOD,ZAMBOANGA DEL SUR,7.8545421,123.1515109,301,376.0,516.625,320.0,874.0,554.0,9.594461801865938,554.0,181.85395067196094,0.1385,0.7339515407663271,664.4164797792162,0.23986154504664844,0.23986154504664844,0.7601384549533515,moderate,mid,874.0,1.96517588270314
6042,LAPUYAN,ZAMBOANGA DEL SUR,7.6365859,123.1981442,301,30.0,72.0625,4.0,199.0,195.0,4.029000444679584,195.0,60.77054050895055,0.04875,0.40878114123621384,23.5901123692587,0.02419498704539354,0.06547125722604323,0.8992749888830104,gentle,low,199.0,2.0887998831029684
6043,MAHAYAG,ZAMBOANGA DEL SUR,8.129548,123.4378612,301,38.0,46.0,26.0,95.0,69.0,0.9918026985250996,69.0,19.716744153130353,0.01725,0.13846726581626845,1.3116590687994443,0.003801910344346215,0.0057028655165193235,0.9752049325368725,flat,low,95.0,2.485197207725762
6044,MARGOSATUBIG,ZAMBOANGA DEL SUR,7.5755699,123.1659362,301,,183.25,78.0,259.0,181.0,5.924846118790238,181.0,74.65713294789721,0.04525,0.42288524746994416,81.88199053315181,0.0904773376056926,0.08936642895841942,0.8518788470302441,gentle,low,259.0,1.0146384678102631
6045,MIDSALIP,ZAMBOANGA DEL SUR,8.0307675,123.3171861,301,305.0,325.0625,291.0,453.0,162.0,2.2366030833274664,162.0,42.04828883260293,0.0405,0.31863466208925256,45.29121243738119,0.05591507708318666,0.030194141624920796,0.9440849229168133,flat,mid,453.0,3.042632661383562
6046,MOLAVE,ZAMBOANGA DEL SUR,8.0927689,123.4849176,301,22.0,27.625,16.0,71.0,55.0,0.8246528686240282,55.0,15.92904187325779,0.01375,0.1109544350981373,0.5220653967773471,0.0018984196246448982,0.003779658981193462,0.9793836782843993,flat,low,71.0,2.723013576215518
6047,PAGADIAN CITY,ZAMBOANGA DEL SUR,7.8249717,123.4365816,301,8.0,53.30769230769231,3.0,146.0,143.0,3.14386606654849,143.0,48.269092859134894,0.03575,0.30636761856114586,9.985704593874638,0.013966020411013481,0.03746440395970284,0.9214033483362878,gentle,low,146.0,1.9203241718772341
6048,PITOGO,ZAMBOANGA DEL SUR,7.4531641,123.3126544,301,15.0,46.6,5.0,103.0,98.0,2.3392951515462137,98.0,34.782754347521134,0.0245,0.2138458383727242,4.451288790867188,0.009084262838504465,0.01910424373762741,0.9415176212113446,flat,low,103.0,1.6214931633936662
6050,SAN MIGUEL,ZAMBOANGA DEL SUR,7.6484779,123.267382,301,263.0,244.1875,206.0,295.0,89.0,1.8828493086571942,89.0,25.913844634673566,0.02225,0.1845267242969819,17.04973984776577,0.03831402212981072,0.013964465705874193,0.9529287672835701,flat,mid,295.0,1.9608243684222315
6051,SAN PABLO,ZAMBOANGA DEL SUR,7.707547,123.4341981,301,349.0,264.75,101.0,349.0,248.0,4.728877088944948,248.0,70.87003950894905,0.062,0.5078710605402004,129.3702549608114,0.10433085077484791,0.09773012650486226,0.8817780727763763,gentle,mid,349.0,1.1887957082423484
6052,SOMINOT (DON MARIANO MARCOS),ZAMBOANGA DEL SUR,8.0264353,123.4113379,301,260.0,255.0625,117.0,299.0,182.0,2.6826301064747606,182.0,44.783463396101915,0.0455,0.35618429795979006,51.88807423289782,0.057019861794393216,0.0406865566148672,0.932934247338131,flat,mid,299.0,0.981109893852349
6053,TABINA,ZAMBOANGA DEL SUR,7.4632266,123.4091717,301,26.0,84.33333333333333,26.0,131.0,105.0,3.4167462235839046,105.0,42.295258468165066,0.02625,0.24379020741391258,12.60636992076478,0.024012133182409107,0.029896529456359164,0.9145813444104024,gentle,low,131.0,1.1033545426477853
6054,TAMBULIG,ZAMBOANGA DEL SUR,8.0692761,123.536314,301,31.0,34.3125,10.0,108.0,98.0,1.6017395877634644,98.0,32.43208047211896,0.0245,0.2042579953557556,2.244187325542967,0.004579974133761156,0.013080873300068293,0.9599565103059133,flat,low,108.0,2.272055836544049
6055,TIGBAO,ZAMBOANGA DEL SUR,7.8208072,123.2235087,301,323.0,411.5,337.0,624.0,287.0,5.718885928061457,287.0,87.0,0.07175,0.5965402518705377,205.16503266920478,0.14297214820153642,0.1367766884461365,0.8570278517984635,gentle,mid,624.0,2.4425287075571416
6056,TUKURAN,ZAMBOANGA DEL SUR,7.8539612,123.5793019,301,6.0,43.2,8.0,169.0,161.0,3.1471119710734565,161.0,51.72774883947686,0.04025,0.33800756153286193,9.120330492170877,0.011329603095864444,0.042223752278568866,0.9213222007231636,gentle,low,169.0,2.431963508762442
6057,VINCENZO A. SAGUN,ZAMBOANGA DEL SUR,7.5150492,123.1708909,301,49.0,111.73333333333333,8.0,186.0,178.0,3.2304740807623684,178.0,49.735924865455374,0.0445,0.3615812146939446,26.770579765713215,0.03007930310754294,0.0479186988646418,0.9192381479809408,gentle,low,186.0,1.4932197475838966
6058,ZAMBOANGA CITY,ZAMBOANGA DEL SUR,7.8308044,123.3143803,301,414.0,408.1875,331.0,473.0,142.0,2.563921525351816,142.0,35.82111589202659,0.0355,0.2831958012028638,45.50960707499473,0.0640980381337954,0.03033973804999649,0.9359019618662046,flat,mid,473.0,1.809337776802448
6059,ALICIA,ZAMBOANGA SIBUGAY,7.5068011,122.9406969,302,9.0,20.25,6.0,50.0,44.0,0.7776490499293157,44.0,12.241493645248797,0.011,0.08912642071387991,0.28870220978625843,0.0013122827717557202,0.002851379849740824,0.9805587737517671,flat,low,50.0,2.430258792911914
6060,BUUG,ZAMBOANGA SIBUGAY,7.7309445,123.0598716,302,194.0,222.375,194.0,322.0,128.0,2.2653005594349676,128.0,34.42723304304312,0.032,0.25772435728578014,26.866464634898716,0.04197885099202924,0.024163205967306322,0.9433674860141258,flat,mid,322.0,2.8937846088780326
6061,DIPLAHAN,ZAMBOANGA SIBUGAY,7.6915261,122.9851526,302,159.0,112.8125,16.0,189.0,173.0,3.4292155334384256,173.0,55.84153779893602,0.04325,0.3639610196495009,27.88604136846745,0.0322381981138352,0.0494378572737373,0.9142696116640394,gentle,low,189.0,1.3643517288146731
6062,IMELDA,ZAMBOANGA SIBUGAY,7.6419191,122.9357772,302,15.0,66.0,12.0,182.0,170.0,3.0212370375653173,170.0,49.75314060438798,0.0425,0.3477733448845472,14.12428315061786,0.016616803706609246,0.04280085803217533,0.9244690740608671,gentle,low,182.0,2.331511061600367
6063,IPIL,ZAMBOANGA SIBUGAY,7.7821902,122.5867388,302,13.0,25.0625,3.0,80.0,77.0,1.234778124523096,77.0,19.753065426662264,0.01925,0.1526417291584601,0.9928709414296779,0.002578885562155008,0.007923159632356533,0.9691305468869226,flat,low,80.0,2.7812137525061194
6064,KABASALAN,ZAMBOANGA SIBUGAY,7.7974574,122.7619459,302,5.0,10.0625,3.0,36.0,33.0,0.4889008429834194,33.0,7.925187300625772,0.00825,0.06434479877693929,0.06764401507215904,0.0004099637277100548,0.0013444773182044033,0.9877774789254146,flat,low,36.0,3.2727928998169014
6065,MABUHAY,ZAMBOANGA SIBUGAY,7.417105,122.8363678,302,19.0,19.666666666666668,7.0,29.0,22.0,0.3856533812693833,22.0,6.559132733999383,0.0055,0.04511997739810629,0.0695247345677305,0.0006320430415248227,0.0007070311989938695,0.9903586654682655,flat,low,29.0,1.4229521323759322
6066,MALANGAS,ZAMBOANGA SIBUGAY,7.6321118,123.0303669,302,25.0,37.07142857142857,8.0,82.0,74.0,1.6823105369833535,74.0,22.67303081924894,0.0185,0.15595092495760293,1.9229410262911513,0.005197137908895003,0.010374248311397346,0.9579422365754162,flat,low,82.0,1.981586396858844
6067,NAGA,ZAMBOANGA SIBUGAY,7.7953039,122.6942596,302,46.0,41.38461538461539,4.0,112.0,108.0,2.1460660303307013,108.0,29.78522726644216,0.027,0.22049171412064986,3.9966352764850988,0.007401176437935368,0.019314594272976313,0.9463483492417325,flat,low,112.0,2.370818983950651
6068,OLUTANGA,ZAMBOANGA SIBUGAY,7.310729,122.8451368,302,17.0,15.166666666666666,3.0,28.0,25.0,0.5749438239699112,25.0,7.057305119913377,0.00625,0.051940498619621224,0.09083313885635749,0.00072666511085086,0.0011977996332706482,0.9856264044007522,flat,low,28.0,1.8184464603458144
6069,PAYAO,ZAMBOANGA SIBUGAY,7.5872537,122.8018635,302,9.0,40.714285714285715,0.0,143.0,143.0,3.70702762490139,143.0,50.13329172092642,0.03575,0.3137808806791224,8.992851836479531,0.01257741515591543,0.0441754125300749,0.9073243093774652,gentle,low,143.0,2.04027520903327
6070,ROSELLER LIM,ZAMBOANGA SIBUGAY,7.6563848,122.4631545,302,23.0,40.4,3.0,178.0,175.0,2.4931687863764083,175.0,45.84001163466984,0.04375,0.3454352423936867,7.3444597165338354,0.008393668247467241,0.03635871146798929,0.9376707803405898,flat,low,178.0,3.001744373340988
6071,SIAY,ZAMBOANGA SIBUGAY,7.7096892,122.8671803,302,78.0,22.9375,4.0,78.0,74.0,1.2442841219042082,74.0,22.793827974914613,0.0185,0.1522792566998813,0.8800069839238147,0.002378397253848148,0.007673085418409284,0.9688928969523948,flat,low,78.0,2.415675754196373
6072,TALUSAN,ZAMBOANGA SIBUGAY,7.426643,122.8088179,302,,12.5,4.0,18.0,14.0,0.25625577249303033,14.0,5.123475382979799,0.0035,0.03007353851995375,0.01868531674428346,0.0002669330963469066,0.0002989650679085354,0.9935936056876742,flat,low,18.0,1.0734898707196179
6073,TITAY,ZAMBOANGA SIBUGAY,7.8692108,122.5607307,302,127.0,118.4375,81.0,151.0,70.0,1.0985240888199352,70.0,15.964682701200172,0.0175,0.13589832937877466,3.7947713641136565,0.01084220389746759,0.006408057184782955,0.9725368977795016,flat,low,151.0,2.0396583239260835
6074,TUNGAWAN,ZAMBOANGA SIBUGAY,7.6012214,122.421282,302,30.0,45.666666666666664,2.0,134.0,132.0,2.513727767093206,132.0,42.241632965068426,0.033,0.2763172952488235,6.313646241682436,0.009566130669215812,0.027651005438025268,0.9371568058226698,flat,low,134.0,2.0911438559971494
6075,BAUNGON,BUKIDNON,8.3126139,124.6872041,303,420.0,407.375,358.0,487.0,129.0,2.201368996062907,129.0,35.47688508028855,0.03225,0.2600644921559352,35.49707506151437,0.05503422490157267,0.023664716707676246,0.9449657750984273,flat,mid,487.0,2.244419079504296
6076,CABANGLASAN,BUKIDNON,8.0773336,125.2987545,303,454.0,448.125,418.0,464.0,46.0,0.8043945427050865,46.0,12.825146197997121,0.0115,0.09313864717933232,4.625268620554247,0.020109863567627163,0.003083512413702831,0.9798901364323729,flat,mid,464.0,1.2378025573444622
6077,CITY OF MALAYBALAY,BUKIDNON,8.1550421,125.1305726,303,620.0,650.625,581.0,722.0,141.0,2.541254151691192,141.0,41.472694330125215,0.03525,0.2890328996007982,44.78960442355725,0.0635313537922798,0.029859736282371502,0.9364686462077202,flat,mid,722.0,1.721011847237094
6078,DAMULOG,BUKIDNON,7.4848894,124.942479,303,281.0,242.25,177.0,302.0,125.0,2.2440515778653287,125.0,36.748299280374866,0.03125,0.2561331836801548,28.3136195175977,0.04530179122815632,0.023375537269430507,0.9438987105533668,flat,mid,302.0,1.6259255406136162
6079,DANGCAGAN,BUKIDNON,7.6101262,125.004269,303,352.0,355.0,337.0,373.0,36.0,0.6111788517872421,36.0,11.683321445547923,0.009,0.0749255768805356,2.7503048330425894,0.015279471294681051,0.0018335365553617262,0.9847205287053189,flat,mid,373.0,1.5406576411711659
6080,DON CARLOS,BUKIDNON,7.6807528,124.9954728,303,316.0,304.875,295.0,317.0,22.0,0.41044702500097496,22.0,6.5942683445549894,0.0055,0.045383769261498515,1.128729318752681,0.010261175625024373,0.0007524862125017873,0.9897388243749756,flat,mid,317.0,1.8387177360311855
6081,IMPASUG-ONG,BUKIDNON,8.3039052,125.000896,303,633.0,624.75,555.0,693.0,138.0,2.7531608372162673,138.0,41.678081769678414,0.0345,0.2866609330185469,47.49202444198062,0.06882902093040669,0.03166134962798708,0.9311709790695933,flat,mid,693.0,1.637551333087067
6082,KADINGILAN,BUKIDNON,7.6002419,124.9097879,303,330.0,324.5625,298.0,337.0,39.0,0.61281187688653,39.0,9.740179348964782,0.00975,0.07684900972137684,2.987457899821834,0.015320296922163251,0.001991638599881223,0.9846797030778367,flat,mid,337.0,1.2769270746944537
6083,KALILANGAN,BUKIDNON,7.7465169,124.7476141,303,486.0,498.5,479.0,531.0,52.0,1.2197696039074408,52.0,17.930421077041107,0.013,0.11258021213691158,7.928502425398366,0.03049424009768602,0.00528566828359891,0.969505759902314,flat,mid,531.0,1.81256190514413
6084,KIBAWE,BUKIDNON,7.5687481,124.9856942,303,364.0,361.875,348.0,377.0,29.0,0.48898094229348466,29.0,8.222492018846841,0.00725,0.05874190593686378,1.7725559158138822,0.012224523557337117,0.0011817039438759213,0.9877754764426628,flat,mid,377.0,1.8394664447062308
6085,KITAOTAO,BUKIDNON,7.6389703,125.0089657,303,339.0,329.25,302.0,359.0,57.0,0.9678413680816944,57.0,17.80975856096876,0.01425,0.11771495671867319,6.895869747582073,0.02419603420204236,0.004597246498388049,0.9758039657979576,flat,mid,359.0,1.6704324333046612
6086,LANTAPAN,BUKIDNON,7.9983082,125.0228905,303,603.0,619.1875,542.0,703.0,161.0,2.743542320218432,161.0,45.75098188837044,0.04025,0.3265073044864052,55.21378919439594,0.06858855800546079,0.036809192796263955,0.9314114419945392,flat,mid,703.0,1.83192785616207
6087,LIBONA,BUKIDNON,8.3335275,124.7484031,303,590.0,593.125,567.0,636.0,69.0,1.1719388955954377,69.0,18.724566083089883,0.01725,0.1387205534472466,10.10797297451065,0.029298472389885942,0.006738648649673767,0.9707015276101141,flat,mid,636.0,2.2897725650875165
6088,MALITBOG,BUKIDNON,8.5351342,124.8780687,303,158.0,240.5,113.0,386.0,273.0,7.168821176802013,273.0,81.45627661512647,0.06825,0.5808355541171863,196.1165448311256,0.14367512441840702,0.1630906817722458,0.8207794705799496,gentle,mid,386.0,1.7862343365047237
6089,MANOLO FORTICH,BUKIDNON,8.3678344,124.8663083,303,512.0,494.6875,381.0,564.0,183.0,2.9244609481048727,183.0,49.58669018748882,0.04575,0.3662046202125694,66.89704418789897,0.07311152370262182,0.04459802945859931,0.9268884762973781,flat,mid,564.0,1.3978044983466893
6090,MARAMAG,BUKIDNON,7.7610686,125.005158,303,281.0,281.375,261.0,306.0,45.0,0.6837347207699958,45.0,11.318541204589927,0.01125,0.08857406707952403,3.6072348198123287,0.016032154754721462,0.002564005202887484,0.9829066319807501,flat,mid,306.0,2.1756335360938976
6091,PANGANTUCAN,BUKIDNON,7.8297721,124.8288119,303,704.0,726.1875,611.0,830.0,219.0,3.4109712296534416,219.0,57.0550378472401,0.05475,0.4344193820557878,93.37533741176296,0.08527428074133604,0.06225022494117531,0.914725719258664,gentle,mid,830.0,1.8195150173843355
6092,QUEZON,BUKIDNON,7.7295754,125.1018275,303,275.0,303.6875,256.0,345.0,89.0,2.0660983758448204,89.0,28.578223243406857,0.02225,0.189682658446518,22.985344431273624,0.05165245939612051,0.01532356295418242,0.9483475406038795,flat,mid,345.0,1.445593667686718
6093,SAN FERNANDO,BUKIDNON,7.9171095,125.3286922,303,381.0,421.1875,381.0,517.0,136.0,2.2701863608135913,136.0,35.67074913356881,0.034,0.27142512950187736,38.59316813383106,0.056754659020339784,0.025728778755887367,0.9432453409796602,flat,mid,517.0,2.6860242535195065
6094,SUMILAO,BUKIDNON,8.3272712,124.9780566,303,527.0,548.8125,475.0,614.0,139.0,2.8427833370112086,139.0,39.83751176654988,0.03475,0.2864910365542479,49.393360480569754,0.07106958342528022,0.0329289069870465,0.9289304165747198,flat,mid,614.0,1.6363345870010135
6095,TALAKAG,BUKIDNON,8.2323589,124.6031485,303,395.0,395.8125,353.0,435.0,82.0,1.472206600515312,82.0,23.060297997857703,0.0205,0.16662887175165259,15.090117655281947,0.0368051650128828,0.01006007843685463,0.9631948349871172,flat,mid,435.0,1.699349171649531
6096,VALENCIA CITY,BUKIDNON,7.9028844,125.0898033,303,330.0,319.25,293.0,377.0,84.0,1.5233741749032683,84.0,28.036806166180913,0.021,0.17671193225197818,15.995428836484319,0.03808435437258171,0.010663619224322879,0.9619156456274183,flat,mid,377.0,2.0597923172100816
6097,CATARMAN,CAMIGUIN,9.1245495,124.6758412,304,23.0,73.77777777777777,12.0,203.0,191.0,3.960827082695712,191.0,59.42460728197776,0.04775,0.4003900466828912,23.255922867398194,0.024351751693610674,0.06304316439957341,0.9009793229326072,gentle,low,203.0,2.1745574090963364
6098,GUINSILIBAN,CAMIGUIN,9.0965036,124.7848761,304,6.0,160.72727272727272,6.0,383.0,377.0,8.039330635732954,377.0,119.91898091407829,0.09425,0.6802361176147678,202.97360926586745,0.10767830730284744,0.20098326589332385,0.7990167341066762,moderate,low,383.0,1.853524135419906
6099,MAHINOG,CAMIGUIN,9.1559401,124.7876921,304,31.0,139.2,2.0,259.0,257.0,5.986366532961742,257.0,92.01173838157825,0.06425,0.5605630250055196,89.23277954032773,0.0694418517823562,0.12820801658093064,0.8503408366759564,gentle,low,259.0,1.3020077742817378
6100,MAMBAJAO,CAMIGUIN,9.2456944,124.7269435,304,16.0,57.333333333333336,3.0,164.0,161.0,3.3280347772898993,161.0,52.813087603568704,0.04025,0.3410377544393782,12.799991535098874,0.015900610602607296,0.044651133261972814,0.9167991305677525,gentle,low,164.0,2.0197013559903585
6101,SAGAY,CAMIGUIN,9.1046249,124.7248182,304,19.0,86.36363636363636,4.0,206.0,202.0,4.251310995959835,202.0,64.22584119874142,0.0505,0.42583342614630376,30.90252197442016,0.03059655641031699,0.07156373509865722,0.8937172251010042,gentle,low,206.0,1.8627449565575032
6102,BACOLOD,LANAO DEL NORTE,8.1900792,124.0239856,305,30.0,41.54545454545455,10.0,88.0,78.0,1.6647310266076436,78.0,26.365830629687895,0.0195,0.16672083732240076,2.2477652338809113,0.005763500599694645,0.010820751672949684,0.958381724334809,flat,low,88.0,1.7619222525201022
6103,BALOI,LANAO DEL NORTE,8.1155656,124.2220178,305,370.0,389.875,369.0,435.0,66.0,1.139744237675273,66.0,19.640121562760246,0.0165,0.13515959083000564,9.402889960821003,0.028493605941881828,0.006268593307214002,0.9715063940581181,flat,mid,435.0,2.2975925865942295
6104,BAROY,LANAO DEL NORTE,8.0244948,123.7794482,305,8.0,19.636363636363637,1.0,37.0,36.0,0.7513486387127712,36.0,12.02476782820833,0.009,0.07660732435968119,0.22130632631176175,0.0012294795906208987,0.0022540459161383137,0.9812162840321808,flat,low,37.0,1.443989203593157
6105,ILIGAN CITY,LANAO DEL NORTE,8.2454672,124.2542936,305,6.0,36.333333333333336,3.0,91.0,88.0,1.9276205778540199,88.0,31.841621957571334,0.022,0.19132217599965112,2.5680189698299665,0.00583640674961356,0.014135884237596145,0.9518094855536495,flat,low,91.0,1.7168304121780942
6106,KAPATAGAN,LANAO DEL NORTE,7.8959157,123.7671411,305,17.0,16.5625,12.0,22.0,10.0,0.17901514160541127,10.0,2.714975828621684,0.0025,0.020186350260542926,0.012353909511831768,0.00024707819023663533,0.00014917928467117605,0.9955246214598648,flat,low,22.0,2.0027795238165855
6107,KAUSWAGAN,LANAO DEL NORTE,8.1886898,124.0864362,305,26.0,39.0,16.0,65.0,49.0,1.510726494424464,49.0,19.072231122760652,0.01225,0.11214849832322826,1.2029159711854795,0.0049098611068795085,0.006168799852233228,0.9622318376393884,flat,low,65.0,1.3632384417643388
6108,KOLAMBUGAN,LANAO DEL NORTE,8.111282,123.8965933,305,21.0,52.083333333333336,10.0,105.0,95.0,2.117053787108683,95.0,30.88542896289806,0.02375,0.20220479258773172,4.36458571561035,0.009188601506548105,0.01676000914794374,0.9470736553222829,flat,low,105.0,1.71332135347425
6109,LALA,LANAO DEL NORTE,7.9733694,123.7476509,305,5.0,3.75,1.0,10.0,9.0,0.13456574791771958,9.0,2.537222891273055,0.00225,0.018060414149310786,0.0018923308300929317,4.205179622428737e-05,0.00010092431093828968,0.996635856302057,flat,low,10.0,2.463322224537329
6110,LINAMON,LANAO DEL NORTE,8.1839585,124.1569454,305,9.0,65.66666666666667,8.0,138.0,130.0,2.443067970957936,130.0,43.27110917100333,0.0325,0.2740716569738864,8.689857046698993,0.013369010841075373,0.02646656968537764,0.9389233007260516,flat,low,138.0,1.6716310963014087
6111,MAGSAYSAY,LANAO DEL NORTE,8.0347903,123.9131672,305,229.0,225.4375,157.0,280.0,123.0,2.6320028079781017,123.0,33.421491494994655,0.03075,0.25209201322980124,30.40929681745762,0.04944601108529694,0.02697802878177554,0.9341999298005474,flat,mid,280.0,1.632557253634664
6112,MAIGO,LANAO DEL NORTE,8.1586175,123.9610824,305,10.0,24.923076923076923,5.0,76.0,71.0,1.1792428821201428,71.0,20.31847033332949,0.01775,0.1439096689963239,0.8694648480862746,0.0024491967551726044,0.006977187052544178,0.9705189279469965,flat,low,76.0,2.5138172177913223
6113,MATUNGAO,LANAO DEL NORTE,8.1332196,124.1671308,305,370.0,341.0,253.0,428.0,175.0,2.6243993887574817,175.0,42.77557714397317,0.04375,0.3424975975102589,57.408736629069914,0.06560998471893704,0.03827249108604661,0.9343900152810629,flat,mid,428.0,2.0338708154259697
6114,MUNAI,LANAO DEL NORTE,8.0787755,124.052425,305,416.0,513.3125,397.0,657.0,260.0,5.45008620920057,260.0,76.74936380029479,0.065,0.5400207393975647,177.12780179901856,0.13625215523001427,0.11808520119934571,0.8637478447699858,gentle,mid,657.0,1.8721653315813256
6115,NUNUNGAN,LANAO DEL NORTE,7.7874638,123.9104982,305,676.0,722.0,584.0,972.0,388.0,7.380116229889724,388.0,107.45522323274938,0.097,0.6578496479885343,357.9356371496516,0.1845029057472431,0.1845029057472431,0.8154970942527568,gentle,mid,972.0,2.3265504472681275
6116,PANTAO RAGAT,LANAO DEL NORTE,8.0610559,124.1846453,305,572.0,588.625,542.0,673.0,131.0,2.242443818283658,131.0,34.7632618578867,0.03275,0.2624723992204976,36.7200175243949,0.056061095457091446,0.02448001168292993,0.9439389045429085,flat,mid,673.0,2.4271312029865446
6117,PANTAR,LANAO DEL NORTE,8.061219,124.2642034,305,580.0,584.8125,549.0,637.0,88.0,2.1948641569534173,88.0,25.647170287382583,0.022,0.18540128842318587,24.14350572648759,0.05487160392383543,0.01609567048432506,0.9451283960761646,flat,mid,637.0,2.0348247927705865
6118,POONA PIAGAPO,LANAO DEL NORTE,8.1328988,124.1177626,305,260.0,261.8125,166.0,351.0,185.0,3.0780207378387856,185.0,55.634093357850276,0.04625,0.37861147259988975,62.11870679945923,0.06715535870211808,0.04745281970834795,0.9230494815540303,gentle,mid,351.0,1.6031086877468899
6119,SALVADOR,LANAO DEL NORTE,7.9031902,123.8408099,305,39.0,49.75,34.0,106.0,72.0,1.2996689713110579,72.0,22.459686106444142,0.018,0.1493183516408973,1.939755939681754,0.005388210943560428,0.007798013827866347,0.9675082757172235,flat,low,106.0,2.5044872501300666
6120,SAPAD,LANAO DEL NORTE,7.8458435,123.8364762,305,42.0,77.0625,33.0,281.0,248.0,3.5648588349226276,248.0,66.65252128576982,0.062,0.4920625431865994,28.38741650984325,0.02289307783051875,0.07367374925506763,0.9108785291269343,gentle,low,281.0,3.0597116659085573
6121,SULTAN NAGA DIMAPORO (KAROMATAN),LANAO DEL NORTE,7.792076,123.7162038,305,10.0,19.88888888888889,6.0,37.0,31.0,0.8123663167991373,31.0,10.826351026232702,0.00775,0.06804333997363606,0.20869540240363024,0.0013464219509911628,0.0020986129850644377,0.9796908420800216,flat,low,37.0,1.5805057021654365
6122,TAGOLOAN,LANAO DEL NORTE,8.1268565,124.2767478,305,426.0,413.4375,298.0,548.0,250.0,4.186594703648945,250.0,65.07588719141675,0.0625,0.49840055324548393,130.83108448902954,0.10466486759122362,0.08722072299268635,0.8953351324087764,gentle,mid,548.0,2.067778154701364
6123,TANGCAL,LANAO DEL NORTE,8.0449438,123.9438908,305,365.0,332.8125,233.0,448.0,215.0,3.5185537249421284,215.0,56.54336692972925,0.05375,0.4286785009995493,94.5611313578197,0.08796384312355321,0.06304075423854646,0.9120361568764468,gentle,mid,448.0,2.037153148414369
6124,TUBOD,LANAO DEL NORTE,8.0486582,123.7961839,305,15.0,18.3,2.0,35.0,33.0,0.9164416021388501,33.0,11.79872874508097,0.00825,0.07325050234548958,0.2305996181381882,0.0013975734432617466,0.002520214405881838,0.9770889599465288,flat,low,35.0,1.4154066040000983
6125,ALORAN,MISAMIS OCCIDENTAL,8.4164194,123.8210876,306,18.0,29.1875,4.0,97.0,93.0,1.3660921329438924,93.0,27.90210285534049,0.02325,0.18865610997037974,1.5450715475491195,0.0033227345108583217,0.010587214030315166,0.9658476966764027,flat,low,97.0,2.4303722884688717
6126,BALIANGAO,MISAMIS OCCIDENTAL,8.6601564,123.6027017,306,11.0,9.4,8.0,11.0,3.0,0.061294504653721896,3.0,1.0198039027185568,0.00075,0.006396065452678143,0.0007202104296812322,4.801402864541548e-05,1.5323626163430475e-05,0.998467637383657,flat,low,11.0,1.5689275426454423
6127,BONIFACIO,MISAMIS OCCIDENTAL,8.0522878,123.6139434,306,107.0,84.0,3.0,165.0,162.0,3.2037137820147965,162.0,56.09255743857646,0.0405,0.3458225721773981,18.165057144023898,0.022425996474103576,0.04325013605719975,0.9199071554496301,gentle,low,165.0,1.4440418168605762
6128,CALAMBA,MISAMIS OCCIDENTAL,8.5605342,123.6442296,306,104.0,102.3125,82.0,131.0,49.0,0.9905578958199215,49.0,14.207035009107283,0.01225,0.10111009493390069,2.069156783786546,0.00844553789300631,0.004044778074598013,0.975236052604502,flat,low,131.0,2.0192459554273077
6129,CLARIN,MISAMIS OCCIDENTAL,8.1998924,123.8616135,306,7.0,11.5,7.0,16.0,9.0,0.2039998980388108,9.0,2.9297326385411577,0.00225,0.01919130929256114,0.008797495602923715,0.00019549990228719366,0.0001529999235291081,0.9949000025490298,flat,low,16.0,1.5359758104974848
6130,CONCEPCION,MISAMIS OCCIDENTAL,8.4233368,123.6032778,306,668.0,606.3125,448.0,723.0,275.0,3.973014297865329,275.0,72.45491593915489,0.06875,0.5438704296918615,136.57236648912067,0.09932535744663322,0.09104824432608044,0.9006746425533668,gentle,mid,723.0,1.6104842145908482
6132,JIMENEZ,MISAMIS OCCIDENTAL,8.3343655,123.8400281,306,27.0,23.933333333333334,5.0,69.0,64.0,1.1058625039357943,64.0,19.763490469943704,0.016,0.13202761753602982,0.7057860247341337,0.0022055813272941678,0.005897933354324237,0.9723534374016052,flat,low,69.0,2.2802988396662602
6133,LOPEZ JAENA,MISAMIS OCCIDENTAL,8.5530838,123.7657748,306,14.0,16.53846153846154,2.0,51.0,49.0,0.9097735032110482,49.0,13.73717799155262,0.01225,0.09977675547516683,0.3071943543694998,0.0012538545076306114,0.0037149084714451137,0.9772556624197238,flat,low,51.0,2.508632848325689
6134,OROQUIETA CITY,MISAMIS OCCIDENTAL,8.4868958,123.8074597,306,4.0,8.3,1.0,23.0,22.0,0.4369876753099106,22.0,6.388270501473776,0.0055,0.045341336160926754,0.03324747896316237,0.00030224980875602156,0.0008011440714015028,0.9890753081172522,flat,low,23.0,2.301091930205018
6135,OZAMIS CITY,MISAMIS OCCIDENTAL,8.4612242,123.8037873,306,13.0,27.533333333333335,1.0,71.0,70.0,1.2714501031674392,70.0,22.09031964961626,0.0175,0.14557894793553677,1.0210450689602961,0.0029172716256008462,0.007416792268476728,0.968213747420814,flat,low,71.0,1.9676792997308414
6136,PANAON,MISAMIS OCCIDENTAL,8.362795,123.8409132,306,11.0,18.833333333333332,4.0,43.0,39.0,1.0600934576549588,39.0,15.285250697613334,0.00975,0.08815615201796534,0.32443276860315307,0.001663757787708477,0.0034453037373786163,0.973497663558626,flat,low,43.0,1.5810447315329519
6137,PLARIDEL,MISAMIS OCCIDENTAL,8.6198081,123.7113727,306,,6.222222222222222,4.0,10.0,6.0,0.12310114882841454,6.0,1.872477727372524,0.0015,0.01257377202207866,0.0019149067595531147,6.383022531843716e-05,6.155057441420727e-05,0.9969224712792897,flat,low,10.0,2.0175277414653374
6138,SAPANG DALAGA,MISAMIS OCCIDENTAL,8.5422258,123.5670307,306,99.0,106.625,62.0,178.0,116.0,2.023735399885857,116.0,26.208002117673907,0.029,0.22665168757256646,10.42940470562009,0.017981732251069124,0.019562775532229952,0.9494066150028536,flat,low,178.0,2.723404743181933
6139,SINACABAN,MISAMIS OCCIDENTAL,8.2852005,123.8428482,306,9.0,39.166666666666664,6.0,73.0,67.0,1.4515632724864982,67.0,25.806437612003368,0.01675,0.14760976211692803,1.5871433142569382,0.004737741236587875,0.008104561604716282,0.9637109181878375,flat,low,73.0,1.3110423271499545
6140,TANGUB CITY,MISAMIS OCCIDENTAL,8.0609053,123.7512585,306,6.0,8.9,3.0,21.0,18.0,0.38252338690838156,18.0,5.629387178015028,0.0045,0.03785292920613505,0.02553343607613447,0.000283704845290383,0.0005737850803625723,0.9904369153272905,flat,low,21.0,2.1494342932781314
6141,TUDELA,MISAMIS OCCIDENTAL,8.2411877,123.8469059,306,8.0,23.714285714285715,5.0,74.0,69.0,1.552194772989335,69.0,24.800427909409063,0.01725,0.1501489414762021,1.0582642220130858,0.003067432527574162,0.008925119944688677,0.9611951306752666,flat,low,74.0,2.0276147025278393
6142,ALUBIJID,MISAMIS ORIENTAL,8.5704786,124.4711949,307,17.0,41.0,0.0,103.0,103.0,1.8879869997871548,103.0,26.351470547200964,0.02575,0.20615518031107222,3.3220704583754808,0.006450622249272778,0.016205221748173078,0.9528003250053211,flat,low,103.0,2.3528097810000896
6143,BALINGASAG,MISAMIS ORIENTAL,8.7428634,124.7755689,307,7.0,10.571428571428571,3.0,20.0,17.0,0.3503773119143321,17.0,4.923910839889739,0.00425,0.03513101593243673,0.026236586808823195,0.0003086657271626258,0.0004963678585453037,0.9912405672021417,flat,low,20.0,1.9148538266238662
6144,BALINGOAN,MISAMIS ORIENTAL,9.0038881,124.8502124,307,24.0,68.15384615384616,1.0,175.0,174.0,3.559704393726415,174.0,61.65642539832656,0.0435,0.3743559806428749,17.58904705623202,0.020217295466933356,0.05161571370903301,0.9110073901568396,gentle,low,175.0,1.7329280999174774
6145,BINUANGAN,MISAMIS ORIENTAL,8.921055,124.7850158,307,75.0,142.11111111111111,54.0,233.0,179.0,5.038926079540706,179.0,65.85749673760164,0.04475,0.40040059884611673,53.40818405445041,0.059673948664190395,0.0751639806864822,0.8740268480114823,gentle,low,233.0,1.3800841515573627
6146,CAGAYAN DE ORO CITY,MISAMIS ORIENTAL,8.4860705,124.656805,307,5.0,11.642857142857142,3.0,37.0,34.0,0.6170783441939675,34.0,10.306774075176708,0.0085,0.07014180094526616,0.10178119593818355,0.0005987129172834326,0.0017483886418829075,0.9845730413951508,flat,low,37.0,2.460240247040427
6147,CLAVERIA,MISAMIS ORIENTAL,8.6119415,124.8933887,307,665.0,631.9375,550.0,773.0,223.0,3.942402095258293,223.0,62.160546922867404,0.05575,0.4518767475639999,109.89445840532494,0.09856005238145733,0.07326297227021661,0.9014399476185426,gentle,mid,773.0,2.2693252346333717
6148,EL SALVADOR CITY,MISAMIS ORIENTAL,8.5621929,124.5243028,307,9.0,28.333333333333332,7.0,52.0,45.0,1.2808595018221607,45.0,17.832554500127006,0.01125,0.10248425997444659,0.680456610343023,0.0030242516015245463,0.004803223131833103,0.967978512454446,flat,low,52.0,1.327160690261029
6149,GINGOOG CITY,MISAMIS ORIENTAL,8.8232748,125.1012978,307,8.0,17.88888888888889,3.0,58.0,55.0,1.0668638164684587,55.0,16.230591448417155,0.01375,0.11347584699198854,0.4373647729087131,0.001590417356031684,0.004889792492147102,0.9733284045882885,flat,low,58.0,2.4713276017859003
6150,GITAGUM,MISAMIS ORIENTAL,8.5944139,124.4057538,307,6.0,52.69230769230769,1.0,100.0,99.0,1.960360598664966,99.0,31.74752471364952,0.02475,0.20798318818985118,4.26095685892515,0.008607993654394241,0.01617297493898597,0.9509909850333759,flat,low,100.0,1.4901221825722581
6151,INITAO,MISAMIS ORIENTAL,8.4975425,124.3056107,307,16.0,54.7,16.0,101.0,85.0,2.322817954540264,85.0,27.770667979002596,0.02125,0.1848522144075641,4.499975866514566,0.010588178509446038,0.0164532938446602,0.9419295511364933,flat,low,101.0,1.6672266712410648
6152,JASAAN,MISAMIS ORIENTAL,8.6504031,124.7547085,307,23.0,77.8,1.0,169.0,168.0,3.5144180440201724,168.0,54.27485605692566,0.042,0.3551176326277441,19.139520667733855,0.022785143652064115,0.04920185261628242,0.9121395488994957,gentle,low,169.0,1.6803360698738603
6153,KINOGUITAN,MISAMIS ORIENTAL,8.9840257,124.7911165,307,,73.85714285714286,16.0,141.0,125.0,2.8889643484914314,125.0,36.992001341713134,0.03125,0.2621011065049175,11.113054822693973,0.017780887716310357,0.030093378630119075,0.9277758912877142,flat,low,141.0,1.8150641460990915
6154,LAGONGLONG,MISAMIS ORIENTAL,8.8058529,124.7877432,307,3.0,68.75,17.0,176.0,159.0,3.345379963054456,159.0,48.165729517988204,0.03975,0.33199304736737745,15.237160300474592,0.019166239371666154,0.04432628451047155,0.9163655009236386,gentle,low,176.0,2.22668687563964
6155,LAGUINDINGAN,MISAMIS ORIENTAL,8.5747178,124.4408927,307,155.0,114.0625,63.0,157.0,94.0,1.8789497773577428,94.0,25.02116291761836,0.0235,0.19080236110870474,8.394110268378146,0.017859809081655627,0.014718439922635653,0.9530262555660565,flat,low,157.0,1.7160472686790587
6156,LIBERTAD,MISAMIS ORIENTAL,8.5627014,124.3522663,307,7.0,45.25,5.0,90.0,85.0,1.8809651661583473,85.0,27.430594233446712,0.02125,0.18053257084848115,3.014442612640227,0.007092806147388769,0.013323503260288293,0.9529758708460413,flat,low,90.0,1.6313900452818233
6157,LUGAIT,MISAMIS ORIENTAL,8.3431526,124.2597747,307,27.0,60.7,15.0,130.0,115.0,2.5872402593918737,115.0,36.20234799015114,0.02875,0.24340814958988044,7.525096096118738,0.013087123645423894,0.024794385819172125,0.9353189935152032,flat,low,130.0,1.9142404272952864
6159,MANTICAO,MISAMIS ORIENTAL,8.4032763,124.2888219,307,7.0,21.5,7.0,42.0,35.0,0.7600136793808999,35.0,11.221259584675273,0.00875,0.07411179914081657,0.23829595572255305,0.001361691175557446,0.002216706564860958,0.9809996580154775,flat,low,42.0,1.8268892202714353
6160,MEDINA,MISAMIS ORIENTAL,8.911603,125.0245634,307,13.0,32.22222222222222,4.0,110.0,106.0,2.212325810776121,106.0,33.16885345480264,0.0265,0.2225829887840279,3.1484673807063865,0.005940504491898843,0.0195422113285224,0.944691854730597,flat,low,110.0,2.344903948484602
6161,NAAWAN,MISAMIS ORIENTAL,8.4336209,124.2909727,307,,25.625,8.0,50.0,42.0,1.146566956788862,42.0,13.819709656863273,0.0105,0.09145874041438692,0.5141636196850052,0.0024483981889762154,0.004012984348761017,0.9713358260802785,flat,low,50.0,1.7637851186048286
6162,OPOL,MISAMIS ORIENTAL,8.4470053,124.5362863,307,145.0,185.0625,122.0,222.0,100.0,1.9950161624038734,100.0,30.34276839297957,0.025,0.20791341594500665,15.383444939786116,0.030766889879572233,0.016625134686698944,0.9501245959399032,flat,low,222.0,1.217341091105094
6163,SALAY,MISAMIS ORIENTAL,8.8588765,124.7868157,307,,130.6,8.0,218.0,210.0,4.375088779710678,210.0,70.09022756419043,0.0525,0.4467356635747224,49.99632703014377,0.04761554955251787,0.07656405364493686,0.8906227805072331,gentle,low,218.0,1.2469641174012844
6164,SUGBONGCOGON,MISAMIS ORIENTAL,8.9562619,124.7881272,307,134.0,159.91666666666666,65.0,270.0,205.0,3.582605787925638,205.0,57.15397089344614,0.05125,0.4150530951689442,48.93677791461827,0.04774319796548124,0.06120284887706298,0.9104348553018591,gentle,low,270.0,1.9260836943854924
6165,TAGOLOAN,MISAMIS ORIENTAL,8.5387132,124.75441,307,12.0,16.3,4.0,52.0,48.0,0.8207112252982297,48.0,14.325152704247172,0.012,0.09828142682702243,0.26755185944722293,0.0011147994143634289,0.003282844901192919,0.9794822193675442,flat,low,52.0,2.492119856934976
6166,TALISAYAN,MISAMIS ORIENTAL,8.9974839,124.8846137,307,2.0,47.0,2.0,130.0,128.0,2.393148958412244,128.0,36.2270617080657,0.032,0.26124280233019476,5.998826722420025,0.00937316675378129,0.025526922223063936,0.9401712760396939,flat,low,130.0,2.2911048756243946
6167,VILLANUEVA,MISAMIS ORIENTAL,8.5837261,124.7698576,307,5.0,62.2,1.0,209.0,208.0,5.096853787823841,208.0,77.75448540116513,0.052,0.4602701178450121,27.475439818895715,0.026418692133553575,0.08834546565561324,0.8725786553044039,gentle,low,209.0,1.8879939511477535
6168,COMPOSTELA,COMPOSTELA VALLEY,7.6675008,126.0856272,308,76.0,74.9375,69.0,79.0,10.0,0.1533095729368186,10.0,2.633171804117612,0.0025,0.019852354502020643,0.04786931717480351,0.0009573863434960703,0.00012775797744734883,0.9961672606765796,flat,low,79.0,1.542815569736739
6169,LAAK (SAN VICENTE),COMPOSTELA VALLEY,7.8476766,125.7566901,308,162.0,151.25,124.0,186.0,62.0,1.1762249956724904,62.0,17.311484627264065,0.0155,0.12637394821515305,4.595854123716157,0.014825335882955348,0.0060771624776412006,0.9705943751081877,flat,low,186.0,2.0073378303980918
6171,MACO,COMPOSTELA VALLEY,7.368797,125.8556637,308,20.0,49.0,7.0,114.0,107.0,1.9553894666864358,107.0,36.2381014955254,0.02675,0.22592712649420685,4.271711239098743,0.007984506988969613,0.017435556077954054,0.9511152633328391,flat,low,114.0,1.7936921506313985
6173,MAWAB,COMPOSTELA VALLEY,7.5076424,125.9207138,308,68.0,95.9375,65.0,202.0,137.0,2.2231756075053877,137.0,39.93035929903461,0.03425,0.2781932656310516,12.175070686988164,0.017773825820420676,0.025381254852353177,0.9444206098123653,flat,low,202.0,2.6561869015382826
6174,MONKAYO,COMPOSTELA VALLEY,7.8239526,126.0536908,308,63.0,65.9375,54.0,88.0,34.0,0.7573192005972209,34.0,10.027890792684172,0.0085,0.07099706406213792,0.7074229095162061,0.004161311232448272,0.0021457377350254593,0.9810670199850695,flat,low,88.0,2.2001134890681264
6175,MONTEVISTA,COMPOSTELA VALLEY,7.7030449,125.9879183,308,90.0,104.1875,63.0,226.0,163.0,3.009753649094046,163.0,56.2963350827565,0.04075,0.34589712453991495,21.29722060639279,0.026131559026248825,0.04088248706686079,0.9247561587726488,gentle,low,226.0,2.16377314184237
6176,NABUNTURAN,COMPOSTELA VALLEY,7.6021804,125.9687792,308,81.0,104.75,73.0,218.0,145.0,1.9258309332695622,145.0,40.80670900722086,0.03625,0.28875996600906984,12.187901911540862,0.016810899188332222,0.023270457110340544,0.9518542266682609,flat,low,218.0,2.7752788690869736
6177,NEW BATAAN,COMPOSTELA VALLEY,7.5480137,126.1371638,308,219.0,223.5625,163.0,286.0,123.0,2.544564225091171,123.0,39.70196586757386,0.03075,0.2597008914596462,29.154543403062178,0.04740576163099541,0.0260817833071845,0.9363858943727207,flat,mid,286.0,1.5726550830154244
6178,PANTUKAN,COMPOSTELA VALLEY,7.1268151,125.8971404,308,14.0,18.866666666666667,12.0,32.0,20.0,0.340411891460244,20.0,6.1304340973720794,0.005,0.04115251618010657,0.053520314046249476,0.0005352031404624948,0.00056735315243374,0.9914897027134939,flat,low,32.0,2.142316674874051
6179,ASUNCION (SAUG),DAVAO (DAVAO DEL NORTE),7.5382999,125.753854,309,18.0,16.25,13.0,24.0,11.0,0.1558968973289551,11.0,2.331844763272204,0.00275,0.020973224202657962,0.01161107099897947,0.0002111103817996267,0.00014290548921820883,0.9961025775667761,flat,low,24.0,3.3235474327104186
6180,BRAULIO E. DUJALI,DAVAO (DAVAO DEL NORTE),7.448674,125.6895921,309,7.0,6.75,5.0,8.0,3.0,0.057121970410418,3.0,0.75,0.00075,0.005999817241091158,0.0004819666253379018,3.213110835586012e-05,1.42804926026045e-05,0.9985719507397396,flat,low,8.0,1.6666644444474072
6181,CARMEN,DAVAO (DAVAO DEL NORTE),7.3556822,125.7044546,309,5.0,9.0625,3.0,17.0,14.0,0.2501983103005135,14.0,3.960251728110222,0.0035,0.028469570852609788,0.013226629424740687,0.00018895184892486695,0.0002918980286839324,0.9937450422424872,flat,low,17.0,2.0042912775891617
6182,CITY OF TAGUM,DAVAO (DAVAO DEL NORTE),7.4470784,125.8094853,309,24.0,24.625,18.0,31.0,13.0,0.20179674740076223,13.0,3.550968177835448,0.00325,0.026000345776870604,0.02691674323402875,0.0004141037420619808,0.00021861314301749242,0.9949550813149809,flat,low,31.0,1.7952845211362793
6183,ISLAND GARDEN CITY OF SAMAL,DAVAO (DAVAO DEL NORTE),7.0780265,125.7120437,309,40.0,94.18181818181819,19.0,227.0,208.0,5.150728688032571,208.0,78.34749886570978,0.052,0.4615322078412314,42.042432709347075,0.040425416066679876,0.08927929725923123,0.8712317827991858,gentle,low,227.0,1.6952446733569877
6184,KAPALONG,DAVAO (DAVAO DEL NORTE),7.5855037,125.7076466,309,22.0,21.0625,18.0,24.0,6.0,0.10707970296128845,6.0,1.5194057226429023,0.0015,0.011962821697768477,0.005638415609055344,0.00018794718696851147,5.353985148064422e-05,0.9973230074259678,flat,low,24.0,1.9333203915870685
6185,NEW CORELLA,DAVAO (DAVAO DEL NORTE),7.5870947,125.8239642,309,25.0,22.6875,19.0,27.0,8.0,0.1474154769324343,8.0,2.3642850399222173,0.002,0.016442265476388426,0.011148295443015342,0.0002787073860753836,9.827698462162286e-05,0.9963146130766891,flat,low,27.0,1.824017875663588
6186,PANABO CITY,DAVAO (DAVAO DEL NORTE),7.29987,125.6807086,309,8.0,8.866666666666667,5.0,12.0,7.0,0.16048513626616703,7.0,2.2469732728470286,0.00175,0.014900209306125001,0.004150323940661153,0.00011858068401889009,9.361632948859744e-05,0.9959878715933458,flat,low,12.0,1.3944678277794622
6187,SAN ISIDRO,DAVAO (DAVAO DEL NORTE),7.7477335,125.7262696,309,105.0,109.25,90.0,140.0,50.0,1.0388879097754202,50.0,14.775401855787205,0.0125,0.10379080501825119,2.3645521696450973,0.009458208678580389,0.004328699624064251,0.9740278022556145,flat,low,140.0,2.081161529071669
6188,SANTO TOMAS,DAVAO (DAVAO DEL NORTE),7.532835,125.6232185,309,44.0,38.75,31.0,46.0,15.0,0.2683455591309444,15.0,4.981214711292819,0.00375,0.031489643257452855,0.06498994010202559,0.0008665325346936746,0.00033543194891368045,0.9932913610217264,flat,low,46.0,1.45546798617126
6189,TALAINGOD,DAVAO (DAVAO DEL NORTE),7.6325607,125.5751491,309,219.0,244.6875,148.0,351.0,203.0,4.44818183333237,203.0,69.4889548327646,0.05075,0.4360735308186777,92.06172581072227,0.09070120769529287,0.07524840934720593,0.8887954541666907,gentle,mid,351.0,1.5299193767691182
6190,BANSALAN,DAVAO DEL SUR,6.7869339,125.2108071,310,164.0,151.6875,114.0,227.0,113.0,1.7159344429610974,113.0,30.51990897348811,0.02825,0.2252076383405604,12.255123357201143,0.02169048381805512,0.016158382671216998,0.9571016389259726,flat,low,227.0,2.467651446725174
6191,DAVAO CITY,DAVAO DEL SUR,7.0857729,125.6160832,310,7.0,9.428571428571429,5.0,17.0,12.0,0.29263670576257234,12.0,4.10077145554495,0.003,0.026028266449482442,0.013795730414521269,0.00022992884024202115,0.00029263670576257233,0.9926840823559356,flat,low,17.0,1.8463420376301778
6192,DIGOS CITY,DAVAO DEL SUR,6.7440957,125.3555319,310,18.0,16.4375,10.0,24.0,14.0,0.2202707595829349,14.0,3.353519606324078,0.0035,0.02739872862144945,0.02112075356209287,0.00030172505088704103,0.0002569825528467574,0.9944932310104266,flat,low,24.0,2.2550927481222622
6193,HAGONOY,DAVAO DEL SUR,6.6884647,125.2972001,310,21.0,20.0625,14.0,33.0,19.0,0.3655183529413871,19.0,5.273385416409463,0.00475,0.038729466143449756,0.05805459465076875,0.0006111009963238816,0.0005787373921571963,0.9908620411764654,flat,low,33.0,2.453357098911191
6194,KIBLAWAN,DAVAO DEL SUR,6.6206059,125.2542074,310,68.0,63.5625,41.0,92.0,51.0,0.7427129769017233,51.0,14.962322471795614,0.01275,0.10294850184361759,1.0031847388792106,0.003934057799526316,0.0031565301518323243,0.9814321755774569,flat,low,92.0,1.900607218765552
6195,MAGSAYSAY,DAVAO DEL SUR,6.7517369,125.1504638,310,99.0,101.9375,88.0,117.0,29.0,0.5630882968865121,29.0,8.742630825443792,0.00725,0.0600838636983487,0.693581076938415,0.004783317771989069,0.0013607967174757375,0.9859227925778372,flat,low,117.0,1.7228793686774522
6196,MALALAG,DAVAO DEL SUR,6.5918589,125.4008825,310,29.0,33.18181818181818,19.0,61.0,42.0,1.167075453034325,42.0,14.319841173688674,0.0105,0.0923050317789686,0.6776994960233409,0.0032271404572540045,0.004084764085620138,0.9708231136741419,flat,low,61.0,1.9426318726679155
6197,MATANAO,DAVAO DEL SUR,6.709707,125.2170514,310,53.0,56.625,50.0,63.0,13.0,0.25404037871053675,13.0,3.6890886408434267,0.00325,0.026641638168175098,0.07791894740762245,0.0011987530370403453,0.00027521041026974815,0.9936489905322365,flat,low,63.0,1.7280686078808594
6198,PADADA,DAVAO DEL SUR,6.6388664,125.3419089,310,17.0,20.0625,15.0,26.0,11.0,0.20494146334427316,11.0,3.3997931922397866,0.00275,0.02282629539391544,0.01884500799657887,0.0003426365090287067,0.00018786300806558374,0.9948764634163931,flat,low,26.0,1.746429243732654
6199,SANTA CRUZ,DAVAO DEL SUR,6.8336118,125.4152375,310,11.0,26.333333333333332,4.0,77.0,73.0,1.9066641768470827,73.0,24.574150827422073,0.01825,0.15894884598397477,1.5271850427607117,0.00418406861030332,0.01159887374248642,0.9523333955788229,flat,low,77.0,2.0617869956401993
6200,SULOP,DAVAO DEL SUR,6.5966959,125.3449838,310,15.0,27.1875,6.0,98.0,92.0,1.2803579190818593,92.0,23.34046579976501,0.023,0.1803237528583196,1.334373018793125,0.0029008109104198374,0.009816077379627587,0.9679910520229535,flat,low,98.0,3.0338939065568704
6201,DON MARCELINO,DAVAO OCCIDENTAL,6.1978508,125.6977653,311,34.0,151.875,34.0,306.0,272.0,7.238645276580863,272.0,89.06660078278502,0.068,0.5900936138804626,124.5951818231481,0.09161410428172655,0.16407595960249954,0.8190338680854784,gentle,low,306.0,1.7304466198887765
6202,JOSE ABAD SANTOS (TRINIDAD),DAVAO OCCIDENTAL,5.9124898,125.6445185,311,,164.1,34.0,456.0,422.0,9.471543090552647,422.0,148.87877619056383,0.1055,0.7313810369630874,273.29427222057865,0.12952335176330743,0.23678857726381616,0.7632114227361838,moderate,low,456.0,1.9606555447884284
6203,MALITA,DAVAO OCCIDENTAL,6.4143745,125.6109051,311,8.0,22.666666666666668,4.0,54.0,50.0,1.5192559481659638,50.0,19.03213656482693,0.0125,0.11366967163288809,0.7174264199672608,0.0028697056798690427,0.0063302331173581815,0.9620186012958509,flat,low,54.0,1.6463381071414749
6204,SANTA MARIA (DAVAO OCCIDENTAL),DAVAO OCCIDENTAL,6.4894344,125.5443748,311,54.0,122.8125,42.0,214.0,172.0,3.6318262842375324,172.0,48.20557378301808,0.043,0.3540525783644358,31.965746029859407,0.0371694721277435,0.052056176740737974,0.9092043428940617,gentle,low,214.0,1.8916380607523353
6205,SARANGANI,DAVAO OCCIDENTAL,5.4122469,125.4217427,311,41.0,97.28571428571429,24.0,229.0,205.0,6.234132444495187,205.0,80.40205094348258,0.05125,0.46925139348064304,51.80452737581849,0.050541002317871696,0.10649976259345945,0.8441466888876203,gentle,low,229.0,1.6381955749944332
6206,BAGANGA,DAVAO ORIENTAL,7.5747096,126.5616073,312,38.0,36.63636363636363,7.0,76.0,69.0,2.0411620212969637,69.0,20.82949275894738,0.01725,0.1491328246982783,2.149946679022904,0.0062317295044142145,0.011736681622457541,0.9489709494675759,flat,low,76.0,1.8898028353054706
6207,BANAYBANAY,DAVAO ORIENTAL,6.9668999,126.0107563,312,20.0,19.75,14.0,27.0,13.0,0.22157959831855217,13.0,3.848701079585163,0.00325,0.026570422924734216,0.023704400778453445,0.00036468308889928375,0.0002400445648450982,0.9944605100420362,flat,low,27.0,1.88375193768738
6208,BOSTON,DAVAO ORIENTAL,7.8703434,126.3764259,312,,62.57142857142857,24.0,143.0,119.0,2.4429750642914967,119.0,36.23280732334457,0.02975,0.24818644157701003,7.579330136964368,0.012738369978091375,0.024226169387557343,0.9389256233927126,flat,low,143.0,2.219771945658206
6209,CARAGA,DAVAO ORIENTAL,7.328232,126.5653582,312,30.0,29.5,13.0,56.0,43.0,1.4258152373253914,43.0,16.469669092000604,0.01075,0.09893544211593132,0.7536027618946912,0.003505129125091587,0.005109171267082652,0.9643546190668653,flat,low,56.0,1.6090182652092815
6210,CATEEL,DAVAO ORIENTAL,7.7901142,126.4537908,312,10.0,17.4,10.0,32.0,22.0,0.5157715909991926,22.0,6.974238309665077,0.0055,0.0468119858341297,0.08226556876437122,0.0007478688069488292,0.0009455812501651864,0.9871057102250201,flat,low,32.0,2.093418271404446
6211,GOVERNOR GENEROSO,DAVAO ORIENTAL,6.6535259,126.0720099,312,13.0,19.818181818181817,11.0,42.0,31.0,0.5805008383733156,31.0,8.71590168305955,0.00775,0.06320058457984591,0.1485994191563207,0.0009587059300407786,0.0014996271657977318,0.9854874790406671,flat,low,42.0,2.544982314331174
6212,LUPON,DAVAO ORIENTAL,6.8977121,126.0118409,312,18.0,19.23076923076923,11.0,29.0,18.0,0.3920150046634384,18.0,6.06571507806656,0.0045,0.03851775139489383,0.0565406256726113,0.0006282291741401256,0.0005880225069951576,0.9901996248834141,flat,low,29.0,1.6105651242985148
6213,MANAY,DAVAO ORIENTAL,7.2109327,126.5399142,312,13.0,71.8,13.0,127.0,114.0,3.261468841222031,114.0,41.614420577487316,0.0285,0.2550237464640092,11.123239482987737,0.019514455233311818,0.030983953991609296,0.9184632789694492,gentle,low,127.0,1.3264632285520521
6214,MATI CITY,DAVAO ORIENTAL,6.9521657,126.2166758,312,27.0,35.22222222222222,14.0,65.0,51.0,1.456188532125265,51.0,17.955363035271525,0.01275,0.11318213370312477,1.0899166666143127,0.004274183006330638,0.006188801261532376,0.9635952866968683,flat,low,65.0,1.6584335310207188
6215,SAN ISIDRO,DAVAO ORIENTAL,6.8344901,126.0871802,312,34.0,45.416666666666664,13.0,77.0,64.0,1.5174692188076868,64.0,18.785891573790746,0.016,0.13432571109628824,1.8378238316670872,0.005743199473959648,0.008093169166974331,0.9620632695298078,flat,low,77.0,1.6812261227021503
6216,TARRAGONA,DAVAO ORIENTAL,7.0497523,126.4489837,312,45.0,74.8,31.0,153.0,122.0,3.181110994407009,122.0,42.95765356720499,0.0305,0.2681115926240013,12.095644371066916,0.019828925198470355,0.032341295109804595,0.9204722251398247,gentle,low,153.0,1.8203973375143239
6217,ALAMADA,COTABATO (NORTH COT.),7.473245,124.58281,313,524.0,594.625,367.0,838.0,471.0,7.832381441921507,471.0,135.95811625276366,0.11775,0.6998108259538314,461.13145739312876,0.1958095360480377,0.1958095360480377,0.8041904639519624,gentle,mid,838.0,1.7900733322713973
6218,ALEOSAN,COTABATO (NORTH COT.),7.194047,124.623797,313,141.0,106.875,74.0,156.0,82.0,2.4667692716589364,82.0,25.78244315420864,0.0205,0.17896082199929386,9.007562168542085,0.021969663825712405,0.016856256689669398,0.9383307682085266,flat,low,156.0,1.905366291348332
6219,ANTIPAS,COTABATO (NORTH COT.),7.264583,125.063662,313,359.0,341.8125,259.0,387.0,128.0,2.275822504071246,128.0,32.99662624799693,0.032,0.2559089485746193,36.413160065139934,0.05689556260178115,0.024275440043426626,0.9431044373982188,flat,mid,387.0,1.3694581467487144
6220,ARAKAN,COTABATO (NORTH COT.),7.349035,125.170728,313,521.0,477.5625,286.0,643.0,357.0,6.233099886427792,357.0,123.32222465456094,0.08925,0.6689692568789911,278.1520824318402,0.1558274971606948,0.1558274971606948,0.8441725028393052,gentle,mid,643.0,1.341505954193598
6221,BANISILAN,COTABATO (NORTH COT.),7.498368,124.711968,313,360.0,389.875,340.0,482.0,142.0,2.543883973952961,142.0,33.34830392988525,0.0355,0.2797233900119354,45.153940537665065,0.06359709934882403,0.03010262702511004,0.9364029006511759,flat,mid,482.0,2.7625092247924643
6222,CARMEN,COTABATO (NORTH COT.),9.181341,125.891728,313,548.0,449.25,179.0,617.0,438.0,7.345780209973572,438.0,144.03927415812674,0.1095,0.7063279423814378,402.1814664960531,0.1836445052493393,0.1836445052493393,0.8163554947506607,gentle,mid,617.0,1.1646129141919352
6223,CITY OF KIDAPAWAN,COTABATO (NORTH COT.),7.033375,125.061923,313,191.0,187.6875,140.0,244.0,104.0,1.9175122597369796,104.0,32.859014649712186,0.026,0.21659025180564814,15.595366897473323,0.029991090187448693,0.016618439584387155,0.9520621935065755,flat,low,244.0,1.7137610146423619
6224,KABACAN,COTABATO (NORTH COT.),7.122099,124.846254,313,28.0,27.625,23.0,32.0,9.0,0.16660241421645458,9.0,2.6190408549696205,0.00225,0.018449825597686806,0.01725896884773584,0.0003835326410607965,0.00012495181066234093,0.9958349396445887,flat,low,32.0,1.6704582218487485
6225,LIBUNGAN,COTABATO (NORTH COT.),7.28943,124.544792,313,68.0,94.25,52.0,170.0,118.0,2.4210677614293648,118.0,38.61265984104177,0.0295,0.24966788936722928,11.219127128640283,0.0190154697095598,0.023807166320722085,0.9394733059642659,flat,low,170.0,1.961791763376343
6226,M'LANG,COTABATO (NORTH COT.),6.947923,124.906632,313,32.0,36.125,25.0,49.0,24.0,0.40423779151388106,24.0,7.1752613192830825,0.006,0.049104095768123905,0.14603090218438952,0.0012169241848699127,0.000808475583027762,0.989894055212153,flat,low,49.0,1.7943594850043625
6227,MAGPET,COTABATO (NORTH COT.),7.134533,125.159436,313,632.0,568.9375,421.0,759.0,338.0,5.887031125606654,338.0,93.4314379304418,0.0845,0.6260867729229806,248.72706505688114,0.14717577814016636,0.14717577814016636,0.8528242218598336,gentle,mid,759.0,2.0342456690782473
6228,MAKILALA,COTABATO (NORTH COT.),6.930687,125.111787,313,329.0,331.3125,261.0,418.0,157.0,3.0464179981412833,157.0,51.42314502001992,0.03925,0.3307203508437628,59.785953213522674,0.07616044995353208,0.03985730214234845,0.9238395500464679,gentle,mid,418.0,1.6857681162924387
6229,MATALAM,COTABATO (NORTH COT.),7.181336,124.94564,313,84.0,100.125,55.0,230.0,175.0,2.7270693268808484,175.0,49.48216219002561,0.04375,0.3523380728635749,19.909736609141817,0.022753984696162077,0.03976976101701237,0.9318232668279788,flat,low,230.0,2.62468315100217
6230,MIDSAYAP,COTABATO (NORTH COT.),7.184438,124.53731,313,22.0,24.125,15.0,40.0,25.0,0.4413894070143218,25.0,7.880950133074057,0.00625,0.051870090822140724,0.11092207754396369,0.0008873766203517094,0.0009195612646131703,0.988965264824642,flat,low,40.0,2.014350772126634
6231,PIGKAWAYAN,COTABATO (NORTH COT.),7.340726,124.455303,313,197.0,268.6875,155.0,442.0,287.0,6.817696105906116,287.0,83.2644272408692,0.07175,0.6011740772478374,219.0563043103214,0.15265247687130412,0.16305656519958794,0.8295575973523471,gentle,mid,442.0,2.0814710874929414
6233,PRESIDENT ROXAS,COTABATO (NORTH COT.),7.31508,124.994014,313,204.0,202.3125,110.0,268.0,158.0,2.566449182596775,158.0,49.30861835166343,0.0395,0.32520125481660633,34.18229605839557,0.0432687291878425,0.03379158090419087,0.9358387704350806,flat,mid,268.0,1.3321707414179307
6234,TULUNAN,COTABATO (NORTH COT.),6.828664,124.951759,313,75.0,75.0,43.0,128.0,85.0,1.2926897380577143,85.0,23.382685902179844,0.02125,0.1699879497442448,3.4337071167158033,0.008079310862860714,0.009156552311242143,0.9676827565485572,flat,low,128.0,2.2666342932154255
6235,ALABEL,SARANGANI,6.1027828,125.2920305,314,46.0,41.1875,9.0,71.0,62.0,1.0739229849812615,62.0,18.57491167542931,0.0155,0.12716337501915845,1.1426652427178223,0.003686016911992976,0.005548602089069851,0.9731519253754685,flat,low,71.0,1.6049873569223099
6236,GLAN,SARANGANI,5.8226991,125.2049049,314,9.0,31.466666666666665,5.0,109.0,104.0,1.8933162706563063,104.0,33.555658572321626,0.026,0.21730739546467154,2.5816419192771316,0.004964695998609869,0.016408741012354653,0.9526670932335923,flat,low,109.0,2.310588864040291
6237,KIAMBA,SARANGANI,5.9879555,124.6241575,314,,41.22222222222222,10.0,132.0,122.0,2.647082785373512,122.0,34.58573173298742,0.0305,0.2522762833493348,5.546863936647032,0.009093219568273823,0.02691200831796404,0.9338229303656622,flat,low,132.0,2.6247174948875704
6238,MAASIM,SARANGANI,5.8610055,124.9967013,314,11.0,50.25,11.0,117.0,106.0,2.781002903729169,106.0,35.15590277606308,0.0265,0.23020831244238102,6.172088319463924,0.011645449659365896,0.024565525649607657,0.9304749274067707,flat,low,117.0,1.8986853652002735
6239,MAITUM,SARANGANI,6.0610443,124.4965878,314,17.0,20.933333333333334,5.0,51.0,46.0,0.8330464667671494,46.0,13.935406544322829,0.0115,0.09486969864330966,0.33423675461068625,0.0014532032809160273,0.0031933447892740726,0.9791738383308213,flat,low,51.0,2.157573545734985
6240,MALAPATAN,SARANGANI,5.9707512,125.2882717,314,12.0,74.81818181818181,2.0,179.0,177.0,3.9344911068160084,177.0,48.500830699199334,0.04425,0.3645945714502392,21.70989598564374,0.024530955915981627,0.05803374382553612,0.9016377223295998,gentle,low,179.0,2.148041889837078
6241,MALUNGON,SARANGANI,6.3779668,125.2726669,314,145.0,144.25,118.0,202.0,84.0,1.3927438268099988,84.0,22.62879802375725,0.021,0.16835823918293052,7.031615395606981,0.01674194141811186,0.009749206787669992,0.9651814043297501,flat,low,202.0,2.552057665074056
6242,BANGA,SOUTH COTABATO,6.4232286,124.7761628,315,165.0,162.5,151.0,172.0,21.0,0.4347563253000743,21.0,6.103277807866851,0.00525,0.04344182159019813,0.6181691500360431,0.005887325238438506,0.0007608235692751301,0.9891310918674981,flat,low,172.0,1.5565403939526616
6243,GENERAL SANTOS CITY (DADIANGAS),SOUTH COTABATO,6.1169509,125.1715433,315,26.0,23.923076923076923,11.0,37.0,26.0,0.46779477725646773,26.0,7.770373107184241,0.0065,0.05345370177723975,0.12123681310563456,0.0009325908700433428,0.0010135553507223467,0.9883051305685883,flat,low,37.0,1.6829206543392252
6244,KORONADAL CITY,SOUTH COTABATO,6.5004041,124.8435437,315,53.0,64.75,45.0,127.0,82.0,1.2620058003061452,82.0,24.355440870573457,0.0205,0.16651647191344338,2.7919249153022823,0.006809572964151908,0.008623706302091992,0.9684498549923464,flat,low,127.0,2.5558969667149096
6245,LAKE SEBU,SOUTH COTABATO,6.2260489,124.7123413,315,719.0,699.625,671.0,738.0,67.0,1.5004417618306922,67.0,17.821598553440708,0.01675,0.13739099682060618,12.566199755332049,0.03751104404576731,0.008377466503554698,0.9624889559542327,flat,mid,738.0,2.1532859542111735
6246,NORALA,SOUTH COTABATO,6.5202692,124.660334,315,104.0,100.75,90.0,108.0,18.0,0.2975161847974874,18.0,4.993746088859544,0.0045,0.036261594735457404,0.22481066713760142,0.0024978963015289046,0.0004462742771962311,0.9925620953800628,flat,low,108.0,1.451815614806342
6247,POLOMOLOK,SOUTH COTABATO,6.2202374,125.0628101,315,298.0,296.5,249.0,368.0,119.0,2.2697610876107053,119.0,38.88765871070152,0.02975,0.25021062113086234,33.36879805613013,0.0560820135397145,0.02250846411880616,0.9432559728097324,flat,mid,368.0,1.8386295429427415
6248,SANTO NIÑO,SOUTH COTABATO,6.4285627,124.6802919,315,148.0,146.375,133.0,158.0,25.0,0.513540236428176,25.0,7.140334375923861,0.00625,0.051513922903311686,0.7830151261163987,0.006264121008931189,0.0010698754925587,0.9871614940892957,flat,low,158.0,1.628074787522972
6249,SURALLAH,SOUTH COTABATO,6.3754689,124.7475942,315,191.0,192.375,181.0,204.0,23.0,0.38920522832167714,23.0,6.75347132962005,0.00575,0.04691017418730807,0.7175363264011669,0.006239446316531887,0.0007459766876165479,0.990269869291958,flat,low,204.0,1.721336733551705
6250,T`BOLI,SOUTH COTABATO,6.2138317,124.8229251,315,528.0,536.875,459.0,657.0,198.0,3.4600550528842575,198.0,52.493898454963315,0.0495,0.39726734631935506,85.63636255888538,0.08650137632210644,0.05709090837259025,0.9134986236778936,gentle,mid,657.0,2.2883611476236436
6251,TAMPAKAN,SOUTH COTABATO,6.4437607,124.9269132,315,135.0,129.75,108.0,151.0,43.0,0.7760150834289457,43.0,14.188463623662711,0.01075,0.09020808347822024,1.803992564258727,0.008390663089575473,0.0027807207156203884,0.9805996229142764,flat,low,151.0,1.4976955268690924
6252,TANTANGAN,SOUTH COTABATO,6.6191395,124.748923,315,36.0,33.75,15.0,58.0,43.0,0.6759207254932378,43.0,12.260199835239229,0.01075,0.08676123946171814,0.4087208136966922,0.0019010270404497315,0.002422049266350769,0.9831019818626691,flat,low,58.0,1.977944760113452
6253,TUPI,SOUTH COTABATO,6.3313349,124.9511647,315,327.0,311.3125,253.0,365.0,112.0,1.943431617426491,112.0,33.99396775532389,0.028,0.23033031699291368,27.208042643970877,0.048585790435662274,0.018138695095980584,0.9514142095643378,flat,mid,365.0,1.5793242732680886
6254,BAGUMBAYAN,SULTAN KUDARAT,6.5334125,124.5637805,316,112.0,112.3125,88.0,149.0,61.0,1.1166854975390055,61.0,19.537523992307726,0.01525,0.12732103009320994,3.187700890201384,0.01045147832852913,0.005676484612489945,0.9720828625615249,flat,low,149.0,1.8777967022150721
6255,COLUMBIO,SULTAN KUDARAT,6.6850678,124.9614497,316,69.0,83.0,60.0,168.0,108.0,1.4138011063053746,108.0,26.057628441590765,0.027,0.20911426426895974,5.280547132050575,0.009778790985278842,0.01272420995674837,0.9646549723423656,flat,low,168.0,3.2620004897425896
6256,ESPERANZA,SULTAN KUDARAT,6.722561,124.5205706,316,44.0,42.75,38.0,49.0,11.0,0.18253815413898408,11.0,2.817356917396161,0.00275,0.02185368473857766,0.03576606957660719,0.0006502921741201308,0.00016732664129406874,0.9954365461465254,flat,low,49.0,2.2183904861389894
6257,ISULAN,SULTAN KUDARAT,6.6340869,124.5971379,316,63.0,64.5,60.0,69.0,9.0,0.15863622337180905,9.0,2.5495097567963922,0.00225,0.01828741329689852,0.03837013652805631,0.0008526697006234736,0.00011897716752885679,0.9960340944157048,flat,low,69.0,1.7650445239362356
6258,KALAMANSIG,SULTAN KUDARAT,6.5545839,124.050599,316,6.0,13.571428571428571,1.0,42.0,41.0,0.9507299791765396,41.0,11.462449786238578,0.01025,0.08510215369944615,0.22042221838646558,0.001075230333592515,0.0032483274288531766,0.9762317505205865,flat,low,42.0,2.4801477414151076
6259,LAMBAYONG (MARIANO MARCOS),SULTAN KUDARAT,6.7833506,124.6412025,316,27.0,26.9375,24.0,30.0,6.0,0.08670279736908959,6.0,1.71277370075559,0.0015,0.012042347744653655,0.005838891510324627,0.0001946297170108209,4.3351398684544795e-05,0.9978324300657727,flat,low,30.0,1.7880343507228236
6260,LEBAK,SULTAN KUDARAT,6.6336717,124.0657013,316,4.0,10.0,0.0,50.0,50.0,0.5931629292637657,50.0,11.527141883398503,0.0125,0.09555969814225596,0.12357561026328454,0.0004943024410531381,0.0024715122052656902,0.9851709267684059,flat,low,50.0,3.470070632819896
6261,LUTAYAN,SULTAN KUDARAT,6.5597164,124.8581111,316,26.0,28.875,21.0,39.0,18.0,0.3088801774379773,18.0,5.441449714919729,0.0045,0.03695796783914194,0.06689186342641196,0.0007432429269601329,0.0004633202661569659,0.9922779955640506,flat,low,39.0,1.8607170275821125
6262,PALIMBANG,SULTAN KUDARAT,6.2102983,124.1883549,316,10.0,12.25,7.0,19.0,12.0,0.23609583884977295,12.0,3.4550687402713134,0.003,0.024672596910297266,0.014460870129548595,0.00024101450215914324,0.00023609583884977298,0.9940976040287557,flat,low,19.0,1.9536508688446759
6263,PRESIDENT QUIRINO,SULTAN KUDARAT,6.7002854,124.7381005,316,31.0,28.8125,24.0,36.0,12.0,0.2256224663943926,12.0,3.8603553916705646,0.003,0.025121337103178355,0.03250373656494218,0.0005417289427490364,0.0002256224663943926,0.9943594383401402,flat,low,36.0,1.861874726258012
6264,SEN. NINOY AQUINO,SULTAN KUDARAT,6.431189,124.346717,316,793.0,756.0,677.0,873.0,196.0,3.1343630506410727,196.0,56.8605750938205,0.049,0.3972397768182033,76.79189474070627,0.07835907626602681,0.05119459649380418,0.9216409237339732,gentle,mid,873.0,2.057664695604717
6265,TACURONG CITY,SULTAN KUDARAT,6.6935316,124.6756671,316,47.0,47.4375,41.0,53.0,12.0,0.21515155906569217,12.0,3.6566506190775185,0.003,0.024758110300594834,0.051031260415893856,0.0008505210069315643,0.00021515155906569217,0.9946212110233577,flat,low,53.0,1.5212004258155933
6266,BUENAVISTA,AGUSAN DEL NORTE,8.9744864,125.4090875,317,7.0,8.8,4.0,12.0,8.0,0.19574223594934237,8.0,2.6381811916545836,0.002,0.017230319486762857,0.0057417722545140435,0.00014354430636285108,0.00013049482396622824,0.9951064441012665,flat,low,12.0,1.2129564099563046
6267,BUTUAN CITY,AGUSAN DEL NORTE,8.9282308,125.5514944,317,8.0,5.9375,4.0,9.0,5.0,0.12982823991217463,5.0,1.5599979967935855,0.00125,0.010715994428289641,0.0016059482801636185,6.423793120654474e-05,5.409509996340609e-05,0.9967542940021956,flat,low,9.0,1.9631422881006
6268,CABADBARAN CITY,AGUSAN DEL NORTE,9.1232854,125.5322317,317,,14.8,8.0,46.0,38.0,0.639662681097699,38.0,10.721940122944167,0.0095,0.07689296862353043,0.14989428827056078,0.000788917306687162,0.0020255984901427133,0.9840084329725576,flat,low,46.0,2.909920847563161
6269,CARMEN,AGUSAN DEL NORTE,8.9902238,125.2957173,317,20.0,39.44444444444444,8.0,133.0,125.0,2.3933121062779286,125.0,35.581240722577746,0.03125,0.2558831352267022,4.916815959077921,0.007866905534524673,0.02493033444039509,0.9401671973430518,flat,low,133.0,2.6293504955503213
6270,JABONGA,AGUSAN DEL NORTE,9.3425441,125.5163749,317,165.0,149.5625,38.0,462.0,424.0,6.551979496823548,424.0,133.74507876460353,0.106,0.6856565922833442,173.12104325054867,0.08166086945780598,0.1637994874205887,0.8362005125794113,gentle,low,462.0,2.336067244865396
6271,KITCHARAO,AGUSAN DEL NORTE,9.4554207,125.5755314,317,56.0,65.25,41.0,124.0,83.0,1.4961838841356667,83.0,21.893206708931427,0.02075,0.16678255126476232,3.37623244604489,0.008135499869987687,0.010348605198605029,0.9625954028966084,flat,low,124.0,2.6834806841042615
6272,LAS NIEVES,AGUSAN DEL NORTE,8.7359578,125.6015136,317,12.0,13.0,9.0,22.0,13.0,0.23973510050285657,13.0,3.427827300200522,0.00325,0.026168118529667356,0.016881346660409486,0.0002597130255447613,0.0002597130255447613,0.9940066224874285,flat,low,22.0,2.625569081004879
6273,MAGALLANES,AGUSAN DEL NORTE,9.0237073,125.5185124,317,6.0,6.125,4.0,8.0,4.0,0.08464520622293212,4.0,1.165922381636102,0.001,0.00829520872996546,0.000864086480192432,4.32043240096216e-05,2.8215068740977374e-05,0.9978838698444267,flat,low,8.0,1.6081674229475305
6274,NASIPIT,AGUSAN DEL NORTE,8.9884377,125.3408268,317,8.0,15.75,7.0,34.0,27.0,0.6683266486039463,27.0,8.481597726843686,0.00675,0.057656655144409444,0.11841912804951173,0.0008771787262926795,0.001503734959358879,0.9832918337849014,flat,low,34.0,2.151716980224493
6275,REMEDIOS T. ROMUALDEZ,AGUSAN DEL NORTE,9.0537567,125.5863115,317,11.0,10.3125,7.0,14.0,7.0,0.14990209139798227,7.0,1.9911915402592488,0.00175,0.014466565353411344,0.004508773842829936,0.00012882210979514103,8.7442886648823e-05,0.9962524477150504,flat,low,14.0,1.8519052906455225
6276,SANTIAGO,AGUSAN DEL NORTE,9.2654938,125.5602995,317,97.0,118.9375,40.0,310.0,270.0,4.125584731365462,270.0,81.82486537569127,0.0675,0.5501986869003695,55.202257573512725,0.04089056116556498,0.09282565645572291,0.8968603817158635,gentle,low,310.0,2.3350175620544773
6277,TUBAY,AGUSAN DEL NORTE,9.1650676,125.5226912,317,,74.5,10.0,240.0,230.0,4.947983092779325,230.0,90.1845330419801,0.0575,0.5085408961177926,35.326537622822386,0.030718728367671644,0.09483634261160374,0.8763004226805169,gentle,low,240.0,1.8351261860815427
6278,BAYUGAN CITY,AGUSAN DEL SUR,8.714521,125.7482023,318,30.0,36.875,25.0,71.0,46.0,0.681687293057125,46.0,12.912566553555493,0.0115,0.0921815192189905,0.4817966961867285,0.002094768244290124,0.002613134623385646,0.9829578176735718,flat,low,71.0,2.6427741700839067
6279,BUNAWAN,AGUSAN DEL SUR,8.1787968,125.9942065,318,43.0,36.6875,24.0,110.0,86.0,1.1614423013241923,86.0,22.46029482776217,0.0215,0.16910967990693623,1.5268731837356218,0.003550867869152609,0.008323669826156711,0.9709639424668952,flat,low,110.0,3.264093249804025
6280,ESPERANZA,AGUSAN DEL SUR,8.6788385,125.646773,318,14.0,14.75,11.0,26.0,15.0,0.32251995927476007,15.0,4.25,0.00375,0.03098871631032082,0.02973230874564194,0.00039643078327522585,0.0004031499490934501,0.991937001018131,flat,low,26.0,2.647058200692188
6281,LA PAZ,AGUSAN DEL SUR,8.2795131,125.8066975,318,26.0,27.875,21.0,40.0,19.0,0.3109504773402943,19.0,6.0608889612003285,0.00475,0.03930200195832802,0.0686196444005639,0.0007223120463217252,0.0004923382557887994,0.9922262380664927,flat,low,40.0,2.000531287916454
6282,LORETO,AGUSAN DEL SUR,8.1858563,125.8532977,318,25.0,28.75,22.0,38.0,16.0,0.33924074338040566,16.0,5.190134873006674,0.004,0.03388853633525411,0.06502114248124442,0.0008127642810155553,0.00045232099117387424,0.9915189814154899,flat,low,38.0,1.782226944791221
6283,PROSPERIDAD,AGUSAN DEL SUR,8.6023961,125.9116338,318,43.0,61.9375,38.0,133.0,95.0,1.5983014556857755,95.0,27.86231493882014,0.02375,0.1936348909890107,3.9185440246233676,0.008249566367628143,0.01265321985751239,0.9600424636078556,flat,low,133.0,2.550487911917964
6284,ROSARIO,AGUSAN DEL SUR,8.3814612,126.0018294,318,31.0,33.375,28.0,44.0,16.0,0.32175158276598625,16.0,4.484347778663024,0.004,0.03279445672075308,0.07158972716543195,0.0008948715895678994,0.00042900211035464843,0.9919562104308504,flat,low,44.0,2.3693518333263466
6285,SAN FRANCISCO,AGUSAN DEL SUR,8.5050281,125.9771179,318,35.0,44.6875,28.0,129.0,101.0,1.3748729777619904,101.0,25.650825400949575,0.02525,0.19773123909001683,2.585584689819847,0.005119969682811578,0.011571847562830084,0.9656281755559503,flat,low,129.0,3.2869311375043577
6286,SAN LUIS,AGUSAN DEL SUR,8.4987859,125.7373865,318,24.0,28.8125,17.0,53.0,36.0,0.6382220295817869,36.0,11.901779016180733,0.009,0.07545348144708161,0.2758315834098785,0.001532397685610436,0.0019146660887453604,0.9840444492604553,flat,low,53.0,2.0322590374814995
6287,SANTA JOSEFA,AGUSAN DEL SUR,7.9844761,126.0288095,318,40.0,42.25,36.0,56.0,20.0,0.3239201960326562,20.0,5.662375826453062,0.005,0.04038413615055649,0.11404690235316436,0.0011404690235316437,0.0005398669933877604,0.9919019950991836,flat,low,56.0,2.4283088924360867
6288,SIBAGAT,AGUSAN DEL SUR,8.81953,125.6931276,318,53.0,101.375,48.0,177.0,129.0,2.3019668949768355,129.0,42.960556036904364,0.03225,0.2709229517135865,12.543201801332371,0.019446824498189724,0.02474614412100098,0.9424508276255791,flat,low,177.0,1.7603356477672283
6289,TALACOGON,AGUSAN DEL SUR,8.4486711,125.7861565,318,24.0,24.5,16.0,52.0,36.0,0.514688229169203,36.0,10.21028892833107,0.009,0.07211724057633861,0.1891479242196821,0.001050821801220456,0.001544064687507609,0.9871327942707699,flat,low,52.0,2.693361324020212
6290,TRENTO,AGUSAN DEL SUR,8.043508,126.0633157,318,39.0,39.6875,33.0,51.0,18.0,0.3506491214096878,18.0,5.156534083083327,0.0045,0.036943558589779206,0.1043729025446024,0.0011596989171622487,0.0005259736821145317,0.9912337719647578,flat,low,51.0,2.193818100280575
6291,VERUELA,AGUSAN DEL SUR,8.0694171,125.9552937,318,36.0,34.1875,27.0,51.0,24.0,0.5170493172835889,24.0,6.802745309799566,0.006,0.04959450860596416,0.17676623534632696,0.0014730519612193914,0.0010340986345671779,0.9870737670679103,flat,low,51.0,2.471428337079258
6293,CAGDIANAO,DINAGAT ISLANDS,9.9238959,125.6698325,319,18.0,64.0,10.0,189.0,179.0,3.7278874144821494,179.0,47.33188874646449,0.04475,0.36422819987200483,17.79444925846146,0.019882066210571463,0.05560765393269206,0.9068028146379463,gentle,low,189.0,2.6409256142015125
6294,DINAGAT,DINAGAT ISLANDS,10.161868,125.5531897,319,32.0,60.75,5.0,140.0,135.0,3.453224923722593,135.0,44.38397796502697,0.03375,0.2918943553692753,11.8003170440333,0.017481951176345628,0.038848780391879174,0.9136693769069352,gentle,low,140.0,1.7855541987897534
6295,LIBJO (ALBOR),DINAGAT ISLANDS,10.1943674,125.5303266,319,,71.75,16.0,131.0,115.0,2.4076799076285758,115.0,34.31745182847934,0.02875,0.2393238016297225,8.277653682425118,0.01439591944769586,0.02307359911477385,0.9398080023092856,flat,low,131.0,1.7265267412513103
6296,LORETO,DINAGAT ISLANDS,10.3595571,125.5788866,319,4.0,56.714285714285715,4.0,132.0,128.0,2.5246163800715813,128.0,37.31607958934549,0.032,0.26384516611142034,7.636363450578422,0.011931817891528784,0.026929241387430206,0.9368845904982105,flat,low,132.0,2.0175139804797695
6297,SAN JOSE,DINAGAT ISLANDS,10.0084315,125.5695546,319,,63.0,51.0,83.0,32.0,1.0678131879899737,32.0,12.186057606953941,0.008,0.07359144220418419,0.8969630779115778,0.005606019236947361,0.00284750183463993,0.9733046703002507,flat,low,83.0,1.641219745044313
6298,TUBAJON,DINAGAT ISLANDS,10.3200557,125.5589422,319,10.0,89.71428571428571,4.0,184.0,180.0,3.2922473064030267,180.0,49.2550629325534,0.045,0.36448058117443105,22.152121161654648,0.024613467957394053,0.0493837095960454,0.9176938173399243,gentle,low,184.0,1.9142339235377477
6299,ALEGRIA,SURIGAO DEL NORTE,9.4642197,125.576103,320,60.0,61.1875,41.0,141.0,100.0,1.3333400584604975,100.0,24.905367769820224,0.025,0.19487388253795632,3.399322701127154,0.006798645402254308,0.011111167153837479,0.9666664985384875,flat,low,141.0,3.2046303243947554
6300,BACUAG,SURIGAO DEL NORTE,9.6084227,125.6382344,320,7.0,51.18181818181818,6.0,171.0,165.0,3.3647482072027897,165.0,54.99226091306465,0.04125,0.35026456136377726,11.839707754094814,0.014351160914054322,0.04626528784903836,0.9158812948199303,gentle,low,171.0,2.178818940155584
6301,BURGOS,SURIGAO DEL NORTE,10.0181311,126.0742822,320,23.0,58.44444444444444,23.0,89.0,66.0,1.4948561035858308,66.0,20.61882155869088,0.0165,0.13957175298463054,2.402565948707671,0.007280502874871731,0.00822170856972207,0.9626285974103542,flat,low,89.0,1.4819253363561404
6302,CLAVER,SURIGAO DEL NORTE,9.5730277,125.7326841,320,8.0,15.928571428571429,5.0,73.0,68.0,1.0936135901044373,68.0,17.511075212620177,0.017,0.13491721919690738,0.4935582285816573,0.0014516418487695805,0.006197143677258477,0.972659660247389,flat,low,73.0,3.2591616802111436
6303,DAPA,SURIGAO DEL NORTE,9.7577166,126.0528849,320,,25.857142857142858,13.0,54.0,41.0,1.2212452937655072,41.0,13.963509295185602,0.01025,0.09080390871402899,0.5394560312520137,0.0026314928353756762,0.004172588087032149,0.9694688676558623,flat,low,54.0,2.0154571843270928
6304,DEL CARMEN,SURIGAO DEL NORTE,9.8687641,125.9705006,320,11.0,8.0,5.0,12.0,7.0,0.11943831948735198,7.0,2.23606797749979,0.00175,0.01452650926551405,0.0027868941213715463,7.962554632490133e-05,6.967235303428866e-05,0.9970140420128162,flat,low,12.0,1.7888535820001894
6305,GENERAL LUNA,SURIGAO DEL NORTE,9.7825836,126.1563859,320,,10.833333333333334,7.0,14.0,7.0,0.15362573805331411,7.0,2.4094720491334933,0.00175,0.015056854606811158,0.004854146584323467,0.00013868990240924192,8.961501386443324e-05,0.9961593565486672,flat,low,14.0,1.3142569358912224
6306,GIGAQUIT,SURIGAO DEL NORTE,9.5958188,125.697637,320,9.0,8.166666666666666,7.0,10.0,3.0,0.10879707783277436,3.0,1.0671873729054748,0.00075,0.006874890928244075,0.0011106368362095713,7.404245574730476e-05,2.7199269458193587e-05,0.9972800730541806,flat,low,10.0,1.7179097710200781
6307,MAINIT,SURIGAO DEL NORTE,9.537827,125.5225869,320,45.0,70.1875,42.0,124.0,82.0,1.5320165141441229,82.0,31.381162243454273,0.0205,0.1782466941567001,3.6738873104550955,0.00896070075720755,0.010468779513318172,0.9616995871463969,flat,low,124.0,1.714802589774126
6308,MALIMONO,SURIGAO DEL NORTE,9.6182968,125.401648,320,34.0,74.85714285714286,28.0,140.0,112.0,3.1070818920094294,112.0,42.39416594441326,0.028,0.25171252114763354,10.85407274275294,0.019382272754915966,0.02899943099208801,0.9223229526997643,gentle,low,140.0,1.536599533333718
6309,PILAR,SURIGAO DEL NORTE,9.8640525,126.1003296,320,,11.307692307692308,4.0,22.0,18.0,0.42211078557929377,18.0,6.786690769265469,0.0045,0.03974239039950611,0.035798241623167026,0.0003977582402574114,0.0006331661783689406,0.9894472303605176,flat,low,22.0,1.5754815535795184
6310,PLACER,SURIGAO DEL NORTE,9.6566822,125.6022941,320,29.0,47.9,20.0,96.0,76.0,2.096801199162757,76.0,27.90501746998199,0.019,0.1695537004526501,3.180497952263375,0.008369731453324671,0.013279740928030796,0.9475799700209311,flat,low,96.0,1.7237042882355436
6311,SAN BENITO,SURIGAO DEL NORTE,9.9584758,126.0060276,320,,61.666666666666664,22.0,105.0,83.0,2.1450770980064746,83.0,26.96911814155838,0.02075,0.17922824879630117,4.57467483887353,0.011023312864755493,0.01483678326121145,0.9463730725498382,flat,low,105.0,1.6067759983513266
6312,SAN FRANCISCO (ANAO-AON),SURIGAO DEL NORTE,9.7762233,125.4239181,320,,26.272727272727273,5.0,63.0,58.0,1.5155530044666412,58.0,17.87375378537383,0.0145,0.12409276050291487,0.9622613432147669,0.0033181425628095408,0.0073251728549221,0.962111174888334,flat,low,63.0,2.0548157434344354
6313,SAN ISIDRO,SURIGAO DEL NORTE,9.9365296,126.0869689,320,17.0,36.6,5.0,111.0,106.0,1.9215880279372641,106.0,30.273861112627618,0.0265,0.21617904339462124,3.106247047160588,0.005860843485208656,0.0169740275801125,0.9519602993015684,flat,low,111.0,2.4575655303974844
6315,SISON,SURIGAO DEL NORTE,9.6589559,125.5269216,320,50.0,63.25,37.0,142.0,105.0,1.5779635899204798,105.0,24.873429598670143,0.02625,0.20447175421003105,4.366521121483078,0.008317183088539196,0.013807181411804197,0.960550910251988,flat,low,142.0,3.1660288952747178
6316,SOCORRO,SURIGAO DEL NORTE,9.6184003,125.9656786,320,17.0,51.8,6.0,115.0,109.0,2.6642687340504683,109.0,37.95734448035057,0.02725,0.23742214406340906,6.2679142192482304,0.011500760035317855,0.02420044100095842,0.9333932816487382,flat,low,115.0,1.6650268663470378
6317,SURIGAO CITY,SURIGAO DEL NORTE,9.7905028,125.4935697,320,9.0,9.428571428571429,4.0,21.0,17.0,0.5059297805732695,17.0,5.876275371772324,0.00425,0.03776191940904587,0.0337888817740005,0.0003975162561647118,0.0007167338558121318,0.9873517554856682,flat,low,21.0,1.9691770501152503
6318,TAGANA-AN,SURIGAO DEL NORTE,9.6973759,125.5826923,320,15.0,23.071428571428573,5.0,56.0,51.0,1.0922463904066597,51.0,15.247783378549935,0.01275,0.10638753375412487,0.5354932972966936,0.0020999737148889946,0.004642047159228304,0.9726938402398335,flat,low,56.0,2.159564341354028
6319,TUBOD,SURIGAO DEL NORTE,9.5551416,125.5696945,320,51.0,119.125,46.0,270.0,224.0,4.962252198807269,224.0,66.82521511375776,0.056,0.4685199935579073,55.17197403040548,0.04926069109857632,0.09262870771106903,0.8759436950298183,gentle,low,270.0,2.2577555116793455
6320,BAROBO,SURIGAO DEL SUR,8.5365118,126.1206907,321,19.0,53.357142857142854,8.0,125.0,117.0,1.8530386757795014,117.0,28.313568536397987,0.02925,0.229465513128268,4.820051405489662,0.00823940411194814,0.018067127088850138,0.9536740331055125,flat,low,125.0,2.530336454072242
6321,BAYABAS,SURIGAO DEL SUR,8.9674102,126.2828165,321,5.0,28.083333333333332,5.0,98.0,93.0,1.999137743112719,93.0,26.91486062052379,0.02325,0.19287893607960138,2.175520000239435,0.004678537634923516,0.015493317509123573,0.950021556422182,flat,low,98.0,2.5976974228004974
6322,BISLIG CITY,SURIGAO DEL SUR,8.2130815,126.3156173,321,10.0,8.916666666666666,6.0,18.0,12.0,0.1870067389900818,12.0,2.984915781428719,0.003,0.023616196674734843,0.008337383779974481,0.000138956396332908,0.0001870067389900818,0.995324831525248,flat,low,18.0,3.043077579196573
6323,CAGWAIT,SURIGAO DEL SUR,8.9182742,126.2982546,321,7.0,25.53846153846154,4.0,62.0,58.0,1.3946347444836533,58.0,19.566908425334947,0.0145,0.1252922652480119,0.8607399564031162,0.0029680688151831596,0.006740734598337657,0.9651341313879087,flat,low,62.0,1.8634285910440507
6324,CANTILAN,SURIGAO DEL SUR,9.3357754,125.9770212,321,7.0,8.916666666666666,7.0,11.0,4.0,0.10292058625179147,4.0,1.2555432644432805,0.001,0.008574612815627549,0.0015295142679085678,7.647571339542839e-05,3.4306862083930494e-05,0.9974269853437052,flat,low,11.0,1.6593069574150798
6325,CARMEN,SURIGAO DEL SUR,9.230898,126.015255,321,11.0,11.25,6.0,24.0,18.0,0.31334068842110874,18.0,5.129571132170798,0.0045,0.036581159199912436,0.026438120585531053,0.00029375689539478945,0.0004700110326316631,0.9921664827894723,flat,low,24.0,2.485587427465279
6326,CARRASCAL,SURIGAO DEL SUR,9.3688403,125.9495398,321,8.0,31.692307692307693,8.0,113.0,105.0,2.1283258993596217,105.0,29.22692282385334,0.02625,0.21509208205120114,2.9510057181505522,0.005620963272667719,0.018622851619396686,0.9467918525160095,flat,low,113.0,2.7819449216661534
6327,CORTES,SURIGAO DEL SUR,9.2755786,126.1908659,321,41.0,39.9,9.0,83.0,74.0,1.3498414109307935,74.0,23.222618284767115,0.0185,0.1537746033920006,1.6606423957976089,0.0044882226913448885,0.008324022034073227,0.9662539647267302,flat,low,83.0,1.8559491275073978
6328,HINATUAN,SURIGAO DEL SUR,8.3656147,126.3358067,321,,8.8,6.0,14.0,8.0,0.1681736328310149,8.0,2.0880613017821097,0.002,0.016255601022980862,0.0049330932297097715,0.0001233273307427443,0.00011211575522067662,0.9957956591792246,flat,low,14.0,2.4903471489150144
6329,LANUZA,SURIGAO DEL SUR,9.233675,126.0603779,321,5.0,43.69230769230769,0.0,129.0,129.0,3.108362786629638,129.0,43.074862588083185,0.03225,0.2781313245004536,7.299870451984836,0.011317628607728428,0.03341489995626861,0.922290930334259,gentle,low,129.0,1.980451827392275
6330,LIANGA,SURIGAO DEL SUR,8.6330237,126.0934758,321,7.0,20.692307692307693,4.0,61.0,57.0,1.1470145054821974,57.0,17.773725705202807,0.01425,0.11923467786323964,0.5636914555307223,0.0019778647562481485,0.005448318901040438,0.971324637362945,flat,low,61.0,2.2678244678924453
6331,LINGIG,SURIGAO DEL SUR,8.0383384,126.4122956,321,13.0,58.72727272727273,9.0,172.0,163.0,3.391446256270289,163.0,49.52151214663438,0.04075,0.3402038376045442,13.5269889353314,0.016597532435989448,0.04606714498100476,0.9152138435932428,gentle,low,172.0,2.287343824436948
6332,MADRID,SURIGAO DEL SUR,9.2617815,125.9637534,321,17.0,13.4375,9.0,20.0,11.0,0.2450244862295917,11.0,3.3721052400540525,0.00275,0.023140104574580996,0.015090700779504803,0.0002743763778091782,0.0002246057790437924,0.9938743878442602,flat,low,20.0,1.9461130619344922
6333,MARIHATAG,SURIGAO DEL SUR,8.8005575,126.2985386,321,7.0,8.0,3.0,24.0,21.0,0.36219089326931486,21.0,5.736644568830363,0.00525,0.04231802974121367,0.025353362528852043,0.00024146059551287657,0.000633834063221301,0.9909452276682671,flat,low,24.0,2.7890863760060074
6334,SAN AGUSTIN,SURIGAO DEL SUR,8.7432343,126.2212765,321,6.0,10.8,3.0,24.0,21.0,0.4366835012988233,21.0,5.758472019555187,0.00525,0.04299894332910496,0.041266590872738804,0.000393015151168941,0.0007641961272729409,0.9890829124675294,flat,low,24.0,2.292274350365825
6335,SAN MIGUEL,SURIGAO DEL SUR,8.932061,126.038559,321,14.0,17.0,13.0,32.0,19.0,0.3005538942689725,19.0,5.338539126015656,0.00475,0.03824789874287439,0.040449544937032546,0.000425784683547711,0.0004758769992592065,0.9924861526432757,flat,low,32.0,2.809756908429391
6336,TAGBINA,SURIGAO DEL SUR,8.4573568,126.1590719,321,46.0,35.375,26.0,54.0,28.0,0.4160368446484276,28.0,6.372548548265443,0.007,0.054137053788361006,0.1717018727601115,0.0012264419482865107,0.0009707526375129979,0.9895990788837893,flat,low,54.0,2.922692065229932
6337,TAGO,SURIGAO DEL SUR,9.0194997,126.2331544,321,7.0,5.846153846153846,3.0,10.0,7.0,0.15729588551515716,7.0,1.9153691689213435,0.00175,0.014430164556819417,0.002682096509425115,7.663132884071759e-05,9.175593321717502e-05,0.996067602862121,flat,low,10.0,2.168691055779274
6338,TANDAG CITY,SURIGAO DEL SUR,9.0799833,126.1974606,321,8.0,13.833333333333334,6.0,29.0,23.0,0.6536458037162755,23.0,8.629728977333079,0.00575,0.05172570608562818,0.086653461062109,0.0007535083570618175,0.0012528211237895278,0.9836588549070931,flat,low,29.0,1.7574902930339145
6339,AKBAR,BASILAN,6.6653464,122.1954435,322,25.0,44.375,16.0,79.0,63.0,1.8633016245499059,63.0,23.579320918974744,0.01575,0.1422429837734447,2.1704552517218048,0.006890334132450173,0.009782333528887006,0.9534174593862523,flat,low,79.0,1.4684476559156936
6340,AL-BARKA,BASILAN,6.4176022,122.2646479,322,,,,,,,,,,0.0,,0.0,0.0,1.0,unknown,unknown,,
6341,HADJI MOHAMMAD AJUL,BASILAN,6.642755,122.2732208,322,,55.8,12.0,117.0,105.0,2.0162181571035154,105.0,31.297923253787943,0.02625,0.21687247321303968,4.922092576028957,0.009375414430531347,0.01764190887465576,0.9495945460724121,flat,low,117.0,1.9554012433458123
6342,HADJI MUHTAMAD,BASILAN,6.6622116,121.5863621,322,1.0,37.833333333333336,1.0,85.0,84.0,2.0718860385186244,84.0,35.125568401885765,0.021,0.19096309403955236,2.743522429338412,0.006532196260329553,0.014503202269630372,0.9482028490370344,flat,low,85.0,1.3428014825044932
6343,ISABELA CITY,BASILAN,6.7053597,121.9710604,322,13.0,31.714285714285715,3.0,134.0,131.0,2.040713589479145,131.0,35.04574270339627,0.03275,0.26108390084580424,3.5326209886447906,0.005393314486480597,0.022277790018480664,0.9489821602630214,flat,low,134.0,2.918634432511752
6344,LAMITAN CITY,BASILAN,6.6575615,122.1449694,322,14.0,23.6,7.0,61.0,54.0,1.2866858262509397,54.0,16.930445948054647,0.0135,0.11483242891043526,0.6832301737392492,0.002530482124960182,0.005790086218129229,0.9678328543437265,flat,low,61.0,2.209037960707668
6345,LANTAWAN,BASILAN,6.6387038,121.8403078,322,39.0,43.625,23.0,70.0,47.0,0.8575537451516855,47.0,12.287569938763319,0.01175,0.09438702185509501,0.7326278167564113,0.003117565177686856,0.0033587521685107683,0.9785611563712079,flat,low,70.0,2.146477943561277
6346,MALUSO,BASILAN,6.5462456,121.8705722,322,6.0,7.375,2.0,15.0,13.0,0.3325234627871878,13.0,4.270172713134681,0.00325,0.028103143916900802,0.01328361958113401,0.00020436337817129248,0.0003602337513527868,0.9916869134303203,flat,low,15.0,1.7856416418250542
6347,SUMISIP,BASILAN,6.4192786,122.0341261,322,48.0,50.416666666666664,4.0,119.0,115.0,2.363412681878076,115.0,41.05171196863239,0.02875,0.24791547692460972,5.709529074363441,0.009929615781501637,0.022649371534664897,0.9409146829530481,flat,low,119.0,1.6706570414184145
6348,TABUAN-LASA,BASILAN,6.3192339,121.9291468,322,,20.0,20.0,20.0,0.0,0.0,0.0,0.0,0.0,0.0,0.0,0.0,0.0,1.0,flat,low,20.0,0.0
6349,TIPO-TIPO,BASILAN,6.5003043,122.1205817,322,388.0,379.6875,320.0,441.0,121.0,1.7982651491976853,121.0,29.389025906790447,0.03025,0.23642018793120034,27.19876038161499,0.04495662872994213,0.01813250692107666,0.9550433712700579,flat,mid,441.0,2.08623783953301
6350,TUBURAN,BASILAN,6.6101803,122.1846186,322,143.0,144.8125,65.0,233.0,168.0,3.653846029440768,168.0,47.91948814156929,0.042,0.3478638036130325,37.03858046968739,0.04409354817819927,0.05115384441217076,0.9086538492639809,gentle,low,233.0,1.8403263803473844
6351,UNGKAYA PUKAN,BASILAN,6.4951442,122.1055864,322,391.0,369.5,312.0,419.0,107.0,2.7174516958305253,107.0,35.38361202590826,0.02675,0.23145585170639477,36.34591643173327,0.06793629239576313,0.02423061095448885,0.9320637076042368,flat,mid,419.0,1.3989526723502081
6352,AMAI MANABILANG (BUMBARAN),LANAO DEL SUR,7.79269,124.6741992,323,1014.0,966.4375,843.0,1167.0,324.0,5.475923862451171,324.0,95.94462514257899,0.081,0.6258405006532197,221.7749164292724,0.13689809656127927,0.13689809656127927,0.8631019034387207,gentle,mid,1167.0,2.090398473198
6354,BALABAGAN,LANAO DEL SUR,7.5093206,124.127834,323,22.0,20.571428571428573,5.0,58.0,53.0,0.818344273116214,53.0,14.912670958015566,0.01325,0.10654407366712097,0.371762112644223,0.0014028758967706528,0.0036143538729299456,0.9795413931720947,flat,low,58.0,2.509850114985837
6355,BALINDONG (WATU),LANAO DEL SUR,7.9162827,124.2055463,323,712.0,754.9375,700.0,887.0,187.0,3.022445444606486,187.0,51.271908427032436,0.04675,0.3753089422096833,70.64966226767662,0.07556113611516216,0.047099774845117744,0.9244388638848379,gentle,mid,887.0,2.5757281418969704
6356,BAYANG,LANAO DEL SUR,7.793733,124.1972049,323,744.0,787.0625,700.0,915.0,215.0,4.354437820104806,215.0,80.36904624138575,0.05375,0.4677600592477647,117.02551641531667,0.10886094550262015,0.07801701094354445,0.8911390544973798,gentle,mid,915.0,1.5918752852170066
6357,BINIDAYAN,LANAO DEL SUR,7.7949244,124.1670371,323,988.0,895.75,702.0,1005.0,303.0,7.289880560124373,303.0,109.5647639526504,0.07575,0.6598728068379556,276.10422621471065,0.18224701400310933,0.18224701400310933,0.8177529859968906,gentle,mid,1005.0,0.9971271334102124
6358,BUADIPOSO-BUNTONG,LANAO DEL SUR,7.9654,124.37615,323,705.0,705.75,700.0,710.0,10.0,0.1763728851569235,10.0,3.092329219213245,0.0025,0.02066636837074074,0.2204661064461544,0.004409322128923088,0.00014697740429743625,0.9955906778710769,flat,mid,710.0,1.3743680974282528
6359,BUBONG,LANAO DEL SUR,7.9833903,124.3855095,323,710.0,711.4375,706.0,729.0,23.0,0.3169360002941112,23.0,5.171662571166066,0.00575,0.04416874009746156,0.9111910008455695,0.007923400007352779,0.0006074606672303797,0.9920765999926472,flat,mid,729.0,3.395909219214765
6360,BUTIG,LANAO DEL SUR,7.7436291,124.3131226,323,765.0,774.0625,752.0,805.0,53.0,1.1112889983256633,53.0,16.172773223847543,0.01325,0.11078747636714628,7.362289613907519,0.02778222495814158,0.004908193075938346,0.9722177750418585,flat,mid,805.0,1.9129371109615287
6361,CALANOGAS,LANAO DEL SUR,7.7335431,124.07895,323,712.0,675.8125,575.0,772.0,197.0,3.434254864129254,197.0,61.38629605824088,0.04925,0.4073981248054521,84.56852602918289,0.08585637160323135,0.05637901735278859,0.9141436283967687,gentle,mid,772.0,1.566921358829335
6362,DITSAAN-RAMAIN,LANAO DEL SUR,7.9788768,124.3516506,323,704.0,705.6875,700.0,726.0,26.0,0.40599927562449534,26.0,7.024232609331784,0.0065,0.05191813714082338,1.31949764577961,0.010149981890612383,0.0008796650971864066,0.9898500181093877,flat,mid,726.0,2.8917745521752845
6363,GANASSI,LANAO DEL SUR,7.8260261,124.1018827,323,744.0,810.8125,735.0,959.0,224.0,4.54099336460656,224.0,61.45447374886551,0.056,0.4576729902721281,127.14781420898369,0.11352483411516401,0.0847652094726558,0.886475165884836,gentle,mid,959.0,2.4113378335030946
6364,KAPAI,LANAO DEL SUR,8.0736026,124.3638057,323,597.0,623.4375,583.0,703.0,120.0,2.7653988949856494,120.0,36.93400998740862,0.03,0.25344258698100264,41.48098342478474,0.06913497237464124,0.027653988949856496,0.9308650276253587,flat,mid,703.0,2.154179789114269
6365,KAPATAGAN,LANAO DEL SUR,7.5419344,124.2142754,323,428.0,479.625,372.0,707.0,335.0,4.721557277297601,335.0,89.57250903597598,0.08375,0.610743638224322,197.71521098683704,0.11803893193244001,0.11803893193244001,0.88196106806756,gentle,mid,707.0,2.5384462253952345
6367,LUMBACA-UNAYAN,LANAO DEL SUR,7.749628,124.2059475,323,786.0,801.25,767.0,845.0,78.0,1.4244554903941862,78.0,22.37884045253462,0.0195,0.15930243947766196,13.888441031343316,0.03561138725985465,0.00925896068756221,0.9643886127401453,flat,mid,845.0,1.9549716232090686
6368,LUMBATAN,LANAO DEL SUR,7.7848782,124.2552241,323,720.0,755.125,702.0,822.0,120.0,2.199926148833053,120.0,39.89184597132602,0.03,0.25243848176405725,32.9988922324958,0.05499815372082632,0.02199926148833053,0.9450018462791737,flat,mid,822.0,1.6764077142898217
6369,LUMBAYANAGUE,LANAO DEL SUR,7.7830923,124.2815746,323,792.0,764.9375,702.0,816.0,114.0,2.169093559405957,114.0,39.593984312645276,0.0285,0.24277154772832918,30.909583221534884,0.05422733898514892,0.02060638881435659,0.9457726610148511,flat,mid,816.0,1.2896529509923313
6370,MADALUM,LANAO DEL SUR,7.8540188,124.1140094,323,736.0,832.5625,695.0,1077.0,382.0,6.989239349842645,382.0,126.77192549515843,0.0955,0.6801850783046677,333.7361789549863,0.17473098374606613,0.17473098374606613,0.8252690162539339,gentle,mid,1077.0,1.928167432316613
6371,MADAMBA,LANAO DEL SUR,7.8588264,124.050705,323,1132.0,1190.5,1057.0,1315.0,258.0,4.868499038235228,258.0,76.67219182989358,0.0645,0.531828955691083,157.00909398308613,0.12171247595588071,0.10467272932205741,0.8782875240441192,gentle,high,1315.0,1.6237959996294633
6372,MAGUING,LANAO DEL SUR,7.8887846,124.3712164,323,711.0,711.5625,707.0,718.0,11.0,0.18705486824330464,11.0,3.2204182569970627,0.00275,0.022430621106458333,0.2572004438345439,0.004676371706082616,0.0001714669625563626,0.9953236282939174,flat,mid,718.0,1.9989633293904598
6373,MALABANG,LANAO DEL SUR,7.5927798,124.0686251,323,11.0,23.076923076923077,5.0,79.0,74.0,1.2089483189277332,74.0,20.64148749284217,0.0185,0.14910028111440723,0.8602132269293488,0.002324900613322564,0.0074551813000543555,0.9697762920268067,flat,low,79.0,2.7092560181630945
6374,MARANTAO,LANAO DEL SUR,7.9482892,124.2315699,323,732.0,758.75,697.0,870.0,173.0,2.8861768084862995,173.0,50.11923283530984,0.04325,0.3515796908546682,62.41357348351622,0.07215442021215748,0.04160904898901081,0.9278455797878425,flat,mid,870.0,2.21970671709715
6375,MARAWI CITY,LANAO DEL SUR,8.0047262,124.2854351,323,720.0,717.625,659.0,785.0,126.0,2.5718765626133715,126.0,31.24274915880483,0.0315,0.25316091880127345,40.5070558611606,0.06429691406533429,0.027004703907440402,0.9357030859346657,flat,mid,785.0,2.1565002971101244
6376,MAROGONG,LANAO DEL SUR,7.6754959,124.153302,323,367.0,388.375,352.0,466.0,114.0,1.9911731211891681,114.0,28.591683668507525,0.0285,0.2265450097017486,28.374216976945647,0.0497793280297292,0.0189161446512971,0.9502206719702708,flat,mid,466.0,2.714950199681675
6377,MASIU,LANAO DEL SUR,7.8184459,124.3308048,323,708.0,716.9375,703.0,753.0,50.0,0.7516747149651464,50.0,13.571425634398178,0.0125,0.0996723879351426,4.697966968532165,0.01879186787412866,0.003131977979021443,0.9812081321258713,flat,mid,753.0,2.657237221368893
6378,MULONDO,LANAO DEL SUR,7.9170563,124.3615673,323,707.0,717.875,698.0,803.0,105.0,1.579619282067881,105.0,29.542078041329457,0.02625,0.21071110610653324,20.732503077140937,0.03949048205169702,0.013821668718093956,0.960509517948303,flat,mid,803.0,2.8814830493449652
6380,PIAGAPO,LANAO DEL SUR,7.989793,124.1796138,323,880.0,905.625,834.0,1032.0,198.0,3.06414699459445,198.0,44.77146831409486,0.0495,0.3835065772881613,75.83763811621264,0.07660367486486125,0.050558425410808426,0.9233963251351387,gentle,mid,1032.0,2.8226681396899096
6381,PICONG (SULTAN GUMANDER),LANAO DEL SUR,7.6930713,123.8986145,323,50.0,114.42857142857143,40.0,239.0,199.0,5.711780272842998,199.0,72.68691598287852,0.04975,0.4453939653645476,54.19357522088696,0.054465904744610015,0.09472035619131304,0.857205493178925,gentle,low,239.0,1.713808120390792
6383,PUALAS,LANAO DEL SUR,7.8201575,124.0801292,323,802.0,887.3125,802.0,1182.0,380.0,6.119526130250095,380.0,99.75389638380047,0.095,0.6365510488180889,290.6774911868795,0.15298815325625237,0.15298815325625237,0.8470118467437476,gentle,mid,1182.0,2.95414522869415
6384,SAGUIARAN,LANAO DEL SUR,8.0340831,124.2687239,323,630.0,631.125,578.0,670.0,92.0,1.87741019278689,92.0,25.263300952171708,0.023,0.18811174045644757,21.590217217049236,0.04693525481967225,0.014393478144699488,0.9530647451803278,flat,mid,670.0,1.5387933087130834
6385,SULTAN DUMALONDONG,LANAO DEL SUR,7.75749,124.2574747,323,801.0,797.4375,785.0,824.0,39.0,0.779408204765268,39.0,9.746593956352136,0.00975,0.07831528040016561,3.7996149982306813,0.0194852051191317,0.002533076665487121,0.9805147948808683,flat,mid,824.0,2.7253107489286252
6386,TAGOLOAN,LANAO DEL SUR,8.0798345,124.4157352,323,613.0,704.8125,582.0,904.0,322.0,9.621788994259026,322.0,109.77944864021681,0.0805,0.6805632518867223,387.2770070189258,0.24054472485647566,0.24054472485647566,0.7594552751435244,moderate,mid,904.0,1.814433399445913
6387,TAMPARAN,LANAO DEL SUR,7.8765155,124.3264879,323,704.0,702.6875,700.0,707.0,7.0,0.10514880429933444,7.0,1.8946882989030147,0.00175,0.013946303102823196,0.09200520376191763,0.002628720107483361,6.133680250794509e-05,0.9973712798925166,flat,mid,707.0,2.2760987790963125
6388,TARAKA,LANAO DEL SUR,7.8998799,124.3339467,323,705.0,702.5,699.0,707.0,8.0,0.1543603385205255,8.0,2.3717082451262845,0.002,0.016512930622222977,0.1543603385205255,0.0038590084630131375,0.000102906892347017,0.9961409915369869,flat,mid,707.0,1.8973657961013648
6389,TUBARAN,LANAO DEL SUR,7.7450128,124.1841657,323,816.0,782.75,664.0,868.0,204.0,3.549877919482678,204.0,59.28690833565198,0.051,0.41611064290967614,90.5218869468083,0.08874694798706695,0.06034792463120553,0.911253052012933,gentle,mid,868.0,1.4379228223444465
6390,TUGAYA,LANAO DEL SUR,7.883728,124.17801,323,767.0,782.3125,700.0,1016.0,316.0,4.15468810196869,316.0,80.94652459340055,0.079,0.5942822203500935,164.11018002776325,0.10386720254921725,0.10386720254921725,0.8961327974507828,gentle,mid,1016.0,2.8869367559248547
6391,WAO,LANAO DEL SUR,7.6382215,124.7241605,323,556.0,553.8125,475.0,645.0,170.0,2.831251574828263,170.0,47.73915943698632,0.0425,0.3434256638623957,60.164095965100586,0.07078128937070657,0.04010939731006706,0.9292187106292934,flat,mid,645.0,1.9101194735161642
6392,AMPATUAN,MAGUINDANAO,6.8321846,124.4571005,324,47.0,36.0,22.0,85.0,63.0,0.8387849186499855,63.0,17.367354432958408,0.01575,0.12499584061546525,0.7926517481242362,0.0025163547559499564,0.0044036208229124236,0.9790303770337504,flat,low,85.0,2.8213852240860824
6393,BARIRA,MAGUINDANAO,7.4705878,124.355677,324,235.0,257.9375,204.0,350.0,146.0,2.248117832575705,146.0,44.18210716738169,0.0365,0.29758050725821306,35.27566185093308,0.04832282445333299,0.027352100296337747,0.9437970541856073,flat,mid,350.0,2.0837054594865836
6394,BULDON,MAGUINDANAO,7.5144498,124.3710663,324,399.0,408.75,345.0,475.0,130.0,2.3351495770953368,130.0,40.24689429011883,0.0325,0.2690950845197426,37.94618062779922,0.05837873942738342,0.02529745375186615,0.9416212605726166,flat,mid,475.0,1.646089705117336
6395,BULUAN,MAGUINDANAO,6.7166195,124.7865943,324,17.0,15.875,11.0,21.0,10.0,0.16046130579955695,10.0,2.4717149916606487,0.0025,0.01969965641462699,0.010613846789866528,0.00021227693579733053,0.0001337177548329641,0.9959884673550111,flat,low,21.0,2.073458284564771
6396,COTABATO CITY,MAGUINDANAO,7.2237628,124.2467062,324,12.0,6.1875,3.0,13.0,10.0,0.18794838844434794,10.0,2.6272311946229627,0.0025,0.020147523325051993,0.004845544389580845,9.69108877916169e-05,0.00015662365703695663,0.9953012902888912,flat,low,13.0,2.593033083997233
6397,DATU ABDULLAH SANGKI,MAGUINDANAO,6.7666556,124.481723,324,50.0,44.4375,28.0,89.0,61.0,0.8223683569079486,61.0,15.243723093457188,0.01525,0.11902068724755413,0.9288265106107979,0.0030453328216747473,0.004180372480948739,0.9794407910773013,flat,low,89.0,2.9233342014584762
6398,DATU ANGGAL MIDTIMBANG,MAGUINDANAO,6.9931618,124.3415426,324,30.0,30.625,21.0,43.0,22.0,0.4188436729552878,22.0,6.0608889612003285,0.0055,0.04474606741995921,0.1175816352723438,0.0010689239570213073,0.0007678800670846943,0.9895289081761178,flat,low,43.0,2.0417793557085457
6399,DATU BLAH T. SINSUAT,MAGUINDANAO,7.0678918,124.0189526,324,23.0,66.22222222222223,11.0,129.0,118.0,3.3667123054088846,118.0,43.26861263671592,0.0295,0.264150216187949,10.961765880314633,0.018579264203923106,0.033106004336520695,0.9158321923647779,gentle,low,129.0,1.4508848909480012
6400,DATU HOFFER AMPATUAN,MAGUINDANAO,6.8581394,124.4249654,324,105.0,85.5,35.0,168.0,133.0,1.9677520034548706,133.0,36.0416425818802,0.03325,0.26477335347273706,9.323454961369608,0.014020233024615952,0.02180925137162482,0.9508061999136282,flat,low,168.0,2.289018807163294
6401,DATU ODIN SINSUAT (DINAIG),MAGUINDANAO,7.0147753,124.2809893,324,123.0,124.0,46.0,254.0,208.0,3.9239058805572484,208.0,58.6078066472377,0.052,0.42447791865119283,42.168908529721904,0.0405470274324249,0.06801436859632565,0.9019023529860688,gentle,low,254.0,2.2181344980940803
6402,DATU PAGLAS,MAGUINDANAO,6.7466118,124.8699956,324,29.0,38.625,22.0,105.0,83.0,1.507799193167669,83.0,23.724657531774827,0.02075,0.1693261196492502,2.0140898909985006,0.004853228653008435,0.01042894441940971,0.9623050201708083,flat,low,105.0,2.7977220372256513
6403,DATU PIANG,MAGUINDANAO,7.0287661,124.499512,324,7.0,6.3125,4.0,9.0,5.0,0.11260067637123997,5.0,1.3095204274848102,0.00125,0.010231283154894763,0.0014808161866530255,5.923264746612102e-05,4.691694848801665e-05,0.997184983090719,flat,low,9.0,2.052276460387414
6404,DATU SALIBO,MAGUINDANAO,6.9767315,124.4823832,324,9.0,8.0625,5.0,13.0,8.0,0.16307033312705563,8.0,2.536452985962878,0.002,0.016808802729478906,0.004382515202789619,0.00010956288006974049,0.00010871355541803708,0.9959232416718236,flat,low,13.0,1.9466152460580304
6405,DATU SAUDI AMPATUAN,MAGUINDANAO,6.9261327,124.4145057,324,53.0,55.5625,12.0,148.0,136.0,2.5133731047209955,136.0,46.12885315884192,0.034,0.28749715221143124,7.913459944093418,0.011637441094255027,0.028484895186837948,0.9371656723819751,flat,low,148.0,2.0038975969725383
6406,DATU UNSAY,MAGUINDANAO,6.8812524,124.4355823,324,38.0,54.9375,22.0,110.0,88.0,1.5124878459845834,88.0,29.04192820303087,0.022,0.1839568395897396,3.046717704755195,0.006924358419898171,0.011091577537220279,0.9621878038503854,flat,low,110.0,1.895965643847571
6407,GEN. S. K. PENDATUN,MAGUINDANAO,6.784132,124.7469459,324,18.0,17.25,13.0,23.0,10.0,0.1775011074164886,10.0,2.8613807855648994,0.0025,0.020368309070647475,0.012757892095560119,0.00025515784191120237,0.0001479175895137405,0.9955624723145878,flat,low,23.0,2.0095186280305564
6408,GUINDULUNGAN,MAGUINDANAO,6.9766551,124.3862549,324,23.0,27.6875,16.0,47.0,31.0,0.5497659500655816,31.0,7.7759143353048845,0.00775,0.061678337843480355,0.19661291125652686,0.0012684703952033991,0.0014202287043360857,0.9862558512483605,flat,low,47.0,2.4836304367044373
6409,KABUNTALAN (TUMBAO),MAGUINDANAO,7.1180891,124.3639908,324,3.0,3.4375,1.0,6.0,5.0,0.10051826896634364,5.0,1.2231491119238078,0.00125,0.010010400336020584,0.000719857394941263,2.879429579765052e-05,4.188261206930985e-05,0.9974870432758414,flat,low,6.0,2.0950004214688107
6410,MAMASAPANO,MAGUINDANAO,6.8926767,124.500925,324,17.0,16.375,15.0,19.0,4.0,0.07285860995521186,4.0,0.9921567416492215,0.001,0.0079603884926404,0.0019884328966943234,9.942164483471618e-05,2.4286203318403957e-05,0.9981785347511197,flat,low,19.0,2.6457486444006113
6411,MANGUDADATU,MAGUINDANAO,6.6467834,124.7859734,324,12.0,14.0,10.0,20.0,10.0,0.15911646684077196,10.0,2.979093821953246,0.0025,0.020364394180794415,0.009281793899045031,0.00018563587798090062,0.0001325970557006433,0.9960220883289806,flat,low,20.0,2.014034583855943
6412,MATANOG,MAGUINDANAO,7.4668478,124.2585697,324,321.0,287.375,176.0,441.0,265.0,4.531866766877656,265.0,82.53474647080465,0.06625,0.5472001628379191,143.80061717284943,0.1085287676776222,0.10007872443521491,0.8867033308280586,gentle,mid,441.0,1.8613372513721254
6413,NORTHERN KABUNTALAN,MAGUINDANAO,7.1928262,124.4538197,324,3.0,4.125,2.0,8.0,6.0,0.09483973904979903,6.0,1.4947825928876748,0.0015,0.01182289117386931,0.0009780348089510527,3.260116029836842e-05,4.741986952489952e-05,0.997629006523755,flat,low,8.0,2.5923484967574075
6414,PAGAGAWAN,MAGUINDANAO,7.077019,124.7487629,324,15.0,13.0625,10.0,17.0,7.0,0.1375074291119338,7.0,1.9515618744994994,0.00175,0.014305272504062086,0.005238889812259353,0.00014968256606455295,8.02126669819614e-05,0.9965623142722017,flat,low,17.0,2.017613704098474
6415,PAGALUNGAN,MAGUINDANAO,7.0599392,124.6992377,324,14.0,12.375,10.0,16.0,6.0,0.11984532479433578,6.0,1.7275343701356567,0.0015,0.012352025752131315,0.0037077147358247635,0.00012359049119415878,5.99226623971679e-05,0.9970038668801416,flat,low,16.0,2.0983651406890402
6416,PAGLAT,MAGUINDANAO,6.7806618,124.7850687,324,13.0,13.0,10.0,17.0,7.0,0.10419984884168104,7.0,1.9364916731037085,0.00175,0.01399373757483632,0.003950910935247073,0.00011288316957848779,6.078324515764727e-05,0.997395003778958,flat,low,17.0,2.0655900513111733
6417,PANDAG,MAGUINDANAO,6.7411968,124.7836552,324,14.0,15.4375,13.0,19.0,6.0,0.10988472982732583,6.0,1.5799030824705673,0.0015,0.01206802882928319,0.004240863791773356,0.00014136212639244522,5.4942364913662916e-05,0.9972528817543168,flat,low,19.0,2.254883723339178
6418,PARANG,MAGUINDANAO,7.3755802,124.267482,324,72.0,58.92857142857143,7.0,132.0,125.0,2.369964257252707,125.0,36.35237128385415,0.03125,0.2567070156294334,7.273885834201947,0.011638217334723115,0.0246871276797157,0.9407508935686824,flat,low,132.0,2.010086934653317
6419,RAJAH BUAYAN,MAGUINDANAO,6.9077057,124.5514195,324,13.0,12.6875,10.0,16.0,6.0,0.09921111632212076,6.0,1.529654781315052,0.0015,0.011907636976238627,0.0031468525958422678,0.00010489508652807559,4.960555816106038e-05,0.997519722091947,flat,low,16.0,2.1655198773885123
6420,SHARIFF AGUAK (MAGANOY),MAGUINDANAO,6.8693874,124.4363898,324,35.0,59.5625,23.0,105.0,82.0,1.5333824111470156,82.0,28.339391202882254,0.0205,0.17420295103471273,3.1205130703514246,0.0076110074886620105,0.01047811314283794,0.9616654397213246,flat,low,105.0,1.6033336097934656
6421,SHARIFF SAYDONA MUSTAPHA,MAGUINDANAO,6.8816312,124.4843998,324,18.0,17.125,15.0,19.0,4.0,0.07764776472816226,4.0,1.3169567191065923,0.001,0.008435360233513543,0.0022161966182829645,0.00011080983091414823,2.5882588242720756e-05,0.998058805881796,flat,low,19.0,1.4237359125484885
6422,SOUTH UPI,MAGUINDANAO,6.8549414,124.1439996,324,692.0,660.375,497.0,804.0,307.0,4.990144083738347,307.0,77.46198664506352,0.07675,0.5969464095927952,191.4967792134591,0.12475360209345868,0.12475360209345868,0.8752463979065414,gentle,mid,804.0,1.8541352264042106
6423,SULTAN KUDARAT (NULING),MAGUINDANAO,7.2742966,124.3108482,324,52.0,40.625,25.0,71.0,46.0,0.7552419541082741,46.0,14.097318007337424,0.0115,0.09440479110823062,0.5880660007249322,0.002556808698804053,0.0028950941574150506,0.9811189511472932,flat,low,71.0,2.154665010005825
6424,SULTAN MASTURA,MAGUINDANAO,7.2981511,124.2852328,324,23.0,21.25,11.0,33.0,22.0,0.32641232218912125,22.0,5.7608593109014565,0.0055,0.04353725356702342,0.06358240025975591,0.0005780218205432355,0.0005984225906800556,0.991839691945272,flat,low,33.0,2.0396259179840044
6426,TALAYAN,MAGUINDANAO,6.9841524,124.3560226,324,35.0,28.5625,24.0,39.0,15.0,0.3085767102153064,15.0,4.315216535702467,0.00375,0.030953668261987224,0.05508576428452931,0.0007344768571270576,0.00038572088776913304,0.9922855822446174,flat,low,39.0,2.418765662135014
6427,TALITAY,MAGUINDANAO,7.0352152,124.3745009,324,4.0,8.8125,4.0,16.0,12.0,0.2308158021134682,12.0,4.275201018665672,0.003,0.02571990629338041,0.010170321280624693,0.0001695053546770782,0.0002308158021134682,0.9942296049471633,flat,low,16.0,1.6812071028735345
6428,UPI,MAGUINDANAO,7.0103624,124.160434,324,454.0,463.75,448.0,524.0,76.0,1.2567330960643919,76.0,20.21911224559575,0.019,0.15195523091802443,11.938964412611723,0.0314183274016098,0.007959309608407817,0.9685816725983902,flat,mid,524.0,2.9798537289029734
6430,INDANAN,SULU,5.9728882,120.9702286,325,160.0,222.875,119.0,479.0,360.0,6.424675149963035,360.0,104.0551986928092,0.09,0.6449561724859222,214.7849211072017,0.11932495617066761,0.16061687874907588,0.8393831212509242,gentle,mid,479.0,2.4614339384877435
6431,JOLO,SULU,6.0531173,121.0007633,325,11.0,24.785714285714285,2.0,62.0,60.0,1.2087161871720349,60.0,17.648061696193523,0.015,0.12410701556601335,0.7489723516941003,0.0024965745056470005,0.006043580935860175,0.9697820953206991,flat,low,62.0,2.1086895686466702
6432,KALINGALAN CALUANG,SULU,5.8890311,121.30945,325,,127.36363636363636,24.0,268.0,244.0,5.139255348571933,244.0,77.1259568701776,0.061,0.5138030934602412,66.54634868853121,0.05454618744961574,0.1044981920876293,0.8715186162857017,gentle,low,268.0,1.823463429434355
6433,LUGUS,SULU,5.7020738,120.8189755,325,,,,,,,,,,0.0,,0.0,0.0,1.0,unknown,unknown,,
6434,LUUK,SULU,5.9680048,121.3135327,325,42.0,52.9375,16.0,86.0,70.0,1.2889607573684438,70.0,20.49228132126826,0.0175,0.1436014483886649,1.9901688360514331,0.005686196674432666,0.0075189377513159225,0.9677759810657889,flat,low,86.0,1.6134122828127118
6435,MAIMBUNG,SULU,5.9327986,121.0247434,325,14.0,17.75,0.0,48.0,48.0,0.7684237917280299,48.0,12.290748553281855,0.012,0.09511137291532941,0.27279044606345054,0.0011366268585977107,0.0030736951669121195,0.9807894052067992,flat,low,48.0,2.461200585762705
6436,OLD PANAMAO,SULU,5.9818846,121.2140628,325,21.0,26.3125,11.0,47.0,36.0,0.7855771783157408,36.0,10.510225675502882,0.009,0.07488743454426658,0.31005749256649395,0.001722541625369411,0.0023567315349472223,0.9803605705421065,flat,low,47.0,1.9683210114029408
6437,OMAR,SULU,6.0084369,121.3877453,325,4.0,15.928571428571429,-4.0,70.0,74.0,1.163711203959742,74.0,19.757328787473433,0.0185,0.1475255780846123,0.5715345918971327,0.001544688086208467,0.007176219091085075,0.9709072199010065,flat,low,70.0,2.7367781554019004
6438,PANDAMI,SULU,5.541792,120.8013302,325,,,,,,,,,,0.0,,0.0,0.0,1.0,unknown,unknown,,
6440,PANGUTARAN,SULU,6.3041267,120.5718076,325,9.0,9.5,6.0,13.0,7.0,0.1501912846449657,7.0,2.598076211353316,0.00175,0.015278275355781204,0.004161550178704258,0.00011890143367726452,8.761158270956333e-05,0.9962452178838759,flat,low,13.0,1.3471501095908078
6441,PARANG,SULU,5.9138656,120.9069555,325,8.0,32.875,-1.0,100.0,101.0,1.6100187691406942,101.0,29.548424238865937,0.02525,0.20498556321513564,2.2274441960773053,0.004410780586291694,0.013550991306934176,0.9597495307714826,flat,low,100.0,2.2716946658703305
6442,PATA,SULU,5.8457184,121.1445068,325,6.0,55.888888888888886,-1.0,142.0,143.0,3.367938389250474,143.0,49.90979517410373,0.03575,0.31051585447141333,11.215390759277655,0.01568586120178693,0.04013459913856816,0.9158015402687382,gentle,low,142.0,1.725334858325686
6443,PATIKUL,SULU,6.0889469,121.1054959,325,23.0,31.545454545454547,1.0,67.0,66.0,1.644526357950447,66.0,25.23836774856033,0.0165,0.14704076263014687,1.426626615522013,0.0043231109561273125,0.009044894968727459,0.9588868410512388,flat,low,67.0,1.4047875204520848
6444,SIASI,SULU,5.5451683,120.8151131,325,,,,,,,,,,0.0,,0.0,0.0,1.0,unknown,unknown,,
6445,TALIPAO,SULU,5.9750727,121.114474,325,95.0,96.0625,56.0,144.0,88.0,1.4731412629273135,88.0,26.987193143229995,0.022,0.18087291024158733,5.188833194231686,0.011792802714162921,0.010803035928133633,0.9631714684268171,flat,low,144.0,1.7763054486353704
6446,TAPUL,SULU,5.7051707,120.8818507,325,,,,,,,,,,0.0,,0.0,0.0,1.0,unknown,unknown,,
6447,TONGKIL,SULU,6.0710519,121.7848726,325,10.0,5.714285714285714,4.0,9.0,5.0,0.119947413474315,5.0,1.6659862556700857,0.00125,0.01077085487546037,0.0014279453985037503,5.711781594015001e-05,4.997808894763125e-05,0.9970013146631421,flat,low,9.0,1.972232545316033
6448,BONGAO,TAWI-TAWI,5.0289741,119.7713119,326,,20.77777777777778,3.0,58.0,55.0,0.9515749849973163,55.0,17.344725600966985,0.01375,0.11395258192001582,0.45309947781006465,0.0016476344647638715,0.004361385347904366,0.9762106253750671,flat,low,58.0,2.1460253066281854
6449,LANGUYAN,TAWI-TAWI,5.2675824,120.0787785,326,10.0,32.285714285714285,-7.0,95.0,102.0,2.5787003958730614,102.0,36.00680207847355,0.0255,0.22357269790185405,3.538345328908679,0.006937932017467998,0.021918953364921025,0.9355324901031734,flat,low,95.0,1.7417343488563992
6450,MAPUN (CAGAYAN DE TAWI-TAWI),TAWI-TAWI,7.0081659,118.4733683,326,61.0,67.6875,38.0,141.0,103.0,1.7254803979476536,103.0,32.55134165821741,0.02575,0.21299974235966518,5.012385752881844,0.009732787869673482,0.014810373415717358,0.9568629900513087,flat,low,141.0,2.2522112457776813
6451,PANGLIMA SUGALA (BALIMBING),TAWI-TAWI,5.0740436,119.8840976,326,16.0,25.153846153846153,8.0,52.0,44.0,0.9342990156681643,44.0,11.818148715143774,0.011,0.08993264800728815,0.4308555845331266,0.0019584344751505754,0.003425763057449936,0.9766425246082959,flat,low,52.0,2.2716038037454536
6452,SAPA-SAPA,TAWI-TAWI,5.0901662,120.2733204,326,1.0,1.0,1.0,1.0,0.0,0.0,0.0,0.0,0.0,0.0,0.0,0.0,0.0,1.0,flat,low,1.0,0.0
6453,SIBUTU,TAWI-TAWI,4.8408032,119.458997,326,11.0,8.2,1.0,14.0,13.0,0.2308595166154171,13.0,4.48998886412873,0.00325,0.027506672589223208,0.010254010196334776,0.00015775400302053502,0.00025009780966670186,0.9942285120846146,flat,low,14.0,1.291762381545036
6454,SIMUNUL,TAWI-TAWI,4.8980374,119.8218352,326,13.0,11.88888888888889,8.0,14.0,6.0,0.150357718885717,6.0,1.7284832429004495,0.0015,0.012620274364117291,0.0044689655335477,0.00014896551778492334,7.51788594428585e-05,0.996241057027857,flat,low,14.0,1.221365551801966
6455,SITANGKAI,TAWI-TAWI,4.6625499,119.3938939,326,,,,,,,,,,0.0,,0.0,0.0,1.0,unknown,unknown,,
6456,SOUTH UBIAN,TAWI-TAWI,5.1873927,120.4955419,326,,,,,,,,,,0.0,,0.0,0.0,1.0,unknown,unknown,,
6457,TANDUBAS,TAWI-TAWI,5.1349924,120.3460023,326,,,,,,,,,,0.0,,0.0,0.0,1.0,unknown,unknown,,
6458,TURTLE ISLANDS,TAWI-TAWI,6.0731504,118.3125904,326,,,,,,,,,,0.0,,0.0,0.0,1.0,unknown,unknown,,
6459,BANGUED,ABRA,17.5964869,120.61785,327,61.0,48.85,30.0,70.0,40.0,0.6763069701467819,40.0,12.554979091977811,0.01,0.08265765811142142,0.5506265915278383,0.002753132957639191,0.0022543565671559397,0.9830923257463304,flat,low,70.0,1.6845904848159896
6460,BOLINEY,ABRA,17.3788876,120.8210306,327,438.0,687.85,481.0,918.0,437.0,8.568597689101582,437.0,116.71001456601743,0.10925,0.6805885825343287,468.0596487671739,0.21421494222753953,0.21421494222753953,0.7857850577724604,moderate,mid,918.0,1.9719815723082894
6461,BUCAY,ABRA,17.5387139,120.7187769,327,84.0,111.05,75.0,258.0,183.0,2.488528402961037,183.0,44.52917582888774,0.04575,0.3556468579644261,21.071769785097768,0.023029256595735265,0.03795005814515581,0.9377867899259741,flat,low,258.0,3.300083461337827
6462,BUCLOC,ABRA,17.4414002,120.8578596,327,382.0,489.1,382.0,650.0,268.0,6.623481863270749,268.0,85.02699571312631,0.067,0.5733247939211208,221.8866424195701,0.16558704658176873,0.1479244282797134,0.8344129534182313,gentle,mid,650.0,1.892340153361674
6463,DAGUIOMAN,ABRA,17.4586787,120.9258712,327,512.0,588.75,480.0,753.0,273.0,4.473842875245909,273.0,72.42711853995021,0.06825,0.5452156165450021,152.66988811776665,0.11184607188114773,0.10177992541184444,0.8881539281188523,gentle,mid,753.0,2.2677969390926975
6464,DANGLAS,ABRA,17.6931235,120.6644456,327,81.0,108.35,76.0,167.0,91.0,1.750599442076139,91.0,24.68861073450671,0.02275,0.18473589276417518,7.191936628731007,0.015806454129079137,0.013275379102410721,0.9562350139480965,flat,low,167.0,2.3755892243234653
6465,DOLORES,ABRA,17.6485978,120.7081646,327,61.0,66.85,53.0,101.0,48.0,0.713575525040729,48.0,12.974108832594244,0.012,0.09554259762089871,0.9540504769794547,0.003975210320747728,0.002854302100162916,0.9821606118739817,flat,low,101.0,2.632165168989596
6466,LA PAZ,ABRA,17.6707707,120.6836908,327,73.0,76.25,55.0,113.0,58.0,0.8363936688650577,58.0,17.985758254797044,0.0145,0.1182994556089653,1.5412295835648824,0.005314584770913388,0.004042569399514446,0.9790901582783735,flat,low,113.0,2.043283215313709
6467,LACUB,ABRA,17.6644278,120.9445433,327,476.0,616.7,476.0,822.0,346.0,8.018019364741486,346.0,97.36174813549724,0.0865,0.649973333622151,346.77933752506925,0.20045048411853714,0.20045048411853714,0.7995495158814628,moderate,mid,822.0,2.108630974925135
6468,LAGANGILANG,ABRA,17.6126919,120.7336564,327,70.0,76.95,57.0,100.0,43.0,0.9081089581256169,43.0,13.577462944158604,0.01075,0.09054923730914395,1.2519984692058115,0.0058232486939805185,0.0032540570999501275,0.9772972760468596,flat,low,100.0,1.6976660807055015
6469,LAGAYAN,ABRA,17.720826,120.7059017,327,116.0,164.45,81.0,455.0,374.0,4.136810750356136,374.0,110.89701303461693,0.0935,0.634059778111772,106.01318726380369,0.05669154399133887,0.1034202687589034,0.8965797312410966,gentle,low,455.0,2.6199984059922814
6470,LANGIDEN,ABRA,17.575718,120.5643653,327,51.0,59.6,26.0,167.0,141.0,2.61431525014208,141.0,35.99638870775789,0.03525,0.28237044338242034,9.15402484837249,0.012984432409038994,0.030718204189169433,0.934642118746448,flat,low,167.0,2.983632549595754
6471,LICUAN-BAAY (LICUAN),ABRA,17.609076,120.9047821,327,406.0,565.5,406.0,817.0,411.0,8.674186487589004,411.0,121.70394406098761,0.10275,0.688171057181054,445.63633079988506,0.2168546621897251,0.2168546621897251,0.7831453378102748,moderate,mid,817.0,2.0664901197243006
6472,LUBA,ABRA,17.3173444,120.694618,327,190.0,347.85,184.0,652.0,468.0,7.883294083686112,468.0,146.73965892014334,0.117,0.7146317017924446,461.1727038956376,0.1970823520921528,0.1970823520921528,0.8029176479078473,gentle,mid,652.0,2.0727184468433437
6473,MALIBCONG,ABRA,17.5631986,120.9893255,327,808.0,973.3,774.0,1207.0,433.0,9.253665048679371,433.0,140.27939977060066,0.10825,0.7180087688700787,500.85462075977097,0.2313416262169843,0.2313416262169843,0.7686583737830157,moderate,mid,1207.0,1.6659609231021053
6474,MANABO,ABRA,17.4324164,120.7044421,327,123.0,144.1,108.0,236.0,128.0,2.637554478519806,128.0,36.034566738064164,0.032,0.26312469067113387,20.270485352250883,0.03167263336289201,0.0281339144375446,0.9340611380370049,flat,low,236.0,2.5503289138369176
6475,PEÑARRUBIA,ABRA,17.564221,120.6508783,327,69.0,65.75,35.0,133.0,98.0,1.3837940318053092,98.0,25.84351949715828,0.0245,0.19356622377450747,3.715198684973963,0.007582038132599924,0.011300984593076694,0.9654051492048673,flat,low,133.0,2.602199650291249
6476,PIDIGAN,ABRA,17.5704559,120.5900124,327,40.0,56.75,29.0,167.0,138.0,2.2269466948294454,138.0,32.86924854632366,0.0345,0.2703114483081892,7.266805433565333,0.010531602077630918,0.02560988699053862,0.9443263326292639,flat,low,167.0,3.3541988795521855
6477,PILAR,ABRA,17.4150125,120.5954887,327,313.0,315.35,230.0,433.0,203.0,2.9854232956270566,203.0,51.46384653327032,0.05075,0.39924091588109717,75.75511612653656,0.07463558239067641,0.05050341075102437,0.9253644176093236,flat,mid,433.0,2.2860708174596094
6478,SALLAPADAN,ABRA,17.4552536,120.7599735,327,200.0,264.55,188.0,391.0,203.0,3.671542672761684,203.0,57.36329401280927,0.05075,0.41311039040374375,82.15635110752417,0.08094221783992529,0.062110263547551815,0.9082114331809579,gentle,mid,391.0,2.2043712790864545
6479,SAN ISIDRO,ABRA,17.4657415,120.6028042,327,140.0,199.1,139.0,306.0,167.0,3.0559580717937886,167.0,46.52837843725053,0.04175,0.3392774710445297,42.33737045821747,0.050703437674511936,0.042528749832463554,0.9236010482051553,gentle,low,306.0,2.297522529108677
6480,SAN JUAN,ABRA,17.684055,120.7329137,327,95.0,93.3,72.0,158.0,86.0,1.3141353535380804,86.0,22.700440524359877,0.0215,0.17076593837593806,4.393483020716188,0.010217402373758575,0.009417970033689577,0.967146616161548,flat,low,158.0,2.8501648274360805
6481,SAN QUINTIN,ABRA,17.5428676,120.5183358,327,52.0,77.15,21.0,252.0,231.0,4.3923010202639095,231.0,56.87466483417727,0.05775,0.46076552037287893,32.61585478241096,0.028238835309446722,0.08455179464008027,0.8901924744934022,gentle,low,252.0,3.0743037771824357
6482,TAYUM,ABRA,17.6179807,120.6537449,327,49.0,50.3,42.0,77.0,35.0,0.4689807965414309,35.0,8.050465825031493,0.00875,0.06733753640311285,0.3440169551296621,0.001965811172169498,0.0013678606565791734,0.9882754800864643,flat,low,77.0,3.316577855706592
6483,TINEG,ABRA,17.7219615,120.8215933,327,574.0,512.95,267.0,706.0,439.0,7.644593127464383,439.0,120.35135022092605,0.10975,0.6773586568265481,419.497047869608,0.19111482818660958,0.19111482818660958,0.8088851718133905,gentle,mid,706.0,1.6040534488526246
6484,TUBO,ABRA,17.2583528,120.724627,327,426.0,458.75,335.0,606.0,271.0,7.786313417718105,271.0,84.754277178205,0.06775,0.5876359453093067,263.7613670252008,0.19465783544295262,0.17584091135013385,0.8053421645570473,gentle,mid,606.0,1.7373754241690433
6485,VILLAVICIOSA,ABRA,17.4378456,120.6256845,327,218.0,248.55,156.0,350.0,194.0,3.343853402792297,194.0,53.05890594424277,0.0485,0.3910039252000896,67.1817766971754,0.06925956360533546,0.05405896334514213,0.9164036649301925,gentle,mid,350.0,1.9120258188999117
6486,CALANASAN (BAYAG),APAYAO,18.2550984,121.0437208,328,285.0,428.5,285.0,664.0,379.0,6.4650769618288155,379.0,88.20119046815638,0.09475,0.6241710107068773,306.2830210666401,0.16162692404572038,0.16162692404572038,0.8383730759542796,gentle,mid,664.0,2.670031958525452
6487,CONNER,APAYAO,17.7961379,121.3224766,328,97.0,144.75,82.0,258.0,176.0,2.6925558831475764,176.0,50.97339992584367,0.044,0.3555243972119995,28.58148069961153,0.032478955340467644,0.03949081961949779,0.9326861029213106,flat,low,258.0,2.221746988488302
6488,FLORA,APAYAO,18.2149218,121.4191864,328,66.0,38.5,16.0,66.0,50.0,1.0138067532000803,50.0,15.064859773658698,0.0125,0.1039572887887123,0.8131574999625644,0.003252629999850257,0.004224194805000334,0.974654831169998,flat,low,66.0,1.82544003646449
6489,KABUGAO,APAYAO,18.0246159,121.184531,328,108.0,142.25,108.0,200.0,92.0,1.8748409547033191,92.0,23.12331074911203,0.023,0.18523593935247007,10.223351489250973,0.022224677150545595,0.014373780652725444,0.953128976132417,flat,low,200.0,2.4974796269058515
6490,LUNA,APAYAO,18.3329444,121.35472,328,21.0,38.2,10.0,179.0,169.0,1.9714641140186018,169.0,37.14512081014141,0.04225,0.320277138744518,5.303074178033871,0.006275827429625883,0.027764786272428642,0.950713397149535,flat,low,179.0,3.7905381147938146
6491,PUDTOL,APAYAO,18.2349362,121.3725995,328,24.0,23.8,16.0,46.0,30.0,0.4635398861830381,30.0,8.846468221838588,0.0075,0.06085126496655304,0.13790311613945383,0.000919354107596359,0.0011588497154575953,0.988411502845424,flat,low,46.0,2.5094757516588193
6492,SANTA MARCELA,APAYAO,18.2874102,121.4381253,328,13.0,13.95,10.0,23.0,13.0,0.25376470951127045,13.0,3.470950878361721,0.00325,0.02634837571270591,0.01917509586244537,0.00029500147480685185,0.0002749117686372096,0.9936558822622182,flat,low,23.0,2.607353923982252
6493,ATOK,BENGUET,16.6274644,120.766785,329,2121.0,2124.0,1676.0,2371.0,695.0,13.939660127625917,695.0,209.97678443104132,0.17375,0.7719720261167269,1211.0079735875015,0.3484915031906479,0.3484915031906479,0.6515084968093521,moderate,very_high,2371.0,1.1763205132079588
6494,BAGUIO CITY,BENGUET,16.3767007,120.7188395,329,648.0,688.8125,479.0,1015.0,536.0,8.7210879393351,536.0,148.46347141216253,0.134,0.7242608146853988,584.3128919354517,0.21802719848337748,0.21802719848337748,0.7819728015166225,moderate,mid,1015.0,2.197089255021883
6495,BAKUN,BENGUET,16.7916546,120.6615711,329,1120.0,1269.85,899.0,1798.0,899.0,16.40472796757587,899.0,250.61130760602163,0.22475,0.7935413697162887,1843.4813053563382,0.41011819918939674,0.41011819918939674,0.5898818008106033,steep,high,1798.0,2.107446798541276
6496,BOKOD,BENGUET,16.4912514,120.8301004,329,983.0,1186.0,983.0,1429.0,446.0,11.553256467483427,446.0,136.74428690076965,0.1115,0.7334167099581729,644.0940480622011,0.2888314116870857,0.2888314116870857,0.7111685883129143,moderate,high,1429.0,1.7770394926941024
6497,BUGUIAS,BENGUET,16.8003159,120.8217796,329,1749.0,1658.55,1447.0,1799.0,352.0,6.1078034964927195,352.0,90.12184807248462,0.088,0.6236057446909575,268.7433538456797,0.152695087412318,0.152695087412318,0.847304912587682,gentle,high,1799.0,1.558445609421936
6498,ITOGON,BENGUET,16.3598502,120.6772166,329,736.0,909.75,730.0,1253.0,523.0,8.751125983696342,523.0,137.79944666071776,0.13075,0.7103049479049667,572.1048611841484,0.21877814959240854,0.21877814959240854,0.7812218504075914,moderate,mid,1253.0,2.4909388667879955
6499,KABAYAN,BENGUET,16.6234152,120.8379622,329,1169.0,1473.1875,1127.0,1901.0,774.0,15.912978323074887,774.0,252.37824261166017,0.1935,0.7892385603269052,1539.5806527574953,0.39782445807687217,0.39782445807687217,0.6021755419231278,steep,high,1901.0,1.695124325606625
6500,KAPANGAN,BENGUET,16.5760702,120.6055431,329,920.0,995.75,888.0,1104.0,216.0,5.694100951694013,216.0,61.94100015337175,0.054,0.4564113835318183,153.74072569573835,0.14235252379235033,0.10249381713049223,0.8576474762076497,gentle,mid,1104.0,1.74763077742258
6501,KIBUNGAN,BENGUET,16.6937113,120.6532524,329,1191.0,1119.55,789.0,1523.0,734.0,12.544654144715238,734.0,182.63638054889284,0.1835,0.7597657237662583,1150.9720177776233,0.313616353617881,0.313616353617881,0.686383646382119,moderate,high,1523.0,2.2090341287888147
6502,LA TRINIDAD,BENGUET,16.449779,120.5900851,329,1324.0,1388.9375,1316.0,1511.0,195.0,4.785691614224083,195.0,60.59338737642912,0.04875,0.4151659847930329,116.65123309671202,0.11964229035560207,0.07776748873114135,0.880357709644398,gentle,high,1511.0,2.014452455467607
6503,MANKAYAN,BENGUET,16.8570882,120.7931192,329,1364.0,1247.15,1062.0,1452.0,390.0,7.345050341043151,390.0,132.73969828201356,0.0975,0.6912554548601456,358.0712041258536,0.18362625852607878,0.18362625852607878,0.8163737414739212,gentle,high,1452.0,1.5432459249797126
6504,SABLAN,BENGUET,16.4972863,120.4871756,329,577.0,589.0,295.0,885.0,590.0,8.811125794404063,590.0,168.23941274267455,0.1475,0.7270973507010356,649.8205273372997,0.22027814486010158,0.22027814486010158,0.7797218551398984,moderate,mid,885.0,1.759397476579048
6505,TUBA,BENGUET,16.3924478,120.5601478,329,1282.0,1238.0625,881.0,1524.0,643.0,10.630410693265185,643.0,182.3874545952928,0.16075,0.7430160935660703,854.4192594711892,0.2657602673316296,0.2657602673316296,0.7342397326683704,moderate,high,1524.0,1.567747623139602
6506,TUBLAY,BENGUET,16.4748115,120.6330048,329,1342.0,1268.875,1020.0,1438.0,418.0,8.691818402614386,418.0,114.18618294259599,0.1045,0.6783016549463372,454.1475115366017,0.21729546006535966,0.21729546006535966,0.7827045399346404,moderate,high,1438.0,1.4811336552329573
6507,AGUINALDO,IFUGAO,16.9788496,121.3268724,330,905.0,985.3,667.0,1277.0,610.0,9.94802108701096,610.0,192.54794208196566,0.1525,0.7370451845113459,758.5366078845858,0.24870052717527402,0.24870052717527402,0.751299472824726,moderate,mid,1277.0,1.514947370150957
6508,ALFONSO LISTA (POTIA),IFUGAO,16.9256809,121.4841675,330,122.0,122.2,106.0,146.0,40.0,0.6743748471184938,40.0,11.762652762026091,0.01,0.0815843169283216,1.3734767719646657,0.006867383859823328,0.002247916157061646,0.9831406288220377,flat,low,146.0,2.0233529339131464
6509,ASIPULO,IFUGAO,16.7222884,121.0664555,330,958.0,931.45,712.0,1192.0,480.0,8.262060253035191,480.0,130.0167200786114,0.12,0.6956486539855398,495.7236151821115,0.20655150632587976,0.20655150632587976,0.7934484936741202,moderate,mid,1192.0,2.0039730108442346
6510,BANAUE,IFUGAO,16.9117913,121.0614068,330,1078.0,1215.8,925.0,1662.0,737.0,10.286730677038207,737.0,184.04526617112433,0.18425,0.7400088934240843,947.6650636221449,0.2571682669259552,0.2571682669259552,0.7428317330740448,moderate,high,1662.0,2.424403554942413
6511,HINGYON,IFUGAO,16.8511489,121.0991923,330,879.0,916.55,805.0,977.0,172.0,3.639289406780283,172.0,50.07441961720575,0.043,0.3566096751322685,78.24472224577607,0.09098223516950707,0.052163148163850724,0.9090177648304929,gentle,mid,977.0,1.2072031838792603
6512,HUNGDUAN,IFUGAO,16.8377827,121.0054468,330,1099.0,1182.25,813.0,1736.0,923.0,12.342048081040502,923.0,239.9580952999919,0.23075,0.7579929207091045,1423.9637973500478,0.30855120202601255,0.30855120202601255,0.6914487979739874,moderate,high,1736.0,2.3076945872570613
6513,KIANGAN,IFUGAO,16.7791729,121.0856785,330,739.0,808.75,525.0,1123.0,598.0,8.305086951025642,598.0,162.13108122750555,0.1495,0.7226695108214745,620.8052495891668,0.20762717377564105,0.20762717377564105,0.792372826224359,moderate,mid,1123.0,1.9382464835400173
6514,LAGAWE,IFUGAO,16.8013508,121.1242889,330,532.0,506.95,433.0,648.0,215.0,4.135232352278959,215.0,58.46663578486452,0.05375,0.43663879746226025,111.13436946749702,0.10338080880697398,0.07408957964499802,0.896619191193026,gentle,mid,648.0,2.412486979865313
6515,LAMUT,IFUGAO,16.6558187,121.2092663,330,236.0,247.9375,217.0,301.0,84.0,1.3507717689648087,84.0,24.30912572985709,0.021,0.17023142061825156,11.721744141369928,0.02790891462230935,0.00945540238275366,0.9662307057758798,flat,mid,301.0,2.182822138765984
6516,MAYOYAO,IFUGAO,16.9726024,121.2221163,330,1015.0,1150.9,825.0,1644.0,819.0,10.520264268620975,819.0,207.47503464272515,0.20475,0.7420523123504335,1077.0120545000723,0.2630066067155244,0.2630066067155244,0.7369933932844757,moderate,high,1644.0,2.37667147988409
6517,TINOC,IFUGAO,16.6754703,120.9363914,330,1522.0,1552.1875,1157.0,1898.0,741.0,12.532031038646629,741.0,205.04426922923255,0.18525,0.7596552715881579,1160.779374954644,0.31330077596616573,0.31330077596616573,0.6866992240338343,moderate,high,1898.0,1.6865260346626283
6518,BALBALAN,KALINGA,17.4414357,121.2016265,331,967.0,1011.6,746.0,1430.0,684.0,9.2338420790371,684.0,194.28159974634758,0.171,0.7307961181915745,789.493497757672,0.2308460519759275,0.2308460519759275,0.7691539480240726,moderate,high,1430.0,2.1535750086095877
6519,LUBUAGAN,KALINGA,17.3527589,121.1758075,331,766.0,802.2,461.0,1278.0,817.0,12.039583659931443,817.0,297.23737988348637,0.20425,0.7553463570244001,1229.5424812704987,0.3009895914982861,0.3009895914982861,0.6990104085017139,moderate,mid,1278.0,1.6007407903601065
6520,PASIL,KALINGA,17.3890052,121.1581968,331,595.0,725.1,548.0,920.0,372.0,8.651893226819324,372.0,105.88762911690864,0.093,0.6668875712238806,402.31303504709854,0.2162973306704831,0.2162973306704831,0.7837026693295169,moderate,mid,920.0,1.8406304852116755
6521,PINUKPUK,KALINGA,17.5759915,121.3674483,331,125.0,203.75,125.0,357.0,232.0,4.492728261134093,232.0,63.24703550365029,0.058,0.471640752956457,88.48802704325357,0.07628278193383928,0.08685941304859245,0.8876817934716477,gentle,mid,357.0,2.42303842949472
6522,RIZAL (LIWAN),KALINGA,17.500029,121.5870272,331,84.0,94.75,71.0,167.0,96.0,1.1146418095495356,96.0,22.41177146055171,0.024,0.18363547778096073,4.22449245819274,0.008801025954568208,0.008917134476396285,0.9721339547612616,flat,low,167.0,3.2237521653930545
6523,TABUK CITY,KALINGA,17.4136195,121.4440137,331,190.0,193.9,167.0,246.0,79.0,1.3894624068754253,79.0,24.81713117989265,0.01975,0.16374730430001683,8.868301706149355,0.022451396724428745,0.00914729417859655,0.9652634398281144,flat,low,246.0,2.0993561875861095
6524,TANUDAN,KALINGA,17.2815631,121.2317848,331,578.0,663.05,505.0,759.0,254.0,4.81878897076051,254.0,87.9610567239844,0.0635,0.540445812459467,152.99654982164617,0.12046972426901274,0.10199769988109746,0.8795302757309873,gentle,mid,759.0,1.0908236267586093
6525,TINGLAYAN,KALINGA,17.2659982,121.1482339,331,553.0,736.15,511.0,1110.0,599.0,11.112489041801666,599.0,152.93013927934544,0.14975,0.7472342791157647,832.0476170048996,0.27781222604504163,0.27781222604504163,0.7221877739549584,moderate,mid,1110.0,2.4445802463603163
6526,BARLIG,MOUNTAIN PROVINCE,17.0409263,121.0997536,338,1555.0,1672.35,1519.0,1911.0,392.0,8.52552432514878,392.0,114.4911677816241,0.098,0.6772532282205507,417.75069193229024,0.2131381081287195,0.2131381081287195,0.7868618918712805,moderate,high,1911.0,2.0844402458253493
6527,BAUKO,MOUNTAIN PROVINCE,16.9902652,120.865329,338,1307.0,1319.6,1183.0,1516.0,333.0,4.815752682358637,333.0,94.5956658626599,0.08325,0.6182653904541846,200.45570540317826,0.12039381705896593,0.12039381705896593,0.8796061829410341,gentle,high,1516.0,2.0762050368030738
6528,BESAO,MOUNTAIN PROVINCE,17.0955228,120.8565903,338,1324.0,1221.6,957.0,1469.0,512.0,9.648987860056028,512.0,150.57835169771252,0.128,0.7344286437754903,617.5352230435858,0.24122469650140071,0.24122469650140071,0.7587753034985993,moderate,high,1469.0,1.6429984494295669
6529,BONTOC,MOUNTAIN PROVINCE,17.0891276,120.977394,338,856.0,1049.7,856.0,1337.0,481.0,9.39683203391231,481.0,125.68098503751472,0.12025,0.699796927013419,564.9845260389776,0.23492080084780773,0.23492080084780773,0.7650791991521922,moderate,high,1337.0,2.285946419247883
6530,NATONIN,MOUNTAIN PROVINCE,17.1074577,121.2747091,338,912.0,1036.05,769.0,1584.0,815.0,14.374474561093743,815.0,241.31047946577036,0.20375,0.7757766524095702,1464.3995959114252,0.3593618640273436,0.3593618640273436,0.6406381359726564,moderate,high,1584.0,2.2707260743187083
6531,PARACELIS,MOUNTAIN PROVINCE,17.1809095,121.4036126,338,243.0,220.7,179.0,295.0,116.0,1.80068019823773,116.0,28.028735255091338,0.029,0.22712759874136856,19.208155787968238,0.03311750997925558,0.017406575249631392,0.9549829950440567,flat,mid,295.0,2.6508508740383765
6532,SABANGAN,MOUNTAIN PROVINCE,17.0035277,120.9236583,338,1162.0,1276.0,1095.0,1511.0,416.0,9.322764067204293,416.0,121.49197504362171,0.104,0.6935634856461999,484.7837314946233,0.23306910168010733,0.23306910168010733,0.7669308983198927,moderate,high,1511.0,1.9342841202584706
6533,SADANGA,MOUNTAIN PROVINCE,17.1682043,121.0264409,338,886.0,1003.6,831.0,1163.0,332.0,6.744784593740183,332.0,107.43574824051815,0.083,0.6522645295159175,279.9085606402176,0.16861961484350457,0.16861961484350457,0.8313803851564954,gentle,high,1163.0,1.4836774642223476
6534,SAGADA,MOUNTAIN PROVINCE,17.0852054,120.8989806,338,1593.0,1587.45,1432.0,1696.0,264.0,3.6458579374176603,264.0,91.542599373188,0.066,0.5499580561166553,120.31331193478279,0.09114644843544151,0.08020887462318853,0.9088535515645585,gentle,high,1696.0,1.1857867217828484
6535,TADIAN,MOUNTAIN PROVINCE,16.9956909,120.8217222,338,1318.0,1256.1,900.0,1735.0,835.0,12.673958751347744,835.0,232.1516530201756,0.20875,0.7608971390742927,1322.8444446719209,0.3168489687836936,0.3168489687836936,0.6831510312163064,moderate,high,1735.0,2.062875675046366
6536,CITY OF LAS PIÑAS,NCR - 4th DISTRICT,14.4809012,120.9817861,339,6.0,5.2,1.0,10.0,9.0,0.15846641003902462,9.0,2.5612496949731396,0.00225,0.018301580681138987,0.00309009499576098,6.866877768357734e-05,0.00011884980752926847,0.9960383397490243,flat,low,10.0,1.8740844109562411
6537,CITY OF MAKATI,NCR - 4th DISTRICT,14.5632646,121.0599362,339,15.0,24.25,7.0,50.0,43.0,0.9056863579632898,43.0,12.316147936753602,0.01075,0.08884628621451693,0.3935018540692585,0.0018302411817174814,0.003245376116035122,0.9773578410509177,flat,low,50.0,2.090750942703963
6538,CITY OF MUNTINLUPA,NCR - 4th DISTRICT,14.3877931,121.0467708,339,16.0,17.125,3.0,53.0,50.0,0.8719543526256787,50.0,15.92904187325779,0.0125,0.10386832308315173,0.3110878810148906,0.0012443515240595623,0.0036331431359403277,0.9782011411843581,flat,low,53.0,2.252175493872777
6539,CITY OF PARAÑAQUE,NCR - 4th DISTRICT,14.4910175,120.9897141,339,7.0,5.933333333333334,1.0,9.0,8.0,0.17641298034605726,8.0,2.2350739485653612,0.002,0.01652371217611515,0.0034890567223997996,8.7226418059995e-05,0.00011760865356403819,0.9955896754913486,flat,low,9.0,1.3720643545466262
6540,PASAY CITY,NCR - 4th DISTRICT,14.5436995,120.9946503,339,8.0,7.25,3.0,11.0,8.0,0.12008198559097087,8.0,2.3139072294858036,0.002,0.0161359270132354,0.0029019813184484626,7.254953296121157e-05,8.005465706064725e-05,0.9969979503602258,flat,low,11.0,1.620634713258842
6541,BINONDO,NCR - 1st DISTRICT (MANILA),14.5999164,120.9740253,340,10.0,8.0,4.0,13.0,9.0,0.1946211503635232,9.0,2.2638462845343543,0.00225,0.018221396778393302,0.005838634510905697,0.00012974743357568213,0.00014596586277264238,0.9951344712409119,flat,low,13.0,2.2086295458876055
6542,ERMITA,NCR - 1st DISTRICT (MANILA),14.5785921,120.9794956,340,10.0,7.545454545454546,4.0,10.0,6.0,0.1325791273505999,6.0,1.5587661999529314,0.0015,0.012238422297588324,0.0025009244477499533,8.336414825833177e-05,6.628956367529996e-05,0.996685521816235,flat,low,10.0,1.574670967300038
6543,INTRAMUROS,NCR - 1st DISTRICT (MANILA),14.5909588,120.9746537,340,7.0,8.266666666666667,4.0,13.0,9.0,0.19030101052972187,9.0,2.3513589451397863,0.00225,0.018300279102321446,0.005899331326421378,0.00013109625169825285,0.00014272575789729138,0.995242474736757,flat,low,13.0,2.0130194626803255
6544,MALATE,NCR - 1st DISTRICT (MANILA),14.5700388,120.9915263,340,9.0,7.5,5.0,13.0,8.0,0.12864215987557812,8.0,1.880349511584026,0.002,0.015632751581023344,0.0032160539968894533,8.040134992223633e-05,8.576143991705208e-05,0.9967839460031106,flat,low,13.0,2.9249865735759792
6546,PANDACAN,NCR - 1st DISTRICT (MANILA),14.5878027,121.002501,340,5.0,7.5625,6.0,12.0,6.0,0.11792628091269315,6.0,1.4986973510352248,0.0015,0.012030118092699698,0.0022295437485056043,7.431812495018682e-05,5.896314045634658e-05,0.9970518429771826,flat,low,12.0,2.960902703959606
6547,PORT AREA,NCR - 1st DISTRICT (MANILA),14.5889597,120.9686124,340,7.0,8.083333333333334,4.0,13.0,9.0,0.1580995101996231,9.0,2.6601482832520613,0.00225,0.018430235091916117,0.004792391402926075,0.00010649758673169057,0.00011857463264971732,0.9960475122450094,flat,low,13.0,1.8482671997475222
6548,QUIAPO,NCR - 1st DISTRICT (MANILA),14.5982613,120.9836081,340,7.0,8.1875,5.0,13.0,8.0,0.15357833829765705,8.0,1.9754350786598884,0.002,0.015977723898317683,0.004191408816040224,0.00010478522040100559,0.00010238555886510471,0.9961605415425586,flat,low,13.0,2.436170955865472
6549,SAMPALOC (Manila),NCR - 1st DISTRICT (MANILA),14.6078903,120.9920483,340,7.0,8.5625,6.0,15.0,9.0,0.19274190006591402,9.0,2.524102563288584,0.00225,0.018551961709961526,0.006188821947428957,0.00013752937660953238,0.0001445564250494355,0.9951814524983521,flat,low,15.0,2.5504104085225254
6550,SAN MIGUEL (Manila),NCR - 1st DISTRICT (MANILA),14.596151,120.9905617,340,7.0,8.0,5.0,13.0,8.0,0.14924200788322428,8.0,2.0615528128088303,0.002,0.01605460465272332,0.003979786876885981,9.949467192214953e-05,9.949467192214953e-05,0.9962689498029194,flat,low,13.0,2.425355073893312
6551,SAN NICOLAS (Manila),NCR - 1st DISTRICT (MANILA),14.5988373,120.9728642,340,10.0,8.0,4.0,13.0,9.0,0.1946205974033156,9.0,2.2638462845343543,0.00225,0.018221391939991484,0.005838617922099469,0.00012974706493554375,0.0001459654480524867,0.9951344850649171,flat,low,13.0,2.2086295458876055
6552,SANTA ANA (Manila),NCR - 1st DISTRICT (MANILA),14.5818357,121.0131656,340,7.0,7.5,5.0,12.0,7.0,0.10087343181209328,7.0,1.5,0.00175,0.013382642528355818,0.0022066063208895405,6.30458948825583e-05,5.884283522372108e-05,0.9974781642046977,flat,low,12.0,2.9999980000013333
6553,SANTA CRUZ (Manila),NCR - 1st DISTRICT (MANILA),14.6017323,120.978914,340,13.0,7.125,4.0,11.0,7.0,0.15643302215663296,7.0,1.8328597873268975,0.00175,0.014312601993639736,0.003250873741692529,9.288210690550083e-05,9.12525962580359e-05,0.9960891744460841,flat,low,11.0,2.1141812988707254
6554,TONDO II,NCR - 1st DISTRICT (MANILA),14.6189095,120.9660386,340,5.0,6.8125,2.0,13.0,11.0,0.16193196495788958,11.0,2.5792137852454187,0.00275,0.021355856407042094,0.005056156926679938,9.193012593963524e-05,0.00014843763454473212,0.9959517008760528,flat,low,13.0,2.398985937656698
6555,CITY OF MANDALUYONG,NCR - 2nd DISTRICT,14.5774392,121.0338973,341,15.0,16.0625,7.0,31.0,24.0,0.5825532712497501,24.0,7.8935792736882044,0.006,0.051622113488352925,0.09357261919449113,0.0007797718266207593,0.0011651065424995004,0.9854361682187562,flat,low,31.0,1.8923605616315076
6556,CITY OF MARIKINA,NCR - 2nd DISTRICT,14.6331084,121.0993541,341,13.0,14.375,11.0,22.0,11.0,0.17282942606964177,11.0,2.6427968139832467,0.00275,0.02153598656342036,0.011386938748859212,0.00020703524997925838,0.00015842697389717162,0.9956792643482589,flat,low,22.0,2.8851999043042706
6557,CITY OF PASIG,NCR - 2nd DISTRICT,14.5605166,121.0764343,341,7.0,10.75,5.0,39.0,34.0,0.43288606325220635,34.0,8.234834546000302,0.0085,0.06576753244812387,0.0659249400494506,0.00038779376499676824,0.0012265105125479178,0.9891778484186948,flat,low,39.0,3.430548168472066
6558,QUEZON CITY,NCR - 2nd DISTRICT,14.6510546,121.0486254,341,49.0,50.1875,39.0,65.0,26.0,0.48954530219287723,26.0,7.771894476252235,0.0065,0.053646047362523985,0.2661647609162211,0.0020474212378170857,0.0010606814880845673,0.9877613674451781,flat,low,65.0,1.9059057144117546
6559,SAN JUAN CITY,NCR - 2nd DISTRICT,14.6044363,121.0299469,341,20.0,21.1875,6.0,40.0,34.0,0.6058275110948719,34.0,10.601997158554608,0.0085,0.07043698693348627,0.18184291387707013,0.001069664199276883,0.0017165112814354702,0.9848543122226282,flat,low,40.0,1.7744296611502852
6560,CALOOCAN CITY,NCR - 3rd DISTRICT,14.6513445,120.9723835,342,12.0,12.5625,6.0,22.0,16.0,0.30963271416413873,16.0,5.8198877781276845,0.004,0.034469136619773126,0.025931739811246617,0.0003241467476405827,0.00041284361888551833,0.9922591821458965,flat,low,22.0,1.621594563021209
6561,CITY OF VALENZUELA,NCR - 3rd DISTRICT,14.6916903,120.9694534,342,13.0,10.5,4.0,25.0,21.0,0.3885370726722843,21.0,6.154266812545585,0.00525,0.043105388469276605,0.035696843551766125,0.0003399699385882488,0.0006799398771764976,0.9902865731831929,flat,low,25.0,2.356088561898702
6562,MALABON CITY,NCR - 3rd DISTRICT,14.6578504,120.9511261,342,6.0,5.538461538461538,4.0,6.0,2.0,0.04248282258796099,2.0,0.6343239424027171,0.0005,0.004217489954181615,0.00019607456579058918,1.9607456579058917e-05,7.080470431326832e-06,0.998937929435301,flat,low,6.0,0.7276057280519839
6563,NAVOTAS CITY,NCR - 3rd DISTRICT,14.6571862,120.9479692,342,6.0,5.538461538461538,4.0,6.0,2.0,0.04248274252505897,2.0,0.6343239424027171,0.0005,0.004217489253631222,0.0001960741962695029,1.960741962695029e-05,7.080457087509829e-06,0.9989379314368735,flat,low,6.0,0.7276057280519839
6564,PATEROS,NCR - 4th DISTRICT,14.5447555,121.067134,339,7.0,10.75,4.0,30.0,26.0,0.4293478190362622,26.0,7.949056547792323,0.0065,0.05335553548029039,0.0500011314252647,0.0003846240878866516,0.0009302536079119015,0.9892663045240935,flat,low,30.0,2.4216707306825658
6565,TAGUIG,NCR - 4th DISTRICT,14.5270538,121.0744942,339,6.0,5.0,3.0,7.0,4.0,0.07092174596540202,4.0,1.1726039399558574,0.001,0.008184037197138411,0.0005910145497116835,2.9550727485584174e-05,2.364058198846734e-05,0.998226956350865,flat,low,7.0,1.7056042763006694
6566,TONDO I,NCR - 1st DISTRICT (MANILA),14.6189095,120.9660386,340,5.0,6.8125,2.0,13.0,11.0,0.16193196495788958,11.0,2.5792137852454187,0.00275,0.021355856407042094,0.005056156926679938,9.193012593963524e-05,0.00014843763454473212,0.9959517008760528,flat,low,13.0,2.398985937656698
6568,SANTA MESA (Manila),NCR - 1st DISTRICT (MANILA),14.5979593,121.0109304,340,7.0,7.9375,5.0,13.0,8.0,0.13672270389809904,8.0,2.4101024355823553,0.002,0.016409793573218173,0.0036174548739705374,9.043637184926343e-05,9.114846926539937e-05,0.9965819324025476,flat,low,13.0,2.10053225320462
