source_pdf,detected_category
06_2024_lvm_grid_gross_generation_per_region_per_technology_and_per_ownershiprev_table_001_p1.csv,oil
06_2024_lvm_grid_gross_generation_per_region_per_technology_and_per_ownershiprev_table_001_p1.csv,oil
06_2024_lvm_grid_gross_generation_per_region_per_technology_and_per_ownershiprev_table_001_p1.csv,oil
06_2024_lvm_grid_gross_generation_per_region_per_technology_and_per_ownershiprev_table_001_p1.csv,oil
06_2024_lvm_grid_gross_generation_per_region_per_technology_and_per_ownershiprev_table_001_p1.csv,oil
06_2024_lvm_grid_gross_generation_per_region_per_technology_and_per_ownershiprev_table_001_p1.csv,oil
06_2024_lvm_grid_gross_generation_per_region_per_technology_and_per_ownershiprev_table_001_p1.csv,oil
06_2024_lvm_grid_gross_generation_per_region_per_technology_and_per_ownershiprev_table_001_p1.csv,oil
06_2024_lvm_grid_gross_generation_per_region_per_technology_and_per_ownershiprev_table_001_p1.csv,oil
06_2024_lvm_grid_gross_generation_per_region_per_technology_and_per_ownershiprev_table_001_p1.csv,oil
06_2024_lvm_grid_gross_generation_per_region_per_technology_and_per_ownershiprev_table_001_p1.csv,oil
06_2024_lvm_grid_gross_generation_per_region_per_technology_and_per_ownershiprev_table_001_p1.csv,oil
06_2024_lvm_grid_gross_generation_per_region_per_technology_and_per_ownershiprev_table_001_p1.csv,oil
06_2024_lvm_grid_gross_generation_per_region_per_technology_and_per_ownershiprev_table_001_p1.csv,oil
06_2024_lvm_grid_gross_generation_per_region_per_technology_and_per_ownershiprev_table_001_p1.csv,oil
06_2024_lvm_grid_gross_generation_per_region_per_technology_and_per_ownershiprev_table_001_p1.csv,oil
06_2024_lvm_grid_gross_generation_per_region_per_technology_and_per_ownershiprev_table_001_p1.csv,oil
06_2024_lvm_grid_gross_generation_per_region_per_technology_and_per_ownershiprev_table_001_p1.csv,oil
06_2024_lvm_grid_gross_generation_per_region_per_technology_and_per_ownershiprev_table_001_p1.csv,oil
06_2024_lvm_grid_gross_generation_per_region_per_technology_and_per_ownershiprev_table_001_p1.csv,oil
06_2024_lvm_grid_gross_generation_per_region_per_technology_and_per_ownershiprev_table_001_p1.csv,oil
06_2024_lvm_grid_gross_generation_per_region_per_technology_and_per_ownershiprev_table_001_p1.csv,oil
06_2024_lvm_grid_gross_generation_per_region_per_technology_and_per_ownershiprev_table_001_p1.csv,oil
06_2024_lvm_grid_gross_generation_per_region_per_technology_and_per_ownershiprev_table_001_p1.csv,oil
06_2024_lvm_grid_gross_generation_per_region_per_technology_and_per_ownershiprev_table_001_p1.csv,oil
06_2024_lvm_grid_gross_generation_per_region_per_technology_and_per_ownershiprev_table_001_p1.csv,oil
06_2024_lvm_grid_gross_generation_per_region_per_technology_and_per_ownershiprev_table_001_p1.csv,oil
06_2024_lvm_grid_gross_generation_per_region_per_technology_and_per_ownershiprev_table_001_p1.csv,oil
06_2024_lvm_grid_gross_generation_per_region_per_technology_and_per_ownershiprev_table_001_p1.csv,oil
06_2024_lvm_grid_gross_generation_per_region_per_technology_and_per_ownershiprev_table_001_p1.csv,oil
06_2024_lvm_grid_gross_generation_per_region_per_technology_and_per_ownershiprev_table_001_p1.csv,oil
06_2024_lvm_grid_gross_generation_per_region_per_technology_and_per_ownershiprev_table_001_p1.csv,oil
06_2024_lvm_grid_gross_generation_per_region_per_technology_and_per_ownershiprev_table_001_p1.csv,oil
06_2024_lvm_grid_gross_generation_per_region_per_technology_and_per_ownershiprev_table_001_p1.csv,oil
06_2024_lvm_grid_gross_generation_per_region_per_technology_and_per_ownershiprev_table_001_p1.csv,oil
06_2024_lvm_grid_gross_generation_per_region_per_technology_and_per_ownershiprev_table_001_p1.csv,oil
06_2024_lvm_grid_gross_generation_per_region_per_technology_and_per_ownershiprev_table_001_p1.csv,oil
06_2024_lvm_grid_gross_generation_per_region_per_technology_and_per_ownershiprev_table_001_p1.csv,oil
06_2024_lvm_grid_gross_generation_per_region_per_technology_and_per_ownershiprev_table_001_p1.csv,oil
06_2024_lvm_grid_gross_generation_per_region_per_technology_and_per_ownershiprev_table_001_p1.csv,oil
06_2024_lvm_grid_gross_generation_per_region_per_technology_and_per_ownershiprev_table_001_p1.csv,oil
06_2024_lvm_grid_gross_generation_per_region_per_technology_and_per_ownershiprev_table_001_p1.csv,oil
06_2024_lvm_grid_gross_generation_per_region_per_technology_and_per_ownershiprev_table_001_p1.csv,oil
06_2024_lvm_grid_gross_generation_per_region_per_technology_and_per_ownershiprev_table_001_p1.csv,oil
06_2024_lvm_grid_gross_generation_per_region_per_technology_and_per_ownershiprev_table_001_p1.csv,oil
06_2024_lvm_grid_gross_generation_per_region_per_technology_and_per_ownershiprev_table_001_p1.csv,oil
06_2024_lvm_grid_gross_generation_per_region_per_technology_and_per_ownershiprev_table_001_p1.csv,oil
06_2024_lvm_grid_gross_generation_per_region_per_technology_and_per_ownershiprev_table_001_p1.csv,oil
06_2024_lvm_grid_gross_generation_per_region_per_technology_and_per_ownershiprev_table_003_p1.csv,oil
06_2024_lvm_grid_gross_generation_per_region_per_technology_and_per_ownershiprev_table_003_p1.csv,oil
06_2024_lvm_grid_gross_generation_per_region_per_technology_and_per_ownershiprev_table_003_p1.csv,oil
06_2024_lvm_grid_gross_generation_per_region_per_technology_and_per_ownershiprev_table_003_p1.csv,oil
06_2024_lvm_grid_gross_generation_per_region_per_technology_and_per_ownershiprev_table_003_p1.csv,oil
06_2024_lvm_grid_gross_generation_per_region_per_technology_and_per_ownershiprev_table_003_p1.csv,oil
06_2024_lvm_grid_gross_generation_per_region_per_technology_and_per_ownershiprev_table_003_p1.csv,oil
06_2024_lvm_grid_gross_generation_per_region_per_technology_and_per_ownershiprev_table_003_p1.csv,oil
06_2024_lvm_grid_gross_generation_per_region_per_technology_and_per_ownershiprev_table_003_p1.csv,oil
06_2024_lvm_grid_gross_generation_per_region_per_technology_and_per_ownershiprev_table_003_p1.csv,oil
06_2024_lvm_grid_gross_generation_per_region_per_technology_and_per_ownershiprev_table_003_p1.csv,oil
06_2024_lvm_grid_gross_generation_per_region_per_technology_and_per_ownershiprev_table_003_p1.csv,oil
06_2024_lvm_grid_gross_generation_per_region_per_technology_and_per_ownershiprev_table_003_p1.csv,oil
06_2024_lvm_grid_gross_generation_per_region_per_technology_and_per_ownershiprev_table_003_p1.csv,oil
06_2024_lvm_grid_gross_generation_per_region_per_technology_and_per_ownershiprev_table_003_p1.csv,oil
06_2024_lvm_grid_gross_generation_per_region_per_technology_and_per_ownershiprev_table_003_p1.csv,oil
06_2024_lvm_grid_gross_generation_per_region_per_technology_and_per_ownershiprev_table_003_p1.csv,oil
06_2024_lvm_grid_gross_generation_per_region_per_technology_and_per_ownershiprev_table_003_p1.csv,oil
2024_philippine_energy_situationer_and_key_energy_statistics_table_020_p26.csv,oil
2024_philippine_energy_situationer_and_key_energy_statistics_table_020_p26.csv,oil
2024_philippine_energy_situationer_and_key_energy_statistics_table_020_p26.csv,oil
2024_philippine_energy_situationer_and_key_energy_statistics_table_020_p26.csv,oil
2024_philippine_energy_situationer_and_key_energy_statistics_table_020_p26.csv,oil
2024_philippine_energy_situationer_and_key_energy_statistics_table_020_p26.csv,oil
2024_philippine_energy_situationer_and_key_energy_statistics_table_020_p26.csv,oil
2024_philippine_energy_situationer_and_key_energy_statistics_table_020_p26.csv,oil
2024_philippine_energy_situationer_and_key_energy_statistics_table_020_p26.csv,oil
2024_philippine_energy_situationer_and_key_energy_statistics_table_022_p28.csv,oil
2024_philippine_energy_situationer_and_key_energy_statistics_table_022_p28.csv,oil
2024_philippine_energy_situationer_and_key_energy_statistics_table_022_p28.csv,oil
2024_philippine_energy_situationer_and_key_energy_statistics_table_022_p28.csv,oil
2024_philippine_energy_situationer_and_key_energy_statistics_table_022_p28.csv,oil
2024_philippine_energy_situationer_and_key_energy_statistics_table_022_p28.csv,oil
2024_philippine_energy_situationer_and_key_energy_statistics_table_022_p28.csv,oil
2024_philippine_energy_situationer_and_key_energy_statistics_table_022_p28.csv,oil
2024_philippine_energy_situationer_and_key_energy_statistics_table_022_p28.csv,oil
2024_philippine_energy_situationer_and_key_energy_statistics_table_022_p28.csv,oil
2024_philippine_energy_situationer_and_key_energy_statistics_table_022_p28.csv,oil
2024_philippine_energy_situationer_and_key_energy_statistics_table_022_p28.csv,oil
2024_philippine_energy_situationer_and_key_energy_statistics_table_022_p28.csv,oil
2024_philippine_energy_situationer_and_key_energy_statistics_table_022_p28.csv,oil
2024_philippine_energy_situationer_and_key_energy_statistics_table_022_p28.csv,oil
2024_philippine_energy_situationer_and_key_energy_statistics_table_022_p28.csv,oil
2024_philippine_energy_situationer_and_key_energy_statistics_table_022_p28.csv,oil
2024_philippine_energy_situationer_and_key_energy_statistics_table_022_p28.csv,oil
2024_philippine_energy_situationer_and_key_energy_statistics_table_022_p28.csv,oil
2024_philippine_energy_situationer_and_key_energy_statistics_table_022_p28.csv,oil
2024_philippine_energy_situationer_and_key_energy_statistics_table_022_p28.csv,oil
2024_philippine_energy_situationer_and_key_energy_statistics_table_022_p28.csv,oil
2024_philippine_energy_situationer_and_key_energy_statistics_table_022_p28.csv,oil
2024_philippine_energy_situationer_and_key_energy_statistics_table_022_p28.csv,oil
2024_philippine_energy_situationer_and_key_energy_statistics_table_022_p28.csv,oil
2024_philippine_energy_situationer_and_key_energy_statistics_table_022_p28.csv,oil
2024_philippine_energy_situationer_and_key_energy_statistics_table_022_p28.csv,oil
2024_philippine_energy_situationer_and_key_energy_statistics_table_023_p29.csv,oil
2024_philippine_energy_situationer_and_key_energy_statistics_table_023_p29.csv,oil
2024_philippine_energy_situationer_and_key_energy_statistics_table_023_p29.csv,oil
2024_philippine_energy_situationer_and_key_energy_statistics_table_023_p29.csv,oil
2024_philippine_energy_situationer_and_key_energy_statistics_table_023_p29.csv,oil
2024_philippine_energy_situationer_and_key_energy_statistics_table_023_p29.csv,oil
2024_philippine_energy_situationer_and_key_energy_statistics_table_023_p29.csv,oil
2024_philippine_energy_situationer_and_key_energy_statistics_table_023_p29.csv,oil
2024_philippine_energy_situationer_and_key_energy_statistics_table_023_p29.csv,oil
2024_philippine_energy_situationer_and_key_energy_statistics_table_023_p29.csv,oil
2024_philippine_energy_situationer_and_key_energy_statistics_table_023_p29.csv,oil
2024_philippine_energy_situationer_and_key_energy_statistics_table_023_p29.csv,oil
2024_philippine_energy_situationer_and_key_energy_statistics_table_023_p29.csv,oil
2024_philippine_energy_situationer_and_key_energy_statistics_table_023_p29.csv,oil
2024_philippine_energy_situationer_and_key_energy_statistics_table_023_p29.csv,oil
2024_philippine_energy_situationer_and_key_energy_statistics_table_023_p29.csv,oil
2024_philippine_energy_situationer_and_key_energy_statistics_table_023_p29.csv,oil
2024_philippine_energy_situationer_and_key_energy_statistics_table_023_p29.csv,oil
2024_philippine_energy_situationer_and_key_energy_statistics_table_023_p29.csv,oil
2024_philippine_energy_situationer_and_key_energy_statistics_table_023_p29.csv,oil
2024_philippine_energy_situationer_and_key_energy_statistics_table_023_p29.csv,oil
2024_philippine_energy_situationer_and_key_energy_statistics_table_023_p29.csv,oil
2024_philippine_energy_situationer_and_key_energy_statistics_table_023_p29.csv,oil
2024_philippine_energy_situationer_and_key_energy_statistics_table_023_p29.csv,oil
2024_philippine_energy_situationer_and_key_energy_statistics_table_023_p29.csv,oil
2024_philippine_energy_situationer_and_key_energy_statistics_table_023_p29.csv,oil
2024_philippine_energy_situationer_and_key_energy_statistics_table_023_p29.csv,oil
2024_philippine_energy_situationer_and_key_energy_statistics_table_024_p30.csv,oil
2024_philippine_energy_situationer_and_key_energy_statistics_table_024_p30.csv,oil
2024_philippine_energy_situationer_and_key_energy_statistics_table_024_p30.csv,oil
2024_philippine_energy_situationer_and_key_energy_statistics_table_024_p30.csv,oil
2024_philippine_energy_situationer_and_key_energy_statistics_table_024_p30.csv,oil
2024_philippine_energy_situationer_and_key_energy_statistics_table_024_p30.csv,oil
2024_philippine_energy_situationer_and_key_energy_statistics_table_024_p30.csv,oil
2024_philippine_energy_situationer_and_key_energy_statistics_table_024_p30.csv,oil
2024_philippine_energy_situationer_and_key_energy_statistics_table_024_p30.csv,oil
2024_philippine_energy_situationer_and_key_energy_statistics_table_024_p30.csv,oil
2024_philippine_energy_situationer_and_key_energy_statistics_table_024_p30.csv,oil
2024_philippine_energy_situationer_and_key_energy_statistics_table_024_p30.csv,oil
2024_philippine_energy_situationer_and_key_energy_statistics_table_024_p30.csv,oil
2024_philippine_energy_situationer_and_key_energy_statistics_table_024_p30.csv,oil
2024_philippine_energy_situationer_and_key_energy_statistics_table_024_p30.csv,oil
2024_philippine_energy_situationer_and_key_energy_statistics_table_024_p30.csv,oil
2024_philippine_energy_situationer_and_key_energy_statistics_table_024_p30.csv,oil
2024_philippine_energy_situationer_and_key_energy_statistics_table_024_p30.csv,oil
2024_philippine_energy_situationer_and_key_energy_statistics_table_024_p30.csv,oil
2024_philippine_energy_situationer_and_key_energy_statistics_table_024_p30.csv,oil
2024_philippine_energy_situationer_and_key_energy_statistics_table_024_p30.csv,oil
2024_philippine_energy_situationer_and_key_energy_statistics_table_024_p30.csv,oil
2024_philippine_energy_situationer_and_key_energy_statistics_table_024_p30.csv,oil
2024_philippine_energy_situationer_and_key_energy_statistics_table_024_p30.csv,oil
2024_philippine_energy_situationer_and_key_energy_statistics_table_024_p30.csv,oil
2024_philippine_energy_situationer_and_key_energy_statistics_table_024_p30.csv,oil
2024_philippine_energy_situationer_and_key_energy_statistics_table_024_p30.csv,oil
2024_philippine_energy_situationer_and_key_energy_statistics_table_025_p31.csv,oil
2024_philippine_energy_situationer_and_key_energy_statistics_table_025_p31.csv,oil
2024_philippine_energy_situationer_and_key_energy_statistics_table_025_p31.csv,oil
2024_philippine_energy_situationer_and_key_energy_statistics_table_025_p31.csv,oil
2024_philippine_energy_situationer_and_key_energy_statistics_table_025_p31.csv,oil
2024_philippine_energy_situationer_and_key_energy_statistics_table_025_p31.csv,oil
2024_philippine_energy_situationer_and_key_energy_statistics_table_025_p31.csv,oil
2024_philippine_energy_situationer_and_key_energy_statistics_table_025_p31.csv,oil
2024_philippine_energy_situationer_and_key_energy_statistics_table_025_p31.csv,oil
2024_philippine_energy_situationer_and_key_energy_statistics_table_025_p31.csv,oil
2024_philippine_energy_situationer_and_key_energy_statistics_table_025_p31.csv,oil
2024_philippine_energy_situationer_and_key_energy_statistics_table_025_p31.csv,oil
2024_philippine_energy_situationer_and_key_energy_statistics_table_025_p31.csv,oil
2024_philippine_energy_situationer_and_key_energy_statistics_table_025_p31.csv,oil
2024_philippine_energy_situationer_and_key_energy_statistics_table_025_p31.csv,oil
2024_philippine_energy_situationer_and_key_energy_statistics_table_025_p31.csv,oil
2024_philippine_energy_situationer_and_key_energy_statistics_table_025_p31.csv,oil
2024_philippine_energy_situationer_and_key_energy_statistics_table_025_p31.csv,oil
2024_philippine_energy_situationer_and_key_energy_statistics_table_025_p31.csv,oil
2024_philippine_energy_situationer_and_key_energy_statistics_table_025_p31.csv,oil
2024_philippine_energy_situationer_and_key_energy_statistics_table_025_p31.csv,oil
2024_philippine_energy_situationer_and_key_energy_statistics_table_025_p31.csv,oil
2024_philippine_energy_situationer_and_key_energy_statistics_table_025_p31.csv,oil
2024_philippine_energy_situationer_and_key_energy_statistics_table_025_p31.csv,oil
2024_philippine_energy_situationer_and_key_energy_statistics_table_025_p31.csv,oil
2024_philippine_energy_situationer_and_key_energy_statistics_table_025_p31.csv,oil
2024_philippine_energy_situationer_and_key_energy_statistics_table_025_p31.csv,oil
2024_philippine_energy_situationer_and_key_energy_statistics_table_026_p32.csv,oil
2024_philippine_energy_situationer_and_key_energy_statistics_table_026_p32.csv,oil
2024_philippine_energy_situationer_and_key_energy_statistics_table_026_p32.csv,oil
2024_philippine_energy_situationer_and_key_energy_statistics_table_026_p32.csv,oil
2024_philippine_energy_situationer_and_key_energy_statistics_table_026_p32.csv,oil
2024_philippine_energy_situationer_and_key_energy_statistics_table_026_p32.csv,oil
2024_philippine_energy_situationer_and_key_energy_statistics_table_026_p32.csv,oil
2024_philippine_energy_situationer_and_key_energy_statistics_table_026_p32.csv,oil
2024_philippine_energy_situationer_and_key_energy_statistics_table_026_p32.csv,oil
2024_philippine_energy_situationer_and_key_energy_statistics_table_026_p32.csv,oil
2024_philippine_energy_situationer_and_key_energy_statistics_table_026_p32.csv,oil
2024_philippine_energy_situationer_and_key_energy_statistics_table_026_p32.csv,oil
2024_philippine_energy_situationer_and_key_energy_statistics_table_026_p32.csv,oil
2024_philippine_energy_situationer_and_key_energy_statistics_table_026_p32.csv,oil
2024_philippine_energy_situationer_and_key_energy_statistics_table_026_p32.csv,oil
2024_philippine_energy_situationer_and_key_energy_statistics_table_026_p32.csv,oil
2024_philippine_energy_situationer_and_key_energy_statistics_table_026_p32.csv,oil
2024_philippine_energy_situationer_and_key_energy_statistics_table_026_p32.csv,oil
2024_philippine_energy_situationer_and_key_energy_statistics_table_026_p32.csv,oil
2024_philippine_energy_situationer_and_key_energy_statistics_table_026_p32.csv,oil
2024_philippine_energy_situationer_and_key_energy_statistics_table_026_p32.csv,oil
2024_philippine_energy_situationer_and_key_energy_statistics_table_026_p32.csv,oil
2024_philippine_energy_situationer_and_key_energy_statistics_table_026_p32.csv,oil
2024_philippine_energy_situationer_and_key_energy_statistics_table_026_p32.csv,oil
2024_philippine_energy_situationer_and_key_energy_statistics_table_026_p32.csv,oil
2024_philippine_energy_situationer_and_key_energy_statistics_table_026_p32.csv,oil
2024_philippine_energy_situationer_and_key_energy_statistics_table_026_p32.csv,oil
2024_philippine_energy_situationer_and_key_energy_statistics_table_026_p32.csv,oil
2024_philippine_energy_situationer_and_key_energy_statistics_table_026_p32.csv,oil
2024_philippine_energy_situationer_and_key_energy_statistics_table_026_p32.csv,oil
2024_philippine_energy_situationer_and_key_energy_statistics_table_026_p32.csv,oil
2024_philippine_energy_situationer_and_key_energy_statistics_table_027_p33.csv,oil
2024_philippine_energy_situationer_and_key_energy_statistics_table_027_p33.csv,oil
2024_philippine_energy_situationer_and_key_energy_statistics_table_027_p33.csv,oil
2024_philippine_energy_situationer_and_key_energy_statistics_table_027_p33.csv,oil
2024_philippine_energy_situationer_and_key_energy_statistics_table_027_p33.csv,oil
2024_philippine_energy_situationer_and_key_energy_statistics_table_027_p33.csv,oil
2024_philippine_energy_situationer_and_key_energy_statistics_table_027_p33.csv,oil
2024_philippine_energy_situationer_and_key_energy_statistics_table_027_p33.csv,oil
2024_philippine_energy_situationer_and_key_energy_statistics_table_027_p33.csv,oil
2024_philippine_energy_situationer_and_key_energy_statistics_table_027_p33.csv,oil
2024_philippine_energy_situationer_and_key_energy_statistics_table_027_p33.csv,oil
2024_philippine_energy_situationer_and_key_energy_statistics_table_027_p33.csv,oil
2024_philippine_energy_situationer_and_key_energy_statistics_table_027_p33.csv,oil
2024_philippine_energy_situationer_and_key_energy_statistics_table_027_p33.csv,oil
2024_philippine_energy_situationer_and_key_energy_statistics_table_027_p33.csv,oil
2024_philippine_energy_situationer_and_key_energy_statistics_table_027_p33.csv,oil
2024_philippine_energy_situationer_and_key_energy_statistics_table_027_p33.csv,oil
2024_philippine_energy_situationer_and_key_energy_statistics_table_027_p33.csv,oil
2024_philippine_energy_situationer_and_key_energy_statistics_table_027_p33.csv,oil
2024_philippine_energy_situationer_and_key_energy_statistics_table_027_p33.csv,oil
2024_philippine_energy_situationer_and_key_energy_statistics_table_027_p33.csv,oil
2024_philippine_energy_situationer_and_key_energy_statistics_table_027_p33.csv,oil
2024_philippine_energy_situationer_and_key_energy_statistics_table_027_p33.csv,oil
2024_philippine_energy_situationer_and_key_energy_statistics_table_027_p33.csv,oil
2024_philippine_energy_situationer_and_key_energy_statistics_table_027_p33.csv,oil
2024_philippine_energy_situationer_and_key_energy_statistics_table_027_p33.csv,oil
2024_philippine_energy_situationer_and_key_energy_statistics_table_027_p33.csv,oil
2024_philippine_energy_situationer_and_key_energy_statistics_table_027_p33.csv,oil
2024_philippine_energy_situationer_and_key_energy_statistics_table_027_p33.csv,oil
2024_philippine_energy_situationer_and_key_energy_statistics_table_027_p33.csv,oil
2024_philippine_energy_situationer_and_key_energy_statistics_table_027_p33.csv,oil
2024_philippine_energy_situationer_and_key_energy_statistics_table_028_p34.csv,oil
2024_philippine_energy_situationer_and_key_energy_statistics_table_028_p34.csv,oil
2024_philippine_energy_situationer_and_key_energy_statistics_table_028_p34.csv,oil
2024_philippine_energy_situationer_and_key_energy_statistics_table_028_p34.csv,oil
2024_philippine_energy_situationer_and_key_energy_statistics_table_028_p34.csv,oil
2024_philippine_energy_situationer_and_key_energy_statistics_table_028_p34.csv,oil
2024_philippine_energy_situationer_and_key_energy_statistics_table_028_p34.csv,oil
2024_philippine_energy_situationer_and_key_energy_statistics_table_028_p34.csv,oil
2024_philippine_energy_situationer_and_key_energy_statistics_table_028_p34.csv,oil
2024_philippine_energy_situationer_and_key_energy_statistics_table_028_p34.csv,oil
2024_philippine_energy_situationer_and_key_energy_statistics_table_028_p34.csv,oil
2024_philippine_energy_situationer_and_key_energy_statistics_table_028_p34.csv,oil
2024_philippine_energy_situationer_and_key_energy_statistics_table_028_p34.csv,oil
2024_philippine_energy_situationer_and_key_energy_statistics_table_028_p34.csv,oil
2024_philippine_energy_situationer_and_key_energy_statistics_table_028_p34.csv,oil
2024_philippine_energy_situationer_and_key_energy_statistics_table_028_p34.csv,oil
2024_philippine_energy_situationer_and_key_energy_statistics_table_028_p34.csv,oil
2024_philippine_energy_situationer_and_key_energy_statistics_table_028_p34.csv,oil
2024_philippine_energy_situationer_and_key_energy_statistics_table_028_p34.csv,oil
2024_philippine_energy_situationer_and_key_energy_statistics_table_028_p34.csv,oil
2024_philippine_energy_situationer_and_key_energy_statistics_table_028_p34.csv,oil
2024_philippine_energy_situationer_and_key_energy_statistics_table_028_p34.csv,oil
2024_philippine_energy_situationer_and_key_energy_statistics_table_028_p34.csv,oil
2024_philippine_energy_situationer_and_key_energy_statistics_table_028_p34.csv,oil
2024_philippine_energy_situationer_and_key_energy_statistics_table_028_p34.csv,oil
2024_philippine_energy_situationer_and_key_energy_statistics_table_028_p34.csv,oil
2024_philippine_energy_situationer_and_key_energy_statistics_table_028_p34.csv,oil
2024_philippine_energy_situationer_and_key_energy_statistics_table_028_p34.csv,oil
2024_philippine_energy_situationer_and_key_energy_statistics_table_028_p34.csv,oil
2024_philippine_energy_situationer_and_key_energy_statistics_table_028_p34.csv,oil
2024_philippine_energy_situationer_and_key_energy_statistics_table_028_p34.csv,oil
2024_philippine_energy_situationer_and_key_energy_statistics_table_028_p34.csv,oil
2024_philippine_energy_situationer_and_key_energy_statistics_table_029_p35.csv,oil
2024_philippine_energy_situationer_and_key_energy_statistics_table_029_p35.csv,oil
2024_philippine_energy_situationer_and_key_energy_statistics_table_029_p35.csv,oil
2024_philippine_energy_situationer_and_key_energy_statistics_table_029_p35.csv,oil
2024_philippine_energy_situationer_and_key_energy_statistics_table_029_p35.csv,oil
2024_philippine_energy_situationer_and_key_energy_statistics_table_029_p35.csv,oil
2024_philippine_energy_situationer_and_key_energy_statistics_table_029_p35.csv,oil
2024_philippine_energy_situationer_and_key_energy_statistics_table_029_p35.csv,oil
2024_philippine_energy_situationer_and_key_energy_statistics_table_029_p35.csv,oil
2024_philippine_energy_situationer_and_key_energy_statistics_table_029_p35.csv,oil
2024_philippine_energy_situationer_and_key_energy_statistics_table_029_p35.csv,oil
2024_philippine_energy_situationer_and_key_energy_statistics_table_029_p35.csv,oil
2024_philippine_energy_situationer_and_key_energy_statistics_table_029_p35.csv,oil
2024_philippine_energy_situationer_and_key_energy_statistics_table_029_p35.csv,oil
2024_philippine_energy_situationer_and_key_energy_statistics_table_029_p35.csv,oil
2024_philippine_energy_situationer_and_key_energy_statistics_table_029_p35.csv,oil
2024_philippine_energy_situationer_and_key_energy_statistics_table_029_p35.csv,oil
2024_philippine_energy_situationer_and_key_energy_statistics_table_029_p35.csv,oil
2024_philippine_energy_situationer_and_key_energy_statistics_table_029_p35.csv,oil
2024_philippine_energy_situationer_and_key_energy_statistics_table_029_p35.csv,oil
2024_philippine_energy_situationer_and_key_energy_statistics_table_029_p35.csv,oil
2024_philippine_energy_situationer_and_key_energy_statistics_table_029_p35.csv,oil
2024_philippine_energy_situationer_and_key_energy_statistics_table_029_p35.csv,oil
2024_philippine_energy_situationer_and_key_energy_statistics_table_029_p35.csv,oil
2024_philippine_energy_situationer_and_key_energy_statistics_table_029_p35.csv,oil
2024_philippine_energy_situationer_and_key_energy_statistics_table_029_p35.csv,oil
2024_philippine_energy_situationer_and_key_energy_statistics_table_029_p35.csv,oil
2024_philippine_energy_situationer_and_key_energy_statistics_table_029_p35.csv,oil
2024_philippine_energy_situationer_and_key_energy_statistics_table_029_p35.csv,oil
2024_philippine_energy_situationer_and_key_energy_statistics_table_029_p35.csv,oil
2024_philippine_energy_situationer_and_key_energy_statistics_table_029_p35.csv,oil
2024_philippine_energy_situationer_and_key_energy_statistics_table_029_p35.csv,oil
2024_philippine_energy_situationer_and_key_energy_statistics_table_033_p41.csv,oil
2024_philippine_energy_situationer_and_key_energy_statistics_table_033_p41.csv,oil
2024_philippine_energy_situationer_and_key_energy_statistics_table_033_p41.csv,oil
2024_philippine_energy_situationer_and_key_energy_statistics_table_033_p41.csv,oil
2024_philippine_energy_situationer_and_key_energy_statistics_table_033_p41.csv,oil
2024_philippine_energy_situationer_and_key_energy_statistics_table_033_p41.csv,oil
2024_philippine_energy_situationer_and_key_energy_statistics_table_034_p41.csv,oil
2024_philippine_energy_situationer_and_key_energy_statistics_table_034_p41.csv,oil
2024_philippine_energy_situationer_and_key_energy_statistics_table_034_p41.csv,oil
2024_philippine_energy_situationer_and_key_energy_statistics_table_034_p41.csv,oil
2024_philippine_energy_situationer_and_key_energy_statistics_table_034_p41.csv,oil
2024_philippine_energy_situationer_and_key_energy_statistics_table_034_p41.csv,oil
2024_philippine_energy_situationer_and_key_energy_statistics_table_045_p46.csv,oil
2024_philippine_energy_situationer_and_key_energy_statistics_table_045_p46.csv,oil
2024_philippine_energy_situationer_and_key_energy_statistics_table_045_p46.csv,oil
2024_philippine_energy_situationer_and_key_energy_statistics_table_045_p46.csv,oil
2024_philippine_energy_situationer_and_key_energy_statistics_table_045_p46.csv,oil
2024_philippine_energy_situationer_and_key_energy_statistics_table_045_p46.csv,oil
2024_philippine_energy_situationer_and_key_energy_statistics_table_045_p46.csv,oil
2024_philippine_energy_situationer_and_key_energy_statistics_table_045_p46.csv,oil
2024_philippine_energy_situationer_and_key_energy_statistics_table_045_p46.csv,oil
2024_philippine_energy_situationer_and_key_energy_statistics_table_045_p46.csv,oil
2024_philippine_energy_situationer_and_key_energy_statistics_table_045_p46.csv,oil
2024_philippine_energy_situationer_and_key_energy_statistics_table_045_p46.csv,oil
2024_philippine_energy_situationer_and_key_energy_statistics_table_045_p46.csv,oil
2024_philippine_energy_situationer_and_key_energy_statistics_table_045_p46.csv,oil
2024_philippine_energy_situationer_and_key_energy_statistics_table_045_p46.csv,oil
2024_philippine_energy_situationer_and_key_energy_statistics_table_045_p46.csv,oil
2024_philippine_energy_situationer_and_key_energy_statistics_table_045_p46.csv,oil
2024_philippine_energy_situationer_and_key_energy_statistics_table_045_p46.csv,oil
2024_philippine_energy_situationer_and_key_energy_statistics_table_045_p46.csv,oil
2024_philippine_energy_situationer_and_key_energy_statistics_table_046_p46.csv,oil
2024_philippine_energy_situationer_and_key_energy_statistics_table_046_p46.csv,oil
2024_philippine_energy_situationer_and_key_energy_statistics_table_046_p46.csv,oil
2024_philippine_energy_situationer_and_key_energy_statistics_table_046_p46.csv,oil
2024_philippine_energy_situationer_and_key_energy_statistics_table_046_p46.csv,oil
2024_philippine_energy_situationer_and_key_energy_statistics_table_046_p46.csv,oil
2024_philippine_energy_situationer_and_key_energy_statistics_table_046_p46.csv,oil
2024_philippine_energy_situationer_and_key_energy_statistics_table_046_p46.csv,oil
2024_philippine_energy_situationer_and_key_energy_statistics_table_046_p46.csv,oil
2024_philippine_energy_situationer_and_key_energy_statistics_table_046_p46.csv,oil
2024_philippine_energy_situationer_and_key_energy_statistics_table_046_p46.csv,oil
2024_philippine_energy_situationer_and_key_energy_statistics_table_046_p46.csv,oil
2024_philippine_energy_situationer_and_key_energy_statistics_table_046_p46.csv,oil
2024_philippine_energy_situationer_and_key_energy_statistics_table_046_p46.csv,oil
2024_philippine_energy_situationer_and_key_energy_statistics_table_046_p46.csv,oil
2024_philippine_energy_situationer_and_key_energy_statistics_table_046_p46.csv,oil
2024_philippine_energy_situationer_and_key_energy_statistics_table_046_p46.csv,oil
2024_philippine_energy_situationer_and_key_energy_statistics_table_046_p46.csv,oil
2024_philippine_energy_situationer_and_key_energy_statistics_table_046_p46.csv,oil
2024_philippine_energy_situationer_and_key_energy_statistics_table_046_p46.csv,oil
2024_philippine_energy_situationer_and_key_energy_statistics_table_047_p47.csv,oil
2024_philippine_energy_situationer_and_key_energy_statistics_table_047_p47.csv,oil
2024_philippine_energy_situationer_and_key_energy_statistics_table_047_p47.csv,oil
2024_philippine_energy_situationer_and_key_energy_statistics_table_047_p47.csv,oil
2024_philippine_energy_situationer_and_key_energy_statistics_table_047_p47.csv,oil
2024_philippine_energy_situationer_and_key_energy_statistics_table_047_p47.csv,oil
2024_philippine_energy_situationer_and_key_energy_statistics_table_047_p47.csv,oil
2024_philippine_energy_situationer_and_key_energy_statistics_table_047_p47.csv,oil
2024_philippine_energy_situationer_and_key_energy_statistics_table_047_p47.csv,oil
2024_philippine_energy_situationer_and_key_energy_statistics_table_047_p47.csv,oil
2024_philippine_energy_situationer_and_key_energy_statistics_table_047_p47.csv,oil
2024_philippine_energy_situationer_and_key_energy_statistics_table_047_p47.csv,oil
2024_philippine_energy_situationer_and_key_energy_statistics_table_047_p47.csv,oil
2024_philippine_energy_situationer_and_key_energy_statistics_table_047_p47.csv,oil
2024_philippine_energy_situationer_and_key_energy_statistics_table_047_p47.csv,oil
2024_philippine_energy_situationer_and_key_energy_statistics_table_047_p47.csv,oil
2024_philippine_energy_situationer_and_key_energy_statistics_table_047_p47.csv,oil
2024_philippine_energy_situationer_and_key_energy_statistics_table_047_p47.csv,oil
2024_philippine_energy_situationer_and_key_energy_statistics_table_047_p47.csv,oil
2024_philippine_energy_situationer_and_key_energy_statistics_table_047_p47.csv,oil
2024_philippine_energy_situationer_and_key_energy_statistics_table_047_p47.csv,oil
2024_philippine_energy_situationer_and_key_energy_statistics_table_047_p47.csv,oil
2024_philippine_energy_situationer_and_key_energy_statistics_table_047_p47.csv,oil
2024_philippine_energy_situationer_and_key_energy_statistics_table_047_p47.csv,oil
2024_philippine_energy_situationer_and_key_energy_statistics_table_047_p47.csv,oil
2024_philippine_energy_situationer_and_key_energy_statistics_table_047_p47.csv,oil
2024_philippine_energy_situationer_and_key_energy_statistics_table_047_p47.csv,oil
2024_philippine_energy_situationer_and_key_energy_statistics_table_049_p49.csv,oil
2024_philippine_energy_situationer_and_key_energy_statistics_table_049_p49.csv,oil
2024_philippine_energy_situationer_and_key_energy_statistics_table_049_p49.csv,oil
2024_philippine_energy_situationer_and_key_energy_statistics_table_049_p49.csv,oil
2024_philippine_energy_situationer_and_key_energy_statistics_table_049_p49.csv,oil
2024_philippine_energy_situationer_and_key_energy_statistics_table_049_p49.csv,oil
2024_philippine_energy_situationer_and_key_energy_statistics_table_049_p49.csv,oil
2024_philippine_energy_situationer_and_key_energy_statistics_table_049_p49.csv,oil
2024_philippine_energy_situationer_and_key_energy_statistics_table_049_p49.csv,oil
2024_philippine_energy_situationer_and_key_energy_statistics_table_049_p49.csv,oil
2024_philippine_energy_situationer_and_key_energy_statistics_table_049_p49.csv,oil
2024_philippine_energy_situationer_and_key_energy_statistics_table_049_p49.csv,oil
2024_philippine_energy_situationer_and_key_energy_statistics_table_049_p49.csv,oil
2024_philippine_energy_situationer_and_key_energy_statistics_table_049_p49.csv,oil
2024_philippine_energy_situationer_and_key_energy_statistics_table_049_p49.csv,oil
2024_philippine_energy_situationer_and_key_energy_statistics_table_049_p49.csv,oil
2024_philippine_energy_situationer_and_key_energy_statistics_table_049_p49.csv,oil
2024_philippine_energy_situationer_and_key_energy_statistics_table_049_p49.csv,oil
2024_philippine_energy_situationer_and_key_energy_statistics_table_049_p49.csv,oil
2024_philippine_energy_situationer_and_key_energy_statistics_table_049_p49.csv,oil
2024_philippine_energy_situationer_and_key_energy_statistics_table_049_p49.csv,oil
2024_philippine_energy_situationer_and_key_energy_statistics_table_049_p49.csv,oil
2024_philippine_energy_situationer_and_key_energy_statistics_table_049_p49.csv,oil
2024_philippine_energy_situationer_and_key_energy_statistics_table_049_p49.csv,oil
2024_philippine_energy_situationer_and_key_energy_statistics_table_049_p49.csv,oil
2024_philippine_energy_situationer_and_key_energy_statistics_table_049_p49.csv,oil
2024_philippine_energy_situationer_and_key_energy_statistics_table_049_p49.csv,oil
2024_philippine_energy_situationer_and_key_energy_statistics_table_051_p51.csv,oil
2024_philippine_energy_situationer_and_key_energy_statistics_table_051_p51.csv,oil
2024_philippine_energy_situationer_and_key_energy_statistics_table_051_p51.csv,oil
2024_philippine_energy_situationer_and_key_energy_statistics_table_051_p51.csv,oil
2024_philippine_energy_situationer_and_key_energy_statistics_table_051_p51.csv,oil
2024_philippine_energy_situationer_and_key_energy_statistics_table_051_p51.csv,oil
2024_philippine_energy_situationer_and_key_energy_statistics_table_051_p51.csv,oil
2024_philippine_energy_situationer_and_key_energy_statistics_table_051_p51.csv,oil
2024_philippine_energy_situationer_and_key_energy_statistics_table_051_p51.csv,oil
2024_philippine_energy_situationer_and_key_energy_statistics_table_051_p51.csv,oil
2024_philippine_energy_situationer_and_key_energy_statistics_table_052_p51.csv,oil
2024_philippine_energy_situationer_and_key_energy_statistics_table_052_p51.csv,oil
2024_philippine_energy_situationer_and_key_energy_statistics_table_052_p51.csv,oil
2024_philippine_energy_situationer_and_key_energy_statistics_table_052_p51.csv,oil
2024_philippine_energy_situationer_and_key_energy_statistics_table_052_p51.csv,oil
2024_philippine_energy_situationer_and_key_energy_statistics_table_052_p51.csv,oil
2024_philippine_energy_situationer_and_key_energy_statistics_table_052_p51.csv,oil
2024_philippine_energy_situationer_and_key_energy_statistics_table_052_p51.csv,oil
2024_philippine_energy_situationer_and_key_energy_statistics_table_052_p51.csv,oil
2024_philippine_energy_situationer_and_key_energy_statistics_table_052_p51.csv,oil
2024_philippine_energy_situationer_and_key_energy_statistics_table_055_p54.csv,oil
2024_philippine_energy_situationer_and_key_energy_statistics_table_055_p54.csv,oil
2024_philippine_energy_situationer_and_key_energy_statistics_table_055_p54.csv,oil
2024_philippine_energy_situationer_and_key_energy_statistics_table_055_p54.csv,oil
2024_philippine_energy_situationer_and_key_energy_statistics_table_055_p54.csv,oil
2024_philippine_energy_situationer_and_key_energy_statistics_table_055_p54.csv,oil
2024_philippine_energy_situationer_and_key_energy_statistics_table_055_p54.csv,oil
2024_philippine_energy_situationer_and_key_energy_statistics_table_055_p54.csv,oil
2024_philippine_energy_situationer_and_key_energy_statistics_table_056_p54.csv,oil
2024_philippine_energy_situationer_and_key_energy_statistics_table_056_p54.csv,oil
2024_philippine_energy_situationer_and_key_energy_statistics_table_056_p54.csv,oil
2024_philippine_energy_situationer_and_key_energy_statistics_table_056_p54.csv,oil
2024_philippine_energy_situationer_and_key_energy_statistics_table_056_p54.csv,oil
2024_philippine_energy_situationer_and_key_energy_statistics_table_056_p54.csv,oil
2024_philippine_energy_situationer_and_key_energy_statistics_table_056_p54.csv,oil
2024_philippine_energy_situationer_and_key_energy_statistics_table_056_p54.csv,oil
2024_philippine_energy_situationer_and_key_energy_statistics_table_061_p58.csv,oil
2024_philippine_energy_situationer_and_key_energy_statistics_table_061_p58.csv,oil
2024_philippine_energy_situationer_and_key_energy_statistics_table_061_p58.csv,oil
2024_philippine_energy_situationer_and_key_energy_statistics_table_061_p58.csv,oil
2024_philippine_energy_situationer_and_key_energy_statistics_table_061_p58.csv,oil
2024_philippine_energy_situationer_and_key_energy_statistics_table_061_p58.csv,oil
2024_philippine_energy_situationer_and_key_energy_statistics_table_061_p58.csv,oil
2024_philippine_energy_situationer_and_key_energy_statistics_table_061_p58.csv,oil
2024_philippine_energy_situationer_and_key_energy_statistics_table_061_p58.csv,oil
2024_philippine_energy_situationer_and_key_energy_statistics_table_061_p58.csv,oil
2024_philippine_energy_situationer_and_key_energy_statistics_table_061_p58.csv,oil
2024_philippine_energy_situationer_and_key_energy_statistics_table_061_p58.csv,oil
2024_philippine_energy_situationer_and_key_energy_statistics_table_061_p58.csv,oil
2024_philippine_energy_situationer_and_key_energy_statistics_table_061_p58.csv,oil
2024_philippine_energy_situationer_and_key_energy_statistics_table_061_p58.csv,oil
2024_philippine_energy_situationer_and_key_energy_statistics_table_061_p58.csv,oil
2024_philippine_energy_situationer_and_key_energy_statistics_table_061_p58.csv,oil
2024_philippine_energy_situationer_and_key_energy_statistics_table_061_p58.csv,oil
2024_philippine_energy_situationer_and_key_energy_statistics_table_061_p58.csv,oil
2024_philippine_energy_situationer_and_key_energy_statistics_table_061_p58.csv,oil
2024_philippine_energy_situationer_and_key_energy_statistics_table_061_p58.csv,oil
2024_philippine_energy_situationer_and_key_energy_statistics_table_061_p58.csv,oil
2024_philippine_energy_situationer_and_key_energy_statistics_table_061_p58.csv,oil
2024_philippine_energy_situationer_and_key_energy_statistics_table_061_p58.csv,oil
2024_philippine_energy_situationer_and_key_energy_statistics_table_061_p58.csv,oil
2024_philippine_energy_situationer_and_key_energy_statistics_table_061_p58.csv,oil
2024_philippine_energy_situationer_and_key_energy_statistics_table_061_p58.csv,oil
2024_philippine_energy_situationer_and_key_energy_statistics_table_061_p58.csv,oil
2024_philippine_energy_situationer_and_key_energy_statistics_table_061_p58.csv,oil
2024_philippine_energy_situationer_and_key_energy_statistics_table_061_p58.csv,oil
2024_philippine_energy_situationer_and_key_energy_statistics_table_061_p58.csv,oil
2024_philippine_energy_situationer_and_key_energy_statistics_table_061_p58.csv,oil
2024_philippine_energy_situationer_and_key_energy_statistics_table_061_p58.csv,oil
2024_philippine_energy_situationer_and_key_energy_statistics_table_061_p58.csv,oil
2024_philippine_energy_situationer_and_key_energy_statistics_table_061_p58.csv,oil
2024_philippine_energy_situationer_and_key_energy_statistics_table_061_p58.csv,oil
2024_philippine_energy_situationer_and_key_energy_statistics_table_062_p59.csv,oil
2024_philippine_energy_situationer_and_key_energy_statistics_table_062_p59.csv,oil
2024_philippine_energy_situationer_and_key_energy_statistics_table_062_p59.csv,oil
2024_philippine_energy_situationer_and_key_energy_statistics_table_062_p59.csv,oil
2024_philippine_energy_situationer_and_key_energy_statistics_table_062_p59.csv,oil
2024_philippine_energy_situationer_and_key_energy_statistics_table_062_p59.csv,oil
2024_philippine_energy_situationer_and_key_energy_statistics_table_062_p59.csv,oil
2024_philippine_energy_situationer_and_key_energy_statistics_table_062_p59.csv,oil
2024_philippine_energy_situationer_and_key_energy_statistics_table_062_p59.csv,oil
2024_philippine_energy_situationer_and_key_energy_statistics_table_062_p59.csv,oil
2024_philippine_energy_situationer_and_key_energy_statistics_table_062_p59.csv,oil
2024_philippine_energy_situationer_and_key_energy_statistics_table_062_p59.csv,oil
2024_philippine_energy_situationer_and_key_energy_statistics_table_062_p59.csv,oil
2024_philippine_energy_situationer_and_key_energy_statistics_table_062_p59.csv,oil
2024_philippine_energy_situationer_and_key_energy_statistics_table_062_p59.csv,oil
2024_philippine_energy_situationer_and_key_energy_statistics_table_062_p59.csv,oil
2024_philippine_energy_situationer_and_key_energy_statistics_table_062_p59.csv,oil
2024_philippine_energy_situationer_and_key_energy_statistics_table_062_p59.csv,oil
2024_philippine_energy_situationer_and_key_energy_statistics_table_062_p59.csv,oil
2024_philippine_energy_situationer_and_key_energy_statistics_table_062_p59.csv,oil
2024_philippine_energy_situationer_and_key_energy_statistics_table_062_p59.csv,oil
2024_philippine_energy_situationer_and_key_energy_statistics_table_062_p59.csv,oil
2024_philippine_energy_situationer_and_key_energy_statistics_table_062_p59.csv,oil
2024_philippine_energy_situationer_and_key_energy_statistics_table_062_p59.csv,oil
2024_philippine_energy_situationer_and_key_energy_statistics_table_062_p59.csv,oil
2024_philippine_energy_situationer_and_key_energy_statistics_table_062_p59.csv,oil
2024_philippine_energy_situationer_and_key_energy_statistics_table_062_p59.csv,oil
2024_philippine_energy_situationer_and_key_energy_statistics_table_062_p59.csv,oil
2024_philippine_energy_situationer_and_key_energy_statistics_table_062_p59.csv,oil
2024_philippine_energy_situationer_and_key_energy_statistics_table_062_p59.csv,oil
2024_philippine_energy_situationer_and_key_energy_statistics_table_062_p59.csv,oil
2024_philippine_energy_situationer_and_key_energy_statistics_table_062_p59.csv,oil
2024_philippine_energy_situationer_and_key_energy_statistics_table_062_p59.csv,oil
2024_philippine_energy_situationer_and_key_energy_statistics_table_062_p59.csv,oil
2024_philippine_energy_situationer_and_key_energy_statistics_table_062_p59.csv,oil
2024_philippine_energy_situationer_and_key_energy_statistics_table_062_p59.csv,oil
2024_philippine_energy_situationer_and_key_energy_statistics_table_064_p60.csv,oil
2024_philippine_energy_situationer_and_key_energy_statistics_table_064_p60.csv,oil
2024_philippine_energy_situationer_and_key_energy_statistics_table_064_p60.csv,oil
2024_philippine_energy_situationer_and_key_energy_statistics_table_064_p60.csv,oil
2024_philippine_energy_situationer_and_key_energy_statistics_table_064_p60.csv,oil
2024_philippine_energy_situationer_and_key_energy_statistics_table_064_p60.csv,oil
2024_philippine_energy_situationer_and_key_energy_statistics_table_064_p60.csv,oil
2024_philippine_energy_situationer_and_key_energy_statistics_table_064_p60.csv,oil
2024_philippine_energy_situationer_and_key_energy_statistics_table_064_p60.csv,oil
2024_philippine_energy_situationer_and_key_energy_statistics_table_064_p60.csv,oil
2024_philippine_energy_situationer_and_key_energy_statistics_table_065_p60.csv,oil
2024_philippine_energy_situationer_and_key_energy_statistics_table_065_p60.csv,oil
2024_philippine_energy_situationer_and_key_energy_statistics_table_065_p60.csv,oil
2024_philippine_energy_situationer_and_key_energy_statistics_table_065_p60.csv,oil
2024_philippine_energy_situationer_and_key_energy_statistics_table_065_p60.csv,oil
2024_philippine_energy_situationer_and_key_energy_statistics_table_065_p60.csv,oil
2024_philippine_energy_situationer_and_key_energy_statistics_table_065_p60.csv,oil
2024_philippine_energy_situationer_and_key_energy_statistics_table_065_p60.csv,oil
2024_philippine_energy_situationer_and_key_energy_statistics_table_065_p60.csv,oil
2024_philippine_energy_situationer_and_key_energy_statistics_table_065_p60.csv,oil
2024_philippine_energy_situationer_and_key_energy_statistics_table_107_p77.csv,oil
2024_philippine_energy_situationer_and_key_energy_statistics_table_107_p77.csv,oil
2024_philippine_energy_situationer_and_key_energy_statistics_table_107_p77.csv,oil
2024_philippine_energy_situationer_and_key_energy_statistics_table_107_p77.csv,oil
2024_philippine_energy_situationer_and_key_energy_statistics_table_107_p77.csv,oil
2024_philippine_energy_situationer_and_key_energy_statistics_table_107_p77.csv,oil
2024_philippine_energy_situationer_and_key_energy_statistics_table_107_p77.csv,oil
2024_philippine_energy_situationer_and_key_energy_statistics_table_107_p77.csv,oil
2024_philippine_energy_situationer_and_key_energy_statistics_table_107_p77.csv,oil
2024_philippine_energy_situationer_and_key_energy_statistics_table_107_p77.csv,oil
2024_philippine_energy_situationer_and_key_energy_statistics_table_107_p77.csv,oil
2024_philippine_energy_situationer_and_key_energy_statistics_table_107_p77.csv,oil
2024_philippine_energy_situationer_and_key_energy_statistics_table_107_p77.csv,oil
2024_philippine_energy_situationer_and_key_energy_statistics_table_107_p77.csv,oil
2024_philippine_energy_situationer_and_key_energy_statistics_table_107_p77.csv,oil
2024_philippine_energy_situationer_and_key_energy_statistics_table_107_p77.csv,oil
2024_philippine_energy_situationer_and_key_energy_statistics_table_107_p77.csv,oil
2024_philippine_energy_situationer_and_key_energy_statistics_table_107_p77.csv,oil
2024_philippine_energy_situationer_and_key_energy_statistics_table_107_p77.csv,oil
2024_philippine_energy_situationer_and_key_energy_statistics_table_107_p77.csv,oil
2024_philippine_energy_situationer_and_key_energy_statistics_table_107_p77.csv,oil
2024_philippine_energy_situationer_and_key_energy_statistics_table_107_p77.csv,oil
2024_philippine_energy_situationer_and_key_energy_statistics_table_107_p77.csv,oil
2024_philippine_energy_situationer_and_key_energy_statistics_table_107_p77.csv,oil
2024_philippine_energy_situationer_and_key_energy_statistics_table_107_p77.csv,oil
2024_philippine_energy_situationer_and_key_energy_statistics_table_107_p77.csv,oil
2024_philippine_energy_situationer_and_key_energy_statistics_table_107_p77.csv,oil
2024_philippine_energy_situationer_and_key_energy_statistics_table_107_p77.csv,oil
2024_philippine_energy_situationer_and_key_energy_statistics_table_114_p8.csv,oil
2024_philippine_energy_situationer_and_key_energy_statistics_table_125_p28.csv,oil
2024_philippine_energy_situationer_and_key_energy_statistics_table_125_p28.csv,oil
2024_philippine_energy_situationer_and_key_energy_statistics_table_125_p28.csv,oil
2024_philippine_energy_situationer_and_key_energy_statistics_table_125_p28.csv,oil
2024_philippine_energy_situationer_and_key_energy_statistics_table_125_p28.csv,oil
2024_philippine_energy_situationer_and_key_energy_statistics_table_125_p28.csv,oil
2024_philippine_energy_situationer_and_key_energy_statistics_table_125_p28.csv,oil
2024_philippine_energy_situationer_and_key_energy_statistics_table_125_p28.csv,oil
2024_philippine_energy_situationer_and_key_energy_statistics_table_125_p28.csv,oil
2024_philippine_energy_situationer_and_key_energy_statistics_table_125_p28.csv,oil
2024_philippine_energy_situationer_and_key_energy_statistics_table_125_p28.csv,oil
2024_philippine_energy_situationer_and_key_energy_statistics_table_125_p28.csv,oil
2024_philippine_energy_situationer_and_key_energy_statistics_table_125_p28.csv,oil
2024_philippine_energy_situationer_and_key_energy_statistics_table_125_p28.csv,oil
2024_philippine_energy_situationer_and_key_energy_statistics_table_125_p28.csv,oil
2024_philippine_energy_situationer_and_key_energy_statistics_table_125_p28.csv,oil
2024_philippine_energy_situationer_and_key_energy_statistics_table_125_p28.csv,oil
2024_philippine_energy_situationer_and_key_energy_statistics_table_125_p28.csv,oil
2024_philippine_energy_situationer_and_key_energy_statistics_table_125_p28.csv,oil
2024_philippine_energy_situationer_and_key_energy_statistics_table_125_p28.csv,oil
2024_philippine_energy_situationer_and_key_energy_statistics_table_125_p28.csv,oil
2024_philippine_energy_situationer_and_key_energy_statistics_table_125_p28.csv,oil
2024_philippine_energy_situationer_and_key_energy_statistics_table_125_p28.csv,oil
2024_philippine_energy_situationer_and_key_energy_statistics_table_125_p28.csv,oil
2024_philippine_energy_situationer_and_key_energy_statistics_table_125_p28.csv,oil
2024_philippine_energy_situationer_and_key_energy_statistics_table_125_p28.csv,oil
2024_philippine_energy_situationer_and_key_energy_statistics_table_125_p28.csv,oil
2024_philippine_energy_situationer_and_key_energy_statistics_table_126_p29.csv,oil
2024_philippine_energy_situationer_and_key_energy_statistics_table_126_p29.csv,oil
2024_philippine_energy_situationer_and_key_energy_statistics_table_126_p29.csv,oil
2024_philippine_energy_situationer_and_key_energy_statistics_table_126_p29.csv,oil
2024_philippine_energy_situationer_and_key_energy_statistics_table_126_p29.csv,oil
2024_philippine_energy_situationer_and_key_energy_statistics_table_126_p29.csv,oil
2024_philippine_energy_situationer_and_key_energy_statistics_table_126_p29.csv,oil
2024_philippine_energy_situationer_and_key_energy_statistics_table_126_p29.csv,oil
2024_philippine_energy_situationer_and_key_energy_statistics_table_126_p29.csv,oil
2024_philippine_energy_situationer_and_key_energy_statistics_table_126_p29.csv,oil
2024_philippine_energy_situationer_and_key_energy_statistics_table_126_p29.csv,oil
2024_philippine_energy_situationer_and_key_energy_statistics_table_126_p29.csv,oil
2024_philippine_energy_situationer_and_key_energy_statistics_table_126_p29.csv,oil
2024_philippine_energy_situationer_and_key_energy_statistics_table_126_p29.csv,oil
2024_philippine_energy_situationer_and_key_energy_statistics_table_126_p29.csv,oil
2024_philippine_energy_situationer_and_key_energy_statistics_table_126_p29.csv,oil
2024_philippine_energy_situationer_and_key_energy_statistics_table_126_p29.csv,oil
2024_philippine_energy_situationer_and_key_energy_statistics_table_126_p29.csv,oil
2024_philippine_energy_situationer_and_key_energy_statistics_table_126_p29.csv,oil
2024_philippine_energy_situationer_and_key_energy_statistics_table_126_p29.csv,oil
2024_philippine_energy_situationer_and_key_energy_statistics_table_126_p29.csv,oil
2024_philippine_energy_situationer_and_key_energy_statistics_table_126_p29.csv,oil
2024_philippine_energy_situationer_and_key_energy_statistics_table_126_p29.csv,oil
2024_philippine_energy_situationer_and_key_energy_statistics_table_126_p29.csv,oil
2024_philippine_energy_situationer_and_key_energy_statistics_table_126_p29.csv,oil
2024_philippine_energy_situationer_and_key_energy_statistics_table_126_p29.csv,oil
2024_philippine_energy_situationer_and_key_energy_statistics_table_126_p29.csv,oil
2024_philippine_energy_situationer_and_key_energy_statistics_table_127_p30.csv,oil
2024_philippine_energy_situationer_and_key_energy_statistics_table_127_p30.csv,oil
2024_philippine_energy_situationer_and_key_energy_statistics_table_127_p30.csv,oil
2024_philippine_energy_situationer_and_key_energy_statistics_table_127_p30.csv,oil
2024_philippine_energy_situationer_and_key_energy_statistics_table_127_p30.csv,oil
2024_philippine_energy_situationer_and_key_energy_statistics_table_127_p30.csv,oil
2024_philippine_energy_situationer_and_key_energy_statistics_table_127_p30.csv,oil
2024_philippine_energy_situationer_and_key_energy_statistics_table_127_p30.csv,oil
2024_philippine_energy_situationer_and_key_energy_statistics_table_127_p30.csv,oil
2024_philippine_energy_situationer_and_key_energy_statistics_table_127_p30.csv,oil
2024_philippine_energy_situationer_and_key_energy_statistics_table_127_p30.csv,oil
2024_philippine_energy_situationer_and_key_energy_statistics_table_127_p30.csv,oil
2024_philippine_energy_situationer_and_key_energy_statistics_table_127_p30.csv,oil
2024_philippine_energy_situationer_and_key_energy_statistics_table_127_p30.csv,oil
2024_philippine_energy_situationer_and_key_energy_statistics_table_127_p30.csv,oil
2024_philippine_energy_situationer_and_key_energy_statistics_table_127_p30.csv,oil
2024_philippine_energy_situationer_and_key_energy_statistics_table_127_p30.csv,oil
2024_philippine_energy_situationer_and_key_energy_statistics_table_127_p30.csv,oil
2024_philippine_energy_situationer_and_key_energy_statistics_table_127_p30.csv,oil
2024_philippine_energy_situationer_and_key_energy_statistics_table_127_p30.csv,oil
2024_philippine_energy_situationer_and_key_energy_statistics_table_127_p30.csv,oil
2024_philippine_energy_situationer_and_key_energy_statistics_table_127_p30.csv,oil
2024_philippine_energy_situationer_and_key_energy_statistics_table_127_p30.csv,oil
2024_philippine_energy_situationer_and_key_energy_statistics_table_127_p30.csv,oil
2024_philippine_energy_situationer_and_key_energy_statistics_table_127_p30.csv,oil
2024_philippine_energy_situationer_and_key_energy_statistics_table_127_p30.csv,oil
2024_philippine_energy_situationer_and_key_energy_statistics_table_127_p30.csv,oil
2024_philippine_energy_situationer_and_key_energy_statistics_table_128_p31.csv,oil
2024_philippine_energy_situationer_and_key_energy_statistics_table_128_p31.csv,oil
2024_philippine_energy_situationer_and_key_energy_statistics_table_128_p31.csv,oil
2024_philippine_energy_situationer_and_key_energy_statistics_table_128_p31.csv,oil
2024_philippine_energy_situationer_and_key_energy_statistics_table_128_p31.csv,oil
2024_philippine_energy_situationer_and_key_energy_statistics_table_128_p31.csv,oil
2024_philippine_energy_situationer_and_key_energy_statistics_table_128_p31.csv,oil
2024_philippine_energy_situationer_and_key_energy_statistics_table_128_p31.csv,oil
2024_philippine_energy_situationer_and_key_energy_statistics_table_128_p31.csv,oil
2024_philippine_energy_situationer_and_key_energy_statistics_table_128_p31.csv,oil
2024_philippine_energy_situationer_and_key_energy_statistics_table_128_p31.csv,oil
2024_philippine_energy_situationer_and_key_energy_statistics_table_128_p31.csv,oil
2024_philippine_energy_situationer_and_key_energy_statistics_table_128_p31.csv,oil
2024_philippine_energy_situationer_and_key_energy_statistics_table_128_p31.csv,oil
2024_philippine_energy_situationer_and_key_energy_statistics_table_128_p31.csv,oil
2024_philippine_energy_situationer_and_key_energy_statistics_table_128_p31.csv,oil
2024_philippine_energy_situationer_and_key_energy_statistics_table_128_p31.csv,oil
2024_philippine_energy_situationer_and_key_energy_statistics_table_128_p31.csv,oil
2024_philippine_energy_situationer_and_key_energy_statistics_table_128_p31.csv,oil
2024_philippine_energy_situationer_and_key_energy_statistics_table_128_p31.csv,oil
2024_philippine_energy_situationer_and_key_energy_statistics_table_128_p31.csv,oil
2024_philippine_energy_situationer_and_key_energy_statistics_table_128_p31.csv,oil
2024_philippine_energy_situationer_and_key_energy_statistics_table_128_p31.csv,oil
2024_philippine_energy_situationer_and_key_energy_statistics_table_128_p31.csv,oil
2024_philippine_energy_situationer_and_key_energy_statistics_table_128_p31.csv,oil
2024_philippine_energy_situationer_and_key_energy_statistics_table_128_p31.csv,oil
2024_philippine_energy_situationer_and_key_energy_statistics_table_128_p31.csv,oil
2024_philippine_energy_situationer_and_key_energy_statistics_table_129_p32.csv,oil
2024_philippine_energy_situationer_and_key_energy_statistics_table_129_p32.csv,oil
2024_philippine_energy_situationer_and_key_energy_statistics_table_129_p32.csv,oil
2024_philippine_energy_situationer_and_key_energy_statistics_table_129_p32.csv,oil
2024_philippine_energy_situationer_and_key_energy_statistics_table_129_p32.csv,oil
2024_philippine_energy_situationer_and_key_energy_statistics_table_129_p32.csv,oil
2024_philippine_energy_situationer_and_key_energy_statistics_table_129_p32.csv,oil
2024_philippine_energy_situationer_and_key_energy_statistics_table_129_p32.csv,oil
2024_philippine_energy_situationer_and_key_energy_statistics_table_129_p32.csv,oil
2024_philippine_energy_situationer_and_key_energy_statistics_table_129_p32.csv,oil
2024_philippine_energy_situationer_and_key_energy_statistics_table_129_p32.csv,oil
2024_philippine_energy_situationer_and_key_energy_statistics_table_129_p32.csv,oil
2024_philippine_energy_situationer_and_key_energy_statistics_table_129_p32.csv,oil
2024_philippine_energy_situationer_and_key_energy_statistics_table_129_p32.csv,oil
2024_philippine_energy_situationer_and_key_energy_statistics_table_129_p32.csv,oil
2024_philippine_energy_situationer_and_key_energy_statistics_table_129_p32.csv,oil
2024_philippine_energy_situationer_and_key_energy_statistics_table_129_p32.csv,oil
2024_philippine_energy_situationer_and_key_energy_statistics_table_129_p32.csv,oil
2024_philippine_energy_situationer_and_key_energy_statistics_table_129_p32.csv,oil
2024_philippine_energy_situationer_and_key_energy_statistics_table_129_p32.csv,oil
2024_philippine_energy_situationer_and_key_energy_statistics_table_129_p32.csv,oil
2024_philippine_energy_situationer_and_key_energy_statistics_table_129_p32.csv,oil
2024_philippine_energy_situationer_and_key_energy_statistics_table_129_p32.csv,oil
2024_philippine_energy_situationer_and_key_energy_statistics_table_129_p32.csv,oil
2024_philippine_energy_situationer_and_key_energy_statistics_table_129_p32.csv,oil
2024_philippine_energy_situationer_and_key_energy_statistics_table_129_p32.csv,oil
2024_philippine_energy_situationer_and_key_energy_statistics_table_129_p32.csv,oil
2024_philippine_energy_situationer_and_key_energy_statistics_table_129_p32.csv,oil
2024_philippine_energy_situationer_and_key_energy_statistics_table_129_p32.csv,oil
2024_philippine_energy_situationer_and_key_energy_statistics_table_129_p32.csv,oil
2024_philippine_energy_situationer_and_key_energy_statistics_table_129_p32.csv,oil
2024_philippine_energy_situationer_and_key_energy_statistics_table_130_p33.csv,oil
2024_philippine_energy_situationer_and_key_energy_statistics_table_130_p33.csv,oil
2024_philippine_energy_situationer_and_key_energy_statistics_table_130_p33.csv,oil
2024_philippine_energy_situationer_and_key_energy_statistics_table_130_p33.csv,oil
2024_philippine_energy_situationer_and_key_energy_statistics_table_130_p33.csv,oil
2024_philippine_energy_situationer_and_key_energy_statistics_table_130_p33.csv,oil
2024_philippine_energy_situationer_and_key_energy_statistics_table_130_p33.csv,oil
2024_philippine_energy_situationer_and_key_energy_statistics_table_130_p33.csv,oil
2024_philippine_energy_situationer_and_key_energy_statistics_table_130_p33.csv,oil
2024_philippine_energy_situationer_and_key_energy_statistics_table_130_p33.csv,oil
2024_philippine_energy_situationer_and_key_energy_statistics_table_130_p33.csv,oil
2024_philippine_energy_situationer_and_key_energy_statistics_table_130_p33.csv,oil
2024_philippine_energy_situationer_and_key_energy_statistics_table_130_p33.csv,oil
2024_philippine_energy_situationer_and_key_energy_statistics_table_130_p33.csv,oil
2024_philippine_energy_situationer_and_key_energy_statistics_table_130_p33.csv,oil
2024_philippine_energy_situationer_and_key_energy_statistics_table_130_p33.csv,oil
2024_philippine_energy_situationer_and_key_energy_statistics_table_130_p33.csv,oil
2024_philippine_energy_situationer_and_key_energy_statistics_table_130_p33.csv,oil
2024_philippine_energy_situationer_and_key_energy_statistics_table_130_p33.csv,oil
2024_philippine_energy_situationer_and_key_energy_statistics_table_130_p33.csv,oil
2024_philippine_energy_situationer_and_key_energy_statistics_table_130_p33.csv,oil
2024_philippine_energy_situationer_and_key_energy_statistics_table_130_p33.csv,oil
2024_philippine_energy_situationer_and_key_energy_statistics_table_130_p33.csv,oil
2024_philippine_energy_situationer_and_key_energy_statistics_table_130_p33.csv,oil
2024_philippine_energy_situationer_and_key_energy_statistics_table_130_p33.csv,oil
2024_philippine_energy_situationer_and_key_energy_statistics_table_130_p33.csv,oil
2024_philippine_energy_situationer_and_key_energy_statistics_table_130_p33.csv,oil
2024_philippine_energy_situationer_and_key_energy_statistics_table_130_p33.csv,oil
2024_philippine_energy_situationer_and_key_energy_statistics_table_130_p33.csv,oil
2024_philippine_energy_situationer_and_key_energy_statistics_table_130_p33.csv,oil
2024_philippine_energy_situationer_and_key_energy_statistics_table_130_p33.csv,oil
2024_philippine_energy_situationer_and_key_energy_statistics_table_131_p34.csv,oil
2024_philippine_energy_situationer_and_key_energy_statistics_table_131_p34.csv,oil
2024_philippine_energy_situationer_and_key_energy_statistics_table_131_p34.csv,oil
2024_philippine_energy_situationer_and_key_energy_statistics_table_131_p34.csv,oil
2024_philippine_energy_situationer_and_key_energy_statistics_table_131_p34.csv,oil
2024_philippine_energy_situationer_and_key_energy_statistics_table_131_p34.csv,oil
2024_philippine_energy_situationer_and_key_energy_statistics_table_131_p34.csv,oil
2024_philippine_energy_situationer_and_key_energy_statistics_table_131_p34.csv,oil
2024_philippine_energy_situationer_and_key_energy_statistics_table_131_p34.csv,oil
2024_philippine_energy_situationer_and_key_energy_statistics_table_131_p34.csv,oil
2024_philippine_energy_situationer_and_key_energy_statistics_table_131_p34.csv,oil
2024_philippine_energy_situationer_and_key_energy_statistics_table_131_p34.csv,oil
2024_philippine_energy_situationer_and_key_energy_statistics_table_131_p34.csv,oil
2024_philippine_energy_situationer_and_key_energy_statistics_table_131_p34.csv,oil
2024_philippine_energy_situationer_and_key_energy_statistics_table_131_p34.csv,oil
2024_philippine_energy_situationer_and_key_energy_statistics_table_131_p34.csv,oil
2024_philippine_energy_situationer_and_key_energy_statistics_table_131_p34.csv,oil
2024_philippine_energy_situationer_and_key_energy_statistics_table_131_p34.csv,oil
2024_philippine_energy_situationer_and_key_energy_statistics_table_131_p34.csv,oil
2024_philippine_energy_situationer_and_key_energy_statistics_table_131_p34.csv,oil
2024_philippine_energy_situationer_and_key_energy_statistics_table_131_p34.csv,oil
2024_philippine_energy_situationer_and_key_energy_statistics_table_131_p34.csv,oil
2024_philippine_energy_situationer_and_key_energy_statistics_table_131_p34.csv,oil
2024_philippine_energy_situationer_and_key_energy_statistics_table_131_p34.csv,oil
2024_philippine_energy_situationer_and_key_energy_statistics_table_131_p34.csv,oil
2024_philippine_energy_situationer_and_key_energy_statistics_table_131_p34.csv,oil
2024_philippine_energy_situationer_and_key_energy_statistics_table_131_p34.csv,oil
2024_philippine_energy_situationer_and_key_energy_statistics_table_131_p34.csv,oil
2024_philippine_energy_situationer_and_key_energy_statistics_table_131_p34.csv,oil
2024_philippine_energy_situationer_and_key_energy_statistics_table_131_p34.csv,oil
2024_philippine_energy_situationer_and_key_energy_statistics_table_131_p34.csv,oil
2024_philippine_energy_situationer_and_key_energy_statistics_table_131_p34.csv,oil
2024_philippine_energy_situationer_and_key_energy_statistics_table_132_p35.csv,oil
2024_philippine_energy_situationer_and_key_energy_statistics_table_132_p35.csv,oil
2024_philippine_energy_situationer_and_key_energy_statistics_table_132_p35.csv,oil
2024_philippine_energy_situationer_and_key_energy_statistics_table_132_p35.csv,oil
2024_philippine_energy_situationer_and_key_energy_statistics_table_132_p35.csv,oil
2024_philippine_energy_situationer_and_key_energy_statistics_table_132_p35.csv,oil
2024_philippine_energy_situationer_and_key_energy_statistics_table_132_p35.csv,oil
2024_philippine_energy_situationer_and_key_energy_statistics_table_132_p35.csv,oil
2024_philippine_energy_situationer_and_key_energy_statistics_table_132_p35.csv,oil
2024_philippine_energy_situationer_and_key_energy_statistics_table_132_p35.csv,oil
2024_philippine_energy_situationer_and_key_energy_statistics_table_132_p35.csv,oil
2024_philippine_energy_situationer_and_key_energy_statistics_table_132_p35.csv,oil
2024_philippine_energy_situationer_and_key_energy_statistics_table_132_p35.csv,oil
2024_philippine_energy_situationer_and_key_energy_statistics_table_132_p35.csv,oil
2024_philippine_energy_situationer_and_key_energy_statistics_table_132_p35.csv,oil
2024_philippine_energy_situationer_and_key_energy_statistics_table_132_p35.csv,oil
2024_philippine_energy_situationer_and_key_energy_statistics_table_132_p35.csv,oil
2024_philippine_energy_situationer_and_key_energy_statistics_table_132_p35.csv,oil
2024_philippine_energy_situationer_and_key_energy_statistics_table_132_p35.csv,oil
2024_philippine_energy_situationer_and_key_energy_statistics_table_132_p35.csv,oil
2024_philippine_energy_situationer_and_key_energy_statistics_table_132_p35.csv,oil
2024_philippine_energy_situationer_and_key_energy_statistics_table_132_p35.csv,oil
2024_philippine_energy_situationer_and_key_energy_statistics_table_132_p35.csv,oil
2024_philippine_energy_situationer_and_key_energy_statistics_table_132_p35.csv,oil
2024_philippine_energy_situationer_and_key_energy_statistics_table_132_p35.csv,oil
2024_philippine_energy_situationer_and_key_energy_statistics_table_132_p35.csv,oil
2024_philippine_energy_situationer_and_key_energy_statistics_table_132_p35.csv,oil
2024_philippine_energy_situationer_and_key_energy_statistics_table_132_p35.csv,oil
2024_philippine_energy_situationer_and_key_energy_statistics_table_132_p35.csv,oil
2024_philippine_energy_situationer_and_key_energy_statistics_table_132_p35.csv,oil
2024_philippine_energy_situationer_and_key_energy_statistics_table_132_p35.csv,oil
2024_philippine_energy_situationer_and_key_energy_statistics_table_132_p35.csv,oil
2024_philippine_energy_situationer_and_key_energy_statistics_table_135_p41.csv,oil
2024_philippine_energy_situationer_and_key_energy_statistics_table_136_p41.csv,oil
2024_philippine_energy_situationer_and_key_energy_statistics_table_143_p44.csv,oil
2024_philippine_energy_situationer_and_key_energy_statistics_table_144_p44.csv,oil
2024_philippine_energy_situationer_and_key_energy_statistics_table_150_p51.csv,oil
2024_philippine_energy_situationer_and_key_energy_statistics_table_150_p51.csv,oil
2024_philippine_energy_situationer_and_key_energy_statistics_table_150_p51.csv,oil
2024_philippine_energy_situationer_and_key_energy_statistics_table_150_p51.csv,oil
2024_philippine_energy_situationer_and_key_energy_statistics_table_150_p51.csv,oil
2024_philippine_energy_situationer_and_key_energy_statistics_table_151_p51.csv,oil
2024_philippine_energy_situationer_and_key_energy_statistics_table_151_p51.csv,oil
2024_philippine_energy_situationer_and_key_energy_statistics_table_151_p51.csv,oil
2024_philippine_energy_situationer_and_key_energy_statistics_table_151_p51.csv,oil
2024_philippine_energy_situationer_and_key_energy_statistics_table_151_p51.csv,oil
2024_philippine_energy_situationer_and_key_energy_statistics_table_152_p51.csv,oil
2024_philippine_energy_situationer_and_key_energy_statistics_table_152_p51.csv,oil
2024_philippine_energy_situationer_and_key_energy_statistics_table_152_p51.csv,oil
2024_philippine_energy_situationer_and_key_energy_statistics_table_152_p51.csv,oil
2024_philippine_energy_situationer_and_key_energy_statistics_table_152_p51.csv,oil
2024_philippine_energy_situationer_and_key_energy_statistics_table_153_p51.csv,oil
2024_philippine_energy_situationer_and_key_energy_statistics_table_153_p51.csv,oil
2024_philippine_energy_situationer_and_key_energy_statistics_table_153_p51.csv,oil
2024_philippine_energy_situationer_and_key_energy_statistics_table_153_p51.csv,oil
2024_philippine_energy_situationer_and_key_energy_statistics_table_153_p51.csv,oil
2024_philippine_energy_situationer_and_key_energy_statistics_table_175_p5.csv,oil
2024_philippine_energy_situationer_and_key_energy_statistics_table_175_p5.csv,oil
2024_philippine_energy_situationer_and_key_energy_statistics_table_175_p5.csv,oil
2024_philippine_energy_situationer_and_key_energy_statistics_table_175_p5.csv,oil
2024_philippine_energy_situationer_and_key_energy_statistics_table_175_p5.csv,oil
2024_philippine_energy_situationer_and_key_energy_statistics_table_175_p5.csv,oil
2024_philippine_energy_situationer_and_key_energy_statistics_table_175_p5.csv,oil
2024_philippine_energy_situationer_and_key_energy_statistics_table_175_p5.csv,oil
2024_philippine_energy_situationer_and_key_energy_statistics_table_175_p5.csv,oil
2024_philippine_energy_situationer_and_key_energy_statistics_table_175_p5.csv,oil
2024_philippine_energy_situationer_and_key_energy_statistics_table_175_p5.csv,oil
2024_philippine_energy_situationer_and_key_energy_statistics_table_175_p5.csv,oil
2024_philippine_energy_situationer_and_key_energy_statistics_table_175_p5.csv,oil
2024_philippine_energy_situationer_and_key_energy_statistics_table_175_p5.csv,oil
2024_philippine_energy_situationer_and_key_energy_statistics_table_175_p5.csv,oil
2024_philippine_energy_situationer_and_key_energy_statistics_table_175_p5.csv,oil
2024_philippine_energy_situationer_and_key_energy_statistics_table_175_p5.csv,oil
2024_philippine_energy_situationer_and_key_energy_statistics_table_175_p5.csv,oil
2024_philippine_energy_situationer_and_key_energy_statistics_table_175_p5.csv,oil
2024_philippine_energy_situationer_and_key_energy_statistics_table_175_p5.csv,oil
2024_philippine_energy_situationer_and_key_energy_statistics_table_175_p5.csv,oil
2024_philippine_energy_situationer_and_key_energy_statistics_table_175_p5.csv,oil
2024_philippine_energy_situationer_and_key_energy_statistics_table_175_p5.csv,oil
2024_philippine_energy_situationer_and_key_energy_statistics_table_175_p5.csv,oil
2024_philippine_energy_situationer_and_key_energy_statistics_table_175_p5.csv,oil
2024_philippine_energy_situationer_and_key_energy_statistics_table_175_p5.csv,oil
2024_philippine_energy_situationer_and_key_energy_statistics_table_175_p5.csv,oil
2024_philippine_energy_situationer_and_key_energy_statistics_table_176_p6.csv,oil
2024_philippine_energy_situationer_and_key_energy_statistics_table_176_p6.csv,oil
2024_philippine_energy_situationer_and_key_energy_statistics_table_176_p6.csv,oil
2024_philippine_energy_situationer_and_key_energy_statistics_table_176_p6.csv,oil
2024_philippine_energy_situationer_and_key_energy_statistics_table_176_p6.csv,oil
2024_philippine_energy_situationer_and_key_energy_statistics_table_176_p6.csv,oil
2024_philippine_energy_situationer_and_key_energy_statistics_table_176_p6.csv,oil
2024_philippine_energy_situationer_and_key_energy_statistics_table_176_p6.csv,oil
2024_philippine_energy_situationer_and_key_energy_statistics_table_176_p6.csv,oil
2024_philippine_energy_situationer_and_key_energy_statistics_table_176_p6.csv,oil
2024_philippine_energy_situationer_and_key_energy_statistics_table_176_p6.csv,oil
2024_philippine_energy_situationer_and_key_energy_statistics_table_176_p6.csv,oil
2024_philippine_energy_situationer_and_key_energy_statistics_table_176_p6.csv,oil
2024_philippine_energy_situationer_and_key_energy_statistics_table_176_p6.csv,oil
2024_philippine_energy_situationer_and_key_energy_statistics_table_176_p6.csv,oil
2024_philippine_energy_situationer_and_key_energy_statistics_table_176_p6.csv,oil
2024_philippine_energy_situationer_and_key_energy_statistics_table_176_p6.csv,oil
2024_philippine_energy_situationer_and_key_energy_statistics_table_176_p6.csv,oil
2024_philippine_energy_situationer_and_key_energy_statistics_table_176_p6.csv,oil
2024_philippine_energy_situationer_and_key_energy_statistics_table_176_p6.csv,oil
2024_philippine_energy_situationer_and_key_energy_statistics_table_176_p6.csv,oil
2024_philippine_energy_situationer_and_key_energy_statistics_table_176_p6.csv,oil
2024_philippine_energy_situationer_and_key_energy_statistics_table_176_p6.csv,oil
2024_philippine_energy_situationer_and_key_energy_statistics_table_176_p6.csv,oil
2024_philippine_energy_situationer_and_key_energy_statistics_table_176_p6.csv,oil
2024_philippine_energy_situationer_and_key_energy_statistics_table_176_p6.csv,oil
2024_philippine_energy_situationer_and_key_energy_statistics_table_176_p6.csv,oil
2024_philippine_energy_situationer_and_key_energy_statistics_table_178_p8.csv,oil
2024_philippine_energy_situationer_and_key_energy_statistics_table_178_p8.csv,oil
2024_philippine_energy_situationer_and_key_energy_statistics_table_178_p8.csv,oil
2024_philippine_energy_situationer_and_key_energy_statistics_table_186_p13.csv,oil
2024_philippine_energy_situationer_and_key_energy_statistics_table_186_p13.csv,oil
2024_philippine_energy_situationer_and_key_energy_statistics_table_186_p13.csv,oil
2024_philippine_energy_situationer_and_key_energy_statistics_table_186_p13.csv,oil
2024_philippine_energy_situationer_and_key_energy_statistics_table_186_p13.csv,oil
2024_philippine_energy_situationer_and_key_energy_statistics_table_186_p13.csv,oil
2024_philippine_energy_situationer_and_key_energy_statistics_table_186_p13.csv,oil
2024_philippine_energy_situationer_and_key_energy_statistics_table_186_p13.csv,oil
2024_philippine_energy_situationer_and_key_energy_statistics_table_186_p13.csv,oil
2024_philippine_energy_situationer_and_key_energy_statistics_table_186_p13.csv,oil
2024_philippine_energy_situationer_and_key_energy_statistics_table_186_p13.csv,oil
2024_philippine_energy_situationer_and_key_energy_statistics_table_186_p13.csv,oil
2024_philippine_energy_situationer_and_key_energy_statistics_table_186_p13.csv,oil
2024_philippine_energy_situationer_and_key_energy_statistics_table_186_p13.csv,oil
2024_philippine_energy_situationer_and_key_energy_statistics_table_186_p13.csv,oil
2024_philippine_energy_situationer_and_key_energy_statistics_table_186_p13.csv,oil
2024_philippine_energy_situationer_and_key_energy_statistics_table_186_p13.csv,oil
2024_philippine_energy_situationer_and_key_energy_statistics_table_186_p13.csv,oil
2024_philippine_energy_situationer_and_key_energy_statistics_table_186_p13.csv,oil
2024_philippine_energy_situationer_and_key_energy_statistics_table_186_p13.csv,oil
2024_philippine_energy_situationer_and_key_energy_statistics_table_186_p13.csv,oil
2024_philippine_energy_situationer_and_key_energy_statistics_table_186_p13.csv,oil
2024_philippine_energy_situationer_and_key_energy_statistics_table_186_p13.csv,oil
2024_philippine_energy_situationer_and_key_energy_statistics_table_186_p13.csv,oil
2024_philippine_energy_situationer_and_key_energy_statistics_table_186_p13.csv,oil
2024_philippine_energy_situationer_and_key_energy_statistics_table_189_p15.csv,oil
2024_philippine_energy_situationer_and_key_energy_statistics_table_189_p15.csv,oil
2024_philippine_energy_situationer_and_key_energy_statistics_table_189_p15.csv,oil
2024_philippine_energy_situationer_and_key_energy_statistics_table_189_p15.csv,oil
2024_philippine_energy_situationer_and_key_energy_statistics_table_189_p15.csv,oil
2024_philippine_energy_situationer_and_key_energy_statistics_table_189_p15.csv,oil
2024_philippine_energy_situationer_and_key_energy_statistics_table_189_p15.csv,oil
2024_philippine_energy_situationer_and_key_energy_statistics_table_189_p15.csv,oil
2024_philippine_energy_situationer_and_key_energy_statistics_table_189_p15.csv,oil
2024_philippine_energy_situationer_and_key_energy_statistics_table_189_p15.csv,oil
2024_philippine_energy_situationer_and_key_energy_statistics_table_189_p15.csv,oil
2024_philippine_energy_situationer_and_key_energy_statistics_table_189_p15.csv,oil
2024_philippine_energy_situationer_and_key_energy_statistics_table_189_p15.csv,oil
2024_philippine_energy_situationer_and_key_energy_statistics_table_189_p15.csv,oil
2024_philippine_energy_situationer_and_key_energy_statistics_table_189_p15.csv,oil
2024_philippine_energy_situationer_and_key_energy_statistics_table_189_p15.csv,oil
2024_philippine_energy_situationer_and_key_energy_statistics_table_189_p15.csv,oil
2024_philippine_energy_situationer_and_key_energy_statistics_table_189_p15.csv,oil
2024_philippine_energy_situationer_and_key_energy_statistics_table_189_p15.csv,oil
2024_philippine_energy_situationer_and_key_energy_statistics_table_189_p15.csv,oil
2024_philippine_energy_situationer_and_key_energy_statistics_table_189_p15.csv,oil
2024_philippine_energy_situationer_and_key_energy_statistics_table_189_p15.csv,oil
2024_philippine_energy_situationer_and_key_energy_statistics_table_189_p15.csv,oil
2024_philippine_energy_situationer_and_key_energy_statistics_table_189_p15.csv,oil
2024_philippine_energy_situationer_and_key_energy_statistics_table_189_p15.csv,oil
2024_philippine_energy_situationer_and_key_energy_statistics_table_189_p15.csv,oil
2024_philippine_energy_situationer_and_key_energy_statistics_table_189_p15.csv,oil
2024_philippine_energy_situationer_and_key_energy_statistics_table_189_p15.csv,oil
2024_philippine_energy_situationer_and_key_energy_statistics_table_189_p15.csv,oil
2024_philippine_energy_situationer_and_key_energy_statistics_table_189_p15.csv,oil
2024_philippine_energy_situationer_and_key_energy_statistics_table_189_p15.csv,oil
2024_philippine_energy_situationer_and_key_energy_statistics_table_190_p15.csv,oil
2024_philippine_energy_situationer_and_key_energy_statistics_table_190_p15.csv,oil
2024_philippine_energy_situationer_and_key_energy_statistics_table_190_p15.csv,oil
2024_philippine_energy_situationer_and_key_energy_statistics_table_190_p15.csv,oil
2024_philippine_energy_situationer_and_key_energy_statistics_table_190_p15.csv,oil
2024_philippine_energy_situationer_and_key_energy_statistics_table_197_p20.csv,oil
2024_philippine_energy_situationer_and_key_energy_statistics_table_197_p20.csv,oil
2024_philippine_energy_situationer_and_key_energy_statistics_table_197_p20.csv,oil
2024_philippine_energy_situationer_and_key_energy_statistics_table_197_p20.csv,oil
2024_philippine_energy_situationer_and_key_energy_statistics_table_197_p20.csv,oil
2024_philippine_energy_situationer_and_key_energy_statistics_table_197_p20.csv,oil
2024_philippine_energy_situationer_and_key_energy_statistics_table_197_p20.csv,oil
2024_philippine_energy_situationer_and_key_energy_statistics_table_197_p20.csv,oil
2024_philippine_energy_situationer_and_key_energy_statistics_table_198_p20.csv,oil
2024_philippine_energy_situationer_and_key_energy_statistics_table_198_p20.csv,oil
2024_philippine_energy_situationer_and_key_energy_statistics_table_198_p20.csv,oil
2024_philippine_energy_situationer_and_key_energy_statistics_table_198_p20.csv,oil
2024_philippine_energy_situationer_and_key_energy_statistics_table_198_p20.csv,oil
2024_philippine_energy_situationer_and_key_energy_statistics_table_198_p20.csv,oil
2024_philippine_energy_situationer_and_key_energy_statistics_table_198_p20.csv,oil
2024_philippine_energy_situationer_and_key_energy_statistics_table_198_p20.csv,oil
2024_philippine_energy_situationer_and_key_energy_statistics_table_198_p20.csv,oil
2024_philippine_energy_situationer_and_key_energy_statistics_table_198_p20.csv,oil
2024_philippine_energy_situationer_and_key_energy_statistics_table_198_p20.csv,oil
2024_philippine_energy_situationer_and_key_energy_statistics_table_198_p20.csv,oil
2024_philippine_energy_situationer_and_key_energy_statistics_table_198_p20.csv,oil
2024_philippine_energy_situationer_and_key_energy_statistics_table_198_p20.csv,oil
2024_philippine_energy_situationer_and_key_energy_statistics_table_198_p20.csv,oil
2024_philippine_energy_situationer_and_key_energy_statistics_table_198_p20.csv,oil
2024_philippine_energy_situationer_and_key_energy_statistics_table_198_p20.csv,oil
2024_philippine_energy_situationer_and_key_energy_statistics_table_199_p21.csv,oil
2024_philippine_energy_situationer_and_key_energy_statistics_table_199_p21.csv,oil
2024_philippine_energy_situationer_and_key_energy_statistics_table_199_p21.csv,oil
2024_philippine_energy_situationer_and_key_energy_statistics_table_199_p21.csv,oil
2024_philippine_energy_situationer_and_key_energy_statistics_table_199_p21.csv,oil
2024_philippine_energy_situationer_and_key_energy_statistics_table_199_p21.csv,oil
2024_philippine_energy_situationer_and_key_energy_statistics_table_199_p21.csv,oil
2024_philippine_energy_situationer_and_key_energy_statistics_table_199_p21.csv,oil
2024_philippine_energy_situationer_and_key_energy_statistics_table_199_p21.csv,oil
2024_philippine_energy_situationer_and_key_energy_statistics_table_199_p21.csv,oil
2024_philippine_energy_situationer_and_key_energy_statistics_table_199_p21.csv,oil
2024_philippine_energy_situationer_and_key_energy_statistics_table_199_p21.csv,oil
2024_philippine_energy_situationer_and_key_energy_statistics_table_199_p21.csv,oil
2024_philippine_energy_situationer_and_key_energy_statistics_table_199_p21.csv,oil
2024_philippine_energy_situationer_and_key_energy_statistics_table_199_p21.csv,oil
2024_philippine_energy_situationer_and_key_energy_statistics_table_199_p21.csv,oil
2024_philippine_energy_situationer_and_key_energy_statistics_table_199_p21.csv,oil
2024_philippine_energy_situationer_and_key_energy_statistics_table_199_p21.csv,oil
2024_philippine_energy_situationer_and_key_energy_statistics_table_199_p21.csv,oil
2024_philippine_energy_situationer_and_key_energy_statistics_table_199_p21.csv,oil
2024_philippine_energy_situationer_and_key_energy_statistics_table_199_p21.csv,oil
2024_philippine_energy_situationer_and_key_energy_statistics_table_199_p21.csv,oil
2024_philippine_energy_situationer_and_key_energy_statistics_table_199_p21.csv,oil
2024_philippine_energy_situationer_and_key_energy_statistics_table_199_p21.csv,oil
2024_philippine_energy_situationer_and_key_energy_statistics_table_199_p21.csv,oil
2024_philippine_energy_situationer_and_key_energy_statistics_table_199_p21.csv,oil
2024_philippine_energy_situationer_and_key_energy_statistics_table_208_p26.csv,oil
2024_philippine_energy_situationer_and_key_energy_statistics_table_208_p26.csv,oil
2024_philippine_energy_situationer_and_key_energy_statistics_table_208_p26.csv,oil
2024_philippine_energy_situationer_and_key_energy_statistics_table_208_p26.csv,oil
2024_philippine_energy_situationer_and_key_energy_statistics_table_208_p26.csv,oil
2024_philippine_energy_situationer_and_key_energy_statistics_table_208_p26.csv,oil
2024_philippine_energy_situationer_and_key_energy_statistics_table_208_p26.csv,oil
2024_philippine_energy_situationer_and_key_energy_statistics_table_208_p26.csv,oil
2024_philippine_energy_situationer_and_key_energy_statistics_table_208_p26.csv,oil
2024_philippine_energy_situationer_and_key_energy_statistics_table_208_p26.csv,oil
2024_philippine_energy_situationer_and_key_energy_statistics_table_208_p26.csv,oil
2024_philippine_energy_situationer_and_key_energy_statistics_table_208_p26.csv,oil
2024_philippine_energy_situationer_and_key_energy_statistics_table_208_p26.csv,oil
2024_philippine_energy_situationer_and_key_energy_statistics_table_208_p26.csv,oil
2024_philippine_energy_situationer_and_key_energy_statistics_table_212_p28.csv,oil
2024_philippine_energy_situationer_and_key_energy_statistics_table_212_p28.csv,oil
2024_philippine_energy_situationer_and_key_energy_statistics_table_212_p28.csv,oil
2024_philippine_energy_situationer_and_key_energy_statistics_table_212_p28.csv,oil
2024_philippine_energy_situationer_and_key_energy_statistics_table_212_p28.csv,oil
2024_philippine_energy_situationer_and_key_energy_statistics_table_212_p28.csv,oil
2024_philippine_energy_situationer_and_key_energy_statistics_table_212_p28.csv,oil
2024_philippine_energy_situationer_and_key_energy_statistics_table_212_p28.csv,oil
2024_philippine_energy_situationer_and_key_energy_statistics_table_212_p28.csv,oil
2024_philippine_energy_situationer_and_key_energy_statistics_table_212_p28.csv,oil
2024_philippine_energy_situationer_and_key_energy_statistics_table_212_p28.csv,oil
2024_philippine_energy_situationer_and_key_energy_statistics_table_212_p28.csv,oil
2024_philippine_energy_situationer_and_key_energy_statistics_table_212_p28.csv,oil
2024_philippine_energy_situationer_and_key_energy_statistics_table_212_p28.csv,oil
2024_philippine_energy_situationer_and_key_energy_statistics_table_212_p28.csv,oil
2024_philippine_energy_situationer_and_key_energy_statistics_table_212_p28.csv,oil
2024_philippine_energy_situationer_and_key_energy_statistics_table_212_p28.csv,oil
2024_philippine_energy_situationer_and_key_energy_statistics_table_212_p28.csv,oil
2024_philippine_energy_situationer_and_key_energy_statistics_table_212_p28.csv,oil
2024_philippine_energy_situationer_and_key_energy_statistics_table_212_p28.csv,oil
2024_philippine_energy_situationer_and_key_energy_statistics_table_212_p28.csv,oil
2024_philippine_energy_situationer_and_key_energy_statistics_table_212_p28.csv,oil
2024_philippine_energy_situationer_and_key_energy_statistics_table_212_p28.csv,oil
2024_philippine_energy_situationer_and_key_energy_statistics_table_212_p28.csv,oil
2024_philippine_energy_situationer_and_key_energy_statistics_table_212_p28.csv,oil
2024_philippine_energy_situationer_and_key_energy_statistics_table_212_p28.csv,oil
2024_philippine_energy_situationer_and_key_energy_statistics_table_212_p28.csv,oil
2024_philippine_energy_situationer_and_key_energy_statistics_table_212_p28.csv,oil
2024_philippine_energy_situationer_and_key_energy_statistics_table_212_p28.csv,oil
2024_philippine_energy_situationer_and_key_energy_statistics_table_213_p30.csv,oil
2024_philippine_energy_situationer_and_key_energy_statistics_table_213_p30.csv,oil
2024_philippine_energy_situationer_and_key_energy_statistics_table_213_p30.csv,oil
2024_philippine_energy_situationer_and_key_energy_statistics_table_213_p30.csv,oil
2024_philippine_energy_situationer_and_key_energy_statistics_table_213_p30.csv,oil
2024_philippine_energy_situationer_and_key_energy_statistics_table_213_p30.csv,oil
2024_philippine_energy_situationer_and_key_energy_statistics_table_213_p30.csv,oil
2024_philippine_energy_situationer_and_key_energy_statistics_table_213_p30.csv,oil
2024_philippine_energy_situationer_and_key_energy_statistics_table_213_p30.csv,oil
2024_philippine_energy_situationer_and_key_energy_statistics_table_213_p30.csv,oil
2024_philippine_energy_situationer_and_key_energy_statistics_table_213_p30.csv,oil
2024_philippine_energy_situationer_and_key_energy_statistics_table_213_p30.csv,oil
2024_philippine_energy_situationer_and_key_energy_statistics_table_213_p30.csv,oil
2024_philippine_energy_situationer_and_key_energy_statistics_table_213_p30.csv,oil
2024_philippine_energy_situationer_and_key_energy_statistics_table_213_p30.csv,oil
2024_philippine_energy_situationer_and_key_energy_statistics_table_213_p30.csv,oil
2024_philippine_energy_situationer_and_key_energy_statistics_table_213_p30.csv,oil
2024_philippine_energy_situationer_and_key_energy_statistics_table_213_p30.csv,oil
2024_philippine_energy_situationer_and_key_energy_statistics_table_213_p30.csv,oil
2024_philippine_energy_situationer_and_key_energy_statistics_table_213_p30.csv,oil
2024_philippine_energy_situationer_and_key_energy_statistics_table_213_p30.csv,oil
2024_philippine_energy_situationer_and_key_energy_statistics_table_213_p30.csv,oil
2024_philippine_energy_situationer_and_key_energy_statistics_table_213_p30.csv,oil
2024_philippine_energy_situationer_and_key_energy_statistics_table_213_p30.csv,oil
2024_philippine_energy_situationer_and_key_energy_statistics_table_213_p30.csv,oil
2024_philippine_energy_situationer_and_key_energy_statistics_table_213_p30.csv,oil
2024_philippine_energy_situationer_and_key_energy_statistics_table_213_p30.csv,oil
2024_philippine_energy_situationer_and_key_energy_statistics_table_213_p30.csv,oil
2024_philippine_energy_situationer_and_key_energy_statistics_table_213_p30.csv,oil
2024_philippine_energy_situationer_and_key_energy_statistics_table_213_p30.csv,oil
2024_philippine_energy_situationer_and_key_energy_statistics_table_214_p32.csv,oil
2024_philippine_energy_situationer_and_key_energy_statistics_table_214_p32.csv,oil
2024_philippine_energy_situationer_and_key_energy_statistics_table_214_p32.csv,oil
2024_philippine_energy_situationer_and_key_energy_statistics_table_214_p32.csv,oil
2024_philippine_energy_situationer_and_key_energy_statistics_table_214_p32.csv,oil
2024_philippine_energy_situationer_and_key_energy_statistics_table_214_p32.csv,oil
2024_philippine_energy_situationer_and_key_energy_statistics_table_214_p32.csv,oil
2024_philippine_energy_situationer_and_key_energy_statistics_table_214_p32.csv,oil
2024_philippine_energy_situationer_and_key_energy_statistics_table_214_p32.csv,oil
2024_philippine_energy_situationer_and_key_energy_statistics_table_214_p32.csv,oil
2024_philippine_energy_situationer_and_key_energy_statistics_table_214_p32.csv,oil
2024_philippine_energy_situationer_and_key_energy_statistics_table_214_p32.csv,oil
2024_philippine_energy_situationer_and_key_energy_statistics_table_214_p32.csv,oil
2024_philippine_energy_situationer_and_key_energy_statistics_table_214_p32.csv,oil
2024_philippine_energy_situationer_and_key_energy_statistics_table_214_p32.csv,oil
2024_philippine_energy_situationer_and_key_energy_statistics_table_214_p32.csv,oil
2024_philippine_energy_situationer_and_key_energy_statistics_table_214_p32.csv,oil
2024_philippine_energy_situationer_and_key_energy_statistics_table_214_p32.csv,oil
2024_philippine_energy_situationer_and_key_energy_statistics_table_214_p32.csv,oil
2024_philippine_energy_situationer_and_key_energy_statistics_table_214_p32.csv,oil
2024_philippine_energy_situationer_and_key_energy_statistics_table_214_p32.csv,oil
2024_philippine_energy_situationer_and_key_energy_statistics_table_215_p32.csv,oil
2024_philippine_energy_situationer_and_key_energy_statistics_table_215_p32.csv,oil
2024_philippine_energy_situationer_and_key_energy_statistics_table_215_p32.csv,oil
2024_philippine_energy_situationer_and_key_energy_statistics_table_215_p32.csv,oil
2024_philippine_energy_situationer_and_key_energy_statistics_table_215_p32.csv,oil
2024_philippine_energy_situationer_and_key_energy_statistics_table_215_p32.csv,oil
2024_philippine_energy_situationer_and_key_energy_statistics_table_215_p32.csv,oil
2024_philippine_energy_situationer_and_key_energy_statistics_table_215_p32.csv,oil
2024_philippine_energy_situationer_and_key_energy_statistics_table_215_p32.csv,oil
2024_philippine_energy_situationer_and_key_energy_statistics_table_215_p32.csv,oil
2024_philippine_energy_situationer_and_key_energy_statistics_table_216_p34.csv,oil
2024_philippine_energy_situationer_and_key_energy_statistics_table_216_p34.csv,oil
2024_philippine_energy_situationer_and_key_energy_statistics_table_216_p34.csv,oil
2024_philippine_energy_situationer_and_key_energy_statistics_table_216_p34.csv,oil
2024_philippine_energy_situationer_and_key_energy_statistics_table_216_p34.csv,oil
2024_philippine_energy_situationer_and_key_energy_statistics_table_216_p34.csv,oil
2024_philippine_energy_situationer_and_key_energy_statistics_table_216_p34.csv,oil
2024_philippine_energy_situationer_and_key_energy_statistics_table_216_p34.csv,oil
2024_philippine_energy_situationer_and_key_energy_statistics_table_216_p34.csv,oil
2024_philippine_energy_situationer_and_key_energy_statistics_table_216_p34.csv,oil
2024_philippine_energy_situationer_and_key_energy_statistics_table_216_p34.csv,oil
2024_philippine_energy_situationer_and_key_energy_statistics_table_216_p34.csv,oil
2024_philippine_energy_situationer_and_key_energy_statistics_table_216_p34.csv,oil
2024_philippine_energy_situationer_and_key_energy_statistics_table_216_p34.csv,oil
2024_philippine_energy_situationer_and_key_energy_statistics_table_216_p34.csv,oil
2024_philippine_energy_situationer_and_key_energy_statistics_table_216_p34.csv,oil
2024_philippine_energy_situationer_and_key_energy_statistics_table_216_p34.csv,oil
2024_philippine_energy_situationer_and_key_energy_statistics_table_216_p34.csv,oil
2024_philippine_energy_situationer_and_key_energy_statistics_table_216_p34.csv,oil
2024_philippine_energy_situationer_and_key_energy_statistics_table_216_p34.csv,oil
2024_philippine_energy_situationer_and_key_energy_statistics_table_216_p34.csv,oil
2024_philippine_energy_situationer_and_key_energy_statistics_table_216_p34.csv,oil
2024_philippine_energy_situationer_and_key_energy_statistics_table_216_p34.csv,oil
2024_philippine_energy_situationer_and_key_energy_statistics_table_216_p34.csv,oil
2024_philippine_energy_situationer_and_key_energy_statistics_table_216_p34.csv,oil
2024_philippine_energy_situationer_and_key_energy_statistics_table_216_p34.csv,oil
2024_philippine_energy_situationer_and_key_energy_statistics_table_216_p34.csv,oil
2024_philippine_energy_situationer_and_key_energy_statistics_table_216_p34.csv,oil
2024_philippine_energy_situationer_and_key_energy_statistics_table_216_p34.csv,oil
2024_philippine_energy_situationer_and_key_energy_statistics_table_216_p34.csv,oil
2024_philippine_energy_situationer_and_key_energy_statistics_table_216_p34.csv,oil
2024_philippine_energy_situationer_and_key_energy_statistics_table_216_p34.csv,oil
2024_philippine_energy_situationer_and_key_energy_statistics_table_216_p34.csv,oil
2024_philippine_energy_situationer_and_key_energy_statistics_table_216_p34.csv,oil
2024_philippine_energy_situationer_and_key_energy_statistics_table_216_p34.csv,oil
2024_philippine_energy_situationer_and_key_energy_statistics_table_224_p46.csv,oil
2024_philippine_energy_situationer_and_key_energy_statistics_table_224_p46.csv,oil
2024_philippine_energy_situationer_and_key_energy_statistics_table_224_p46.csv,oil
2024_philippine_energy_situationer_and_key_energy_statistics_table_224_p46.csv,oil
2024_philippine_energy_situationer_and_key_energy_statistics_table_224_p46.csv,oil
2024_philippine_energy_situationer_and_key_energy_statistics_table_224_p46.csv,oil
2024_philippine_energy_situationer_and_key_energy_statistics_table_224_p46.csv,oil
2024_philippine_energy_situationer_and_key_energy_statistics_table_224_p46.csv,oil
2024_philippine_energy_situationer_and_key_energy_statistics_table_224_p46.csv,oil
2024_philippine_energy_situationer_and_key_energy_statistics_table_224_p46.csv,oil
2024_philippine_energy_situationer_and_key_energy_statistics_table_224_p46.csv,oil
2024_philippine_energy_situationer_and_key_energy_statistics_table_224_p46.csv,oil
2024_philippine_energy_situationer_and_key_energy_statistics_table_224_p46.csv,oil
2024_philippine_energy_situationer_and_key_energy_statistics_table_224_p46.csv,oil
2024_philippine_energy_situationer_and_key_energy_statistics_table_224_p46.csv,oil
2024_philippine_energy_situationer_and_key_energy_statistics_table_224_p46.csv,oil
2024_philippine_energy_situationer_and_key_energy_statistics_table_224_p46.csv,oil
2024_philippine_energy_situationer_and_key_energy_statistics_table_224_p46.csv,oil
2024_philippine_energy_situationer_and_key_energy_statistics_table_224_p46.csv,oil
2024_philippine_energy_situationer_and_key_energy_statistics_table_224_p46.csv,oil
2024_philippine_energy_situationer_and_key_energy_statistics_table_224_p46.csv,oil
2024_philippine_energy_situationer_and_key_energy_statistics_table_224_p46.csv,oil
2024_philippine_energy_situationer_and_key_energy_statistics_table_224_p46.csv,oil
2024_philippine_energy_situationer_and_key_energy_statistics_table_224_p46.csv,oil
2024_philippine_energy_situationer_and_key_energy_statistics_table_224_p46.csv,oil
2024_philippine_energy_situationer_and_key_energy_statistics_table_224_p46.csv,oil
2024_philippine_energy_situationer_and_key_energy_statistics_table_224_p46.csv,oil
2024_philippine_energy_situationer_and_key_energy_statistics_table_224_p46.csv,oil
2024_philippine_energy_situationer_and_key_energy_statistics_table_224_p46.csv,oil
2024_philippine_energy_situationer_and_key_energy_statistics_table_224_p46.csv,oil
2024_philippine_energy_situationer_and_key_energy_statistics_table_224_p46.csv,oil
2024_philippine_energy_situationer_and_key_energy_statistics_table_224_p46.csv,oil
2024_philippine_energy_situationer_and_key_energy_statistics_table_224_p46.csv,oil
2024_philippine_energy_situationer_and_key_energy_statistics_table_224_p46.csv,oil
2024_philippine_energy_situationer_and_key_energy_statistics_table_224_p46.csv,oil
2024_philippine_energy_situationer_and_key_energy_statistics_table_224_p46.csv,oil
2024_philippine_energy_situationer_and_key_energy_statistics_table_224_p46.csv,oil
2024_philippine_energy_situationer_and_key_energy_statistics_table_224_p46.csv,oil
2024_philippine_energy_situationer_and_key_energy_statistics_table_224_p46.csv,oil
2024_philippine_energy_situationer_and_key_energy_statistics_table_224_p46.csv,oil
2024_philippine_energy_situationer_and_key_energy_statistics_table_226_p47.csv,oil
2024_philippine_energy_situationer_and_key_energy_statistics_table_226_p47.csv,oil
2024_philippine_energy_situationer_and_key_energy_statistics_table_226_p47.csv,oil
2024_philippine_energy_situationer_and_key_energy_statistics_table_226_p47.csv,oil
2024_philippine_energy_situationer_and_key_energy_statistics_table_226_p47.csv,oil
2024_philippine_energy_situationer_and_key_energy_statistics_table_226_p47.csv,oil
2024_philippine_energy_situationer_and_key_energy_statistics_table_226_p47.csv,oil
2024_philippine_energy_situationer_and_key_energy_statistics_table_226_p47.csv,oil
2024_philippine_energy_situationer_and_key_energy_statistics_table_226_p47.csv,oil
2024_philippine_energy_situationer_and_key_energy_statistics_table_226_p47.csv,oil
2024_philippine_energy_situationer_and_key_energy_statistics_table_226_p47.csv,oil
2024_philippine_energy_situationer_and_key_energy_statistics_table_226_p47.csv,oil
2024_philippine_energy_situationer_and_key_energy_statistics_table_226_p47.csv,oil
2024_philippine_energy_situationer_and_key_energy_statistics_table_226_p47.csv,oil
2024_philippine_energy_situationer_and_key_energy_statistics_table_226_p47.csv,oil
2024_philippine_energy_situationer_and_key_energy_statistics_table_226_p47.csv,oil
2024_philippine_energy_situationer_and_key_energy_statistics_table_226_p47.csv,oil
2024_philippine_energy_situationer_and_key_energy_statistics_table_226_p47.csv,oil
2024_philippine_energy_situationer_and_key_energy_statistics_table_226_p47.csv,oil
2024_philippine_energy_situationer_and_key_energy_statistics_table_226_p47.csv,oil
2024_philippine_energy_situationer_and_key_energy_statistics_table_226_p47.csv,oil
2024_philippine_energy_situationer_and_key_energy_statistics_table_226_p47.csv,oil
2024_philippine_energy_situationer_and_key_energy_statistics_table_226_p47.csv,oil
2024_philippine_energy_situationer_and_key_energy_statistics_table_226_p47.csv,oil
2024_philippine_energy_situationer_and_key_energy_statistics_table_226_p47.csv,oil
2024_philippine_energy_situationer_and_key_energy_statistics_table_226_p47.csv,oil
2024_philippine_energy_situationer_and_key_energy_statistics_table_227_p49.csv,oil
2024_philippine_energy_situationer_and_key_energy_statistics_table_227_p49.csv,oil
2024_philippine_energy_situationer_and_key_energy_statistics_table_227_p49.csv,oil
2024_philippine_energy_situationer_and_key_energy_statistics_table_227_p49.csv,oil
2024_philippine_energy_situationer_and_key_energy_statistics_table_227_p49.csv,oil
2024_philippine_energy_situationer_and_key_energy_statistics_table_227_p49.csv,oil
2024_philippine_energy_situationer_and_key_energy_statistics_table_231_p54.csv,oil
2024_philippine_energy_situationer_and_key_energy_statistics_table_231_p54.csv,oil
2024_philippine_energy_situationer_and_key_energy_statistics_table_231_p54.csv,oil
2024_philippine_energy_situationer_and_key_energy_statistics_table_231_p54.csv,oil
2024_philippine_energy_situationer_and_key_energy_statistics_table_231_p54.csv,oil
2024_philippine_energy_situationer_and_key_energy_statistics_table_231_p54.csv,oil
2024_philippine_energy_situationer_and_key_energy_statistics_table_231_p54.csv,oil
2024_philippine_energy_situationer_and_key_energy_statistics_table_231_p54.csv,oil
2024_philippine_energy_situationer_and_key_energy_statistics_table_231_p54.csv,oil
2024_philippine_energy_situationer_and_key_energy_statistics_table_231_p54.csv,oil
2024_philippine_energy_situationer_and_key_energy_statistics_table_231_p54.csv,oil
2024_philippine_energy_situationer_and_key_energy_statistics_table_231_p54.csv,oil
2024_philippine_energy_situationer_and_key_energy_statistics_table_231_p54.csv,oil
2024_philippine_energy_situationer_and_key_energy_statistics_table_231_p54.csv,oil
2024_philippine_energy_situationer_and_key_energy_statistics_table_231_p54.csv,oil
2024_philippine_energy_situationer_and_key_energy_statistics_table_231_p54.csv,oil
2024_philippine_energy_situationer_and_key_energy_statistics_table_231_p54.csv,oil
2024_philippine_energy_situationer_and_key_energy_statistics_table_231_p54.csv,oil
2024_philippine_energy_situationer_and_key_energy_statistics_table_231_p54.csv,oil
2024_philippine_energy_situationer_and_key_energy_statistics_table_235_p58.csv,oil
2024_philippine_energy_situationer_and_key_energy_statistics_table_235_p58.csv,oil
2024_philippine_energy_situationer_and_key_energy_statistics_table_235_p58.csv,oil
2024_philippine_energy_situationer_and_key_energy_statistics_table_235_p58.csv,oil
2024_philippine_energy_situationer_and_key_energy_statistics_table_235_p58.csv,oil
2024_philippine_energy_situationer_and_key_energy_statistics_table_235_p58.csv,oil
2024_philippine_energy_situationer_and_key_energy_statistics_table_235_p58.csv,oil
2024_philippine_energy_situationer_and_key_energy_statistics_table_235_p58.csv,oil
2024_philippine_energy_situationer_and_key_energy_statistics_table_235_p58.csv,oil
2024_philippine_energy_situationer_and_key_energy_statistics_table_235_p58.csv,oil
2024_philippine_energy_situationer_and_key_energy_statistics_table_235_p58.csv,oil
2024_philippine_energy_situationer_and_key_energy_statistics_table_235_p58.csv,oil
2024_philippine_energy_situationer_and_key_energy_statistics_table_235_p58.csv,oil
2024_philippine_energy_situationer_and_key_energy_statistics_table_235_p58.csv,oil
2024_philippine_energy_situationer_and_key_energy_statistics_table_235_p58.csv,oil
2024_philippine_energy_situationer_and_key_energy_statistics_table_235_p58.csv,oil
2024_philippine_energy_situationer_and_key_energy_statistics_table_235_p58.csv,oil
2024_philippine_energy_situationer_and_key_energy_statistics_table_235_p58.csv,oil
2024_philippine_energy_situationer_and_key_energy_statistics_table_235_p58.csv,oil
2024_philippine_energy_situationer_and_key_energy_statistics_table_235_p58.csv,oil
2024_philippine_energy_situationer_and_key_energy_statistics_table_235_p58.csv,oil
2024_philippine_energy_situationer_and_key_energy_statistics_table_235_p58.csv,oil
2024_philippine_energy_situationer_and_key_energy_statistics_table_235_p58.csv,oil
2024_philippine_energy_situationer_and_key_energy_statistics_table_235_p58.csv,oil
2024_philippine_energy_situationer_and_key_energy_statistics_table_235_p58.csv,oil
2024_philippine_energy_situationer_and_key_energy_statistics_table_235_p58.csv,oil
2024_philippine_energy_situationer_and_key_energy_statistics_table_235_p58.csv,oil
2024_philippine_energy_situationer_and_key_energy_statistics_table_235_p58.csv,oil
2024_philippine_energy_situationer_and_key_energy_statistics_table_235_p58.csv,oil
2024_philippine_energy_situationer_and_key_energy_statistics_table_235_p58.csv,oil
2024_philippine_energy_situationer_and_key_energy_statistics_table_235_p58.csv,oil
2024_philippine_energy_situationer_and_key_energy_statistics_table_235_p58.csv,oil
2024_philippine_energy_situationer_and_key_energy_statistics_table_235_p58.csv,oil
2024_philippine_energy_situationer_and_key_energy_statistics_table_235_p58.csv,oil
2024_philippine_energy_situationer_and_key_energy_statistics_table_235_p58.csv,oil
2024_philippine_energy_situationer_and_key_energy_statistics_table_235_p58.csv,oil
2024_philippine_energy_situationer_and_key_energy_statistics_table_235_p58.csv,oil
2024_philippine_energy_situationer_and_key_energy_statistics_table_235_p58.csv,oil
2024_philippine_energy_situationer_and_key_energy_statistics_table_235_p58.csv,oil
2024_philippine_energy_situationer_and_key_energy_statistics_table_235_p58.csv,oil
2024_philippine_energy_situationer_and_key_energy_statistics_table_235_p58.csv,oil
2024_philippine_energy_situationer_and_key_energy_statistics_table_235_p58.csv,oil
2024_philippine_energy_situationer_and_key_energy_statistics_table_235_p58.csv,oil
2024_philippine_energy_situationer_and_key_energy_statistics_table_235_p58.csv,oil
2024_philippine_energy_situationer_and_key_energy_statistics_table_235_p58.csv,oil
2024_philippine_energy_situationer_and_key_energy_statistics_table_235_p58.csv,oil
2024_philippine_energy_situationer_and_key_energy_statistics_table_235_p58.csv,oil
2024_philippine_energy_situationer_and_key_energy_statistics_table_235_p58.csv,oil
2024_philippine_energy_situationer_and_key_energy_statistics_table_235_p58.csv,oil
2024_philippine_energy_situationer_and_key_energy_statistics_table_235_p58.csv,oil
2024_philippine_energy_situationer_and_key_energy_statistics_table_235_p58.csv,oil
2024_philippine_energy_situationer_and_key_energy_statistics_table_235_p58.csv,oil
2024_philippine_energy_situationer_and_key_energy_statistics_table_235_p58.csv,oil
2024_philippine_energy_situationer_and_key_energy_statistics_table_236_p59.csv,oil
2024_philippine_energy_situationer_and_key_energy_statistics_table_236_p59.csv,oil
2024_philippine_energy_situationer_and_key_energy_statistics_table_236_p59.csv,oil
2024_philippine_energy_situationer_and_key_energy_statistics_table_236_p59.csv,oil
2024_philippine_energy_situationer_and_key_energy_statistics_table_236_p59.csv,oil
2024_philippine_energy_situationer_and_key_energy_statistics_table_236_p59.csv,oil
2024_philippine_energy_situationer_and_key_energy_statistics_table_236_p59.csv,oil
2024_philippine_energy_situationer_and_key_energy_statistics_table_236_p59.csv,oil
2024_philippine_energy_situationer_and_key_energy_statistics_table_236_p59.csv,oil
2024_philippine_energy_situationer_and_key_energy_statistics_table_236_p59.csv,oil
2024_philippine_energy_situationer_and_key_energy_statistics_table_236_p59.csv,oil
2024_philippine_energy_situationer_and_key_energy_statistics_table_236_p59.csv,oil
2024_philippine_energy_situationer_and_key_energy_statistics_table_236_p59.csv,oil
2024_philippine_energy_situationer_and_key_energy_statistics_table_236_p59.csv,oil
2024_philippine_energy_situationer_and_key_energy_statistics_table_236_p59.csv,oil
2024_philippine_energy_situationer_and_key_energy_statistics_table_236_p59.csv,oil
2024_philippine_energy_situationer_and_key_energy_statistics_table_236_p59.csv,oil
2024_philippine_energy_situationer_and_key_energy_statistics_table_236_p59.csv,oil
2024_philippine_energy_situationer_and_key_energy_statistics_table_236_p59.csv,oil
2024_philippine_energy_situationer_and_key_energy_statistics_table_236_p59.csv,oil
2024_philippine_energy_situationer_and_key_energy_statistics_table_236_p59.csv,oil
2024_philippine_energy_situationer_and_key_energy_statistics_table_236_p59.csv,oil
2024_philippine_energy_situationer_and_key_energy_statistics_table_236_p59.csv,oil
2024_philippine_energy_situationer_and_key_energy_statistics_table_236_p59.csv,oil
2024_philippine_energy_situationer_and_key_energy_statistics_table_236_p59.csv,oil
2024_philippine_energy_situationer_and_key_energy_statistics_table_236_p59.csv,oil
2024_philippine_energy_situationer_and_key_energy_statistics_table_236_p59.csv,oil
2024_philippine_energy_situationer_and_key_energy_statistics_table_236_p59.csv,oil
2024_philippine_energy_situationer_and_key_energy_statistics_table_236_p59.csv,oil
2024_philippine_energy_situationer_and_key_energy_statistics_table_236_p59.csv,oil
2024_philippine_energy_situationer_and_key_energy_statistics_table_236_p59.csv,oil
2024_philippine_energy_situationer_and_key_energy_statistics_table_236_p59.csv,oil
2024_philippine_energy_situationer_and_key_energy_statistics_table_236_p59.csv,oil
2024_philippine_energy_situationer_and_key_energy_statistics_table_236_p59.csv,oil
2024_philippine_energy_situationer_and_key_energy_statistics_table_236_p59.csv,oil
2024_philippine_energy_situationer_and_key_energy_statistics_table_236_p59.csv,oil
2024_philippine_energy_situationer_and_key_energy_statistics_table_236_p59.csv,oil
2024_philippine_energy_situationer_and_key_energy_statistics_table_236_p59.csv,oil
2024_philippine_energy_situationer_and_key_energy_statistics_table_236_p59.csv,oil
2024_philippine_energy_situationer_and_key_energy_statistics_table_236_p59.csv,oil
2024_philippine_energy_situationer_and_key_energy_statistics_table_236_p59.csv,oil
2024_philippine_energy_situationer_and_key_energy_statistics_table_236_p59.csv,oil
2024_philippine_energy_situationer_and_key_energy_statistics_table_236_p59.csv,oil
2024_philippine_energy_situationer_and_key_energy_statistics_table_236_p59.csv,oil
2024_philippine_energy_situationer_and_key_energy_statistics_table_236_p59.csv,oil
2024_philippine_energy_situationer_and_key_energy_statistics_table_236_p59.csv,oil
2024_philippine_energy_situationer_and_key_energy_statistics_table_236_p59.csv,oil
2024_philippine_energy_situationer_and_key_energy_statistics_table_236_p59.csv,oil
2024_philippine_energy_situationer_and_key_energy_statistics_table_236_p59.csv,oil
2024_philippine_energy_situationer_and_key_energy_statistics_table_236_p59.csv,oil
2024_philippine_energy_situationer_and_key_energy_statistics_table_236_p59.csv,oil
2024_philippine_energy_situationer_and_key_energy_statistics_table_236_p59.csv,oil
2024_philippine_energy_situationer_and_key_energy_statistics_table_236_p59.csv,oil
2024_philippine_energy_situationer_and_key_energy_statistics_table_237_p60.csv,oil
2024_philippine_energy_situationer_and_key_energy_statistics_table_237_p60.csv,oil
2024_philippine_energy_situationer_and_key_energy_statistics_table_237_p60.csv,oil
2024_philippine_energy_situationer_and_key_energy_statistics_table_237_p60.csv,oil
2024_philippine_energy_situationer_and_key_energy_statistics_table_237_p60.csv,oil
2024_philippine_energy_situationer_and_key_energy_statistics_table_237_p60.csv,oil
2024_philippine_energy_situationer_and_key_energy_statistics_table_237_p60.csv,oil
2024_philippine_energy_situationer_and_key_energy_statistics_table_237_p60.csv,oil
2024_philippine_energy_situationer_and_key_energy_statistics_table_237_p60.csv,oil
2024_philippine_energy_situationer_and_key_energy_statistics_table_237_p60.csv,oil
2024_philippine_energy_situationer_and_key_energy_statistics_table_237_p60.csv,oil
2024_philippine_energy_situationer_and_key_energy_statistics_table_237_p60.csv,oil
2024_philippine_energy_situationer_and_key_energy_statistics_table_237_p60.csv,oil
2024_philippine_energy_situationer_and_key_energy_statistics_table_237_p60.csv,oil
2024_philippine_energy_situationer_and_key_energy_statistics_table_237_p60.csv,oil
2024_philippine_energy_situationer_and_key_energy_statistics_table_237_p60.csv,oil
2024_philippine_energy_situationer_and_key_energy_statistics_table_237_p60.csv,oil
2024_philippine_energy_situationer_and_key_energy_statistics_table_237_p60.csv,oil
2024_philippine_energy_situationer_and_key_energy_statistics_table_237_p60.csv,oil
2024_philippine_energy_situationer_and_key_energy_statistics_table_237_p60.csv,oil
2024_philippine_energy_situationer_and_key_energy_statistics_table_237_p60.csv,oil
2024_philippine_energy_situationer_and_key_energy_statistics_table_253_p76.csv,oil
2024_philippine_energy_situationer_and_key_energy_statistics_table_253_p76.csv,oil
2024_philippine_energy_situationer_and_key_energy_statistics_table_253_p76.csv,oil
2024_philippine_energy_situationer_and_key_energy_statistics_table_253_p76.csv,oil
2024_philippine_energy_situationer_and_key_energy_statistics_table_253_p76.csv,oil
2024_philippine_energy_situationer_and_key_energy_statistics_table_253_p76.csv,oil
2024_philippine_energy_situationer_and_key_energy_statistics_table_253_p76.csv,oil
2024_philippine_energy_situationer_and_key_energy_statistics_table_253_p76.csv,oil
2024_philippine_energy_situationer_and_key_energy_statistics_table_253_p76.csv,oil
2024_philippine_energy_situationer_and_key_energy_statistics_table_253_p76.csv,oil
2024_philippine_energy_situationer_and_key_energy_statistics_table_253_p76.csv,oil
2024_philippine_energy_situationer_and_key_energy_statistics_table_253_p76.csv,oil
2024_philippine_energy_situationer_and_key_energy_statistics_table_253_p76.csv,oil
2024_philippine_energy_situationer_and_key_energy_statistics_table_253_p76.csv,oil
2024_philippine_energy_situationer_and_key_energy_statistics_table_254_p77.csv,oil
2024_philippine_energy_situationer_and_key_energy_statistics_table_254_p77.csv,oil
2024_philippine_energy_situationer_and_key_energy_statistics_table_254_p77.csv,oil
2024_philippine_energy_situationer_and_key_energy_statistics_table_254_p77.csv,oil
2024_philippine_energy_situationer_and_key_energy_statistics_table_254_p77.csv,oil
2024_philippine_energy_situationer_and_key_energy_statistics_table_254_p77.csv,oil
2024_philippine_energy_situationer_and_key_energy_statistics_table_254_p77.csv,oil
2024_philippine_energy_situationer_and_key_energy_statistics_table_254_p77.csv,oil
2024_philippine_energy_situationer_and_key_energy_statistics_table_254_p77.csv,oil
2024_philippine_energy_situationer_and_key_energy_statistics_table_254_p77.csv,oil
2024_philippine_energy_situationer_and_key_energy_statistics_table_254_p77.csv,oil
2024_philippine_energy_situationer_and_key_energy_statistics_table_254_p77.csv,oil
2024_philippine_energy_situationer_and_key_energy_statistics_table_254_p77.csv,oil
2024_philippine_energy_situationer_and_key_energy_statistics_table_254_p77.csv,oil
2024_philippine_energy_situationer_and_key_energy_statistics_table_254_p77.csv,oil
2024_philippine_energy_situationer_and_key_energy_statistics_table_254_p77.csv,oil
2024_philippine_energy_situationer_and_key_energy_statistics_table_254_p77.csv,oil
2024_philippine_energy_situationer_and_key_energy_statistics_table_254_p77.csv,oil
2024_philippine_energy_situationer_and_key_energy_statistics_table_254_p77.csv,oil
2024_philippine_energy_situationer_and_key_energy_statistics_table_254_p77.csv,oil
2024_philippine_energy_situationer_and_key_energy_statistics_table_254_p77.csv,oil
2024_philippine_energy_situationer_and_key_energy_statistics_table_254_p77.csv,oil
2024_philippine_energy_situationer_and_key_energy_statistics_table_254_p77.csv,oil
2024_philippine_energy_situationer_and_key_energy_statistics_table_254_p77.csv,oil
2024_philippine_energy_situationer_and_key_energy_statistics_table_254_p77.csv,oil
2024_philippine_energy_situationer_and_key_energy_statistics_table_254_p77.csv,oil
2024_philippine_energy_situationer_and_key_energy_statistics_table_254_p77.csv,oil
2024_philippine_energy_situationer_and_key_energy_statistics_table_254_p77.csv,oil
2024_philippine_energy_situationer_and_key_energy_statistics_table_254_p77.csv,oil
2024_philippine_energy_situationer_and_key_energy_statistics_table_256_p79.csv,oil
2024_philippine_energy_situationer_and_key_energy_statistics_table_256_p79.csv,oil
2024_philippine_energy_situationer_and_key_energy_statistics_table_256_p79.csv,oil
final_11_20_25_doe_key_energy_stat_pocket_size_2024_table_004_p7.csv,oil
final_11_20_25_doe_key_energy_stat_pocket_size_2024_table_004_p7.csv,oil
final_11_20_25_doe_key_energy_stat_pocket_size_2024_table_004_p7.csv,oil
final_11_20_25_doe_key_energy_stat_pocket_size_2024_table_004_p7.csv,oil
final_11_20_25_doe_key_energy_stat_pocket_size_2024_table_004_p7.csv,oil
final_11_20_25_doe_key_energy_stat_pocket_size_2024_table_004_p7.csv,oil
final_11_20_25_doe_key_energy_stat_pocket_size_2024_table_004_p7.csv,oil
final_11_20_25_doe_key_energy_stat_pocket_size_2024_table_007_p10.csv,oil
final_11_20_25_doe_key_energy_stat_pocket_size_2024_table_007_p10.csv,oil
final_11_20_25_doe_key_energy_stat_pocket_size_2024_table_007_p10.csv,oil
final_11_20_25_doe_key_energy_stat_pocket_size_2024_table_007_p10.csv,oil
final_11_20_25_doe_key_energy_stat_pocket_size_2024_table_007_p10.csv,oil
final_11_20_25_doe_key_energy_stat_pocket_size_2024_table_010_p12.csv,oil
final_11_20_25_doe_key_energy_stat_pocket_size_2024_table_010_p12.csv,oil
final_11_20_25_doe_key_energy_stat_pocket_size_2024_table_010_p12.csv,oil
final_11_20_25_doe_key_energy_stat_pocket_size_2024_table_010_p12.csv,oil
final_11_20_25_doe_key_energy_stat_pocket_size_2024_table_010_p12.csv,oil
final_11_20_25_doe_key_energy_stat_pocket_size_2024_table_010_p12.csv,oil
final_11_20_25_doe_key_energy_stat_pocket_size_2024_table_010_p12.csv,oil
final_11_20_25_doe_key_energy_stat_pocket_size_2024_table_010_p12.csv,oil
final_11_20_25_doe_key_energy_stat_pocket_size_2024_table_010_p12.csv,oil
final_11_20_25_doe_key_energy_stat_pocket_size_2024_table_010_p12.csv,oil
final_11_20_25_doe_key_energy_stat_pocket_size_2024_table_010_p12.csv,oil
final_11_20_25_doe_key_energy_stat_pocket_size_2024_table_010_p12.csv,oil
final_11_20_25_doe_key_energy_stat_pocket_size_2024_table_010_p12.csv,oil
final_11_20_25_doe_key_energy_stat_pocket_size_2024_table_010_p12.csv,oil
final_11_20_25_doe_key_energy_stat_pocket_size_2024_table_010_p12.csv,oil
final_11_20_25_doe_key_energy_stat_pocket_size_2024_table_010_p12.csv,oil
final_11_20_25_doe_key_energy_stat_pocket_size_2024_table_010_p12.csv,oil
final_11_20_25_doe_key_energy_stat_pocket_size_2024_table_010_p12.csv,oil
final_11_20_25_doe_key_energy_stat_pocket_size_2024_table_010_p12.csv,oil
final_11_20_25_doe_key_energy_stat_pocket_size_2024_table_010_p12.csv,oil
final_11_20_25_doe_key_energy_stat_pocket_size_2024_table_011_p13.csv,oil
final_11_20_25_doe_key_energy_stat_pocket_size_2024_table_011_p13.csv,oil
final_11_20_25_doe_key_energy_stat_pocket_size_2024_table_011_p13.csv,oil
final_11_20_25_doe_key_energy_stat_pocket_size_2024_table_011_p13.csv,oil
final_11_20_25_doe_key_energy_stat_pocket_size_2024_table_011_p13.csv,oil
final_11_20_25_doe_key_energy_stat_pocket_size_2024_table_011_p13.csv,oil
final_11_20_25_doe_key_energy_stat_pocket_size_2024_table_011_p13.csv,oil
final_11_20_25_doe_key_energy_stat_pocket_size_2024_table_011_p13.csv,oil
final_11_20_25_doe_key_energy_stat_pocket_size_2024_table_011_p13.csv,oil
final_11_20_25_doe_key_energy_stat_pocket_size_2024_table_011_p13.csv,oil
final_11_20_25_doe_key_energy_stat_pocket_size_2024_table_011_p13.csv,oil
final_11_20_25_doe_key_energy_stat_pocket_size_2024_table_011_p13.csv,oil
final_11_20_25_doe_key_energy_stat_pocket_size_2024_table_011_p13.csv,oil
final_11_20_25_doe_key_energy_stat_pocket_size_2024_table_011_p13.csv,oil
final_11_20_25_doe_key_energy_stat_pocket_size_2024_table_011_p13.csv,oil
final_11_20_25_doe_key_energy_stat_pocket_size_2024_table_011_p13.csv,oil
final_11_20_25_doe_key_energy_stat_pocket_size_2024_table_012_p14.csv,oil
final_11_20_25_doe_key_energy_stat_pocket_size_2024_table_012_p14.csv,oil
final_11_20_25_doe_key_energy_stat_pocket_size_2024_table_012_p14.csv,oil
final_11_20_25_doe_key_energy_stat_pocket_size_2024_table_012_p14.csv,oil
final_11_20_25_doe_key_energy_stat_pocket_size_2024_table_012_p14.csv,oil
final_11_20_25_doe_key_energy_stat_pocket_size_2024_table_012_p14.csv,oil
final_11_20_25_doe_key_energy_stat_pocket_size_2024_table_012_p14.csv,oil
final_11_20_25_doe_key_energy_stat_pocket_size_2024_table_012_p14.csv,oil
final_11_20_25_doe_key_energy_stat_pocket_size_2024_table_012_p14.csv,oil
final_11_20_25_doe_key_energy_stat_pocket_size_2024_table_012_p14.csv,oil
final_11_20_25_doe_key_energy_stat_pocket_size_2024_table_012_p14.csv,oil
final_11_20_25_doe_key_energy_stat_pocket_size_2024_table_012_p14.csv,oil
final_11_20_25_doe_key_energy_stat_pocket_size_2024_table_012_p14.csv,oil
final_11_20_25_doe_key_energy_stat_pocket_size_2024_table_012_p14.csv,oil
final_11_20_25_doe_key_energy_stat_pocket_size_2024_table_012_p14.csv,oil
final_11_20_25_doe_key_energy_stat_pocket_size_2024_table_012_p14.csv,oil
final_11_20_25_doe_key_energy_stat_pocket_size_2024_table_012_p14.csv,oil
final_11_20_25_doe_key_energy_stat_pocket_size_2024_table_012_p14.csv,oil
final_11_20_25_doe_key_energy_stat_pocket_size_2024_table_012_p14.csv,oil
final_11_20_25_doe_key_energy_stat_pocket_size_2024_table_012_p14.csv,oil
final_11_20_25_doe_key_energy_stat_pocket_size_2024_table_013_p15.csv,oil
final_11_20_25_doe_key_energy_stat_pocket_size_2024_table_013_p15.csv,oil
final_11_20_25_doe_key_energy_stat_pocket_size_2024_table_013_p15.csv,oil
final_11_20_25_doe_key_energy_stat_pocket_size_2024_table_013_p15.csv,oil
final_11_20_25_doe_key_energy_stat_pocket_size_2024_table_013_p15.csv,oil
final_11_20_25_doe_key_energy_stat_pocket_size_2024_table_013_p15.csv,oil
final_11_20_25_doe_key_energy_stat_pocket_size_2024_table_013_p15.csv,oil
final_11_20_25_doe_key_energy_stat_pocket_size_2024_table_013_p15.csv,oil
final_11_20_25_doe_key_energy_stat_pocket_size_2024_table_013_p15.csv,oil
final_11_20_25_doe_key_energy_stat_pocket_size_2024_table_013_p15.csv,oil
final_11_20_25_doe_key_energy_stat_pocket_size_2024_table_013_p15.csv,oil
final_11_20_25_doe_key_energy_stat_pocket_size_2024_table_013_p15.csv,oil
final_11_20_25_doe_key_energy_stat_pocket_size_2024_table_013_p15.csv,oil
final_11_20_25_doe_key_energy_stat_pocket_size_2024_table_013_p15.csv,oil
final_11_20_25_doe_key_energy_stat_pocket_size_2024_table_013_p15.csv,oil
final_11_20_25_doe_key_energy_stat_pocket_size_2024_table_013_p15.csv,oil
final_11_20_25_doe_key_energy_stat_pocket_size_2024_table_013_p15.csv,oil
final_11_20_25_doe_key_energy_stat_pocket_size_2024_table_013_p15.csv,oil
final_11_20_25_doe_key_energy_stat_pocket_size_2024_table_013_p15.csv,oil
final_11_20_25_doe_key_energy_stat_pocket_size_2024_table_015_p17.csv,oil
final_11_20_25_doe_key_energy_stat_pocket_size_2024_table_015_p17.csv,oil
final_11_20_25_doe_key_energy_stat_pocket_size_2024_table_015_p17.csv,oil
final_11_20_25_doe_key_energy_stat_pocket_size_2024_table_015_p17.csv,oil
final_11_20_25_doe_key_energy_stat_pocket_size_2024_table_015_p17.csv,oil
final_11_20_25_doe_key_energy_stat_pocket_size_2024_table_015_p17.csv,oil
final_11_20_25_doe_key_energy_stat_pocket_size_2024_table_015_p17.csv,oil
final_11_20_25_doe_key_energy_stat_pocket_size_2024_table_018_p21.csv,oil
final_11_20_25_doe_key_energy_stat_pocket_size_2024_table_018_p21.csv,oil
final_11_20_25_doe_key_energy_stat_pocket_size_2024_table_018_p21.csv,oil
final_11_20_25_doe_key_energy_stat_pocket_size_2024_table_018_p21.csv,oil
final_11_20_25_doe_key_energy_stat_pocket_size_2024_table_018_p21.csv,oil
final_11_20_25_doe_key_energy_stat_pocket_size_2024_table_018_p21.csv,oil
final_11_20_25_doe_key_energy_stat_pocket_size_2024_table_018_p21.csv,oil
final_11_20_25_doe_key_energy_stat_pocket_size_2024_table_018_p21.csv,oil
final_11_20_25_doe_key_energy_stat_pocket_size_2024_table_022_p25.csv,oil
final_11_20_25_doe_key_energy_stat_pocket_size_2024_table_022_p25.csv,oil
final_11_20_25_doe_key_energy_stat_pocket_size_2024_table_022_p25.csv,oil
final_11_20_25_doe_key_energy_stat_pocket_size_2024_table_022_p25.csv,oil
final_11_20_25_doe_key_energy_stat_pocket_size_2024_table_022_p25.csv,oil
final_11_20_25_doe_key_energy_stat_pocket_size_2024_table_022_p25.csv,oil
final_11_20_25_doe_key_energy_stat_pocket_size_2024_table_022_p25.csv,oil
final_11_20_25_doe_key_energy_stat_pocket_size_2024_table_022_p25.csv,oil
final_11_20_25_doe_key_energy_stat_pocket_size_2024_table_022_p25.csv,oil
final_11_20_25_doe_key_energy_stat_pocket_size_2024_table_022_p25.csv,oil
final_11_20_25_doe_key_energy_stat_pocket_size_2024_table_022_p25.csv,oil
final_11_20_25_doe_key_energy_stat_pocket_size_2024_table_022_p25.csv,oil
final_11_20_25_doe_key_energy_stat_pocket_size_2024_table_022_p25.csv,oil
final_11_20_25_doe_key_energy_stat_pocket_size_2024_table_022_p25.csv,oil
final_11_20_25_doe_key_energy_stat_pocket_size_2024_table_022_p25.csv,oil
final_11_20_25_doe_key_energy_stat_pocket_size_2024_table_022_p25.csv,oil
final_11_20_25_doe_key_energy_stat_pocket_size_2024_table_022_p25.csv,oil
final_11_20_25_doe_key_energy_stat_pocket_size_2024_table_023_p26.csv,oil
final_11_20_25_doe_key_energy_stat_pocket_size_2024_table_023_p26.csv,oil
final_11_20_25_doe_key_energy_stat_pocket_size_2024_table_023_p26.csv,oil
final_11_20_25_doe_key_energy_stat_pocket_size_2024_table_023_p26.csv,oil
final_11_20_25_doe_key_energy_stat_pocket_size_2024_table_023_p26.csv,oil
final_11_20_25_doe_key_energy_stat_pocket_size_2024_table_023_p26.csv,oil
final_11_20_25_doe_key_energy_stat_pocket_size_2024_table_023_p26.csv,oil
final_11_20_25_doe_key_energy_stat_pocket_size_2024_table_023_p26.csv,oil
final_11_20_25_doe_key_energy_stat_pocket_size_2024_table_023_p26.csv,oil
final_11_20_25_doe_key_energy_stat_pocket_size_2024_table_023_p26.csv,oil
final_11_20_25_doe_key_energy_stat_pocket_size_2024_table_023_p26.csv,oil
final_11_20_25_doe_key_energy_stat_pocket_size_2024_table_023_p26.csv,oil
final_11_20_25_doe_key_energy_stat_pocket_size_2024_table_023_p26.csv,oil
final_11_20_25_doe_key_energy_stat_pocket_size_2024_table_023_p26.csv,oil
final_11_20_25_doe_key_energy_stat_pocket_size_2024_table_023_p26.csv,oil
final_11_20_25_doe_key_energy_stat_pocket_size_2024_table_023_p26.csv,oil
final_11_20_25_doe_key_energy_stat_pocket_size_2024_table_023_p26.csv,oil
final_11_20_25_doe_key_energy_stat_pocket_size_2024_table_025_p28.csv,oil
final_11_20_25_doe_key_energy_stat_pocket_size_2024_table_025_p28.csv,oil
final_11_20_25_doe_key_energy_stat_pocket_size_2024_table_025_p28.csv,oil
final_11_20_25_doe_key_energy_stat_pocket_size_2024_table_025_p28.csv,oil
final_11_20_25_doe_key_energy_stat_pocket_size_2024_table_025_p28.csv,oil
final_11_20_25_doe_key_energy_stat_pocket_size_2024_table_025_p28.csv,oil
final_11_20_25_doe_key_energy_stat_pocket_size_2024_table_025_p28.csv,oil
final_11_20_25_doe_key_energy_stat_pocket_size_2024_table_025_p28.csv,oil
final_11_20_25_doe_key_energy_stat_pocket_size_2024_table_025_p28.csv,oil
final_11_20_25_doe_key_energy_stat_pocket_size_2024_table_025_p28.csv,oil
final_11_20_25_doe_key_energy_stat_pocket_size_2024_table_054_p57.csv,oil
final_11_20_25_doe_key_energy_stat_pocket_size_2024_table_054_p57.csv,oil
final_11_20_25_doe_key_energy_stat_pocket_size_2024_table_054_p57.csv,oil
final_11_20_25_doe_key_energy_stat_pocket_size_2024_table_054_p57.csv,oil
final_11_20_25_doe_key_energy_stat_pocket_size_2024_table_054_p57.csv,oil
final_11_20_25_doe_key_energy_stat_pocket_size_2024_table_054_p57.csv,oil
final_11_20_25_doe_key_energy_stat_pocket_size_2024_table_054_p57.csv,oil
final_11_20_25_doe_key_energy_stat_pocket_size_2024_table_054_p57.csv,oil
final_11_20_25_doe_key_energy_stat_pocket_size_2024_table_054_p57.csv,oil
final_11_20_25_doe_key_energy_stat_pocket_size_2024_table_054_p57.csv,oil
final_11_20_25_doe_key_energy_stat_pocket_size_2024_table_054_p57.csv,oil
final_11_20_25_doe_key_energy_stat_pocket_size_2024_table_054_p57.csv,oil
final_11_20_25_doe_key_energy_stat_pocket_size_2024_table_054_p57.csv,oil
final_11_20_25_doe_key_energy_stat_pocket_size_2024_table_054_p57.csv,oil
final_11_20_25_doe_key_energy_stat_pocket_size_2024_table_054_p57.csv,oil
final_11_20_25_doe_key_energy_stat_pocket_size_2024_table_074_p7.csv,oil
final_11_20_25_doe_key_energy_stat_pocket_size_2024_table_074_p7.csv,oil
final_11_20_25_doe_key_energy_stat_pocket_size_2024_table_074_p7.csv,oil
final_11_20_25_doe_key_energy_stat_pocket_size_2024_table_074_p7.csv,oil
final_11_20_25_doe_key_energy_stat_pocket_size_2024_table_074_p7.csv,oil
final_11_20_25_doe_key_energy_stat_pocket_size_2024_table_074_p7.csv,oil
final_11_20_25_doe_key_energy_stat_pocket_size_2024_table_074_p7.csv,oil
final_11_20_25_doe_key_energy_stat_pocket_size_2024_table_074_p7.csv,oil
final_11_20_25_doe_key_energy_stat_pocket_size_2024_table_080_p12.csv,oil
final_11_20_25_doe_key_energy_stat_pocket_size_2024_table_080_p12.csv,oil
final_11_20_25_doe_key_energy_stat_pocket_size_2024_table_080_p12.csv,oil
final_11_20_25_doe_key_energy_stat_pocket_size_2024_table_080_p12.csv,oil
final_11_20_25_doe_key_energy_stat_pocket_size_2024_table_080_p12.csv,oil
final_11_20_25_doe_key_energy_stat_pocket_size_2024_table_080_p12.csv,oil
final_11_20_25_doe_key_energy_stat_pocket_size_2024_table_080_p12.csv,oil
final_11_20_25_doe_key_energy_stat_pocket_size_2024_table_080_p12.csv,oil
final_11_20_25_doe_key_energy_stat_pocket_size_2024_table_080_p12.csv,oil
final_11_20_25_doe_key_energy_stat_pocket_size_2024_table_080_p12.csv,oil
final_11_20_25_doe_key_energy_stat_pocket_size_2024_table_080_p12.csv,oil
final_11_20_25_doe_key_energy_stat_pocket_size_2024_table_080_p12.csv,oil
final_11_20_25_doe_key_energy_stat_pocket_size_2024_table_080_p12.csv,oil
final_11_20_25_doe_key_energy_stat_pocket_size_2024_table_080_p12.csv,oil
final_11_20_25_doe_key_energy_stat_pocket_size_2024_table_080_p12.csv,oil
final_11_20_25_doe_key_energy_stat_pocket_size_2024_table_080_p12.csv,oil
final_11_20_25_doe_key_energy_stat_pocket_size_2024_table_080_p12.csv,oil
final_11_20_25_doe_key_energy_stat_pocket_size_2024_table_080_p12.csv,oil
final_11_20_25_doe_key_energy_stat_pocket_size_2024_table_080_p12.csv,oil
final_11_20_25_doe_key_energy_stat_pocket_size_2024_table_080_p12.csv,oil
final_11_20_25_doe_key_energy_stat_pocket_size_2024_table_081_p13.csv,oil
final_11_20_25_doe_key_energy_stat_pocket_size_2024_table_081_p13.csv,oil
final_11_20_25_doe_key_energy_stat_pocket_size_2024_table_081_p13.csv,oil
final_11_20_25_doe_key_energy_stat_pocket_size_2024_table_081_p13.csv,oil
final_11_20_25_doe_key_energy_stat_pocket_size_2024_table_081_p13.csv,oil
final_11_20_25_doe_key_energy_stat_pocket_size_2024_table_081_p13.csv,oil
final_11_20_25_doe_key_energy_stat_pocket_size_2024_table_081_p13.csv,oil
final_11_20_25_doe_key_energy_stat_pocket_size_2024_table_081_p13.csv,oil
final_11_20_25_doe_key_energy_stat_pocket_size_2024_table_081_p13.csv,oil
final_11_20_25_doe_key_energy_stat_pocket_size_2024_table_081_p13.csv,oil
final_11_20_25_doe_key_energy_stat_pocket_size_2024_table_081_p13.csv,oil
final_11_20_25_doe_key_energy_stat_pocket_size_2024_table_081_p13.csv,oil
final_11_20_25_doe_key_energy_stat_pocket_size_2024_table_081_p13.csv,oil
final_11_20_25_doe_key_energy_stat_pocket_size_2024_table_081_p13.csv,oil
final_11_20_25_doe_key_energy_stat_pocket_size_2024_table_081_p13.csv,oil
final_11_20_25_doe_key_energy_stat_pocket_size_2024_table_081_p13.csv,oil
final_11_20_25_doe_key_energy_stat_pocket_size_2024_table_082_p14.csv,oil
final_11_20_25_doe_key_energy_stat_pocket_size_2024_table_082_p14.csv,oil
final_11_20_25_doe_key_energy_stat_pocket_size_2024_table_082_p14.csv,oil
final_11_20_25_doe_key_energy_stat_pocket_size_2024_table_082_p14.csv,oil
final_11_20_25_doe_key_energy_stat_pocket_size_2024_table_082_p14.csv,oil
final_11_20_25_doe_key_energy_stat_pocket_size_2024_table_082_p14.csv,oil
final_11_20_25_doe_key_energy_stat_pocket_size_2024_table_082_p14.csv,oil
final_11_20_25_doe_key_energy_stat_pocket_size_2024_table_082_p14.csv,oil
final_11_20_25_doe_key_energy_stat_pocket_size_2024_table_082_p14.csv,oil
final_11_20_25_doe_key_energy_stat_pocket_size_2024_table_082_p14.csv,oil
final_11_20_25_doe_key_energy_stat_pocket_size_2024_table_082_p14.csv,oil
final_11_20_25_doe_key_energy_stat_pocket_size_2024_table_082_p14.csv,oil
final_11_20_25_doe_key_energy_stat_pocket_size_2024_table_082_p14.csv,oil
final_11_20_25_doe_key_energy_stat_pocket_size_2024_table_082_p14.csv,oil
final_11_20_25_doe_key_energy_stat_pocket_size_2024_table_082_p14.csv,oil
final_11_20_25_doe_key_energy_stat_pocket_size_2024_table_082_p14.csv,oil
final_11_20_25_doe_key_energy_stat_pocket_size_2024_table_082_p14.csv,oil
final_11_20_25_doe_key_energy_stat_pocket_size_2024_table_082_p14.csv,oil
final_11_20_25_doe_key_energy_stat_pocket_size_2024_table_082_p14.csv,oil
final_11_20_25_doe_key_energy_stat_pocket_size_2024_table_082_p14.csv,oil
final_11_20_25_doe_key_energy_stat_pocket_size_2024_table_083_p15.csv,oil
final_11_20_25_doe_key_energy_stat_pocket_size_2024_table_083_p15.csv,oil
final_11_20_25_doe_key_energy_stat_pocket_size_2024_table_083_p15.csv,oil
final_11_20_25_doe_key_energy_stat_pocket_size_2024_table_083_p15.csv,oil
final_11_20_25_doe_key_energy_stat_pocket_size_2024_table_083_p15.csv,oil
final_11_20_25_doe_key_energy_stat_pocket_size_2024_table_083_p15.csv,oil
final_11_20_25_doe_key_energy_stat_pocket_size_2024_table_083_p15.csv,oil
final_11_20_25_doe_key_energy_stat_pocket_size_2024_table_083_p15.csv,oil
final_11_20_25_doe_key_energy_stat_pocket_size_2024_table_083_p15.csv,oil
final_11_20_25_doe_key_energy_stat_pocket_size_2024_table_083_p15.csv,oil
final_11_20_25_doe_key_energy_stat_pocket_size_2024_table_083_p15.csv,oil
final_11_20_25_doe_key_energy_stat_pocket_size_2024_table_083_p15.csv,oil
final_11_20_25_doe_key_energy_stat_pocket_size_2024_table_083_p15.csv,oil
final_11_20_25_doe_key_energy_stat_pocket_size_2024_table_083_p15.csv,oil
final_11_20_25_doe_key_energy_stat_pocket_size_2024_table_083_p15.csv,oil
final_11_20_25_doe_key_energy_stat_pocket_size_2024_table_083_p15.csv,oil
final_11_20_25_doe_key_energy_stat_pocket_size_2024_table_083_p15.csv,oil
final_11_20_25_doe_key_energy_stat_pocket_size_2024_table_083_p15.csv,oil
final_11_20_25_doe_key_energy_stat_pocket_size_2024_table_083_p15.csv,oil
final_11_20_25_doe_key_energy_stat_pocket_size_2024_table_088_p21.csv,oil
final_11_20_25_doe_key_energy_stat_pocket_size_2024_table_088_p21.csv,oil
final_11_20_25_doe_key_energy_stat_pocket_size_2024_table_088_p21.csv,oil
final_11_20_25_doe_key_energy_stat_pocket_size_2024_table_088_p21.csv,oil
final_11_20_25_doe_key_energy_stat_pocket_size_2024_table_088_p21.csv,oil
final_11_20_25_doe_key_energy_stat_pocket_size_2024_table_088_p21.csv,oil
final_11_20_25_doe_key_energy_stat_pocket_size_2024_table_088_p21.csv,oil
final_11_20_25_doe_key_energy_stat_pocket_size_2024_table_088_p21.csv,oil
final_11_20_25_doe_key_energy_stat_pocket_size_2024_table_088_p21.csv,oil
final_11_20_25_doe_key_energy_stat_pocket_size_2024_table_091_p24.csv,oil
final_11_20_25_doe_key_energy_stat_pocket_size_2024_table_091_p24.csv,oil
final_11_20_25_doe_key_energy_stat_pocket_size_2024_table_091_p24.csv,oil
final_11_20_25_doe_key_energy_stat_pocket_size_2024_table_091_p24.csv,oil
final_11_20_25_doe_key_energy_stat_pocket_size_2024_table_091_p24.csv,oil
final_11_20_25_doe_key_energy_stat_pocket_size_2024_table_091_p24.csv,oil
final_11_20_25_doe_key_energy_stat_pocket_size_2024_table_091_p24.csv,oil
final_11_20_25_doe_key_energy_stat_pocket_size_2024_table_091_p24.csv,oil
final_11_20_25_doe_key_energy_stat_pocket_size_2024_table_091_p24.csv,oil
final_11_20_25_doe_key_energy_stat_pocket_size_2024_table_091_p24.csv,oil
final_11_20_25_doe_key_energy_stat_pocket_size_2024_table_091_p24.csv,oil
final_11_20_25_doe_key_energy_stat_pocket_size_2024_table_091_p24.csv,oil
final_11_20_25_doe_key_energy_stat_pocket_size_2024_table_091_p24.csv,oil
final_11_20_25_doe_key_energy_stat_pocket_size_2024_table_091_p24.csv,oil
final_11_20_25_doe_key_energy_stat_pocket_size_2024_table_091_p24.csv,oil
final_11_20_25_doe_key_energy_stat_pocket_size_2024_table_091_p24.csv,oil
final_11_20_25_doe_key_energy_stat_pocket_size_2024_table_091_p24.csv,oil
final_11_20_25_doe_key_energy_stat_pocket_size_2024_table_091_p24.csv,oil
final_11_20_25_doe_key_energy_stat_pocket_size_2024_table_091_p24.csv,oil
final_11_20_25_doe_key_energy_stat_pocket_size_2024_table_092_p25.csv,oil
final_11_20_25_doe_key_energy_stat_pocket_size_2024_table_092_p25.csv,oil
final_11_20_25_doe_key_energy_stat_pocket_size_2024_table_092_p25.csv,oil
final_11_20_25_doe_key_energy_stat_pocket_size_2024_table_092_p25.csv,oil
final_11_20_25_doe_key_energy_stat_pocket_size_2024_table_092_p25.csv,oil
final_11_20_25_doe_key_energy_stat_pocket_size_2024_table_092_p25.csv,oil
final_11_20_25_doe_key_energy_stat_pocket_size_2024_table_092_p25.csv,oil
final_11_20_25_doe_key_energy_stat_pocket_size_2024_table_092_p25.csv,oil
final_11_20_25_doe_key_energy_stat_pocket_size_2024_table_092_p25.csv,oil
final_11_20_25_doe_key_energy_stat_pocket_size_2024_table_092_p25.csv,oil
final_11_20_25_doe_key_energy_stat_pocket_size_2024_table_092_p25.csv,oil
final_11_20_25_doe_key_energy_stat_pocket_size_2024_table_092_p25.csv,oil
final_11_20_25_doe_key_energy_stat_pocket_size_2024_table_092_p25.csv,oil
final_11_20_25_doe_key_energy_stat_pocket_size_2024_table_092_p25.csv,oil
final_11_20_25_doe_key_energy_stat_pocket_size_2024_table_092_p25.csv,oil
final_11_20_25_doe_key_energy_stat_pocket_size_2024_table_092_p25.csv,oil
final_11_20_25_doe_key_energy_stat_pocket_size_2024_table_092_p25.csv,oil
final_11_20_25_doe_key_energy_stat_pocket_size_2024_table_094_p28.csv,oil
final_11_20_25_doe_key_energy_stat_pocket_size_2024_table_094_p28.csv,oil
final_11_20_25_doe_key_energy_stat_pocket_size_2024_table_094_p28.csv,oil
final_11_20_25_doe_key_energy_stat_pocket_size_2024_table_094_p28.csv,oil
final_11_20_25_doe_key_energy_stat_pocket_size_2024_table_094_p28.csv,oil
final_11_20_25_doe_key_energy_stat_pocket_size_2024_table_094_p28.csv,oil
final_11_20_25_doe_key_energy_stat_pocket_size_2024_table_094_p28.csv,oil
final_11_20_25_doe_key_energy_stat_pocket_size_2024_table_094_p28.csv,oil
final_11_20_25_doe_key_energy_stat_pocket_size_2024_table_094_p28.csv,oil
final_11_20_25_doe_key_energy_stat_pocket_size_2024_table_118_p56.csv,oil
final_11_20_25_doe_key_energy_stat_pocket_size_2024_table_118_p56.csv,oil
final_11_20_25_doe_key_energy_stat_pocket_size_2024_table_118_p56.csv,oil
final_11_20_25_doe_key_energy_stat_pocket_size_2024_table_118_p56.csv,oil
final_11_20_25_doe_key_energy_stat_pocket_size_2024_table_118_p56.csv,oil
final_11_20_25_doe_key_energy_stat_pocket_size_2024_table_118_p56.csv,oil
final_11_20_25_doe_key_energy_stat_pocket_size_2024_table_118_p56.csv,oil
final_11_20_25_doe_key_energy_stat_pocket_size_2024_table_118_p56.csv,oil
final_11_20_25_doe_key_energy_stat_pocket_size_2024_table_118_p56.csv,oil
final_11_20_25_doe_key_energy_stat_pocket_size_2024_table_118_p56.csv,oil
final_11_20_25_doe_key_energy_stat_pocket_size_2024_table_118_p56.csv,oil
final_11_20_25_doe_key_energy_stat_pocket_size_2024_table_118_p56.csv,oil
final_11_20_25_doe_key_energy_stat_pocket_size_2024_table_118_p56.csv,oil
final_11_20_25_doe_key_energy_stat_pocket_size_2024_table_118_p56.csv,oil
final_11_20_25_doe_key_energy_stat_pocket_size_2024_table_119_p57.csv,oil
final_11_20_25_doe_key_energy_stat_pocket_size_2024_table_119_p57.csv,oil
final_11_20_25_doe_key_energy_stat_pocket_size_2024_table_119_p57.csv,oil
final_11_20_25_doe_key_energy_stat_pocket_size_2024_table_119_p57.csv,oil
final_11_20_25_doe_key_energy_stat_pocket_size_2024_table_119_p57.csv,oil
final_11_20_25_doe_key_energy_stat_pocket_size_2024_table_119_p57.csv,oil
final_11_20_25_doe_key_energy_stat_pocket_size_2024_table_119_p57.csv,oil
final_11_20_25_doe_key_energy_stat_pocket_size_2024_table_119_p57.csv,oil
final_11_20_25_doe_key_energy_stat_pocket_size_2024_table_119_p57.csv,oil
final_11_20_25_doe_key_energy_stat_pocket_size_2024_table_119_p57.csv,oil
final_11_20_25_doe_key_energy_stat_pocket_size_2024_table_119_p57.csv,oil
final_11_20_25_doe_key_energy_stat_pocket_size_2024_table_119_p57.csv,oil
final_11_20_25_doe_key_energy_stat_pocket_size_2024_table_119_p57.csv,oil
final_11_20_25_doe_key_energy_stat_pocket_size_2024_table_119_p57.csv,oil
final_11_20_25_doe_key_energy_stat_pocket_size_2024_table_119_p57.csv,oil
final_11_20_25_doe_key_energy_stat_pocket_size_2024_table_119_p57.csv,oil
