municipality_id,avg_t2m,avg_t2m_max,avg_t2m_min,avg_rh2m,avg_prectotcorr,avg_ws10m,avg_allsky_sfc_sw_dwn,avg_cloud_amt,avg_surface_pressure,elevation
4919,27.19177083,31.35302083,24.12802083,80.2384375,8.010833333,5.891354167,5.248924211,62.88010526,99.75052083,235
4920,27.19177083,31.35302083,24.12802083,80.2384375,8.010833333,5.891354167,5.248924211,62.88010526,99.75052083,18
4921,26.60104167,32.48,22.27052083,78.38645833,7.239895833,4.5615625,5.368598947,59.30210526,98.05052083,13
4922,27.19177083,31.35302083,24.12802083,80.2384375,8.010833333,5.891354167,5.248924211,62.88010526,99.75052083,10
4923,26.60104167,32.48,22.27052083,78.38645833,7.239895833,4.5615625,5.368598947,59.30210526,98.05052083,79
4924,26.60104167,32.48,22.27052083,78.38645833,7.239895833,4.5615625,5.248924211,62.88010526,98.05052083,25
4925,27.19177083,31.35302083,24.12802083,80.2384375,8.010833333,5.891354167,5.248924211,62.88010526,99.75052083,65
4926,26.60104167,32.48,22.27052083,78.38645833,7.239895833,4.5615625,5.248924211,62.88010526,98.05052083,132
4927,26.60104167,32.48,22.27052083,78.38645833,7.239895833,4.5615625,5.248924211,62.88010526,98.05052083,8
4928,26.60104167,32.48,22.27052083,78.38645833,7.239895833,4.5615625,5.248924211,62.88010526,98.05052083,29
4929,27.19177083,31.35302083,24.12802083,80.2384375,8.010833333,5.891354167,5.248924211,62.88010526,99.75052083,84
4930,26.60104167,32.48,22.27052083,78.38645833,7.239895833,4.5615625,5.248924211,62.88010526,98.05052083,13
4931,26.60104167,32.48,22.27052083,78.38645833,7.239895833,4.5615625,5.248924211,62.88010526,98.05052083,59
4932,26.60104167,32.48,22.27052083,78.38645833,7.239895833,4.5615625,5.368598947,59.30210526,98.05052083,126
4933,27.19177083,31.35302083,24.12802083,80.2384375,8.010833333,5.891354167,5.248924211,62.88010526,99.75052083,8
4934,26.60104167,32.48,22.27052083,78.38645833,7.239895833,4.5615625,5.248924211,62.88010526,98.05052083,10
4935,27.19177083,31.35302083,24.12802083,80.2384375,8.010833333,5.891354167,5.248924211,62.88010526,99.75052083,12
4936,26.60104167,32.48,22.27052083,78.38645833,7.239895833,4.5615625,5.248924211,62.88010526,98.05052083,39
4937,26.60104167,32.48,22.27052083,78.38645833,7.239895833,4.5615625,5.368598947,59.30210526,98.05052083,44
4938,26.60104167,32.48,22.27052083,78.38645833,7.239895833,4.5615625,5.248924211,62.88010526,98.05052083,14
4939,26.60104167,32.48,22.27052083,78.38645833,7.239895833,4.5615625,5.248924211,62.88010526,98.05052083,19
4940,26.60104167,32.48,22.27052083,78.38645833,7.239895833,4.5615625,5.248924211,62.88010526,98.05052083,53
4941,26.60104167,32.48,22.27052083,78.38645833,7.239895833,4.5615625,5.248924211,62.88010526,98.05052083,30
4942,24.6765625,30.23989583,19.856875,80.31197917,8.937708333,2.513229167,5.185797895,64.92347368,94.21375,61
4943,24.6765625,30.23989583,19.856875,80.31197917,8.937708333,2.513229167,5.368598947,59.30210526,94.21375,24
4944,26.00833333,32.38458333,21.10375,78.3765625,8.1490625,3.177395833,5.368598947,59.30210526,96.61979167,12
4945,26.00833333,32.38458333,21.10375,78.3765625,8.1490625,3.177395833,5.368598947,59.30210526,96.61979167,22
4946,26.60104167,32.48,22.27052083,78.38645833,7.239895833,4.5615625,5.368598947,59.30210526,98.05052083,16
4947,24.6765625,30.23989583,19.856875,80.31197917,8.937708333,2.513229167,5.368598947,59.30210526,94.21375,7
4948,26.00833333,32.38458333,21.10375,78.3765625,8.1490625,3.177395833,5.368598947,59.30210526,96.61979167,8
4949,24.6765625,30.23989583,19.856875,80.31197917,8.937708333,2.513229167,5.185797895,64.92347368,94.21375,497
4950,24.6765625,30.23989583,19.856875,80.31197917,8.937708333,2.513229167,5.368598947,59.30210526,94.21375,22
4952,26.00833333,32.38458333,21.10375,78.3765625,8.1490625,3.177395833,5.368598947,59.30210526,96.61979167,63
4953,26.00833333,32.38458333,21.10375,78.3765625,8.1490625,3.177395833,5.368598947,59.30210526,96.61979167,9
4954,26.00833333,32.38458333,21.10375,78.3765625,8.1490625,3.177395833,5.368598947,59.30210526,96.61979167,19
4955,26.00833333,32.38458333,21.10375,78.3765625,8.1490625,3.177395833,5.368598947,59.30210526,96.61979167,6
4958,24.6765625,30.23989583,19.856875,80.31197917,8.937708333,2.513229167,5.368598947,59.30210526,94.21375,221
4959,26.00833333,32.38458333,21.10375,78.3765625,8.1490625,3.177395833,5.368598947,59.30210526,96.61979167,9
4960,26.00833333,32.38458333,21.10375,78.3765625,8.1490625,3.177395833,5.368598947,59.30210526,96.61979167,12
4962,26.00833333,32.38458333,21.10375,78.3765625,8.1490625,3.177395833,5.368598947,59.30210526,96.61979167,7
4963,26.00833333,32.38458333,21.10375,78.3765625,8.1490625,3.177395833,5.368598947,59.30210526,96.61979167,10
4964,26.00833333,32.38458333,21.10375,78.3765625,8.1490625,3.177395833,5.368598947,59.30210526,96.61979167,6
4965,24.6765625,30.23989583,19.856875,80.31197917,8.937708333,2.513229167,5.368598947,59.30210526,94.21375,9
4966,24.6765625,30.23989583,19.856875,80.31197917,8.937708333,2.513229167,5.368598947,59.30210526,94.21375,5
4967,26.00833333,32.38458333,21.10375,78.3765625,8.1490625,3.177395833,5.368598947,59.30210526,96.61979167,9
4968,26.00833333,32.38458333,21.10375,78.3765625,8.1490625,3.177395833,5.368598947,59.30210526,96.61979167,10
4969,26.00833333,32.38458333,21.10375,78.3765625,8.1490625,3.177395833,5.368598947,59.30210526,96.61979167,14
4970,24.6765625,30.23989583,19.856875,80.31197917,8.937708333,2.513229167,5.368598947,59.30210526,94.21375,534
4971,26.60104167,32.48,22.27052083,78.38645833,7.239895833,4.5615625,5.368598947,59.30210526,98.05052083,12
4972,24.6765625,30.23989583,19.856875,80.31197917,8.937708333,2.513229167,5.185797895,64.92347368,94.21375,90
4973,24.6765625,30.23989583,19.856875,80.31197917,8.937708333,2.513229167,5.185797895,64.92347368,94.21375,95
4974,24.6765625,30.23989583,19.856875,80.31197917,8.937708333,2.513229167,5.185797895,64.92347368,94.21375,9
4975,26.00833333,32.38458333,21.10375,78.3765625,8.1490625,3.177395833,5.368598947,59.30210526,96.61979167,20
4976,23.42135417,29.80614583,17.68697917,84.7509375,9.006041667,2.283020833,5.185797895,64.92347368,93.12854167,16
4977,23.42135417,29.80614583,17.68697917,84.7509375,9.006041667,2.283020833,5.185797895,64.92347368,93.12854167,14
4978,23.42135417,29.80614583,17.68697917,84.7509375,9.006041667,2.283020833,5.185797895,64.92347368,93.12854167,10
4979,23.42135417,29.80614583,17.68697917,84.7509375,9.006041667,2.283020833,5.185797895,64.92347368,93.12854167,64
4980,24.6765625,30.23989583,19.856875,80.31197917,8.937708333,2.513229167,5.185797895,64.92347368,94.21375,13
4981,24.6765625,30.23989583,19.856875,80.31197917,8.937708333,2.513229167,5.185797895,64.92347368,94.21375,8
4982,23.42135417,29.80614583,17.68697917,84.7509375,9.006041667,2.283020833,5.185797895,64.92347368,93.12854167,10
4983,23.42135417,29.80614583,17.68697917,84.7509375,9.006041667,2.283020833,5.185797895,64.92347368,93.12854167,301
4984,23.42135417,29.80614583,17.68697917,84.7509375,9.006041667,2.283020833,5.185797895,64.92347368,93.12854167,11
4985,23.42135417,29.80614583,17.68697917,84.7509375,9.006041667,2.283020833,5.185797895,64.92347368,93.12854167,8
4986,24.6765625,30.23989583,19.856875,80.31197917,8.937708333,2.513229167,5.185797895,64.92347368,94.21375,10
4987,23.42135417,29.80614583,17.68697917,84.7509375,9.006041667,2.283020833,5.185797895,64.92347368,93.12854167,24
4988,23.42135417,29.80614583,17.68697917,84.7509375,9.006041667,2.283020833,5.185797895,64.92347368,93.12854167,60
4989,26.4528125,33.08395833,20.88010417,80.846875,8.0234375,2.158958333,5.185797895,64.92347368,98.32864583,129
4990,23.42135417,29.80614583,17.68697917,84.7509375,9.006041667,2.283020833,5.185797895,64.92347368,93.12854167,20
4991,23.42135417,29.80614583,17.68697917,84.7509375,9.006041667,2.283020833,5.185797895,64.92347368,93.12854167,7
4992,23.42135417,29.80614583,17.68697917,84.7509375,9.006041667,2.283020833,5.185797895,64.92347368,93.12854167,4
4993,24.6765625,30.23989583,19.856875,80.31197917,8.937708333,2.513229167,5.185797895,64.92347368,94.21375,83
4994,24.6765625,30.23989583,19.856875,80.31197917,8.937708333,2.513229167,5.185797895,64.92347368,94.21375,17
4995,23.42135417,29.80614583,17.68697917,84.7509375,9.006041667,2.283020833,5.185797895,64.92347368,93.12854167,28
4996,27.2684375,32.116875,23.0665625,79.7353125,8.356666667,2.967083333,5.422156842,62.84084211,99.38072917,6
4997,27.2684375,32.116875,23.0665625,79.7353125,8.356666667,2.967083333,5.123602105,67.46084211,99.38072917,9
4998,27.2684375,32.116875,23.0665625,79.7353125,8.356666667,2.967083333,5.422156842,62.84084211,99.38072917,23
4999,26.4528125,33.08395833,20.88010417,80.846875,8.0234375,2.158958333,5.123602105,67.46084211,98.32864583,22
5000,28.57427083,30.6940625,26.46072917,77.78,8.6971875,3.73875,5.422156842,62.84084211,100.9242708,27
5001,26.4528125,33.08395833,20.88010417,80.846875,8.0234375,2.158958333,5.185797895,64.92347368,98.32864583,48
5002,26.4528125,33.08395833,20.88010417,80.846875,8.0234375,2.158958333,5.123602105,67.46084211,98.32864583,47
5003,27.2684375,32.116875,23.0665625,79.7353125,8.356666667,2.967083333,5.422156842,62.84084211,99.38072917,8
5004,26.4528125,33.08395833,20.88010417,80.846875,8.0234375,2.158958333,5.123602105,67.46084211,98.32864583,12
5005,26.4528125,33.08395833,20.88010417,80.846875,8.0234375,2.158958333,5.123602105,67.46084211,98.32864583,20
5006,26.4528125,33.08395833,20.88010417,80.846875,8.0234375,2.158958333,5.123602105,67.46084211,98.32864583,20
5007,26.4528125,33.08395833,20.88010417,80.846875,8.0234375,2.158958333,5.185797895,64.92347368,98.32864583,44
5008,27.2684375,32.116875,23.0665625,79.7353125,8.356666667,2.967083333,5.185797895,64.92347368,99.38072917,5
5009,28.57427083,30.6940625,26.46072917,77.78,8.6971875,3.73875,5.422156842,62.84084211,100.9242708,5
5010,27.2684375,32.116875,23.0665625,79.7353125,8.356666667,2.967083333,5.123602105,67.46084211,99.38072917,8
5011,27.2684375,32.116875,23.0665625,79.7353125,8.356666667,2.967083333,5.422156842,62.84084211,99.38072917,86
5012,26.4528125,33.08395833,20.88010417,80.846875,8.0234375,2.158958333,5.185797895,64.92347368,98.32864583,7
5013,26.4528125,33.08395833,20.88010417,80.846875,8.0234375,2.158958333,5.185797895,64.92347368,98.32864583,5
5014,27.2684375,32.116875,23.0665625,79.7353125,8.356666667,2.967083333,5.423592632,67.89063158,99.38072917,17
5015,27.2684375,32.116875,23.0665625,79.7353125,8.356666667,2.967083333,5.423592632,67.89063158,99.38072917,6
5016,27.2684375,32.116875,23.0665625,79.7353125,8.356666667,2.967083333,5.185797895,64.92347368,99.38072917,5
5017,26.4528125,33.08395833,20.88010417,80.846875,8.0234375,2.158958333,5.185797895,64.92347368,98.32864583,34
5018,27.2684375,32.116875,23.0665625,79.7353125,8.356666667,2.967083333,5.185797895,64.92347368,99.38072917,4
5019,27.2684375,32.116875,23.0665625,79.7353125,8.356666667,2.967083333,5.422156842,62.84084211,99.38072917,14
5020,26.4528125,33.08395833,20.88010417,80.846875,8.0234375,2.158958333,5.123602105,67.46084211,98.32864583,14
5021,26.4528125,33.08395833,20.88010417,80.846875,8.0234375,2.158958333,5.185797895,64.92347368,98.32864583,23
5022,26.4528125,33.08395833,20.88010417,80.846875,8.0234375,2.158958333,5.185797895,64.92347368,98.32864583,9
5023,27.2684375,32.116875,23.0665625,79.7353125,8.356666667,2.967083333,5.123602105,67.46084211,99.38072917,17
5024,26.4528125,33.08395833,20.88010417,80.846875,8.0234375,2.158958333,5.185797895,64.92347368,98.32864583,15
5025,26.4528125,33.08395833,20.88010417,80.846875,8.0234375,2.158958333,5.185797895,64.92347368,98.32864583,87
5026,26.4528125,33.08395833,20.88010417,80.846875,8.0234375,2.158958333,5.185797895,64.92347368,98.32864583,56
5027,26.4528125,33.08395833,20.88010417,80.846875,8.0234375,2.158958333,5.123602105,67.46084211,98.32864583,34
5028,26.4528125,33.08395833,20.88010417,80.846875,8.0234375,2.158958333,5.123602105,67.46084211,98.32864583,9
5029,26.4528125,33.08395833,20.88010417,80.846875,8.0234375,2.158958333,5.185797895,64.92347368,98.32864583,7
5030,26.4528125,33.08395833,20.88010417,80.846875,8.0234375,2.158958333,5.185797895,64.92347368,98.32864583,11
5031,26.4528125,33.08395833,20.88010417,80.846875,8.0234375,2.158958333,5.185797895,64.92347368,98.32864583,65
5032,26.4528125,33.08395833,20.88010417,80.846875,8.0234375,2.158958333,5.185797895,64.92347368,98.32864583,86
5033,26.4528125,33.08395833,20.88010417,80.846875,8.0234375,2.158958333,5.123602105,67.46084211,98.32864583,105
5034,26.4528125,33.08395833,20.88010417,80.846875,8.0234375,2.158958333,5.123602105,67.46084211,98.32864583,8
5035,26.4528125,33.08395833,20.88010417,80.846875,8.0234375,2.158958333,5.123602105,67.46084211,98.32864583,45
5036,26.4528125,33.08395833,20.88010417,80.846875,8.0234375,2.158958333,5.123602105,67.46084211,98.32864583,27
5037,26.4528125,33.08395833,20.88010417,80.846875,8.0234375,2.158958333,5.185797895,64.92347368,98.32864583,108
5038,27.2684375,32.116875,23.0665625,79.7353125,8.356666667,2.967083333,5.185797895,64.92347368,99.38072917,6
5039,26.4528125,33.08395833,20.88010417,80.846875,8.0234375,2.158958333,5.185797895,64.92347368,98.32864583,63
5040,26.4528125,33.08395833,20.88010417,80.846875,8.0234375,2.158958333,5.123602105,67.46084211,98.32864583,106
5041,26.4528125,33.08395833,20.88010417,80.846875,8.0234375,2.158958333,5.123602105,67.46084211,98.32864583,10
5042,26.4528125,33.08395833,20.88010417,80.846875,8.0234375,2.158958333,5.123602105,67.46084211,98.32864583,29
5043,26.4528125,33.08395833,20.88010417,80.846875,8.0234375,2.158958333,5.123602105,67.46084211,98.32864583,28
5044,27.02635417,28.66979167,24.7815625,81.64489583,5.281145833,7.206354167,4.901937895,70.74347368,101.1047917,15
5045,26.785625,28.36583333,24.51947917,82.00583333,4.910416667,7.2721875,4.901937895,70.74347368,101.1738542,93
5046,27.02635417,28.66979167,24.7815625,81.64489583,5.281145833,7.206354167,4.901937895,70.74347368,101.1047917,6
5047,27.02635417,28.66979167,24.7815625,81.64489583,5.281145833,7.206354167,4.901937895,70.74347368,101.1047917,9
5048,27.02635417,28.66979167,24.7815625,81.64489583,5.281145833,7.206354167,4.901937895,70.74347368,101.1047917,10
5049,27.02635417,28.66979167,24.7815625,81.64489583,5.281145833,7.206354167,4.901937895,70.74347368,101.1047917,15
5050,26.48322917,33.183125,22.44677083,83.07802083,8.83375,3.111354167,4.883813684,66.07442105,99.723125,8
5051,26.30114583,33.9040625,21.52302083,82.24770833,7.590625,2.521354167,4.846844211,69.33757895,99.39302083,35
5052,24.75739583,33.59229167,18.72552083,83.63041667,7.571041667,2.2221875,4.883813684,66.07442105,96.55958333,9
5053,26.30114583,33.9040625,21.52302083,82.24770833,7.590625,2.521354167,4.846844211,69.33757895,99.39302083,23
5054,27.29770833,30.83104167,24.64979167,80.94989583,8.227395833,4.77875,4.883813684,66.07442105,100.6426042,5
5055,26.30114583,33.9040625,21.52302083,82.24770833,7.590625,2.521354167,4.846844211,69.33757895,99.39302083,23
5056,26.48322917,33.183125,22.44677083,83.07802083,8.83375,3.111354167,4.883813684,66.07442105,99.723125,9
5057,27.29770833,30.83104167,24.64979167,80.94989583,8.227395833,4.77875,4.883813684,66.07442105,100.6426042,7
5058,27.3946875,28.950625,25.35552083,81.49708333,7.069479167,7.009270833,5.001296842,67.70463158,101.0486458,6
5059,27.29770833,30.83104167,24.64979167,80.94989583,8.227395833,4.77875,4.883813684,66.07442105,100.6426042,8
5060,26.48322917,33.183125,22.44677083,83.07802083,8.83375,3.111354167,4.883813684,66.07442105,99.723125,7
5061,25.5690625,32.5578125,20.38125,83.0625,7.842083333,2.9890625,4.846844211,69.33757895,98.04364583,25
5062,26.30114583,33.9040625,21.52302083,82.24770833,7.590625,2.521354167,4.883813684,66.07442105,99.39302083,4
5063,27.29770833,30.83104167,24.64979167,80.94989583,8.227395833,4.77875,4.883813684,66.07442105,100.6426042,20
5064,26.30114583,33.9040625,21.52302083,82.24770833,7.590625,2.521354167,4.846844211,69.33757895,99.39302083,35
5065,26.30114583,33.9040625,21.52302083,82.24770833,7.590625,2.521354167,4.883813684,66.07442105,99.39302083,10
5066,26.30114583,33.9040625,21.52302083,82.24770833,7.590625,2.521354167,4.883813684,66.07442105,99.39302083,14
5067,26.48322917,33.183125,22.44677083,83.07802083,8.83375,3.111354167,4.883813684,66.07442105,99.723125,11
5068,25.5690625,32.5578125,20.38125,83.0625,7.842083333,2.9890625,4.846844211,69.33757895,98.04364583,49
5069,24.75739583,33.59229167,18.72552083,83.63041667,7.571041667,2.2221875,4.846844211,69.33757895,96.55958333,61
5070,24.75739583,33.59229167,18.72552083,83.63041667,7.571041667,2.2221875,4.846844211,69.33757895,96.55958333,95
5071,26.48322917,33.183125,22.44677083,83.07802083,8.83375,3.111354167,4.883813684,66.07442105,99.723125,8
5072,27.29770833,30.83104167,24.64979167,80.94989583,8.227395833,4.77875,4.887502105,71.69326316,100.6426042,6
5073,26.48322917,33.183125,22.44677083,83.07802083,8.83375,3.111354167,5.248924211,62.88010526,99.723125,60
5074,26.30114583,33.9040625,21.52302083,82.24770833,7.590625,2.521354167,4.883813684,66.07442105,99.39302083,6
5075,26.30114583,33.9040625,21.52302083,82.24770833,7.590625,2.521354167,4.846844211,69.33757895,99.39302083,24
5076,25.5690625,32.5578125,20.38125,83.0625,7.842083333,2.9890625,4.846844211,69.33757895,98.04364583,23
5077,23.83135417,31.80729167,17.95791667,84.27177083,7.906666667,2.361979167,4.846844211,69.33757895,94.565625,39
5078,25.5690625,32.5578125,20.38125,83.0625,7.842083333,2.9890625,4.846844211,69.33757895,98.04364583,29
5079,26.2903125,33.4734375,20.83864583,82.89479167,8.210416667,2.759375,4.828229474,72.14473684,99.53041667,73
5080,26.2903125,33.4734375,20.83864583,82.89479167,8.210416667,2.759375,4.828229474,72.14473684,99.53041667,59
5081,26.2903125,33.4734375,20.83864583,82.89479167,8.210416667,2.759375,4.828229474,72.14473684,99.53041667,61
5082,26.2903125,33.4734375,20.83864583,82.89479167,8.210416667,2.759375,4.828229474,72.14473684,99.53041667,115
5083,26.2903125,33.4734375,20.83864583,82.89479167,8.210416667,2.759375,4.846844211,69.33757895,99.53041667,55
5084,25.5690625,32.5578125,20.38125,83.0625,7.842083333,2.9890625,4.846844211,69.33757895,98.04364583,30
5085,26.2903125,33.4734375,20.83864583,82.89479167,8.210416667,2.759375,4.828229474,72.14473684,99.53041667,61
5086,26.2903125,33.4734375,20.83864583,82.89479167,8.210416667,2.759375,4.828229474,72.14473684,99.53041667,58
5087,22.70760417,30.52458333,17.06229167,86.87697917,8.795416667,2.071770833,4.828229474,72.14473684,92.72958333,84
5088,22.70760417,30.52458333,17.06229167,86.87697917,8.795416667,2.071770833,4.828229474,72.14473684,92.72958333,114
5089,25.5690625,32.5578125,20.38125,83.0625,7.842083333,2.9890625,4.846844211,69.33757895,98.04364583,39
5090,26.96260417,29.29322917,24.85,82.4615625,6.520729167,5.241041667,4.846255789,70.84263158,99.43677083,10
5091,27.17854167,29.4665625,25.10260417,81.67322917,7.429583333,5.173645833,4.666529474,73.81610526,99.91927083,6
5092,25.2671875,32.59989583,20.35010417,85.2403125,8.428854167,2.249895833,4.828229474,72.14473684,97.73104167,72
5093,26.2903125,33.4734375,20.83864583,82.89479167,8.210416667,2.759375,4.846844211,69.33757895,99.53041667,48
5094,26.2903125,33.4734375,20.83864583,82.89479167,8.210416667,2.759375,4.846844211,69.33757895,99.53041667,50
5095,25.2671875,32.59989583,20.35010417,85.2403125,8.428854167,2.249895833,4.828229474,72.14473684,97.73104167,96
5096,26.2903125,33.4734375,20.83864583,82.89479167,8.210416667,2.759375,4.828229474,72.14473684,99.53041667,57
5097,27.17854167,29.4665625,25.10260417,81.67322917,7.429583333,5.173645833,4.666529474,73.81610526,99.91927083,5
5098,26.2903125,33.4734375,20.83864583,82.89479167,8.210416667,2.759375,4.846844211,69.33757895,99.53041667,60
5099,26.2903125,33.4734375,20.83864583,82.89479167,8.210416667,2.759375,4.846844211,69.33757895,99.53041667,48
5100,26.73072917,29.7453125,24.284375,82.38645833,6.936145833,4.949583333,4.666529474,73.81610526,99.30864583,10
5101,25.5690625,32.5578125,20.38125,83.0625,7.842083333,2.9890625,4.846844211,69.33757895,98.04364583,113
5102,26.2903125,33.4734375,20.83864583,82.89479167,8.210416667,2.759375,4.846844211,69.33757895,99.53041667,56
5103,23.19302083,30.77916667,17.39375,85.75510417,8.583125,2.176354167,4.828229474,72.14473684,93.4665625,105
5104,26.2903125,33.4734375,20.83864583,82.89479167,8.210416667,2.759375,4.828229474,72.14473684,99.53041667,45
5105,26.2903125,33.4734375,20.83864583,82.89479167,8.210416667,2.759375,4.846844211,69.33757895,99.53041667,61
5106,25.2671875,32.59989583,20.35010417,85.2403125,8.428854167,2.249895833,4.828229474,72.14473684,97.73104167,104
5107,25.2671875,32.59989583,20.35010417,85.2403125,8.428854167,2.249895833,4.828229474,72.14473684,97.73104167,109
5108,25.2671875,32.59989583,20.35010417,85.2403125,8.428854167,2.249895833,4.828229474,72.14473684,97.73104167,77
5109,26.2903125,33.4734375,20.83864583,82.89479167,8.210416667,2.759375,4.846844211,69.33757895,99.53041667,65
5110,26.2903125,33.4734375,20.83864583,82.89479167,8.210416667,2.759375,4.846255789,70.84263158,99.53041667,64
5111,26.2903125,33.4734375,20.83864583,82.89479167,8.210416667,2.759375,4.828229474,72.14473684,99.53041667,81
5112,25.5690625,32.5578125,20.38125,83.0625,7.842083333,2.9890625,4.846844211,69.33757895,98.04364583,38
5113,25.5690625,32.5578125,20.38125,83.0625,7.842083333,2.9890625,4.846844211,69.33757895,98.04364583,29
5114,25.5690625,32.5578125,20.38125,83.0625,7.842083333,2.9890625,4.846844211,69.33757895,98.04364583,31
5115,25.5690625,32.5578125,20.38125,83.0625,7.842083333,2.9890625,4.846844211,69.33757895,98.04364583,36
5116,23.30010417,30.915,18.11322917,86.81,7.425104167,2.207395833,4.803714737,73.24557895,93.7565625,311
5117,22.70760417,30.52458333,17.06229167,86.87697917,8.795416667,2.071770833,4.828229474,72.14473684,92.72958333,1196
5118,22.70760417,30.52458333,17.06229167,86.87697917,8.795416667,2.071770833,4.828229474,72.14473684,92.72958333,387
5119,22.70760417,30.52458333,17.06229167,86.87697917,8.795416667,2.071770833,4.828229474,72.14473684,92.72958333,224
5120,22.70760417,30.52458333,17.06229167,86.87697917,8.795416667,2.071770833,4.828229474,72.14473684,92.72958333,325
5121,22.70760417,30.52458333,17.06229167,86.87697917,8.795416667,2.071770833,4.828229474,72.14473684,92.72958333,276
5122,22.70760417,30.52458333,17.06229167,86.87697917,8.795416667,2.071770833,4.828229474,72.14473684,92.72958333,226
5123,22.70760417,30.52458333,17.06229167,86.87697917,8.795416667,2.071770833,4.828229474,72.14473684,92.72958333,359
5124,22.70760417,30.52458333,17.06229167,86.87697917,8.795416667,2.071770833,4.828229474,72.14473684,92.72958333,370
5125,22.70760417,30.52458333,17.06229167,86.87697917,8.795416667,2.071770833,4.828229474,72.14473684,92.72958333,718
5126,23.42135417,29.80614583,17.68697917,84.7509375,9.006041667,2.283020833,5.185797895,64.92347368,93.12854167,1104
5127,22.70760417,30.52458333,17.06229167,86.87697917,8.795416667,2.071770833,4.828229474,72.14473684,92.72958333,261
5128,23.30010417,30.915,18.11322917,86.81,7.425104167,2.207395833,5.185797895,64.92347368,93.7565625,594
5129,22.70760417,30.52458333,17.06229167,86.87697917,8.795416667,2.071770833,4.828229474,72.14473684,92.72958333,259
5130,22.70760417,30.52458333,17.06229167,86.87697917,8.795416667,2.071770833,4.828229474,72.14473684,92.72958333,238
5131,25.2671875,32.59989583,20.35010417,85.2403125,8.428854167,2.249895833,4.828229474,72.14473684,97.73104167,155
5132,22.70760417,30.52458333,17.06229167,86.87697917,8.795416667,2.071770833,4.828229474,72.14473684,92.72958333,114
5133,22.70760417,30.52458333,17.06229167,86.87697917,8.795416667,2.071770833,4.828229474,72.14473684,92.72958333,136
5134,25.2671875,32.59989583,20.35010417,85.2403125,8.428854167,2.249895833,4.828229474,72.14473684,97.73104167,152
5135,26.72479167,30.470625,24.02145833,82.30395833,7.317916667,3.820208333,4.828229474,72.14473684,99.06958333,195
5136,25.2671875,32.59989583,20.35010417,85.2403125,8.428854167,2.249895833,4.828229474,72.14473684,97.73104167,102
5137,26.72479167,30.470625,24.02145833,82.30395833,7.317916667,3.820208333,4.803714737,73.24557895,99.06958333,7
5138,25.2671875,32.59989583,20.35010417,85.2403125,8.428854167,2.249895833,4.846255789,70.84263158,97.73104167,7
5139,26.96260417,29.29322917,24.85,82.4615625,6.520729167,5.241041667,4.846255789,70.84263158,99.43677083,7
5140,26.72479167,30.470625,24.02145833,82.30395833,7.317916667,3.820208333,4.828229474,72.14473684,99.06958333,8
5141,25.57166667,32.13677083,21.25083333,85.18979167,7.699375,2.736979167,4.803714737,73.24557895,97.860625,32
5142,23.30010417,30.915,18.11322917,86.81,7.425104167,2.207395833,4.803714737,73.24557895,93.7565625,9
5143,23.30010417,30.915,18.11322917,86.81,7.425104167,2.207395833,4.803714737,73.24557895,93.7565625,34
5144,25.57166667,32.13677083,21.25083333,85.18979167,7.699375,2.736979167,4.803714737,73.24557895,97.860625,23
5145,27.68520833,31.75,24.42989583,80.21395833,7.524166667,4.4434375,5.156048421,66.77442105,99.97895833,4
5146,27.68520833,31.75,24.42989583,80.21395833,7.524166667,4.4434375,5.156048421,66.77442105,99.97895833,15
5147,27.68520833,31.75,24.42989583,80.21395833,7.524166667,4.4434375,5.156048421,66.77442105,99.97895833,6
5148,26.80166667,33.30916667,21.68572917,81.89729167,7.821979167,3.311979167,5.156048421,66.77442105,99.39354167,11
5149,26.80166667,33.30916667,21.68572917,81.89729167,7.821979167,3.311979167,5.156048421,66.77442105,99.39354167,7
5150,27.68520833,31.75,24.42989583,80.21395833,7.524166667,4.4434375,5.156048421,66.77442105,99.97895833,5
5151,27.68520833,31.75,24.42989583,80.21395833,7.524166667,4.4434375,5.156048421,66.77442105,99.97895833,7
5152,28.59260417,30.48677083,26.6071875,78.94229167,7.219270833,5.160729167,5.156048421,66.77442105,100.9448958,6
5153,26.80166667,33.30916667,21.68572917,81.89729167,7.821979167,3.311979167,5.156048421,66.77442105,99.39354167,6
5154,27.68520833,31.75,24.42989583,80.21395833,7.524166667,4.4434375,5.156048421,66.77442105,99.97895833,6
5155,27.68520833,31.75,24.42989583,80.21395833,7.524166667,4.4434375,5.156048421,66.77442105,99.97895833,8
5156,26.80166667,33.30916667,21.68572917,81.89729167,7.821979167,3.311979167,5.156048421,66.77442105,99.39354167,6
5157,25.61958333,32.3415625,21.50583333,86.05145833,8.692708333,2.767083333,4.624063158,75.42463158,98.09166667,39
5158,26.80166667,33.30916667,21.68572917,81.89729167,7.821979167,3.311979167,5.156048421,66.77442105,99.39354167,5
5159,26.80166667,33.30916667,21.68572917,81.89729167,7.821979167,3.311979167,5.156048421,66.77442105,99.39354167,19
5160,26.80166667,33.30916667,21.68572917,81.89729167,7.821979167,3.311979167,5.156048421,66.77442105,99.39354167,6
5161,26.80166667,33.30916667,21.68572917,81.89729167,7.821979167,3.311979167,5.156048421,66.77442105,99.39354167,6
5162,26.80166667,33.30916667,21.68572917,81.89729167,7.821979167,3.311979167,5.156048421,66.77442105,99.39354167,20
5163,26.80166667,33.30916667,21.68572917,81.89729167,7.821979167,3.311979167,5.156048421,66.77442105,99.39354167,5
5164,25.61958333,32.3415625,21.50583333,86.05145833,8.692708333,2.767083333,4.624063158,75.42463158,98.09166667,85
5165,26.80166667,33.30916667,21.68572917,81.89729167,7.821979167,3.311979167,5.156048421,66.77442105,99.39354167,5
5166,26.80166667,33.30916667,21.68572917,81.89729167,7.821979167,3.311979167,5.156048421,66.77442105,99.39354167,6
5167,26.80166667,33.30916667,21.68572917,81.89729167,7.821979167,3.311979167,5.156048421,66.77442105,99.39354167,6
5168,25.61958333,32.3415625,21.50583333,86.05145833,8.692708333,2.767083333,5.156048421,66.77442105,98.09166667,6
5169,26.08479167,32.4490625,22.14302083,85.17458333,9.240208333,2.817395833,5.156048421,66.77442105,98.7309375,4
5170,25.61958333,32.3415625,21.50583333,86.05145833,8.692708333,2.767083333,4.624063158,75.42463158,98.09166667,50
5171,27.68520833,31.75,24.42989583,80.21395833,7.524166667,4.4434375,5.156048421,66.77442105,99.97895833,5
5172,25.61958333,32.3415625,21.50583333,86.05145833,8.692708333,2.767083333,5.156048421,66.77442105,98.09166667,37
5173,26.80166667,33.30916667,21.68572917,81.89729167,7.821979167,3.311979167,5.156048421,66.77442105,99.39354167,4
5174,26.80166667,33.30916667,21.68572917,81.89729167,7.821979167,3.311979167,5.156048421,66.77442105,99.39354167,13
5175,26.80166667,33.30916667,21.68572917,81.89729167,7.821979167,3.311979167,5.156048421,66.77442105,99.39354167,11
5176,25.61958333,32.3415625,21.50583333,86.05145833,8.692708333,2.767083333,5.123602105,67.46084211,98.09166667,20
5177,25.61958333,32.3415625,21.50583333,86.05145833,8.692708333,2.767083333,4.624063158,75.42463158,98.09166667,52
5178,25.61958333,32.3415625,21.50583333,86.05145833,8.692708333,2.767083333,5.123602105,67.46084211,98.09166667,23
5179,25.61958333,32.3415625,21.50583333,86.05145833,8.692708333,2.767083333,5.156048421,66.77442105,98.09166667,25
5180,25.61958333,32.3415625,21.50583333,86.05145833,8.692708333,2.767083333,5.156048421,66.77442105,98.09166667,38
5181,26.99291667,33.93489583,21.33916667,80.96552083,8.0296875,2.533020833,5.123602105,67.46084211,99.77302083,26
5182,25.57166667,32.13677083,21.25083333,85.18979167,7.699375,2.736979167,4.803714737,73.24557895,97.860625,69
5183,25.57166667,32.13677083,21.25083333,85.18979167,7.699375,2.736979167,5.123602105,67.46084211,97.860625,34
5184,26.99291667,33.93489583,21.33916667,80.96552083,8.0296875,2.533020833,5.123602105,67.46084211,99.77302083,11
5185,23.30010417,30.915,18.11322917,86.81,7.425104167,2.207395833,4.803714737,73.24557895,93.7565625,240
5186,26.4528125,33.08395833,20.88010417,80.846875,8.0234375,2.158958333,5.123602105,67.46084211,98.32864583,30
5188,25.57166667,32.13677083,21.25083333,85.18979167,7.699375,2.736979167,5.123602105,67.46084211,97.860625,23
5189,25.57166667,32.13677083,21.25083333,85.18979167,7.699375,2.736979167,4.803714737,73.24557895,97.860625,58
5191,26.99291667,33.93489583,21.33916667,80.96552083,8.0296875,2.533020833,5.123602105,67.46084211,99.77302083,38
5192,26.99291667,33.93489583,21.33916667,80.96552083,8.0296875,2.533020833,5.123602105,67.46084211,99.77302083,23
5193,25.57166667,32.13677083,21.25083333,85.18979167,7.699375,2.736979167,4.803714737,73.24557895,97.860625,68
5194,26.99291667,33.93489583,21.33916667,80.96552083,8.0296875,2.533020833,5.123602105,67.46084211,99.77302083,22
5195,25.57166667,32.13677083,21.25083333,85.18979167,7.699375,2.736979167,4.803714737,73.24557895,97.860625,72
5196,26.4528125,33.08395833,20.88010417,80.846875,8.0234375,2.158958333,5.123602105,67.46084211,98.32864583,140
5197,26.99291667,33.93489583,21.33916667,80.96552083,8.0296875,2.533020833,5.123602105,67.46084211,99.77302083,21
5198,25.57166667,32.13677083,21.25083333,85.18979167,7.699375,2.736979167,4.803714737,73.24557895,97.860625,72
5199,23.30010417,30.915,18.11322917,86.81,7.425104167,2.207395833,4.803714737,73.24557895,93.7565625,313
5200,25.57166667,32.13677083,21.25083333,85.18979167,7.699375,2.736979167,5.123602105,67.46084211,97.860625,33
5201,26.99291667,33.93489583,21.33916667,80.96552083,8.0296875,2.533020833,5.123602105,67.46084211,99.77302083,26
5202,25.57166667,32.13677083,21.25083333,85.18979167,7.699375,2.736979167,4.803714737,73.24557895,97.860625,87
5203,26.99291667,33.93489583,21.33916667,80.96552083,8.0296875,2.533020833,5.123602105,67.46084211,99.77302083,16
5204,26.99291667,33.93489583,21.33916667,80.96552083,8.0296875,2.533020833,5.123602105,67.46084211,99.77302083,21
5205,23.30010417,30.915,18.11322917,86.81,7.425104167,2.207395833,4.803714737,73.24557895,93.7565625,110
5206,25.57166667,32.13677083,21.25083333,85.18979167,7.699375,2.736979167,5.123602105,67.46084211,97.860625,26
5207,25.57166667,32.13677083,21.25083333,85.18979167,7.699375,2.736979167,5.123602105,67.46084211,97.860625,28
5208,26.99291667,33.93489583,21.33916667,80.96552083,8.0296875,2.533020833,5.123602105,67.46084211,99.77302083,37
5209,26.99291667,33.93489583,21.33916667,80.96552083,8.0296875,2.533020833,5.123602105,67.46084211,99.77302083,67
5210,26.99291667,33.93489583,21.33916667,80.96552083,8.0296875,2.533020833,5.123602105,67.46084211,99.77302083,44
5211,26.4528125,33.08395833,20.88010417,80.846875,8.0234375,2.158958333,5.123602105,67.46084211,98.32864583,90
5212,26.99291667,33.93489583,21.33916667,80.96552083,8.0296875,2.533020833,5.123602105,67.46084211,99.77302083,21
5213,26.80166667,33.30916667,21.68572917,81.89729167,7.821979167,3.311979167,5.123602105,67.46084211,99.39354167,79
5214,26.80166667,33.30916667,21.68572917,81.89729167,7.821979167,3.311979167,5.156048421,66.77442105,99.39354167,6
5215,26.80166667,33.30916667,21.68572917,81.89729167,7.821979167,3.311979167,5.123602105,67.46084211,99.39354167,11
5216,26.80166667,33.30916667,21.68572917,81.89729167,7.821979167,3.311979167,5.156048421,66.77442105,99.39354167,8
5217,26.80166667,33.30916667,21.68572917,81.89729167,7.821979167,3.311979167,5.123602105,67.46084211,99.39354167,11
5218,26.80166667,33.30916667,21.68572917,81.89729167,7.821979167,3.311979167,5.156048421,66.77442105,99.39354167,23
5219,26.80166667,33.30916667,21.68572917,81.89729167,7.821979167,3.311979167,5.156048421,66.77442105,99.39354167,6
5220,26.80166667,33.30916667,21.68572917,81.89729167,7.821979167,3.311979167,5.156048421,66.77442105,99.39354167,4
5221,26.80166667,33.30916667,21.68572917,81.89729167,7.821979167,3.311979167,5.123602105,67.46084211,99.39354167,165
5222,26.80166667,33.30916667,21.68572917,81.89729167,7.821979167,3.311979167,5.156048421,66.77442105,99.39354167,4
5223,26.80166667,33.30916667,21.68572917,81.89729167,7.821979167,3.311979167,5.123602105,67.46084211,99.39354167,43
5224,26.80166667,33.30916667,21.68572917,81.89729167,7.821979167,3.311979167,5.156048421,66.77442105,99.39354167,4
5225,26.80166667,33.30916667,21.68572917,81.89729167,7.821979167,3.311979167,5.123602105,67.46084211,99.39354167,10
5226,26.80166667,33.30916667,21.68572917,81.89729167,7.821979167,3.311979167,5.156048421,66.77442105,99.39354167,5
5227,26.80166667,33.30916667,21.68572917,81.89729167,7.821979167,3.311979167,5.123602105,67.46084211,99.39354167,70
5228,26.80166667,33.30916667,21.68572917,81.89729167,7.821979167,3.311979167,5.123602105,67.46084211,99.39354167,8
5229,26.80166667,33.30916667,21.68572917,81.89729167,7.821979167,3.311979167,5.123602105,67.46084211,99.39354167,8
5230,26.80166667,33.30916667,21.68572917,81.89729167,7.821979167,3.311979167,5.156048421,66.77442105,99.39354167,8
5231,26.80166667,33.30916667,21.68572917,81.89729167,7.821979167,3.311979167,5.123602105,67.46084211,99.39354167,10
5232,26.80166667,33.30916667,21.68572917,81.89729167,7.821979167,3.311979167,5.123602105,67.46084211,99.39354167,8
5233,26.80166667,33.30916667,21.68572917,81.89729167,7.821979167,3.311979167,5.156048421,66.77442105,99.39354167,4
5234,26.80166667,33.30916667,21.68572917,81.89729167,7.821979167,3.311979167,5.156048421,66.77442105,99.39354167,4
5235,26.99291667,33.93489583,21.33916667,80.96552083,8.0296875,2.533020833,5.123602105,67.46084211,99.77302083,20
5236,26.99291667,33.93489583,21.33916667,80.96552083,8.0296875,2.533020833,5.123602105,67.46084211,99.77302083,76
5237,26.99291667,33.93489583,21.33916667,80.96552083,8.0296875,2.533020833,5.123602105,67.46084211,99.77302083,21
5238,26.99291667,33.93489583,21.33916667,80.96552083,8.0296875,2.533020833,5.123602105,67.46084211,99.77302083,48
5239,26.99291667,33.93489583,21.33916667,80.96552083,8.0296875,2.533020833,5.123602105,67.46084211,99.77302083,47
5240,26.99291667,33.93489583,21.33916667,80.96552083,8.0296875,2.533020833,5.123602105,67.46084211,99.77302083,34
5241,26.99291667,33.93489583,21.33916667,80.96552083,8.0296875,2.533020833,5.123602105,67.46084211,99.77302083,30
5242,26.99291667,33.93489583,21.33916667,80.96552083,8.0296875,2.533020833,5.123602105,67.46084211,99.77302083,19
5243,26.99291667,33.93489583,21.33916667,80.96552083,8.0296875,2.533020833,5.123602105,67.46084211,99.77302083,53
5244,26.99291667,33.93489583,21.33916667,80.96552083,8.0296875,2.533020833,5.123602105,67.46084211,99.77302083,23
5245,26.99291667,33.93489583,21.33916667,80.96552083,8.0296875,2.533020833,5.123602105,67.46084211,99.77302083,20
5246,26.99291667,33.93489583,21.33916667,80.96552083,8.0296875,2.533020833,5.123602105,67.46084211,99.77302083,24
5247,26.99291667,33.93489583,21.33916667,80.96552083,8.0296875,2.533020833,5.123602105,67.46084211,99.77302083,20
5248,26.99291667,33.93489583,21.33916667,80.96552083,8.0296875,2.533020833,5.123602105,67.46084211,99.77302083,21
5249,26.99291667,33.93489583,21.33916667,80.96552083,8.0296875,2.533020833,5.123602105,67.46084211,99.77302083,121
5250,26.4528125,33.08395833,20.88010417,80.846875,8.0234375,2.158958333,5.123602105,67.46084211,98.32864583,24
5251,26.99291667,33.93489583,21.33916667,80.96552083,8.0296875,2.533020833,5.123602105,67.46084211,99.77302083,39
5252,26.99291667,33.93489583,21.33916667,80.96552083,8.0296875,2.533020833,5.123602105,67.46084211,99.77302083,27
5253,26.19229167,31.65083333,21.59041667,81.36458333,7.424791667,3.0784375,5.123602105,67.46084211,97.63885417,10
5254,27.86635417,31.85895833,24.47354167,78.81875,7.515833333,4.003333333,5.123602105,67.46084211,99.96447917,9
5255,26.19229167,31.65083333,21.59041667,81.36458333,7.424791667,3.0784375,5.423592632,67.89063158,97.63885417,6
5256,27.86635417,31.85895833,24.47354167,78.81875,7.515833333,4.003333333,5.156048421,66.77442105,99.96447917,49
5257,26.19229167,31.65083333,21.59041667,81.36458333,7.424791667,3.0784375,5.423592632,67.89063158,97.63885417,8
5258,26.19229167,31.65083333,21.59041667,81.36458333,7.424791667,3.0784375,5.423592632,67.89063158,97.63885417,5
5259,27.86635417,31.85895833,24.47354167,78.81875,7.515833333,4.003333333,5.156048421,66.77442105,99.96447917,4
5260,26.19229167,31.65083333,21.59041667,81.36458333,7.424791667,3.0784375,5.423592632,67.89063158,97.63885417,6
5261,27.86635417,31.85895833,24.47354167,78.81875,7.515833333,4.003333333,5.156048421,66.77442105,99.96447917,11
5262,27.86635417,31.85895833,24.47354167,78.81875,7.515833333,4.003333333,5.123602105,67.46084211,99.96447917,9
5263,27.86635417,31.85895833,24.47354167,78.81875,7.515833333,4.003333333,5.156048421,66.77442105,99.96447917,38
5264,27.86635417,31.85895833,24.47354167,78.81875,7.515833333,4.003333333,5.123602105,67.46084211,99.96447917,10
5265,27.2684375,32.116875,23.0665625,79.7353125,8.356666667,2.967083333,5.423592632,67.89063158,99.38072917,6
5266,27.86635417,31.85895833,24.47354167,78.81875,7.515833333,4.003333333,5.156048421,66.77442105,99.96447917,5
5267,27.6371875,31.26458333,24.84895833,81.91104167,6.923645833,4.311145833,5.147408421,72.44231579,100.2564583,61
5268,26.26739583,32.60427083,22.26427083,85.875,8.56,2.660208333,5.019135789,70.736,99.16895833,218
5269,27.6371875,31.26458333,24.84895833,81.91104167,6.923645833,4.311145833,5.147408421,72.44231579,100.2564583,8
5270,26.26739583,32.60427083,22.26427083,85.875,8.56,2.660208333,4.624063158,75.42463158,99.16895833,5
5271,26.26739583,32.60427083,22.26427083,85.875,8.56,2.660208333,5.019135789,70.736,99.16895833,11
5272,26.26739583,32.60427083,22.26427083,85.875,8.56,2.660208333,5.019135789,70.736,99.16895833,17
5273,27.6371875,31.26458333,24.84895833,81.91104167,6.923645833,4.311145833,5.147408421,72.44231579,100.2564583,23
5274,27.6371875,31.26458333,24.84895833,81.91104167,6.923645833,4.311145833,5.147408421,72.44231579,100.2564583,12
5275,26.26739583,32.60427083,22.26427083,85.875,8.56,2.660208333,5.019135789,70.736,99.16895833,292
5276,26.26739583,32.60427083,22.26427083,85.875,8.56,2.660208333,5.019135789,70.736,99.16895833,124
5277,27.6371875,31.26458333,24.84895833,81.91104167,6.923645833,4.311145833,5.156048421,66.77442105,100.2564583,18
5278,27.6371875,31.26458333,24.84895833,81.91104167,6.923645833,4.311145833,5.147408421,72.44231579,100.2564583,7
5279,27.6371875,31.26458333,24.84895833,81.91104167,6.923645833,4.311145833,5.156048421,66.77442105,100.2564583,13
5280,26.26739583,32.60427083,22.26427083,85.875,8.56,2.660208333,5.019135789,70.736,99.16895833,337
5281,27.77166667,30.760625,25.40364583,80.99666667,7.283020833,3.835,5.019135789,70.736,100.3002083,17
5282,27.77166667,30.760625,25.40364583,80.99666667,7.283020833,3.835,5.147408421,72.44231579,100.3002083,28
5283,26.26739583,32.60427083,22.26427083,85.875,8.56,2.660208333,4.624063158,75.42463158,99.16895833,205
5284,26.26739583,32.60427083,22.26427083,85.875,8.56,2.660208333,4.624063158,75.42463158,99.16895833,10
5285,27.6371875,31.26458333,24.84895833,81.91104167,6.923645833,4.311145833,5.156048421,66.77442105,100.2564583,7
5286,26.26739583,32.60427083,22.26427083,85.875,8.56,2.660208333,5.019135789,70.736,99.16895833,177
5287,26.26739583,32.60427083,22.26427083,85.875,8.56,2.660208333,5.019135789,70.736,99.16895833,143
5288,26.26739583,32.60427083,22.26427083,85.875,8.56,2.660208333,5.019135789,70.736,99.16895833,240
5289,26.26739583,32.60427083,22.26427083,85.875,8.56,2.660208333,5.019135789,70.736,99.16895833,18
5290,27.6371875,31.26458333,24.84895833,81.91104167,6.923645833,4.311145833,5.147408421,72.44231579,100.2564583,6
5291,26.26739583,32.60427083,22.26427083,85.875,8.56,2.660208333,5.147408421,72.44231579,99.16895833,12
5292,26.26739583,32.60427083,22.26427083,85.875,8.56,2.660208333,5.019135789,70.736,99.16895833,18
5293,26.26739583,32.60427083,22.26427083,85.875,8.56,2.660208333,5.147408421,72.44231579,99.16895833,163
5294,26.26739583,32.60427083,22.26427083,85.875,8.56,2.660208333,4.624063158,75.42463158,99.16895833,144
5295,27.6371875,31.26458333,24.84895833,81.91104167,6.923645833,4.311145833,5.147408421,72.44231579,100.2564583,42
5296,26.26739583,32.60427083,22.26427083,85.875,8.56,2.660208333,4.624063158,75.42463158,99.16895833,24
5297,26.26739583,32.60427083,22.26427083,85.875,8.56,2.660208333,4.624063158,75.42463158,99.16895833,154
5298,26.26739583,32.60427083,22.26427083,85.875,8.56,2.660208333,5.019135789,70.736,99.16895833,110
5299,27.335,30.99875,24.725,82.1303125,7.547291667,3.733541667,5.147408421,72.44231579,99.58083333,14
5300,27.6371875,31.26458333,24.84895833,81.91104167,6.923645833,4.311145833,5.156048421,66.77442105,100.2564583,78
5301,27.6371875,31.26458333,24.84895833,81.91104167,6.923645833,4.311145833,5.156048421,66.77442105,100.2564583,418
5302,27.6371875,31.26458333,24.84895833,81.91104167,6.923645833,4.311145833,5.156048421,66.77442105,100.2564583,437
5303,26.08479167,32.4490625,22.14302083,85.17458333,9.240208333,2.817395833,5.156048421,66.77442105,98.7309375,13
5304,26.08479167,32.4490625,22.14302083,85.17458333,9.240208333,2.817395833,4.624063158,75.42463158,98.7309375,24
5305,27.68520833,31.75,24.42989583,80.21395833,7.524166667,4.4434375,5.156048421,66.77442105,99.97895833,5
5306,27.68520833,31.75,24.42989583,80.21395833,7.524166667,4.4434375,5.156048421,66.77442105,99.97895833,88
5307,26.08479167,32.4490625,22.14302083,85.17458333,9.240208333,2.817395833,4.624063158,75.42463158,98.7309375,169
5308,27.6371875,31.26458333,24.84895833,81.91104167,6.923645833,4.311145833,5.156048421,66.77442105,100.2564583,208
5309,27.68520833,31.75,24.42989583,80.21395833,7.524166667,4.4434375,5.156048421,66.77442105,99.97895833,5
5310,27.68520833,31.75,24.42989583,80.21395833,7.524166667,4.4434375,5.156048421,66.77442105,99.97895833,11
5311,27.6371875,31.26458333,24.84895833,81.91104167,6.923645833,4.311145833,5.156048421,66.77442105,100.2564583,297
5312,27.68520833,31.75,24.42989583,80.21395833,7.524166667,4.4434375,5.156048421,66.77442105,99.97895833,4
5313,27.6371875,31.26458333,24.84895833,81.91104167,6.923645833,4.311145833,5.156048421,66.77442105,100.2564583,169
5314,27.68520833,31.75,24.42989583,80.21395833,7.524166667,4.4434375,5.156048421,66.77442105,99.97895833,17
5315,27.6371875,31.26458333,24.84895833,81.91104167,6.923645833,4.311145833,5.156048421,66.77442105,100.2564583,345
5316,27.68520833,31.75,24.42989583,80.21395833,7.524166667,4.4434375,5.156048421,66.77442105,99.97895833,18
5317,27.68520833,31.75,24.42989583,80.21395833,7.524166667,4.4434375,5.156048421,66.77442105,99.97895833,7
5318,27.68520833,31.75,24.42989583,80.21395833,7.524166667,4.4434375,5.156048421,66.77442105,99.97895833,6
5319,26.26739583,32.60427083,22.26427083,85.875,8.56,2.660208333,5.156048421,66.77442105,99.16895833,315
5320,26.26739583,32.60427083,22.26427083,85.875,8.56,2.660208333,5.156048421,66.77442105,99.16895833,655
5321,27.68520833,31.75,24.42989583,80.21395833,7.524166667,4.4434375,5.156048421,66.77442105,99.97895833,14
5322,27.68520833,31.75,24.42989583,80.21395833,7.524166667,4.4434375,5.156048421,66.77442105,99.97895833,8
5323,27.68520833,31.75,24.42989583,80.21395833,7.524166667,4.4434375,5.156048421,66.77442105,99.97895833,117
5324,26.26739583,32.60427083,22.26427083,85.875,8.56,2.660208333,4.624063158,75.42463158,99.16895833,148
5325,26.26739583,32.60427083,22.26427083,85.875,8.56,2.660208333,4.624063158,75.42463158,99.16895833,7
5326,26.08479167,32.4490625,22.14302083,85.17458333,9.240208333,2.817395833,4.624063158,75.42463158,98.7309375,13
5327,26.26739583,32.60427083,22.26427083,85.875,8.56,2.660208333,4.624063158,75.42463158,99.16895833,22
5328,26.26739583,32.60427083,22.26427083,85.875,8.56,2.660208333,4.624063158,75.42463158,99.16895833,21
5329,26.26739583,32.60427083,22.26427083,85.875,8.56,2.660208333,4.624063158,75.42463158,99.16895833,214
5330,26.08479167,32.4490625,22.14302083,85.17458333,9.240208333,2.817395833,4.624063158,75.42463158,98.7309375,8
5331,26.08479167,32.4490625,22.14302083,85.17458333,9.240208333,2.817395833,4.624063158,75.42463158,98.7309375,10
5332,26.08479167,32.4490625,22.14302083,85.17458333,9.240208333,2.817395833,4.624063158,75.42463158,98.7309375,4
5333,26.26739583,32.60427083,22.26427083,85.875,8.56,2.660208333,4.624063158,75.42463158,99.16895833,263
5334,26.26739583,32.60427083,22.26427083,85.875,8.56,2.660208333,4.624063158,75.42463158,99.16895833,13
5335,26.26739583,32.60427083,22.26427083,85.875,8.56,2.660208333,4.624063158,75.42463158,99.16895833,385
5336,26.08479167,32.4490625,22.14302083,85.17458333,9.240208333,2.817395833,4.624063158,75.42463158,98.7309375,3
5337,26.08479167,32.4490625,22.14302083,85.17458333,9.240208333,2.817395833,4.624063158,75.42463158,98.7309375,7
5338,26.26739583,32.60427083,22.26427083,85.875,8.56,2.660208333,4.624063158,75.42463158,99.16895833,67
5339,26.26739583,32.60427083,22.26427083,85.875,8.56,2.660208333,4.624063158,75.42463158,99.16895833,285
5340,26.26739583,32.60427083,22.26427083,85.875,8.56,2.660208333,4.624063158,75.42463158,99.16895833,212
5341,26.08479167,32.4490625,22.14302083,85.17458333,9.240208333,2.817395833,4.624063158,75.42463158,98.7309375,9
5342,26.08479167,32.4490625,22.14302083,85.17458333,9.240208333,2.817395833,4.624063158,75.42463158,98.7309375,12
5343,26.08479167,32.4490625,22.14302083,85.17458333,9.240208333,2.817395833,4.624063158,75.42463158,98.7309375,11
5344,26.08479167,32.4490625,22.14302083,85.17458333,9.240208333,2.817395833,4.624063158,75.42463158,98.7309375,9
5345,26.26739583,32.60427083,22.26427083,85.875,8.56,2.660208333,4.624063158,75.42463158,99.16895833,14
5346,26.26739583,32.60427083,22.26427083,85.875,8.56,2.660208333,4.624063158,75.42463158,99.16895833,250
5347,26.26739583,32.60427083,22.26427083,85.875,8.56,2.660208333,4.624063158,75.42463158,99.16895833,106
5348,26.08479167,32.4490625,22.14302083,85.17458333,9.240208333,2.817395833,4.624063158,75.42463158,98.7309375,84
5349,26.08479167,32.4490625,22.14302083,85.17458333,9.240208333,2.817395833,4.624063158,75.42463158,98.7309375,9
5350,26.08479167,32.4490625,22.14302083,85.17458333,9.240208333,2.817395833,4.624063158,75.42463158,98.7309375,12
5351,26.26739583,32.60427083,22.26427083,85.875,8.56,2.660208333,4.624063158,75.42463158,99.16895833,129
5352,26.08479167,32.4490625,22.14302083,85.17458333,9.240208333,2.817395833,4.624063158,75.42463158,98.7309375,6
5353,26.26739583,32.60427083,22.26427083,85.875,8.56,2.660208333,4.624063158,75.42463158,99.16895833,13
5354,27.4303125,30.9028125,25.11677083,83.661875,8.905625,3.633541667,5.019135789,70.736,100.4525,10
5355,27.4303125,30.9028125,25.11677083,83.661875,8.905625,3.633541667,4.924152632,77.21978947,100.4525,6
5356,27.4303125,30.9028125,25.11677083,83.661875,8.905625,3.633541667,5.019135789,70.736,100.4525,26
5357,27.93041667,30.64,25.67302083,81.20583333,8.593645833,5.337083333,5.09982,69.86357895,100.6142708,12
5358,27.7840625,30.69125,25.84979167,82.41739583,10.113125,4.616145833,4.624063158,75.42463158,100.8653125,9
5359,27.14385417,31.0915625,24.13229167,82.51583333,9.993645833,5.145625,5.09982,69.86357895,99.91979167,8
5360,26.26739583,32.60427083,22.26427083,85.875,8.56,2.660208333,5.019135789,70.736,99.16895833,72
5361,27.93041667,30.64,25.67302083,81.20583333,8.593645833,5.337083333,5.09982,69.86357895,100.6142708,6
5362,26.26739583,32.60427083,22.26427083,85.875,8.56,2.660208333,4.624063158,75.42463158,99.16895833,236
5363,27.72104167,30.6971875,25.40291667,81.87708333,7.326145833,4.696666667,5.09982,69.86357895,100.3283333,5
5364,27.7840625,30.69125,25.84979167,82.41739583,10.113125,4.616145833,4.624063158,75.42463158,100.8653125,8
5365,27.14385417,31.0915625,24.13229167,82.51583333,9.993645833,5.145625,5.09982,69.86357895,99.91979167,52
5366,27.4303125,30.9028125,25.11677083,83.661875,8.905625,3.633541667,5.09982,69.86357895,100.4525,5
5367,27.68229167,30.3121875,25.81739583,82.77385417,10.04885417,4.338645833,4.624063158,75.42463158,100.6934375,7
5368,28.12770833,29.81708333,26.55479167,81.1375,8.8446875,5.986145833,4.924152632,77.21978947,100.93375,11
5369,27.14385417,31.0915625,24.13229167,82.51583333,9.993645833,5.145625,5.09982,69.86357895,99.91979167,9
5370,26.26739583,32.60427083,22.26427083,85.875,8.56,2.660208333,4.624063158,75.42463158,99.16895833,433
5371,27.4303125,30.9028125,25.11677083,83.661875,8.905625,3.633541667,5.019135789,70.736,100.4525,13
5372,27.72104167,30.6971875,25.40291667,81.87708333,7.326145833,4.696666667,5.09982,69.86357895,100.3283333,8
5373,27.4303125,30.9028125,25.11677083,83.661875,8.905625,3.633541667,4.624063158,75.42463158,100.4525,6
5374,27.93041667,30.64,25.67302083,81.20583333,8.593645833,5.337083333,5.09982,69.86357895,100.6142708,6
5375,27.4303125,30.9028125,25.11677083,83.661875,8.905625,3.633541667,5.019135789,70.736,100.4525,14
5376,27.4303125,30.9028125,25.11677083,83.661875,8.905625,3.633541667,5.019135789,70.736,100.4525,26
5377,27.7840625,30.69125,25.84979167,82.41739583,10.113125,4.616145833,4.624063158,75.42463158,100.8653125,9
5378,28.18916667,29.54989583,26.71625,81.11364583,7.630833333,6.042708333,4.924152632,77.21978947,101.0180208,5
5379,27.4303125,30.9028125,25.11677083,83.661875,8.905625,3.633541667,4.624063158,75.42463158,100.4525,5
5380,27.4303125,30.9028125,25.11677083,83.661875,8.905625,3.633541667,5.09982,69.86357895,100.4525,13
5381,27.4303125,30.9028125,25.11677083,83.661875,8.905625,3.633541667,5.09982,69.86357895,100.4525,6
5382,27.68229167,30.3121875,25.81739583,82.77385417,10.04885417,4.338645833,4.624063158,75.42463158,100.6934375,7
5383,27.4303125,30.9028125,25.11677083,83.661875,8.905625,3.633541667,4.924152632,77.21978947,100.4525,11
5384,27.68229167,30.3121875,25.81739583,82.77385417,10.04885417,4.338645833,4.624063158,75.42463158,100.6934375,5
5385,27.4303125,30.9028125,25.11677083,83.661875,8.905625,3.633541667,4.624063158,75.42463158,100.4525,74
5386,27.93041667,30.64,25.67302083,81.20583333,8.593645833,5.337083333,5.09982,69.86357895,100.6142708,10
5387,26.26739583,32.60427083,22.26427083,85.875,8.56,2.660208333,5.019135789,70.736,99.16895833,66
5389,27.93041667,30.64,25.67302083,81.20583333,8.593645833,5.337083333,5.09982,69.86357895,100.6142708,11
5390,26.26739583,32.60427083,22.26427083,85.875,8.56,2.660208333,5.019135789,70.736,99.16895833,203
5391,27.14385417,31.0915625,24.13229167,82.51583333,9.993645833,5.145625,5.09982,69.86357895,99.91979167,14
5392,27.4303125,30.9028125,25.11677083,83.661875,8.905625,3.633541667,4.624063158,75.42463158,100.4525,197
5393,26.26739583,32.60427083,22.26427083,85.875,8.56,2.660208333,5.019135789,70.736,99.16895833,50
5394,27.4303125,30.9028125,25.11677083,83.661875,8.905625,3.633541667,5.019135789,70.736,100.4525,6
5395,26.08479167,32.4490625,22.14302083,85.17458333,9.240208333,2.817395833,4.624063158,75.42463158,98.7309375,10
5396,26.08479167,32.4490625,22.14302083,85.17458333,9.240208333,2.817395833,4.624063158,75.42463158,98.7309375,9
5397,26.08479167,32.4490625,22.14302083,85.17458333,9.240208333,2.817395833,4.624063158,75.42463158,98.7309375,7
5398,26.08479167,32.4490625,22.14302083,85.17458333,9.240208333,2.817395833,4.624063158,75.42463158,98.7309375,9
5399,26.08479167,32.4490625,22.14302083,85.17458333,9.240208333,2.817395833,4.624063158,75.42463158,98.7309375,7
5400,26.08479167,32.4490625,22.14302083,85.17458333,9.240208333,2.817395833,4.624063158,75.42463158,98.7309375,196
5401,26.08479167,32.4490625,22.14302083,85.17458333,9.240208333,2.817395833,4.624063158,75.42463158,98.7309375,12
5402,26.08479167,32.4490625,22.14302083,85.17458333,9.240208333,2.817395833,4.624063158,75.42463158,98.7309375,7
5403,26.08479167,32.4490625,22.14302083,85.17458333,9.240208333,2.817395833,4.624063158,75.42463158,98.7309375,7
5404,26.08479167,32.4490625,22.14302083,85.17458333,9.240208333,2.817395833,4.624063158,75.42463158,98.7309375,25
5405,26.08479167,32.4490625,22.14302083,85.17458333,9.240208333,2.817395833,4.624063158,75.42463158,98.7309375,22
5406,26.08479167,32.4490625,22.14302083,85.17458333,9.240208333,2.817395833,4.624063158,75.42463158,98.7309375,12
5407,26.08479167,32.4490625,22.14302083,85.17458333,9.240208333,2.817395833,4.624063158,75.42463158,98.7309375,10
5408,26.08479167,32.4490625,22.14302083,85.17458333,9.240208333,2.817395833,4.624063158,75.42463158,98.7309375,60
5409,27.72104167,30.6971875,25.40291667,81.87708333,7.326145833,4.696666667,5.019135789,70.736,100.3283333,15
5410,27.72104167,30.6971875,25.40291667,81.87708333,7.326145833,4.696666667,5.019135789,70.736,100.3283333,8
5411,27.72104167,30.6971875,25.40291667,81.87708333,7.326145833,4.696666667,5.019135789,70.736,100.3283333,8
5412,27.72104167,30.6971875,25.40291667,81.87708333,7.326145833,4.696666667,5.019135789,70.736,100.3283333,9
5413,27.72104167,30.6971875,25.40291667,81.87708333,7.326145833,4.696666667,5.09982,69.86357895,100.3283333,41
5414,27.72104167,30.6971875,25.40291667,81.87708333,7.326145833,4.696666667,5.09982,69.86357895,100.3283333,22
5415,27.335,30.99875,24.725,82.1303125,7.547291667,3.733541667,5.147408421,72.44231579,99.58083333,30
5416,26.53145833,30.7121875,23.78697917,84.15510417,7.308333333,4.199791667,5.303652632,72.00357895,98.6496875,6
5417,28.51614583,30.27885417,26.69802083,79.53583333,7.164895833,4.780104167,5.147408421,72.44231579,100.938125,3
5418,28.479375,30.21791667,26.70822917,79.75416667,7.223958333,5.099479167,5.147408421,72.44231579,100.935,7
5419,26.53145833,30.7121875,23.78697917,84.15510417,7.308333333,4.199791667,5.110410526,72.76905263,98.6496875,23
5420,27.39010417,30.933125,24.70114583,80.69114583,8.580729167,3.483854167,5.147408421,72.44231579,99.274375,8
5421,27.335,30.99875,24.725,82.1303125,7.547291667,3.733541667,5.147408421,72.44231579,99.58083333,6
5422,26.53145833,30.7121875,23.78697917,84.15510417,7.308333333,4.199791667,5.303652632,72.00357895,98.6496875,6
5423,27.39010417,30.933125,24.70114583,80.69114583,8.580729167,3.483854167,5.303652632,72.00357895,99.274375,6
5424,26.53145833,30.7121875,23.78697917,84.15510417,7.308333333,4.199791667,5.110410526,72.76905263,98.6496875,7
5425,27.39010417,30.933125,24.70114583,80.69114583,8.580729167,3.483854167,5.147408421,72.44231579,99.274375,5
5426,27.77166667,30.760625,25.40364583,80.99666667,7.283020833,3.835,5.019135789,70.736,100.3002083,11
5427,25.50572917,31.13427083,21.91635417,86.10364583,7.034166667,2.926458333,5.110410526,72.76905263,97.4740625,14
5428,26.53145833,30.7121875,23.78697917,84.15510417,7.308333333,4.199791667,5.110410526,72.76905263,98.6496875,6
5430,27.77166667,30.760625,25.40364583,80.99666667,7.283020833,3.835,5.019135789,70.736,100.3002083,6
5431,25.50572917,31.13427083,21.91635417,86.10364583,7.034166667,2.926458333,5.110410526,72.76905263,97.4740625,12
5432,26.53145833,30.7121875,23.78697917,84.15510417,7.308333333,4.199791667,5.110410526,72.76905263,98.6496875,15
5433,27.77166667,30.760625,25.40364583,80.99666667,7.283020833,3.835,5.019135789,70.736,100.3002083,7
5434,25.50572917,31.13427083,21.91635417,86.10364583,7.034166667,2.926458333,5.019135789,70.736,97.4740625,10
5435,25.50572917,31.13427083,21.91635417,86.10364583,7.034166667,2.926458333,5.019135789,70.736,97.4740625,7
5436,27.77166667,30.760625,25.40364583,80.99666667,7.283020833,3.835,5.147408421,72.44231579,100.3002083,12
5437,26.53145833,30.7121875,23.78697917,84.15510417,7.308333333,4.199791667,5.110410526,72.76905263,98.6496875,7
5438,27.77166667,30.760625,25.40364583,80.99666667,7.283020833,3.835,5.019135789,70.736,100.3002083,6
5439,25.50572917,31.13427083,21.91635417,86.10364583,7.034166667,2.926458333,5.019135789,70.736,97.4740625,19
5440,25.50572917,31.13427083,21.91635417,86.10364583,7.034166667,2.926458333,5.019135789,70.736,97.4740625,20
5441,28.12927083,29.9028125,26.54177083,80.19552083,4.7325,4.4546875,5.005130526,77.13547368,100.4458333,11
5442,28.38947917,29.72489583,26.89677083,80.76541667,7.804270833,5.285208333,5.361576842,71.58210526,100.9513542,4
5443,28.28302083,29.49260417,26.90791667,81.03802083,6.5759375,5.2165625,5.075308421,74.23178947,100.8613542,5
5444,28.459375,29.62979167,27.08927083,80.29145833,5.835208333,4.7303125,5.118437895,77.02084211,100.8833333,4
5445,28.12447917,30.29395833,26.30666667,80.18375,5.0059375,4.274583333,4.966873684,77.63705263,100.451875,10
5446,27.71947917,29.8671875,25.908125,80.37322917,4.7459375,4.196979167,4.966873684,77.63705263,99.80947917,6
5447,28.34614583,30.96479167,26.03197917,78.30427083,7.112708333,4.965729167,5.350315789,70.30557895,100.5540625,13
5448,28.3078125,29.50979167,26.85666667,81.235,5.3509375,4.849479167,5.317347368,78.34242105,100.9344792,3
5449,28.34614583,30.96479167,26.03197917,78.30427083,7.112708333,4.965729167,5.361576842,71.58210526,100.5540625,17
5450,28.34614583,30.96479167,26.03197917,78.30427083,7.112708333,4.965729167,5.361576842,71.58210526,100.5540625,39
5451,28.38947917,29.72489583,26.89677083,80.76541667,7.804270833,5.285208333,5.328472632,74.77042105,100.9513542,5
5452,28.28302083,29.49260417,26.90791667,81.03802083,6.5759375,5.2165625,5.075308421,74.23178947,100.8613542,18
5453,28.499375,29.68354167,26.98114583,79.8871875,5.539166667,5.344270833,5.240429474,74.042,100.875625,6
5454,28.3128125,29.2934375,26.94947917,82.06010417,5.62625,6.228020833,5.175254737,75.25915789,100.9386458,6
5455,28.4103125,29.724375,26.88208333,80.22,6.692395833,5.503854167,5.240429474,74.042,100.8557292,26
5456,28.38947917,29.72489583,26.89677083,80.76541667,7.804270833,5.285208333,5.328472632,74.77042105,100.9513542,31
5457,27.90333333,30.16375,26.0140625,79.37125,4.828125,4.324583333,5.005130526,77.13547368,99.85270833,8
5458,28.06385417,30.64,26.0675,79.4121875,4.953854167,4.471770833,5.005130526,77.13547368,100.1798958,36
5459,27.71947917,29.8671875,25.908125,80.37322917,4.7459375,4.196979167,5.221242105,76.99936842,99.80947917,15
5460,28.19708333,30.3690625,26.38677083,78.90229167,4.891041667,4.3528125,5.221242105,76.99936842,100.1653125,6
5461,28.05822917,30.89666667,25.9328125,79.7953125,5.366145833,4.8315625,5.075308421,74.23178947,100.4388542,4
5462,28.05822917,30.89666667,25.9328125,79.7953125,5.366145833,4.8315625,5.075308421,74.23178947,100.4388542,13
5463,27.71947917,29.8671875,25.908125,80.37322917,4.7459375,4.196979167,5.105934737,76.93842105,99.80947917,20
5464,28.3471875,30.13927083,26.67229167,79.788125,5.5365625,5.26375,5.075308421,74.23178947,100.7111458,6
5465,28.23114583,29.94416667,26.6475,80.8559375,6.9521875,5.3903125,5.207246316,74.34389474,100.8489583,8
5466,28.2909375,29.98583333,26.70989583,80.59895833,6.559583333,5.215833333,5.207246316,74.34389474,100.9176042,11
5467,27.98822917,29.75520833,26.24822917,81.16364583,7.9025,5.458958333,5.207246316,74.34389474,100.37,7
5468,28.23114583,29.94416667,26.6475,80.8559375,6.9521875,5.3903125,5.207246316,74.34389474,100.8489583,5
5469,28.2909375,29.98583333,26.70989583,80.59895833,6.559583333,5.215833333,5.110410526,72.76905263,100.9176042,0
5470,28.2909375,29.98583333,26.70989583,80.59895833,6.559583333,5.215833333,5.207246316,74.34389474,100.9176042,14
5471,28.23114583,29.94416667,26.6475,80.8559375,6.9521875,5.3903125,5.110410526,72.76905263,100.8489583,4
5472,28.23114583,29.94416667,26.6475,80.8559375,6.9521875,5.3903125,5.110410526,72.76905263,100.8489583,5
5473,27.98822917,29.75520833,26.24822917,81.16364583,7.9025,5.458958333,5.207246316,74.34389474,100.37,7
5474,28.23114583,29.94416667,26.6475,80.8559375,6.9521875,5.3903125,5.110410526,72.76905263,100.8489583,8
5475,27.98822917,29.75520833,26.24822917,81.16364583,7.9025,5.458958333,5.207246316,74.34389474,100.37,5
5476,28.23114583,29.94416667,26.6475,80.8559375,6.9521875,5.3903125,5.207246316,74.34389474,100.8489583,6
5477,28.23114583,29.94416667,26.6475,80.8559375,6.9521875,5.3903125,5.207246316,74.34389474,100.8489583,6
5478,27.98822917,29.75520833,26.24822917,81.16364583,7.9025,5.458958333,5.207246316,74.34389474,100.37,9
5479,28.06458333,29.82270833,26.41020833,81.95364583,7.985729167,5.655729167,5.110410526,72.76905263,100.7292708,14
5480,28.06458333,29.82270833,26.41020833,81.95364583,7.985729167,5.655729167,5.110410526,72.76905263,100.7292708,5
5481,28.23114583,29.94416667,26.6475,80.8559375,6.9521875,5.3903125,5.207246316,74.34389474,100.8489583,9
5482,27.27895833,30.0096875,24.99197917,82.70822917,10.05927083,5.000833333,4.910030526,68.59378947,99.86114583,5
5483,26.9140625,31.54104167,23.8084375,84.83322917,9.3496875,3.781770833,4.910030526,68.59378947,99.9765625,129
5484,27.27895833,30.0096875,24.99197917,82.70822917,10.05927083,5.000833333,4.910030526,68.59378947,99.86114583,34
5486,26.9140625,31.54104167,23.8084375,84.83322917,9.3496875,3.781770833,4.910030526,68.59378947,99.9765625,73
5487,26.9140625,31.54104167,23.8084375,84.83322917,9.3496875,3.781770833,4.910030526,68.59378947,99.9765625,38
5488,26.9140625,31.54104167,23.8084375,84.83322917,9.3496875,3.781770833,4.910030526,68.59378947,99.9765625,11
5489,27.45708333,31.47260417,24.25177083,81.84239583,9.3003125,4.866041667,4.910030526,68.59378947,100.3226042,14
5490,27.27895833,30.0096875,24.99197917,82.70822917,10.05927083,5.000833333,4.910030526,68.59378947,99.86114583,11
5491,27.27895833,30.0096875,24.99197917,82.70822917,10.05927083,5.000833333,4.910030526,68.59378947,99.86114583,7
5492,26.9140625,31.54104167,23.8084375,84.83322917,9.3496875,3.781770833,4.910030526,68.59378947,99.9765625,19
5493,27.27895833,30.0096875,24.99197917,82.70822917,10.05927083,5.000833333,4.910030526,68.59378947,99.86114583,35
5494,26.9140625,31.54104167,23.8084375,84.83322917,9.3496875,3.781770833,4.910030526,68.59378947,99.9765625,5
5495,27.27895833,30.0096875,24.99197917,82.70822917,10.05927083,5.000833333,4.910030526,68.59378947,99.86114583,26
5496,28.28604167,29.6771875,26.8740625,81.39552083,10.00052083,5.815729167,5.094541053,70.21852632,100.9720833,5
5497,26.9140625,31.54104167,23.8084375,84.83322917,9.3496875,3.781770833,4.910030526,68.59378947,99.9765625,19
5498,27.27895833,30.0096875,24.99197917,82.70822917,10.05927083,5.000833333,4.910030526,68.59378947,99.86114583,10
5499,27.27895833,30.0096875,24.99197917,82.70822917,10.05927083,5.000833333,4.910030526,68.59378947,99.86114583,11
5500,27.7975,30.61885417,25.5578125,81.03375,10.03229167,5.718541667,4.924152632,77.21978947,100.4803125,14
5501,28.12770833,29.81708333,26.55479167,81.1375,8.8446875,5.986145833,4.924152632,77.21978947,100.93375,3
5502,27.7975,30.61885417,25.5578125,81.03375,10.03229167,5.718541667,4.924152632,77.21978947,100.4803125,14
5503,28.12770833,29.81708333,26.55479167,81.1375,8.8446875,5.986145833,4.924152632,77.21978947,100.93375,5
5504,27.7975,30.61885417,25.5578125,81.03375,10.03229167,5.718541667,4.924152632,77.21978947,100.4803125,19
5505,27.7975,30.61885417,25.5578125,81.03375,10.03229167,5.718541667,5.266742105,73.10905263,100.4803125,6
5506,28.12770833,29.81708333,26.55479167,81.1375,8.8446875,5.986145833,4.924152632,77.21978947,100.93375,5
5508,27.7975,30.61885417,25.5578125,81.03375,10.03229167,5.718541667,4.924152632,77.21978947,100.4803125,38
5509,27.14385417,31.0915625,24.13229167,82.51583333,9.993645833,5.145625,4.924152632,77.21978947,99.91979167,40
5510,27.7975,30.61885417,25.5578125,81.03375,10.03229167,5.718541667,4.924152632,77.21978947,100.4803125,13
5511,27.7975,30.61885417,25.5578125,81.03375,10.03229167,5.718541667,4.924152632,77.21978947,100.4803125,8
5512,27.45708333,31.47260417,24.25177083,81.84239583,9.3003125,4.866041667,4.910030526,68.59378947,100.3226042,13
5513,27.45708333,31.47260417,24.25177083,81.84239583,9.3003125,4.866041667,4.910030526,68.59378947,100.3226042,13
5514,27.45708333,31.47260417,24.25177083,81.84239583,9.3003125,4.866041667,4.910030526,68.59378947,100.3226042,12
5515,27.45708333,31.47260417,24.25177083,81.84239583,9.3003125,4.866041667,4.910030526,68.59378947,100.3226042,6
5516,27.27895833,30.0096875,24.99197917,82.70822917,10.05927083,5.000833333,4.910030526,68.59378947,99.86114583,87
5517,27.45708333,31.47260417,24.25177083,81.84239583,9.3003125,4.866041667,4.910030526,68.59378947,100.3226042,11
5518,27.45708333,31.47260417,24.25177083,81.84239583,9.3003125,4.866041667,4.910030526,68.59378947,100.3226042,4
5519,27.45708333,31.47260417,24.25177083,81.84239583,9.3003125,4.866041667,4.910030526,68.59378947,100.3226042,4
5520,27.45708333,31.47260417,24.25177083,81.84239583,9.3003125,4.866041667,4.910030526,68.59378947,100.3226042,5
5521,27.45708333,31.47260417,24.25177083,81.84239583,9.3003125,4.866041667,4.910030526,68.59378947,100.3226042,6
5522,27.93145833,29.90270833,26.15645833,81.29364583,9.626458333,5.738958333,4.910030526,68.59378947,100.5496875,15
5523,27.14385417,31.0915625,24.13229167,82.51583333,9.993645833,5.145625,5.09982,69.86357895,99.91979167,9
5524,27.45708333,31.47260417,24.25177083,81.84239583,9.3003125,4.866041667,4.910030526,68.59378947,100.3226042,3
5525,27.93145833,29.90270833,26.15645833,81.29364583,9.626458333,5.738958333,4.910030526,68.59378947,100.5496875,4
5526,27.27895833,30.0096875,24.99197917,82.70822917,10.05927083,5.000833333,4.910030526,68.59378947,99.86114583,75
5527,27.45708333,31.47260417,24.25177083,81.84239583,9.3003125,4.866041667,4.910030526,68.59378947,100.3226042,17
5528,27.27895833,30.0096875,24.99197917,82.70822917,10.05927083,5.000833333,4.910030526,68.59378947,99.86114583,15
5529,27.45708333,31.47260417,24.25177083,81.84239583,9.3003125,4.866041667,4.910030526,68.59378947,100.3226042,6
5530,27.7975,30.61885417,25.5578125,81.03375,10.03229167,5.718541667,5.09982,69.86357895,100.4803125,23
5531,27.45708333,31.47260417,24.25177083,81.84239583,9.3003125,4.866041667,4.910030526,68.59378947,100.3226042,5
5532,27.45708333,31.47260417,24.25177083,81.84239583,9.3003125,4.866041667,4.910030526,68.59378947,100.3226042,5
5533,27.45708333,31.47260417,24.25177083,81.84239583,9.3003125,4.866041667,4.910030526,68.59378947,100.3226042,4
5534,27.45708333,31.47260417,24.25177083,81.84239583,9.3003125,4.866041667,4.910030526,68.59378947,100.3226042,13
5535,27.45708333,31.47260417,24.25177083,81.84239583,9.3003125,4.866041667,4.910030526,68.59378947,100.3226042,9
5536,27.45708333,31.47260417,24.25177083,81.84239583,9.3003125,4.866041667,4.910030526,68.59378947,100.3226042,49
5537,27.45708333,31.47260417,24.25177083,81.84239583,9.3003125,4.866041667,4.910030526,68.59378947,100.3226042,8
5538,27.45708333,31.47260417,24.25177083,81.84239583,9.3003125,4.866041667,4.910030526,68.59378947,100.3226042,37
5539,27.45708333,31.47260417,24.25177083,81.84239583,9.3003125,4.866041667,4.910030526,68.59378947,100.3226042,34
5541,27.14385417,31.0915625,24.13229167,82.51583333,9.993645833,5.145625,5.09982,69.86357895,99.91979167,6
5542,27.27895833,30.0096875,24.99197917,82.70822917,10.05927083,5.000833333,4.910030526,68.59378947,99.86114583,12
5543,27.45708333,31.47260417,24.25177083,81.84239583,9.3003125,4.866041667,4.910030526,68.59378947,100.3226042,7
5544,27.27895833,30.0096875,24.99197917,82.70822917,10.05927083,5.000833333,4.910030526,68.59378947,99.86114583,35
5545,27.7975,30.61885417,25.5578125,81.03375,10.03229167,5.718541667,5.09982,69.86357895,100.4803125,17
5546,27.7975,30.61885417,25.5578125,81.03375,10.03229167,5.718541667,5.266742105,73.10905263,100.4803125,19
5547,27.27895833,30.0096875,24.99197917,82.70822917,10.05927083,5.000833333,4.910030526,68.59378947,99.86114583,64
5548,27.7975,30.61885417,25.5578125,81.03375,10.03229167,5.718541667,4.910030526,68.59378947,100.4803125,5
5549,27.99354167,29.776875,26.31854167,81.50875,9.892291667,5.956666667,5.094541053,70.21852632,100.6288542,3
5550,27.74052083,29.65114583,25.993125,82.31895833,9.987083333,5.8034375,5.094541053,70.21852632,100.2729167,4
5551,27.74052083,29.65114583,25.993125,82.31895833,9.987083333,5.8034375,5.094541053,70.21852632,100.2729167,7
5552,27.99354167,29.776875,26.31854167,81.50875,9.892291667,5.956666667,5.094541053,70.21852632,100.6288542,5
5553,27.99354167,29.776875,26.31854167,81.50875,9.892291667,5.956666667,5.094541053,70.21852632,100.6288542,6
5554,27.99354167,29.776875,26.31854167,81.50875,9.892291667,5.956666667,5.28066,72.31063158,100.6288542,3
5555,27.99354167,29.776875,26.31854167,81.50875,9.892291667,5.956666667,5.094541053,70.21852632,100.6288542,6
5556,27.74052083,29.65114583,25.993125,82.31895833,9.987083333,5.8034375,5.094541053,70.21852632,100.2729167,4
5557,27.74052083,29.65114583,25.993125,82.31895833,9.987083333,5.8034375,5.094541053,70.21852632,100.2729167,21
5558,27.99354167,29.776875,26.31854167,81.50875,9.892291667,5.956666667,5.094541053,70.21852632,100.6288542,6
5559,27.74052083,29.65114583,25.993125,82.31895833,9.987083333,5.8034375,5.094541053,70.21852632,100.2729167,7
5560,28.24479167,30.39083333,26.38572917,81.0521875,8.0825,5.342395833,5.105895789,74.19736842,100.8639583,6
5561,27.59541667,30.82,25.31072917,83.92979167,8.263229167,4.182708333,5.105895789,74.19736842,100.6177083,8
5562,28.29666667,30.17145833,26.5759375,81.18927083,7.3115625,5.401145833,5.105895789,74.19736842,100.9029167,10
5563,27.59541667,30.82,25.31072917,83.92979167,8.263229167,4.182708333,5.105895789,74.19736842,100.6177083,22
5564,27.83197917,30.58604167,25.61958333,82.90614583,7.126875,4.511666667,5.264636842,77.99389474,100.6808333,27
5565,27.83197917,30.58604167,25.61958333,82.90614583,7.126875,4.511666667,5.264636842,77.99389474,100.6808333,9
5566,28.119375,30.43447917,26.11697917,81.05541667,7.9675,5.156354167,5.105895789,74.19736842,100.8183333,9
5567,27.83197917,30.58604167,25.61958333,82.90614583,7.126875,4.511666667,5.105895789,74.19736842,100.6808333,6
5568,28.34104167,30.06177083,26.74854167,80.94604167,6.676145833,5.062604167,5.046026316,77.45989474,100.93375,10
5569,28.29666667,30.17145833,26.5759375,81.18927083,7.3115625,5.401145833,5.105895789,74.19736842,100.9029167,7
5570,27.59541667,30.82,25.31072917,83.92979167,8.263229167,4.182708333,5.105895789,74.19736842,100.6177083,13
5571,27.83197917,30.58604167,25.61958333,82.90614583,7.126875,4.511666667,5.105895789,74.19736842,100.6808333,7
5572,27.59541667,30.82,25.31072917,83.92979167,8.263229167,4.182708333,5.105895789,74.19736842,100.6177083,23
5573,27.59541667,30.82,25.31072917,83.92979167,8.263229167,4.182708333,5.105895789,74.19736842,100.6177083,6
5574,27.83197917,30.58604167,25.61958333,82.90614583,7.126875,4.511666667,5.105895789,74.19736842,100.6808333,7
5575,27.83197917,30.58604167,25.61958333,82.90614583,7.126875,4.511666667,5.046026316,77.45989474,100.6808333,21
5576,27.83197917,30.58604167,25.61958333,82.90614583,7.126875,4.511666667,5.264636842,77.99389474,100.6808333,6
5577,27.59541667,30.82,25.31072917,83.92979167,8.263229167,4.182708333,5.105895789,74.19736842,100.6177083,5
5578,27.59541667,30.82,25.31072917,83.92979167,8.263229167,4.182708333,5.105895789,74.19736842,100.6177083,10
5579,28.119375,30.43447917,26.11697917,81.05541667,7.9675,5.156354167,5.09982,69.86357895,100.8183333,10
5580,27.83197917,30.58604167,25.61958333,82.90614583,7.126875,4.511666667,5.105895789,74.19736842,100.6808333,10
5581,28.28604167,29.6771875,26.8740625,81.39552083,10.00052083,5.815729167,4.996752632,72.05905263,100.9720833,6
5582,27.59541667,30.82,25.31072917,83.92979167,8.263229167,4.182708333,5.105895789,74.19736842,100.6177083,7
5583,28.28604167,29.6771875,26.8740625,81.39552083,10.00052083,5.815729167,4.996752632,72.05905263,100.9720833,9
5584,26.9140625,31.54104167,23.8084375,84.83322917,9.3496875,3.781770833,4.996752632,72.05905263,99.9765625,7
5585,26.9140625,31.54104167,23.8084375,84.83322917,9.3496875,3.781770833,5.105895789,74.19736842,99.9765625,29
5586,26.9140625,31.54104167,23.8084375,84.83322917,9.3496875,3.781770833,5.105895789,74.19736842,99.9765625,6
5587,28.28604167,29.6771875,26.8740625,81.39552083,10.00052083,5.815729167,4.996752632,72.05905263,100.9720833,6
5588,27.59541667,30.82,25.31072917,83.92979167,8.263229167,4.182708333,4.996752632,72.05905263,100.6177083,41
5589,26.9140625,31.54104167,23.8084375,84.83322917,9.3496875,3.781770833,5.105895789,74.19736842,99.9765625,12
5590,26.9140625,31.54104167,23.8084375,84.83322917,9.3496875,3.781770833,5.105895789,74.19736842,99.9765625,5
5591,27.16260417,32.03625,24.309375,84.9415625,8.2021875,3.396770833,4.996752632,72.05905263,100.2764583,3
5592,26.9140625,31.54104167,23.8084375,84.83322917,9.3496875,3.781770833,5.105895789,74.19736842,99.9765625,6
5593,28.28604167,29.6771875,26.8740625,81.39552083,10.00052083,5.815729167,5.094541053,70.21852632,100.9720833,6
5594,27.16260417,32.03625,24.309375,84.9415625,8.2021875,3.396770833,4.996752632,72.05905263,100.2764583,4
5595,26.9140625,31.54104167,23.8084375,84.83322917,9.3496875,3.781770833,4.996752632,72.05905263,99.9765625,5
5596,26.89427083,31.27645833,23.8059375,84.50489583,7.811145833,3.5653125,4.910195789,75.07610526,99.634375,12
5597,26.89427083,31.27645833,23.8059375,84.50489583,7.811145833,3.5653125,4.910195789,75.07610526,99.634375,9
5598,26.89427083,31.27645833,23.8059375,84.50489583,7.811145833,3.5653125,4.910195789,75.07610526,99.634375,19
5599,26.89427083,31.27645833,23.8059375,84.50489583,7.811145833,3.5653125,4.910195789,75.07610526,99.634375,7
5600,28.06458333,29.82270833,26.41020833,81.95364583,7.985729167,5.655729167,5.340390526,73.35778947,100.7292708,0
5601,28.06458333,29.82270833,26.41020833,81.95364583,7.985729167,5.655729167,4.910195789,75.07610526,100.7292708,5
5602,26.89427083,31.27645833,23.8059375,84.50489583,7.811145833,3.5653125,4.910195789,75.07610526,99.634375,9
5603,26.89427083,31.27645833,23.8059375,84.50489583,7.811145833,3.5653125,4.910195789,75.07610526,99.634375,17
5604,26.89427083,31.27645833,23.8059375,84.50489583,7.811145833,3.5653125,4.910195789,75.07610526,99.634375,54
5605,26.89427083,31.27645833,23.8059375,84.50489583,7.811145833,3.5653125,4.910195789,75.07610526,99.634375,40
5606,26.89427083,31.27645833,23.8059375,84.50489583,7.811145833,3.5653125,4.910195789,75.07610526,99.634375,10
5607,28.06458333,29.82270833,26.41020833,81.95364583,7.985729167,5.655729167,5.340390526,73.35778947,100.7292708,7
5608,26.89427083,31.27645833,23.8059375,84.50489583,7.811145833,3.5653125,4.910195789,75.07610526,99.634375,22
5609,28.06458333,29.82270833,26.41020833,81.95364583,7.985729167,5.655729167,4.910195789,75.07610526,100.7292708,6
5610,26.89427083,31.27645833,23.8059375,84.50489583,7.811145833,3.5653125,4.910195789,75.07610526,99.634375,6
5611,26.89427083,31.27645833,23.8059375,84.50489583,7.811145833,3.5653125,4.910195789,75.07610526,99.634375,11
5612,28.2946875,29.739375,26.73177083,81.0590625,7.276770833,5.391458333,4.910195789,75.07610526,100.8959375,6
5613,28.37125,30.59739583,26.47114583,80.22854167,7.4171875,4.746875,5.328472632,74.77042105,100.7338542,5
5614,28.16010417,30.92833333,25.9809375,80.17104167,7.92875,4.642708333,4.910195789,75.07610526,100.3651042,8
5615,28.16010417,30.92833333,25.9809375,80.17104167,7.92875,4.642708333,5.328472632,74.77042105,100.3651042,10
5616,28.16010417,30.92833333,25.9809375,80.17104167,7.92875,4.642708333,4.910195789,75.07610526,100.3651042,21
5617,28.18041667,29.83833333,26.54145833,81.4890625,7.971145833,5.756041667,5.340390526,73.35778947,100.7961458,0
5618,27.98145833,30.29052083,26.07614583,81.52489583,8.497916667,5.116666667,4.910195789,75.07610526,100.3532292,4
5619,28.37125,30.59739583,26.47114583,80.22854167,7.4171875,4.746875,5.328472632,74.77042105,100.7338542,9
5620,28.16010417,30.92833333,25.9809375,80.17104167,7.92875,4.642708333,4.910195789,75.07610526,100.3651042,8
5621,28.06458333,29.82270833,26.41020833,81.95364583,7.985729167,5.655729167,5.340390526,73.35778947,100.7292708,9
5622,27.98145833,30.29052083,26.07614583,81.52489583,8.497916667,5.116666667,4.910195789,75.07610526,100.3532292,6
5623,28.16010417,30.92833333,25.9809375,80.17104167,7.92875,4.642708333,5.328472632,74.77042105,100.3651042,14
5624,28.37125,30.59739583,26.47114583,80.22854167,7.4171875,4.746875,5.328472632,74.77042105,100.7338542,19
5625,28.16010417,30.92833333,25.9809375,80.17104167,7.92875,4.642708333,5.215564211,72.97126316,100.3651042,106
5626,27.98145833,30.29052083,26.07614583,81.52489583,8.497916667,5.116666667,4.910195789,75.07610526,100.3532292,6
5627,28.16010417,30.92833333,25.9809375,80.17104167,7.92875,4.642708333,5.215564211,72.97126316,100.3651042,26
5628,27.98145833,30.29052083,26.07614583,81.52489583,8.497916667,5.116666667,4.910195789,75.07610526,100.3532292,7
5629,28.37125,30.59739583,26.47114583,80.22854167,7.4171875,4.746875,5.328472632,74.77042105,100.7338542,11
5630,28.16010417,30.92833333,25.9809375,80.17104167,7.92875,4.642708333,4.910195789,75.07610526,100.3651042,68
5631,26.89427083,31.27645833,23.8059375,84.50489583,7.811145833,3.5653125,4.910195789,75.07610526,99.634375,18
5632,26.89427083,31.27645833,23.8059375,84.50489583,7.811145833,3.5653125,4.910195789,75.07610526,99.634375,15
5633,26.89427083,31.27645833,23.8059375,84.50489583,7.811145833,3.5653125,4.910195789,75.07610526,99.634375,23
5634,26.89427083,31.27645833,23.8059375,84.50489583,7.811145833,3.5653125,4.910195789,75.07610526,99.634375,28
5635,26.89427083,31.27645833,23.8059375,84.50489583,7.811145833,3.5653125,4.910195789,75.07610526,99.634375,6
5636,26.89427083,31.27645833,23.8059375,84.50489583,7.811145833,3.5653125,4.910195789,75.07610526,99.634375,30
5637,26.89427083,31.27645833,23.8059375,84.50489583,7.811145833,3.5653125,4.910195789,75.07610526,99.634375,14
5638,26.89427083,31.27645833,23.8059375,84.50489583,7.811145833,3.5653125,4.910195789,75.07610526,99.634375,22
5639,26.89427083,31.27645833,23.8059375,84.50489583,7.811145833,3.5653125,4.910195789,75.07610526,99.634375,6
5640,26.89427083,31.27645833,23.8059375,84.50489583,7.811145833,3.5653125,4.910195789,75.07610526,99.634375,13
5641,27.95104167,30.416875,25.86510417,82.3859375,6.929166667,4.677395833,4.910195789,75.07610526,100.7084375,6
5642,27.95104167,30.416875,25.86510417,82.3859375,6.929166667,4.677395833,4.910195789,75.07610526,100.7084375,2
5643,27.95104167,30.416875,25.86510417,82.3859375,6.929166667,4.677395833,4.910195789,75.07610526,100.7084375,9
5644,26.89427083,31.27645833,23.8059375,84.50489583,7.811145833,3.5653125,4.910195789,75.07610526,99.634375,0
5645,26.89427083,31.27645833,23.8059375,84.50489583,7.811145833,3.5653125,4.910195789,75.07610526,99.634375,23
5646,26.89427083,31.27645833,23.8059375,84.50489583,7.811145833,3.5653125,4.910195789,75.07610526,99.634375,16
5647,26.89427083,31.27645833,23.8059375,84.50489583,7.811145833,3.5653125,4.910195789,75.07610526,99.634375,45
5648,27.84520833,30.90125,25.45229167,82.14885417,7.347291667,4.542291667,5.215564211,72.97126316,100.3970833,72
5649,27.84520833,30.90125,25.45229167,82.14885417,7.347291667,4.542291667,5.215564211,72.97126316,100.3970833,171
5650,27.84520833,30.90125,25.45229167,82.14885417,7.347291667,4.542291667,5.215564211,72.97126316,100.3970833,54
5651,27.84520833,30.90125,25.45229167,82.14885417,7.347291667,4.542291667,5.215564211,72.97126316,100.3970833,5
5652,27.84520833,30.90125,25.45229167,82.14885417,7.347291667,4.542291667,5.215564211,72.97126316,100.3970833,108
5653,27.16708333,30.99875,24.439375,84.25385417,7.470520833,3.942708333,5.264636842,77.99389474,99.79572917,12
5654,26.22520833,31.27583333,22.5390625,85.82447917,7.765104167,3.806979167,5.215564211,72.97126316,98.705625,68
5655,26.22520833,31.27583333,22.5390625,85.82447917,7.765104167,3.806979167,5.215564211,72.97126316,98.705625,20
5656,26.22520833,31.27583333,22.5390625,85.82447917,7.765104167,3.806979167,5.215564211,72.97126316,98.705625,83
5657,27.95104167,30.416875,25.86510417,82.3859375,6.929166667,4.677395833,5.264636842,77.99389474,100.7084375,10
5658,27.16708333,30.99875,24.439375,84.25385417,7.470520833,3.942708333,4.910195789,75.07610526,99.79572917,7
5659,26.22520833,31.27583333,22.5390625,85.82447917,7.765104167,3.806979167,5.215564211,72.97126316,98.705625,16
5660,27.16708333,30.99875,24.439375,84.25385417,7.470520833,3.942708333,4.910195789,75.07610526,99.79572917,13
5661,27.95104167,30.416875,25.86510417,82.3859375,6.929166667,4.677395833,5.264636842,77.99389474,100.7084375,24
5662,26.22520833,31.27583333,22.5390625,85.82447917,7.765104167,3.806979167,4.910195789,75.07610526,98.705625,78
5663,26.22520833,31.27583333,22.5390625,85.82447917,7.765104167,3.806979167,5.215564211,72.97126316,98.705625,63
5664,26.22520833,31.27583333,22.5390625,85.82447917,7.765104167,3.806979167,4.910195789,75.07610526,98.705625,65
5665,27.95104167,30.416875,25.86510417,82.3859375,6.929166667,4.677395833,5.264636842,77.99389474,100.7084375,6
5666,26.22520833,31.27583333,22.5390625,85.82447917,7.765104167,3.806979167,4.910195789,75.07610526,98.705625,41
5667,27.16708333,30.99875,24.439375,84.25385417,7.470520833,3.942708333,5.264636842,77.99389474,99.79572917,9
5668,26.22520833,31.27583333,22.5390625,85.82447917,7.765104167,3.806979167,4.910195789,75.07610526,98.705625,31
5669,26.22520833,31.27583333,22.5390625,85.82447917,7.765104167,3.806979167,4.910195789,75.07610526,98.705625,50
5670,26.22520833,31.27583333,22.5390625,85.82447917,7.765104167,3.806979167,5.215564211,72.97126316,98.705625,7
5671,27.95104167,30.416875,25.86510417,82.3859375,6.929166667,4.677395833,5.264636842,77.99389474,100.7084375,19
5672,27.84520833,30.90125,25.45229167,82.14885417,7.347291667,4.542291667,5.215564211,72.97126316,100.3970833,10
5673,27.84520833,30.90125,25.45229167,82.14885417,7.347291667,4.542291667,5.215564211,72.97126316,100.3970833,49
5674,27.84520833,30.90125,25.45229167,82.14885417,7.347291667,4.542291667,5.215564211,72.97126316,100.3970833,9
5675,26.22520833,31.27583333,22.5390625,85.82447917,7.765104167,3.806979167,5.215564211,72.97126316,98.705625,68
5676,26.22520833,31.27583333,22.5390625,85.82447917,7.765104167,3.806979167,4.910195789,75.07610526,98.705625,183
5677,26.22520833,31.27583333,22.5390625,85.82447917,7.765104167,3.806979167,5.215564211,72.97126316,98.705625,11
5678,27.16708333,30.99875,24.439375,84.25385417,7.470520833,3.942708333,4.910195789,75.07610526,99.79572917,90
5679,26.22520833,31.27583333,22.5390625,85.82447917,7.765104167,3.806979167,5.215564211,72.97126316,98.705625,71
5680,26.22520833,31.27583333,22.5390625,85.82447917,7.765104167,3.806979167,5.215564211,72.97126316,98.705625,90
5681,27.84520833,30.90125,25.45229167,82.14885417,7.347291667,4.542291667,5.215564211,72.97126316,100.3970833,26
5682,26.22520833,31.27583333,22.5390625,85.82447917,7.765104167,3.806979167,5.215564211,72.97126316,98.705625,42
5683,26.22520833,31.27583333,22.5390625,85.82447917,7.765104167,3.806979167,5.215564211,72.97126316,98.705625,22
5684,27.84520833,30.90125,25.45229167,82.14885417,7.347291667,4.542291667,5.215564211,72.97126316,100.3970833,7
5685,26.22520833,31.27583333,22.5390625,85.82447917,7.765104167,3.806979167,5.215564211,72.97126316,98.705625,19
5686,26.22520833,31.27583333,22.5390625,85.82447917,7.765104167,3.806979167,5.215564211,72.97126316,98.705625,29
5687,27.95104167,30.416875,25.86510417,82.3859375,6.929166667,4.677395833,5.264636842,77.99389474,100.7084375,30
5688,26.22520833,31.27583333,22.5390625,85.82447917,7.765104167,3.806979167,4.910195789,75.07610526,98.705625,35
5689,28.37125,30.59739583,26.47114583,80.22854167,7.4171875,4.746875,5.215564211,72.97126316,100.7338542,16
5690,26.22520833,31.27583333,22.5390625,85.82447917,7.765104167,3.806979167,5.215564211,72.97126316,98.705625,40
5691,27.16708333,30.99875,24.439375,84.25385417,7.470520833,3.942708333,4.910195789,75.07610526,99.79572917,125
5692,26.22520833,31.27583333,22.5390625,85.82447917,7.765104167,3.806979167,5.215564211,72.97126316,98.705625,37
5693,27.95104167,30.416875,25.86510417,82.3859375,6.929166667,4.677395833,5.264636842,77.99389474,100.7084375,27
5694,27.84520833,30.90125,25.45229167,82.14885417,7.347291667,4.542291667,5.215564211,72.97126316,100.3970833,9
5695,26.22520833,31.27583333,22.5390625,85.82447917,7.765104167,3.806979167,5.215564211,72.97126316,98.705625,102
5696,26.22520833,31.27583333,22.5390625,85.82447917,7.765104167,3.806979167,5.215564211,72.97126316,98.705625,10
5697,25.43729167,30.65416667,21.53072917,87.383125,7.252395833,3.414583333,5.215564211,72.97126316,97.60020833,6
5698,25.43729167,30.65416667,21.53072917,87.383125,7.252395833,3.414583333,5.215564211,72.97126316,97.60020833,6
5699,26.00229167,30.36395833,22.6834375,84.28479167,6.591979167,3.950208333,5.215564211,72.97126316,97.65489583,7
5700,27.16708333,30.99875,24.439375,84.25385417,7.470520833,3.942708333,5.052687368,73.84368421,99.79572917,5
5701,27.37979167,30.7265625,24.79197917,83.09916667,6.342916667,4.002708333,5.052687368,73.84368421,99.8221875,20
5702,27.81239583,30.88604167,25.3496875,81.401875,6.630833333,4.429583333,5.154582105,78.98831579,100.1988542,163
5703,27.81239583,30.88604167,25.3496875,81.401875,6.630833333,4.429583333,5.154582105,78.98831579,100.1988542,7
5704,27.16708333,30.99875,24.439375,84.25385417,7.470520833,3.942708333,5.052687368,73.84368421,99.79572917,108
5705,28.1409375,30.42135417,26.2,81.59791667,6.5575,4.5715625,5.052687368,73.84368421,100.7588542,31
5706,26.00229167,30.36395833,22.6834375,84.28479167,6.591979167,3.950208333,5.215564211,72.97126316,97.65489583,7
5707,25.43729167,30.65416667,21.53072917,87.383125,7.252395833,3.414583333,5.215564211,72.97126316,97.60020833,8
5708,27.72729167,30.77416667,25.28885417,80.58572917,5.579791667,4.410833333,5.154582105,78.98831579,99.8859375,6
5709,27.81239583,30.88604167,25.3496875,81.401875,6.630833333,4.429583333,5.215564211,72.97126316,100.1988542,8
5710,26.00229167,30.36395833,22.6834375,84.28479167,6.591979167,3.950208333,5.215564211,72.97126316,97.65489583,25
5711,26.00229167,30.36395833,22.6834375,84.28479167,6.591979167,3.950208333,5.154582105,78.98831579,97.65489583,12
5712,25.43729167,30.65416667,21.53072917,87.383125,7.252395833,3.414583333,5.215564211,72.97126316,97.60020833,26
5713,25.43729167,30.65416667,21.53072917,87.383125,7.252395833,3.414583333,5.052687368,73.84368421,97.60020833,62
5714,27.16708333,30.99875,24.439375,84.25385417,7.470520833,3.942708333,5.052687368,73.84368421,99.79572917,11
5715,25.43729167,30.65416667,21.53072917,87.383125,7.252395833,3.414583333,5.052687368,73.84368421,97.60020833,35
5716,25.43729167,30.65416667,21.53072917,87.383125,7.252395833,3.414583333,5.052687368,73.84368421,97.60020833,151
5717,25.43729167,30.65416667,21.53072917,87.383125,7.252395833,3.414583333,5.215564211,72.97126316,97.60020833,6
5718,27.84520833,30.90125,25.45229167,82.14885417,7.347291667,4.542291667,5.215564211,72.97126316,100.3970833,7
5719,27.16708333,30.99875,24.439375,84.25385417,7.470520833,3.942708333,5.052687368,73.84368421,99.79572917,39
5720,25.43729167,30.65416667,21.53072917,87.383125,7.252395833,3.414583333,5.052687368,73.84368421,97.60020833,706
5721,25.43729167,30.65416667,21.53072917,87.383125,7.252395833,3.414583333,5.052687368,73.84368421,97.60020833,6
5722,25.43729167,30.65416667,21.53072917,87.383125,7.252395833,3.414583333,5.215564211,72.97126316,97.60020833,9
5723,27.16708333,30.99875,24.439375,84.25385417,7.470520833,3.942708333,5.215564211,72.97126316,99.79572917,11
5724,27.72729167,30.77416667,25.28885417,80.58572917,5.579791667,4.410833333,5.154582105,78.98831579,99.8859375,6
5725,25.43729167,30.65416667,21.53072917,87.383125,7.252395833,3.414583333,5.215564211,72.97126316,97.60020833,10
5726,27.37979167,30.7265625,24.79197917,83.09916667,6.342916667,4.002708333,5.052687368,73.84368421,99.8221875,24
5727,25.43729167,30.65416667,21.53072917,87.383125,7.252395833,3.414583333,5.215564211,72.97126316,97.60020833,6
5728,27.16708333,30.99875,24.439375,84.25385417,7.470520833,3.942708333,5.052687368,73.84368421,99.79572917,36
5729,27.9515625,30.08385417,25.983125,80.66364583,5.327708333,4.795416667,5.124571579,76.10252632,100.2847917,15
5730,27.49541667,31.143125,24.75479167,82.77270833,6.144895833,4.00125,5.252634737,74.68157895,100.2146875,14
5731,27.6578125,29.68010417,25.75395833,81.75875,5.347395833,5.121458333,5.252634737,74.68157895,100.1048958,7
5732,27.52010417,30.87197917,24.88583333,81.91614583,5.943541667,4.196041667,5.124571579,76.10252632,99.85052083,95
5733,27.9515625,30.08385417,25.983125,80.66364583,5.327708333,4.795416667,5.124571579,76.10252632,100.2847917,7
5734,27.52010417,30.87197917,24.88583333,81.91614583,5.943541667,4.196041667,5.124571579,76.10252632,99.85052083,95
5735,27.49541667,31.143125,24.75479167,82.77270833,6.144895833,4.00125,5.252634737,74.68157895,100.2146875,305
5736,27.49541667,31.143125,24.75479167,82.77270833,6.144895833,4.00125,5.126778947,76.06557895,100.2146875,7
5737,27.6578125,29.68010417,25.75395833,81.75875,5.347395833,5.121458333,5.252634737,74.68157895,100.1048958,305
5738,27.49541667,31.143125,24.75479167,82.77270833,6.144895833,4.00125,5.126778947,76.06557895,100.2146875,11
5739,27.52010417,30.87197917,24.88583333,81.91614583,5.943541667,4.196041667,5.124571579,76.10252632,99.85052083,12
5740,27.49541667,31.143125,24.75479167,82.77270833,6.144895833,4.00125,5.252634737,74.68157895,100.2146875,14
5741,27.49541667,31.143125,24.75479167,82.77270833,6.144895833,4.00125,5.252634737,74.68157895,100.2146875,222
5742,27.52010417,30.87197917,24.88583333,81.91614583,5.943541667,4.196041667,5.252634737,74.68157895,99.85052083,210
5743,27.52010417,30.87197917,24.88583333,81.91614583,5.943541667,4.196041667,5.252634737,74.68157895,99.85052083,6
5744,27.9515625,30.08385417,25.983125,80.66364583,5.327708333,4.795416667,5.124571579,76.10252632,100.2847917,68
5745,27.9515625,30.08385417,25.983125,80.66364583,5.327708333,4.795416667,5.124571579,76.10252632,100.2847917,46
5746,27.49541667,31.143125,24.75479167,82.77270833,6.144895833,4.00125,5.252634737,74.68157895,100.2146875,127
5747,27.49541667,31.143125,24.75479167,82.77270833,6.144895833,4.00125,5.252634737,74.68157895,100.2146875,84
5748,27.9515625,30.08385417,25.983125,80.66364583,5.327708333,4.795416667,5.124571579,76.10252632,100.2847917,7
5749,27.6578125,29.68010417,25.75395833,81.75875,5.347395833,5.121458333,5.252634737,74.68157895,100.1048958,7
5750,27.6578125,29.68010417,25.75395833,81.75875,5.347395833,5.121458333,5.252634737,74.68157895,100.1048958,8
5751,27.6578125,29.68010417,25.75395833,81.75875,5.347395833,5.121458333,5.252634737,74.68157895,100.1048958,9
5752,27.49541667,31.143125,24.75479167,82.77270833,6.144895833,4.00125,5.252634737,74.68157895,100.2146875,6
5753,27.49541667,31.143125,24.75479167,82.77270833,6.144895833,4.00125,5.126778947,76.06557895,100.2146875,14
5754,27.6578125,29.68010417,25.75395833,81.75875,5.347395833,5.121458333,5.252634737,74.68157895,100.1048958,6
5755,27.49541667,31.143125,24.75479167,82.77270833,6.144895833,4.00125,5.126778947,76.06557895,100.2146875,10
5756,27.6578125,29.68010417,25.75395833,81.75875,5.347395833,5.121458333,5.252634737,74.68157895,100.1048958,7
5757,27.9515625,30.08385417,25.983125,80.66364583,5.327708333,4.795416667,5.252634737,74.68157895,100.2847917,6
5758,27.9515625,30.08385417,25.983125,80.66364583,5.327708333,4.795416667,5.252634737,74.68157895,100.2847917,7
5759,27.52010417,30.87197917,24.88583333,81.91614583,5.943541667,4.196041667,5.124571579,76.10252632,99.85052083,32
5760,27.49541667,31.143125,24.75479167,82.77270833,6.144895833,4.00125,5.252634737,74.68157895,100.2146875,15
5761,27.9515625,30.08385417,25.983125,80.66364583,5.327708333,4.795416667,5.124571579,76.10252632,100.2847917,11
5762,27.9515625,30.08385417,25.983125,80.66364583,5.327708333,4.795416667,5.124571579,76.10252632,100.2847917,8
5763,27.49541667,31.143125,24.75479167,82.77270833,6.144895833,4.00125,5.252634737,74.68157895,100.2146875,172
5765,27.49541667,31.143125,24.75479167,82.77270833,6.144895833,4.00125,5.252634737,74.68157895,100.2146875,265
5766,27.52010417,30.87197917,24.88583333,81.91614583,5.943541667,4.196041667,5.124571579,76.10252632,99.85052083,232
5767,27.49541667,31.143125,24.75479167,82.77270833,6.144895833,4.00125,5.252634737,74.68157895,100.2146875,37
5768,27.9515625,30.08385417,25.983125,80.66364583,5.327708333,4.795416667,5.252634737,74.68157895,100.2847917,69
5769,27.49541667,31.143125,24.75479167,82.77270833,6.144895833,4.00125,5.252634737,74.68157895,100.2146875,181
5770,27.9515625,30.08385417,25.983125,80.66364583,5.327708333,4.795416667,5.124571579,76.10252632,100.2847917,111
5771,27.9515625,30.08385417,25.983125,80.66364583,5.327708333,4.795416667,5.124571579,76.10252632,100.2847917,15
5772,27.49541667,31.143125,24.75479167,82.77270833,6.144895833,4.00125,5.126778947,76.06557895,100.2146875,10
5773,27.49541667,31.143125,24.75479167,82.77270833,6.144895833,4.00125,5.126778947,76.06557895,100.2146875,13
5774,27.52010417,30.87197917,24.88583333,81.91614583,5.943541667,4.196041667,5.124571579,76.10252632,99.85052083,6
5775,27.49541667,31.143125,24.75479167,82.77270833,6.144895833,4.00125,5.126778947,76.06557895,100.2146875,8
5776,27.6578125,29.68010417,25.75395833,81.75875,5.347395833,5.121458333,5.252634737,74.68157895,100.1048958,7
5777,26.00229167,30.36395833,22.6834375,84.28479167,6.591979167,3.950208333,5.124571579,76.10252632,97.65489583,8
5778,27.9515625,30.08385417,25.983125,80.66364583,5.327708333,4.795416667,5.124571579,76.10252632,100.2847917,35
5779,26.55927083,30.82947917,23.373125,81.84833333,5.181458333,4.5809375,5.124571579,76.10252632,98.176875,0
5780,27.52010417,30.87197917,24.88583333,81.91614583,5.943541667,4.196041667,5.052687368,73.84368421,99.85052083,7
5781,27.52010417,30.87197917,24.88583333,81.91614583,5.943541667,4.196041667,5.124571579,76.10252632,99.85052083,6
5782,27.37979167,30.7265625,24.79197917,83.09916667,6.342916667,4.002708333,5.052687368,73.84368421,99.8221875,8
5783,26.00229167,30.36395833,22.6834375,84.28479167,6.591979167,3.950208333,5.124571579,76.10252632,97.65489583,21
5784,27.37979167,30.7265625,24.79197917,83.09916667,6.342916667,4.002708333,5.052687368,73.84368421,99.8221875,4
5785,28.1409375,30.42135417,26.2,81.59791667,6.5575,4.5715625,5.264636842,77.99389474,100.7588542,7
5786,27.52010417,30.87197917,24.88583333,81.91614583,5.943541667,4.196041667,5.052687368,73.84368421,99.85052083,10
5787,28.1409375,30.42135417,26.2,81.59791667,6.5575,4.5715625,5.046026316,77.45989474,100.7588542,7
5788,27.9515625,30.08385417,25.983125,80.66364583,5.327708333,4.795416667,5.124571579,76.10252632,100.2847917,4
5789,28.1409375,30.42135417,26.2,81.59791667,6.5575,4.5715625,5.126778947,76.06557895,100.7588542,17
5790,27.52010417,30.87197917,24.88583333,81.91614583,5.943541667,4.196041667,5.052687368,73.84368421,99.85052083,23
5791,27.37979167,30.7265625,24.79197917,83.09916667,6.342916667,4.002708333,5.126778947,76.06557895,99.8221875,7
5792,27.37979167,30.7265625,24.79197917,83.09916667,6.342916667,4.002708333,5.126778947,76.06557895,99.8221875,27
5793,27.37979167,30.7265625,24.79197917,83.09916667,6.342916667,4.002708333,5.052687368,73.84368421,99.8221875,58
5794,27.37979167,30.7265625,24.79197917,83.09916667,6.342916667,4.002708333,5.126778947,76.06557895,99.8221875,8
5795,27.37979167,30.7265625,24.79197917,83.09916667,6.342916667,4.002708333,5.052687368,73.84368421,99.8221875,16
5796,27.37979167,30.7265625,24.79197917,83.09916667,6.342916667,4.002708333,5.052687368,73.84368421,99.8221875,52
5797,28.34104167,30.06177083,26.74854167,80.94604167,6.676145833,5.062604167,5.264636842,77.99389474,100.93375,6
5798,27.52010417,30.87197917,24.88583333,81.91614583,5.943541667,4.196041667,5.124571579,76.10252632,99.85052083,8
5799,27.37979167,30.7265625,24.79197917,83.09916667,6.342916667,4.002708333,5.126778947,76.06557895,99.8221875,0
5800,26.00229167,30.36395833,22.6834375,84.28479167,6.591979167,3.950208333,5.052687368,73.84368421,97.65489583,7
5801,26.55927083,30.82947917,23.373125,81.84833333,5.181458333,4.5809375,5.124571579,76.10252632,98.176875,7
5802,27.37979167,30.7265625,24.79197917,83.09916667,6.342916667,4.002708333,5.052687368,73.84368421,99.8221875,7
5803,27.37979167,30.7265625,24.79197917,83.09916667,6.342916667,4.002708333,5.052687368,73.84368421,99.8221875,12
5804,28.34104167,30.06177083,26.74854167,80.94604167,6.676145833,5.062604167,5.264636842,77.99389474,100.93375,6
5805,26.55927083,30.82947917,23.373125,81.84833333,5.181458333,4.5809375,5.124571579,76.10252632,98.176875,9
5806,27.37979167,30.7265625,24.79197917,83.09916667,6.342916667,4.002708333,5.052687368,73.84368421,99.8221875,13
5807,28.1409375,30.42135417,26.2,81.59791667,6.5575,4.5715625,5.264636842,77.99389474,100.7588542,8
5808,27.52010417,30.87197917,24.88583333,81.91614583,5.943541667,4.196041667,5.052687368,73.84368421,99.85052083,32
5809,26.00229167,30.36395833,22.6834375,84.28479167,6.591979167,3.950208333,5.124571579,76.10252632,97.65489583,6
5810,27.52010417,30.87197917,24.88583333,81.91614583,5.943541667,4.196041667,5.052687368,73.84368421,99.85052083,8
5811,26.55927083,30.82947917,23.373125,81.84833333,5.181458333,4.5809375,5.124571579,76.10252632,98.176875,8
5812,28.10760417,30.9234375,25.8459375,80.95041667,6.2428125,4.301875,5.126778947,76.06557895,100.6327083,17
5813,27.37979167,30.7265625,24.79197917,83.09916667,6.342916667,4.002708333,5.052687368,73.84368421,99.8221875,0
5814,28.4815625,30.49385417,26.76197917,79.6415625,5.893645833,4.319166667,5.126778947,76.06557895,100.8448958,9
5815,26.00229167,30.36395833,22.6834375,84.28479167,6.591979167,3.950208333,5.052687368,73.84368421,97.65489583,7
5816,26.55927083,30.82947917,23.373125,81.84833333,5.181458333,4.5809375,5.124571579,76.10252632,98.176875,41
5817,27.52010417,30.87197917,24.88583333,81.91614583,5.943541667,4.196041667,5.052687368,73.84368421,99.85052083,25
5818,28.4815625,30.49385417,26.76197917,79.6415625,5.893645833,4.319166667,5.126778947,76.06557895,100.8448958,8
5819,28.1409375,30.42135417,26.2,81.59791667,6.5575,4.5715625,5.264636842,77.99389474,100.7588542,9
5820,28.1409375,30.42135417,26.2,81.59791667,6.5575,4.5715625,5.264636842,77.99389474,100.7588542,7
5821,26.55927083,30.82947917,23.373125,81.84833333,5.181458333,4.5809375,5.124571579,76.10252632,98.176875,44
5822,27.52010417,30.87197917,24.88583333,81.91614583,5.943541667,4.196041667,5.052687368,73.84368421,99.85052083,8
5823,27.37979167,30.7265625,24.79197917,83.09916667,6.342916667,4.002708333,5.126778947,76.06557895,99.8221875,19
5824,28.1409375,30.42135417,26.2,81.59791667,6.5575,4.5715625,5.126778947,76.06557895,100.7588542,24
5825,28.1409375,30.42135417,26.2,81.59791667,6.5575,4.5715625,5.052687368,73.84368421,100.7588542,12
5826,27.52010417,30.87197917,24.88583333,81.91614583,5.943541667,4.196041667,5.052687368,73.84368421,99.85052083,7
5827,27.37979167,30.7265625,24.79197917,83.09916667,6.342916667,4.002708333,5.052687368,73.84368421,99.8221875,11
5828,27.37979167,30.7265625,24.79197917,83.09916667,6.342916667,4.002708333,5.052687368,73.84368421,99.8221875,6
5829,28.4815625,30.49385417,26.76197917,79.6415625,5.893645833,4.319166667,5.126778947,76.06557895,100.8448958,6
5831,26.00229167,30.36395833,22.6834375,84.28479167,6.591979167,3.950208333,5.124571579,76.10252632,97.65489583,7
5832,27.27791667,30.03010417,25.15010417,81.460625,5.715416667,4.864895833,5.124571579,76.10252632,99.33395833,13
5833,26.55927083,30.82947917,23.373125,81.84833333,5.181458333,4.5809375,5.124571579,76.10252632,98.176875,13
5834,27.72729167,30.77416667,25.28885417,80.58572917,5.579791667,4.410833333,5.154582105,78.98831579,99.8859375,6
5835,27.72729167,30.77416667,25.28885417,80.58572917,5.579791667,4.410833333,5.154582105,78.98831579,99.8859375,8
5836,26.00229167,30.36395833,22.6834375,84.28479167,6.591979167,3.950208333,5.124571579,76.10252632,97.65489583,9
5837,25.43729167,30.65416667,21.53072917,87.383125,7.252395833,3.414583333,5.052687368,73.84368421,97.60020833,487
5838,27.27791667,30.03010417,25.15010417,81.460625,5.715416667,4.864895833,5.124571579,76.10252632,99.33395833,19
5839,26.55927083,30.82947917,23.373125,81.84833333,5.181458333,4.5809375,5.124571579,76.10252632,98.176875,11
5840,26.00229167,30.36395833,22.6834375,84.28479167,6.591979167,3.950208333,5.052687368,73.84368421,97.65489583,8
5841,26.00229167,30.36395833,22.6834375,84.28479167,6.591979167,3.950208333,5.124571579,76.10252632,97.65489583,8
5842,26.00229167,30.36395833,22.6834375,84.28479167,6.591979167,3.950208333,5.052687368,73.84368421,97.65489583,7
5843,26.55927083,30.82947917,23.373125,81.84833333,5.181458333,4.5809375,5.154582105,78.98831579,98.176875,116
5844,26.55927083,30.82947917,23.373125,81.84833333,5.181458333,4.5809375,5.124571579,76.10252632,98.176875,8
5845,26.55927083,30.82947917,23.373125,81.84833333,5.181458333,4.5809375,5.124571579,76.10252632,98.176875,39
5846,26.55927083,30.82947917,23.373125,81.84833333,5.181458333,4.5809375,5.124571579,76.10252632,98.176875,9
5847,26.55927083,30.82947917,23.373125,81.84833333,5.181458333,4.5809375,5.154582105,78.98831579,98.176875,9
5848,27.27791667,30.03010417,25.15010417,81.460625,5.715416667,4.864895833,5.124571579,76.10252632,99.33395833,12
5849,26.55927083,30.82947917,23.373125,81.84833333,5.181458333,4.5809375,5.124571579,76.10252632,98.176875,4
5850,26.55927083,30.82947917,23.373125,81.84833333,5.181458333,4.5809375,5.124571579,76.10252632,98.176875,8
5851,26.00229167,30.36395833,22.6834375,84.28479167,6.591979167,3.950208333,5.124571579,76.10252632,97.65489583,13
5852,26.55927083,30.82947917,23.373125,81.84833333,5.181458333,4.5809375,5.124571579,76.10252632,98.176875,223
5853,25.43729167,30.65416667,21.53072917,87.383125,7.252395833,3.414583333,5.052687368,73.84368421,97.60020833,6
5854,27.27791667,30.03010417,25.15010417,81.460625,5.715416667,4.864895833,5.124571579,76.10252632,99.33395833,10
5855,27.9515625,30.08385417,25.983125,80.66364583,5.327708333,4.795416667,5.124571579,76.10252632,100.2847917,9
5856,28.22833333,29.72375,26.51291667,80.72583333,5.526666667,4.9559375,5.124571579,76.10252632,100.8221875,20
5857,28.22833333,29.72375,26.51291667,80.72583333,5.526666667,4.9559375,5.124571579,76.10252632,100.8221875,30
5858,28.22833333,29.72375,26.51291667,80.72583333,5.526666667,4.9559375,5.124571579,76.10252632,100.8221875,23
5859,28.22833333,29.72375,26.51291667,80.72583333,5.526666667,4.9559375,5.124571579,76.10252632,100.8221875,12
5860,28.22833333,29.72375,26.51291667,80.72583333,5.526666667,4.9559375,5.124571579,76.10252632,100.8221875,11
5861,27.803125,30.768125,25.41145833,81.27322917,6.749270833,4.572916667,5.046026316,77.45989474,100.230625,12
5862,27.803125,30.768125,25.41145833,81.27322917,6.749270833,4.572916667,5.046026316,77.45989474,100.230625,5
5863,27.803125,30.768125,25.41145833,81.27322917,6.749270833,4.572916667,5.046026316,77.45989474,100.230625,5
5864,27.803125,30.768125,25.41145833,81.27322917,6.749270833,4.572916667,5.046026316,77.45989474,100.230625,4
5865,27.803125,30.768125,25.41145833,81.27322917,6.749270833,4.572916667,5.046026316,77.45989474,100.230625,6
5866,27.803125,30.768125,25.41145833,81.27322917,6.749270833,4.572916667,5.046026316,77.45989474,100.230625,26
5867,27.65145833,30.97197917,25.30614583,83.38697917,8.101770833,3.721875,5.046026316,77.45989474,100.485625,10
5868,27.803125,30.768125,25.41145833,81.27322917,6.749270833,4.572916667,5.046026316,77.45989474,100.230625,9
5869,28.41791667,29.7853125,26.94291667,81.20427083,7.266354167,5.958229167,5.036637895,77.30421053,100.9696875,5
5870,28.1734375,29.86145833,26.605625,81.53989583,8.843125,5.3784375,4.951421053,76.22,100.8063542,6
5871,28.11395833,30.05614583,26.45333333,81.70572917,8.698125,5.439270833,4.951421053,76.22,100.7386458,6
5872,28.11395833,30.05614583,26.45333333,81.70572917,8.698125,5.439270833,4.951421053,76.22,100.7386458,9
5873,28.350625,29.97833333,26.82072917,81.03895833,8.091979167,5.688645833,4.951421053,76.22,100.9197917,7
5874,28.350625,29.97833333,26.82072917,81.03895833,8.091979167,5.688645833,5.036637895,77.30421053,100.9197917,8
5875,28.1734375,29.86145833,26.605625,81.53989583,8.843125,5.3784375,4.951421053,76.22,100.8063542,6
5876,28.1734375,29.86145833,26.605625,81.53989583,8.843125,5.3784375,4.951421053,76.22,100.8063542,5
5877,28.1734375,29.86145833,26.605625,81.53989583,8.843125,5.3784375,4.951421053,76.22,100.8063542,4
5878,28.11395833,30.05614583,26.45333333,81.70572917,8.698125,5.439270833,4.951421053,76.22,100.7386458,6
5879,27.2871875,31.14927083,24.67916667,83.95979167,9.41125,4.217916667,5.036637895,77.30421053,100.3307292,17
5880,27.06104167,30.88104167,24.35385417,84.09166667,8.993854167,3.766770833,4.951421053,76.22,99.69947917,7
5881,28.11395833,30.05614583,26.45333333,81.70572917,8.698125,5.439270833,4.951421053,76.22,100.7386458,11
5882,26.36854167,31.6046875,22.79260417,86.22770833,9.090625,3.616354167,5.036637895,77.30421053,99.38770833,17
5883,28.11395833,30.05614583,26.45333333,81.70572917,8.698125,5.439270833,4.951421053,76.22,100.7386458,5
5884,28.1734375,29.86145833,26.605625,81.53989583,8.843125,5.3784375,4.951421053,76.22,100.8063542,19
5885,28.350625,29.97833333,26.82072917,81.03895833,8.091979167,5.688645833,5.036637895,77.30421053,100.9197917,18
5886,28.1734375,29.86145833,26.605625,81.53989583,8.843125,5.3784375,4.951421053,76.22,100.8063542,6
5887,28.1734375,29.86145833,26.605625,81.53989583,8.843125,5.3784375,4.951421053,76.22,100.8063542,6
5888,28.350625,29.97833333,26.82072917,81.03895833,8.091979167,5.688645833,4.951421053,76.22,100.9197917,6
5889,28.350625,29.97833333,26.82072917,81.03895833,8.091979167,5.688645833,5.036637895,77.30421053,100.9197917,5
5890,28.350625,29.97833333,26.82072917,81.03895833,8.091979167,5.688645833,4.951421053,76.22,100.9197917,0
5891,28.350625,29.97833333,26.82072917,81.03895833,8.091979167,5.688645833,4.951421053,76.22,100.9197917,8
5892,27.06166667,30.60885417,24.6046875,84.15708333,8.82,3.801041667,4.935505263,78.26905263,99.58270833,5
5893,27.06104167,30.88104167,24.35385417,84.09166667,8.993854167,3.766770833,5.046026316,77.45989474,99.69947917,43
5894,27.06104167,30.88104167,24.35385417,84.09166667,8.993854167,3.766770833,5.126778947,76.06557895,99.69947917,7
5895,26.93416667,30.730625,23.94770833,83.8884375,9.15125,4.383333333,5.046026316,77.45989474,99.56260417,6
5896,26.93416667,30.730625,23.94770833,83.8884375,9.15125,4.383333333,5.046026316,77.45989474,99.56260417,5
5897,27.06166667,30.60885417,24.6046875,84.15708333,8.82,3.801041667,5.126778947,76.06557895,99.58270833,6
5898,27.06166667,30.60885417,24.6046875,84.15708333,8.82,3.801041667,5.126778947,76.06557895,99.58270833,7
5899,27.06104167,30.88104167,24.35385417,84.09166667,8.993854167,3.766770833,5.126778947,76.06557895,99.69947917,62
5900,27.803125,30.768125,25.41145833,81.27322917,6.749270833,4.572916667,5.046026316,77.45989474,100.230625,6
5901,27.803125,30.768125,25.41145833,81.27322917,6.749270833,4.572916667,5.046026316,77.45989474,100.230625,8
5902,27.803125,30.768125,25.41145833,81.27322917,6.749270833,4.572916667,5.046026316,77.45989474,100.230625,4
5903,27.06104167,30.88104167,24.35385417,84.09166667,8.993854167,3.766770833,5.046026316,77.45989474,99.69947917,26
5904,27.06104167,30.88104167,24.35385417,84.09166667,8.993854167,3.766770833,4.935505263,78.26905263,99.69947917,7
5905,27.06166667,30.60885417,24.6046875,84.15708333,8.82,3.801041667,5.126778947,76.06557895,99.58270833,7
5906,27.06166667,30.60885417,24.6046875,84.15708333,8.82,3.801041667,5.126778947,76.06557895,99.58270833,7
5907,27.06166667,30.60885417,24.6046875,84.15708333,8.82,3.801041667,5.126778947,76.06557895,99.58270833,6
5908,28.10760417,30.9234375,25.8459375,80.95041667,6.2428125,4.301875,5.126778947,76.06557895,100.6327083,5
5909,27.06104167,30.88104167,24.35385417,84.09166667,8.993854167,3.766770833,5.046026316,77.45989474,99.69947917,99
5910,27.06104167,30.88104167,24.35385417,84.09166667,8.993854167,3.766770833,5.126778947,76.06557895,99.69947917,36
5911,27.06104167,30.88104167,24.35385417,84.09166667,8.993854167,3.766770833,5.126778947,76.06557895,99.69947917,23
5912,28.10760417,30.9234375,25.8459375,80.95041667,6.2428125,4.301875,5.046026316,77.45989474,100.6327083,38
5913,27.06104167,30.88104167,24.35385417,84.09166667,8.993854167,3.766770833,5.126778947,76.06557895,99.69947917,24
5914,27.06104167,30.88104167,24.35385417,84.09166667,8.993854167,3.766770833,5.126778947,76.06557895,99.69947917,468
5915,27.06104167,30.88104167,24.35385417,84.09166667,8.993854167,3.766770833,5.126778947,76.06557895,99.69947917,5
5916,27.06166667,30.60885417,24.6046875,84.15708333,8.82,3.801041667,5.126778947,76.06557895,99.58270833,38
5917,28.10760417,30.9234375,25.8459375,80.95041667,6.2428125,4.301875,5.046026316,77.45989474,100.6327083,39
5918,27.06166667,30.60885417,24.6046875,84.15708333,8.82,3.801041667,5.126778947,76.06557895,99.58270833,9
5919,27.06104167,30.88104167,24.35385417,84.09166667,8.993854167,3.766770833,4.935505263,78.26905263,99.69947917,9
5920,28.10760417,30.9234375,25.8459375,80.95041667,6.2428125,4.301875,5.126778947,76.06557895,100.6327083,5
5921,28.10760417,30.9234375,25.8459375,80.95041667,6.2428125,4.301875,5.046026316,77.45989474,100.6327083,9
5922,27.06104167,30.88104167,24.35385417,84.09166667,8.993854167,3.766770833,5.046026316,77.45989474,99.69947917,10
5923,28.10760417,30.9234375,25.8459375,80.95041667,6.2428125,4.301875,5.046026316,77.45989474,100.6327083,4
5924,27.06104167,30.88104167,24.35385417,84.09166667,8.993854167,3.766770833,5.046026316,77.45989474,99.69947917,36
5925,27.803125,30.768125,25.41145833,81.27322917,6.749270833,4.572916667,5.046026316,77.45989474,100.230625,7
5926,26.93416667,30.730625,23.94770833,83.8884375,9.15125,4.383333333,5.046026316,77.45989474,99.56260417,15
5927,27.06104167,30.88104167,24.35385417,84.09166667,8.993854167,3.766770833,5.046026316,77.45989474,99.69947917,20
5928,27.803125,30.768125,25.41145833,81.27322917,6.749270833,4.572916667,5.046026316,77.45989474,100.230625,5
5929,27.06104167,30.88104167,24.35385417,84.09166667,8.993854167,3.766770833,5.046026316,77.45989474,99.69947917,17
5930,27.06104167,30.88104167,24.35385417,84.09166667,8.993854167,3.766770833,4.951421053,76.22,99.69947917,2
5931,27.06104167,30.88104167,24.35385417,84.09166667,8.993854167,3.766770833,4.951421053,76.22,99.69947917,5
5932,27.06104167,30.88104167,24.35385417,84.09166667,8.993854167,3.766770833,4.951421053,76.22,99.69947917,7
5933,27.06104167,30.88104167,24.35385417,84.09166667,8.993854167,3.766770833,5.046026316,77.45989474,99.69947917,59
5934,28.10760417,30.9234375,25.8459375,80.95041667,6.2428125,4.301875,5.046026316,77.45989474,100.6327083,0
5935,27.16260417,32.03625,24.309375,84.9415625,8.2021875,3.396770833,4.996752632,72.05905263,100.2764583,5
5936,27.16260417,32.03625,24.309375,84.9415625,8.2021875,3.396770833,4.996752632,72.05905263,100.2764583,5
5937,27.16260417,32.03625,24.309375,84.9415625,8.2021875,3.396770833,4.996752632,72.05905263,100.2764583,6
5938,27.16260417,32.03625,24.309375,84.9415625,8.2021875,3.396770833,4.996752632,72.05905263,100.2764583,7
5939,27.16260417,32.03625,24.309375,84.9415625,8.2021875,3.396770833,4.996752632,72.05905263,100.2764583,9
5940,27.2871875,31.14927083,24.67916667,83.95979167,9.41125,4.217916667,5.036637895,77.30421053,100.3307292,6
5941,27.2871875,31.14927083,24.67916667,83.95979167,9.41125,4.217916667,5.036637895,77.30421053,100.3307292,7
5942,27.2871875,31.14927083,24.67916667,83.95979167,9.41125,4.217916667,5.036637895,77.30421053,100.3307292,7
5943,27.2871875,31.14927083,24.67916667,83.95979167,9.41125,4.217916667,5.036637895,77.30421053,100.3307292,5
5944,27.2871875,31.14927083,24.67916667,83.95979167,9.41125,4.217916667,5.036637895,77.30421053,100.3307292,9
5945,27.16260417,32.03625,24.309375,84.9415625,8.2021875,3.396770833,4.996752632,72.05905263,100.2764583,5
5946,27.16260417,32.03625,24.309375,84.9415625,8.2021875,3.396770833,4.996752632,72.05905263,100.2764583,30
5947,27.2871875,31.14927083,24.67916667,83.95979167,9.41125,4.217916667,5.036637895,77.30421053,100.3307292,7
5948,27.2871875,31.14927083,24.67916667,83.95979167,9.41125,4.217916667,4.996752632,72.05905263,100.3307292,6
5949,27.2871875,31.14927083,24.67916667,83.95979167,9.41125,4.217916667,5.036637895,77.30421053,100.3307292,11
5950,27.2871875,31.14927083,24.67916667,83.95979167,9.41125,4.217916667,4.996752632,72.05905263,100.3307292,6
5951,27.16260417,32.03625,24.309375,84.9415625,8.2021875,3.396770833,4.996752632,72.05905263,100.2764583,4
5952,27.16260417,32.03625,24.309375,84.9415625,8.2021875,3.396770833,4.996752632,72.05905263,100.2764583,4
5953,27.16260417,32.03625,24.309375,84.9415625,8.2021875,3.396770833,4.996752632,72.05905263,100.2764583,5
5954,27.16260417,32.03625,24.309375,84.9415625,8.2021875,3.396770833,4.996752632,72.05905263,100.2764583,4
5955,27.2871875,31.14927083,24.67916667,83.95979167,9.41125,4.217916667,4.996752632,72.05905263,100.3307292,4
5956,27.16260417,32.03625,24.309375,84.9415625,8.2021875,3.396770833,4.996752632,72.05905263,100.2764583,8
5957,27.2871875,31.14927083,24.67916667,83.95979167,9.41125,4.217916667,4.996752632,72.05905263,100.3307292,35
5958,27.16260417,32.03625,24.309375,84.9415625,8.2021875,3.396770833,4.996752632,72.05905263,100.2764583,2
5959,27.65145833,30.97197917,25.30614583,83.38697917,8.101770833,3.721875,5.046026316,77.45989474,100.485625,19
5960,26.93416667,30.730625,23.94770833,83.8884375,9.15125,4.383333333,4.951421053,76.22,99.56260417,3
5961,27.65145833,30.97197917,25.30614583,83.38697917,8.101770833,3.721875,4.996752632,72.05905263,100.485625,7
5962,26.93416667,30.730625,23.94770833,83.8884375,9.15125,4.383333333,4.951421053,76.22,99.56260417,9
5963,26.36854167,31.6046875,22.79260417,86.22770833,9.090625,3.616354167,5.046026316,77.45989474,99.38770833,8
5964,26.93416667,30.730625,23.94770833,83.8884375,9.15125,4.383333333,5.046026316,77.45989474,99.56260417,7
5965,26.36854167,31.6046875,22.79260417,86.22770833,9.090625,3.616354167,4.996752632,72.05905263,99.38770833,8
5966,26.93416667,30.730625,23.94770833,83.8884375,9.15125,4.383333333,4.951421053,76.22,99.56260417,9
5967,26.36854167,31.6046875,22.79260417,86.22770833,9.090625,3.616354167,5.046026316,77.45989474,99.38770833,5
5968,27.06104167,30.88104167,24.35385417,84.09166667,8.993854167,3.766770833,4.951421053,76.22,99.69947917,5
5969,26.36854167,31.6046875,22.79260417,86.22770833,9.090625,3.616354167,4.996752632,72.05905263,99.38770833,35
5970,26.36854167,31.6046875,22.79260417,86.22770833,9.090625,3.616354167,5.046026316,77.45989474,99.38770833,6
5971,26.36854167,31.6046875,22.79260417,86.22770833,9.090625,3.616354167,5.046026316,77.45989474,99.38770833,5
5972,26.36854167,31.6046875,22.79260417,86.22770833,9.090625,3.616354167,4.951421053,76.22,99.38770833,6
5973,26.93416667,30.730625,23.94770833,83.8884375,9.15125,4.383333333,5.046026316,77.45989474,99.56260417,5
5974,26.36854167,31.6046875,22.79260417,86.22770833,9.090625,3.616354167,5.046026316,77.45989474,99.38770833,15
5975,26.36854167,31.6046875,22.79260417,86.22770833,9.090625,3.616354167,5.036637895,77.30421053,99.38770833,142
5976,26.93416667,30.730625,23.94770833,83.8884375,9.15125,4.383333333,4.951421053,76.22,99.56260417,4
5977,27.65145833,30.97197917,25.30614583,83.38697917,8.101770833,3.721875,4.996752632,72.05905263,100.485625,7
5978,26.93416667,30.730625,23.94770833,83.8884375,9.15125,4.383333333,5.046026316,77.45989474,99.56260417,6
5979,27.65145833,30.97197917,25.30614583,83.38697917,8.101770833,3.721875,5.046026316,77.45989474,100.485625,9
5980,27.65145833,30.97197917,25.30614583,83.38697917,8.101770833,3.721875,4.996752632,72.05905263,100.485625,5
5981,26.93416667,30.730625,23.94770833,83.8884375,9.15125,4.383333333,5.046026316,77.45989474,99.56260417,0
5982,26.36854167,31.6046875,22.79260417,86.22770833,9.090625,3.616354167,5.046026316,77.45989474,99.38770833,14
5983,26.93416667,30.730625,23.94770833,83.8884375,9.15125,4.383333333,5.046026316,77.45989474,99.56260417,0
5984,26.93416667,30.730625,23.94770833,83.8884375,9.15125,4.383333333,5.046026316,77.45989474,99.56260417,6
5985,27.06166667,30.60885417,24.6046875,84.15708333,8.82,3.801041667,5.126778947,76.06557895,99.58270833,204
5986,27.06166667,30.60885417,24.6046875,84.15708333,8.82,3.801041667,5.126778947,76.06557895,99.58270833,12
5987,27.06166667,30.60885417,24.6046875,84.15708333,8.82,3.801041667,4.935505263,78.26905263,99.58270833,3
5988,27.06166667,30.60885417,24.6046875,84.15708333,8.82,3.801041667,4.935505263,78.26905263,99.58270833,6
5989,27.06166667,30.60885417,24.6046875,84.15708333,8.82,3.801041667,4.935505263,78.26905263,99.58270833,0
5990,27.98708333,30.23270833,26.24291667,81.91927083,8.550520833,4.1978125,4.935505263,78.26905263,100.6360417,18
5991,27.98708333,30.23270833,26.24291667,81.91927083,8.550520833,4.1978125,4.939378947,79.47189474,100.6360417,3
5992,27.98708333,30.23270833,26.24291667,81.91927083,8.550520833,4.1978125,5.126778947,76.06557895,100.6360417,8
5993,27.98708333,30.23270833,26.24291667,81.91927083,8.550520833,4.1978125,5.126778947,76.06557895,100.6360417,7
5994,27.98708333,30.23270833,26.24291667,81.91927083,8.550520833,4.1978125,5.126778947,76.06557895,100.6360417,12
5995,27.98708333,30.23270833,26.24291667,81.91927083,8.550520833,4.1978125,4.935505263,78.26905263,100.6360417,7
5996,27.98708333,30.23270833,26.24291667,81.91927083,8.550520833,4.1978125,4.939378947,79.47189474,100.6360417,8
5997,27.06166667,30.60885417,24.6046875,84.15708333,8.82,3.801041667,4.935505263,78.26905263,99.58270833,9
5998,27.98708333,30.23270833,26.24291667,81.91927083,8.550520833,4.1978125,4.935505263,78.26905263,100.6360417,7
5999,27.06166667,30.60885417,24.6046875,84.15708333,8.82,3.801041667,4.935505263,78.26905263,99.58270833,9
6000,27.98708333,30.23270833,26.24291667,81.91927083,8.550520833,4.1978125,4.939378947,79.47189474,100.6360417,47
6001,27.06166667,30.60885417,24.6046875,84.15708333,8.82,3.801041667,4.935505263,78.26905263,99.58270833,7
6002,27.06166667,30.60885417,24.6046875,84.15708333,8.82,3.801041667,5.126778947,76.06557895,99.58270833,11
6003,27.06166667,30.60885417,24.6046875,84.15708333,8.82,3.801041667,5.126778947,76.06557895,99.58270833,6
6004,25.3003125,31.1228125,21.00125,86.71395833,6.7909375,2.604479167,5.352398947,80.00084211,97.10677083,21
6005,28.04302083,29.36645833,26.498125,81.7184375,5.8484375,4.422916667,5.237304211,78.85231579,100.7704167,5
6006,27.0228125,30.59729167,24.475,83.5196875,6.353854167,3.9375,5.045573684,81.12863158,99.51010417,7
6007,27.0228125,30.59729167,24.475,83.5196875,6.353854167,3.9375,5.045573684,81.12863158,99.51010417,7
6008,25.3003125,31.1228125,21.00125,86.71395833,6.7909375,2.604479167,5.352398947,80.00084211,97.10677083,302
6009,26.84864583,30.95958333,23.868125,84.5471875,6.704895833,3.267083333,5.237304211,78.85231579,99.52802083,160
6010,27.0228125,30.59729167,24.475,83.5196875,6.353854167,3.9375,5.045573684,81.12863158,99.51010417,11
6011,26.84864583,30.95958333,23.868125,84.5471875,6.704895833,3.267083333,5.237304211,78.85231579,99.52802083,135
6012,27.0228125,30.59729167,24.475,83.5196875,6.353854167,3.9375,5.045573684,81.12863158,99.51010417,6
6013,27.205625,31.05114583,24.7503125,82.94114583,6.677604167,3.283020833,5.045573684,81.12863158,99.6471875,172
6014,26.84864583,30.95958333,23.868125,84.5471875,6.704895833,3.267083333,5.352398947,80.00084211,99.52802083,8
6015,26.84864583,30.95958333,23.868125,84.5471875,6.704895833,3.267083333,5.352398947,80.00084211,99.52802083,53
6016,27.0228125,30.59729167,24.475,83.5196875,6.353854167,3.9375,5.045573684,81.12863158,99.51010417,10
6017,27.205625,31.05114583,24.7503125,82.94114583,6.677604167,3.283020833,5.045573684,81.12863158,99.6471875,176
6019,27.0228125,30.59729167,24.475,83.5196875,6.353854167,3.9375,5.045573684,81.12863158,99.51010417,13
6021,27.205625,31.05114583,24.7503125,82.94114583,6.677604167,3.283020833,5.045573684,81.12863158,99.6471875,110
6022,26.84864583,30.95958333,23.868125,84.5471875,6.704895833,3.267083333,5.352398947,80.00084211,99.52802083,12
6023,27.205625,31.05114583,24.7503125,82.94114583,6.677604167,3.283020833,5.045573684,81.12863158,99.6471875,516
6024,27.0228125,30.59729167,24.475,83.5196875,6.353854167,3.9375,5.045573684,81.12863158,99.51010417,92
6025,27.915625,29.76479167,26.22333333,81.20260417,5.370104167,3.8490625,5.237304211,78.85231579,100.4353125,7
6026,27.205625,31.05114583,24.7503125,82.94114583,6.677604167,3.283020833,5.045573684,81.12863158,99.6471875,30
6027,25.3003125,31.1228125,21.00125,86.71395833,6.7909375,2.604479167,5.352398947,80.00084211,97.10677083,11
6028,27.915625,29.76479167,26.22333333,81.20260417,5.370104167,3.8490625,5.237304211,78.85231579,100.4353125,4
6029,27.915625,29.76479167,26.22333333,81.20260417,5.370104167,3.8490625,5.237304211,78.85231579,100.4353125,6
6030,26.84864583,30.95958333,23.868125,84.5471875,6.704895833,3.267083333,5.237304211,78.85231579,99.52802083,229
6031,25.88135417,31.25052083,22.22072917,85.22479167,7.726458333,2.591875,5.442425263,78.47505263,97.59666667,263
6032,25.3003125,31.1228125,21.00125,86.71395833,6.7909375,2.604479167,5.442425263,78.47505263,97.10677083,46
6033,27.89958333,32.51416667,25.08145833,80.27385417,6.104166667,2.667291667,5.442425263,78.47505263,100.1898958,10
6034,27.89958333,32.51416667,25.08145833,80.27385417,6.104166667,2.667291667,5.442425263,78.47505263,100.1898958,38
6035,25.3003125,31.1228125,21.00125,86.71395833,6.7909375,2.604479167,5.442425263,78.47505263,97.10677083,259
6036,25.3003125,31.1228125,21.00125,86.71395833,6.7909375,2.604479167,5.045573684,81.12863158,97.10677083,63
6037,27.89958333,32.51416667,25.08145833,80.27385417,6.104166667,2.667291667,5.442425263,78.47505263,100.1898958,146
6038,25.88135417,31.25052083,22.22072917,85.22479167,7.726458333,2.591875,5.045573684,81.12863158,97.59666667,596
6039,27.89958333,32.51416667,25.08145833,80.27385417,6.104166667,2.667291667,5.442425263,78.47505263,100.1898958,6
6040,25.88135417,31.25052083,22.22072917,85.22479167,7.726458333,2.591875,5.442425263,78.47505263,97.59666667,9
6041,25.3003125,31.1228125,21.00125,86.71395833,6.7909375,2.604479167,5.442425263,78.47505263,97.10677083,418
6042,27.89958333,32.51416667,25.08145833,80.27385417,6.104166667,2.667291667,5.442425263,78.47505263,100.1898958,31
6043,25.88135417,31.25052083,22.22072917,85.22479167,7.726458333,2.591875,5.045573684,81.12863158,97.59666667,47
6044,27.89958333,32.51416667,25.08145833,80.27385417,6.104166667,2.667291667,5.442425263,78.47505263,100.1898958,19
6045,25.3003125,31.1228125,21.00125,86.71395833,6.7909375,2.604479167,5.045573684,81.12863158,97.10677083,312
6046,25.88135417,31.25052083,22.22072917,85.22479167,7.726458333,2.591875,5.045573684,81.12863158,97.59666667,19
6047,25.3003125,31.1228125,21.00125,86.71395833,6.7909375,2.604479167,5.442425263,78.47505263,97.10677083,28
6048,27.89958333,32.51416667,25.08145833,80.27385417,6.104166667,2.667291667,5.442425263,78.47505263,100.1898958,14
6050,27.89958333,32.51416667,25.08145833,80.27385417,6.104166667,2.667291667,5.442425263,78.47505263,100.1898958,241
6051,27.89958333,32.51416667,25.08145833,80.27385417,6.104166667,2.667291667,5.442425263,78.47505263,100.1898958,380
6052,25.3003125,31.1228125,21.00125,86.71395833,6.7909375,2.604479167,5.045573684,81.12863158,97.10677083,269
6053,27.89958333,32.51416667,25.08145833,80.27385417,6.104166667,2.667291667,5.442425263,78.47505263,100.1898958,11
6054,25.88135417,31.25052083,22.22072917,85.22479167,7.726458333,2.591875,5.045573684,81.12863158,97.59666667,28
6055,25.3003125,31.1228125,21.00125,86.71395833,6.7909375,2.604479167,5.442425263,78.47505263,97.10677083,311
6056,25.88135417,31.25052083,22.22072917,85.22479167,7.726458333,2.591875,5.442425263,78.47505263,97.59666667,9
6057,27.89958333,32.51416667,25.08145833,80.27385417,6.104166667,2.667291667,5.442425263,78.47505263,100.1898958,67
6058,25.3003125,31.1228125,21.00125,86.71395833,6.7909375,2.604479167,5.442425263,78.47505263,97.10677083,446
6059,27.89958333,32.51416667,25.08145833,80.27385417,6.104166667,2.667291667,5.237304211,78.85231579,100.1898958,15
6060,27.89958333,32.51416667,25.08145833,80.27385417,6.104166667,2.667291667,5.442425263,78.47505263,100.1898958,197
6061,27.89958333,32.51416667,25.08145833,80.27385417,6.104166667,2.667291667,5.237304211,78.85231579,100.1898958,174
6062,27.89958333,32.51416667,25.08145833,80.27385417,6.104166667,2.667291667,5.237304211,78.85231579,100.1898958,17
6063,26.84864583,30.95958333,23.868125,84.5471875,6.704895833,3.267083333,5.237304211,78.85231579,99.52802083,12
6064,26.84864583,30.95958333,23.868125,84.5471875,6.704895833,3.267083333,5.237304211,78.85231579,99.52802083,5
6065,27.89958333,32.51416667,25.08145833,80.27385417,6.104166667,2.667291667,5.237304211,78.85231579,100.1898958,27
6066,27.89958333,32.51416667,25.08145833,80.27385417,6.104166667,2.667291667,5.442425263,78.47505263,100.1898958,28
6067,26.84864583,30.95958333,23.868125,84.5471875,6.704895833,3.267083333,5.237304211,78.85231579,99.52802083,55
6068,27.89958333,32.51416667,25.08145833,80.27385417,6.104166667,2.667291667,5.237304211,78.85231579,100.1898958,20
6069,27.7,31.595625,25.06260417,80.97427083,6.081458333,2.851354167,5.237304211,78.85231579,100.0877083,11
6070,27.7,31.595625,25.06260417,80.97427083,6.081458333,2.851354167,5.237304211,78.85231579,100.0877083,35
6071,27.89958333,32.51416667,25.08145833,80.27385417,6.104166667,2.667291667,5.237304211,78.85231579,100.1898958,38
6072,27.7,31.595625,25.06260417,80.97427083,6.081458333,2.851354167,5.237304211,78.85231579,100.0877083,13
6073,26.84864583,30.95958333,23.868125,84.5471875,6.704895833,3.267083333,5.237304211,78.85231579,99.52802083,120
6074,27.7,31.595625,25.06260417,80.97427083,6.081458333,2.851354167,5.237304211,78.85231579,100.0877083,33
6075,27.36145833,31.46052083,24.5125,81.8865625,6.164895833,3.53125,5.116216842,84.28905263,99.66552083,426
6076,22.0240625,27.95583333,17.093125,88.55666667,6.788541667,2.143229167,4.899817895,75.64947368,91.25489583,458
6077,22.0240625,27.95583333,17.093125,88.55666667,6.788541667,2.143229167,4.899817895,75.64947368,91.25489583,624
6078,24.1209375,30.03458333,19.30854167,86.98770833,6.320416667,2.270104167,5.074892632,75.84094737,95.16291667,281
6079,24.1209375,30.03458333,19.30854167,86.98770833,6.320416667,2.270104167,5.025598947,80.51326316,95.16291667,353
6080,24.1209375,30.03458333,19.30854167,86.98770833,6.320416667,2.270104167,5.074892632,75.84094737,95.16291667,310
6081,24.07270833,30.18135417,19.5734375,85.08052083,6.693541667,2.220208333,4.899817895,75.64947368,94.24864583,634
6082,24.1209375,30.03458333,19.30854167,86.98770833,6.320416667,2.270104167,5.074892632,75.84094737,95.16291667,337
6083,24.1209375,30.03458333,19.30854167,86.98770833,6.320416667,2.270104167,5.074892632,75.84094737,95.16291667,486
6084,24.1209375,30.03458333,19.30854167,86.98770833,6.320416667,2.270104167,5.074892632,75.84094737,95.16291667,362
6085,24.1209375,30.03458333,19.30854167,86.98770833,6.320416667,2.270104167,5.025598947,80.51326316,95.16291667,338
6086,22.0240625,27.95583333,17.093125,88.55666667,6.788541667,2.143229167,5.025598947,80.51326316,91.25489583,616
6087,24.07270833,30.18135417,19.5734375,85.08052083,6.693541667,2.220208333,5.116216842,84.28905263,94.24864583,599
6088,24.07270833,30.18135417,19.5734375,85.08052083,6.693541667,2.220208333,5.116216842,84.28905263,94.24864583,118
6089,24.07270833,30.18135417,19.5734375,85.08052083,6.693541667,2.220208333,5.116216842,84.28905263,94.24864583,519
6090,22.0240625,27.95583333,17.093125,88.55666667,6.788541667,2.143229167,5.025598947,80.51326316,91.25489583,278
6091,22.0240625,27.95583333,17.093125,88.55666667,6.788541667,2.143229167,5.074892632,75.84094737,91.25489583,708
6092,24.1209375,30.03458333,19.30854167,86.98770833,6.320416667,2.270104167,5.025598947,80.51326316,95.16291667,274
6093,25.41854167,34.02145833,20.18239583,86.744375,7.92625,1.316875,5.025598947,80.51326316,97.66708333,385
6094,24.07270833,30.18135417,19.5734375,85.08052083,6.693541667,2.220208333,5.116216842,84.28905263,94.24864583,536
6095,23.248125,29.2015625,18.29479167,86.34833333,6.82375,2.354375,5.116216842,84.28905263,92.7578125,401
6096,22.0240625,27.95583333,17.093125,88.55666667,6.788541667,2.143229167,5.025598947,80.51326316,91.25489583,331
6097,28.36020833,29.75375,26.60416667,80.1090625,5.409166667,4.965520833,5.252634737,74.68157895,100.8995833,20
6098,26.65291667,29.98010417,24.13385417,83.05395833,7.152291667,3.354270833,5.252634737,74.68157895,98.6071875,8
6099,26.65291667,29.98010417,24.13385417,83.05395833,7.152291667,3.354270833,5.252634737,74.68157895,98.6071875,30
6100,26.65291667,29.98010417,24.13385417,83.05395833,7.152291667,3.354270833,5.252634737,74.68157895,98.6071875,20
6101,26.65291667,29.98010417,24.13385417,83.05395833,7.152291667,3.354270833,5.252634737,74.68157895,98.6071875,20
6102,25.88135417,31.25052083,22.22072917,85.22479167,7.726458333,2.591875,5.116216842,84.28905263,97.59666667,25
6103,23.248125,29.2015625,18.29479167,86.34833333,6.82375,2.354375,5.116216842,84.28905263,92.7578125,372
6104,25.88135417,31.25052083,22.22072917,85.22479167,7.726458333,2.591875,5.045573684,81.12863158,97.59666667,12
6105,23.248125,29.2015625,18.29479167,86.34833333,6.82375,2.354375,5.116216842,84.28905263,92.7578125,10
6106,25.88135417,31.25052083,22.22072917,85.22479167,7.726458333,2.591875,5.442425263,78.47505263,97.59666667,18
6107,23.248125,29.2015625,18.29479167,86.34833333,6.82375,2.354375,5.116216842,84.28905263,92.7578125,19
6108,25.88135417,31.25052083,22.22072917,85.22479167,7.726458333,2.591875,5.045573684,81.12863158,97.59666667,17
6109,25.88135417,31.25052083,22.22072917,85.22479167,7.726458333,2.591875,5.442425263,78.47505263,97.59666667,8
6110,23.248125,29.2015625,18.29479167,86.34833333,6.82375,2.354375,5.116216842,84.28905263,92.7578125,12
6111,25.88135417,31.25052083,22.22072917,85.22479167,7.726458333,2.591875,5.045573684,81.12863158,97.59666667,231
6112,25.88135417,31.25052083,22.22072917,85.22479167,7.726458333,2.591875,5.045573684,81.12863158,97.59666667,12
6113,23.248125,29.2015625,18.29479167,86.34833333,6.82375,2.354375,5.116216842,84.28905263,92.7578125,345
6114,25.88135417,31.25052083,22.22072917,85.22479167,7.726458333,2.591875,5.116216842,84.28905263,97.59666667,377
6115,25.88135417,31.25052083,22.22072917,85.22479167,7.726458333,2.591875,5.442425263,78.47505263,97.59666667,660
6116,23.248125,29.2015625,18.29479167,86.34833333,6.82375,2.354375,5.116216842,84.28905263,92.7578125,568
6117,23.248125,29.2015625,18.29479167,86.34833333,6.82375,2.354375,5.116216842,84.28905263,92.7578125,582
6118,23.248125,29.2015625,18.29479167,86.34833333,6.82375,2.354375,5.116216842,84.28905263,92.7578125,271
6119,25.88135417,31.25052083,22.22072917,85.22479167,7.726458333,2.591875,5.442425263,78.47505263,97.59666667,44
6120,25.88135417,31.25052083,22.22072917,85.22479167,7.726458333,2.591875,5.442425263,78.47505263,97.59666667,42
6121,25.88135417,31.25052083,22.22072917,85.22479167,7.726458333,2.591875,5.442425263,78.47505263,97.59666667,0
6122,23.248125,29.2015625,18.29479167,86.34833333,6.82375,2.354375,5.116216842,84.28905263,92.7578125,402
6123,25.88135417,31.25052083,22.22072917,85.22479167,7.726458333,2.591875,5.045573684,81.12863158,97.59666667,315
6124,25.88135417,31.25052083,22.22072917,85.22479167,7.726458333,2.591875,5.045573684,81.12863158,97.59666667,10
6125,27.205625,31.05114583,24.7503125,82.94114583,6.677604167,3.283020833,5.045573684,81.12863158,99.6471875,11
6126,27.205625,31.05114583,24.7503125,82.94114583,6.677604167,3.283020833,5.045573684,81.12863158,99.6471875,13
6127,25.88135417,31.25052083,22.22072917,85.22479167,7.726458333,2.591875,5.045573684,81.12863158,97.59666667,100
6128,27.205625,31.05114583,24.7503125,82.94114583,6.677604167,3.283020833,5.045573684,81.12863158,99.6471875,109
6129,25.88135417,31.25052083,22.22072917,85.22479167,7.726458333,2.591875,5.045573684,81.12863158,97.59666667,8
6130,27.205625,31.05114583,24.7503125,82.94114583,6.677604167,3.283020833,5.045573684,81.12863158,99.6471875,646
6132,27.205625,31.05114583,24.7503125,82.94114583,6.677604167,3.283020833,5.045573684,81.12863158,99.6471875,21
6133,27.205625,31.05114583,24.7503125,82.94114583,6.677604167,3.283020833,5.045573684,81.12863158,99.6471875,20
6134,27.205625,31.05114583,24.7503125,82.94114583,6.677604167,3.283020833,5.045573684,81.12863158,99.6471875,3
6135,27.205625,31.05114583,24.7503125,82.94114583,6.677604167,3.283020833,5.045573684,81.12863158,99.6471875,6
6136,27.205625,31.05114583,24.7503125,82.94114583,6.677604167,3.283020833,5.045573684,81.12863158,99.6471875,11
6137,27.205625,31.05114583,24.7503125,82.94114583,6.677604167,3.283020833,5.045573684,81.12863158,99.6471875,7
6138,27.205625,31.05114583,24.7503125,82.94114583,6.677604167,3.283020833,5.045573684,81.12863158,99.6471875,114
6139,27.205625,31.05114583,24.7503125,82.94114583,6.677604167,3.283020833,5.045573684,81.12863158,99.6471875,10
6140,25.88135417,31.25052083,22.22072917,85.22479167,7.726458333,2.591875,5.045573684,81.12863158,97.59666667,8
6141,25.88135417,31.25052083,22.22072917,85.22479167,7.726458333,2.591875,5.045573684,81.12863158,97.59666667,5
6142,27.36145833,31.46052083,24.5125,81.8865625,6.164895833,3.53125,5.116216842,84.28905263,99.66552083,23
6143,24.07270833,30.18135417,19.5734375,85.08052083,6.693541667,2.220208333,5.116216842,84.28905263,94.24864583,6
6144,26.65291667,29.98010417,24.13385417,83.05395833,7.152291667,3.354270833,5.252634737,74.68157895,98.6071875,6
6145,26.65291667,29.98010417,24.13385417,83.05395833,7.152291667,3.354270833,5.116216842,84.28905263,98.6071875,61
6146,27.36145833,31.46052083,24.5125,81.8865625,6.164895833,3.53125,5.116216842,84.28905263,99.66552083,7
6147,24.07270833,30.18135417,19.5734375,85.08052083,6.693541667,2.220208333,5.116216842,84.28905263,94.24864583,661
6148,27.36145833,31.46052083,24.5125,81.8865625,6.164895833,3.53125,5.116216842,84.28905263,99.66552083,3
6149,26.65291667,29.98010417,24.13385417,83.05395833,7.152291667,3.354270833,4.899817895,75.64947368,98.6071875,7
6150,27.36145833,31.46052083,24.5125,81.8865625,6.164895833,3.53125,5.116216842,84.28905263,99.66552083,13
6151,27.36145833,31.46052083,24.5125,81.8865625,6.164895833,3.53125,5.116216842,84.28905263,99.66552083,7
6152,24.07270833,30.18135417,19.5734375,85.08052083,6.693541667,2.220208333,5.116216842,84.28905263,94.24864583,23
6153,26.65291667,29.98010417,24.13385417,83.05395833,7.152291667,3.354270833,5.116216842,84.28905263,98.6071875,11
6154,26.65291667,29.98010417,24.13385417,83.05395833,7.152291667,3.354270833,5.116216842,84.28905263,98.6071875,5
6155,27.36145833,31.46052083,24.5125,81.8865625,6.164895833,3.53125,5.116216842,84.28905263,99.66552083,136
6156,27.36145833,31.46052083,24.5125,81.8865625,6.164895833,3.53125,5.116216842,84.28905263,99.66552083,6
6157,27.36145833,31.46052083,24.5125,81.8865625,6.164895833,3.53125,5.116216842,84.28905263,99.66552083,9
6159,27.36145833,31.46052083,24.5125,81.8865625,6.164895833,3.53125,5.116216842,84.28905263,99.66552083,8
6160,26.65291667,29.98010417,24.13385417,83.05395833,7.152291667,3.354270833,4.899817895,75.64947368,98.6071875,6
6161,27.36145833,31.46052083,24.5125,81.8865625,6.164895833,3.53125,5.116216842,84.28905263,99.66552083,12
6162,27.36145833,31.46052083,24.5125,81.8865625,6.164895833,3.53125,5.116216842,84.28905263,99.66552083,117
6163,26.65291667,29.98010417,24.13385417,83.05395833,7.152291667,3.354270833,5.116216842,84.28905263,98.6071875,5
6164,26.65291667,29.98010417,24.13385417,83.05395833,7.152291667,3.354270833,5.116216842,84.28905263,98.6071875,128
6165,24.07270833,30.18135417,19.5734375,85.08052083,6.693541667,2.220208333,5.116216842,84.28905263,94.24864583,12
6166,26.65291667,29.98010417,24.13385417,83.05395833,7.152291667,3.354270833,5.116216842,84.28905263,98.6071875,5
6167,24.07270833,30.18135417,19.5734375,85.08052083,6.693541667,2.220208333,5.116216842,84.28905263,94.24864583,6
6168,24.19697917,29.0496875,20.69552083,87.25072917,7.256354167,2.756145833,4.882143158,80.29463158,95.26020833,72
6169,25.41854167,34.02145833,20.18239583,86.744375,7.92625,1.316875,5.025598947,80.51326316,97.66708333,162
6171,26.32927083,34.54833333,21.24708333,84.73760417,7.38875,1.459479167,5.025598947,80.51326316,98.8059375,13
6173,26.32927083,34.54833333,21.24708333,84.73760417,7.38875,1.459479167,5.025598947,80.51326316,98.8059375,62
6174,26.65458333,31.66916667,23.346875,84.02666667,9.140729167,2.5078125,4.882143158,80.29463158,99.2803125,56
6175,24.19697917,29.0496875,20.69552083,87.25072917,7.256354167,2.756145833,5.025598947,80.51326316,95.26020833,88
6176,24.19697917,29.0496875,20.69552083,87.25072917,7.256354167,2.756145833,5.025598947,80.51326316,95.26020833,82
6177,24.19697917,29.0496875,20.69552083,87.25072917,7.256354167,2.756145833,4.882143158,80.29463158,95.26020833,204
6178,27.8665625,32.71364583,24.4828125,79.615,5.960104167,2.210416667,5.025598947,80.51326316,100.2452083,9
6179,26.32927083,34.54833333,21.24708333,84.73760417,7.38875,1.459479167,5.025598947,80.51326316,98.8059375,17
6180,26.32927083,34.54833333,21.24708333,84.73760417,7.38875,1.459479167,5.025598947,80.51326316,98.8059375,8
6181,26.32927083,34.54833333,21.24708333,84.73760417,7.38875,1.459479167,5.025598947,80.51326316,98.8059375,3
6182,26.32927083,34.54833333,21.24708333,84.73760417,7.38875,1.459479167,5.025598947,80.51326316,98.8059375,24
6183,27.8665625,32.71364583,24.4828125,79.615,5.960104167,2.210416667,5.025598947,80.51326316,100.2452083,25
6184,26.32927083,34.54833333,21.24708333,84.73760417,7.38875,1.459479167,5.025598947,80.51326316,98.8059375,22
6185,26.32927083,34.54833333,21.24708333,84.73760417,7.38875,1.459479167,5.025598947,80.51326316,98.8059375,21
6186,26.32927083,34.54833333,21.24708333,84.73760417,7.38875,1.459479167,5.025598947,80.51326316,98.8059375,6
6187,26.32927083,34.54833333,21.24708333,84.73760417,7.38875,1.459479167,5.025598947,80.51326316,98.8059375,109
6188,26.32927083,34.54833333,21.24708333,84.73760417,7.38875,1.459479167,5.025598947,80.51326316,98.8059375,40
6189,26.32927083,34.54833333,21.24708333,84.73760417,7.38875,1.459479167,5.025598947,80.51326316,98.8059375,349
6190,25.40958333,31.28760417,20.458125,84.7840625,5.575,1.979270833,5.225255789,75.26452632,97.19052083,159
6191,27.8665625,32.71364583,24.4828125,79.615,5.960104167,2.210416667,5.025598947,80.51326316,100.2452083,5
6192,27.59375,31.13822917,25.12489583,79.19135417,4.888645833,2.987708333,5.225255789,75.26452632,99.58791667,16
6193,25.53322917,31.635,20.79489583,83.4215625,4.7459375,2.111666667,5.225255789,75.26452632,97.14979167,20
6194,25.53322917,31.635,20.79489583,83.4215625,4.7459375,2.111666667,5.225255789,75.26452632,97.14979167,67
6195,25.40958333,31.28760417,20.458125,84.7840625,5.575,1.979270833,5.225255789,75.26452632,97.19052083,99
6196,27.59375,31.13822917,25.12489583,79.19135417,4.888645833,2.987708333,5.225255789,75.26452632,99.58791667,13
6197,25.53322917,31.635,20.79489583,83.4215625,4.7459375,2.111666667,5.225255789,75.26452632,97.14979167,56
6198,27.59375,31.13822917,25.12489583,79.19135417,4.888645833,2.987708333,5.225255789,75.26452632,99.58791667,14
6199,27.8665625,32.71364583,24.4828125,79.615,5.960104167,2.210416667,5.225255789,75.26452632,100.2452083,6
6200,27.59375,31.13822917,25.12489583,79.19135417,4.888645833,2.987708333,5.225255789,75.26452632,99.58791667,10
6201,25.5859375,28.92760417,23.2521875,85.17916667,4.894583333,3.673854167,5.225255789,75.26452632,97.1103125,9
6202,25.5859375,28.92760417,23.2521875,85.17916667,4.894583333,3.673854167,5.28734,75.35315789,97.1103125,9
6203,27.59375,31.13822917,25.12489583,79.19135417,4.888645833,2.987708333,5.225255789,75.26452632,99.58791667,5
6204,27.59375,31.13822917,25.12489583,79.19135417,4.888645833,2.987708333,5.225255789,75.26452632,99.58791667,52
6205,27.7740625,29.14385417,26.3190625,81.90989583,5.1665625,4.558541667,5.28734,75.35315789,100.3036458,35
6206,24.19697917,29.0496875,20.69552083,87.25072917,7.256354167,2.756145833,4.882143158,80.29463158,95.26020833,7
6207,26.7328125,30.25114583,24.330625,82.3940625,5.958645833,3.500729167,5.195638947,75.64052632,98.69822917,14
6208,26.65458333,31.66916667,23.346875,84.02666667,9.140729167,2.5078125,4.882143158,80.29463158,99.2803125,4
6209,28.1915625,29.73364583,26.58145833,81.0884375,7.3509375,4.738541667,4.882143158,80.29463158,100.7173958,26
6210,26.65458333,31.66916667,23.346875,84.02666667,9.140729167,2.5078125,4.882143158,80.29463158,99.2803125,6
6211,27.95854167,29.6909375,26.4115625,80.73416667,5.7375,4.18,5.195638947,75.64052632,100.3980208,9
6212,26.7328125,30.25114583,24.330625,82.3940625,5.958645833,3.500729167,5.195638947,75.64052632,98.69822917,9
6213,26.7328125,30.25114583,24.330625,82.3940625,5.958645833,3.500729167,4.882143158,80.29463158,98.69822917,7
6214,26.7328125,30.25114583,24.330625,82.3940625,5.958645833,3.500729167,5.195638947,75.64052632,98.69822917,10
6215,26.7328125,30.25114583,24.330625,82.3940625,5.958645833,3.500729167,5.195638947,75.64052632,98.69822917,21
6216,26.7328125,30.25114583,24.330625,82.3940625,5.958645833,3.500729167,4.882143158,80.29463158,98.69822917,11
6235,25.46364583,30.33458333,22.00739583,83.72052083,4.37,2.827604167,5.225255789,75.26452632,96.78052083,41
6236,25.46364583,30.33458333,22.00739583,83.72052083,4.37,2.827604167,5.28734,75.35315789,96.78052083,6
6237,26.94645833,30.30677083,24.59833333,80.68375,5.36625,2.830416667,5.40986,80.03926316,98.62583333,7
6238,25.46364583,30.33458333,22.00739583,83.72052083,4.37,2.827604167,5.40986,80.03926316,96.78052083,7
6239,26.94645833,30.30677083,24.59833333,80.68375,5.36625,2.830416667,5.046203158,79.24621053,98.62583333,13
6240,25.46364583,30.33458333,22.00739583,83.72052083,4.37,2.827604167,5.28734,75.35315789,96.78052083,7
6241,25.53322917,31.635,20.79489583,83.4215625,4.7459375,2.111666667,5.225255789,75.26452632,97.14979167,139
6242,25.53322917,31.635,20.79489583,83.4215625,4.7459375,2.111666667,5.046203158,79.24621053,97.14979167,169
6243,25.46364583,30.33458333,22.00739583,83.72052083,4.37,2.827604167,5.225255789,75.26452632,96.78052083,21
6244,25.53322917,31.635,20.79489583,83.4215625,4.7459375,2.111666667,5.046203158,79.24621053,97.14979167,56
6245,25.46364583,30.33458333,22.00739583,83.72052083,4.37,2.827604167,5.046203158,79.24621053,96.78052083,737
6246,23.0734375,28.83145833,18.62416667,87.8690625,5.0878125,2.293229167,5.046203158,79.24621053,93.205,103
6247,25.46364583,30.33458333,22.00739583,83.72052083,4.37,2.827604167,5.225255789,75.26452632,96.78052083,297
6248,23.0734375,28.83145833,18.62416667,87.8690625,5.0878125,2.293229167,5.046203158,79.24621053,93.205,151
6249,25.53322917,31.635,20.79489583,83.4215625,4.7459375,2.111666667,5.046203158,79.24621053,97.14979167,200
6250,25.46364583,30.33458333,22.00739583,83.72052083,4.37,2.827604167,5.046203158,79.24621053,96.78052083,532
6251,25.53322917,31.635,20.79489583,83.4215625,4.7459375,2.111666667,5.046203158,79.24621053,97.14979167,131
6252,25.53322917,31.635,20.79489583,83.4215625,4.7459375,2.111666667,5.046203158,79.24621053,97.14979167,35
6253,25.53322917,31.635,20.79489583,83.4215625,4.7459375,2.111666667,5.046203158,79.24621053,97.14979167,310
6254,23.0734375,28.83145833,18.62416667,87.8690625,5.0878125,2.293229167,5.046203158,79.24621053,93.205,119
6255,25.53322917,31.635,20.79489583,83.4215625,4.7459375,2.111666667,5.046203158,79.24621053,97.14979167,70
6256,23.0734375,28.83145833,18.62416667,87.8690625,5.0878125,2.293229167,5.046203158,79.24621053,93.205,45
6257,23.0734375,28.83145833,18.62416667,87.8690625,5.0878125,2.293229167,5.046203158,79.24621053,93.205,66
6258,28.178125,30.2234375,26.35072917,79.18010417,5.593645833,3.104375,5.046203158,79.24621053,100.5272917,6
6259,26.08635417,32.3153125,20.78583333,84.61572917,7.473645833,1.832291667,5.046203158,79.24621053,98.52697917,28
6260,23.0734375,28.83145833,18.62416667,87.8690625,5.0878125,2.293229167,5.046203158,79.24621053,93.205,9
6261,25.53322917,31.635,20.79489583,83.4215625,4.7459375,2.111666667,5.046203158,79.24621053,97.14979167,32
6262,26.94645833,30.30677083,24.59833333,80.68375,5.36625,2.830416667,5.046203158,79.24621053,98.62583333,9
6263,25.53322917,31.635,20.79489583,83.4215625,4.7459375,2.111666667,5.046203158,79.24621053,97.14979167,34
6265,23.0734375,28.83145833,18.62416667,87.8690625,5.0878125,2.293229167,5.046203158,79.24621053,93.205,50
6266,25.37958333,32.535,20.9421875,87.0415625,10.72958333,1.647083333,4.899817895,75.64947368,97.54052083,6
6267,25.37958333,32.535,20.9421875,87.0415625,10.72958333,1.647083333,4.899817895,75.64947368,97.54052083,6
6268,25.37958333,32.535,20.9421875,87.0415625,10.72958333,1.647083333,4.939378947,79.47189474,97.54052083,8
6269,26.65291667,29.98010417,24.13385417,83.05395833,7.152291667,3.354270833,4.899817895,75.64947368,98.6071875,7
6270,26.01041667,31.81947917,22.77354167,86.32583333,9.82625,2.398958333,4.939378947,79.47189474,98.23239583,46
6271,26.01041667,31.81947917,22.77354167,86.32583333,9.82625,2.398958333,4.939378947,79.47189474,98.23239583,49
6272,26.515,35.383125,21.00916667,84.86239583,7.409270833,1.212604167,4.899817895,75.64947368,99.409375,11
6273,25.37958333,32.535,20.9421875,87.0415625,10.72958333,1.647083333,4.939378947,79.47189474,97.54052083,5
6274,25.37958333,32.535,20.9421875,87.0415625,10.72958333,1.647083333,4.899817895,75.64947368,97.54052083,11
6275,25.37958333,32.535,20.9421875,87.0415625,10.72958333,1.647083333,4.939378947,79.47189474,97.54052083,8
6276,26.01041667,31.81947917,22.77354167,86.32583333,9.82625,2.398958333,4.939378947,79.47189474,98.23239583,65
6277,25.37958333,32.535,20.9421875,87.0415625,10.72958333,1.647083333,4.939378947,79.47189474,97.54052083,5
6278,26.515,35.383125,21.00916667,84.86239583,7.409270833,1.212604167,4.899817895,75.64947368,99.409375,29
6279,26.65458333,31.66916667,23.346875,84.02666667,9.140729167,2.5078125,4.899817895,75.64947368,99.2803125,29
6280,26.515,35.383125,21.00916667,84.86239583,7.409270833,1.212604167,4.899817895,75.64947368,99.409375,16
6281,26.515,35.383125,21.00916667,84.86239583,7.409270833,1.212604167,4.899817895,75.64947368,99.409375,25
6282,25.41854167,34.02145833,20.18239583,86.744375,7.92625,1.316875,4.899817895,75.64947368,97.66708333,24
6283,26.515,35.383125,21.00916667,84.86239583,7.409270833,1.212604167,4.899817895,75.64947368,99.409375,40
6284,27.300625,31.31479167,24.42947917,83.09802083,9.895833333,3.005104167,5.008296842,76.76747368,100.1867708,28
6285,27.300625,31.31479167,24.42947917,83.09802083,9.895833333,3.005104167,4.899817895,75.64947368,100.1867708,33
6286,26.515,35.383125,21.00916667,84.86239583,7.409270833,1.212604167,4.899817895,75.64947368,99.409375,18
6287,26.65458333,31.66916667,23.346875,84.02666667,9.140729167,2.5078125,4.882143158,80.29463158,99.2803125,35
6288,25.37958333,32.535,20.9421875,87.0415625,10.72958333,1.647083333,4.899817895,75.64947368,97.54052083,59
6289,26.515,35.383125,21.00916667,84.86239583,7.409270833,1.212604167,4.899817895,75.64947368,99.409375,20
6290,26.65458333,31.66916667,23.346875,84.02666667,9.140729167,2.5078125,5.008296842,76.76747368,99.2803125,34
6291,26.65458333,31.66916667,23.346875,84.02666667,9.140729167,2.5078125,4.899817895,75.64947368,99.2803125,33
6293,27.52416667,31.090625,25.3671875,83.97041667,10.2659375,3.576770833,4.939378947,79.47189474,100.4311458,3
6294,27.52416667,31.090625,25.3671875,83.97041667,10.2659375,3.576770833,4.935505263,78.26905263,100.4311458,45
6295,27.52416667,31.090625,25.3671875,83.97041667,10.2659375,3.576770833,4.935505263,78.26905263,100.4311458,0
6296,28.16208333,29.72833333,26.66083333,81.256875,9.163229167,5.12125,4.935505263,78.26905263,100.715,5
6297,27.52416667,31.090625,25.3671875,83.97041667,10.2659375,3.576770833,4.935505263,78.26905263,100.4311458,9
6298,28.16208333,29.72833333,26.66083333,81.256875,9.163229167,5.12125,4.935505263,78.26905263,100.715,0
6299,26.01041667,31.81947917,22.77354167,86.32583333,9.82625,2.398958333,4.939378947,79.47189474,98.23239583,54
6300,26.01041667,31.81947917,22.77354167,86.32583333,9.82625,2.398958333,4.939378947,79.47189474,98.23239583,5
6301,28.23072917,29.72322917,26.69020833,81.4471875,9.79375,4.614375,5.194321053,78.17031579,100.9032292,6
6302,26.01041667,31.81947917,22.77354167,86.32583333,9.82625,2.398958333,4.939378947,79.47189474,98.23239583,6
6303,28.23072917,29.72322917,26.69020833,81.4471875,9.79375,4.614375,5.035849474,77.76410526,100.9032292,6
6304,28.23072917,29.72322917,26.69020833,81.4471875,9.79375,4.614375,4.939378947,79.47189474,100.9032292,9
6305,28.23072917,29.72322917,26.69020833,81.4471875,9.79375,4.614375,5.035849474,77.76410526,100.9032292,5
6306,26.01041667,31.81947917,22.77354167,86.32583333,9.82625,2.398958333,4.939378947,79.47189474,98.23239583,5
6307,26.01041667,31.81947917,22.77354167,86.32583333,9.82625,2.398958333,4.939378947,79.47189474,98.23239583,45
6308,26.01041667,31.81947917,22.77354167,86.32583333,9.82625,2.398958333,4.939378947,79.47189474,98.23239583,9
6309,28.23072917,29.72322917,26.69020833,81.4471875,9.79375,4.614375,5.035849474,77.76410526,100.9032292,10
6310,26.01041667,31.81947917,22.77354167,86.32583333,9.82625,2.398958333,4.939378947,79.47189474,98.23239583,5
6311,28.23072917,29.72322917,26.69020833,81.4471875,9.79375,4.614375,5.035849474,77.76410526,100.9032292,4
6312,27.52416667,31.090625,25.3671875,83.97041667,10.2659375,3.576770833,4.939378947,79.47189474,100.4311458,6
6313,28.23072917,29.72322917,26.69020833,81.4471875,9.79375,4.614375,5.035849474,77.76410526,100.9032292,5
6315,26.01041667,31.81947917,22.77354167,86.32583333,9.82625,2.398958333,4.939378947,79.47189474,98.23239583,35
6316,27.8671875,30.2709375,26.063125,81.98,9.933854167,3.719479167,4.939378947,79.47189474,100.5432292,10
6317,27.52416667,31.090625,25.3671875,83.97041667,10.2659375,3.576770833,4.939378947,79.47189474,100.4311458,9
6318,26.01041667,31.81947917,22.77354167,86.32583333,9.82625,2.398958333,4.939378947,79.47189474,98.23239583,9
6319,26.01041667,31.81947917,22.77354167,86.32583333,9.82625,2.398958333,4.939378947,79.47189474,98.23239583,53
6320,27.300625,31.31479167,24.42947917,83.09802083,9.895833333,3.005104167,5.008296842,76.76747368,100.1867708,6
6321,26.7803125,31.04208333,24.140625,84.05875,10.3265625,2.921770833,5.008296842,76.76747368,99.26135417,5
6322,26.65458333,31.66916667,23.346875,84.02666667,9.140729167,2.5078125,5.008296842,76.76747368,99.2803125,4
6323,26.7803125,31.04208333,24.140625,84.05875,10.3265625,2.921770833,5.008296842,76.76747368,99.26135417,7
6324,27.8671875,30.2709375,26.063125,81.98,9.933854167,3.719479167,4.939378947,79.47189474,100.5432292,7
6325,26.7803125,31.04208333,24.140625,84.05875,10.3265625,2.921770833,5.035849474,77.76410526,99.26135417,8
6326,27.8671875,30.2709375,26.063125,81.98,9.933854167,3.719479167,4.939378947,79.47189474,100.5432292,7
6327,27.8671875,30.2709375,26.063125,81.98,9.933854167,3.719479167,5.035849474,77.76410526,100.5432292,4
6328,27.300625,31.31479167,24.42947917,83.09802083,9.895833333,3.005104167,5.008296842,76.76747368,100.1867708,4
6329,26.7803125,31.04208333,24.140625,84.05875,10.3265625,2.921770833,5.035849474,77.76410526,99.26135417,9
6330,27.300625,31.31479167,24.42947917,83.09802083,9.895833333,3.005104167,5.008296842,76.76747368,100.1867708,14
6331,26.65458333,31.66916667,23.346875,84.02666667,9.140729167,2.5078125,5.008296842,76.76747368,99.2803125,5
6332,27.8671875,30.2709375,26.063125,81.98,9.933854167,3.719479167,4.939378947,79.47189474,100.5432292,15
6333,26.7803125,31.04208333,24.140625,84.05875,10.3265625,2.921770833,5.008296842,76.76747368,99.26135417,6
6334,27.300625,31.31479167,24.42947917,83.09802083,9.895833333,3.005104167,5.008296842,76.76747368,100.1867708,6
6335,26.7803125,31.04208333,24.140625,84.05875,10.3265625,2.921770833,5.008296842,76.76747368,99.26135417,16
6336,27.300625,31.31479167,24.42947917,83.09802083,9.895833333,3.005104167,5.008296842,76.76747368,100.1867708,35
6337,26.7803125,31.04208333,24.140625,84.05875,10.3265625,2.921770833,5.035849474,77.76410526,99.26135417,5
6338,26.7803125,31.04208333,24.140625,84.05875,10.3265625,2.921770833,5.035849474,77.76410526,99.26135417,5
6339,28.23614583,29.5246875,26.71614583,79.48677083,4.888020833,3.2953125,5.272472632,79.42368421,100.7577083,8
6340,28.23614583,29.5246875,26.71614583,79.48677083,4.888020833,3.2953125,5.272472632,79.42368421,100.7577083,0
6341,28.23614583,29.5246875,26.71614583,79.48677083,4.888020833,3.2953125,5.272472632,79.42368421,100.7577083,0
6342,27.99666667,29.64614583,26.42239583,79.94052083,4.004166667,3.305104167,5.324022105,79.00652632,100.5247917,6
6343,27.99666667,29.64614583,26.42239583,79.94052083,4.004166667,3.305104167,5.324022105,79.00652632,100.5247917,13
6344,27.99666667,29.64614583,26.42239583,79.94052083,4.004166667,3.305104167,5.272472632,79.42368421,100.5247917,12
6345,27.99666667,29.64614583,26.42239583,79.94052083,4.004166667,3.305104167,5.324022105,79.00652632,100.5247917,35
6346,27.99666667,29.64614583,26.42239583,79.94052083,4.004166667,3.305104167,5.324022105,79.00652632,100.5247917,3
6347,27.99666667,29.64614583,26.42239583,79.94052083,4.004166667,3.305104167,5.272472632,79.42368421,100.5247917,33
6348,27.99666667,29.64614583,26.42239583,79.94052083,4.004166667,3.305104167,5.324022105,79.00652632,100.5247917,11
6349,27.99666667,29.64614583,26.42239583,79.94052083,4.004166667,3.305104167,5.272472632,79.42368421,100.5247917,395
6350,27.99666667,29.64614583,26.42239583,79.94052083,4.004166667,3.305104167,5.272472632,79.42368421,100.5247917,123
6351,27.99666667,29.64614583,26.42239583,79.94052083,4.004166667,3.305104167,5.272472632,79.42368421,100.5247917,399
6352,23.248125,29.2015625,18.29479167,86.34833333,6.82375,2.354375,5.074892632,75.84094737,92.7578125,1009
6354,24.36270833,31.80270833,19.17,85.6325,8.5303125,1.79875,5.074892632,75.84094737,94.8134375,19
6355,23.248125,29.2015625,18.29479167,86.34833333,6.82375,2.354375,5.074892632,75.84094737,92.7578125,722
6356,23.248125,29.2015625,18.29479167,86.34833333,6.82375,2.354375,5.074892632,75.84094737,92.7578125,733
6357,23.248125,29.2015625,18.29479167,86.34833333,6.82375,2.354375,5.074892632,75.84094737,92.7578125,1011
6358,23.248125,29.2015625,18.29479167,86.34833333,6.82375,2.354375,5.074892632,75.84094737,92.7578125,709
6359,23.248125,29.2015625,18.29479167,86.34833333,6.82375,2.354375,5.074892632,75.84094737,92.7578125,710
6360,24.36270833,31.80270833,19.17,85.6325,8.5303125,1.79875,5.074892632,75.84094737,94.8134375,759
6361,24.36270833,31.80270833,19.17,85.6325,8.5303125,1.79875,5.074892632,75.84094737,94.8134375,718
6362,23.248125,29.2015625,18.29479167,86.34833333,6.82375,2.354375,5.074892632,75.84094737,92.7578125,706
6363,23.248125,29.2015625,18.29479167,86.34833333,6.82375,2.354375,5.074892632,75.84094737,92.7578125,706
6364,23.248125,29.2015625,18.29479167,86.34833333,6.82375,2.354375,5.116216842,84.28905263,92.7578125,573
6365,24.36270833,31.80270833,19.17,85.6325,8.5303125,1.79875,5.074892632,75.84094737,94.8134375,426
6367,24.36270833,31.80270833,19.17,85.6325,8.5303125,1.79875,5.074892632,75.84094737,94.8134375,800
6368,23.248125,29.2015625,18.29479167,86.34833333,6.82375,2.354375,5.074892632,75.84094737,92.7578125,744
6369,23.248125,29.2015625,18.29479167,86.34833333,6.82375,2.354375,5.074892632,75.84094737,92.7578125,802
6370,23.248125,29.2015625,18.29479167,86.34833333,6.82375,2.354375,5.074892632,75.84094737,92.7578125,733
6371,25.88135417,31.25052083,22.22072917,85.22479167,7.726458333,2.591875,5.074892632,75.84094737,97.59666667,1129
6372,23.248125,29.2015625,18.29479167,86.34833333,6.82375,2.354375,5.074892632,75.84094737,92.7578125,714
6373,24.36270833,31.80270833,19.17,85.6325,8.5303125,1.79875,5.074892632,75.84094737,94.8134375,8
6374,23.248125,29.2015625,18.29479167,86.34833333,6.82375,2.354375,5.074892632,75.84094737,92.7578125,714
6375,23.248125,29.2015625,18.29479167,86.34833333,6.82375,2.354375,5.116216842,84.28905263,92.7578125,723
6376,24.36270833,31.80270833,19.17,85.6325,8.5303125,1.79875,5.074892632,75.84094737,94.8134375,364
6377,23.248125,29.2015625,18.29479167,86.34833333,6.82375,2.354375,5.074892632,75.84094737,92.7578125,710
6378,23.248125,29.2015625,18.29479167,86.34833333,6.82375,2.354375,5.074892632,75.84094737,92.7578125,707
6380,23.248125,29.2015625,18.29479167,86.34833333,6.82375,2.354375,5.074892632,75.84094737,92.7578125,869
6381,28.00041667,30.90447917,25.8553125,79.38958333,8.221041667,3.0478125,5.442425263,78.47505263,100.1289583,42
6383,23.248125,29.2015625,18.29479167,86.34833333,6.82375,2.354375,5.074892632,75.84094737,92.7578125,809
6384,23.248125,29.2015625,18.29479167,86.34833333,6.82375,2.354375,5.116216842,84.28905263,92.7578125,621
6385,23.248125,29.2015625,18.29479167,86.34833333,6.82375,2.354375,5.074892632,75.84094737,92.7578125,801
6386,23.248125,29.2015625,18.29479167,86.34833333,6.82375,2.354375,5.116216842,84.28905263,92.7578125,572
6387,23.248125,29.2015625,18.29479167,86.34833333,6.82375,2.354375,5.074892632,75.84094737,92.7578125,704
6388,23.248125,29.2015625,18.29479167,86.34833333,6.82375,2.354375,5.074892632,75.84094737,92.7578125,704
6389,24.36270833,31.80270833,19.17,85.6325,8.5303125,1.79875,5.074892632,75.84094737,94.8134375,809
6390,23.248125,29.2015625,18.29479167,86.34833333,6.82375,2.354375,5.074892632,75.84094737,92.7578125,733
6391,24.1209375,30.03458333,19.30854167,86.98770833,6.320416667,2.270104167,5.074892632,75.84094737,95.16291667,556
6392,26.08635417,32.3153125,20.78583333,84.61572917,7.473645833,1.832291667,5.046203158,79.24621053,98.52697917,28
6393,24.36270833,31.80270833,19.17,85.6325,8.5303125,1.79875,5.074892632,75.84094737,94.8134375,236
6394,24.36270833,31.80270833,19.17,85.6325,8.5303125,1.79875,5.074892632,75.84094737,94.8134375,412
6395,25.53322917,31.635,20.79489583,83.4215625,4.7459375,2.111666667,5.046203158,79.24621053,97.14979167,18
6396,26.08635417,32.3153125,20.78583333,84.61572917,7.473645833,1.832291667,5.074892632,75.84094737,98.52697917,7
6397,26.08635417,32.3153125,20.78583333,84.61572917,7.473645833,1.832291667,5.046203158,79.24621053,98.52697917,48
6398,26.08635417,32.3153125,20.78583333,84.61572917,7.473645833,1.832291667,5.046203158,79.24621053,98.52697917,41
6399,27.69604167,30.1084375,25.70427083,80.75979167,6.6553125,3.214166667,5.074892632,75.84094737,99.97208333,3
6400,26.08635417,32.3153125,20.78583333,84.61572917,7.473645833,1.832291667,5.046203158,79.24621053,98.52697917,89
6401,26.08635417,32.3153125,20.78583333,84.61572917,7.473645833,1.832291667,5.074892632,75.84094737,98.52697917,83
6402,25.53322917,31.635,20.79489583,83.4215625,4.7459375,2.111666667,5.046203158,79.24621053,97.14979167,28
6403,26.08635417,32.3153125,20.78583333,84.61572917,7.473645833,1.832291667,5.074892632,75.84094737,98.52697917,9
6404,26.08635417,32.3153125,20.78583333,84.61572917,7.473645833,1.832291667,5.046203158,79.24621053,98.52697917,8
6405,26.08635417,32.3153125,20.78583333,84.61572917,7.473645833,1.832291667,5.046203158,79.24621053,98.52697917,48
6406,26.08635417,32.3153125,20.78583333,84.61572917,7.473645833,1.832291667,5.046203158,79.24621053,98.52697917,54
6407,25.40958333,31.28760417,20.458125,84.7840625,5.575,1.979270833,5.046203158,79.24621053,97.19052083,20
6408,26.08635417,32.3153125,20.78583333,84.61572917,7.473645833,1.832291667,5.046203158,79.24621053,98.52697917,20
6409,26.08635417,32.3153125,20.78583333,84.61572917,7.473645833,1.832291667,5.074892632,75.84094737,98.52697917,5
6410,26.08635417,32.3153125,20.78583333,84.61572917,7.473645833,1.832291667,5.046203158,79.24621053,98.52697917,16
6411,25.53322917,31.635,20.79489583,83.4215625,4.7459375,2.111666667,5.046203158,79.24621053,97.14979167,16
6412,24.36270833,31.80270833,19.17,85.6325,8.5303125,1.79875,5.074892632,75.84094737,94.8134375,282
6413,26.08635417,32.3153125,20.78583333,84.61572917,7.473645833,1.832291667,5.074892632,75.84094737,98.52697917,4
6414,25.40958333,31.28760417,20.458125,84.7840625,5.575,1.979270833,5.074892632,75.84094737,97.19052083,16
6415,25.40958333,31.28760417,20.458125,84.7840625,5.575,1.979270833,5.074892632,75.84094737,97.19052083,13
6416,25.40958333,31.28760417,20.458125,84.7840625,5.575,1.979270833,5.046203158,79.24621053,97.19052083,14
6417,25.53322917,31.635,20.79489583,83.4215625,4.7459375,2.111666667,5.046203158,79.24621053,97.14979167,16
6418,24.36270833,31.80270833,19.17,85.6325,8.5303125,1.79875,5.074892632,75.84094737,94.8134375,63
6419,26.08635417,32.3153125,20.78583333,84.61572917,7.473645833,1.832291667,5.046203158,79.24621053,98.52697917,13
6420,26.08635417,32.3153125,20.78583333,84.61572917,7.473645833,1.832291667,5.046203158,79.24621053,98.52697917,43
6421,26.08635417,32.3153125,20.78583333,84.61572917,7.473645833,1.832291667,5.046203158,79.24621053,98.52697917,18
6422,26.08635417,32.3153125,20.78583333,84.61572917,7.473645833,1.832291667,5.046203158,79.24621053,98.52697917,698
6423,24.36270833,31.80270833,19.17,85.6325,8.5303125,1.79875,5.074892632,75.84094737,94.8134375,48
6424,24.36270833,31.80270833,19.17,85.6325,8.5303125,1.79875,5.074892632,75.84094737,94.8134375,21
6426,26.08635417,32.3153125,20.78583333,84.61572917,7.473645833,1.832291667,5.046203158,79.24621053,98.52697917,47
6427,26.08635417,32.3153125,20.78583333,84.61572917,7.473645833,1.832291667,5.074892632,75.84094737,98.52697917,5
6428,26.08635417,32.3153125,20.78583333,84.61572917,7.473645833,1.832291667,5.074892632,75.84094737,98.52697917,449
6430,28.00510417,29.97083333,26.35354167,80.3440625,3.7796875,3.2571875,5.363686316,75.63357895,100.7285417,167
6431,28.00510417,29.97083333,26.35354167,80.3440625,3.7796875,3.2571875,5.324022105,79.00652632,100.7285417,5
6432,28.00510417,29.97083333,26.35354167,80.3440625,3.7796875,3.2571875,5.333806316,76.17094737,100.7285417,20
6433,28.0721875,29.13958333,26.78645833,80.77145833,3.931875,3.413958333,5.363686316,75.63357895,100.9120833,4
6434,28.00510417,29.97083333,26.35354167,80.3440625,3.7796875,3.2571875,5.333806316,76.17094737,100.7285417,36
6435,28.00510417,29.97083333,26.35354167,80.3440625,3.7796875,3.2571875,5.333806316,76.17094737,100.7285417,6
6436,28.00510417,29.97083333,26.35354167,80.3440625,3.7796875,3.2571875,5.333806316,76.17094737,100.7285417,18
6437,28.00510417,29.97083333,26.35354167,80.3440625,3.7796875,3.2571875,5.324022105,79.00652632,100.7285417,15
6438,28.0721875,29.13958333,26.78645833,80.77145833,3.931875,3.413958333,5.363686316,75.63357895,100.9120833,4
6440,28.10104167,29.19145833,26.64489583,81.28166667,3.981041667,3.795104167,5.358293684,77.89221053,100.9239583,3
6441,28.0453125,29.43197917,26.66333333,80.67,3.881666667,3.501666667,5.363686316,75.63357895,100.8471875,5
6442,28.00510417,29.97083333,26.35354167,80.3440625,3.7796875,3.2571875,5.333806316,76.17094737,100.7285417,3
6443,28.00510417,29.97083333,26.35354167,80.3440625,3.7796875,3.2571875,5.324022105,79.00652632,100.7285417,4
6444,28.0721875,29.13958333,26.78645833,80.77145833,3.931875,3.413958333,5.363686316,75.63357895,100.9120833,4
6445,28.00510417,29.97083333,26.35354167,80.3440625,3.7796875,3.2571875,5.333806316,76.17094737,100.7285417,76
6446,28.0721875,29.13958333,26.78645833,80.77145833,3.931875,3.413958333,5.363686316,75.63357895,100.9120833,9
6447,28.2215625,29.40645833,26.85458333,79.68791667,3.802604167,3.296041667,5.324022105,79.00652632,100.8942708,9
6448,28.160625,29.5128125,26.7690625,80.60322917,4.1821875,3.4234375,5.298549474,77.80452632,100.8870833,12
6449,28.0896875,29.611875,26.6109375,80.75572917,4.1440625,3.4540625,5.363686316,75.63357895,100.865625,11
6450,28.2190625,29.22729167,26.82197917,81.50197917,5.3571875,4.075,5.144129474,78.16947368,100.9275,71
6451,28.160625,29.5128125,26.7690625,80.60322917,4.1821875,3.4234375,5.298549474,77.80452632,100.8870833,14
6452,28.160625,29.5128125,26.7690625,80.60322917,4.1821875,3.4234375,5.363686316,75.63357895,100.8870833,6
6453,28.14052083,29.45416667,26.80270833,80.74,5.9790625,3.423958333,5.321995789,75.86736842,100.8867708,6
6454,28.160625,29.5128125,26.7690625,80.60322917,4.1821875,3.4234375,5.321995789,75.86736842,100.8870833,9
6455,28.1353125,29.1684375,26.77739583,81.078125,5.549583333,3.468854167,5.321995789,75.86736842,100.9248958,3
6456,28.16885417,29.174375,26.91385417,80.66635417,4.051145833,3.38875,5.363686316,75.63357895,100.9265625,4
6457,28.16885417,29.174375,26.91385417,80.66635417,4.051145833,3.38875,5.363686316,75.63357895,100.9265625,3
6458,27.49635417,29.86125,25.63385417,85.07927083,7.288333333,2.2078125,5.281855789,77.09852632,100.8684375,3
6459,26.00833333,32.38458333,21.10375,78.3765625,8.1490625,3.177395833,5.368598947,59.30210526,96.61979167,52
6460,26.00833333,32.38458333,21.10375,78.3765625,8.1490625,3.177395833,5.368598947,59.30210526,96.61979167,423
6461,26.00833333,32.38458333,21.10375,78.3765625,8.1490625,3.177395833,5.368598947,59.30210526,96.61979167,95
6462,26.00833333,32.38458333,21.10375,78.3765625,8.1490625,3.177395833,5.368598947,59.30210526,96.61979167,349
6463,26.00833333,32.38458333,21.10375,78.3765625,8.1490625,3.177395833,5.368598947,59.30210526,96.61979167,473
6464,26.00833333,32.38458333,21.10375,78.3765625,8.1490625,3.177395833,5.368598947,59.30210526,96.61979167,80
6465,26.00833333,32.38458333,21.10375,78.3765625,8.1490625,3.177395833,5.368598947,59.30210526,96.61979167,79
6466,26.00833333,32.38458333,21.10375,78.3765625,8.1490625,3.177395833,5.368598947,59.30210526,96.61979167,86
6467,23.83135417,31.80729167,17.95791667,84.27177083,7.906666667,2.361979167,5.368598947,59.30210526,94.565625,434
6468,26.00833333,32.38458333,21.10375,78.3765625,8.1490625,3.177395833,5.368598947,59.30210526,96.61979167,68
6469,26.00833333,32.38458333,21.10375,78.3765625,8.1490625,3.177395833,5.368598947,59.30210526,96.61979167,109
6470,26.00833333,32.38458333,21.10375,78.3765625,8.1490625,3.177395833,5.368598947,59.30210526,96.61979167,64
6471,26.00833333,32.38458333,21.10375,78.3765625,8.1490625,3.177395833,5.368598947,59.30210526,96.61979167,383
6472,26.00833333,32.38458333,21.10375,78.3765625,8.1490625,3.177395833,5.368598947,59.30210526,96.61979167,171
6473,23.83135417,31.80729167,17.95791667,84.27177083,7.906666667,2.361979167,5.368598947,59.30210526,94.565625,773
6474,26.00833333,32.38458333,21.10375,78.3765625,8.1490625,3.177395833,5.368598947,59.30210526,96.61979167,120
6475,26.00833333,32.38458333,21.10375,78.3765625,8.1490625,3.177395833,5.368598947,59.30210526,96.61979167,95
6476,26.00833333,32.38458333,21.10375,78.3765625,8.1490625,3.177395833,5.368598947,59.30210526,96.61979167,60
6477,26.00833333,32.38458333,21.10375,78.3765625,8.1490625,3.177395833,5.368598947,59.30210526,96.61979167,322
6478,26.00833333,32.38458333,21.10375,78.3765625,8.1490625,3.177395833,5.368598947,59.30210526,96.61979167,172
6479,26.00833333,32.38458333,21.10375,78.3765625,8.1490625,3.177395833,5.368598947,59.30210526,96.61979167,146
6480,26.00833333,32.38458333,21.10375,78.3765625,8.1490625,3.177395833,5.368598947,59.30210526,96.61979167,90
6481,26.00833333,32.38458333,21.10375,78.3765625,8.1490625,3.177395833,5.368598947,59.30210526,96.61979167,24
6482,26.00833333,32.38458333,21.10375,78.3765625,8.1490625,3.177395833,5.368598947,59.30210526,96.61979167,64
6483,26.00833333,32.38458333,21.10375,78.3765625,8.1490625,3.177395833,5.368598947,59.30210526,96.61979167,607
6484,26.00833333,32.38458333,21.10375,78.3765625,8.1490625,3.177395833,5.368598947,59.30210526,96.61979167,293
6485,26.00833333,32.38458333,21.10375,78.3765625,8.1490625,3.177395833,5.368598947,59.30210526,96.61979167,172
6486,26.48322917,33.183125,22.44677083,83.07802083,8.83375,3.111354167,4.883813684,66.07442105,99.723125,284
6487,24.75739583,33.59229167,18.72552083,83.63041667,7.571041667,2.2221875,4.846844211,69.33757895,96.55958333,82
6488,24.75739583,33.59229167,18.72552083,83.63041667,7.571041667,2.2221875,4.883813684,66.07442105,96.55958333,68
6489,24.75739583,33.59229167,18.72552083,83.63041667,7.571041667,2.2221875,4.883813684,66.07442105,96.55958333,132
6490,26.48322917,33.183125,22.44677083,83.07802083,8.83375,3.111354167,4.883813684,66.07442105,99.723125,17
6491,24.75739583,33.59229167,18.72552083,83.63041667,7.571041667,2.2221875,4.883813684,66.07442105,96.55958333,38
6492,26.48322917,33.183125,22.44677083,83.07802083,8.83375,3.111354167,4.883813684,66.07442105,99.723125,17
6493,23.42135417,29.80614583,17.68697917,84.7509375,9.006041667,2.283020833,5.185797895,64.92347368,93.12854167,2291
6494,23.42135417,29.80614583,17.68697917,84.7509375,9.006041667,2.283020833,5.185797895,64.92347368,93.12854167,718
6495,24.6765625,30.23989583,19.856875,80.31197917,8.937708333,2.513229167,5.185797895,64.92347368,94.21375,1133
6496,23.42135417,29.80614583,17.68697917,84.7509375,9.006041667,2.283020833,5.185797895,64.92347368,93.12854167,917
6497,24.6765625,30.23989583,19.856875,80.31197917,8.937708333,2.513229167,5.185797895,64.92347368,94.21375,1805
6498,23.42135417,29.80614583,17.68697917,84.7509375,9.006041667,2.283020833,5.185797895,64.92347368,93.12854167,752
6499,23.42135417,29.80614583,17.68697917,84.7509375,9.006041667,2.283020833,5.185797895,64.92347368,93.12854167,1171
6500,23.42135417,29.80614583,17.68697917,84.7509375,9.006041667,2.283020833,5.185797895,64.92347368,93.12854167,949
6501,23.42135417,29.80614583,17.68697917,84.7509375,9.006041667,2.283020833,5.185797895,64.92347368,93.12854167,1217
6502,23.42135417,29.80614583,17.68697917,84.7509375,9.006041667,2.283020833,5.185797895,64.92347368,93.12854167,1318
6503,24.6765625,30.23989583,19.856875,80.31197917,8.937708333,2.513229167,5.185797895,64.92347368,94.21375,1302
6504,23.42135417,29.80614583,17.68697917,84.7509375,9.006041667,2.283020833,5.185797895,64.92347368,93.12854167,612
6505,23.42135417,29.80614583,17.68697917,84.7509375,9.006041667,2.283020833,5.185797895,64.92347368,93.12854167,1315
6506,23.42135417,29.80614583,17.68697917,84.7509375,9.006041667,2.283020833,5.185797895,64.92347368,93.12854167,1395
6507,23.19302083,30.77916667,17.39375,85.75510417,8.583125,2.176354167,4.828229474,72.14473684,93.4665625,870
6508,23.19302083,30.77916667,17.39375,85.75510417,8.583125,2.176354167,4.828229474,72.14473684,93.4665625,142
6509,22.70760417,30.52458333,17.06229167,86.87697917,8.795416667,2.071770833,4.828229474,72.14473684,92.72958333,947
6510,23.19302083,30.77916667,17.39375,85.75510417,8.583125,2.176354167,4.828229474,72.14473684,93.4665625,1050
6511,23.19302083,30.77916667,17.39375,85.75510417,8.583125,2.176354167,4.828229474,72.14473684,93.4665625,899
6512,23.19302083,30.77916667,17.39375,85.75510417,8.583125,2.176354167,4.828229474,72.14473684,93.4665625,1155
6513,23.19302083,30.77916667,17.39375,85.75510417,8.583125,2.176354167,4.828229474,72.14473684,93.4665625,750
6514,23.19302083,30.77916667,17.39375,85.75510417,8.583125,2.176354167,4.828229474,72.14473684,93.4665625,482
6515,22.70760417,30.52458333,17.06229167,86.87697917,8.795416667,2.071770833,4.828229474,72.14473684,92.72958333,246
6516,23.19302083,30.77916667,17.39375,85.75510417,8.583125,2.176354167,4.828229474,72.14473684,93.4665625,1069
6517,23.42135417,29.80614583,17.68697917,84.7509375,9.006041667,2.283020833,5.185797895,64.92347368,93.12854167,1479
6518,23.83135417,31.80729167,17.95791667,84.27177083,7.906666667,2.361979167,4.846844211,69.33757895,94.565625,1003
6519,23.83135417,31.80729167,17.95791667,84.27177083,7.906666667,2.361979167,4.846844211,69.33757895,94.565625,819
6520,23.83135417,31.80729167,17.95791667,84.27177083,7.906666667,2.361979167,4.846844211,69.33757895,94.565625,682
6521,23.83135417,31.80729167,17.95791667,84.27177083,7.906666667,2.361979167,4.846844211,69.33757895,94.565625,115
6522,25.5690625,32.5578125,20.38125,83.0625,7.842083333,2.9890625,4.846844211,69.33757895,98.04364583,85
6523,23.83135417,31.80729167,17.95791667,84.27177083,7.906666667,2.361979167,4.846844211,69.33757895,94.565625,186
6524,23.83135417,31.80729167,17.95791667,84.27177083,7.906666667,2.361979167,4.846844211,69.33757895,94.565625,548
6525,23.83135417,31.80729167,17.95791667,84.27177083,7.906666667,2.361979167,4.846844211,69.33757895,94.565625,572
6526,23.19302083,30.77916667,17.39375,85.75510417,8.583125,2.176354167,4.846844211,69.33757895,93.4665625,1558
6527,24.6765625,30.23989583,19.856875,80.31197917,8.937708333,2.513229167,5.185797895,64.92347368,94.21375,1289
6528,24.6765625,30.23989583,19.856875,80.31197917,8.937708333,2.513229167,5.368598947,59.30210526,94.21375,1401
6529,23.19302083,30.77916667,17.39375,85.75510417,8.583125,2.176354167,5.368598947,59.30210526,93.4665625,864
6530,23.19302083,30.77916667,17.39375,85.75510417,8.583125,2.176354167,4.846844211,69.33757895,93.4665625,958
6531,23.19302083,30.77916667,17.39375,85.75510417,8.583125,2.176354167,4.846844211,69.33757895,93.4665625,260
6532,24.6765625,30.23989583,19.856875,80.31197917,8.937708333,2.513229167,5.368598947,59.30210526,94.21375,1037
6533,23.19302083,30.77916667,17.39375,85.75510417,8.583125,2.176354167,4.846844211,69.33757895,93.4665625,871
6534,24.6765625,30.23989583,19.856875,80.31197917,8.937708333,2.513229167,5.368598947,59.30210526,94.21375,1580
6535,24.6765625,30.23989583,19.856875,80.31197917,8.937708333,2.513229167,5.185797895,64.92347368,94.21375,1325
6536,26.08479167,32.4490625,22.14302083,85.17458333,9.240208333,2.817395833,5.156048421,66.77442105,98.7309375,8
6537,26.08479167,32.4490625,22.14302083,85.17458333,9.240208333,2.817395833,4.624063158,75.42463158,98.7309375,9
6538,26.08479167,32.4490625,22.14302083,85.17458333,9.240208333,2.817395833,4.624063158,75.42463158,98.7309375,11
6539,26.08479167,32.4490625,22.14302083,85.17458333,9.240208333,2.817395833,5.156048421,66.77442105,98.7309375,6
6540,26.08479167,32.4490625,22.14302083,85.17458333,9.240208333,2.817395833,5.156048421,66.77442105,98.7309375,7
6541,26.08479167,32.4490625,22.14302083,85.17458333,9.240208333,2.817395833,5.156048421,66.77442105,98.7309375,7
6542,26.08479167,32.4490625,22.14302083,85.17458333,9.240208333,2.817395833,5.156048421,66.77442105,98.7309375,7
6543,26.08479167,32.4490625,22.14302083,85.17458333,9.240208333,2.817395833,5.156048421,66.77442105,98.7309375,10
6544,26.08479167,32.4490625,22.14302083,85.17458333,9.240208333,2.817395833,5.156048421,66.77442105,98.7309375,11
6546,26.08479167,32.4490625,22.14302083,85.17458333,9.240208333,2.817395833,4.624063158,75.42463158,98.7309375,7
6547,26.08479167,32.4490625,22.14302083,85.17458333,9.240208333,2.817395833,5.156048421,66.77442105,98.7309375,5
6548,26.08479167,32.4490625,22.14302083,85.17458333,9.240208333,2.817395833,5.156048421,66.77442105,98.7309375,9
6549,26.08479167,32.4490625,22.14302083,85.17458333,9.240208333,2.817395833,5.156048421,66.77442105,98.7309375,8
6550,26.08479167,32.4490625,22.14302083,85.17458333,9.240208333,2.817395833,5.156048421,66.77442105,98.7309375,6
6551,26.08479167,32.4490625,22.14302083,85.17458333,9.240208333,2.817395833,5.156048421,66.77442105,98.7309375,14
6552,26.08479167,32.4490625,22.14302083,85.17458333,9.240208333,2.817395833,4.624063158,75.42463158,98.7309375,5
6553,26.08479167,32.4490625,22.14302083,85.17458333,9.240208333,2.817395833,5.156048421,66.77442105,98.7309375,10
6554,26.08479167,32.4490625,22.14302083,85.17458333,9.240208333,2.817395833,5.156048421,66.77442105,98.7309375,6
6555,26.08479167,32.4490625,22.14302083,85.17458333,9.240208333,2.817395833,4.624063158,75.42463158,98.7309375,11
6556,26.08479167,32.4490625,22.14302083,85.17458333,9.240208333,2.817395833,4.624063158,75.42463158,98.7309375,14
6557,26.08479167,32.4490625,22.14302083,85.17458333,9.240208333,2.817395833,4.624063158,75.42463158,98.7309375,9
6558,26.08479167,32.4490625,22.14302083,85.17458333,9.240208333,2.817395833,4.624063158,75.42463158,98.7309375,56
6559,26.08479167,32.4490625,22.14302083,85.17458333,9.240208333,2.817395833,4.624063158,75.42463158,98.7309375,29
6560,26.08479167,32.4490625,22.14302083,85.17458333,9.240208333,2.817395833,5.156048421,66.77442105,98.7309375,15
6561,26.08479167,32.4490625,22.14302083,85.17458333,9.240208333,2.817395833,5.156048421,66.77442105,98.7309375,14
6562,26.08479167,32.4490625,22.14302083,85.17458333,9.240208333,2.817395833,5.156048421,66.77442105,98.7309375,4
6563,26.08479167,32.4490625,22.14302083,85.17458333,9.240208333,2.817395833,5.156048421,66.77442105,98.7309375,5
6564,26.08479167,32.4490625,22.14302083,85.17458333,9.240208333,2.817395833,4.624063158,75.42463158,98.7309375,7
6565,26.08479167,32.4490625,22.14302083,85.17458333,9.240208333,2.817395833,4.624063158,75.42463158,98.7309375,7
6566,26.08479167,32.4490625,22.14302083,85.17458333,9.240208333,2.817395833,5.156048421,66.77442105,98.7309375,6
6568,26.08479167,32.4490625,22.14302083,85.17458333,9.240208333,2.817395833,4.624063158,75.42463158,98.7309375,7
