municipality_id,avg_t2m,avg_t2m_max,avg_t2m_min,avg_rh2m,avg_rhoa,avg_prectotcorr,avg_ws10m,avg_allsky_sfc_sw_dwn,avg_cloud_amt,avg_surface_pressure,elevation
4919,27.191770833333333,31.353020833333332,24.128020833333334,80.2384375,1.1485416666666666,8.010833333333332,5.891354166666667,5.248924210526316,62.880105263157894,99.75052083333333,235
4920,27.191770833333333,31.353020833333332,24.128020833333334,80.2384375,1.1485416666666666,8.010833333333332,5.891354166666667,5.248924210526316,62.880105263157894,99.75052083333333,18
4921,26.601041666666664,32.48,22.270520833333332,78.38645833333334,1.1295833333333334,7.239895833333333,4.5615625,5.3685989473684215,59.30210526315789,98.05052083333334,13
4922,27.191770833333333,31.353020833333332,24.128020833333334,80.2384375,1.1485416666666666,8.010833333333332,5.891354166666667,5.248924210526316,62.880105263157894,99.75052083333333,10
4923,26.601041666666664,32.48,22.270520833333332,78.38645833333334,1.1295833333333334,7.239895833333333,4.5615625,5.3685989473684215,59.30210526315789,98.05052083333334,79
4924,26.601041666666664,32.48,22.270520833333332,78.38645833333334,1.1295833333333334,7.239895833333333,4.5615625,5.248924210526316,62.880105263157894,98.05052083333334,25
4925,27.191770833333333,31.353020833333332,24.128020833333334,80.2384375,1.1485416666666666,8.010833333333332,5.891354166666667,5.248924210526316,62.880105263157894,99.75052083333333,65
4926,26.601041666666664,32.48,22.270520833333332,78.38645833333334,1.1295833333333334,7.239895833333333,4.5615625,5.248924210526316,62.880105263157894,98.05052083333334,132
4927,26.601041666666664,32.48,22.270520833333332,78.38645833333334,1.1295833333333334,7.239895833333333,4.5615625,5.248924210526316,62.880105263157894,98.05052083333334,8
4928,26.601041666666664,32.48,22.270520833333332,78.38645833333334,1.1295833333333334,7.239895833333333,4.5615625,5.248924210526316,62.880105263157894,98.05052083333334,29
4929,27.191770833333333,31.353020833333332,24.128020833333334,80.2384375,1.1485416666666666,8.010833333333332,5.891354166666667,5.248924210526316,62.880105263157894,99.75052083333333,84
4930,26.601041666666664,32.48,22.270520833333332,78.38645833333334,1.1295833333333334,7.239895833333333,4.5615625,5.248924210526316,62.880105263157894,98.05052083333334,13
4931,26.601041666666664,32.48,22.270520833333332,78.38645833333334,1.1295833333333334,7.239895833333333,4.5615625,5.248924210526316,62.880105263157894,98.05052083333334,59
4932,26.601041666666664,32.48,22.270520833333332,78.38645833333334,1.1295833333333334,7.239895833333333,4.5615625,5.3685989473684215,59.30210526315789,98.05052083333334,126
4933,27.191770833333333,31.353020833333332,24.128020833333334,80.2384375,1.1485416666666666,8.010833333333332,5.891354166666667,5.248924210526316,62.880105263157894,99.75052083333333,8
4934,26.601041666666664,32.48,22.270520833333332,78.38645833333334,1.1295833333333334,7.239895833333333,4.5615625,5.248924210526316,62.880105263157894,98.05052083333334,10
4935,27.191770833333333,31.353020833333332,24.128020833333334,80.2384375,1.1485416666666666,8.010833333333332,5.891354166666667,5.248924210526316,62.880105263157894,99.75052083333333,12
4936,26.601041666666664,32.48,22.270520833333332,78.38645833333334,1.1295833333333334,7.239895833333333,4.5615625,5.248924210526316,62.880105263157894,98.05052083333334,39
4937,26.601041666666664,32.48,22.270520833333332,78.38645833333334,1.1295833333333334,7.239895833333333,4.5615625,5.3685989473684215,59.30210526315789,98.05052083333334,44
4938,26.601041666666664,32.48,22.270520833333332,78.38645833333334,1.1295833333333334,7.239895833333333,4.5615625,5.248924210526316,62.880105263157894,98.05052083333334,14
4939,26.601041666666664,32.48,22.270520833333332,78.38645833333334,1.1295833333333334,7.239895833333333,4.5615625,5.248924210526316,62.880105263157894,98.05052083333334,19
4940,26.601041666666664,32.48,22.270520833333332,78.38645833333334,1.1295833333333334,7.239895833333333,4.5615625,5.248924210526316,62.880105263157894,98.05052083333334,53
4941,26.601041666666664,32.48,22.270520833333332,78.38645833333334,1.1295833333333334,7.239895833333333,4.5615625,5.248924210526316,62.880105263157894,98.05052083333334,30
4942,24.6765625,30.239895833333335,19.856875,80.31197916666666,1.0926041666666668,8.937708333333333,2.5132291666666666,5.185797894736842,64.92347368421052,94.21375,61
4943,24.6765625,30.239895833333335,19.856875,80.31197916666666,1.0926041666666668,8.937708333333333,2.5132291666666666,5.3685989473684215,59.30210526315789,94.21375,24
4944,26.008333333333336,32.38458333333333,21.10375,78.37656249999999,1.1151041666666668,8.149062500000001,3.177395833333333,5.3685989473684215,59.30210526315789,96.61979166666667,12
4945,26.008333333333336,32.38458333333333,21.10375,78.37656249999999,1.1151041666666668,8.149062500000001,3.177395833333333,5.3685989473684215,59.30210526315789,96.61979166666667,22
4946,26.601041666666664,32.48,22.270520833333332,78.38645833333334,1.1295833333333334,7.239895833333333,4.5615625,5.3685989473684215,59.30210526315789,98.05052083333334,16
4947,24.6765625,30.239895833333335,19.856875,80.31197916666666,1.0926041666666668,8.937708333333333,2.5132291666666666,5.3685989473684215,59.30210526315789,94.21375,7
4948,26.008333333333336,32.38458333333333,21.10375,78.37656249999999,1.1151041666666668,8.149062500000001,3.177395833333333,5.3685989473684215,59.30210526315789,96.61979166666667,8
4949,24.6765625,30.239895833333335,19.856875,80.31197916666666,1.0926041666666668,8.937708333333333,2.5132291666666666,5.185797894736842,64.92347368421052,94.21375,497
4950,24.6765625,30.239895833333335,19.856875,80.31197916666666,1.0926041666666668,8.937708333333333,2.5132291666666666,5.3685989473684215,59.30210526315789,94.21375,22
4952,26.008333333333336,32.38458333333333,21.10375,78.37656249999999,1.1151041666666668,8.149062500000001,3.177395833333333,5.3685989473684215,59.30210526315789,96.61979166666667,63
4953,26.008333333333336,32.38458333333333,21.10375,78.37656249999999,1.1151041666666668,8.149062500000001,3.177395833333333,5.3685989473684215,59.30210526315789,96.61979166666667,9
4954,26.008333333333336,32.38458333333333,21.10375,78.37656249999999,1.1151041666666668,8.149062500000001,3.177395833333333,5.3685989473684215,59.30210526315789,96.61979166666667,19
4955,26.008333333333336,32.38458333333333,21.10375,78.37656249999999,1.1151041666666668,8.149062500000001,3.177395833333333,5.3685989473684215,59.30210526315789,96.61979166666667,6
4958,24.6765625,30.239895833333335,19.856875,80.31197916666666,1.0926041666666668,8.937708333333333,2.5132291666666666,5.3685989473684215,59.30210526315789,94.21375,221
4959,26.008333333333336,32.38458333333333,21.10375,78.37656249999999,1.1151041666666668,8.149062500000001,3.177395833333333,5.3685989473684215,59.30210526315789,96.61979166666667,9
4960,26.008333333333336,32.38458333333333,21.10375,78.37656249999999,1.1151041666666668,8.149062500000001,3.177395833333333,5.3685989473684215,59.30210526315789,96.61979166666667,12
4962,26.008333333333336,32.38458333333333,21.10375,78.37656249999999,1.1151041666666668,8.149062500000001,3.177395833333333,5.3685989473684215,59.30210526315789,96.61979166666667,7
4963,26.008333333333336,32.38458333333333,21.10375,78.37656249999999,1.1151041666666668,8.149062500000001,3.177395833333333,5.3685989473684215,59.30210526315789,96.61979166666667,10
4964,26.008333333333336,32.38458333333333,21.10375,78.37656249999999,1.1151041666666668,8.149062500000001,3.177395833333333,5.3685989473684215,59.30210526315789,96.61979166666667,6
4965,24.6765625,30.239895833333335,19.856875,80.31197916666666,1.0926041666666668,8.937708333333333,2.5132291666666666,5.3685989473684215,59.30210526315789,94.21375,9
4966,24.6765625,30.239895833333335,19.856875,80.31197916666666,1.0926041666666668,8.937708333333333,2.5132291666666666,5.3685989473684215,59.30210526315789,94.21375,5
4967,26.008333333333336,32.38458333333333,21.10375,78.37656249999999,1.1151041666666668,8.149062500000001,3.177395833333333,5.3685989473684215,59.30210526315789,96.61979166666667,9
4968,26.008333333333336,32.38458333333333,21.10375,78.37656249999999,1.1151041666666668,8.149062500000001,3.177395833333333,5.3685989473684215,59.30210526315789,96.61979166666667,10
4969,26.008333333333336,32.38458333333333,21.10375,78.37656249999999,1.1151041666666668,8.149062500000001,3.177395833333333,5.3685989473684215,59.30210526315789,96.61979166666667,14
4970,24.6765625,30.239895833333335,19.856875,80.31197916666666,1.0926041666666668,8.937708333333333,2.5132291666666666,5.3685989473684215,59.30210526315789,94.21375,534
4971,26.601041666666664,32.48,22.270520833333332,78.38645833333334,1.1295833333333334,7.239895833333333,4.5615625,5.3685989473684215,59.30210526315789,98.05052083333334,12
4972,24.6765625,30.239895833333335,19.856875,80.31197916666666,1.0926041666666668,8.937708333333333,2.5132291666666666,5.185797894736842,64.92347368421052,94.21375,90
4973,24.6765625,30.239895833333335,19.856875,80.31197916666666,1.0926041666666668,8.937708333333333,2.5132291666666666,5.185797894736842,64.92347368421052,94.21375,95
4974,24.6765625,30.239895833333335,19.856875,80.31197916666666,1.0926041666666668,8.937708333333333,2.5132291666666666,5.185797894736842,64.92347368421052,94.21375,9
4975,26.008333333333336,32.38458333333333,21.10375,78.37656249999999,1.1151041666666668,8.149062500000001,3.177395833333333,5.3685989473684215,59.30210526315789,96.61979166666667,20
4976,23.421354166666664,29.806145833333332,17.686979166666667,84.7509375,1.084375,9.006041666666667,2.283020833333333,5.185797894736842,64.92347368421052,93.12854166666666,16
4977,23.421354166666664,29.806145833333332,17.686979166666667,84.7509375,1.084375,9.006041666666667,2.283020833333333,5.185797894736842,64.92347368421052,93.12854166666666,14
4978,23.421354166666664,29.806145833333332,17.686979166666667,84.7509375,1.084375,9.006041666666667,2.283020833333333,5.185797894736842,64.92347368421052,93.12854166666666,10
4979,23.421354166666664,29.806145833333332,17.686979166666667,84.7509375,1.084375,9.006041666666667,2.283020833333333,5.185797894736842,64.92347368421052,93.12854166666666,64
4980,24.6765625,30.239895833333335,19.856875,80.31197916666666,1.0926041666666668,8.937708333333333,2.5132291666666666,5.185797894736842,64.92347368421052,94.21375,13
4981,24.6765625,30.239895833333335,19.856875,80.31197916666666,1.0926041666666668,8.937708333333333,2.5132291666666666,5.185797894736842,64.92347368421052,94.21375,8
4982,23.421354166666664,29.806145833333332,17.686979166666667,84.7509375,1.084375,9.006041666666667,2.283020833333333,5.185797894736842,64.92347368421052,93.12854166666666,10
4983,23.421354166666664,29.806145833333332,17.686979166666667,84.7509375,1.084375,9.006041666666667,2.283020833333333,5.185797894736842,64.92347368421052,93.12854166666666,301
4984,23.421354166666664,29.806145833333332,17.686979166666667,84.7509375,1.084375,9.006041666666667,2.283020833333333,5.185797894736842,64.92347368421052,93.12854166666666,11
4985,23.421354166666664,29.806145833333332,17.686979166666667,84.7509375,1.084375,9.006041666666667,2.283020833333333,5.185797894736842,64.92347368421052,93.12854166666666,8
4986,24.6765625,30.239895833333335,19.856875,80.31197916666666,1.0926041666666668,8.937708333333333,2.5132291666666666,5.185797894736842,64.92347368421052,94.21375,10
4987,23.421354166666664,29.806145833333332,17.686979166666667,84.7509375,1.084375,9.006041666666667,2.283020833333333,5.185797894736842,64.92347368421052,93.12854166666666,24
4988,23.421354166666664,29.806145833333332,17.686979166666667,84.7509375,1.084375,9.006041666666667,2.283020833333333,5.185797894736842,64.92347368421052,93.12854166666666,60
4989,26.452812499999997,33.083958333333335,20.880104166666666,80.846875,1.133125,8.0234375,2.158958333333333,5.185797894736842,64.92347368421052,98.32864583333333,129
4990,23.421354166666664,29.806145833333332,17.686979166666667,84.7509375,1.084375,9.006041666666667,2.283020833333333,5.185797894736842,64.92347368421052,93.12854166666666,20
4991,23.421354166666664,29.806145833333332,17.686979166666667,84.7509375,1.084375,9.006041666666667,2.283020833333333,5.185797894736842,64.92347368421052,93.12854166666666,7
4992,23.421354166666664,29.806145833333332,17.686979166666667,84.7509375,1.084375,9.006041666666667,2.283020833333333,5.185797894736842,64.92347368421052,93.12854166666666,4
4993,24.6765625,30.239895833333335,19.856875,80.31197916666666,1.0926041666666668,8.937708333333333,2.5132291666666666,5.185797894736842,64.92347368421052,94.21375,83
4994,24.6765625,30.239895833333335,19.856875,80.31197916666666,1.0926041666666668,8.937708333333333,2.5132291666666666,5.185797894736842,64.92347368421052,94.21375,17
4995,23.421354166666664,29.806145833333332,17.686979166666667,84.7509375,1.084375,9.006041666666667,2.283020833333333,5.185797894736842,64.92347368421052,93.12854166666666,28
4996,27.2684375,32.116875,23.0665625,79.7353125,1.1432291666666665,8.356666666666667,2.967083333333333,5.422156842105264,62.84084210526316,99.38072916666665,6
4997,27.2684375,32.116875,23.0665625,79.7353125,1.1432291666666665,8.356666666666667,2.967083333333333,5.123602105263158,67.46084210526315,99.38072916666665,9
4998,27.2684375,32.116875,23.0665625,79.7353125,1.1432291666666665,8.356666666666667,2.967083333333333,5.422156842105264,62.84084210526316,99.38072916666665,23
4999,26.452812499999997,33.083958333333335,20.880104166666666,80.846875,1.133125,8.0234375,2.158958333333333,5.123602105263158,67.46084210526315,98.32864583333333,22
5000,28.574270833333333,30.6940625,26.460729166666667,77.78,1.1552083333333332,8.6971875,3.73875,5.422156842105264,62.84084210526316,100.92427083333332,27
5001,26.452812499999997,33.083958333333335,20.880104166666666,80.846875,1.133125,8.0234375,2.158958333333333,5.185797894736842,64.92347368421052,98.32864583333333,48
5002,26.452812499999997,33.083958333333335,20.880104166666666,80.846875,1.133125,8.0234375,2.158958333333333,5.123602105263158,67.46084210526315,98.32864583333333,47
5003,27.2684375,32.116875,23.0665625,79.7353125,1.1432291666666665,8.356666666666667,2.967083333333333,5.422156842105264,62.84084210526316,99.38072916666665,8
5004,26.452812499999997,33.083958333333335,20.880104166666666,80.846875,1.133125,8.0234375,2.158958333333333,5.123602105263158,67.46084210526315,98.32864583333333,12
5005,26.452812499999997,33.083958333333335,20.880104166666666,80.846875,1.133125,8.0234375,2.158958333333333,5.123602105263158,67.46084210526315,98.32864583333333,20
5006,26.452812499999997,33.083958333333335,20.880104166666666,80.846875,1.133125,8.0234375,2.158958333333333,5.123602105263158,67.46084210526315,98.32864583333333,20
5007,26.452812499999997,33.083958333333335,20.880104166666666,80.846875,1.133125,8.0234375,2.158958333333333,5.185797894736842,64.92347368421052,98.32864583333333,44
5008,27.2684375,32.116875,23.0665625,79.7353125,1.1432291666666665,8.356666666666667,2.967083333333333,5.185797894736842,64.92347368421052,99.38072916666665,5
5009,28.574270833333333,30.6940625,26.460729166666667,77.78,1.1552083333333332,8.6971875,3.73875,5.422156842105264,62.84084210526316,100.92427083333332,5
5010,27.2684375,32.116875,23.0665625,79.7353125,1.1432291666666665,8.356666666666667,2.967083333333333,5.123602105263158,67.46084210526315,99.38072916666665,8
5011,27.2684375,32.116875,23.0665625,79.7353125,1.1432291666666665,8.356666666666667,2.967083333333333,5.422156842105264,62.84084210526316,99.38072916666665,86
5012,26.452812499999997,33.083958333333335,20.880104166666666,80.846875,1.133125,8.0234375,2.158958333333333,5.185797894736842,64.92347368421052,98.32864583333333,7
5013,26.452812499999997,33.083958333333335,20.880104166666666,80.846875,1.133125,8.0234375,2.158958333333333,5.185797894736842,64.92347368421052,98.32864583333333,5
5014,27.2684375,32.116875,23.0665625,79.7353125,1.1432291666666665,8.356666666666667,2.967083333333333,5.4235926315789476,67.89063157894736,99.38072916666665,17
5015,27.2684375,32.116875,23.0665625,79.7353125,1.1432291666666665,8.356666666666667,2.967083333333333,5.4235926315789476,67.89063157894736,99.38072916666665,6
5016,27.2684375,32.116875,23.0665625,79.7353125,1.1432291666666665,8.356666666666667,2.967083333333333,5.185797894736842,64.92347368421052,99.38072916666665,5
5017,26.452812499999997,33.083958333333335,20.880104166666666,80.846875,1.133125,8.0234375,2.158958333333333,5.185797894736842,64.92347368421052,98.32864583333333,34
5018,27.2684375,32.116875,23.0665625,79.7353125,1.1432291666666665,8.356666666666667,2.967083333333333,5.185797894736842,64.92347368421052,99.38072916666665,4
5019,27.2684375,32.116875,23.0665625,79.7353125,1.1432291666666665,8.356666666666667,2.967083333333333,5.422156842105264,62.84084210526316,99.38072916666665,14
5020,26.452812499999997,33.083958333333335,20.880104166666666,80.846875,1.133125,8.0234375,2.158958333333333,5.123602105263158,67.46084210526315,98.32864583333333,14
5021,26.452812499999997,33.083958333333335,20.880104166666666,80.846875,1.133125,8.0234375,2.158958333333333,5.185797894736842,64.92347368421052,98.32864583333333,23
5022,26.452812499999997,33.083958333333335,20.880104166666666,80.846875,1.133125,8.0234375,2.158958333333333,5.185797894736842,64.92347368421052,98.32864583333333,9
5023,27.2684375,32.116875,23.0665625,79.7353125,1.1432291666666665,8.356666666666667,2.967083333333333,5.123602105263158,67.46084210526315,99.38072916666665,17
5024,26.452812499999997,33.083958333333335,20.880104166666666,80.846875,1.133125,8.0234375,2.158958333333333,5.185797894736842,64.92347368421052,98.32864583333333,15
5025,26.452812499999997,33.083958333333335,20.880104166666666,80.846875,1.133125,8.0234375,2.158958333333333,5.185797894736842,64.92347368421052,98.32864583333333,87
5026,26.452812499999997,33.083958333333335,20.880104166666666,80.846875,1.133125,8.0234375,2.158958333333333,5.185797894736842,64.92347368421052,98.32864583333333,56
5027,26.452812499999997,33.083958333333335,20.880104166666666,80.846875,1.133125,8.0234375,2.158958333333333,5.123602105263158,67.46084210526315,98.32864583333333,34
5028,26.452812499999997,33.083958333333335,20.880104166666666,80.846875,1.133125,8.0234375,2.158958333333333,5.123602105263158,67.46084210526315,98.32864583333333,9
5029,26.452812499999997,33.083958333333335,20.880104166666666,80.846875,1.133125,8.0234375,2.158958333333333,5.185797894736842,64.92347368421052,98.32864583333333,7
5030,26.452812499999997,33.083958333333335,20.880104166666666,80.846875,1.133125,8.0234375,2.158958333333333,5.185797894736842,64.92347368421052,98.32864583333333,11
5031,26.452812499999997,33.083958333333335,20.880104166666666,80.846875,1.133125,8.0234375,2.158958333333333,5.185797894736842,64.92347368421052,98.32864583333333,65
5032,26.452812499999997,33.083958333333335,20.880104166666666,80.846875,1.133125,8.0234375,2.158958333333333,5.185797894736842,64.92347368421052,98.32864583333333,86
5033,26.452812499999997,33.083958333333335,20.880104166666666,80.846875,1.133125,8.0234375,2.158958333333333,5.123602105263158,67.46084210526315,98.32864583333333,105
5034,26.452812499999997,33.083958333333335,20.880104166666666,80.846875,1.133125,8.0234375,2.158958333333333,5.123602105263158,67.46084210526315,98.32864583333333,8
5035,26.452812499999997,33.083958333333335,20.880104166666666,80.846875,1.133125,8.0234375,2.158958333333333,5.123602105263158,67.46084210526315,98.32864583333333,45
5036,26.452812499999997,33.083958333333335,20.880104166666666,80.846875,1.133125,8.0234375,2.158958333333333,5.123602105263158,67.46084210526315,98.32864583333333,27
5037,26.452812499999997,33.083958333333335,20.880104166666666,80.846875,1.133125,8.0234375,2.158958333333333,5.185797894736842,64.92347368421052,98.32864583333333,108
5038,27.2684375,32.116875,23.0665625,79.7353125,1.1432291666666665,8.356666666666667,2.967083333333333,5.185797894736842,64.92347368421052,99.38072916666665,6
5039,26.452812499999997,33.083958333333335,20.880104166666666,80.846875,1.133125,8.0234375,2.158958333333333,5.185797894736842,64.92347368421052,98.32864583333333,63
5040,26.452812499999997,33.083958333333335,20.880104166666666,80.846875,1.133125,8.0234375,2.158958333333333,5.123602105263158,67.46084210526315,98.32864583333333,106
5041,26.452812499999997,33.083958333333335,20.880104166666666,80.846875,1.133125,8.0234375,2.158958333333333,5.123602105263158,67.46084210526315,98.32864583333333,10
5042,26.452812499999997,33.083958333333335,20.880104166666666,80.846875,1.133125,8.0234375,2.158958333333333,5.123602105263158,67.46084210526315,98.32864583333333,29
5043,26.452812499999997,33.083958333333335,20.880104166666666,80.846875,1.133125,8.0234375,2.158958333333333,5.123602105263158,67.46084210526315,98.32864583333333,28
5044,27.026354166666668,28.66979166666667,24.781562500000003,81.64489583333334,1.1651041666666666,5.281145833333333,7.206354166666667,4.901937894736842,70.74347368421053,101.10479166666666,15
5045,26.785625,28.36583333333333,24.519479166666667,82.00583333333334,1.1668749999999999,4.910416666666666,7.2721875,4.901937894736842,70.74347368421053,101.17385416666667,93
5046,27.026354166666668,28.66979166666667,24.781562500000003,81.64489583333334,1.1651041666666666,5.281145833333333,7.206354166666667,4.901937894736842,70.74347368421053,101.10479166666666,6
5047,27.026354166666668,28.66979166666667,24.781562500000003,81.64489583333334,1.1651041666666666,5.281145833333333,7.206354166666667,4.901937894736842,70.74347368421053,101.10479166666666,9
5048,27.026354166666668,28.66979166666667,24.781562500000003,81.64489583333334,1.1651041666666666,5.281145833333333,7.206354166666667,4.901937894736842,70.74347368421053,101.10479166666666,10
5049,27.026354166666668,28.66979166666667,24.781562500000003,81.64489583333334,1.1651041666666666,5.281145833333333,7.206354166666667,4.901937894736842,70.74347368421053,101.10479166666666,15
5050,26.483229166666664,33.183125,22.446770833333332,83.07802083333333,1.15,8.83375,3.1113541666666666,4.883813684210526,66.07442105263158,99.723125,8
5051,26.301145833333333,33.9040625,21.523020833333334,82.24770833333334,1.1463541666666666,7.590625,2.521354166666667,4.846844210526315,69.33757894736841,99.39302083333332,35
5052,24.757395833333334,33.59229166666667,18.725520833333334,83.63041666666666,1.12,7.571041666666667,2.2221875,4.883813684210526,66.07442105263158,96.55958333333332,9
5053,26.301145833333333,33.9040625,21.523020833333334,82.24770833333334,1.1463541666666666,7.590625,2.521354166666667,4.846844210526315,69.33757894736841,99.39302083333332,23
5054,27.297708333333333,30.831041666666668,24.64979166666667,80.94989583333333,1.1573958333333332,8.227395833333334,4.77875,4.883813684210526,66.07442105263158,100.64260416666667,5
5055,26.301145833333333,33.9040625,21.523020833333334,82.24770833333334,1.1463541666666666,7.590625,2.521354166666667,4.846844210526315,69.33757894736841,99.39302083333332,23
5056,26.483229166666664,33.183125,22.446770833333332,83.07802083333333,1.15,8.83375,3.1113541666666666,4.883813684210526,66.07442105263158,99.723125,9
5057,27.297708333333333,30.831041666666668,24.64979166666667,80.94989583333333,1.1573958333333332,8.227395833333334,4.77875,4.883813684210526,66.07442105263158,100.64260416666667,7
5058,27.3946875,28.950625000000002,25.355520833333333,81.49708333333334,1.1623958333333333,7.0694791666666665,7.009270833333333,5.001296842105263,67.70463157894737,101.04864583333334,6
5059,27.297708333333333,30.831041666666668,24.64979166666667,80.94989583333333,1.1573958333333332,8.227395833333334,4.77875,4.883813684210526,66.07442105263158,100.64260416666667,8
5060,26.483229166666664,33.183125,22.446770833333332,83.07802083333333,1.15,8.83375,3.1113541666666666,4.883813684210526,66.07442105263158,99.723125,7
5061,25.5690625,32.557812500000004,20.381249999999998,83.0625,1.1334375,7.842083333333334,2.9890624999999997,4.846844210526315,69.33757894736841,98.04364583333334,25
5062,26.301145833333333,33.9040625,21.523020833333334,82.24770833333334,1.1463541666666666,7.590625,2.521354166666667,4.883813684210526,66.07442105263158,99.39302083333332,4
5063,27.297708333333333,30.831041666666668,24.64979166666667,80.94989583333333,1.1573958333333332,8.227395833333334,4.77875,4.883813684210526,66.07442105263158,100.64260416666667,20
5064,26.301145833333333,33.9040625,21.523020833333334,82.24770833333334,1.1463541666666666,7.590625,2.521354166666667,4.846844210526315,69.33757894736841,99.39302083333332,35
5065,26.301145833333333,33.9040625,21.523020833333334,82.24770833333334,1.1463541666666666,7.590625,2.521354166666667,4.883813684210526,66.07442105263158,99.39302083333332,10
5066,26.301145833333333,33.9040625,21.523020833333334,82.24770833333334,1.1463541666666666,7.590625,2.521354166666667,4.883813684210526,66.07442105263158,99.39302083333332,14
5067,26.483229166666664,33.183125,22.446770833333332,83.07802083333333,1.15,8.83375,3.1113541666666666,4.883813684210526,66.07442105263158,99.723125,11
5068,25.5690625,32.557812500000004,20.381249999999998,83.0625,1.1334375,7.842083333333334,2.9890624999999997,4.846844210526315,69.33757894736841,98.04364583333334,49
5069,24.757395833333334,33.59229166666667,18.725520833333334,83.63041666666666,1.12,7.571041666666667,2.2221875,4.846844210526315,69.33757894736841,96.55958333333332,61
5070,24.757395833333334,33.59229166666667,18.725520833333334,83.63041666666666,1.12,7.571041666666667,2.2221875,4.846844210526315,69.33757894736841,96.55958333333332,95
5071,26.483229166666664,33.183125,22.446770833333332,83.07802083333333,1.15,8.83375,3.1113541666666666,4.883813684210526,66.07442105263158,99.723125,8
5072,27.297708333333333,30.831041666666668,24.64979166666667,80.94989583333333,1.1573958333333332,8.227395833333334,4.77875,4.887502105263158,71.69326315789473,100.64260416666667,6
5073,26.483229166666664,33.183125,22.446770833333332,83.07802083333333,1.15,8.83375,3.1113541666666666,5.248924210526316,62.880105263157894,99.723125,60
5074,26.301145833333333,33.9040625,21.523020833333334,82.24770833333334,1.1463541666666666,7.590625,2.521354166666667,4.883813684210526,66.07442105263158,99.39302083333332,6
5075,26.301145833333333,33.9040625,21.523020833333334,82.24770833333334,1.1463541666666666,7.590625,2.521354166666667,4.846844210526315,69.33757894736841,99.39302083333332,24
5076,25.5690625,32.557812500000004,20.381249999999998,83.0625,1.1334375,7.842083333333334,2.9890624999999997,4.846844210526315,69.33757894736841,98.04364583333334,23
5077,23.831354166666667,31.807291666666668,17.957916666666666,84.27177083333333,1.0997916666666667,7.906666666666666,2.3619791666666665,4.846844210526315,69.33757894736841,94.565625,39
5078,25.5690625,32.557812500000004,20.381249999999998,83.0625,1.1334375,7.842083333333334,2.9890624999999997,4.846844210526315,69.33757894736841,98.04364583333334,29
5079,26.2903125,33.473437499999996,20.838645833333334,82.89479166666666,1.1469791666666664,8.210416666666667,2.759375,4.82822947368421,72.14473684210526,99.53041666666667,73
5080,26.2903125,33.473437499999996,20.838645833333334,82.89479166666666,1.1469791666666664,8.210416666666667,2.759375,4.82822947368421,72.14473684210526,99.53041666666667,59
5081,26.2903125,33.473437499999996,20.838645833333334,82.89479166666666,1.1469791666666664,8.210416666666667,2.759375,4.82822947368421,72.14473684210526,99.53041666666667,61
5082,26.2903125,33.473437499999996,20.838645833333334,82.89479166666666,1.1469791666666664,8.210416666666667,2.759375,4.82822947368421,72.14473684210526,99.53041666666667,115
5083,26.2903125,33.473437499999996,20.838645833333334,82.89479166666666,1.1469791666666664,8.210416666666667,2.759375,4.846844210526315,69.33757894736841,99.53041666666667,55
5084,25.5690625,32.557812500000004,20.381249999999998,83.0625,1.1334375,7.842083333333334,2.9890624999999997,4.846844210526315,69.33757894736841,98.04364583333334,30
5085,26.2903125,33.473437499999996,20.838645833333334,82.89479166666666,1.1469791666666664,8.210416666666665,2.759375,4.82822947368421,72.14473684210526,99.53041666666667,61
5086,26.2903125,33.473437499999996,20.838645833333334,82.89479166666666,1.1469791666666664,8.210416666666665,2.759375,4.82822947368421,72.14473684210526,99.53041666666667,58
5087,22.707604166666666,30.524583333333336,17.062291666666667,86.87697916666667,1.0828125,8.795416666666666,2.0717708333333333,4.82822947368421,72.14473684210526,92.72958333333334,84
5088,22.707604166666666,30.524583333333336,17.062291666666667,86.87697916666667,1.0828125,8.795416666666666,2.0717708333333333,4.82822947368421,72.14473684210526,92.72958333333334,114
5089,25.5690625,32.557812500000004,20.381249999999998,83.0625,1.1334375,7.842083333333334,2.9890624999999997,4.846844210526315,69.33757894736841,98.04364583333334,39
5090,26.962604166666665,29.293229166666666,24.849999999999998,82.4615625,1.1460416666666666,6.5207291666666665,5.241041666666667,4.846255789473684,70.84263157894738,99.43677083333334,10
5091,27.178541666666664,29.4665625,25.102604166666666,81.67322916666667,1.1501041666666667,7.429583333333333,5.1736458333333335,4.666529473684211,73.8161052631579,99.91927083333333,6
5092,25.267187500000002,32.599895833333335,20.350104166666664,85.2403125,1.1302083333333333,8.428854166666666,2.2498958333333334,4.82822947368421,72.14473684210526,97.73104166666667,72
5093,26.2903125,33.473437499999996,20.838645833333334,82.89479166666666,1.1469791666666664,8.210416666666667,2.759375,4.846844210526315,69.33757894736841,99.53041666666667,48
5094,26.2903125,33.473437499999996,20.838645833333334,82.89479166666666,1.1469791666666664,8.210416666666667,2.759375,4.846844210526315,69.33757894736841,99.53041666666667,50
5095,25.267187500000002,32.599895833333335,20.350104166666664,85.2403125,1.1302083333333333,8.428854166666666,2.2498958333333334,4.82822947368421,72.14473684210526,97.73104166666667,96
5096,26.2903125,33.473437499999996,20.838645833333334,82.89479166666666,1.1469791666666664,8.210416666666667,2.759375,4.82822947368421,72.14473684210526,99.53041666666667,57
5097,27.178541666666664,29.4665625,25.102604166666666,81.67322916666667,1.1501041666666667,7.429583333333333,5.1736458333333335,4.666529473684211,73.8161052631579,99.91927083333333,5
5098,26.2903125,33.473437499999996,20.838645833333334,82.89479166666666,1.1469791666666664,8.210416666666667,2.759375,4.846844210526315,69.33757894736841,99.53041666666667,60
5099,26.2903125,33.473437499999996,20.838645833333334,82.89479166666666,1.1469791666666664,8.210416666666667,2.759375,4.846844210526315,69.33757894736841,99.53041666666667,48
5100,26.730729166666666,29.7453125,24.284375,82.38645833333334,1.1454166666666665,6.936145833333334,4.949583333333334,4.666529473684211,73.8161052631579,99.30864583333333,10
5101,25.5690625,32.557812500000004,20.381249999999998,83.0625,1.1334375,7.842083333333334,2.9890624999999997,4.846844210526315,69.33757894736841,98.04364583333334,113
5102,26.2903125,33.473437499999996,20.838645833333334,82.89479166666666,1.1469791666666664,8.210416666666665,2.759375,4.846844210526315,69.33757894736841,99.53041666666667,56
5103,23.193020833333335,30.77916666666667,17.39375,85.75510416666667,1.0892708333333334,8.583125,2.1763541666666666,4.82822947368421,72.14473684210526,93.46656250000001,105
5104,26.2903125,33.473437499999996,20.838645833333334,82.89479166666666,1.1469791666666664,8.210416666666665,2.759375,4.82822947368421,72.14473684210526,99.53041666666667,45
5105,26.2903125,33.473437499999996,20.838645833333334,82.89479166666666,1.1469791666666664,8.210416666666667,2.759375,4.846844210526315,69.33757894736841,99.53041666666667,61
5106,25.267187500000002,32.599895833333335,20.350104166666664,85.2403125,1.1302083333333333,8.428854166666666,2.2498958333333334,4.82822947368421,72.14473684210526,97.73104166666667,104
5107,25.267187500000002,32.599895833333335,20.350104166666664,85.2403125,1.1302083333333333,8.428854166666666,2.2498958333333334,4.82822947368421,72.14473684210526,97.73104166666667,109
5108,25.267187500000002,32.599895833333335,20.350104166666664,85.2403125,1.1302083333333333,8.428854166666666,2.2498958333333334,4.82822947368421,72.14473684210526,97.73104166666667,77
5109,26.2903125,33.473437499999996,20.838645833333334,82.89479166666666,1.1469791666666664,8.210416666666667,2.759375,4.846844210526315,69.33757894736841,99.53041666666667,65
5110,26.2903125,33.473437499999996,20.838645833333334,82.89479166666666,1.1469791666666664,8.210416666666667,2.759375,4.846255789473684,70.84263157894738,99.53041666666667,64
5111,26.2903125,33.473437499999996,20.838645833333334,82.89479166666666,1.1469791666666664,8.210416666666667,2.759375,4.82822947368421,72.14473684210526,99.53041666666667,81
5112,25.5690625,32.557812500000004,20.381249999999998,83.0625,1.1334375,7.842083333333334,2.9890624999999997,4.846844210526315,69.33757894736841,98.04364583333334,38
5113,25.5690625,32.557812500000004,20.381249999999998,83.0625,1.1334375,7.842083333333334,2.9890624999999997,4.846844210526315,69.33757894736841,98.04364583333334,29
5114,25.5690625,32.557812500000004,20.381249999999998,83.0625,1.1334375,7.842083333333334,2.9890624999999997,4.846844210526315,69.33757894736841,98.04364583333334,31
5115,25.5690625,32.557812500000004,20.381249999999998,83.0625,1.1334375,7.842083333333334,2.9890624999999997,4.846844210526315,69.33757894736841,98.04364583333334,36
5116,23.300104166666667,30.915000000000003,18.113229166666667,86.81,1.0930208333333333,7.425104166666666,2.2073958333333334,4.803714736842105,73.24557894736841,93.75656249999999,311
5117,22.707604166666666,30.524583333333336,17.062291666666667,86.87697916666667,1.0828125,8.795416666666666,2.0717708333333333,4.82822947368421,72.14473684210526,92.72958333333334,1196
5118,22.707604166666666,30.524583333333336,17.062291666666667,86.87697916666667,1.0828125,8.795416666666666,2.0717708333333333,4.82822947368421,72.14473684210526,92.72958333333334,387
5119,22.707604166666666,30.524583333333336,17.062291666666667,86.87697916666667,1.0828125,8.795416666666666,2.0717708333333333,4.82822947368421,72.14473684210526,92.72958333333334,224
5120,22.707604166666666,30.524583333333336,17.062291666666667,86.87697916666667,1.0828125,8.795416666666666,2.0717708333333333,4.82822947368421,72.14473684210526,92.72958333333334,325
5121,22.707604166666666,30.524583333333336,17.062291666666667,86.87697916666667,1.0828125,8.795416666666666,2.0717708333333333,4.82822947368421,72.14473684210526,92.72958333333334,276
5122,22.707604166666666,30.524583333333336,17.062291666666667,86.87697916666667,1.0828125,8.795416666666666,2.0717708333333333,4.82822947368421,72.14473684210526,92.72958333333334,226
5123,22.707604166666666,30.524583333333336,17.062291666666667,86.87697916666667,1.0828125,8.795416666666666,2.0717708333333333,4.82822947368421,72.14473684210526,92.72958333333334,359
5124,22.707604166666666,30.524583333333336,17.062291666666667,86.87697916666667,1.0828125,8.795416666666666,2.0717708333333333,4.82822947368421,72.14473684210526,92.72958333333334,370
5125,22.707604166666666,30.524583333333336,17.062291666666667,86.87697916666667,1.0828125,8.795416666666666,2.0717708333333333,4.82822947368421,72.14473684210526,92.72958333333334,718
5126,23.421354166666664,29.806145833333332,17.686979166666667,84.7509375,1.084375,9.006041666666667,2.283020833333333,5.185797894736842,64.92347368421052,93.12854166666666,1104
5127,22.707604166666666,30.524583333333336,17.062291666666667,86.87697916666667,1.0828125,8.795416666666666,2.0717708333333333,4.82822947368421,72.14473684210526,92.72958333333334,261
5128,23.300104166666667,30.915000000000003,18.113229166666667,86.81,1.0930208333333333,7.425104166666666,2.2073958333333334,5.185797894736842,64.92347368421052,93.75656249999999,594
5129,22.707604166666666,30.524583333333336,17.062291666666667,86.87697916666667,1.0828125,8.795416666666666,2.0717708333333333,4.82822947368421,72.14473684210526,92.72958333333334,259
5130,22.707604166666666,30.524583333333336,17.062291666666667,86.87697916666667,1.0828125,8.795416666666666,2.0717708333333333,4.82822947368421,72.14473684210526,92.72958333333334,238
5131,25.267187500000002,32.599895833333335,20.350104166666664,85.2403125,1.1302083333333333,8.428854166666666,2.2498958333333334,4.82822947368421,72.14473684210526,97.73104166666667,155
5132,22.707604166666666,30.524583333333336,17.062291666666667,86.87697916666667,1.0828125,8.795416666666666,2.0717708333333333,4.82822947368421,72.14473684210526,92.72958333333334,114
5133,22.707604166666666,30.524583333333336,17.062291666666667,86.87697916666667,1.0828125,8.795416666666666,2.0717708333333333,4.82822947368421,72.14473684210526,92.72958333333334,136
5134,25.267187500000002,32.599895833333335,20.350104166666664,85.2403125,1.1302083333333333,8.428854166666666,2.2498958333333334,4.82822947368421,72.14473684210526,97.73104166666667,152
5135,26.724791666666665,30.470625,24.02145833333333,82.30395833333334,1.1414583333333332,7.317916666666666,3.8202083333333334,4.82822947368421,72.14473684210526,99.06958333333334,195
5136,25.267187500000002,32.599895833333335,20.350104166666664,85.2403125,1.1302083333333333,8.428854166666666,2.2498958333333334,4.82822947368421,72.14473684210526,97.73104166666667,102
5137,26.724791666666665,30.470625,24.02145833333333,82.30395833333334,1.1414583333333332,7.317916666666666,3.8202083333333334,4.803714736842105,73.24557894736841,99.06958333333334,7
5138,25.267187500000002,32.599895833333335,20.350104166666664,85.2403125,1.1302083333333333,8.428854166666666,2.2498958333333334,4.846255789473684,70.84263157894738,97.73104166666667,7
5139,26.962604166666665,29.293229166666666,24.849999999999998,82.4615625,1.1460416666666666,6.5207291666666665,5.241041666666667,4.846255789473684,70.84263157894738,99.43677083333334,7
5140,26.724791666666665,30.470625,24.02145833333333,82.30395833333334,1.1414583333333332,7.317916666666666,3.8202083333333334,4.82822947368421,72.14473684210526,99.06958333333334,8
5141,25.57166666666667,32.13677083333334,21.250833333333333,85.18979166666666,1.1302083333333333,7.699375,2.7369791666666665,4.803714736842105,73.24557894736841,97.86062500000001,32
5142,23.300104166666667,30.915000000000003,18.113229166666667,86.81,1.0930208333333333,7.425104166666666,2.2073958333333334,4.803714736842105,73.24557894736841,93.75656249999999,9
5143,23.300104166666667,30.915000000000003,18.113229166666667,86.81,1.0930208333333333,7.425104166666666,2.2073958333333334,4.803714736842105,73.24557894736841,93.75656249999999,34
5144,25.57166666666667,32.13677083333334,21.250833333333333,85.18979166666666,1.1302083333333333,7.699375,2.7369791666666665,4.803714736842105,73.24557894736841,97.86062500000001,23
5145,27.685208333333335,31.75,24.429895833333333,80.21395833333334,1.1482291666666666,7.524166666666666,4.4434375,5.156048421052631,66.77442105263158,99.97895833333332,4
5146,27.685208333333335,31.75,24.429895833333333,80.21395833333334,1.1482291666666666,7.524166666666667,4.4434375,5.156048421052631,66.77442105263158,99.97895833333332,15
5147,27.685208333333335,31.75,24.429895833333333,80.21395833333334,1.1482291666666666,7.524166666666666,4.4434375,5.156048421052631,66.77442105263158,99.97895833333332,6
5148,26.801666666666666,33.30916666666666,21.685729166666665,81.89729166666667,1.1448958333333332,7.821979166666666,3.3119791666666667,5.156048421052631,66.77442105263158,99.39354166666668,11
5149,26.801666666666666,33.30916666666666,21.685729166666665,81.89729166666667,1.1448958333333332,7.821979166666666,3.3119791666666667,5.156048421052631,66.77442105263158,99.39354166666668,7
5150,27.685208333333335,31.75,24.429895833333333,80.21395833333334,1.1482291666666666,7.524166666666666,4.4434375,5.156048421052631,66.77442105263158,99.97895833333332,5
5151,27.685208333333335,31.75,24.429895833333333,80.21395833333334,1.1482291666666666,7.524166666666666,4.4434375,5.156048421052631,66.77442105263158,99.97895833333332,7
5152,28.592604166666664,30.486770833333335,26.6071875,78.94229166666666,1.1560416666666666,7.219270833333333,5.160729166666667,5.156048421052631,66.77442105263158,100.94489583333332,6
5153,26.801666666666666,33.30916666666666,21.685729166666665,81.89729166666667,1.1448958333333332,7.821979166666666,3.3119791666666667,5.156048421052631,66.77442105263158,99.39354166666668,6
5154,27.685208333333335,31.75,24.429895833333333,80.21395833333334,1.1482291666666666,7.524166666666666,4.4434375,5.156048421052631,66.77442105263158,99.97895833333332,6
5155,27.685208333333335,31.75,24.429895833333333,80.21395833333334,1.1482291666666666,7.524166666666666,4.4434375,5.156048421052631,66.77442105263158,99.97895833333332,8
5156,26.801666666666666,33.30916666666666,21.685729166666665,81.89729166666667,1.1448958333333332,7.821979166666666,3.3119791666666667,5.156048421052631,66.77442105263158,99.39354166666668,6
5157,25.619583333333335,32.3415625,21.50583333333333,86.05145833333334,1.1330208333333334,8.692708333333334,2.7670833333333333,4.624063157894737,75.42463157894737,98.09166666666665,39
5158,26.801666666666666,33.30916666666666,21.685729166666665,81.89729166666667,1.1448958333333332,7.821979166666666,3.3119791666666667,5.156048421052631,66.77442105263158,99.39354166666668,5
5159,26.801666666666666,33.30916666666666,21.685729166666665,81.89729166666667,1.1448958333333332,7.821979166666666,3.3119791666666667,5.156048421052631,66.77442105263158,99.39354166666668,19
5160,26.801666666666666,33.30916666666666,21.685729166666665,81.89729166666667,1.1448958333333332,7.821979166666666,3.3119791666666667,5.156048421052631,66.77442105263158,99.39354166666668,6
5161,26.801666666666666,33.30916666666666,21.685729166666665,81.89729166666667,1.1448958333333332,7.821979166666666,3.3119791666666667,5.156048421052631,66.77442105263158,99.39354166666668,6
5162,26.801666666666666,33.30916666666666,21.685729166666665,81.89729166666667,1.1448958333333332,7.821979166666666,3.3119791666666667,5.156048421052631,66.77442105263158,99.39354166666668,20
5163,26.801666666666666,33.30916666666666,21.685729166666665,81.89729166666667,1.1448958333333332,7.821979166666666,3.3119791666666667,5.156048421052631,66.77442105263158,99.39354166666668,5
5164,25.619583333333335,32.3415625,21.50583333333333,86.05145833333334,1.1330208333333334,8.692708333333334,2.7670833333333333,4.624063157894737,75.42463157894737,98.09166666666665,85
5165,26.801666666666666,33.30916666666666,21.685729166666665,81.89729166666667,1.1448958333333332,7.821979166666666,3.3119791666666667,5.156048421052631,66.77442105263158,99.39354166666668,5
5166,26.801666666666666,33.30916666666666,21.685729166666665,81.89729166666667,1.1448958333333332,7.821979166666666,3.3119791666666667,5.156048421052631,66.77442105263158,99.39354166666668,6
5167,26.801666666666666,33.30916666666666,21.685729166666665,81.89729166666667,1.1448958333333332,7.821979166666666,3.3119791666666667,5.156048421052631,66.77442105263158,99.39354166666668,6
5168,25.619583333333335,32.3415625,21.50583333333333,86.05145833333334,1.1330208333333334,8.692708333333334,2.7670833333333333,5.156048421052631,66.77442105263158,98.09166666666665,6
5169,26.084791666666664,32.449062500000004,22.143020833333335,85.17458333333333,1.1388541666666665,9.240208333333333,2.8173958333333338,5.156048421052631,66.77442105263158,98.7309375,4
5170,25.619583333333335,32.3415625,21.50583333333333,86.05145833333334,1.1330208333333334,8.692708333333334,2.7670833333333333,4.624063157894737,75.42463157894737,98.09166666666665,50
5171,27.685208333333335,31.75,24.429895833333333,80.21395833333334,1.1482291666666666,7.524166666666667,4.4434375,5.156048421052631,66.77442105263158,99.97895833333332,5
5172,25.619583333333335,32.3415625,21.50583333333333,86.05145833333334,1.1330208333333334,8.692708333333334,2.7670833333333333,5.156048421052631,66.77442105263158,98.09166666666665,37
5173,26.801666666666666,33.30916666666666,21.685729166666665,81.89729166666667,1.1448958333333332,7.821979166666666,3.3119791666666667,5.156048421052631,66.77442105263158,99.39354166666668,4
5174,26.801666666666666,33.30916666666666,21.685729166666665,81.89729166666667,1.1448958333333332,7.821979166666666,3.3119791666666667,5.156048421052631,66.77442105263158,99.39354166666668,13
5175,26.801666666666666,33.30916666666666,21.685729166666665,81.89729166666667,1.1448958333333332,7.821979166666666,3.3119791666666667,5.156048421052631,66.77442105263158,99.39354166666668,11
5176,25.619583333333335,32.3415625,21.50583333333333,86.05145833333334,1.1330208333333334,8.692708333333334,2.7670833333333333,5.123602105263158,67.46084210526315,98.09166666666665,20
5177,25.619583333333335,32.3415625,21.50583333333333,86.05145833333334,1.1330208333333334,8.692708333333334,2.7670833333333333,4.624063157894737,75.42463157894737,98.09166666666665,52
5178,25.619583333333335,32.3415625,21.50583333333333,86.05145833333334,1.1330208333333334,8.692708333333334,2.7670833333333333,5.123602105263158,67.46084210526315,98.09166666666665,23
5179,25.619583333333335,32.3415625,21.50583333333333,86.05145833333334,1.1330208333333334,8.692708333333334,2.7670833333333333,5.156048421052631,66.77442105263158,98.09166666666665,25
5180,25.619583333333335,32.3415625,21.50583333333333,86.05145833333334,1.1330208333333334,8.692708333333334,2.7670833333333333,5.156048421052631,66.77442105263158,98.09166666666665,38
5181,26.99291666666667,33.934895833333336,21.339166666666667,80.96552083333334,1.1472916666666666,8.0296875,2.533020833333333,5.123602105263158,67.46084210526315,99.77302083333332,26
5182,25.57166666666667,32.13677083333334,21.250833333333333,85.18979166666666,1.1302083333333333,7.699375,2.7369791666666665,4.803714736842105,73.24557894736841,97.86062500000001,69
5183,25.57166666666667,32.13677083333334,21.250833333333333,85.18979166666666,1.1302083333333333,7.699375,2.7369791666666665,5.123602105263158,67.46084210526315,97.86062500000001,34
5184,26.99291666666667,33.934895833333336,21.339166666666667,80.96552083333334,1.1472916666666666,8.0296875,2.533020833333333,5.123602105263158,67.46084210526315,99.77302083333332,11
5185,23.300104166666667,30.915000000000003,18.113229166666667,86.81,1.0930208333333333,7.425104166666666,2.2073958333333334,4.803714736842105,73.24557894736841,93.75656249999999,240
5186,26.452812499999997,33.083958333333335,20.880104166666666,80.846875,1.133125,8.0234375,2.158958333333333,5.123602105263158,67.46084210526315,98.32864583333333,30
5188,25.57166666666667,32.13677083333334,21.250833333333333,85.18979166666666,1.1302083333333333,7.699375,2.7369791666666665,5.123602105263158,67.46084210526315,97.86062500000001,23
5189,25.57166666666667,32.13677083333334,21.250833333333333,85.18979166666666,1.1302083333333333,7.699375,2.7369791666666665,4.803714736842105,73.24557894736841,97.86062500000001,58
5191,26.99291666666667,33.934895833333336,21.339166666666667,80.96552083333334,1.1472916666666666,8.0296875,2.533020833333333,5.123602105263158,67.46084210526315,99.77302083333332,38
5192,26.99291666666667,33.934895833333336,21.339166666666667,80.96552083333334,1.1472916666666666,8.0296875,2.533020833333333,5.123602105263158,67.46084210526315,99.77302083333332,23
5193,25.57166666666667,32.13677083333334,21.250833333333333,85.18979166666666,1.1302083333333333,7.699375,2.7369791666666665,4.803714736842105,73.24557894736841,97.86062500000001,68
5194,26.99291666666667,33.934895833333336,21.339166666666667,80.96552083333334,1.1472916666666666,8.0296875,2.533020833333333,5.123602105263158,67.46084210526315,99.77302083333332,22
5195,25.57166666666667,32.13677083333334,21.250833333333333,85.18979166666666,1.1302083333333333,7.699375,2.7369791666666665,4.803714736842105,73.24557894736841,97.86062500000001,72
5196,26.452812499999997,33.083958333333335,20.880104166666666,80.846875,1.133125,8.0234375,2.158958333333333,5.123602105263158,67.46084210526315,98.32864583333333,140
5197,26.99291666666667,33.934895833333336,21.339166666666667,80.96552083333334,1.1472916666666666,8.0296875,2.533020833333333,5.123602105263158,67.46084210526315,99.77302083333332,21
5198,25.57166666666667,32.13677083333334,21.250833333333333,85.18979166666666,1.1302083333333333,7.699375,2.7369791666666665,4.803714736842105,73.24557894736841,97.86062500000001,72
5199,23.300104166666667,30.915000000000003,18.113229166666667,86.81,1.0930208333333333,7.425104166666667,2.2073958333333334,4.803714736842105,73.24557894736841,93.75656249999999,313
5200,25.57166666666667,32.13677083333334,21.250833333333333,85.18979166666666,1.1302083333333333,7.699375,2.7369791666666665,5.123602105263158,67.46084210526315,97.86062500000001,33
5201,26.99291666666667,33.934895833333336,21.339166666666667,80.96552083333334,1.1472916666666666,8.0296875,2.533020833333333,5.123602105263158,67.46084210526315,99.77302083333332,26
5202,25.57166666666667,32.13677083333334,21.250833333333333,85.18979166666666,1.1302083333333333,7.699375,2.7369791666666665,4.803714736842105,73.24557894736841,97.86062500000001,87
5203,26.99291666666667,33.934895833333336,21.339166666666667,80.96552083333334,1.1472916666666666,8.0296875,2.533020833333333,5.123602105263158,67.46084210526315,99.77302083333332,16
5204,26.99291666666667,33.934895833333336,21.339166666666667,80.96552083333334,1.1472916666666666,8.0296875,2.533020833333333,5.123602105263158,67.46084210526315,99.77302083333332,21
5205,23.300104166666667,30.915000000000003,18.113229166666667,86.81,1.0930208333333333,7.425104166666666,2.2073958333333334,4.803714736842105,73.24557894736841,93.75656249999999,110
5206,25.57166666666667,32.13677083333334,21.250833333333333,85.18979166666666,1.1302083333333333,7.699375,2.7369791666666665,5.123602105263158,67.46084210526315,97.86062500000001,26
5207,25.57166666666667,32.13677083333334,21.250833333333333,85.18979166666666,1.1302083333333333,7.699375,2.7369791666666665,5.123602105263158,67.46084210526315,97.86062500000001,28
5208,26.99291666666667,33.934895833333336,21.339166666666667,80.96552083333334,1.1472916666666666,8.0296875,2.533020833333333,5.123602105263158,67.46084210526315,99.77302083333332,37
5209,26.99291666666667,33.934895833333336,21.339166666666667,80.96552083333334,1.1472916666666666,8.0296875,2.533020833333333,5.123602105263158,67.46084210526315,99.77302083333332,67
5210,26.99291666666667,33.934895833333336,21.339166666666667,80.96552083333334,1.1472916666666666,8.0296875,2.533020833333333,5.123602105263158,67.46084210526315,99.77302083333332,44
5211,26.452812499999997,33.083958333333335,20.880104166666666,80.846875,1.133125,8.0234375,2.158958333333333,5.123602105263158,67.46084210526315,98.32864583333333,90
5212,26.99291666666667,33.934895833333336,21.339166666666667,80.96552083333334,1.1472916666666666,8.0296875,2.533020833333333,5.123602105263158,67.46084210526315,99.77302083333332,21
5213,26.801666666666666,33.30916666666666,21.685729166666665,81.89729166666667,1.1448958333333332,7.821979166666666,3.3119791666666667,5.123602105263158,67.46084210526315,99.39354166666668,79
5214,26.801666666666666,33.30916666666666,21.685729166666665,81.89729166666667,1.1448958333333332,7.821979166666666,3.3119791666666667,5.156048421052631,66.77442105263158,99.39354166666668,6
5215,26.801666666666666,33.30916666666666,21.685729166666665,81.89729166666667,1.1448958333333332,7.821979166666666,3.3119791666666667,5.123602105263158,67.46084210526315,99.39354166666668,11
5216,26.801666666666666,33.30916666666666,21.685729166666665,81.89729166666667,1.1448958333333332,7.821979166666666,3.3119791666666667,5.156048421052631,66.77442105263158,99.39354166666668,8
5217,26.801666666666666,33.30916666666666,21.685729166666665,81.89729166666667,1.1448958333333332,7.821979166666666,3.3119791666666667,5.123602105263158,67.46084210526315,99.39354166666668,11
5218,26.801666666666666,33.30916666666666,21.685729166666665,81.89729166666667,1.1448958333333332,7.821979166666666,3.3119791666666667,5.156048421052631,66.77442105263158,99.39354166666668,23
5219,26.801666666666666,33.30916666666666,21.685729166666665,81.89729166666667,1.1448958333333332,7.821979166666666,3.3119791666666667,5.156048421052631,66.77442105263158,99.39354166666668,6
5220,26.801666666666666,33.30916666666666,21.685729166666665,81.89729166666667,1.1448958333333332,7.821979166666666,3.3119791666666667,5.156048421052631,66.77442105263158,99.39354166666668,4
5221,26.801666666666666,33.30916666666666,21.685729166666665,81.89729166666667,1.1448958333333332,7.821979166666666,3.3119791666666667,5.123602105263158,67.46084210526315,99.39354166666668,165
5222,26.801666666666666,33.30916666666666,21.685729166666665,81.89729166666667,1.1448958333333332,7.821979166666666,3.3119791666666667,5.156048421052631,66.77442105263158,99.39354166666668,4
5223,26.801666666666666,33.30916666666666,21.685729166666665,81.89729166666667,1.1448958333333332,7.821979166666666,3.3119791666666667,5.123602105263158,67.46084210526315,99.39354166666668,43
5224,26.801666666666666,33.30916666666666,21.685729166666665,81.89729166666667,1.1448958333333332,7.821979166666666,3.3119791666666667,5.156048421052631,66.77442105263158,99.39354166666668,4
5225,26.801666666666666,33.30916666666666,21.685729166666665,81.89729166666667,1.1448958333333332,7.821979166666666,3.3119791666666667,5.123602105263158,67.46084210526315,99.39354166666668,10
5226,26.801666666666666,33.30916666666666,21.685729166666665,81.89729166666667,1.1448958333333332,7.821979166666666,3.3119791666666667,5.156048421052631,66.77442105263158,99.39354166666668,5
5227,26.801666666666666,33.30916666666666,21.685729166666665,81.89729166666667,1.1448958333333332,7.821979166666666,3.3119791666666667,5.123602105263158,67.46084210526315,99.39354166666668,70
5228,26.801666666666666,33.30916666666666,21.685729166666665,81.89729166666667,1.1448958333333332,7.821979166666666,3.3119791666666667,5.123602105263158,67.46084210526315,99.39354166666668,8
5229,26.801666666666666,33.30916666666666,21.685729166666665,81.89729166666667,1.1448958333333332,7.821979166666666,3.3119791666666667,5.123602105263158,67.46084210526315,99.39354166666668,8
5230,26.801666666666666,33.30916666666666,21.685729166666665,81.89729166666667,1.1448958333333332,7.821979166666666,3.3119791666666667,5.156048421052631,66.77442105263158,99.39354166666668,8
5231,26.801666666666666,33.30916666666666,21.685729166666665,81.89729166666667,1.1448958333333332,7.821979166666666,3.3119791666666667,5.123602105263158,67.46084210526315,99.39354166666668,10
5232,26.801666666666666,33.30916666666666,21.685729166666665,81.89729166666667,1.1448958333333332,7.821979166666666,3.3119791666666667,5.123602105263158,67.46084210526315,99.39354166666668,8
5233,26.801666666666666,33.30916666666666,21.685729166666665,81.89729166666667,1.1448958333333332,7.821979166666666,3.3119791666666667,5.156048421052631,66.77442105263158,99.39354166666668,4
5234,26.801666666666666,33.30916666666666,21.685729166666665,81.89729166666667,1.1448958333333332,7.821979166666666,3.3119791666666667,5.156048421052631,66.77442105263158,99.39354166666668,4
5235,26.99291666666667,33.934895833333336,21.339166666666667,80.96552083333334,1.1472916666666666,8.0296875,2.533020833333333,5.123602105263158,67.46084210526315,99.77302083333332,20
5236,26.99291666666667,33.934895833333336,21.339166666666667,80.96552083333334,1.1472916666666666,8.0296875,2.533020833333333,5.123602105263158,67.46084210526315,99.77302083333332,76
5237,26.99291666666667,33.934895833333336,21.339166666666667,80.96552083333334,1.1472916666666666,8.0296875,2.533020833333333,5.123602105263158,67.46084210526315,99.77302083333332,21
5238,26.99291666666667,33.934895833333336,21.339166666666667,80.96552083333334,1.1472916666666666,8.0296875,2.533020833333333,5.123602105263158,67.46084210526315,99.77302083333332,48
5239,26.99291666666667,33.934895833333336,21.339166666666667,80.96552083333334,1.1472916666666666,8.0296875,2.533020833333333,5.123602105263158,67.46084210526315,99.77302083333332,47
5240,26.99291666666667,33.934895833333336,21.339166666666667,80.96552083333334,1.1472916666666666,8.0296875,2.533020833333333,5.123602105263158,67.46084210526315,99.77302083333332,34
5241,26.99291666666667,33.934895833333336,21.339166666666667,80.96552083333334,1.1472916666666666,8.0296875,2.533020833333333,5.123602105263158,67.46084210526315,99.77302083333332,30
5242,26.99291666666667,33.934895833333336,21.339166666666667,80.96552083333334,1.1472916666666666,8.0296875,2.533020833333333,5.123602105263158,67.46084210526315,99.77302083333332,19
5243,26.99291666666667,33.934895833333336,21.339166666666667,80.96552083333334,1.1472916666666666,8.0296875,2.533020833333333,5.123602105263158,67.46084210526315,99.77302083333332,53
5244,26.99291666666667,33.934895833333336,21.339166666666667,80.96552083333334,1.1472916666666666,8.0296875,2.533020833333333,5.123602105263158,67.46084210526315,99.77302083333332,23
5245,26.99291666666667,33.934895833333336,21.339166666666667,80.96552083333334,1.1472916666666666,8.0296875,2.533020833333333,5.123602105263158,67.46084210526315,99.77302083333332,20
5246,26.99291666666667,33.934895833333336,21.339166666666667,80.96552083333334,1.1472916666666666,8.0296875,2.533020833333333,5.123602105263158,67.46084210526315,99.77302083333332,24
5247,26.99291666666667,33.934895833333336,21.339166666666667,80.96552083333334,1.1472916666666666,8.0296875,2.533020833333333,5.123602105263158,67.46084210526315,99.77302083333332,20
5248,26.99291666666667,33.934895833333336,21.339166666666667,80.96552083333334,1.1472916666666666,8.0296875,2.533020833333333,5.123602105263158,67.46084210526315,99.77302083333332,21
5249,26.99291666666667,33.934895833333336,21.339166666666667,80.96552083333334,1.1472916666666666,8.0296875,2.533020833333333,5.123602105263158,67.46084210526315,99.77302083333332,121
5250,26.452812499999997,33.083958333333335,20.880104166666666,80.846875,1.133125,8.0234375,2.158958333333333,5.123602105263158,67.46084210526315,98.32864583333333,24
5251,26.99291666666667,33.934895833333336,21.339166666666667,80.96552083333334,1.1472916666666666,8.0296875,2.533020833333333,5.123602105263158,67.46084210526315,99.77302083333332,39
5252,26.99291666666667,33.934895833333336,21.339166666666667,80.96552083333334,1.1472916666666666,8.0296875,2.533020833333333,5.123602105263158,67.46084210526315,99.77302083333332,27
5253,26.192291666666666,31.650833333333335,21.590416666666666,81.36458333333333,1.1265625000000001,7.424791666666667,3.0784374999999997,5.123602105263158,67.46084210526315,97.63885416666666,10
5254,27.866354166666667,31.858958333333334,24.473541666666666,78.81875000000001,1.1475,7.515833333333333,4.003333333333333,5.123602105263158,67.46084210526315,99.96447916666666,9
5255,26.192291666666666,31.650833333333335,21.590416666666666,81.36458333333333,1.1265625000000001,7.424791666666667,3.0784374999999997,5.4235926315789476,67.89063157894736,97.63885416666666,6
5256,27.866354166666667,31.858958333333334,24.473541666666666,78.81875000000001,1.1475,7.515833333333333,4.003333333333333,5.156048421052631,66.77442105263158,99.96447916666666,49
5257,26.192291666666666,31.650833333333335,21.590416666666666,81.36458333333333,1.1265625000000001,7.424791666666667,3.0784374999999997,5.4235926315789476,67.89063157894736,97.63885416666666,8
5258,26.192291666666666,31.650833333333335,21.590416666666666,81.36458333333333,1.1265625000000001,7.424791666666667,3.0784374999999997,5.4235926315789476,67.89063157894736,97.63885416666666,5
5259,27.866354166666667,31.858958333333334,24.473541666666666,78.81875000000001,1.1475,7.515833333333333,4.003333333333333,5.156048421052631,66.77442105263158,99.96447916666666,4
5260,26.192291666666666,31.650833333333335,21.590416666666666,81.36458333333333,1.1265625000000001,7.424791666666667,3.0784374999999997,5.4235926315789476,67.89063157894736,97.63885416666666,6
5261,27.866354166666667,31.858958333333334,24.473541666666666,78.81875000000001,1.1475,7.515833333333333,4.003333333333333,5.156048421052631,66.77442105263158,99.96447916666666,11
5262,27.866354166666667,31.858958333333334,24.473541666666666,78.81875000000001,1.1475,7.515833333333333,4.003333333333333,5.123602105263158,67.46084210526315,99.96447916666666,9
5263,27.866354166666667,31.858958333333334,24.473541666666666,78.81875000000001,1.1475,7.515833333333333,4.003333333333333,5.156048421052631,66.77442105263158,99.96447916666666,38
5264,27.866354166666667,31.858958333333334,24.473541666666666,78.81875000000001,1.1475,7.515833333333333,4.003333333333333,5.123602105263158,67.46084210526315,99.96447916666666,10
5265,27.2684375,32.116875,23.0665625,79.7353125,1.1432291666666665,8.356666666666667,2.967083333333333,5.4235926315789476,67.89063157894736,99.38072916666665,6
5266,27.866354166666667,31.858958333333334,24.473541666666666,78.81875000000001,1.1475,7.515833333333333,4.003333333333333,5.156048421052631,66.77442105263158,99.96447916666666,5
5267,27.6371875,31.264583333333334,24.848958333333332,81.91104166666666,1.1514583333333333,6.923645833333333,4.311145833333334,5.147408421052631,72.44231578947368,100.25645833333334,61
5268,26.267395833333335,32.60427083333334,22.26427083333333,85.875,1.1432291666666665,8.56,2.6602083333333333,5.019135789473684,70.736,99.16895833333332,218
5269,27.6371875,31.264583333333334,24.848958333333332,81.91104166666666,1.1514583333333333,6.923645833333333,4.311145833333334,5.147408421052631,72.44231578947368,100.25645833333334,8
5270,26.267395833333335,32.60427083333334,22.26427083333333,85.875,1.1432291666666665,8.56,2.6602083333333333,4.624063157894737,75.42463157894737,99.16895833333332,5
5271,26.267395833333335,32.60427083333334,22.26427083333333,85.875,1.1432291666666665,8.56,2.6602083333333333,5.019135789473684,70.736,99.16895833333332,11
5272,26.267395833333335,32.60427083333334,22.26427083333333,85.875,1.1432291666666665,8.56,2.6602083333333333,5.019135789473684,70.736,99.16895833333332,17
5273,27.6371875,31.264583333333334,24.848958333333332,81.91104166666666,1.1514583333333333,6.923645833333333,4.311145833333334,5.147408421052631,72.44231578947368,100.25645833333334,23
5274,27.6371875,31.264583333333334,24.848958333333332,81.91104166666666,1.1514583333333333,6.923645833333333,4.311145833333334,5.147408421052631,72.44231578947368,100.25645833333334,12
5275,26.267395833333335,32.60427083333334,22.26427083333333,85.875,1.1432291666666665,8.56,2.6602083333333333,5.019135789473684,70.736,99.16895833333332,292
5276,26.267395833333335,32.60427083333334,22.26427083333333,85.875,1.1432291666666665,8.56,2.6602083333333333,5.019135789473684,70.736,99.16895833333332,124
5277,27.6371875,31.264583333333334,24.848958333333332,81.91104166666666,1.1514583333333333,6.923645833333333,4.311145833333334,5.156048421052631,66.77442105263158,100.25645833333334,18
5278,27.6371875,31.264583333333334,24.848958333333332,81.91104166666666,1.1514583333333333,6.923645833333333,4.311145833333334,5.147408421052631,72.44231578947368,100.25645833333334,7
5279,27.6371875,31.264583333333334,24.848958333333332,81.91104166666666,1.1514583333333333,6.923645833333333,4.311145833333334,5.156048421052631,66.77442105263158,100.25645833333334,13
5280,26.267395833333335,32.60427083333334,22.26427083333333,85.875,1.1432291666666665,8.56,2.6602083333333333,5.019135789473684,70.736,99.16895833333332,337
5281,27.771666666666665,30.760625,25.403645833333332,80.99666666666667,1.1514583333333333,7.283020833333333,3.8350000000000004,5.019135789473684,70.736,100.30020833333333,17
5282,27.771666666666665,30.760625,25.403645833333332,80.99666666666667,1.1514583333333333,7.283020833333333,3.8350000000000004,5.147408421052631,72.44231578947368,100.30020833333333,28
5283,26.267395833333335,32.60427083333334,22.26427083333333,85.875,1.1432291666666665,8.56,2.6602083333333333,4.624063157894737,75.42463157894737,99.16895833333332,205
5284,26.267395833333335,32.60427083333334,22.26427083333333,85.875,1.1432291666666665,8.56,2.6602083333333333,4.624063157894737,75.42463157894737,99.16895833333332,10
5285,27.6371875,31.264583333333334,24.848958333333332,81.91104166666666,1.1514583333333333,6.923645833333333,4.311145833333334,5.156048421052631,66.77442105263158,100.25645833333334,7
5286,26.267395833333335,32.60427083333334,22.26427083333333,85.875,1.1432291666666665,8.56,2.6602083333333333,5.019135789473684,70.736,99.16895833333332,177
5287,26.267395833333335,32.60427083333334,22.26427083333333,85.875,1.1432291666666665,8.56,2.6602083333333333,5.019135789473684,70.736,99.16895833333332,143
5288,26.267395833333335,32.60427083333334,22.26427083333333,85.875,1.1432291666666665,8.56,2.6602083333333333,5.019135789473684,70.736,99.16895833333332,240
5289,26.267395833333335,32.60427083333334,22.26427083333333,85.875,1.1432291666666665,8.56,2.6602083333333333,5.019135789473684,70.736,99.16895833333332,18
5290,27.6371875,31.264583333333334,24.848958333333332,81.91104166666666,1.1514583333333333,6.923645833333333,4.311145833333334,5.147408421052631,72.44231578947368,100.25645833333334,6
5291,26.267395833333335,32.60427083333334,22.26427083333333,85.875,1.1432291666666665,8.56,2.6602083333333333,5.147408421052631,72.44231578947368,99.16895833333332,12
5292,26.267395833333335,32.60427083333334,22.26427083333333,85.875,1.1432291666666665,8.56,2.6602083333333333,5.019135789473684,70.736,99.16895833333332,18
5293,26.267395833333335,32.60427083333334,22.26427083333333,85.875,1.1432291666666665,8.56,2.6602083333333333,5.147408421052631,72.44231578947368,99.16895833333332,163
5294,26.267395833333335,32.60427083333334,22.26427083333333,85.875,1.1432291666666665,8.56,2.6602083333333333,4.624063157894737,75.42463157894737,99.16895833333332,144
5295,27.6371875,31.264583333333334,24.848958333333332,81.91104166666666,1.1514583333333333,6.923645833333333,4.311145833333334,5.147408421052631,72.44231578947368,100.25645833333334,42
5296,26.267395833333335,32.60427083333334,22.26427083333333,85.875,1.1432291666666665,8.56,2.6602083333333333,4.624063157894737,75.42463157894737,99.16895833333332,24
5297,26.267395833333335,32.60427083333334,22.26427083333333,85.875,1.1432291666666665,8.56,2.6602083333333333,4.624063157894737,75.42463157894737,99.16895833333332,154
5298,26.267395833333335,32.60427083333334,22.26427083333333,85.875,1.1432291666666665,8.56,2.6602083333333333,5.019135789473684,70.736,99.16895833333332,110
5299,27.334999999999997,30.99875,24.724999999999998,82.1303125,1.1440624999999998,7.547291666666666,3.733541666666667,5.147408421052631,72.44231578947368,99.58083333333333,14
5300,27.6371875,31.264583333333334,24.848958333333332,81.91104166666666,1.1514583333333333,6.923645833333333,4.311145833333334,5.156048421052631,66.77442105263158,100.25645833333334,78
5301,27.6371875,31.264583333333334,24.848958333333332,81.91104166666666,1.1514583333333333,6.923645833333333,4.311145833333334,5.156048421052631,66.77442105263158,100.25645833333334,418
5302,27.6371875,31.264583333333334,24.848958333333332,81.91104166666666,1.1514583333333333,6.923645833333333,4.311145833333334,5.156048421052631,66.77442105263158,100.25645833333334,437
5303,26.084791666666664,32.449062500000004,22.143020833333335,85.17458333333333,1.1388541666666665,9.240208333333333,2.8173958333333338,5.156048421052631,66.77442105263158,98.7309375,13
5304,26.084791666666664,32.449062500000004,22.143020833333335,85.17458333333333,1.1388541666666665,9.240208333333333,2.8173958333333338,4.624063157894737,75.42463157894737,98.7309375,24
5305,27.685208333333335,31.75,24.429895833333333,80.21395833333334,1.1482291666666666,7.524166666666667,4.4434375,5.156048421052631,66.77442105263158,99.97895833333332,5
5306,27.685208333333335,31.75,24.429895833333333,80.21395833333334,1.1482291666666666,7.524166666666667,4.4434375,5.156048421052631,66.77442105263158,99.97895833333332,88
5307,26.084791666666664,32.449062500000004,22.143020833333335,85.17458333333333,1.1388541666666665,9.240208333333333,2.8173958333333338,4.624063157894737,75.42463157894737,98.7309375,169
5308,27.6371875,31.264583333333334,24.848958333333332,81.91104166666666,1.1514583333333333,6.923645833333333,4.311145833333334,5.156048421052631,66.77442105263158,100.25645833333334,208
5309,27.685208333333335,31.75,24.429895833333333,80.21395833333334,1.1482291666666666,7.524166666666667,4.4434375,5.156048421052631,66.77442105263158,99.97895833333332,5
5310,27.685208333333335,31.75,24.429895833333333,80.21395833333334,1.1482291666666666,7.524166666666666,4.4434375,5.156048421052631,66.77442105263158,99.97895833333332,11
5311,27.6371875,31.264583333333334,24.848958333333332,81.91104166666666,1.1514583333333333,6.923645833333333,4.311145833333334,5.156048421052631,66.77442105263158,100.25645833333334,297
5312,27.685208333333335,31.75,24.429895833333333,80.21395833333334,1.1482291666666666,7.524166666666667,4.4434375,5.156048421052631,66.77442105263158,99.97895833333332,4
5313,27.6371875,31.264583333333334,24.848958333333332,81.91104166666666,1.1514583333333333,6.923645833333333,4.311145833333334,5.156048421052631,66.77442105263158,100.25645833333334,169
5314,27.685208333333335,31.75,24.429895833333333,80.21395833333334,1.1482291666666666,7.524166666666667,4.4434375,5.156048421052631,66.77442105263158,99.97895833333332,17
5315,27.6371875,31.264583333333334,24.848958333333332,81.91104166666666,1.1514583333333333,6.923645833333333,4.311145833333334,5.156048421052631,66.77442105263158,100.25645833333334,345
5316,27.685208333333335,31.75,24.429895833333333,80.21395833333334,1.1482291666666666,7.524166666666666,4.4434375,5.156048421052631,66.77442105263158,99.97895833333332,18
5317,27.685208333333335,31.75,24.429895833333333,80.21395833333334,1.1482291666666666,7.524166666666667,4.4434375,5.156048421052631,66.77442105263158,99.97895833333332,7
5318,27.685208333333335,31.75,24.429895833333333,80.21395833333334,1.1482291666666666,7.524166666666666,4.4434375,5.156048421052631,66.77442105263158,99.97895833333332,6
5319,26.267395833333335,32.60427083333334,22.26427083333333,85.875,1.1432291666666665,8.56,2.6602083333333333,5.156048421052631,66.77442105263158,99.16895833333332,315
5320,26.267395833333335,32.60427083333334,22.26427083333333,85.875,1.1432291666666665,8.56,2.6602083333333333,5.156048421052631,66.77442105263158,99.16895833333332,655
5321,27.685208333333335,31.75,24.429895833333333,80.21395833333334,1.1482291666666666,7.524166666666666,4.4434375,5.156048421052631,66.77442105263158,99.97895833333332,14
5322,27.685208333333335,31.75,24.429895833333333,80.21395833333334,1.1482291666666666,7.524166666666667,4.4434375,5.156048421052631,66.77442105263158,99.97895833333332,8
5323,27.685208333333335,31.75,24.429895833333333,80.21395833333334,1.1482291666666666,7.524166666666666,4.4434375,5.156048421052631,66.77442105263158,99.97895833333332,117
5324,26.267395833333335,32.60427083333334,22.26427083333333,85.875,1.1432291666666665,8.56,2.6602083333333333,4.624063157894737,75.42463157894737,99.16895833333332,148
5325,26.267395833333335,32.60427083333334,22.26427083333333,85.875,1.1432291666666665,8.56,2.6602083333333333,4.624063157894737,75.42463157894737,99.16895833333332,7
5326,26.084791666666664,32.449062500000004,22.143020833333335,85.17458333333333,1.1388541666666665,9.240208333333333,2.8173958333333338,4.624063157894737,75.42463157894737,98.7309375,13
5327,26.267395833333335,32.60427083333334,22.26427083333333,85.875,1.1432291666666665,8.56,2.6602083333333333,4.624063157894737,75.42463157894737,99.16895833333332,22
5328,26.267395833333335,32.60427083333334,22.26427083333333,85.875,1.1432291666666665,8.56,2.6602083333333333,4.624063157894737,75.42463157894737,99.16895833333332,21
5329,26.267395833333335,32.60427083333334,22.26427083333333,85.875,1.1432291666666665,8.56,2.6602083333333333,4.624063157894737,75.42463157894737,99.16895833333332,214
5330,26.084791666666664,32.449062500000004,22.143020833333335,85.17458333333333,1.1388541666666665,9.240208333333333,2.8173958333333338,4.624063157894737,75.42463157894737,98.7309375,8
5331,26.084791666666664,32.449062500000004,22.143020833333335,85.17458333333333,1.1388541666666665,9.240208333333333,2.8173958333333338,4.624063157894737,75.42463157894737,98.7309375,10
5332,26.084791666666664,32.449062500000004,22.143020833333335,85.17458333333333,1.1388541666666665,9.240208333333333,2.8173958333333338,4.624063157894737,75.42463157894737,98.7309375,4
5333,26.267395833333335,32.60427083333334,22.26427083333333,85.875,1.1432291666666665,8.56,2.6602083333333333,4.624063157894737,75.42463157894737,99.16895833333332,263
5334,26.267395833333335,32.60427083333334,22.26427083333333,85.875,1.1432291666666665,8.56,2.6602083333333333,4.624063157894737,75.42463157894737,99.16895833333332,13
5335,26.267395833333335,32.60427083333334,22.26427083333333,85.875,1.1432291666666665,8.56,2.6602083333333333,4.624063157894737,75.42463157894737,99.16895833333332,385
5336,26.084791666666664,32.449062500000004,22.143020833333335,85.17458333333333,1.1388541666666665,9.240208333333333,2.8173958333333338,4.624063157894737,75.42463157894737,98.7309375,3
5337,26.084791666666664,32.449062500000004,22.143020833333335,85.17458333333333,1.1388541666666665,9.240208333333333,2.8173958333333338,4.624063157894737,75.42463157894737,98.7309375,7
5338,26.267395833333335,32.60427083333334,22.26427083333333,85.875,1.1432291666666665,8.56,2.6602083333333333,4.624063157894737,75.42463157894737,99.16895833333332,67
5339,26.267395833333335,32.60427083333334,22.26427083333333,85.875,1.1432291666666665,8.56,2.6602083333333333,4.624063157894737,75.42463157894737,99.16895833333332,285
5340,26.267395833333335,32.60427083333334,22.26427083333333,85.875,1.1432291666666665,8.56,2.6602083333333333,4.624063157894737,75.42463157894737,99.16895833333332,212
5341,26.084791666666664,32.449062500000004,22.143020833333335,85.17458333333333,1.1388541666666665,9.240208333333333,2.8173958333333338,4.624063157894737,75.42463157894737,98.7309375,9
5342,26.084791666666664,32.449062500000004,22.143020833333335,85.17458333333333,1.1388541666666665,9.240208333333333,2.8173958333333338,4.624063157894737,75.42463157894737,98.7309375,12
5343,26.084791666666664,32.449062500000004,22.143020833333335,85.17458333333333,1.1388541666666665,9.240208333333333,2.8173958333333338,4.624063157894737,75.42463157894737,98.7309375,11
5344,26.084791666666664,32.449062500000004,22.143020833333335,85.17458333333333,1.1388541666666665,9.240208333333333,2.8173958333333338,4.624063157894737,75.42463157894737,98.7309375,9
5345,26.267395833333335,32.60427083333334,22.26427083333333,85.875,1.1432291666666665,8.56,2.6602083333333333,4.624063157894737,75.42463157894737,99.16895833333332,14
5346,26.267395833333335,32.60427083333334,22.26427083333333,85.875,1.1432291666666665,8.56,2.6602083333333333,4.624063157894737,75.42463157894737,99.16895833333332,250
5347,26.267395833333335,32.60427083333334,22.26427083333333,85.875,1.1432291666666665,8.56,2.6602083333333333,4.624063157894737,75.42463157894737,99.16895833333332,106
5348,26.084791666666664,32.449062500000004,22.143020833333335,85.17458333333333,1.1388541666666665,9.240208333333333,2.8173958333333338,4.624063157894737,75.42463157894737,98.7309375,84
5349,26.084791666666664,32.449062500000004,22.143020833333335,85.17458333333333,1.1388541666666665,9.240208333333333,2.8173958333333338,4.624063157894737,75.42463157894737,98.7309375,9
5350,26.084791666666664,32.449062500000004,22.143020833333335,85.17458333333333,1.1388541666666665,9.240208333333333,2.8173958333333338,4.624063157894737,75.42463157894737,98.7309375,12
5351,26.267395833333335,32.60427083333334,22.26427083333333,85.875,1.1432291666666665,8.56,2.6602083333333333,4.624063157894737,75.42463157894737,99.16895833333332,129
5352,26.084791666666664,32.449062500000004,22.143020833333335,85.17458333333333,1.1388541666666665,9.240208333333333,2.8173958333333338,4.624063157894737,75.42463157894737,98.7309375,6
5353,26.267395833333335,32.60427083333334,22.26427083333333,85.875,1.1432291666666665,8.56,2.6602083333333333,4.624063157894737,75.42463157894737,99.16895833333332,13
5354,27.4303125,30.9028125,25.116770833333334,83.661875,1.1542708333333331,8.905624999999999,3.6335416666666664,5.019135789473684,70.736,100.4525,10
5355,27.4303125,30.9028125,25.116770833333334,83.661875,1.1542708333333331,8.905624999999999,3.6335416666666664,4.924152631578947,77.21978947368422,100.4525,6
5356,27.4303125,30.9028125,25.116770833333334,83.661875,1.1542708333333331,8.905624999999999,3.6335416666666664,5.019135789473684,70.736,100.4525,26
5357,27.93041666666667,30.64,25.673020833333336,81.20583333333333,1.1540625,8.593645833333333,5.337083333333333,5.09982,69.86357894736842,100.61427083333332,12
5358,27.7840625,30.69125,25.849791666666665,82.41739583333333,1.1575,10.113125,4.616145833333333,4.624063157894737,75.42463157894737,100.8653125,9
5359,27.143854166666667,31.0915625,24.132291666666664,82.51583333333333,1.1484374999999998,9.993645833333334,5.145625,5.09982,69.86357894736842,99.91979166666665,8
5360,26.267395833333335,32.60427083333334,22.26427083333333,85.875,1.1432291666666665,8.56,2.6602083333333333,5.019135789473684,70.736,99.16895833333332,72
5361,27.93041666666667,30.64,25.673020833333336,81.20583333333333,1.1540625,8.593645833333333,5.337083333333333,5.09982,69.86357894736842,100.61427083333332,6
5362,26.267395833333335,32.60427083333334,22.26427083333333,85.875,1.1432291666666665,8.56,2.6602083333333333,4.624063157894737,75.42463157894737,99.16895833333332,236
5363,27.721041666666665,30.6971875,25.402916666666666,81.87708333333333,1.1521875,7.3261458333333325,4.696666666666666,5.09982,69.86357894736842,100.32833333333333,5
5364,27.7840625,30.69125,25.849791666666665,82.41739583333333,1.1575,10.113125,4.616145833333333,4.624063157894737,75.42463157894737,100.8653125,8
5365,27.143854166666667,31.0915625,24.132291666666664,82.51583333333333,1.1484374999999998,9.993645833333334,5.145625,5.09982,69.86357894736842,99.91979166666665,52
5366,27.4303125,30.9028125,25.116770833333334,83.661875,1.1542708333333331,8.905624999999999,3.6335416666666664,5.09982,69.86357894736842,100.4525,5
5367,27.682291666666668,30.312187499999997,25.817395833333332,82.77385416666667,1.1566666666666665,10.048854166666667,4.3386458333333335,4.624063157894737,75.42463157894737,100.6934375,7
5368,28.127708333333334,29.817083333333333,26.55479166666667,81.1375,1.1575,8.844687500000001,5.986145833333333,4.924152631578948,77.21978947368422,100.93374999999999,11
5369,27.143854166666667,31.0915625,24.132291666666664,82.51583333333333,1.1484374999999998,9.993645833333334,5.145625,5.09982,69.86357894736842,99.91979166666665,9
5370,26.267395833333335,32.60427083333334,22.26427083333333,85.875,1.1432291666666665,8.56,2.6602083333333333,4.624063157894737,75.42463157894737,99.16895833333332,433
5371,27.4303125,30.9028125,25.116770833333334,83.661875,1.1542708333333331,8.905624999999999,3.6335416666666664,5.019135789473684,70.736,100.4525,13
5372,27.721041666666665,30.6971875,25.402916666666666,81.87708333333333,1.1521875,7.3261458333333325,4.696666666666666,5.09982,69.86357894736842,100.32833333333333,8
5373,27.4303125,30.9028125,25.116770833333334,83.661875,1.1542708333333331,8.905624999999999,3.6335416666666664,4.624063157894737,75.42463157894737,100.4525,6
5374,27.93041666666667,30.64,25.673020833333336,81.20583333333333,1.1540625,8.593645833333333,5.337083333333333,5.09982,69.86357894736842,100.61427083333332,6
5375,27.4303125,30.9028125,25.116770833333334,83.661875,1.1542708333333331,8.905624999999999,3.6335416666666664,5.019135789473684,70.736,100.4525,14
5376,27.4303125,30.9028125,25.116770833333334,83.661875,1.1542708333333331,8.905624999999999,3.6335416666666664,5.019135789473684,70.736,100.4525,26
5377,27.7840625,30.69125,25.849791666666665,82.41739583333333,1.1575,10.113125,4.616145833333333,4.624063157894737,75.42463157894737,100.8653125,9
5378,28.189166666666665,29.549895833333334,26.716250000000002,81.11364583333334,1.1580208333333333,7.6308333333333325,6.042708333333334,4.924152631578948,77.21978947368422,101.01802083333332,5
5379,27.4303125,30.9028125,25.116770833333334,83.661875,1.1542708333333331,8.905624999999999,3.6335416666666664,4.624063157894737,75.42463157894737,100.4525,5
5380,27.4303125,30.9028125,25.116770833333334,83.661875,1.1542708333333331,8.905624999999999,3.6335416666666664,5.09982,69.86357894736842,100.4525,13
5381,27.4303125,30.9028125,25.116770833333334,83.661875,1.1542708333333331,8.905624999999999,3.6335416666666664,5.09982,69.86357894736842,100.4525,6
5382,27.682291666666668,30.312187499999997,25.817395833333332,82.77385416666667,1.1566666666666665,10.048854166666667,4.3386458333333335,4.624063157894737,75.42463157894737,100.6934375,7
5383,27.4303125,30.9028125,25.116770833333334,83.661875,1.1542708333333331,8.905624999999999,3.6335416666666664,4.924152631578947,77.21978947368422,100.4525,11
5384,27.682291666666668,30.312187499999997,25.817395833333332,82.77385416666667,1.1566666666666665,10.048854166666667,4.3386458333333335,4.624063157894737,75.42463157894737,100.6934375,5
5385,27.4303125,30.9028125,25.116770833333334,83.661875,1.1542708333333331,8.905624999999999,3.6335416666666664,4.624063157894737,75.42463157894737,100.4525,74
5386,27.93041666666667,30.64,25.673020833333336,81.20583333333333,1.1540625,8.593645833333333,5.337083333333333,5.09982,69.86357894736842,100.61427083333332,10
5387,26.267395833333335,32.60427083333334,22.26427083333333,85.875,1.1432291666666665,8.56,2.6602083333333333,5.019135789473684,70.736,99.16895833333332,66
5389,27.93041666666667,30.64,25.673020833333336,81.20583333333333,1.1540625,8.593645833333333,5.337083333333333,5.09982,69.86357894736842,100.61427083333332,11
5390,26.267395833333335,32.60427083333334,22.26427083333333,85.875,1.1432291666666665,8.56,2.6602083333333333,5.019135789473684,70.736,99.16895833333332,203
5391,27.143854166666667,31.0915625,24.132291666666664,82.51583333333333,1.1484374999999998,9.993645833333334,5.145625,5.09982,69.86357894736842,99.91979166666665,14
5392,27.4303125,30.9028125,25.116770833333334,83.661875,1.1542708333333331,8.905624999999999,3.6335416666666664,4.624063157894737,75.42463157894737,100.4525,197
5393,26.267395833333335,32.60427083333334,22.26427083333333,85.875,1.1432291666666665,8.56,2.6602083333333333,5.019135789473684,70.736,99.16895833333332,50
5394,27.4303125,30.9028125,25.116770833333334,83.661875,1.1542708333333331,8.905624999999999,3.6335416666666664,5.019135789473684,70.736,100.4525,6
5395,26.084791666666664,32.449062500000004,22.143020833333335,85.17458333333333,1.1388541666666665,9.240208333333333,2.8173958333333338,4.624063157894737,75.42463157894737,98.7309375,10
5396,26.084791666666664,32.449062500000004,22.143020833333335,85.17458333333333,1.1388541666666665,9.240208333333333,2.8173958333333338,4.624063157894737,75.42463157894737,98.7309375,9
5397,26.084791666666664,32.449062500000004,22.143020833333335,85.17458333333333,1.1388541666666665,9.240208333333333,2.8173958333333338,4.624063157894737,75.42463157894737,98.7309375,7
5398,26.084791666666664,32.449062500000004,22.143020833333335,85.17458333333333,1.1388541666666665,9.240208333333333,2.8173958333333338,4.624063157894737,75.42463157894737,98.7309375,9
5399,26.084791666666664,32.449062500000004,22.143020833333335,85.17458333333333,1.1388541666666665,9.240208333333333,2.8173958333333338,4.624063157894737,75.42463157894737,98.7309375,7
5400,26.084791666666664,32.449062500000004,22.143020833333335,85.17458333333333,1.1388541666666665,9.240208333333333,2.8173958333333338,4.624063157894737,75.42463157894737,98.7309375,196
5401,26.084791666666664,32.449062500000004,22.143020833333335,85.17458333333333,1.1388541666666665,9.240208333333333,2.8173958333333338,4.624063157894737,75.42463157894737,98.7309375,12
5402,26.084791666666664,32.449062500000004,22.143020833333335,85.17458333333333,1.1388541666666665,9.240208333333333,2.8173958333333338,4.624063157894737,75.42463157894737,98.7309375,7
5403,26.084791666666664,32.449062500000004,22.143020833333335,85.17458333333333,1.1388541666666665,9.240208333333333,2.8173958333333338,4.624063157894737,75.42463157894737,98.7309375,7
5404,26.084791666666664,32.449062500000004,22.143020833333335,85.17458333333333,1.1388541666666665,9.240208333333333,2.8173958333333338,4.624063157894737,75.42463157894737,98.7309375,25
5405,26.084791666666664,32.449062500000004,22.143020833333335,85.17458333333333,1.1388541666666665,9.240208333333333,2.8173958333333338,4.624063157894737,75.42463157894737,98.7309375,22
5406,26.084791666666664,32.449062500000004,22.143020833333335,85.17458333333333,1.1388541666666665,9.240208333333333,2.8173958333333338,4.624063157894737,75.42463157894737,98.7309375,12
5407,26.084791666666664,32.449062500000004,22.143020833333335,85.17458333333333,1.1388541666666665,9.240208333333333,2.8173958333333338,4.624063157894737,75.42463157894737,98.7309375,10
5408,26.084791666666664,32.449062500000004,22.143020833333335,85.17458333333333,1.1388541666666665,9.240208333333333,2.8173958333333338,4.624063157894737,75.42463157894737,98.7309375,60
5409,27.721041666666665,30.6971875,25.402916666666666,81.87708333333333,1.1521875,7.3261458333333325,4.696666666666666,5.019135789473684,70.736,100.32833333333333,15
5410,27.721041666666665,30.6971875,25.402916666666666,81.87708333333333,1.1521875,7.3261458333333325,4.696666666666666,5.019135789473684,70.736,100.32833333333333,8
5411,27.721041666666665,30.6971875,25.402916666666666,81.87708333333333,1.1521875,7.3261458333333325,4.696666666666666,5.019135789473684,70.736,100.32833333333333,8
5412,27.721041666666665,30.6971875,25.402916666666666,81.87708333333333,1.1521875,7.3261458333333325,4.696666666666666,5.019135789473684,70.736,100.32833333333333,9
5413,27.721041666666665,30.6971875,25.402916666666666,81.87708333333333,1.1521875,7.3261458333333325,4.696666666666666,5.09982,69.86357894736842,100.32833333333333,41
5414,27.721041666666665,30.6971875,25.402916666666666,81.87708333333333,1.1521875,7.3261458333333325,4.696666666666666,5.09982,69.86357894736842,100.32833333333333,22
5415,27.334999999999997,30.99875,24.724999999999998,82.1303125,1.1440624999999998,7.547291666666666,3.733541666666667,5.147408421052631,72.44231578947368,99.58083333333333,30
5416,26.531458333333333,30.7121875,23.78697916666667,84.15510416666667,1.1369791666666667,7.308333333333334,4.199791666666667,5.303652631578947,72.00357894736842,98.64968750000001,6
5417,28.516145833333336,30.278854166666665,26.698020833333334,79.53583333333333,1.1560416666666666,7.1648958333333335,4.780104166666667,5.147408421052631,72.44231578947368,100.938125,3
5418,28.479375,30.217916666666667,26.708229166666666,79.75416666666666,1.1562499999999998,7.223958333333333,5.099479166666667,5.147408421052631,72.44231578947368,100.935,7
5419,26.531458333333333,30.7121875,23.78697916666667,84.15510416666667,1.1369791666666667,7.308333333333334,4.199791666666667,5.110410526315789,72.76905263157896,98.64968750000001,23
5420,27.390104166666664,30.933125,24.70114583333333,80.69114583333334,1.1415624999999998,8.580729166666666,3.4838541666666667,5.147408421052631,72.44231578947368,99.274375,8
5421,27.334999999999997,30.99875,24.724999999999998,82.1303125,1.1440624999999998,7.547291666666666,3.733541666666667,5.147408421052631,72.44231578947368,99.58083333333333,6
5422,26.531458333333333,30.7121875,23.78697916666667,84.15510416666667,1.1369791666666667,7.308333333333334,4.199791666666667,5.303652631578947,72.00357894736842,98.64968750000001,6
5423,27.390104166666664,30.933125,24.70114583333333,80.69114583333334,1.1415624999999998,8.580729166666666,3.4838541666666667,5.303652631578947,72.00357894736842,99.274375,6
5424,26.531458333333333,30.7121875,23.78697916666667,84.15510416666667,1.1369791666666667,7.308333333333334,4.199791666666667,5.110410526315789,72.76905263157896,98.64968750000001,7
5425,27.390104166666664,30.933125,24.70114583333333,80.69114583333334,1.1415624999999998,8.580729166666666,3.4838541666666667,5.147408421052631,72.44231578947368,99.274375,5
5426,27.771666666666665,30.760625,25.403645833333332,80.99666666666667,1.1514583333333333,7.283020833333333,3.8350000000000004,5.019135789473684,70.736,100.30020833333333,11
5427,25.50572916666667,31.134270833333332,21.916354166666665,86.10364583333335,1.12625,7.034166666666667,2.926458333333333,5.110410526315789,72.76905263157896,97.4740625,14
5428,26.531458333333333,30.7121875,23.78697916666667,84.15510416666667,1.1369791666666667,7.308333333333334,4.199791666666667,5.110410526315789,72.76905263157896,98.64968750000001,6
5430,27.771666666666665,30.760625,25.403645833333332,80.99666666666667,1.1514583333333333,7.283020833333333,3.8350000000000004,5.019135789473684,70.736,100.30020833333333,6
5431,25.50572916666667,31.134270833333332,21.916354166666665,86.10364583333335,1.12625,7.034166666666667,2.926458333333333,5.110410526315789,72.76905263157896,97.4740625,12
5432,26.531458333333333,30.7121875,23.78697916666667,84.15510416666667,1.1369791666666667,7.308333333333334,4.199791666666667,5.110410526315789,72.76905263157896,98.64968750000001,15
5433,27.771666666666665,30.760625,25.403645833333332,80.99666666666667,1.1514583333333333,7.283020833333333,3.8350000000000004,5.019135789473684,70.736,100.30020833333333,7
5434,25.50572916666667,31.134270833333332,21.916354166666665,86.10364583333335,1.12625,7.034166666666667,2.926458333333333,5.019135789473684,70.736,97.4740625,10
5435,25.50572916666667,31.134270833333332,21.916354166666665,86.10364583333335,1.12625,7.034166666666667,2.926458333333333,5.019135789473684,70.736,97.4740625,7
5436,27.771666666666665,30.760625,25.403645833333332,80.99666666666667,1.1514583333333333,7.283020833333333,3.8350000000000004,5.147408421052631,72.44231578947368,100.30020833333333,12
5437,26.531458333333333,30.7121875,23.78697916666667,84.15510416666667,1.1369791666666667,7.308333333333334,4.199791666666667,5.110410526315789,72.76905263157894,98.64968750000001,7
5438,27.771666666666665,30.760625,25.403645833333332,80.99666666666667,1.1514583333333333,7.283020833333333,3.8350000000000004,5.019135789473684,70.736,100.30020833333333,6
5439,25.50572916666667,31.134270833333332,21.916354166666665,86.10364583333335,1.12625,7.034166666666667,2.926458333333333,5.019135789473684,70.736,97.4740625,19
5440,25.50572916666667,31.134270833333332,21.916354166666665,86.10364583333335,1.12625,7.034166666666667,2.926458333333333,5.019135789473684,70.736,97.4740625,20
5441,28.129270833333333,29.9028125,26.541770833333334,80.19552083333333,1.1517708333333332,4.7325,4.4546874999999995,5.0051305263157895,77.13547368421052,100.44583333333333,11
5442,28.389479166666664,29.724895833333335,26.896770833333335,80.76541666666667,1.1568749999999999,7.804270833333334,5.285208333333333,5.361576842105263,71.5821052631579,100.95135416666666,4
5443,28.283020833333335,29.492604166666666,26.907916666666665,81.03802083333333,1.155625,6.575937499999999,5.2165625,5.075308421052632,74.23178947368422,100.86135416666667,5
5444,28.459374999999998,29.629791666666666,27.089270833333334,80.29145833333334,1.155625,5.835208333333333,4.7303125,5.118437894736842,77.02084210526316,100.88333333333333,4
5445,28.124479166666664,30.293958333333336,26.30666666666667,80.18375,1.1513541666666665,5.0059375,4.274583333333333,4.966873684210526,77.63705263157894,100.45187499999999,10
5446,27.71947916666667,29.8671875,25.908125,80.37322916666666,1.1469791666666664,4.7459375,4.196979166666667,4.966873684210526,77.63705263157894,99.80947916666666,6
5447,28.346145833333335,30.964791666666667,26.03197916666667,78.30427083333333,1.1520833333333333,7.112708333333334,4.965729166666667,5.350315789473684,70.30557894736842,100.5540625,13
5448,28.3078125,29.50979166666667,26.856666666666666,81.235,1.1583333333333332,5.350937500000001,4.849479166666667,5.317347368421053,78.34242105263158,100.93447916666666,3
5449,28.346145833333335,30.964791666666667,26.03197916666667,78.30427083333333,1.1520833333333333,7.112708333333334,4.965729166666667,5.361576842105263,71.5821052631579,100.5540625,17
5450,28.346145833333335,30.964791666666667,26.03197916666667,78.30427083333333,1.1520833333333333,7.112708333333334,4.965729166666667,5.361576842105263,71.5821052631579,100.5540625,39
5451,28.389479166666664,29.724895833333335,26.896770833333335,80.76541666666667,1.1568749999999999,7.804270833333334,5.285208333333333,5.328472631578948,74.77042105263158,100.95135416666666,5
5452,28.283020833333335,29.492604166666666,26.907916666666665,81.03802083333333,1.155625,6.575937499999999,5.2165625,5.075308421052632,74.23178947368422,100.86135416666667,18
5453,28.499375,29.683541666666667,26.981145833333333,79.8871875,1.155,5.539166666666667,5.344270833333333,5.240429473684211,74.042,100.875625,6
5454,28.312812500000003,29.2934375,26.949479166666666,82.06010416666668,1.1565625,5.62625,6.228020833333333,5.175254736842105,75.25915789473684,100.93864583333334,6
5455,28.4103125,29.724375,26.88208333333333,80.22,1.1547916666666664,6.692395833333333,5.503854166666667,5.240429473684211,74.042,100.85572916666666,26
5456,28.389479166666664,29.724895833333335,26.896770833333335,80.76541666666667,1.1568749999999999,7.804270833333334,5.285208333333333,5.328472631578948,74.77042105263158,100.95135416666666,31
5457,27.903333333333332,30.163749999999997,26.014062499999998,79.37125,1.1463541666666666,4.828125,4.324583333333334,5.0051305263157895,77.13547368421052,99.85270833333334,8
5458,28.06385416666667,30.64,26.0675,79.4121875,1.15,4.953854166666667,4.471770833333333,5.0051305263157895,77.13547368421052,100.17989583333333,36
5459,27.71947916666667,29.8671875,25.908125,80.37322916666666,1.1469791666666664,4.7459375,4.196979166666667,5.2212421052631575,76.99936842105262,99.80947916666666,15
5460,28.197083333333335,30.3690625,26.386770833333333,78.90229166666667,1.1496875,4.891041666666667,4.3528125,5.2212421052631575,76.99936842105262,100.16531250000001,6
5461,28.058229166666667,30.896666666666665,25.9328125,79.79531250000001,1.1517708333333332,5.366145833333333,4.8315624999999995,5.075308421052632,74.23178947368422,100.43885416666666,4
5462,28.058229166666667,30.896666666666665,25.9328125,79.79531250000001,1.1517708333333332,5.366145833333333,4.8315624999999995,5.075308421052632,74.2317894736842,100.43885416666666,13
5463,27.71947916666667,29.8671875,25.908125,80.37322916666666,1.1469791666666664,4.7459375,4.196979166666667,5.105934736842105,76.93842105263157,99.80947916666666,20
5464,28.3471875,30.13927083333333,26.672291666666666,79.788125,1.153125,5.5365625,5.26375,5.075308421052632,74.2317894736842,100.71114583333333,6
5465,28.231145833333333,29.944166666666664,26.647499999999997,80.8559375,1.1552083333333332,6.9521875,5.3903125,5.207246315789473,74.3438947368421,100.84895833333333,8
5466,28.2909375,29.985833333333332,26.709895833333334,80.59895833333333,1.1564583333333334,6.559583333333333,5.215833333333333,5.207246315789473,74.3438947368421,100.91760416666666,11
5467,27.988229166666667,29.755208333333332,26.248229166666665,81.16364583333333,1.1524999999999999,7.9025,5.4589583333333325,5.207246315789473,74.3438947368421,100.37,7
5468,28.231145833333333,29.944166666666664,26.647499999999997,80.8559375,1.1552083333333332,6.9521875,5.3903125,5.207246315789473,74.3438947368421,100.84895833333333,5
5469,28.2909375,29.985833333333332,26.709895833333334,80.59895833333333,1.1564583333333334,6.559583333333333,5.215833333333333,5.110410526315789,72.76905263157896,100.91760416666666,0
5470,28.2909375,29.985833333333332,26.709895833333334,80.59895833333333,1.1564583333333334,6.559583333333333,5.215833333333333,5.207246315789473,74.3438947368421,100.91760416666666,14
5471,28.231145833333333,29.944166666666664,26.647499999999997,80.8559375,1.1552083333333332,6.9521875,5.3903125,5.110410526315789,72.76905263157896,100.84895833333333,4
5472,28.231145833333333,29.944166666666664,26.647499999999997,80.8559375,1.1552083333333332,6.9521875,5.3903125,5.110410526315789,72.76905263157894,100.84895833333333,5
5473,27.988229166666667,29.755208333333332,26.248229166666665,81.16364583333333,1.1524999999999999,7.9025,5.4589583333333325,5.207246315789473,74.3438947368421,100.37,7
5474,28.231145833333333,29.944166666666664,26.647499999999997,80.8559375,1.1552083333333332,6.9521875,5.3903125,5.110410526315789,72.76905263157894,100.84895833333333,8
5475,27.988229166666667,29.755208333333332,26.248229166666665,81.16364583333333,1.1524999999999999,7.9025,5.4589583333333325,5.207246315789473,74.3438947368421,100.37,5
5476,28.231145833333333,29.944166666666664,26.647499999999997,80.8559375,1.1552083333333332,6.9521875,5.3903125,5.207246315789473,74.3438947368421,100.84895833333333,6
5477,28.231145833333333,29.944166666666664,26.647499999999997,80.8559375,1.1552083333333332,6.9521875,5.3903125,5.207246315789473,74.3438947368421,100.84895833333333,6
5478,27.988229166666667,29.755208333333332,26.248229166666665,81.16364583333333,1.1524999999999999,7.9025,5.458958333333334,5.207246315789473,74.3438947368421,100.37,9
5479,28.06458333333333,29.822708333333335,26.410208333333333,81.95364583333334,1.1541666666666666,7.985729166666666,5.655729166666667,5.110410526315789,72.76905263157896,100.72927083333333,14
5480,28.06458333333333,29.822708333333335,26.410208333333333,81.95364583333334,1.1541666666666666,7.985729166666666,5.655729166666667,5.110410526315789,72.76905263157894,100.72927083333333,5
5481,28.231145833333333,29.944166666666664,26.647499999999997,80.8559375,1.1552083333333332,6.9521875,5.3903125,5.207246315789473,74.3438947368421,100.84895833333333,9
5482,27.278958333333335,30.0096875,24.991979166666667,82.70822916666667,1.1479166666666665,10.059270833333334,5.0008333333333335,4.910030526315789,68.59378947368421,99.86114583333334,5
5483,26.9140625,31.54104166666667,23.8084375,84.83322916666667,1.1501041666666667,9.3496875,3.7817708333333333,4.910030526315789,68.59378947368421,99.9765625,129
5484,27.278958333333335,30.0096875,24.991979166666667,82.70822916666667,1.1479166666666665,10.059270833333334,5.0008333333333335,4.910030526315789,68.59378947368421,99.86114583333334,34
5486,26.9140625,31.54104166666667,23.8084375,84.83322916666667,1.1501041666666667,9.3496875,3.7817708333333333,4.910030526315789,68.59378947368421,99.9765625,73
5487,26.9140625,31.54104166666667,23.8084375,84.83322916666667,1.1501041666666667,9.3496875,3.7817708333333333,4.910030526315789,68.59378947368421,99.9765625,38
5488,26.9140625,31.54104166666667,23.8084375,84.83322916666667,1.1501041666666667,9.3496875,3.7817708333333333,4.910030526315789,68.59378947368421,99.9765625,11
5489,27.457083333333333,31.472604166666667,24.251770833333335,81.84239583333333,1.1524999999999999,9.3003125,4.866041666666667,4.910030526315789,68.59378947368421,100.32260416666666,14
5490,27.278958333333335,30.0096875,24.991979166666667,82.70822916666667,1.1479166666666665,10.059270833333334,5.0008333333333335,4.910030526315789,68.59378947368421,99.86114583333334,11
5491,27.278958333333335,30.0096875,24.991979166666667,82.70822916666667,1.1479166666666665,10.059270833333334,5.0008333333333335,4.910030526315789,68.59378947368421,99.86114583333334,7
5492,26.9140625,31.54104166666667,23.8084375,84.83322916666667,1.1501041666666667,9.3496875,3.7817708333333333,4.910030526315789,68.59378947368421,99.9765625,19
5493,27.278958333333335,30.0096875,24.991979166666667,82.70822916666667,1.1479166666666665,10.059270833333333,5.0008333333333335,4.910030526315789,68.59378947368421,99.86114583333334,35
5494,26.9140625,31.54104166666667,23.8084375,84.83322916666667,1.1501041666666667,9.3496875,3.7817708333333333,4.910030526315789,68.59378947368421,99.9765625,5
5495,27.278958333333335,30.0096875,24.991979166666667,82.70822916666667,1.1479166666666665,10.059270833333334,5.0008333333333335,4.910030526315789,68.59378947368421,99.86114583333334,26
5496,28.286041666666666,29.6771875,26.874062499999997,81.39552083333334,1.1570833333333332,10.000520833333333,5.815729166666666,5.094541052631579,70.21852631578948,100.97208333333333,5
5497,26.9140625,31.54104166666667,23.8084375,84.83322916666667,1.1501041666666667,9.3496875,3.7817708333333333,4.910030526315789,68.59378947368421,99.9765625,19
5498,27.278958333333335,30.0096875,24.991979166666667,82.70822916666667,1.1479166666666665,10.059270833333334,5.0008333333333335,4.910030526315789,68.59378947368421,99.86114583333334,10
5499,27.278958333333335,30.0096875,24.991979166666667,82.70822916666667,1.1479166666666665,10.059270833333334,5.0008333333333335,4.910030526315789,68.59378947368421,99.86114583333334,11
5500,27.7975,30.618854166666665,25.5578125,81.03375,1.1535416666666667,10.032291666666667,5.718541666666667,4.924152631578948,77.21978947368422,100.48031250000001,14
5501,28.127708333333334,29.817083333333333,26.55479166666667,81.1375,1.1575,8.844687500000001,5.986145833333333,4.924152631578948,77.21978947368422,100.93374999999999,3
5502,27.7975,30.618854166666665,25.5578125,81.03375,1.1535416666666667,10.032291666666667,5.718541666666667,4.924152631578947,77.21978947368422,100.48031250000001,14
5503,28.127708333333334,29.817083333333333,26.55479166666667,81.1375,1.1575,8.844687500000001,5.986145833333333,4.924152631578948,77.21978947368422,100.93374999999999,5
5504,27.7975,30.618854166666665,25.5578125,81.03375,1.1535416666666667,10.032291666666667,5.718541666666667,4.924152631578947,77.21978947368422,100.48031250000001,19
5505,27.7975,30.618854166666665,25.5578125,81.03375,1.1535416666666667,10.032291666666667,5.718541666666667,5.266742105263158,73.10905263157895,100.48031250000001,6
5506,28.127708333333334,29.817083333333333,26.55479166666667,81.1375,1.1575,8.844687500000001,5.986145833333333,4.924152631578948,77.21978947368422,100.93374999999999,5
5508,27.7975,30.618854166666665,25.5578125,81.03375,1.1535416666666667,10.032291666666667,5.718541666666667,4.924152631578948,77.21978947368422,100.48031250000001,38
5509,27.143854166666667,31.0915625,24.132291666666664,82.51583333333333,1.1484374999999998,9.993645833333334,5.145625,4.924152631578948,77.21978947368422,99.91979166666665,40
5510,27.7975,30.618854166666665,25.5578125,81.03375,1.1535416666666667,10.032291666666667,5.718541666666667,4.924152631578947,77.21978947368422,100.48031250000001,13
5511,27.7975,30.618854166666665,25.5578125,81.03375,1.1535416666666667,10.032291666666667,5.718541666666667,4.924152631578948,77.21978947368422,100.48031250000001,8
5512,27.457083333333333,31.472604166666667,24.251770833333335,81.84239583333333,1.1524999999999999,9.3003125,4.866041666666667,4.910030526315789,68.59378947368421,100.32260416666666,13
5513,27.457083333333333,31.472604166666667,24.251770833333335,81.84239583333333,1.1524999999999999,9.3003125,4.866041666666667,4.910030526315789,68.59378947368421,100.32260416666666,13
5514,27.457083333333333,31.472604166666667,24.251770833333335,81.84239583333333,1.1524999999999999,9.3003125,4.866041666666667,4.910030526315789,68.59378947368421,100.32260416666666,12
5515,27.457083333333333,31.472604166666667,24.251770833333335,81.84239583333333,1.1524999999999999,9.3003125,4.866041666666667,4.910030526315789,68.59378947368421,100.32260416666666,6
5516,27.278958333333335,30.0096875,24.991979166666667,82.70822916666667,1.1479166666666665,10.059270833333334,5.0008333333333335,4.910030526315789,68.59378947368421,99.86114583333334,87
5517,27.457083333333333,31.472604166666667,24.251770833333335,81.84239583333333,1.1524999999999999,9.3003125,4.866041666666667,4.910030526315789,68.59378947368421,100.32260416666666,11
5518,27.457083333333333,31.472604166666667,24.251770833333335,81.84239583333333,1.1524999999999999,9.3003125,4.866041666666667,4.910030526315789,68.59378947368421,100.32260416666666,4
5519,27.457083333333333,31.472604166666667,24.251770833333335,81.84239583333333,1.1524999999999999,9.3003125,4.866041666666667,4.910030526315789,68.59378947368421,100.32260416666666,4
5520,27.457083333333333,31.472604166666667,24.251770833333335,81.84239583333333,1.1524999999999999,9.3003125,4.866041666666667,4.910030526315789,68.59378947368421,100.32260416666666,5
5521,27.457083333333333,31.472604166666667,24.251770833333335,81.84239583333333,1.1524999999999999,9.3003125,4.866041666666667,4.910030526315789,68.59378947368421,100.32260416666666,6
5522,27.931458333333335,29.902708333333333,26.156458333333333,81.29364583333333,1.1541666666666666,9.626458333333334,5.738958333333334,4.910030526315789,68.59378947368421,100.5496875,15
5523,27.143854166666667,31.0915625,24.132291666666664,82.51583333333333,1.1484374999999998,9.993645833333334,5.145625,5.09982,69.86357894736842,99.91979166666665,9
5524,27.457083333333333,31.472604166666667,24.251770833333335,81.84239583333333,1.1524999999999999,9.3003125,4.866041666666667,4.910030526315789,68.59378947368421,100.32260416666666,3
5525,27.931458333333335,29.902708333333333,26.156458333333333,81.29364583333333,1.1541666666666666,9.626458333333334,5.738958333333334,4.910030526315789,68.59378947368421,100.5496875,4
5526,27.278958333333335,30.0096875,24.991979166666667,82.70822916666667,1.1479166666666665,10.059270833333334,5.0008333333333335,4.910030526315789,68.59378947368421,99.86114583333334,75
5527,27.457083333333333,31.472604166666667,24.251770833333335,81.84239583333333,1.1524999999999999,9.3003125,4.866041666666667,4.910030526315789,68.59378947368421,100.32260416666666,17
5528,27.278958333333335,30.0096875,24.991979166666667,82.70822916666667,1.1479166666666665,10.059270833333334,5.0008333333333335,4.910030526315789,68.59378947368421,99.86114583333334,15
5529,27.457083333333333,31.472604166666667,24.251770833333335,81.84239583333333,1.1524999999999999,9.3003125,4.866041666666667,4.910030526315789,68.59378947368421,100.32260416666666,6
5530,27.7975,30.618854166666665,25.5578125,81.03375,1.1535416666666667,10.032291666666667,5.718541666666667,5.09982,69.86357894736842,100.48031250000001,23
5531,27.457083333333333,31.472604166666667,24.251770833333335,81.84239583333333,1.1524999999999999,9.3003125,4.866041666666667,4.910030526315789,68.59378947368421,100.32260416666666,5
5532,27.457083333333333,31.472604166666667,24.251770833333335,81.84239583333333,1.1524999999999999,9.3003125,4.866041666666667,4.910030526315789,68.59378947368421,100.32260416666666,5
5533,27.457083333333333,31.472604166666667,24.251770833333335,81.84239583333333,1.1524999999999999,9.3003125,4.866041666666667,4.910030526315789,68.59378947368421,100.32260416666666,4
5534,27.457083333333333,31.472604166666667,24.251770833333335,81.84239583333333,1.1524999999999999,9.3003125,4.866041666666667,4.910030526315789,68.59378947368421,100.32260416666666,13
5535,27.457083333333333,31.472604166666667,24.251770833333335,81.84239583333333,1.1524999999999999,9.3003125,4.866041666666667,4.910030526315789,68.59378947368421,100.32260416666666,9
5536,27.457083333333333,31.472604166666667,24.251770833333335,81.84239583333333,1.1524999999999999,9.3003125,4.866041666666667,4.910030526315789,68.59378947368421,100.32260416666666,49
5537,27.457083333333333,31.472604166666667,24.251770833333335,81.84239583333333,1.1524999999999999,9.3003125,4.866041666666667,4.910030526315789,68.59378947368421,100.32260416666666,8
5538,27.457083333333333,31.472604166666667,24.251770833333335,81.84239583333333,1.1524999999999999,9.3003125,4.866041666666667,4.910030526315789,68.59378947368421,100.32260416666666,37
5539,27.457083333333333,31.472604166666667,24.251770833333335,81.84239583333333,1.1524999999999999,9.3003125,4.866041666666667,4.910030526315789,68.59378947368421,100.32260416666666,34
5541,27.143854166666667,31.0915625,24.132291666666664,82.51583333333333,1.1484374999999998,9.993645833333334,5.145625,5.09982,69.86357894736842,99.91979166666665,6
5542,27.278958333333335,30.0096875,24.991979166666667,82.70822916666667,1.1479166666666665,10.059270833333334,5.0008333333333335,4.910030526315789,68.59378947368421,99.86114583333334,12
5543,27.457083333333333,31.472604166666667,24.251770833333335,81.84239583333333,1.1524999999999999,9.3003125,4.866041666666667,4.910030526315789,68.59378947368421,100.32260416666666,7
5544,27.278958333333335,30.0096875,24.991979166666667,82.70822916666667,1.1479166666666665,10.059270833333334,5.0008333333333335,4.910030526315789,68.59378947368421,99.86114583333334,35
5545,27.7975,30.618854166666665,25.5578125,81.03375,1.1535416666666667,10.032291666666667,5.718541666666667,5.09982,69.86357894736842,100.48031250000001,17
5546,27.7975,30.618854166666665,25.5578125,81.03375,1.1535416666666667,10.032291666666667,5.718541666666667,5.266742105263158,73.10905263157895,100.48031250000001,19
5547,27.278958333333335,30.0096875,24.991979166666667,82.70822916666667,1.1479166666666665,10.059270833333334,5.0008333333333335,4.910030526315789,68.59378947368421,99.86114583333334,64
5548,27.7975,30.618854166666665,25.5578125,81.03375,1.1535416666666667,10.032291666666667,5.718541666666667,4.910030526315789,68.59378947368421,100.48031250000001,5
5549,27.99354166666667,29.776875,26.318541666666665,81.50875,1.1546874999999999,9.892291666666667,5.956666666666667,5.094541052631579,70.21852631578948,100.62885416666667,3
5550,27.740520833333335,29.651145833333334,25.993125000000003,82.31895833333333,1.1522916666666665,9.987083333333333,5.8034375,5.094541052631579,70.21852631578948,100.27291666666667,4
5551,27.740520833333335,29.651145833333334,25.993125000000003,82.31895833333333,1.1522916666666665,9.987083333333333,5.8034375,5.094541052631579,70.21852631578948,100.27291666666667,7
5552,27.99354166666667,29.776875,26.318541666666665,81.50875,1.1546874999999999,9.892291666666667,5.956666666666667,5.094541052631579,70.21852631578948,100.62885416666667,5
5553,27.99354166666667,29.776875,26.318541666666665,81.50875,1.1546874999999999,9.892291666666667,5.956666666666667,5.094541052631579,70.21852631578948,100.62885416666667,6
5554,27.99354166666667,29.776875,26.318541666666665,81.50875,1.1546874999999999,9.892291666666667,5.956666666666667,5.28066,72.31063157894737,100.62885416666667,3
5555,27.99354166666667,29.776875,26.318541666666665,81.50875,1.1546874999999999,9.892291666666667,5.956666666666667,5.094541052631579,70.21852631578948,100.62885416666667,6
5556,27.740520833333335,29.651145833333334,25.993125000000003,82.31895833333333,1.1522916666666665,9.987083333333333,5.8034375,5.094541052631579,70.21852631578948,100.27291666666667,4
5557,27.740520833333335,29.651145833333334,25.993125000000003,82.31895833333333,1.1522916666666665,9.987083333333333,5.8034375,5.094541052631579,70.21852631578948,100.27291666666667,21
5558,27.99354166666667,29.776875,26.318541666666665,81.50875,1.1546874999999999,9.892291666666667,5.956666666666667,5.094541052631579,70.21852631578948,100.62885416666667,6
5559,27.740520833333335,29.651145833333334,25.993125000000003,82.31895833333333,1.1522916666666665,9.987083333333333,5.8034375,5.094541052631579,70.21852631578948,100.27291666666667,7
5560,28.244791666666668,30.390833333333333,26.385729166666668,81.0521875,1.1554166666666665,8.0825,5.342395833333334,5.105895789473684,74.19736842105263,100.86395833333334,6
5561,27.595416666666665,30.819999999999997,25.310729166666665,83.92979166666667,1.1544791666666667,8.263229166666667,4.182708333333333,5.105895789473684,74.19736842105263,100.61770833333333,8
5562,28.296666666666667,30.171458333333334,26.5759375,81.18927083333334,1.155625,7.3115625,5.4011458333333335,5.105895789473684,74.19736842105263,100.90291666666667,10
5563,27.595416666666665,30.819999999999997,25.310729166666665,83.92979166666667,1.1544791666666667,8.263229166666667,4.182708333333333,5.105895789473684,74.19736842105263,100.61770833333333,22
5564,27.831979166666667,30.58604166666667,25.619583333333335,82.90614583333333,1.154375,7.126874999999999,4.511666666666667,5.264636842105263,77.99389473684211,100.68083333333334,27
5565,27.831979166666667,30.58604166666667,25.619583333333335,82.90614583333333,1.154375,7.126874999999999,4.511666666666667,5.264636842105263,77.99389473684211,100.68083333333334,9
5566,28.119375,30.434479166666666,26.116979166666667,81.05541666666666,1.1548958333333332,7.9675,5.156354166666667,5.105895789473684,74.19736842105263,100.81833333333333,9
5567,27.831979166666667,30.58604166666667,25.619583333333335,82.90614583333333,1.154375,7.126874999999999,4.511666666666667,5.105895789473684,74.19736842105263,100.68083333333334,6
5568,28.341041666666666,30.06177083333333,26.748541666666668,80.94604166666666,1.1559375,6.676145833333333,5.062604166666667,5.046026315789474,77.4598947368421,100.93374999999999,10
5569,28.296666666666667,30.171458333333334,26.5759375,81.18927083333334,1.155625,7.3115625,5.4011458333333335,5.105895789473684,74.19736842105263,100.90291666666667,7
5570,27.595416666666665,30.819999999999997,25.310729166666665,83.92979166666667,1.1544791666666667,8.263229166666667,4.182708333333333,5.105895789473684,74.19736842105263,100.61770833333333,13
5571,27.831979166666667,30.58604166666667,25.619583333333335,82.90614583333333,1.154375,7.126874999999999,4.511666666666667,5.105895789473684,74.19736842105263,100.68083333333334,7
5572,27.595416666666665,30.819999999999997,25.310729166666665,83.92979166666667,1.1544791666666667,8.263229166666667,4.182708333333333,5.105895789473684,74.19736842105263,100.61770833333333,23
5573,27.595416666666665,30.819999999999997,25.310729166666665,83.92979166666667,1.1544791666666667,8.263229166666667,4.182708333333333,5.105895789473684,74.19736842105263,100.61770833333333,6
5574,27.831979166666667,30.58604166666667,25.619583333333335,82.90614583333333,1.154375,7.126874999999999,4.511666666666667,5.105895789473684,74.19736842105263,100.68083333333334,7
5575,27.831979166666667,30.58604166666667,25.619583333333335,82.90614583333333,1.154375,7.126874999999999,4.511666666666667,5.046026315789474,77.4598947368421,100.68083333333334,21
5576,27.831979166666667,30.58604166666667,25.619583333333335,82.90614583333333,1.154375,7.126874999999999,4.511666666666667,5.264636842105263,77.99389473684211,100.68083333333334,6
5577,27.595416666666665,30.819999999999997,25.310729166666665,83.92979166666667,1.1544791666666667,8.263229166666667,4.182708333333333,5.105895789473684,74.19736842105263,100.61770833333333,5
5578,27.595416666666665,30.819999999999997,25.310729166666665,83.92979166666667,1.1544791666666667,8.263229166666667,4.182708333333333,5.105895789473684,74.19736842105263,100.61770833333333,10
5579,28.119375,30.434479166666666,26.116979166666667,81.05541666666666,1.1548958333333332,7.9675,5.156354166666667,5.09982,69.86357894736842,100.81833333333333,10
5580,27.831979166666667,30.58604166666667,25.619583333333335,82.90614583333333,1.154375,7.126874999999999,4.511666666666667,5.105895789473684,74.19736842105263,100.68083333333334,10
5581,28.286041666666666,29.6771875,26.874062499999997,81.39552083333334,1.1570833333333332,10.000520833333333,5.815729166666666,4.996752631578947,72.05905263157895,100.97208333333333,6
5582,27.595416666666665,30.819999999999997,25.310729166666665,83.92979166666667,1.1544791666666667,8.263229166666667,4.182708333333333,5.105895789473684,74.19736842105263,100.61770833333333,7
5583,28.286041666666666,29.6771875,26.874062499999997,81.39552083333334,1.1570833333333332,10.000520833333333,5.815729166666666,4.996752631578947,72.05905263157895,100.97208333333333,9
5584,26.9140625,31.54104166666667,23.8084375,84.83322916666667,1.1501041666666667,9.3496875,3.7817708333333333,4.996752631578947,72.05905263157895,99.9765625,7
5585,26.9140625,31.54104166666667,23.8084375,84.83322916666667,1.1501041666666667,9.3496875,3.7817708333333333,5.105895789473684,74.19736842105263,99.9765625,29
5586,26.9140625,31.54104166666667,23.8084375,84.83322916666667,1.1501041666666667,9.3496875,3.7817708333333333,5.105895789473684,74.19736842105263,99.9765625,6
5587,28.286041666666666,29.6771875,26.874062499999997,81.39552083333334,1.1570833333333332,10.000520833333333,5.815729166666666,4.996752631578947,72.05905263157895,100.97208333333333,6
5588,27.595416666666665,30.819999999999997,25.310729166666665,83.92979166666667,1.1544791666666667,8.263229166666667,4.182708333333333,4.996752631578947,72.05905263157895,100.61770833333333,41
5589,26.9140625,31.54104166666667,23.8084375,84.83322916666667,1.1501041666666667,9.3496875,3.7817708333333333,5.105895789473684,74.19736842105263,99.9765625,12
5590,26.9140625,31.54104166666667,23.8084375,84.83322916666667,1.1501041666666667,9.3496875,3.7817708333333333,5.105895789473684,74.19736842105263,99.9765625,5
5591,27.162604166666668,32.03625,24.309375,84.9415625,1.153125,8.202187499999999,3.396770833333333,4.996752631578947,72.05905263157895,100.27645833333334,3
5592,26.9140625,31.54104166666667,23.8084375,84.83322916666667,1.1501041666666667,9.3496875,3.7817708333333333,5.105895789473684,74.19736842105263,99.9765625,6
5593,28.286041666666666,29.6771875,26.874062499999997,81.39552083333334,1.1570833333333332,10.000520833333333,5.815729166666666,5.094541052631579,70.21852631578948,100.97208333333333,6
5594,27.162604166666668,32.03625,24.309375,84.9415625,1.153125,8.202187499999999,3.396770833333333,4.996752631578947,72.05905263157895,100.27645833333334,4
5595,26.9140625,31.54104166666667,23.8084375,84.83322916666667,1.1501041666666667,9.3496875,3.7817708333333333,4.996752631578947,72.05905263157895,99.9765625,5
5596,26.894270833333334,31.276458333333334,23.8059375,84.50489583333334,1.1454166666666665,7.811145833333334,3.5653124999999997,4.910195789473684,75.07610526315788,99.63437499999999,12
5597,26.894270833333334,31.276458333333334,23.8059375,84.50489583333334,1.1454166666666665,7.811145833333334,3.5653124999999997,4.910195789473684,75.0761052631579,99.63437499999999,9
5598,26.894270833333334,31.276458333333334,23.8059375,84.50489583333334,1.1454166666666665,7.811145833333334,3.5653124999999997,4.910195789473684,75.0761052631579,99.63437499999999,19
5599,26.894270833333334,31.276458333333334,23.8059375,84.50489583333334,1.1454166666666665,7.811145833333334,3.5653124999999997,4.910195789473684,75.0761052631579,99.63437499999999,7
5600,28.06458333333333,29.822708333333335,26.410208333333333,81.95364583333334,1.1541666666666666,7.985729166666666,5.655729166666667,5.340390526315789,73.3577894736842,100.72927083333333,0
5601,28.06458333333333,29.822708333333335,26.410208333333333,81.95364583333334,1.1541666666666666,7.985729166666666,5.655729166666667,4.910195789473684,75.0761052631579,100.72927083333333,5
5602,26.894270833333334,31.276458333333334,23.8059375,84.50489583333334,1.1454166666666665,7.811145833333334,3.5653124999999997,4.910195789473684,75.0761052631579,99.63437499999999,9
5603,26.894270833333334,31.276458333333334,23.8059375,84.50489583333334,1.1454166666666665,7.811145833333334,3.5653124999999997,4.910195789473684,75.0761052631579,99.63437499999999,17
5604,26.894270833333334,31.276458333333334,23.8059375,84.50489583333334,1.1454166666666665,7.811145833333334,3.5653124999999997,4.910195789473684,75.07610526315788,99.63437499999999,54
5605,26.894270833333334,31.276458333333334,23.8059375,84.50489583333334,1.1454166666666665,7.811145833333334,3.5653124999999997,4.910195789473684,75.07610526315788,99.63437499999999,40
5606,26.894270833333334,31.276458333333334,23.8059375,84.50489583333334,1.1454166666666665,7.811145833333334,3.5653124999999997,4.910195789473684,75.07610526315788,99.63437499999999,10
5607,28.06458333333333,29.822708333333335,26.410208333333333,81.95364583333334,1.1541666666666666,7.985729166666666,5.655729166666667,5.340390526315789,73.3577894736842,100.72927083333333,7
5608,26.894270833333334,31.276458333333334,23.8059375,84.50489583333334,1.1454166666666665,7.811145833333334,3.5653124999999997,4.910195789473684,75.07610526315788,99.63437499999999,22
5609,28.06458333333333,29.822708333333335,26.410208333333333,81.95364583333334,1.1541666666666666,7.985729166666666,5.655729166666667,4.910195789473684,75.07610526315788,100.72927083333333,6
5610,26.894270833333334,31.276458333333334,23.8059375,84.50489583333334,1.1454166666666665,7.811145833333334,3.5653124999999997,4.910195789473684,75.07610526315788,99.63437499999999,6
5611,26.894270833333334,31.276458333333334,23.8059375,84.50489583333334,1.1454166666666665,7.811145833333334,3.5653124999999997,4.910195789473684,75.0761052631579,99.63437499999999,11
5612,28.2946875,29.739375,26.731770833333332,81.0590625,1.1561458333333332,7.276770833333333,5.3914583333333335,4.910195789473684,75.07610526315788,100.8959375,6
5613,28.37125,30.597395833333334,26.471145833333335,80.22854166666666,1.1532291666666665,7.4171875,4.746875,5.328472631578948,74.77042105263158,100.73385416666667,5
5614,28.160104166666667,30.92833333333333,25.9809375,80.17104166666667,1.1509375,7.92875,4.642708333333333,4.910195789473684,75.0761052631579,100.36510416666665,8
5615,28.160104166666667,30.92833333333333,25.9809375,80.17104166666667,1.1509375,7.92875,4.642708333333333,5.328472631578948,74.77042105263158,100.36510416666665,10
5616,28.160104166666667,30.92833333333333,25.9809375,80.17104166666667,1.1509375,7.92875,4.642708333333333,4.910195789473684,75.0761052631579,100.36510416666665,21
5617,28.18041666666667,29.838333333333335,26.541458333333335,81.4890625,1.1544791666666667,7.971145833333334,5.756041666666667,5.340390526315789,73.3577894736842,100.79614583333334,0
5618,27.981458333333332,30.290520833333332,26.07614583333333,81.52489583333333,1.151875,8.497916666666667,5.116666666666666,4.910195789473684,75.07610526315788,100.35322916666667,4
5619,28.37125,30.597395833333334,26.471145833333335,80.22854166666666,1.1532291666666665,7.4171875,4.746875,5.328472631578948,74.77042105263158,100.73385416666667,9
5620,28.160104166666667,30.92833333333333,25.9809375,80.17104166666667,1.1509375,7.92875,4.642708333333333,4.910195789473684,75.0761052631579,100.36510416666665,8
5621,28.06458333333333,29.822708333333335,26.410208333333333,81.95364583333334,1.1541666666666666,7.985729166666666,5.655729166666667,5.340390526315789,73.3577894736842,100.72927083333333,9
5622,27.981458333333332,30.290520833333332,26.07614583333333,81.52489583333333,1.151875,8.497916666666667,5.116666666666666,4.910195789473684,75.07610526315788,100.35322916666667,6
5623,28.160104166666667,30.92833333333333,25.9809375,80.17104166666667,1.1509375,7.92875,4.642708333333333,5.328472631578948,74.77042105263158,100.36510416666665,14
5624,28.37125,30.597395833333334,26.471145833333335,80.22854166666666,1.1532291666666665,7.4171875,4.746875,5.328472631578948,74.77042105263158,100.73385416666667,19
5625,28.160104166666667,30.92833333333333,25.9809375,80.17104166666667,1.1509375,7.92875,4.642708333333333,5.215564210526315,72.97126315789473,100.36510416666665,106
5626,27.981458333333332,30.290520833333332,26.07614583333333,81.52489583333333,1.151875,8.497916666666667,5.116666666666666,4.910195789473684,75.0761052631579,100.35322916666667,6
5627,28.160104166666667,30.92833333333333,25.9809375,80.17104166666667,1.1509375,7.92875,4.642708333333333,5.215564210526315,72.97126315789473,100.36510416666665,26
5628,27.981458333333332,30.290520833333332,26.07614583333333,81.52489583333333,1.151875,8.497916666666667,5.116666666666666,4.910195789473684,75.0761052631579,100.35322916666667,7
5629,28.37125,30.597395833333334,26.471145833333335,80.22854166666666,1.1532291666666665,7.4171875,4.746875,5.328472631578948,74.77042105263158,100.73385416666667,11
5630,28.160104166666667,30.92833333333333,25.9809375,80.17104166666667,1.1509375,7.92875,4.642708333333333,4.910195789473684,75.0761052631579,100.36510416666665,68
5631,26.894270833333334,31.276458333333334,23.8059375,84.50489583333334,1.1454166666666665,7.811145833333334,3.5653124999999997,4.910195789473684,75.0761052631579,99.63437499999999,18
5632,26.894270833333334,31.276458333333334,23.8059375,84.50489583333334,1.1454166666666665,7.811145833333334,3.5653124999999997,4.910195789473684,75.07610526315788,99.63437499999999,15
5633,26.894270833333334,31.276458333333334,23.8059375,84.50489583333334,1.1454166666666665,7.811145833333334,3.5653124999999997,4.910195789473684,75.07610526315788,99.63437499999999,23
5634,26.894270833333334,31.276458333333334,23.8059375,84.50489583333334,1.1454166666666665,7.811145833333334,3.5653124999999997,4.910195789473684,75.0761052631579,99.63437499999999,28
5635,26.894270833333334,31.276458333333334,23.8059375,84.50489583333334,1.1454166666666665,7.811145833333334,3.5653124999999997,4.910195789473684,75.07610526315788,99.63437499999999,6
5636,26.894270833333334,31.276458333333334,23.8059375,84.50489583333334,1.1454166666666665,7.811145833333334,3.5653124999999997,4.910195789473684,75.07610526315788,99.63437499999999,30
5637,26.894270833333334,31.276458333333334,23.8059375,84.50489583333334,1.1454166666666665,7.811145833333334,3.5653124999999997,4.910195789473684,75.07610526315788,99.63437499999999,14
5638,26.894270833333334,31.276458333333334,23.8059375,84.50489583333334,1.1454166666666665,7.811145833333334,3.5653124999999997,4.910195789473684,75.07610526315788,99.63437499999999,22
5639,26.894270833333334,31.276458333333334,23.8059375,84.50489583333334,1.1454166666666665,7.811145833333334,3.5653124999999997,4.910195789473684,75.07610526315788,99.63437499999999,6
5640,26.894270833333334,31.276458333333334,23.8059375,84.50489583333334,1.1454166666666665,7.811145833333334,3.5653124999999997,4.910195789473684,75.0761052631579,99.63437499999999,13
5641,27.95104166666667,30.416875,25.86510416666667,82.3859375,1.1539583333333332,6.929166666666667,4.677395833333333,4.910195789473684,75.0761052631579,100.7084375,6
5642,27.95104166666667,30.416875,25.86510416666667,82.3859375,1.1539583333333332,6.929166666666667,4.677395833333333,4.910195789473684,75.07610526315788,100.7084375,2
5643,27.95104166666667,30.416875,25.86510416666667,82.3859375,1.1539583333333332,6.929166666666667,4.677395833333333,4.910195789473684,75.07610526315788,100.7084375,9
5644,26.894270833333334,31.276458333333334,23.8059375,84.50489583333334,1.1454166666666665,7.811145833333334,3.5653124999999997,4.910195789473684,75.0761052631579,99.63437499999999,0
5645,26.894270833333334,31.276458333333334,23.8059375,84.50489583333334,1.1454166666666665,7.811145833333334,3.5653124999999997,4.910195789473684,75.07610526315788,99.63437499999999,23
5646,26.894270833333334,31.276458333333334,23.8059375,84.50489583333334,1.1454166666666665,7.811145833333334,3.5653124999999997,4.910195789473684,75.07610526315788,99.63437499999999,16
5647,26.894270833333334,31.276458333333334,23.8059375,84.50489583333334,1.1454166666666665,7.811145833333334,3.5653124999999997,4.910195789473684,75.07610526315788,99.63437499999999,45
5648,27.845208333333332,30.90125,25.452291666666667,82.14885416666667,1.1517708333333332,7.347291666666667,4.542291666666666,5.215564210526315,72.97126315789474,100.39708333333334,72
5649,27.845208333333332,30.90125,25.452291666666667,82.14885416666667,1.1517708333333332,7.347291666666667,4.542291666666666,5.215564210526315,72.97126315789474,100.39708333333334,171
5650,27.845208333333332,30.90125,25.452291666666667,82.14885416666667,1.1517708333333332,7.347291666666667,4.542291666666666,5.215564210526315,72.97126315789474,100.39708333333334,54
5651,27.845208333333332,30.90125,25.452291666666667,82.14885416666667,1.1517708333333332,7.347291666666667,4.542291666666666,5.215564210526315,72.97126315789474,100.39708333333334,5
5652,27.845208333333332,30.90125,25.452291666666667,82.14885416666667,1.1517708333333332,7.347291666666667,4.542291666666666,5.215564210526315,72.97126315789474,100.39708333333334,108
5653,27.167083333333334,30.99875,24.439375,84.25385416666667,1.1468749999999999,7.470520833333333,3.9427083333333335,5.264636842105263,77.99389473684211,99.79572916666666,12
5654,26.22520833333333,31.275833333333335,22.5390625,85.82447916666666,1.1386458333333331,7.765104166666667,3.806979166666667,5.215564210526315,72.97126315789474,98.705625,68
5655,26.22520833333333,31.275833333333335,22.5390625,85.82447916666666,1.1386458333333331,7.765104166666667,3.806979166666667,5.215564210526315,72.97126315789474,98.705625,20
5656,26.22520833333333,31.275833333333335,22.5390625,85.82447916666666,1.1386458333333331,7.765104166666667,3.806979166666667,5.215564210526315,72.97126315789474,98.705625,83
5657,27.95104166666667,30.416875,25.86510416666667,82.3859375,1.1539583333333332,6.929166666666667,4.677395833333333,5.264636842105263,77.99389473684211,100.7084375,10
5658,27.167083333333334,30.99875,24.439375,84.25385416666667,1.1468749999999999,7.470520833333333,3.9427083333333335,4.910195789473684,75.0761052631579,99.79572916666666,7
5659,26.22520833333333,31.275833333333335,22.5390625,85.82447916666666,1.1386458333333331,7.765104166666667,3.806979166666667,5.215564210526315,72.97126315789474,98.705625,16
5660,27.167083333333334,30.99875,24.439375,84.25385416666667,1.1468749999999999,7.470520833333333,3.9427083333333335,4.910195789473684,75.0761052631579,99.79572916666666,13
5661,27.95104166666667,30.416875,25.86510416666667,82.3859375,1.1539583333333332,6.929166666666667,4.677395833333333,5.264636842105263,77.99389473684211,100.7084375,24
5662,26.22520833333333,31.275833333333335,22.5390625,85.82447916666666,1.1386458333333331,7.765104166666667,3.806979166666667,4.910195789473684,75.0761052631579,98.705625,78
5663,26.22520833333333,31.275833333333335,22.5390625,85.82447916666666,1.1386458333333331,7.765104166666667,3.806979166666667,5.215564210526315,72.97126315789474,98.705625,63
5664,26.22520833333333,31.275833333333335,22.5390625,85.82447916666666,1.1386458333333331,7.765104166666667,3.806979166666667,4.910195789473684,75.0761052631579,98.705625,65
5665,27.95104166666667,30.416875,25.86510416666667,82.3859375,1.1539583333333332,6.929166666666667,4.677395833333333,5.264636842105263,77.99389473684211,100.7084375,6
5666,26.22520833333333,31.275833333333335,22.5390625,85.82447916666666,1.1386458333333331,7.765104166666667,3.806979166666667,4.910195789473684,75.07610526315788,98.705625,41
5667,27.167083333333334,30.99875,24.439375,84.25385416666667,1.1468749999999999,7.470520833333333,3.9427083333333335,5.264636842105263,77.99389473684211,99.79572916666666,9
5668,26.22520833333333,31.275833333333335,22.5390625,85.82447916666666,1.1386458333333331,7.765104166666667,3.806979166666667,4.910195789473684,75.0761052631579,98.705625,31
5669,26.22520833333333,31.275833333333335,22.5390625,85.82447916666666,1.1386458333333331,7.765104166666667,3.8069791666666664,4.910195789473684,75.07610526315788,98.705625,50
5670,26.22520833333333,31.275833333333335,22.5390625,85.82447916666666,1.1386458333333331,7.765104166666667,3.8069791666666664,5.215564210526315,72.97126315789474,98.705625,7
5671,27.95104166666667,30.416875,25.86510416666667,82.3859375,1.1539583333333332,6.929166666666667,4.677395833333333,5.264636842105263,77.99389473684211,100.7084375,19
5672,27.845208333333332,30.90125,25.452291666666667,82.14885416666667,1.1517708333333332,7.347291666666667,4.542291666666666,5.215564210526315,72.97126315789474,100.39708333333334,10
5673,27.845208333333332,30.90125,25.452291666666667,82.14885416666667,1.1517708333333332,7.347291666666667,4.542291666666666,5.215564210526315,72.97126315789474,100.39708333333334,49
5674,27.845208333333332,30.90125,25.452291666666667,82.14885416666667,1.1517708333333332,7.347291666666667,4.542291666666666,5.215564210526315,72.97126315789474,100.39708333333334,9
5675,26.22520833333333,31.275833333333335,22.5390625,85.82447916666666,1.1386458333333331,7.765104166666667,3.806979166666667,5.215564210526315,72.97126315789474,98.705625,68
5676,26.22520833333333,31.275833333333335,22.5390625,85.82447916666666,1.1386458333333331,7.765104166666667,3.806979166666667,4.910195789473684,75.07610526315788,98.705625,183
5677,26.22520833333333,31.275833333333335,22.5390625,85.82447916666666,1.1386458333333331,7.765104166666667,3.806979166666667,5.215564210526315,72.97126315789474,98.705625,11
5678,27.167083333333334,30.99875,24.439375,84.25385416666667,1.1468749999999999,7.470520833333333,3.9427083333333335,4.910195789473684,75.07610526315788,99.79572916666666,90
5679,26.22520833333333,31.275833333333335,22.5390625,85.82447916666666,1.1386458333333331,7.765104166666667,3.806979166666667,5.215564210526315,72.97126315789474,98.705625,71
5680,26.22520833333333,31.275833333333335,22.5390625,85.82447916666666,1.1386458333333331,7.765104166666667,3.806979166666667,5.215564210526315,72.97126315789474,98.705625,90
5681,27.845208333333332,30.90125,25.452291666666667,82.14885416666667,1.1517708333333332,7.347291666666667,4.542291666666666,5.215564210526315,72.97126315789473,100.39708333333334,26
5682,26.22520833333333,31.275833333333335,22.5390625,85.82447916666666,1.1386458333333331,7.765104166666667,3.806979166666667,5.215564210526315,72.97126315789474,98.705625,42
5683,26.22520833333333,31.275833333333335,22.5390625,85.82447916666666,1.1386458333333331,7.765104166666667,3.806979166666667,5.215564210526315,72.97126315789473,98.705625,22
5684,27.845208333333332,30.90125,25.452291666666667,82.14885416666667,1.1517708333333332,7.347291666666667,4.542291666666666,5.215564210526315,72.97126315789474,100.39708333333334,7
5685,26.22520833333333,31.275833333333335,22.5390625,85.82447916666666,1.1386458333333331,7.765104166666667,3.806979166666667,5.215564210526315,72.97126315789474,98.705625,19
5686,26.22520833333333,31.275833333333335,22.5390625,85.82447916666666,1.1386458333333331,7.765104166666667,3.806979166666667,5.215564210526315,72.97126315789474,98.705625,29
5687,27.95104166666667,30.416875,25.86510416666667,82.3859375,1.1539583333333332,6.929166666666667,4.677395833333333,5.264636842105263,77.99389473684211,100.7084375,30
5688,26.22520833333333,31.275833333333335,22.5390625,85.82447916666666,1.1386458333333331,7.765104166666667,3.806979166666667,4.910195789473684,75.07610526315788,98.705625,35
5689,28.37125,30.597395833333334,26.471145833333335,80.22854166666666,1.1532291666666665,7.4171875,4.746875,5.215564210526315,72.97126315789474,100.73385416666667,16
5690,26.22520833333333,31.275833333333335,22.5390625,85.82447916666666,1.1386458333333331,7.765104166666667,3.806979166666667,5.215564210526315,72.97126315789474,98.705625,40
5691,27.167083333333334,30.99875,24.439375,84.25385416666667,1.1468749999999999,7.470520833333333,3.9427083333333335,4.910195789473684,75.0761052631579,99.79572916666666,125
5692,26.22520833333333,31.275833333333335,22.5390625,85.82447916666666,1.1386458333333331,7.765104166666667,3.806979166666667,5.215564210526315,72.97126315789474,98.705625,37
5693,27.95104166666667,30.416875,25.86510416666667,82.3859375,1.1539583333333332,6.929166666666667,4.677395833333333,5.264636842105263,77.99389473684211,100.7084375,27
5694,27.845208333333332,30.90125,25.452291666666667,82.14885416666667,1.1517708333333332,7.347291666666667,4.542291666666666,5.215564210526315,72.97126315789474,100.39708333333334,9
5695,26.22520833333333,31.275833333333335,22.5390625,85.82447916666666,1.1386458333333331,7.765104166666667,3.806979166666667,5.215564210526315,72.97126315789474,98.705625,102
5696,26.22520833333333,31.275833333333335,22.5390625,85.82447916666666,1.1386458333333331,7.765104166666667,3.806979166666667,5.215564210526315,72.97126315789474,98.705625,10
5697,25.437291666666667,30.65416666666667,21.530729166666664,87.383125,1.1278124999999999,7.252395833333334,3.4145833333333333,5.215564210526315,72.97126315789474,97.60020833333333,6
5698,25.437291666666667,30.65416666666667,21.530729166666664,87.383125,1.1278124999999999,7.252395833333334,3.4145833333333333,5.215564210526315,72.97126315789474,97.60020833333333,6
5699,26.002291666666665,30.363958333333333,22.6834375,84.28479166666666,1.1269791666666666,6.591979166666667,3.9502083333333338,5.215564210526315,72.97126315789474,97.65489583333334,7
5700,27.167083333333334,30.99875,24.439375,84.25385416666667,1.1468749999999999,7.470520833333333,3.9427083333333335,5.0526873684210525,73.8436842105263,99.79572916666666,5
5701,27.379791666666666,30.7265625,24.791979166666668,83.09916666666668,1.1458333333333333,6.3429166666666665,4.0027083333333335,5.0526873684210525,73.8436842105263,99.8221875,20
5702,27.81239583333333,30.886041666666667,25.3496875,81.401875,1.1503124999999998,6.630833333333334,4.429583333333333,5.154582105263158,78.98831578947369,100.19885416666666,163
5703,27.81239583333333,30.886041666666667,25.3496875,81.401875,1.1503124999999998,6.630833333333334,4.429583333333333,5.154582105263158,78.98831578947369,100.19885416666666,7
5704,27.167083333333334,30.99875,24.439375,84.25385416666667,1.1468749999999999,7.470520833333333,3.9427083333333335,5.0526873684210525,73.8436842105263,99.79572916666666,108
5705,28.140937500000003,30.421354166666664,26.2,81.59791666666666,1.1538541666666666,6.5575,4.5715625,5.0526873684210525,73.8436842105263,100.75885416666667,31
5706,26.002291666666665,30.363958333333333,22.6834375,84.28479166666666,1.1269791666666666,6.591979166666667,3.9502083333333338,5.215564210526315,72.97126315789474,97.65489583333334,7
5707,25.437291666666667,30.65416666666667,21.530729166666664,87.383125,1.1278124999999999,7.252395833333334,3.4145833333333333,5.215564210526315,72.97126315789474,97.60020833333333,8
5708,27.72729166666667,30.77416666666667,25.288854166666667,80.58572916666667,1.1481249999999998,5.579791666666666,4.410833333333334,5.154582105263158,78.98831578947369,99.8859375,6
5709,27.81239583333333,30.886041666666667,25.3496875,81.401875,1.1503124999999998,6.630833333333334,4.429583333333333,5.215564210526315,72.97126315789474,100.19885416666666,8
5710,26.002291666666665,30.363958333333333,22.6834375,84.28479166666666,1.1269791666666666,6.591979166666667,3.9502083333333338,5.215564210526315,72.97126315789473,97.65489583333334,25
5711,26.002291666666665,30.363958333333333,22.6834375,84.28479166666666,1.1269791666666666,6.591979166666667,3.9502083333333338,5.154582105263158,78.98831578947369,97.65489583333334,12
5712,25.437291666666667,30.65416666666667,21.530729166666664,87.383125,1.1278124999999999,7.252395833333334,3.4145833333333333,5.215564210526315,72.97126315789474,97.60020833333333,26
5713,25.437291666666667,30.65416666666667,21.530729166666664,87.383125,1.1278124999999999,7.252395833333334,3.4145833333333333,5.0526873684210525,73.8436842105263,97.60020833333333,62
5714,27.167083333333334,30.99875,24.439375,84.25385416666667,1.1468749999999999,7.470520833333333,3.9427083333333335,5.0526873684210525,73.8436842105263,99.79572916666666,11
5715,25.437291666666667,30.65416666666667,21.530729166666664,87.383125,1.1278124999999999,7.252395833333334,3.4145833333333333,5.0526873684210525,73.8436842105263,97.60020833333333,35
5716,25.437291666666667,30.65416666666667,21.530729166666664,87.383125,1.1278124999999999,7.252395833333334,3.4145833333333333,5.0526873684210525,73.8436842105263,97.60020833333333,151
5717,25.437291666666667,30.65416666666667,21.530729166666664,87.383125,1.1278124999999999,7.252395833333334,3.4145833333333333,5.215564210526315,72.97126315789474,97.60020833333333,6
5718,27.845208333333332,30.90125,25.452291666666667,82.14885416666667,1.1517708333333332,7.347291666666667,4.542291666666666,5.215564210526315,72.97126315789474,100.39708333333334,7
5719,27.167083333333334,30.99875,24.439375,84.25385416666667,1.1468749999999999,7.470520833333333,3.9427083333333335,5.0526873684210525,73.8436842105263,99.79572916666666,39
5720,25.437291666666667,30.65416666666667,21.530729166666664,87.383125,1.1278124999999999,7.252395833333334,3.4145833333333333,5.0526873684210525,73.8436842105263,97.60020833333333,706
5721,25.437291666666667,30.65416666666667,21.530729166666664,87.383125,1.1278124999999999,7.252395833333334,3.4145833333333333,5.0526873684210525,73.8436842105263,97.60020833333333,6
5722,25.437291666666667,30.65416666666667,21.530729166666664,87.383125,1.1278124999999999,7.252395833333334,3.4145833333333333,5.215564210526315,72.97126315789474,97.60020833333333,9
5723,27.167083333333334,30.99875,24.439375,84.25385416666667,1.1468749999999999,7.470520833333333,3.9427083333333335,5.215564210526315,72.97126315789474,99.79572916666666,11
5724,27.72729166666667,30.77416666666667,25.288854166666667,80.58572916666667,1.1481249999999998,5.579791666666666,4.410833333333334,5.154582105263158,78.98831578947369,99.8859375,6
5725,25.437291666666667,30.65416666666667,21.530729166666664,87.383125,1.1278124999999999,7.252395833333334,3.4145833333333333,5.215564210526315,72.97126315789474,97.60020833333333,10
5726,27.379791666666666,30.7265625,24.791979166666668,83.09916666666668,1.1458333333333333,6.3429166666666665,4.0027083333333335,5.0526873684210525,73.8436842105263,99.8221875,24
5727,25.437291666666667,30.65416666666667,21.530729166666664,87.383125,1.1278124999999999,7.252395833333334,3.4145833333333333,5.215564210526315,72.97126315789474,97.60020833333333,6
5728,27.167083333333334,30.99875,24.439375,84.25385416666667,1.1468749999999999,7.470520833333333,3.9427083333333335,5.0526873684210525,73.8436842105263,99.79572916666666,36
5729,27.951562499999998,30.08385416666667,25.983125,80.66364583333333,1.1515625,5.327708333333333,4.795416666666667,5.124571578947369,76.10252631578948,100.28479166666666,15
5730,27.495416666666667,31.143124999999998,24.754791666666666,82.77270833333334,1.1513541666666665,6.144895833333333,4.00125,5.252634736842105,74.68157894736842,100.21468750000001,14
5731,27.657812500000002,29.680104166666666,25.753958333333333,81.75875,1.1511458333333333,5.347395833333334,5.121458333333334,5.252634736842105,74.68157894736842,100.10489583333333,7
5732,27.520104166666666,30.871979166666666,24.885833333333334,81.91614583333333,1.1465625,5.943541666666667,4.196041666666667,5.124571578947369,76.10252631578948,99.85052083333333,95
5733,27.951562499999998,30.08385416666667,25.983125,80.66364583333333,1.1515625,5.327708333333333,4.795416666666667,5.124571578947369,76.10252631578948,100.28479166666666,7
5734,27.520104166666666,30.871979166666666,24.885833333333334,81.91614583333333,1.1465625,5.943541666666667,4.196041666666667,5.124571578947369,76.10252631578948,99.85052083333333,95
5735,27.495416666666667,31.143124999999998,24.754791666666666,82.77270833333334,1.1513541666666665,6.144895833333333,4.00125,5.252634736842105,74.68157894736842,100.21468750000001,305
5736,27.495416666666667,31.143124999999998,24.754791666666666,82.77270833333334,1.1513541666666665,6.144895833333333,4.00125,5.126778947368421,76.06557894736842,100.21468750000001,7
5737,27.657812500000002,29.680104166666666,25.753958333333333,81.75875,1.1511458333333333,5.347395833333334,5.121458333333334,5.252634736842105,74.68157894736842,100.10489583333333,305
5738,27.495416666666667,31.143124999999998,24.754791666666666,82.77270833333334,1.1513541666666665,6.144895833333333,4.00125,5.126778947368421,76.06557894736842,100.21468750000001,11
5739,27.520104166666666,30.871979166666666,24.885833333333334,81.91614583333333,1.1465625,5.943541666666667,4.196041666666667,5.124571578947369,76.10252631578948,99.85052083333333,12
5740,27.495416666666667,31.143124999999998,24.754791666666666,82.77270833333334,1.1513541666666665,6.144895833333333,4.00125,5.252634736842105,74.68157894736842,100.21468750000001,14
5741,27.495416666666667,31.143124999999998,24.754791666666666,82.77270833333334,1.1513541666666665,6.144895833333333,4.00125,5.252634736842105,74.68157894736842,100.21468750000001,222
5742,27.520104166666666,30.871979166666666,24.885833333333334,81.91614583333333,1.1465625,5.943541666666667,4.196041666666667,5.252634736842105,74.68157894736842,99.85052083333333,210
5743,27.520104166666666,30.871979166666666,24.885833333333334,81.91614583333333,1.1465625,5.943541666666667,4.196041666666667,5.252634736842105,74.68157894736842,99.85052083333333,6
5744,27.951562499999998,30.08385416666667,25.983125,80.66364583333333,1.1515625,5.327708333333333,4.795416666666667,5.124571578947369,76.10252631578948,100.28479166666666,68
5745,27.951562499999998,30.08385416666667,25.983125,80.66364583333333,1.1515625,5.327708333333333,4.795416666666667,5.124571578947369,76.10252631578948,100.28479166666666,46
5746,27.495416666666667,31.143124999999998,24.754791666666666,82.77270833333334,1.1513541666666665,6.144895833333333,4.00125,5.252634736842105,74.68157894736842,100.21468750000001,127
5747,27.495416666666667,31.143124999999998,24.754791666666666,82.77270833333334,1.1513541666666665,6.144895833333333,4.00125,5.252634736842105,74.68157894736842,100.21468750000001,84
5748,27.951562499999998,30.08385416666667,25.983125,80.66364583333333,1.1515625,5.327708333333333,4.795416666666667,5.124571578947369,76.10252631578948,100.28479166666666,7
5749,27.657812500000002,29.680104166666666,25.753958333333333,81.75875,1.1511458333333333,5.347395833333334,5.121458333333334,5.252634736842105,74.68157894736842,100.10489583333333,7
5750,27.657812500000002,29.680104166666666,25.753958333333333,81.75875,1.1511458333333333,5.347395833333334,5.121458333333334,5.252634736842105,74.68157894736842,100.10489583333333,8
5751,27.657812500000002,29.680104166666666,25.753958333333333,81.75875,1.1511458333333333,5.347395833333334,5.121458333333334,5.252634736842105,74.68157894736842,100.10489583333333,9
5752,27.495416666666667,31.143124999999998,24.754791666666666,82.77270833333334,1.1513541666666665,6.144895833333333,4.00125,5.252634736842105,74.68157894736842,100.21468750000001,6
5753,27.495416666666667,31.143124999999998,24.754791666666666,82.77270833333334,1.1513541666666665,6.144895833333333,4.00125,5.126778947368421,76.06557894736842,100.21468750000001,14
5754,27.657812500000002,29.680104166666666,25.753958333333333,81.75875,1.1511458333333333,5.347395833333334,5.121458333333334,5.252634736842105,74.68157894736842,100.10489583333333,6
5755,27.495416666666667,31.143124999999998,24.754791666666666,82.77270833333334,1.1513541666666665,6.144895833333333,4.00125,5.126778947368421,76.06557894736842,100.21468750000001,10
5756,27.657812500000002,29.680104166666666,25.753958333333333,81.75875,1.1511458333333333,5.347395833333334,5.121458333333334,5.252634736842105,74.68157894736842,100.10489583333333,7
5757,27.951562499999998,30.08385416666667,25.983125,80.66364583333333,1.1515625,5.327708333333333,4.795416666666667,5.252634736842105,74.68157894736842,100.28479166666666,6
5758,27.951562499999998,30.08385416666667,25.983125,80.66364583333333,1.1515625,5.327708333333333,4.795416666666667,5.252634736842105,74.68157894736842,100.28479166666666,7
5759,27.520104166666666,30.871979166666666,24.885833333333334,81.91614583333333,1.1465625,5.943541666666667,4.196041666666667,5.124571578947369,76.10252631578948,99.85052083333333,32
5760,27.495416666666667,31.143124999999998,24.754791666666666,82.77270833333334,1.1513541666666665,6.144895833333333,4.00125,5.252634736842105,74.68157894736842,100.21468750000001,15
5761,27.951562499999998,30.08385416666667,25.983125,80.66364583333333,1.1515625,5.327708333333333,4.795416666666667,5.124571578947369,76.10252631578948,100.28479166666666,11
5762,27.951562499999998,30.08385416666667,25.983125,80.66364583333333,1.1515625,5.327708333333333,4.795416666666667,5.124571578947369,76.10252631578948,100.28479166666666,8
5763,27.495416666666667,31.143124999999998,24.754791666666666,82.77270833333334,1.1513541666666665,6.144895833333333,4.00125,5.252634736842105,74.68157894736842,100.21468750000001,172
5765,27.495416666666667,31.143124999999998,24.754791666666666,82.77270833333334,1.1513541666666665,6.144895833333333,4.00125,5.252634736842105,74.68157894736842,100.21468750000001,265
5766,27.520104166666666,30.871979166666666,24.885833333333334,81.91614583333333,1.1465625,5.943541666666667,4.196041666666667,5.124571578947369,76.10252631578948,99.85052083333333,232
5767,27.495416666666667,31.143124999999998,24.754791666666666,82.77270833333334,1.1513541666666665,6.144895833333333,4.00125,5.252634736842105,74.68157894736842,100.21468750000001,37
5768,27.951562499999998,30.08385416666667,25.983125,80.66364583333333,1.1515625,5.327708333333333,4.795416666666667,5.252634736842105,74.68157894736842,100.28479166666666,69
5769,27.495416666666667,31.143124999999998,24.754791666666666,82.77270833333334,1.1513541666666665,6.144895833333333,4.00125,5.252634736842105,74.68157894736842,100.21468750000001,181
5770,27.951562499999998,30.08385416666667,25.983125,80.66364583333333,1.1515625,5.327708333333333,4.795416666666667,5.124571578947369,76.10252631578948,100.28479166666666,111
5771,27.951562499999998,30.08385416666667,25.983125,80.66364583333333,1.1515625,5.327708333333333,4.795416666666667,5.124571578947369,76.10252631578948,100.28479166666666,15
5772,27.495416666666667,31.143124999999998,24.754791666666666,82.77270833333334,1.1513541666666665,6.144895833333333,4.00125,5.126778947368421,76.06557894736842,100.21468750000001,10
5773,27.495416666666667,31.143124999999998,24.754791666666666,82.77270833333334,1.1513541666666665,6.144895833333333,4.00125,5.126778947368421,76.06557894736842,100.21468750000001,13
5774,27.520104166666666,30.871979166666666,24.885833333333334,81.91614583333333,1.1465625,5.943541666666667,4.196041666666667,5.124571578947369,76.10252631578948,99.85052083333333,6
5775,27.495416666666667,31.143124999999998,24.754791666666666,82.77270833333334,1.1513541666666665,6.144895833333333,4.00125,5.126778947368421,76.06557894736842,100.21468750000001,8
5776,27.657812500000002,29.680104166666666,25.753958333333333,81.75875,1.1511458333333333,5.347395833333334,5.121458333333334,5.252634736842105,74.68157894736842,100.10489583333333,7
5777,26.002291666666665,30.363958333333333,22.6834375,84.28479166666666,1.1269791666666666,6.591979166666667,3.9502083333333338,5.124571578947369,76.10252631578948,97.65489583333334,8
5778,27.951562499999998,30.08385416666667,25.983125,80.66364583333333,1.1515625,5.327708333333333,4.795416666666667,5.124571578947369,76.10252631578948,100.28479166666666,35
5779,26.559270833333333,30.82947916666667,23.373125,81.84833333333333,1.1313541666666664,5.1814583333333335,4.5809375,5.124571578947369,76.10252631578948,98.176875,0
5780,27.520104166666666,30.871979166666666,24.885833333333334,81.91614583333333,1.1465625,5.943541666666667,4.196041666666667,5.0526873684210525,73.8436842105263,99.85052083333333,7
5781,27.520104166666666,30.871979166666666,24.885833333333334,81.91614583333333,1.1465625,5.943541666666667,4.196041666666667,5.124571578947369,76.10252631578948,99.85052083333333,6
5782,27.379791666666666,30.7265625,24.791979166666668,83.09916666666668,1.1458333333333333,6.3429166666666665,4.0027083333333335,5.0526873684210525,73.8436842105263,99.8221875,8
5783,26.002291666666665,30.363958333333333,22.6834375,84.28479166666666,1.1269791666666666,6.591979166666667,3.9502083333333338,5.124571578947369,76.10252631578948,97.65489583333334,21
5784,27.379791666666666,30.7265625,24.791979166666668,83.09916666666668,1.1458333333333333,6.3429166666666665,4.0027083333333335,5.0526873684210525,73.8436842105263,99.8221875,4
5785,28.140937500000003,30.421354166666664,26.2,81.59791666666666,1.1538541666666666,6.5575,4.5715625,5.264636842105263,77.99389473684211,100.75885416666667,7
5786,27.520104166666666,30.871979166666666,24.885833333333334,81.91614583333333,1.1465625,5.943541666666667,4.196041666666667,5.0526873684210525,73.8436842105263,99.85052083333333,10
5787,28.140937500000003,30.421354166666664,26.2,81.59791666666666,1.1538541666666666,6.5575,4.5715625,5.046026315789474,77.4598947368421,100.75885416666667,7
5788,27.951562499999998,30.08385416666667,25.983125,80.66364583333333,1.1515625,5.327708333333333,4.795416666666667,5.124571578947369,76.10252631578948,100.28479166666666,4
5789,28.140937500000003,30.421354166666664,26.2,81.59791666666666,1.1538541666666666,6.5575,4.5715625,5.126778947368421,76.06557894736842,100.75885416666667,17
5790,27.520104166666666,30.871979166666666,24.885833333333334,81.91614583333333,1.1465625,5.943541666666667,4.196041666666667,5.0526873684210525,73.8436842105263,99.85052083333333,23
5791,27.379791666666666,30.7265625,24.791979166666668,83.09916666666668,1.1458333333333333,6.3429166666666665,4.0027083333333335,5.126778947368421,76.06557894736842,99.8221875,7
5792,27.379791666666666,30.7265625,24.791979166666668,83.09916666666668,1.1458333333333333,6.3429166666666665,4.0027083333333335,5.126778947368421,76.06557894736842,99.8221875,27
5793,27.379791666666666,30.7265625,24.791979166666668,83.09916666666668,1.1458333333333333,6.3429166666666665,4.0027083333333335,5.0526873684210525,73.8436842105263,99.8221875,58
5794,27.379791666666666,30.7265625,24.791979166666668,83.09916666666668,1.1458333333333333,6.3429166666666665,4.0027083333333335,5.126778947368421,76.06557894736842,99.8221875,8
5795,27.379791666666666,30.7265625,24.791979166666668,83.09916666666668,1.1458333333333333,6.3429166666666665,4.0027083333333335,5.0526873684210525,73.8436842105263,99.8221875,16
5796,27.379791666666666,30.7265625,24.791979166666668,83.09916666666668,1.1458333333333333,6.3429166666666665,4.0027083333333335,5.0526873684210525,73.8436842105263,99.8221875,52
5797,28.341041666666666,30.06177083333333,26.748541666666668,80.94604166666666,1.1559375,6.676145833333333,5.062604166666667,5.264636842105263,77.99389473684211,100.93374999999999,6
5798,27.520104166666666,30.871979166666666,24.885833333333334,81.91614583333333,1.1465625,5.943541666666667,4.196041666666667,5.124571578947369,76.10252631578948,99.85052083333333,8
5799,27.379791666666666,30.7265625,24.791979166666668,83.09916666666668,1.1458333333333333,6.3429166666666665,4.0027083333333335,5.126778947368421,76.06557894736842,99.8221875,0
5800,26.002291666666665,30.363958333333333,22.6834375,84.28479166666666,1.1269791666666666,6.591979166666667,3.9502083333333338,5.0526873684210525,73.8436842105263,97.65489583333334,7
5801,26.559270833333333,30.82947916666667,23.373125,81.84833333333333,1.1313541666666664,5.1814583333333335,4.5809375,5.124571578947369,76.10252631578948,98.176875,7
5802,27.379791666666666,30.7265625,24.791979166666668,83.09916666666668,1.1458333333333333,6.3429166666666665,4.0027083333333335,5.0526873684210525,73.8436842105263,99.8221875,7
5803,27.379791666666666,30.7265625,24.791979166666668,83.09916666666668,1.1458333333333333,6.3429166666666665,4.0027083333333335,5.0526873684210525,73.8436842105263,99.8221875,12
5804,28.341041666666666,30.06177083333333,26.748541666666668,80.94604166666666,1.1559375,6.676145833333333,5.062604166666667,5.264636842105263,77.99389473684211,100.93374999999999,6
5805,26.559270833333333,30.82947916666667,23.373125,81.84833333333333,1.1313541666666664,5.1814583333333335,4.5809375,5.124571578947369,76.10252631578948,98.176875,9
5806,27.379791666666666,30.7265625,24.791979166666668,83.09916666666668,1.1458333333333333,6.3429166666666665,4.0027083333333335,5.0526873684210525,73.8436842105263,99.8221875,13
5807,28.140937500000003,30.421354166666664,26.2,81.59791666666666,1.1538541666666666,6.5575,4.5715625,5.264636842105263,77.99389473684211,100.75885416666667,8
5808,27.520104166666666,30.871979166666666,24.885833333333334,81.91614583333333,1.1465625,5.943541666666667,4.196041666666667,5.0526873684210525,73.8436842105263,99.85052083333333,32
5809,26.002291666666665,30.363958333333333,22.6834375,84.28479166666666,1.1269791666666666,6.591979166666667,3.9502083333333338,5.124571578947369,76.10252631578948,97.65489583333334,6
5810,27.520104166666666,30.871979166666666,24.885833333333334,81.91614583333333,1.1465625,5.943541666666667,4.196041666666667,5.0526873684210525,73.8436842105263,99.85052083333333,8
5811,26.559270833333333,30.82947916666667,23.373125,81.84833333333333,1.1313541666666664,5.1814583333333335,4.5809375,5.124571578947369,76.10252631578948,98.176875,8
5812,28.107604166666665,30.923437500000002,25.8459375,80.95041666666667,1.1534375,6.242812499999999,4.301875,5.126778947368421,76.06557894736842,100.63270833333333,17
5813,27.379791666666666,30.7265625,24.791979166666668,83.09916666666668,1.1458333333333333,6.3429166666666665,4.0027083333333335,5.0526873684210525,73.8436842105263,99.8221875,0
5814,28.4815625,30.493854166666665,26.761979166666666,79.6415625,1.1539583333333332,5.893645833333333,4.319166666666667,5.126778947368421,76.06557894736842,100.84489583333334,9
5815,26.002291666666665,30.363958333333333,22.6834375,84.28479166666666,1.1269791666666666,6.591979166666667,3.950208333333333,5.0526873684210525,73.8436842105263,97.65489583333334,7
5816,26.559270833333333,30.82947916666667,23.373125,81.84833333333333,1.1313541666666664,5.1814583333333335,4.5809375,5.124571578947369,76.10252631578948,98.176875,41
5817,27.520104166666666,30.871979166666666,24.885833333333334,81.91614583333333,1.1465625,5.943541666666667,4.196041666666667,5.0526873684210525,73.8436842105263,99.85052083333333,25
5818,28.4815625,30.493854166666665,26.761979166666666,79.6415625,1.1539583333333332,5.893645833333333,4.319166666666667,5.126778947368421,76.06557894736842,100.84489583333334,8
5819,28.140937500000003,30.421354166666664,26.2,81.59791666666666,1.1538541666666666,6.5575,4.5715625,5.264636842105263,77.99389473684211,100.75885416666667,9
5820,28.140937500000003,30.421354166666664,26.2,81.59791666666666,1.1538541666666666,6.5575,4.5715625,5.264636842105263,77.99389473684211,100.75885416666667,7
5821,26.559270833333333,30.82947916666667,23.373125,81.84833333333333,1.1313541666666664,5.1814583333333335,4.5809375,5.124571578947369,76.10252631578948,98.176875,44
5822,27.520104166666666,30.871979166666666,24.885833333333334,81.91614583333333,1.1465625,5.943541666666667,4.196041666666667,5.0526873684210525,73.8436842105263,99.85052083333333,8
5823,27.379791666666666,30.7265625,24.791979166666668,83.09916666666668,1.1458333333333333,6.3429166666666665,4.0027083333333335,5.126778947368421,76.06557894736842,99.8221875,19
5824,28.140937500000003,30.421354166666664,26.2,81.59791666666666,1.1538541666666666,6.5575,4.5715625,5.126778947368421,76.06557894736842,100.75885416666667,24
5825,28.140937500000003,30.421354166666664,26.2,81.59791666666666,1.1538541666666666,6.5575,4.5715625,5.0526873684210525,73.8436842105263,100.75885416666667,12
5826,27.520104166666666,30.871979166666666,24.885833333333334,81.91614583333333,1.1465625,5.943541666666667,4.196041666666667,5.0526873684210525,73.8436842105263,99.85052083333333,7
5827,27.379791666666666,30.7265625,24.791979166666668,83.09916666666668,1.1458333333333333,6.3429166666666665,4.0027083333333335,5.0526873684210525,73.8436842105263,99.8221875,11
5828,27.379791666666666,30.7265625,24.791979166666668,83.09916666666668,1.1458333333333333,6.3429166666666665,4.0027083333333335,5.0526873684210525,73.8436842105263,99.8221875,6
5829,28.4815625,30.493854166666665,26.761979166666666,79.6415625,1.1539583333333332,5.893645833333333,4.319166666666667,5.126778947368421,76.06557894736842,100.84489583333334,6
5831,26.002291666666665,30.363958333333333,22.6834375,84.28479166666666,1.1269791666666666,6.591979166666667,3.9502083333333338,5.124571578947369,76.10252631578948,97.65489583333334,7
5832,27.277916666666666,30.030104166666664,25.150104166666665,81.46062500000001,1.1417708333333332,5.715416666666666,4.864895833333333,5.124571578947369,76.10252631578948,99.33395833333333,13
5833,26.559270833333333,30.82947916666667,23.373125,81.84833333333333,1.1313541666666664,5.1814583333333335,4.5809375,5.124571578947369,76.10252631578948,98.176875,13
5834,27.72729166666667,30.77416666666667,25.288854166666667,80.58572916666667,1.1481249999999998,5.579791666666666,4.410833333333334,5.154582105263158,78.98831578947369,99.8859375,6
5835,27.72729166666667,30.77416666666667,25.288854166666667,80.58572916666667,1.1481249999999998,5.579791666666666,4.410833333333334,5.154582105263158,78.98831578947369,99.8859375,8
5836,26.002291666666665,30.363958333333333,22.6834375,84.28479166666666,1.1269791666666666,6.591979166666667,3.9502083333333338,5.124571578947369,76.10252631578948,97.65489583333334,9
5837,25.437291666666667,30.65416666666667,21.530729166666664,87.383125,1.1278124999999999,7.252395833333334,3.4145833333333333,5.0526873684210525,73.8436842105263,97.60020833333333,487
5838,27.277916666666666,30.030104166666664,25.150104166666665,81.46062500000001,1.1417708333333332,5.715416666666666,4.864895833333333,5.124571578947369,76.10252631578948,99.33395833333333,19
5839,26.559270833333333,30.82947916666667,23.373125,81.84833333333333,1.1313541666666664,5.1814583333333335,4.5809375,5.124571578947369,76.10252631578948,98.176875,11
5840,26.002291666666665,30.363958333333333,22.6834375,84.28479166666666,1.1269791666666666,6.591979166666667,3.9502083333333338,5.0526873684210525,73.8436842105263,97.65489583333334,8
5841,26.002291666666665,30.363958333333333,22.6834375,84.28479166666666,1.1269791666666666,6.591979166666667,3.9502083333333338,5.124571578947369,76.10252631578948,97.65489583333334,8
5842,26.002291666666665,30.363958333333333,22.6834375,84.28479166666666,1.1269791666666666,6.591979166666667,3.9502083333333338,5.0526873684210525,73.8436842105263,97.65489583333334,7
5843,26.559270833333333,30.82947916666667,23.373125,81.84833333333333,1.1313541666666664,5.1814583333333335,4.5809375,5.154582105263158,78.98831578947369,98.176875,116
5844,26.559270833333333,30.82947916666667,23.373125,81.84833333333333,1.1313541666666664,5.1814583333333335,4.5809375,5.124571578947369,76.10252631578948,98.176875,8
5845,26.559270833333333,30.82947916666667,23.373125,81.84833333333333,1.1313541666666664,5.1814583333333335,4.5809375,5.124571578947369,76.10252631578948,98.176875,39
5846,26.559270833333333,30.82947916666667,23.373125,81.84833333333333,1.1313541666666664,5.1814583333333335,4.5809375,5.124571578947369,76.10252631578948,98.176875,9
5847,26.559270833333333,30.82947916666667,23.373125,81.84833333333333,1.1313541666666664,5.1814583333333335,4.5809375,5.154582105263158,78.98831578947369,98.176875,9
5848,27.277916666666666,30.030104166666664,25.150104166666665,81.46062500000001,1.1417708333333332,5.715416666666666,4.864895833333333,5.124571578947369,76.10252631578948,99.33395833333333,12
5849,26.559270833333333,30.82947916666667,23.373125,81.84833333333333,1.1313541666666664,5.1814583333333335,4.5809375,5.124571578947369,76.10252631578948,98.176875,4
5850,26.559270833333333,30.82947916666667,23.373125,81.84833333333333,1.1313541666666664,5.1814583333333335,4.5809375,5.124571578947369,76.10252631578948,98.176875,8
5851,26.002291666666665,30.363958333333333,22.6834375,84.28479166666666,1.1269791666666666,6.591979166666667,3.9502083333333338,5.124571578947369,76.10252631578948,97.65489583333334,13
5852,26.559270833333333,30.82947916666667,23.373125,81.84833333333333,1.1313541666666664,5.1814583333333335,4.5809375,5.124571578947369,76.10252631578948,98.176875,223
5853,25.437291666666667,30.65416666666667,21.530729166666664,87.383125,1.1278124999999999,7.252395833333334,3.4145833333333333,5.0526873684210525,73.8436842105263,97.60020833333333,6
5854,27.277916666666666,30.030104166666664,25.150104166666665,81.46062500000001,1.1417708333333332,5.715416666666666,4.864895833333333,5.124571578947369,76.10252631578948,99.33395833333333,10
5855,27.951562499999998,30.08385416666667,25.983125,80.66364583333333,1.1515625,5.327708333333333,4.795416666666667,5.124571578947369,76.10252631578948,100.28479166666666,9
5856,28.228333333333335,29.72375,26.512916666666666,80.72583333333334,1.155625,5.526666666666666,4.9559375,5.124571578947369,76.10252631578948,100.8221875,20
5857,28.228333333333335,29.72375,26.512916666666666,80.72583333333334,1.155625,5.526666666666666,4.9559375,5.124571578947369,76.10252631578948,100.8221875,30
5858,28.228333333333335,29.72375,26.512916666666666,80.72583333333334,1.155625,5.526666666666666,4.9559375,5.124571578947369,76.10252631578948,100.8221875,23
5859,28.228333333333335,29.72375,26.512916666666666,80.72583333333334,1.155625,5.526666666666666,4.9559375,5.124571578947369,76.10252631578948,100.8221875,12
5860,28.228333333333335,29.72375,26.512916666666666,80.72583333333334,1.155625,5.526666666666666,4.9559375,5.124571578947369,76.10252631578948,100.8221875,11
5861,27.803124999999998,30.768124999999998,25.411458333333332,81.27322916666667,1.1512499999999999,6.749270833333333,4.572916666666667,5.046026315789474,77.4598947368421,100.23062499999999,12
5862,27.803124999999998,30.768125,25.411458333333332,81.27322916666667,1.1512499999999999,6.749270833333333,4.572916666666667,5.046026315789474,77.4598947368421,100.23062499999999,5
5863,27.803124999999998,30.768125,25.411458333333332,81.27322916666667,1.1512499999999999,6.749270833333333,4.572916666666667,5.046026315789474,77.4598947368421,100.23062499999999,5
5864,27.803124999999998,30.768125,25.411458333333332,81.27322916666667,1.1512499999999999,6.749270833333333,4.572916666666667,5.046026315789474,77.4598947368421,100.23062499999999,4
5865,27.803124999999998,30.768125,25.411458333333332,81.27322916666667,1.1512499999999999,6.749270833333333,4.572916666666667,5.046026315789474,77.4598947368421,100.23062499999999,6
5866,27.803124999999998,30.768125,25.411458333333332,81.27322916666667,1.1512499999999999,6.749270833333333,4.572916666666667,5.046026315789474,77.4598947368421,100.23062499999999,26
5867,27.651458333333334,30.971979166666667,25.306145833333332,83.38697916666666,1.1537499999999998,8.101770833333333,3.7218750000000003,5.046026315789474,77.4598947368421,100.48562500000001,10
5868,27.803124999999998,30.768125,25.411458333333332,81.27322916666667,1.1512499999999999,6.749270833333333,4.572916666666667,5.046026315789474,77.4598947368421,100.23062499999999,9
5869,28.417916666666667,29.7853125,26.942916666666665,81.20427083333333,1.1571874999999998,7.266354166666667,5.9582291666666665,5.036637894736842,77.30421052631579,100.9696875,5
5870,28.173437500000002,29.86145833333333,26.605625,81.53989583333333,1.1552083333333332,8.843125,5.3784375,4.951421052631579,76.22,100.80635416666667,6
5871,28.113958333333333,30.056145833333332,26.453333333333333,81.70572916666667,1.1544791666666667,8.698125,5.439270833333333,4.951421052631579,76.22,100.73864583333334,6
5872,28.113958333333333,30.056145833333332,26.453333333333333,81.70572916666667,1.1544791666666667,8.698125,5.439270833333333,4.951421052631579,76.22,100.73864583333334,9
5873,28.350624999999997,29.978333333333335,26.820729166666666,81.03895833333333,1.1561458333333332,8.091979166666667,5.688645833333333,4.951421052631579,76.22,100.91979166666665,7
5874,28.350624999999997,29.978333333333335,26.820729166666666,81.03895833333333,1.1561458333333332,8.091979166666667,5.688645833333333,5.036637894736842,77.30421052631579,100.91979166666665,8
5875,28.173437500000002,29.86145833333333,26.605625,81.53989583333333,1.1552083333333332,8.843125,5.3784375,4.951421052631579,76.22,100.80635416666667,6
5876,28.173437500000002,29.86145833333333,26.605625,81.53989583333333,1.1552083333333332,8.843125,5.3784375,4.951421052631579,76.22,100.80635416666667,5
5877,28.173437500000002,29.86145833333333,26.605625,81.53989583333333,1.1552083333333332,8.843125,5.3784375,4.951421052631579,76.22,100.80635416666667,4
5878,28.113958333333333,30.056145833333332,26.453333333333333,81.70572916666667,1.1544791666666667,8.698125,5.439270833333333,4.951421052631579,76.22,100.73864583333334,6
5879,27.2871875,31.149270833333333,24.679166666666664,83.95979166666667,1.1532291666666665,9.41125,4.2179166666666665,5.036637894736842,77.30421052631579,100.33072916666667,17
5880,27.061041666666668,30.881041666666665,24.353854166666665,84.09166666666667,1.1457291666666667,8.993854166666667,3.7667708333333336,4.951421052631579,76.22,99.69947916666666,7
5881,28.113958333333333,30.056145833333332,26.453333333333333,81.70572916666667,1.1544791666666667,8.698125,5.439270833333333,4.951421052631579,76.22,100.73864583333334,11
5882,26.36854166666667,31.6046875,22.792604166666667,86.22770833333334,1.1441666666666666,9.090625000000001,3.616354166666667,5.036637894736842,77.30421052631579,99.38770833333332,17
5883,28.113958333333333,30.056145833333332,26.453333333333333,81.70572916666667,1.1544791666666667,8.698125,5.439270833333333,4.951421052631579,76.22,100.73864583333334,5
5884,28.173437500000002,29.86145833333333,26.605625,81.53989583333333,1.1552083333333332,8.843125,5.3784375,4.951421052631579,76.22,100.80635416666667,19
5885,28.350624999999997,29.978333333333335,26.820729166666666,81.03895833333333,1.1561458333333332,8.091979166666667,5.688645833333333,5.036637894736842,77.30421052631579,100.91979166666665,18
5886,28.173437500000002,29.86145833333333,26.605625,81.53989583333333,1.1552083333333332,8.843125,5.3784375,4.951421052631579,76.22,100.80635416666667,6
5887,28.173437500000002,29.86145833333333,26.605625,81.53989583333333,1.1552083333333332,8.843125,5.3784375,4.951421052631579,76.22,100.80635416666667,6
5888,28.350624999999997,29.978333333333335,26.820729166666666,81.03895833333333,1.1561458333333332,8.091979166666667,5.688645833333333,4.951421052631579,76.22,100.91979166666665,6
5889,28.350624999999997,29.978333333333335,26.820729166666666,81.03895833333333,1.1561458333333332,8.091979166666667,5.688645833333333,5.036637894736842,77.30421052631579,100.91979166666665,5
5890,28.350624999999997,29.978333333333335,26.820729166666666,81.03895833333333,1.1561458333333332,8.091979166666667,5.688645833333333,4.951421052631579,76.22,100.91979166666665,0
5891,28.350624999999997,29.978333333333335,26.820729166666666,81.03895833333333,1.1561458333333332,8.091979166666667,5.688645833333333,4.951421052631579,76.22,100.91979166666665,8
5892,27.061666666666667,30.608854166666664,24.6046875,84.15708333333333,1.144375,8.82,3.8010416666666664,4.935505263157895,78.26905263157896,99.58270833333334,5
5893,27.061041666666668,30.881041666666665,24.353854166666665,84.09166666666667,1.1457291666666667,8.993854166666667,3.7667708333333336,5.046026315789474,77.4598947368421,99.69947916666666,43
5894,27.061041666666668,30.881041666666665,24.353854166666665,84.09166666666667,1.1457291666666667,8.993854166666667,3.7667708333333336,5.126778947368421,76.06557894736842,99.69947916666666,7
5895,26.934166666666666,30.730625,23.947708333333335,83.8884375,1.1444791666666665,9.15125,4.383333333333334,5.046026315789474,77.4598947368421,99.56260416666667,6
5896,26.934166666666666,30.730625,23.947708333333335,83.8884375,1.1444791666666665,9.15125,4.383333333333334,5.046026315789474,77.4598947368421,99.56260416666667,5
5897,27.061666666666667,30.608854166666664,24.6046875,84.15708333333333,1.144375,8.82,3.8010416666666664,5.126778947368421,76.06557894736842,99.58270833333334,6
5898,27.061666666666667,30.608854166666664,24.6046875,84.15708333333333,1.144375,8.82,3.8010416666666664,5.126778947368421,76.06557894736842,99.58270833333334,7
5899,27.061041666666668,30.881041666666665,24.353854166666665,84.09166666666667,1.1457291666666667,8.993854166666667,3.7667708333333336,5.126778947368421,76.06557894736842,99.69947916666666,62
5900,27.803124999999998,30.768125,25.411458333333332,81.27322916666667,1.1512499999999999,6.749270833333333,4.572916666666667,5.046026315789474,77.4598947368421,100.23062499999999,6
5901,27.803124999999998,30.768125,25.411458333333332,81.27322916666667,1.1512499999999999,6.749270833333333,4.572916666666667,5.046026315789474,77.4598947368421,100.23062499999999,8
5902,27.803124999999998,30.768125,25.411458333333332,81.27322916666667,1.1512499999999999,6.749270833333333,4.572916666666667,5.046026315789474,77.4598947368421,100.23062499999999,4
5903,27.061041666666668,30.881041666666665,24.353854166666665,84.09166666666667,1.1457291666666667,8.993854166666667,3.7667708333333336,5.046026315789474,77.4598947368421,99.69947916666666,26
5904,27.061041666666668,30.881041666666665,24.353854166666665,84.09166666666667,1.1457291666666667,8.993854166666667,3.7667708333333336,4.935505263157895,78.26905263157896,99.69947916666666,7
5905,27.061666666666667,30.608854166666664,24.6046875,84.15708333333333,1.144375,8.82,3.8010416666666664,5.126778947368421,76.06557894736842,99.58270833333334,7
5906,27.061666666666667,30.608854166666664,24.6046875,84.15708333333333,1.144375,8.82,3.8010416666666664,5.126778947368421,76.06557894736842,99.58270833333334,7
5907,27.061666666666667,30.608854166666664,24.6046875,84.15708333333333,1.144375,8.82,3.8010416666666664,5.126778947368421,76.06557894736842,99.58270833333334,6
5908,28.107604166666665,30.923437500000002,25.8459375,80.95041666666667,1.1534375,6.242812499999999,4.301875,5.126778947368421,76.06557894736842,100.63270833333333,5
5909,27.061041666666668,30.881041666666665,24.353854166666665,84.09166666666667,1.1457291666666667,8.993854166666667,3.7667708333333336,5.046026315789474,77.4598947368421,99.69947916666666,99
5910,27.061041666666668,30.881041666666665,24.353854166666665,84.09166666666667,1.1457291666666667,8.993854166666667,3.7667708333333336,5.126778947368421,76.06557894736842,99.69947916666666,36
5911,27.061041666666668,30.881041666666665,24.353854166666665,84.09166666666667,1.1457291666666667,8.993854166666667,3.7667708333333336,5.126778947368421,76.06557894736842,99.69947916666666,23
5912,28.107604166666665,30.923437500000002,25.8459375,80.95041666666667,1.1534375,6.242812499999999,4.301875,5.046026315789474,77.4598947368421,100.63270833333333,38
5913,27.061041666666668,30.881041666666665,24.353854166666665,84.09166666666667,1.1457291666666667,8.993854166666667,3.7667708333333336,5.126778947368421,76.06557894736842,99.69947916666666,24
5914,27.061041666666668,30.881041666666665,24.353854166666665,84.09166666666667,1.1457291666666667,8.993854166666667,3.7667708333333336,5.126778947368421,76.06557894736842,99.69947916666666,468
5915,27.061041666666668,30.881041666666665,24.353854166666665,84.09166666666667,1.1457291666666667,8.993854166666667,3.7667708333333336,5.126778947368421,76.06557894736842,99.69947916666666,5
5916,27.061666666666667,30.608854166666664,24.6046875,84.15708333333333,1.144375,8.82,3.8010416666666664,5.126778947368421,76.06557894736842,99.58270833333334,38
5917,28.107604166666665,30.923437500000002,25.8459375,80.95041666666667,1.1534375,6.242812499999999,4.301875,5.046026315789474,77.4598947368421,100.63270833333333,39
5918,27.061666666666667,30.608854166666664,24.6046875,84.15708333333333,1.144375,8.82,3.8010416666666664,5.126778947368421,76.06557894736842,99.58270833333334,9
5919,27.061041666666668,30.881041666666665,24.353854166666665,84.09166666666667,1.1457291666666667,8.993854166666667,3.7667708333333336,4.935505263157895,78.26905263157896,99.69947916666666,9
5920,28.107604166666665,30.923437500000002,25.8459375,80.95041666666667,1.1534375,6.242812499999999,4.301875,5.126778947368421,76.06557894736842,100.63270833333333,5
5921,28.107604166666665,30.923437500000002,25.8459375,80.95041666666667,1.1534375,6.242812499999999,4.301875,5.046026315789474,77.4598947368421,100.63270833333333,9
5922,27.061041666666668,30.881041666666665,24.353854166666665,84.09166666666667,1.1457291666666667,8.993854166666667,3.7667708333333336,5.046026315789474,77.4598947368421,99.69947916666666,10
5923,28.107604166666665,30.923437500000002,25.8459375,80.95041666666667,1.1534375,6.242812499999999,4.301875,5.046026315789474,77.4598947368421,100.63270833333333,4
5924,27.061041666666668,30.881041666666665,24.353854166666665,84.09166666666667,1.1457291666666667,8.993854166666667,3.7667708333333336,5.046026315789474,77.4598947368421,99.69947916666666,36
5925,27.803124999999998,30.768125,25.411458333333332,81.27322916666667,1.1512499999999999,6.749270833333333,4.572916666666667,5.046026315789474,77.4598947368421,100.23062499999999,7
5926,26.934166666666666,30.730625,23.947708333333335,83.8884375,1.1444791666666665,9.15125,4.383333333333334,5.046026315789474,77.4598947368421,99.56260416666667,15
5927,27.061041666666668,30.881041666666665,24.353854166666665,84.09166666666667,1.1457291666666667,8.993854166666667,3.7667708333333336,5.046026315789474,77.4598947368421,99.69947916666666,20
5928,27.803124999999998,30.768125,25.411458333333332,81.27322916666667,1.1512499999999999,6.749270833333333,4.572916666666667,5.046026315789474,77.4598947368421,100.23062499999999,5
5929,27.061041666666668,30.881041666666665,24.353854166666665,84.09166666666667,1.1457291666666667,8.993854166666667,3.7667708333333336,5.046026315789474,77.4598947368421,99.69947916666666,17
5930,27.061041666666668,30.881041666666665,24.353854166666665,84.09166666666667,1.1457291666666667,8.993854166666667,3.7667708333333336,4.951421052631579,76.22,99.69947916666666,2
5931,27.061041666666668,30.881041666666665,24.353854166666665,84.09166666666667,1.1457291666666667,8.993854166666667,3.7667708333333336,4.951421052631579,76.22,99.69947916666666,5
5932,27.061041666666668,30.881041666666665,24.353854166666665,84.09166666666667,1.1457291666666667,8.993854166666667,3.7667708333333336,4.951421052631579,76.22,99.69947916666666,7
5933,27.061041666666668,30.881041666666665,24.353854166666665,84.09166666666667,1.1457291666666667,8.993854166666667,3.7667708333333336,5.046026315789474,77.4598947368421,99.69947916666666,59
5934,28.107604166666665,30.923437500000002,25.8459375,80.95041666666667,1.1534375,6.242812499999999,4.301875,5.046026315789474,77.4598947368421,100.63270833333333,0
5935,27.162604166666668,32.03625,24.309375,84.9415625,1.153125,8.202187499999999,3.396770833333333,4.996752631578947,72.05905263157895,100.27645833333334,5
5936,27.162604166666668,32.03625,24.309375,84.9415625,1.153125,8.202187499999999,3.396770833333333,4.996752631578947,72.05905263157895,100.27645833333334,5
5937,27.162604166666668,32.03625,24.309375,84.9415625,1.153125,8.202187499999999,3.396770833333333,4.996752631578947,72.05905263157895,100.27645833333334,6
5938,27.162604166666668,32.03625,24.309375,84.9415625,1.153125,8.202187499999999,3.396770833333333,4.996752631578947,72.05905263157895,100.27645833333334,7
5939,27.162604166666668,32.03625,24.309375,84.9415625,1.153125,8.202187499999999,3.396770833333333,4.996752631578947,72.05905263157895,100.27645833333334,9
5940,27.2871875,31.149270833333333,24.679166666666664,83.95979166666667,1.1532291666666665,9.41125,4.2179166666666665,5.036637894736842,77.30421052631579,100.33072916666667,6
5941,27.2871875,31.149270833333333,24.679166666666664,83.95979166666667,1.1532291666666665,9.41125,4.2179166666666665,5.036637894736842,77.30421052631579,100.33072916666667,7
5942,27.2871875,31.149270833333333,24.679166666666664,83.95979166666667,1.1532291666666665,9.41125,4.2179166666666665,5.036637894736842,77.30421052631579,100.33072916666667,7
5943,27.2871875,31.149270833333333,24.679166666666664,83.95979166666667,1.1532291666666665,9.41125,4.2179166666666665,5.036637894736842,77.30421052631579,100.33072916666667,5
5944,27.2871875,31.149270833333333,24.679166666666664,83.95979166666667,1.1532291666666665,9.41125,4.2179166666666665,5.036637894736842,77.30421052631579,100.33072916666667,9
5945,27.162604166666668,32.03625,24.309375,84.9415625,1.153125,8.202187499999999,3.396770833333333,4.996752631578947,72.05905263157895,100.27645833333334,5
5946,27.162604166666668,32.03625,24.309375,84.9415625,1.153125,8.202187499999999,3.396770833333333,4.996752631578947,72.05905263157895,100.27645833333334,30
5947,27.2871875,31.149270833333333,24.679166666666664,83.95979166666667,1.1532291666666665,9.41125,4.2179166666666665,5.036637894736842,77.30421052631579,100.33072916666667,7
5948,27.2871875,31.149270833333333,24.679166666666664,83.95979166666667,1.1532291666666665,9.41125,4.2179166666666665,4.996752631578947,72.05905263157895,100.33072916666667,6
5949,27.2871875,31.149270833333333,24.679166666666664,83.95979166666667,1.1532291666666665,9.41125,4.2179166666666665,5.036637894736842,77.30421052631579,100.33072916666667,11
5950,27.2871875,31.149270833333333,24.679166666666664,83.95979166666667,1.1532291666666665,9.41125,4.2179166666666665,4.996752631578947,72.05905263157895,100.33072916666667,6
5951,27.162604166666668,32.03625,24.309375,84.9415625,1.153125,8.202187499999999,3.396770833333333,4.996752631578947,72.05905263157895,100.27645833333334,4
5952,27.162604166666668,32.03625,24.309375,84.9415625,1.153125,8.202187499999999,3.396770833333333,4.996752631578947,72.05905263157895,100.27645833333334,4
5953,27.162604166666668,32.03625,24.309375,84.9415625,1.153125,8.202187499999999,3.396770833333333,4.996752631578947,72.05905263157895,100.27645833333334,5
5954,27.162604166666668,32.03625,24.309375,84.9415625,1.153125,8.202187499999999,3.396770833333333,4.996752631578947,72.05905263157895,100.27645833333334,4
5955,27.2871875,31.149270833333333,24.679166666666664,83.95979166666667,1.1532291666666665,9.41125,4.2179166666666665,4.996752631578947,72.05905263157895,100.33072916666667,4
5956,27.162604166666668,32.03625,24.309375,84.9415625,1.153125,8.202187499999999,3.396770833333333,4.996752631578947,72.05905263157895,100.27645833333334,8
5957,27.2871875,31.149270833333333,24.679166666666664,83.95979166666667,1.1532291666666665,9.41125,4.2179166666666665,4.996752631578947,72.05905263157895,100.33072916666667,35
5958,27.162604166666668,32.03625,24.309375,84.9415625,1.153125,8.202187499999999,3.396770833333333,4.996752631578947,72.05905263157895,100.27645833333334,2
5959,27.651458333333334,30.971979166666667,25.306145833333332,83.38697916666666,1.1537499999999998,8.101770833333333,3.7218750000000003,5.046026315789474,77.4598947368421,100.48562500000001,19
5960,26.934166666666666,30.730625,23.947708333333335,83.8884375,1.1444791666666665,9.15125,4.383333333333334,4.951421052631579,76.22,99.56260416666667,3
5961,27.651458333333334,30.971979166666667,25.306145833333332,83.38697916666666,1.1537499999999998,8.101770833333333,3.7218750000000003,4.996752631578947,72.05905263157895,100.48562500000001,7
5962,26.934166666666666,30.730625,23.947708333333335,83.8884375,1.1444791666666665,9.15125,4.383333333333334,4.951421052631579,76.22,99.56260416666667,9
5963,26.36854166666667,31.6046875,22.792604166666667,86.22770833333334,1.1441666666666666,9.090625000000001,3.616354166666667,5.046026315789474,77.4598947368421,99.38770833333332,8
5964,26.934166666666666,30.730625,23.947708333333335,83.8884375,1.1444791666666665,9.15125,4.383333333333334,5.046026315789474,77.4598947368421,99.56260416666667,7
5965,26.36854166666667,31.6046875,22.792604166666667,86.22770833333334,1.1441666666666666,9.090625000000001,3.616354166666667,4.996752631578947,72.05905263157895,99.38770833333332,8
5966,26.934166666666666,30.730625,23.947708333333335,83.8884375,1.1444791666666665,9.15125,4.383333333333334,4.951421052631579,76.22,99.56260416666667,9
5967,26.36854166666667,31.6046875,22.792604166666667,86.22770833333334,1.1441666666666666,9.090625000000001,3.616354166666667,5.046026315789474,77.4598947368421,99.38770833333332,5
5968,27.061041666666668,30.881041666666665,24.353854166666665,84.09166666666667,1.1457291666666667,8.993854166666667,3.7667708333333336,4.951421052631579,76.22,99.69947916666666,5
5969,26.36854166666667,31.6046875,22.792604166666667,86.22770833333334,1.1441666666666666,9.090625000000001,3.616354166666667,4.996752631578947,72.05905263157895,99.38770833333332,35
5970,26.36854166666667,31.6046875,22.792604166666667,86.22770833333334,1.1441666666666666,9.090625000000001,3.616354166666667,5.046026315789474,77.4598947368421,99.38770833333332,6
5971,26.36854166666667,31.6046875,22.792604166666667,86.22770833333334,1.1441666666666666,9.090625000000001,3.616354166666667,5.046026315789474,77.4598947368421,99.38770833333332,5
5972,26.36854166666667,31.6046875,22.792604166666667,86.22770833333334,1.1441666666666666,9.090625000000001,3.616354166666667,4.951421052631579,76.22,99.38770833333332,6
5973,26.934166666666666,30.730625,23.947708333333335,83.8884375,1.1444791666666665,9.15125,4.383333333333334,5.046026315789474,77.4598947368421,99.56260416666667,5
5974,26.36854166666667,31.6046875,22.792604166666667,86.22770833333334,1.1441666666666666,9.090625000000001,3.616354166666667,5.046026315789474,77.4598947368421,99.38770833333332,15
5975,26.36854166666667,31.6046875,22.792604166666667,86.22770833333334,1.1441666666666666,9.090625000000001,3.616354166666667,5.036637894736842,77.30421052631579,99.38770833333332,142
5976,26.934166666666666,30.730625,23.947708333333335,83.8884375,1.1444791666666665,9.15125,4.383333333333334,4.951421052631579,76.22,99.56260416666667,4
5977,27.651458333333334,30.971979166666667,25.306145833333332,83.38697916666666,1.1537499999999998,8.101770833333333,3.7218750000000003,4.996752631578947,72.05905263157895,100.48562500000001,7
5978,26.934166666666666,30.730625,23.947708333333335,83.8884375,1.1444791666666665,9.15125,4.383333333333334,5.046026315789474,77.4598947368421,99.56260416666667,6
5979,27.651458333333334,30.971979166666667,25.306145833333332,83.38697916666666,1.1537499999999998,8.101770833333333,3.7218750000000003,5.046026315789474,77.4598947368421,100.48562500000001,9
5980,27.651458333333334,30.971979166666667,25.306145833333332,83.38697916666666,1.1537499999999998,8.101770833333333,3.7218750000000003,4.996752631578947,72.05905263157895,100.48562500000001,5
5981,26.934166666666666,30.730625,23.947708333333335,83.8884375,1.1444791666666665,9.15125,4.383333333333334,5.046026315789474,77.4598947368421,99.56260416666667,0
5982,26.36854166666667,31.6046875,22.792604166666667,86.22770833333334,1.1441666666666666,9.090625000000001,3.616354166666667,5.046026315789474,77.4598947368421,99.38770833333332,14
5983,26.934166666666666,30.730625,23.947708333333335,83.8884375,1.1444791666666665,9.15125,4.383333333333334,5.046026315789474,77.4598947368421,99.56260416666667,0
5984,26.934166666666666,30.730625,23.947708333333335,83.8884375,1.1444791666666665,9.15125,4.383333333333334,5.046026315789474,77.4598947368421,99.56260416666667,6
5985,27.061666666666667,30.608854166666664,24.6046875,84.15708333333333,1.144375,8.82,3.8010416666666664,5.126778947368421,76.06557894736842,99.58270833333334,204
5986,27.061666666666667,30.608854166666664,24.6046875,84.15708333333333,1.144375,8.82,3.8010416666666664,5.126778947368421,76.06557894736842,99.58270833333334,12
5987,27.061666666666667,30.608854166666664,24.6046875,84.15708333333333,1.144375,8.82,3.8010416666666664,4.935505263157895,78.26905263157896,99.58270833333334,3
5988,27.061666666666667,30.608854166666664,24.6046875,84.15708333333333,1.144375,8.82,3.8010416666666664,4.935505263157895,78.26905263157896,99.58270833333334,6
5989,27.061666666666667,30.608854166666664,24.6046875,84.15708333333333,1.144375,8.82,3.8010416666666664,4.935505263157895,78.26905263157896,99.58270833333334,0
5990,27.987083333333334,30.232708333333335,26.24291666666667,81.91927083333333,1.1532291666666665,8.550520833333334,4.1978125,4.935505263157895,78.26905263157896,100.63604166666666,18
5991,27.987083333333334,30.232708333333335,26.24291666666667,81.91927083333333,1.1532291666666665,8.550520833333334,4.1978125,4.939378947368421,79.4718947368421,100.63604166666666,3
5992,27.987083333333334,30.232708333333335,26.24291666666667,81.91927083333333,1.1532291666666665,8.550520833333334,4.1978125,5.126778947368421,76.06557894736842,100.63604166666666,8
5993,27.987083333333334,30.232708333333335,26.24291666666667,81.91927083333333,1.1532291666666665,8.550520833333334,4.1978125,5.126778947368421,76.06557894736842,100.63604166666666,7
5994,27.987083333333334,30.232708333333335,26.24291666666667,81.91927083333333,1.1532291666666665,8.550520833333334,4.1978125,5.126778947368421,76.06557894736842,100.63604166666666,12
5995,27.987083333333334,30.232708333333335,26.24291666666667,81.91927083333333,1.1532291666666665,8.550520833333334,4.1978125,4.935505263157895,78.26905263157896,100.63604166666666,7
5996,27.987083333333334,30.232708333333335,26.24291666666667,81.91927083333333,1.1532291666666665,8.550520833333334,4.1978125,4.939378947368421,79.4718947368421,100.63604166666666,8
5997,27.061666666666667,30.608854166666664,24.6046875,84.15708333333333,1.144375,8.82,3.8010416666666664,4.935505263157895,78.26905263157896,99.58270833333334,9
5998,27.987083333333334,30.232708333333335,26.24291666666667,81.91927083333333,1.1532291666666665,8.550520833333334,4.1978125,4.935505263157895,78.26905263157896,100.63604166666666,7
5999,27.061666666666667,30.608854166666664,24.6046875,84.15708333333333,1.144375,8.82,3.8010416666666664,4.935505263157895,78.26905263157896,99.58270833333334,9
6000,27.987083333333334,30.232708333333335,26.24291666666667,81.91927083333333,1.1532291666666665,8.550520833333334,4.1978125,4.939378947368421,79.4718947368421,100.63604166666666,47
6001,27.061666666666667,30.608854166666664,24.6046875,84.15708333333333,1.144375,8.82,3.8010416666666664,4.935505263157895,78.26905263157896,99.58270833333334,7
6002,27.061666666666667,30.608854166666664,24.6046875,84.15708333333333,1.144375,8.82,3.8010416666666664,5.126778947368421,76.06557894736842,99.58270833333334,11
6003,27.061666666666667,30.608854166666664,24.6046875,84.15708333333333,1.144375,8.82,3.8010416666666664,5.126778947368421,76.06557894736842,99.58270833333334,6
6004,25.3003125,31.1228125,21.00125,86.71395833333332,1.12125,6.790937500000001,2.6044791666666667,5.352398947368421,80.00084210526316,97.10677083333333,21
6005,28.043020833333333,29.36645833333333,26.498125,81.71843750000001,1.1572916666666666,5.8484375,4.422916666666667,5.2373042105263155,78.85231578947369,100.77041666666666,5
6006,27.0228125,30.597291666666667,24.474999999999998,83.5196875,1.1436458333333333,6.353854166666667,3.9375,5.0455736842105265,81.12863157894738,99.51010416666666,7
6007,27.0228125,30.597291666666667,24.474999999999998,83.5196875,1.1436458333333333,6.353854166666667,3.9375,5.0455736842105265,81.12863157894738,99.51010416666666,7
6008,25.3003125,31.1228125,21.00125,86.71395833333332,1.12125,6.790937499999999,2.6044791666666667,5.352398947368421,80.00084210526316,97.10677083333333,302
6009,26.848645833333332,30.95958333333333,23.868125000000003,84.54718749999999,1.1454166666666665,6.704895833333333,3.2670833333333333,5.2373042105263155,78.85231578947369,99.52802083333334,160
6010,27.0228125,30.597291666666667,24.474999999999998,83.5196875,1.1436458333333333,6.353854166666667,3.9375,5.0455736842105265,81.12863157894738,99.51010416666666,11
6011,26.848645833333332,30.95958333333333,23.868125000000003,84.54718749999999,1.1454166666666665,6.704895833333333,3.2670833333333333,5.2373042105263155,78.85231578947369,99.52802083333334,135
6012,27.0228125,30.597291666666667,24.474999999999998,83.5196875,1.1436458333333333,6.353854166666667,3.9375,5.0455736842105265,81.12863157894738,99.51010416666666,6
6013,27.205624999999998,31.051145833333333,24.750312500000003,82.94114583333334,1.1452083333333334,6.677604166666666,3.2830208333333335,5.0455736842105265,81.12863157894738,99.64718749999999,172
6014,26.848645833333332,30.95958333333333,23.868125000000003,84.54718749999999,1.1454166666666665,6.704895833333333,3.2670833333333333,5.352398947368421,80.00084210526316,99.52802083333334,8
6015,26.848645833333332,30.95958333333333,23.868125000000003,84.54718749999999,1.1454166666666665,6.704895833333333,3.2670833333333333,5.352398947368421,80.00084210526316,99.52802083333334,53
6016,27.0228125,30.597291666666667,24.474999999999998,83.5196875,1.1436458333333333,6.353854166666667,3.9375,5.0455736842105265,81.12863157894738,99.51010416666666,10
6017,27.205624999999998,31.051145833333333,24.750312500000003,82.94114583333334,1.1452083333333334,6.677604166666666,3.2830208333333335,5.0455736842105265,81.12863157894738,99.64718749999999,176
6019,27.0228125,30.597291666666667,24.474999999999998,83.5196875,1.1436458333333333,6.353854166666667,3.9375,5.0455736842105265,81.12863157894738,99.51010416666666,13
6021,27.205624999999998,31.051145833333333,24.750312500000003,82.94114583333334,1.1452083333333334,6.677604166666666,3.2830208333333335,5.0455736842105265,81.12863157894738,99.64718749999999,110
6022,26.848645833333332,30.95958333333333,23.868125000000003,84.54718749999999,1.1454166666666665,6.704895833333333,3.2670833333333333,5.352398947368421,80.00084210526316,99.52802083333334,12
6023,27.205624999999998,31.051145833333333,24.750312500000003,82.94114583333334,1.1452083333333334,6.677604166666666,3.2830208333333335,5.0455736842105265,81.12863157894738,99.64718749999999,516
6024,27.0228125,30.597291666666667,24.474999999999998,83.5196875,1.1436458333333333,6.353854166666667,3.9375,5.0455736842105265,81.12863157894738,99.51010416666666,92
6025,27.915625000000002,29.764791666666667,26.223333333333333,81.20260416666666,1.151875,5.370104166666667,3.8490625,5.2373042105263155,78.85231578947369,100.43531250000001,7
6026,27.205624999999998,31.051145833333333,24.750312500000003,82.94114583333334,1.1452083333333334,6.677604166666666,3.2830208333333335,5.0455736842105265,81.12863157894738,99.64718749999999,30
6027,25.3003125,31.1228125,21.00125,86.71395833333332,1.12125,6.790937499999999,2.6044791666666667,5.352398947368421,80.00084210526316,97.10677083333333,11
6028,27.915625000000002,29.764791666666667,26.223333333333333,81.20260416666666,1.151875,5.370104166666667,3.8490625,5.2373042105263155,78.85231578947369,100.43531250000001,4
6029,27.915625000000002,29.764791666666667,26.223333333333333,81.20260416666666,1.151875,5.370104166666667,3.8490625,5.2373042105263155,78.85231578947369,100.43531250000001,6
6030,26.848645833333332,30.95958333333333,23.868125000000003,84.54718749999999,1.1454166666666665,6.704895833333333,3.2670833333333333,5.2373042105263155,78.85231578947369,99.52802083333334,229
6031,25.881354166666668,31.250520833333336,22.22072916666667,85.22479166666666,1.1265625,7.726458333333333,2.591875,5.442425263157895,78.47505263157895,97.59666666666668,263
6032,25.3003125,31.1228125,21.00125,86.71395833333332,1.12125,6.790937499999999,2.6044791666666667,5.442425263157895,78.47505263157895,97.10677083333333,46
6033,27.899583333333336,32.51416666666667,25.081458333333334,80.27385416666667,1.1497916666666665,6.104166666666667,2.667291666666667,5.442425263157895,78.47505263157895,100.18989583333332,10
6034,27.899583333333336,32.51416666666667,25.081458333333334,80.27385416666667,1.1497916666666665,6.104166666666667,2.667291666666667,5.442425263157895,78.47505263157895,100.18989583333332,38
6035,25.3003125,31.1228125,21.00125,86.71395833333332,1.12125,6.790937500000001,2.6044791666666667,5.442425263157895,78.47505263157895,97.10677083333333,259
6036,25.3003125,31.1228125,21.00125,86.71395833333332,1.12125,6.790937499999999,2.6044791666666667,5.0455736842105265,81.12863157894738,97.10677083333333,63
6037,27.899583333333336,32.51416666666667,25.081458333333334,80.27385416666667,1.1497916666666665,6.104166666666667,2.667291666666667,5.442425263157895,78.47505263157895,100.18989583333332,146
6038,25.881354166666668,31.250520833333336,22.22072916666667,85.22479166666666,1.1265625,7.726458333333333,2.591875,5.0455736842105265,81.12863157894738,97.59666666666668,596
6039,27.899583333333336,32.51416666666667,25.081458333333334,80.27385416666667,1.1497916666666665,6.104166666666667,2.667291666666667,5.442425263157895,78.47505263157895,100.18989583333332,6
6040,25.881354166666668,31.250520833333336,22.22072916666667,85.22479166666666,1.1265625,7.726458333333333,2.591875,5.442425263157895,78.47505263157895,97.59666666666668,9
6041,25.3003125,31.1228125,21.00125,86.71395833333332,1.12125,6.790937500000001,2.6044791666666667,5.442425263157895,78.47505263157895,97.10677083333333,418
6042,27.899583333333336,32.51416666666667,25.081458333333334,80.27385416666667,1.1497916666666665,6.104166666666667,2.667291666666667,5.442425263157895,78.47505263157895,100.18989583333332,31
6043,25.881354166666668,31.250520833333336,22.22072916666667,85.22479166666666,1.1265625,7.726458333333333,2.591875,5.0455736842105265,81.12863157894738,97.59666666666668,47
6044,27.899583333333336,32.51416666666667,25.081458333333334,80.27385416666667,1.1497916666666665,6.104166666666667,2.667291666666667,5.442425263157895,78.47505263157895,100.18989583333332,19
6045,25.3003125,31.1228125,21.00125,86.71395833333332,1.12125,6.790937499999999,2.6044791666666667,5.0455736842105265,81.12863157894738,97.10677083333333,312
6046,25.881354166666668,31.250520833333336,22.22072916666667,85.22479166666666,1.1265625,7.726458333333333,2.591875,5.0455736842105265,81.12863157894738,97.59666666666668,19
6047,25.3003125,31.1228125,21.00125,86.71395833333332,1.12125,6.790937499999999,2.6044791666666667,5.442425263157895,78.47505263157895,97.10677083333333,28
6048,27.899583333333336,32.51416666666667,25.081458333333334,80.27385416666667,1.1497916666666665,6.104166666666667,2.667291666666667,5.442425263157895,78.47505263157895,100.18989583333332,14
6050,27.899583333333336,32.51416666666667,25.081458333333334,80.27385416666667,1.1497916666666665,6.104166666666667,2.667291666666667,5.442425263157895,78.47505263157895,100.18989583333332,241
6051,27.899583333333336,32.51416666666667,25.081458333333334,80.27385416666667,1.1497916666666665,6.104166666666667,2.667291666666667,5.442425263157895,78.47505263157895,100.18989583333332,380
6052,25.3003125,31.1228125,21.00125,86.71395833333332,1.12125,6.790937499999999,2.6044791666666667,5.0455736842105265,81.12863157894738,97.10677083333333,269
6053,27.899583333333336,32.51416666666667,25.081458333333334,80.27385416666667,1.1497916666666665,6.104166666666667,2.667291666666667,5.442425263157895,78.47505263157895,100.18989583333332,11
6054,25.881354166666668,31.250520833333336,22.22072916666667,85.22479166666666,1.1265625,7.726458333333333,2.591875,5.0455736842105265,81.12863157894738,97.59666666666668,28
6055,25.3003125,31.1228125,21.00125,86.71395833333332,1.12125,6.790937499999999,2.6044791666666667,5.442425263157895,78.47505263157895,97.10677083333333,311
6056,25.881354166666668,31.250520833333336,22.22072916666667,85.22479166666666,1.1265625,7.726458333333333,2.591875,5.442425263157895,78.47505263157895,97.59666666666668,9
6057,27.899583333333336,32.51416666666667,25.081458333333334,80.27385416666667,1.1497916666666665,6.104166666666667,2.667291666666667,5.442425263157895,78.47505263157895,100.18989583333332,67
6058,25.3003125,31.1228125,21.00125,86.71395833333332,1.12125,6.790937499999999,2.6044791666666667,5.442425263157895,78.47505263157895,97.10677083333333,446
6059,27.899583333333336,32.51416666666667,25.081458333333334,80.27385416666667,1.1497916666666665,6.104166666666667,2.667291666666667,5.2373042105263155,78.85231578947369,100.18989583333332,15
6060,27.899583333333336,32.51416666666667,25.081458333333334,80.27385416666667,1.1497916666666665,6.104166666666667,2.667291666666667,5.442425263157895,78.47505263157895,100.18989583333332,197
6061,27.899583333333336,32.51416666666667,25.081458333333334,80.27385416666667,1.1497916666666665,6.104166666666667,2.667291666666667,5.2373042105263155,78.85231578947369,100.18989583333332,174
6062,27.899583333333336,32.51416666666667,25.081458333333334,80.27385416666667,1.1497916666666665,6.104166666666667,2.667291666666667,5.2373042105263155,78.85231578947369,100.18989583333332,17
6063,26.848645833333332,30.95958333333333,23.868125000000003,84.54718749999999,1.1454166666666665,6.704895833333333,3.2670833333333333,5.2373042105263155,78.85231578947369,99.52802083333334,12
6064,26.848645833333332,30.95958333333333,23.868125000000003,84.54718749999999,1.1454166666666665,6.704895833333333,3.2670833333333333,5.2373042105263155,78.85231578947369,99.52802083333334,5
6065,27.899583333333336,32.51416666666667,25.081458333333334,80.27385416666667,1.1497916666666665,6.104166666666667,2.667291666666667,5.2373042105263155,78.85231578947369,100.18989583333332,27
6066,27.899583333333336,32.51416666666667,25.081458333333334,80.27385416666667,1.1497916666666665,6.104166666666667,2.667291666666667,5.442425263157895,78.47505263157895,100.18989583333332,28
6067,26.848645833333332,30.95958333333333,23.868125000000003,84.54718749999999,1.1454166666666665,6.704895833333333,3.2670833333333333,5.2373042105263155,78.85231578947369,99.52802083333334,55
6068,27.899583333333336,32.51416666666667,25.081458333333334,80.27385416666667,1.1497916666666665,6.104166666666667,2.667291666666667,5.2373042105263155,78.85231578947369,100.18989583333332,20
6069,27.7,31.595625,25.062604166666663,80.97427083333334,1.1495833333333332,6.081458333333334,2.851354166666667,5.2373042105263155,78.85231578947369,100.08770833333334,11
6070,27.7,31.595625,25.062604166666663,80.97427083333334,1.1495833333333332,6.081458333333334,2.851354166666667,5.2373042105263155,78.85231578947369,100.08770833333334,35
6071,27.899583333333336,32.51416666666667,25.081458333333334,80.27385416666667,1.1497916666666665,6.104166666666667,2.667291666666667,5.2373042105263155,78.85231578947369,100.18989583333332,38
6072,27.7,31.595625,25.062604166666663,80.97427083333334,1.1495833333333332,6.081458333333334,2.851354166666667,5.2373042105263155,78.85231578947369,100.08770833333334,13
6073,26.848645833333332,30.95958333333333,23.868125000000003,84.54718749999999,1.1454166666666665,6.704895833333333,3.2670833333333333,5.2373042105263155,78.85231578947369,99.52802083333334,120
6074,27.7,31.595625,25.062604166666663,80.97427083333334,1.1495833333333332,6.081458333333334,2.851354166666667,5.2373042105263155,78.85231578947369,100.08770833333334,33
6075,27.36145833333333,31.460520833333334,24.5125,81.8865625,1.1435416666666665,6.1648958333333335,3.53125,5.116216842105263,84.28905263157895,99.66552083333333,426
6076,22.0240625,27.955833333333334,17.093125,88.55666666666667,1.0697916666666667,6.788541666666667,2.1432291666666665,4.8998178947368425,75.64947368421052,91.25489583333332,458
6077,22.0240625,27.955833333333334,17.093125,88.55666666666667,1.0697916666666667,6.788541666666667,2.1432291666666665,4.8998178947368425,75.64947368421052,91.25489583333332,624
6078,24.1209375,30.034583333333334,19.308541666666667,86.98770833333333,1.1035416666666669,6.320416666666667,2.2701041666666666,5.0748926315789475,75.84094736842106,95.16291666666666,281
6079,24.1209375,30.034583333333334,19.308541666666667,86.98770833333333,1.1035416666666669,6.320416666666667,2.2701041666666666,5.025598947368421,80.51326315789474,95.16291666666666,353
6080,24.1209375,30.034583333333334,19.308541666666667,86.98770833333333,1.1035416666666669,6.320416666666667,2.2701041666666666,5.0748926315789475,75.84094736842106,95.16291666666666,310
6081,24.072708333333335,30.181354166666665,19.5734375,85.08052083333332,1.0928125000000002,6.693541666666667,2.2202083333333333,4.8998178947368425,75.64947368421052,94.24864583333334,634
6082,24.1209375,30.034583333333334,19.308541666666667,86.98770833333333,1.1035416666666669,6.320416666666667,2.2701041666666666,5.0748926315789475,75.84094736842106,95.16291666666666,337
6083,24.1209375,30.034583333333334,19.308541666666667,86.98770833333333,1.1035416666666669,6.320416666666667,2.2701041666666666,5.0748926315789475,75.84094736842106,95.16291666666666,486
6084,24.1209375,30.034583333333334,19.308541666666667,86.98770833333333,1.1035416666666669,6.320416666666667,2.2701041666666666,5.0748926315789475,75.84094736842106,95.16291666666666,362
6085,24.1209375,30.034583333333334,19.308541666666667,86.98770833333333,1.1035416666666669,6.320416666666667,2.2701041666666666,5.025598947368421,80.51326315789474,95.16291666666666,338
6086,22.0240625,27.955833333333334,17.093125,88.55666666666667,1.0697916666666667,6.788541666666667,2.1432291666666665,5.025598947368421,80.51326315789474,91.25489583333332,616
6087,24.072708333333335,30.181354166666665,19.5734375,85.08052083333332,1.0928125000000002,6.693541666666667,2.2202083333333333,5.116216842105263,84.28905263157895,94.24864583333334,599
6088,24.072708333333335,30.181354166666665,19.5734375,85.08052083333332,1.0928125000000002,6.693541666666667,2.2202083333333333,5.116216842105263,84.28905263157895,94.24864583333334,118
6089,24.072708333333335,30.181354166666665,19.5734375,85.08052083333332,1.0928125000000002,6.693541666666667,2.2202083333333333,5.116216842105263,84.28905263157895,94.24864583333334,519
6090,22.0240625,27.955833333333334,17.093125,88.55666666666667,1.0697916666666667,6.788541666666667,2.1432291666666665,5.025598947368421,80.51326315789474,91.25489583333332,278
6091,22.0240625,27.955833333333334,17.093125,88.55666666666667,1.0697916666666667,6.788541666666667,2.1432291666666665,5.0748926315789475,75.84094736842106,91.25489583333332,708
6092,24.1209375,30.034583333333334,19.308541666666667,86.98770833333333,1.1035416666666669,6.320416666666667,2.2701041666666666,5.025598947368421,80.51326315789474,95.16291666666666,274
6093,25.418541666666666,34.021458333333335,20.182395833333334,86.74437499999999,1.1296875,7.92625,1.316875,5.025598947368421,80.51326315789474,97.66708333333334,385
6094,24.072708333333335,30.181354166666665,19.5734375,85.08052083333332,1.0928125000000002,6.693541666666667,2.2202083333333333,5.116216842105263,84.28905263157895,94.24864583333334,536
6095,23.248125,29.201562499999998,18.294791666666665,86.34833333333334,1.0804166666666668,6.82375,2.354375,5.116216842105263,84.28905263157895,92.7578125,401
6096,22.0240625,27.955833333333334,17.093125,88.55666666666667,1.0697916666666667,6.788541666666667,2.1432291666666665,5.025598947368421,80.51326315789474,91.25489583333332,331
6097,28.360208333333333,29.75375,26.604166666666668,80.10906250000001,1.1570833333333332,5.409166666666667,4.965520833333334,5.252634736842105,74.68157894736842,100.89958333333334,20
6098,26.652916666666666,29.980104166666667,24.133854166666666,83.05395833333334,1.1357291666666665,7.152291666666667,3.354270833333333,5.252634736842105,74.68157894736842,98.60718750000001,8
6099,26.652916666666666,29.980104166666667,24.133854166666666,83.05395833333334,1.1357291666666665,7.152291666666667,3.354270833333333,5.252634736842105,74.68157894736842,98.60718750000001,30
6100,26.652916666666666,29.980104166666667,24.133854166666666,83.05395833333334,1.1357291666666665,7.152291666666667,3.354270833333333,5.252634736842105,74.68157894736842,98.60718750000001,20
6101,26.652916666666666,29.980104166666667,24.133854166666666,83.05395833333334,1.1357291666666665,7.152291666666667,3.354270833333333,5.252634736842105,74.68157894736842,98.60718750000001,20
6102,25.881354166666668,31.250520833333336,22.22072916666667,85.22479166666666,1.1265625,7.726458333333333,2.591875,5.116216842105263,84.28905263157895,97.59666666666668,25
6103,23.248125,29.201562499999998,18.294791666666665,86.34833333333334,1.0804166666666668,6.82375,2.354375,5.116216842105263,84.28905263157895,92.7578125,372
6104,25.881354166666668,31.250520833333336,22.22072916666667,85.22479166666666,1.1265625,7.726458333333333,2.591875,5.0455736842105265,81.12863157894738,97.59666666666668,12
6105,23.248125,29.201562499999998,18.294791666666665,86.34833333333334,1.0804166666666668,6.82375,2.354375,5.116216842105263,84.28905263157895,92.7578125,10
6106,25.881354166666668,31.250520833333336,22.22072916666667,85.22479166666666,1.1265625,7.726458333333333,2.591875,5.442425263157895,78.47505263157895,97.59666666666668,18
6107,23.248125,29.201562499999998,18.294791666666665,86.34833333333334,1.0804166666666668,6.82375,2.354375,5.116216842105263,84.28905263157895,92.7578125,19
6108,25.881354166666668,31.250520833333336,22.22072916666667,85.22479166666666,1.1265625,7.726458333333333,2.591875,5.0455736842105265,81.12863157894738,97.59666666666668,17
6109,25.881354166666668,31.250520833333336,22.22072916666667,85.22479166666666,1.1265625,7.726458333333333,2.591875,5.442425263157895,78.47505263157895,97.59666666666668,8
6110,23.248125,29.201562499999998,18.294791666666665,86.34833333333334,1.0804166666666668,6.82375,2.354375,5.116216842105263,84.28905263157895,92.7578125,12
6111,25.881354166666668,31.250520833333336,22.22072916666667,85.22479166666666,1.1265625,7.726458333333333,2.591875,5.0455736842105265,81.12863157894738,97.59666666666668,231
6112,25.881354166666668,31.250520833333336,22.22072916666667,85.22479166666666,1.1265625,7.726458333333333,2.591875,5.0455736842105265,81.12863157894738,97.59666666666668,12
6113,23.248125,29.201562499999998,18.294791666666665,86.34833333333334,1.0804166666666668,6.82375,2.354375,5.116216842105263,84.28905263157895,92.7578125,345
6114,25.881354166666668,31.250520833333336,22.22072916666667,85.22479166666666,1.1265625,7.726458333333333,2.591875,5.116216842105263,84.28905263157895,97.59666666666668,377
6115,25.881354166666668,31.250520833333336,22.22072916666667,85.22479166666666,1.1265625,7.726458333333333,2.591875,5.442425263157895,78.47505263157895,97.59666666666668,660
6116,23.248125,29.201562499999998,18.294791666666665,86.34833333333334,1.0804166666666668,6.82375,2.354375,5.116216842105263,84.28905263157895,92.7578125,568
6117,23.248125,29.201562499999998,18.294791666666665,86.34833333333334,1.0804166666666668,6.82375,2.354375,5.116216842105263,84.28905263157895,92.7578125,582
6118,23.248125,29.201562499999998,18.294791666666665,86.34833333333334,1.0804166666666668,6.82375,2.354375,5.116216842105263,84.28905263157895,92.7578125,271
6119,25.881354166666668,31.250520833333336,22.22072916666667,85.22479166666666,1.1265625,7.726458333333333,2.591875,5.442425263157895,78.47505263157895,97.59666666666668,44
6120,25.881354166666668,31.250520833333336,22.22072916666667,85.22479166666666,1.1265625,7.726458333333333,2.591875,5.442425263157895,78.47505263157895,97.59666666666668,42
6121,25.881354166666668,31.250520833333336,22.22072916666667,85.22479166666666,1.1265625,7.726458333333333,2.591875,5.442425263157895,78.47505263157895,97.59666666666668,0
6122,23.248125,29.201562499999998,18.294791666666665,86.34833333333334,1.0804166666666668,6.82375,2.354375,5.116216842105263,84.28905263157895,92.7578125,402
6123,25.881354166666668,31.250520833333336,22.22072916666667,85.22479166666666,1.1265625,7.726458333333333,2.591875,5.0455736842105265,81.12863157894738,97.59666666666668,315
6124,25.881354166666668,31.250520833333336,22.22072916666667,85.22479166666666,1.1265625,7.726458333333333,2.591875,5.0455736842105265,81.12863157894738,97.59666666666668,10
6125,27.205624999999998,31.051145833333333,24.750312500000003,82.94114583333334,1.1452083333333334,6.677604166666666,3.2830208333333335,5.0455736842105265,81.12863157894738,99.64718749999999,11
6126,27.205624999999998,31.051145833333333,24.750312500000003,82.94114583333334,1.1452083333333334,6.677604166666666,3.2830208333333335,5.0455736842105265,81.12863157894738,99.64718749999999,13
6127,25.881354166666668,31.250520833333336,22.22072916666667,85.22479166666666,1.1265625,7.726458333333333,2.591875,5.0455736842105265,81.12863157894738,97.59666666666668,100
6128,27.205624999999998,31.051145833333333,24.750312500000003,82.94114583333334,1.1452083333333334,6.677604166666666,3.2830208333333335,5.0455736842105265,81.12863157894738,99.64718749999999,109
6129,25.881354166666668,31.250520833333336,22.22072916666667,85.22479166666666,1.1265625,7.726458333333333,2.591875,5.0455736842105265,81.12863157894738,97.59666666666668,8
6130,27.205624999999998,31.051145833333333,24.750312500000003,82.94114583333334,1.1452083333333334,6.677604166666666,3.2830208333333335,5.0455736842105265,81.12863157894738,99.64718749999999,646
6132,27.205624999999998,31.051145833333333,24.750312500000003,82.94114583333334,1.1452083333333334,6.677604166666666,3.2830208333333335,5.0455736842105265,81.12863157894738,99.64718749999999,21
6133,27.205624999999998,31.051145833333333,24.750312500000003,82.94114583333334,1.1452083333333334,6.677604166666666,3.2830208333333335,5.0455736842105265,81.12863157894738,99.64718749999999,20
6134,27.205624999999998,31.051145833333333,24.750312500000003,82.94114583333334,1.1452083333333334,6.677604166666666,3.2830208333333335,5.0455736842105265,81.12863157894738,99.64718749999999,3
6135,27.205624999999998,31.051145833333333,24.750312500000003,82.94114583333334,1.1452083333333334,6.677604166666666,3.2830208333333335,5.0455736842105265,81.12863157894738,99.64718749999999,6
6136,27.205624999999998,31.051145833333333,24.750312500000003,82.94114583333334,1.1452083333333334,6.677604166666666,3.2830208333333335,5.0455736842105265,81.12863157894738,99.64718749999999,11
6137,27.205624999999998,31.051145833333333,24.750312500000003,82.94114583333334,1.1452083333333334,6.677604166666666,3.2830208333333335,5.0455736842105265,81.12863157894738,99.64718749999999,7
6138,27.205624999999998,31.051145833333333,24.750312500000003,82.94114583333334,1.1452083333333334,6.677604166666666,3.2830208333333335,5.0455736842105265,81.12863157894738,99.64718749999999,114
6139,27.205624999999998,31.051145833333333,24.750312500000003,82.94114583333334,1.1452083333333334,6.677604166666666,3.2830208333333335,5.0455736842105265,81.12863157894738,99.64718749999999,10
6140,25.881354166666668,31.250520833333336,22.22072916666667,85.22479166666666,1.1265625,7.726458333333333,2.591875,5.0455736842105265,81.12863157894738,97.59666666666668,8
6141,25.881354166666668,31.250520833333336,22.22072916666667,85.22479166666666,1.1265625,7.726458333333333,2.591875,5.0455736842105265,81.12863157894738,97.59666666666668,5
6142,27.36145833333333,31.460520833333334,24.5125,81.8865625,1.1435416666666665,6.1648958333333335,3.53125,5.116216842105263,84.28905263157895,99.66552083333333,23
6143,24.072708333333335,30.181354166666665,19.5734375,85.08052083333332,1.0928125000000002,6.693541666666667,2.2202083333333333,5.116216842105263,84.28905263157895,94.24864583333334,6
6144,26.652916666666666,29.980104166666667,24.133854166666666,83.05395833333334,1.1357291666666665,7.152291666666667,3.354270833333333,5.252634736842105,74.68157894736842,98.60718750000001,6
6145,26.652916666666666,29.980104166666667,24.133854166666666,83.05395833333334,1.1357291666666665,7.152291666666667,3.354270833333333,5.116216842105263,84.28905263157895,98.60718750000001,61
6146,27.36145833333333,31.460520833333334,24.5125,81.8865625,1.1435416666666665,6.1648958333333335,3.53125,5.116216842105263,84.28905263157895,99.66552083333333,7
6147,24.072708333333335,30.181354166666665,19.5734375,85.08052083333332,1.0928125000000002,6.693541666666667,2.2202083333333333,5.116216842105263,84.28905263157895,94.24864583333334,661
6148,27.36145833333333,31.460520833333334,24.5125,81.8865625,1.1435416666666665,6.1648958333333335,3.53125,5.116216842105263,84.28905263157895,99.66552083333333,3
6149,26.652916666666666,29.980104166666667,24.133854166666666,83.05395833333334,1.1357291666666665,7.152291666666667,3.354270833333333,4.8998178947368425,75.64947368421052,98.60718750000001,7
6150,27.36145833333333,31.460520833333334,24.5125,81.8865625,1.1435416666666665,6.1648958333333335,3.53125,5.116216842105263,84.28905263157895,99.66552083333333,13
6151,27.36145833333333,31.460520833333334,24.5125,81.8865625,1.1435416666666665,6.1648958333333335,3.53125,5.116216842105263,84.28905263157895,99.66552083333333,7
6152,24.072708333333335,30.181354166666665,19.5734375,85.08052083333332,1.0928125000000002,6.693541666666667,2.2202083333333333,5.116216842105263,84.28905263157895,94.24864583333334,23
6153,26.652916666666666,29.980104166666667,24.133854166666666,83.05395833333334,1.1357291666666665,7.152291666666667,3.354270833333333,5.116216842105263,84.28905263157895,98.60718750000001,11
6154,26.652916666666666,29.980104166666667,24.133854166666666,83.05395833333334,1.1357291666666665,7.152291666666667,3.354270833333333,5.116216842105263,84.28905263157895,98.60718750000001,5
6155,27.36145833333333,31.460520833333334,24.5125,81.8865625,1.1435416666666665,6.1648958333333335,3.53125,5.116216842105263,84.28905263157895,99.66552083333333,136
6156,27.36145833333333,31.460520833333334,24.5125,81.8865625,1.1435416666666665,6.1648958333333335,3.53125,5.116216842105263,84.28905263157895,99.66552083333333,6
6157,27.36145833333333,31.460520833333334,24.5125,81.8865625,1.1435416666666665,6.1648958333333335,3.53125,5.116216842105263,84.28905263157895,99.66552083333333,9
6159,27.36145833333333,31.460520833333334,24.5125,81.8865625,1.1435416666666665,6.1648958333333335,3.53125,5.116216842105263,84.28905263157895,99.66552083333333,8
6160,26.652916666666666,29.980104166666667,24.133854166666666,83.05395833333334,1.1357291666666665,7.152291666666667,3.354270833333333,4.8998178947368425,75.64947368421052,98.60718750000001,6
6161,27.36145833333333,31.460520833333334,24.5125,81.8865625,1.1435416666666665,6.1648958333333335,3.53125,5.116216842105263,84.28905263157895,99.66552083333333,12
6162,27.36145833333333,31.460520833333334,24.5125,81.8865625,1.1435416666666665,6.1648958333333335,3.53125,5.116216842105263,84.28905263157895,99.66552083333333,117
6163,26.652916666666666,29.980104166666667,24.133854166666666,83.05395833333334,1.1357291666666665,7.152291666666667,3.354270833333333,5.116216842105263,84.28905263157895,98.60718750000001,5
6164,26.652916666666666,29.980104166666667,24.133854166666666,83.05395833333334,1.1357291666666665,7.152291666666667,3.354270833333333,5.116216842105263,84.28905263157895,98.60718750000001,128
6165,24.072708333333335,30.181354166666665,19.5734375,85.08052083333332,1.0928125000000002,6.693541666666667,2.2202083333333333,5.116216842105263,84.28905263157895,94.24864583333334,12
6166,26.652916666666666,29.980104166666667,24.133854166666666,83.05395833333334,1.1357291666666665,7.152291666666667,3.354270833333333,5.116216842105263,84.28905263157895,98.60718750000001,5
6167,24.072708333333335,30.181354166666665,19.5734375,85.08052083333332,1.0928125000000002,6.693541666666667,2.2202083333333333,5.116216842105263,84.28905263157895,94.24864583333334,6
6168,24.196979166666665,29.0496875,20.695520833333333,87.25072916666666,1.1058333333333334,7.256354166666667,2.756145833333333,4.882143157894737,80.29463157894736,95.26020833333332,72
6169,25.418541666666666,34.021458333333335,20.182395833333334,86.74437499999999,1.1296875,7.92625,1.316875,5.025598947368421,80.51326315789474,97.66708333333334,162
6171,26.329270833333336,34.54833333333333,21.247083333333332,84.73760416666667,1.1394791666666666,7.388750000000001,1.4594791666666664,5.025598947368421,80.51326315789474,98.80593750000001,13
6173,26.329270833333336,34.54833333333333,21.247083333333332,84.73760416666667,1.1394791666666666,7.388750000000001,1.4594791666666664,5.025598947368421,80.51326315789474,98.80593750000001,62
6174,26.654583333333335,31.669166666666666,23.346875,84.02666666666667,1.1426041666666666,9.140729166666667,2.5078125,4.882143157894737,80.29463157894736,99.2803125,56
6175,24.196979166666665,29.0496875,20.695520833333333,87.25072916666666,1.1058333333333334,7.256354166666667,2.756145833333333,5.025598947368421,80.51326315789474,95.26020833333332,88
6176,24.196979166666665,29.0496875,20.695520833333333,87.25072916666666,1.1058333333333334,7.256354166666667,2.756145833333333,5.025598947368421,80.51326315789474,95.26020833333332,82
6177,24.196979166666665,29.0496875,20.695520833333333,87.25072916666666,1.1058333333333334,7.256354166666667,2.756145833333333,4.882143157894737,80.29463157894736,95.26020833333332,204
6178,27.8665625,32.71364583333333,24.482812499999998,79.615,1.1503124999999998,5.9601041666666665,2.2104166666666667,5.025598947368421,80.51326315789474,100.24520833333334,9
6179,26.329270833333336,34.54833333333333,21.247083333333332,84.73760416666667,1.1394791666666666,7.388750000000001,1.4594791666666664,5.025598947368421,80.51326315789474,98.80593750000001,17
6180,26.329270833333336,34.54833333333333,21.247083333333332,84.73760416666667,1.1394791666666666,7.388750000000001,1.4594791666666664,5.025598947368421,80.51326315789474,98.80593750000001,8
6181,26.329270833333336,34.54833333333333,21.247083333333332,84.73760416666667,1.1394791666666666,7.388750000000001,1.4594791666666664,5.025598947368421,80.51326315789474,98.80593750000001,3
6182,26.329270833333336,34.54833333333333,21.247083333333332,84.73760416666667,1.1394791666666666,7.388750000000001,1.4594791666666664,5.025598947368421,80.51326315789474,98.80593750000001,24
6183,27.8665625,32.71364583333333,24.482812499999998,79.615,1.1503124999999998,5.9601041666666665,2.2104166666666667,5.025598947368421,80.51326315789474,100.24520833333334,25
6184,26.329270833333336,34.54833333333333,21.247083333333332,84.73760416666667,1.1394791666666666,7.388750000000001,1.4594791666666664,5.025598947368421,80.51326315789474,98.80593750000001,22
6185,26.329270833333336,34.54833333333333,21.247083333333332,84.73760416666667,1.1394791666666666,7.388750000000001,1.4594791666666664,5.025598947368421,80.51326315789474,98.80593750000001,21
6186,26.329270833333336,34.54833333333333,21.247083333333332,84.73760416666667,1.1394791666666666,7.388750000000001,1.4594791666666664,5.025598947368421,80.51326315789474,98.80593750000001,6
6187,26.329270833333336,34.54833333333333,21.247083333333332,84.73760416666667,1.1394791666666666,7.388750000000001,1.4594791666666664,5.025598947368421,80.51326315789474,98.80593750000001,109
6188,26.329270833333336,34.54833333333333,21.247083333333332,84.73760416666667,1.1394791666666666,7.388750000000001,1.4594791666666664,5.025598947368421,80.51326315789474,98.80593750000001,40
6189,26.329270833333336,34.54833333333333,21.247083333333332,84.73760416666667,1.1394791666666666,7.388750000000001,1.4594791666666664,5.025598947368421,80.51326315789474,98.80593750000001,349
6190,25.409583333333334,31.287604166666668,20.458125,84.7840625,1.1211458333333335,5.575,1.9792708333333333,5.225255789473684,75.26452631578948,97.19052083333334,159
6191,27.8665625,32.71364583333333,24.482812499999998,79.615,1.1503124999999998,5.9601041666666665,2.2104166666666667,5.025598947368421,80.51326315789474,100.24520833333334,5
6192,27.59375,31.138229166666665,25.12489583333333,79.19135416666667,1.1424999999999998,4.888645833333333,2.9877083333333334,5.225255789473684,75.26452631578948,99.58791666666667,16
6193,25.53322916666667,31.635,20.79489583333333,83.42156250000001,1.1208333333333333,4.7459375,2.111666666666667,5.225255789473684,75.26452631578948,97.14979166666666,20
6194,25.53322916666667,31.635,20.79489583333333,83.42156250000001,1.1208333333333333,4.7459375,2.111666666666667,5.225255789473684,75.26452631578948,97.14979166666666,67
6195,25.409583333333334,31.287604166666668,20.458125,84.7840625,1.1211458333333335,5.575,1.9792708333333333,5.225255789473684,75.26452631578948,97.19052083333334,99
6196,27.59375,31.138229166666665,25.12489583333333,79.19135416666667,1.1424999999999998,4.888645833333333,2.9877083333333334,5.225255789473684,75.26452631578948,99.58791666666667,13
6197,25.53322916666667,31.635,20.79489583333333,83.42156250000001,1.1208333333333333,4.7459375,2.111666666666667,5.225255789473684,75.26452631578948,97.14979166666666,56
6198,27.59375,31.138229166666665,25.12489583333333,79.19135416666667,1.1424999999999998,4.888645833333333,2.9877083333333334,5.225255789473684,75.26452631578948,99.58791666666667,14
6199,27.8665625,32.71364583333333,24.482812499999998,79.615,1.1503124999999998,5.9601041666666665,2.2104166666666667,5.225255789473684,75.26452631578948,100.24520833333334,6
6200,27.59375,31.138229166666665,25.12489583333333,79.19135416666667,1.1424999999999998,4.888645833333333,2.9877083333333334,5.225255789473684,75.26452631578948,99.58791666666667,10
6201,25.5859375,28.92760416666667,23.2521875,85.17916666666666,1.1208333333333333,4.894583333333333,3.6738541666666666,5.225255789473684,75.26452631578948,97.1103125,9
6202,25.5859375,28.92760416666667,23.2521875,85.17916666666666,1.1208333333333333,4.894583333333333,3.6738541666666666,5.28734,75.35315789473684,97.1103125,9
6203,27.59375,31.138229166666665,25.12489583333333,79.19135416666667,1.1424999999999998,4.888645833333333,2.9877083333333334,5.225255789473684,75.26452631578948,99.58791666666667,5
6204,27.59375,31.138229166666665,25.12489583333333,79.19135416666667,1.1424999999999998,4.888645833333333,2.9877083333333334,5.225255789473684,75.26452631578948,99.58791666666667,52
6205,27.7740625,29.143854166666667,26.3190625,81.90989583333334,1.1508333333333332,5.1665625,4.558541666666667,5.28734,75.35315789473684,100.30364583333333,35
6206,24.196979166666665,29.0496875,20.695520833333333,87.25072916666666,1.1058333333333334,7.256354166666667,2.756145833333333,4.882143157894737,80.29463157894736,95.26020833333332,7
6207,26.732812499999998,30.251145833333336,24.330624999999998,82.3940625,1.137708333333333,5.958645833333333,3.5007291666666664,5.195638947368421,75.64052631578947,98.69822916666668,14
6208,26.654583333333335,31.669166666666666,23.346875,84.02666666666667,1.1426041666666666,9.140729166666667,2.5078125,4.882143157894737,80.29463157894736,99.2803125,4
6209,28.1915625,29.73364583333333,26.581458333333334,81.0884375,1.1553125,7.3509375,4.738541666666666,4.882143157894737,80.29463157894736,100.71739583333334,26
6210,26.654583333333335,31.669166666666666,23.346875,84.02666666666667,1.1426041666666666,9.140729166666667,2.5078125,4.882143157894737,80.29463157894736,99.2803125,6
6211,27.958541666666665,29.6909375,26.4115625,80.73416666666667,1.1510416666666665,5.7375,4.18,5.195638947368421,75.64052631578947,100.39802083333332,9
6212,26.732812499999998,30.251145833333336,24.330624999999998,82.3940625,1.137708333333333,5.958645833333333,3.5007291666666664,5.195638947368421,75.64052631578947,98.69822916666668,9
6213,26.732812499999998,30.251145833333336,24.330624999999998,82.3940625,1.137708333333333,5.958645833333333,3.5007291666666664,4.882143157894737,80.29463157894736,98.69822916666668,7
6214,26.732812499999998,30.251145833333336,24.330624999999998,82.3940625,1.137708333333333,5.958645833333333,3.5007291666666664,5.195638947368421,75.64052631578947,98.69822916666668,10
6215,26.732812499999998,30.251145833333336,24.330624999999998,82.3940625,1.137708333333333,5.958645833333333,3.5007291666666664,5.195638947368421,75.64052631578947,98.69822916666668,21
6216,26.732812499999998,30.251145833333336,24.330624999999998,82.3940625,1.137708333333333,5.958645833333333,3.5007291666666664,4.882143157894737,80.29463157894736,98.69822916666668,11
6235,25.463645833333334,30.33458333333333,22.007395833333334,83.72052083333334,1.1196875000000002,4.37,2.8276041666666667,5.225255789473684,75.26452631578948,96.78052083333334,41
6236,25.463645833333334,30.33458333333333,22.007395833333334,83.72052083333334,1.1196875000000002,4.37,2.8276041666666667,5.28734,75.35315789473684,96.78052083333334,6
6237,26.946458333333336,30.30677083333333,24.598333333333333,80.68375,1.1360416666666666,5.36625,2.830416666666667,5.40986,80.03926315789474,98.62583333333333,7
6238,25.463645833333334,30.33458333333333,22.007395833333334,83.72052083333334,1.1196875000000002,4.37,2.8276041666666667,5.40986,80.03926315789474,96.78052083333334,7
6239,26.946458333333336,30.30677083333333,24.598333333333333,80.68375,1.1360416666666666,5.36625,2.830416666666667,5.046203157894737,79.24621052631579,98.62583333333333,13
6240,25.463645833333334,30.33458333333333,22.007395833333334,83.72052083333334,1.1196875000000002,4.37,2.8276041666666667,5.28734,75.35315789473684,96.78052083333334,7
6241,25.53322916666667,31.635,20.79489583333333,83.42156250000001,1.1208333333333333,4.7459375,2.111666666666667,5.225255789473684,75.26452631578948,97.14979166666666,139
6242,25.53322916666667,31.635,20.79489583333333,83.42156250000001,1.1208333333333333,4.7459375,2.111666666666667,5.046203157894737,79.24621052631579,97.14979166666666,169
6243,25.463645833333334,30.33458333333333,22.007395833333334,83.72052083333334,1.1196875000000002,4.37,2.8276041666666667,5.225255789473684,75.26452631578948,96.78052083333334,21
6244,25.53322916666667,31.635,20.79489583333333,83.42156250000001,1.1208333333333333,4.7459375,2.111666666666667,5.046203157894737,79.24621052631579,97.14979166666666,56
6245,25.463645833333334,30.33458333333333,22.007395833333334,83.72052083333334,1.1196875000000002,4.37,2.8276041666666667,5.046203157894737,79.24621052631579,96.78052083333334,737
6246,23.0734375,28.831458333333334,18.624166666666667,87.8690625,1.0888541666666667,5.0878125,2.293229166666667,5.046203157894737,79.24621052631579,93.205,103
6247,25.463645833333334,30.33458333333333,22.007395833333334,83.72052083333334,1.1196875000000002,4.37,2.8276041666666667,5.225255789473684,75.26452631578948,96.78052083333334,297
6248,23.0734375,28.831458333333334,18.624166666666667,87.8690625,1.0888541666666667,5.0878125,2.293229166666667,5.046203157894737,79.24621052631579,93.205,151
6249,25.53322916666667,31.635,20.79489583333333,83.42156250000001,1.1208333333333333,4.7459375,2.111666666666667,5.046203157894737,79.24621052631579,97.14979166666666,200
6250,25.463645833333334,30.33458333333333,22.007395833333334,83.72052083333334,1.1196875000000002,4.37,2.8276041666666667,5.046203157894737,79.24621052631579,96.78052083333334,532
6251,25.53322916666667,31.635,20.79489583333333,83.42156250000001,1.1208333333333333,4.7459375,2.111666666666667,5.046203157894737,79.24621052631579,97.14979166666666,131
6252,25.53322916666667,31.635,20.79489583333333,83.42156250000001,1.1208333333333333,4.7459375,2.111666666666667,5.046203157894737,79.24621052631579,97.14979166666666,35
6253,25.53322916666667,31.635,20.79489583333333,83.42156250000001,1.1208333333333333,4.7459375,2.111666666666667,5.046203157894737,79.24621052631579,97.14979166666666,310
6254,23.0734375,28.831458333333334,18.624166666666667,87.8690625,1.0888541666666667,5.0878125,2.293229166666667,5.046203157894737,79.24621052631579,93.205,119
6255,25.53322916666667,31.635,20.79489583333333,83.42156250000001,1.1208333333333333,4.7459375,2.111666666666667,5.046203157894737,79.24621052631579,97.14979166666666,70
6256,23.0734375,28.831458333333334,18.624166666666667,87.8690625,1.0888541666666667,5.0878125,2.293229166666667,5.046203157894737,79.24621052631579,93.205,45
6257,23.0734375,28.831458333333334,18.624166666666667,87.8690625,1.0888541666666667,5.0878125,2.293229166666667,5.046203157894737,79.24621052631579,93.205,66
6258,28.178124999999998,30.2234375,26.350729166666667,79.18010416666667,1.151875,5.593645833333333,3.1043749999999997,5.046203157894737,79.24621052631579,100.52729166666667,6
6259,26.086354166666666,32.3153125,20.785833333333333,84.61572916666667,1.1370833333333332,7.473645833333333,1.8322916666666667,5.046203157894737,79.24621052631579,98.52697916666666,28
6260,23.0734375,28.831458333333334,18.624166666666667,87.8690625,1.0888541666666667,5.0878125,2.293229166666667,5.046203157894737,79.24621052631579,93.205,9
6261,25.53322916666667,31.635,20.79489583333333,83.42156250000001,1.1208333333333333,4.7459375,2.111666666666667,5.046203157894737,79.24621052631579,97.14979166666666,32
6262,26.946458333333336,30.30677083333333,24.598333333333333,80.68375,1.1360416666666666,5.36625,2.830416666666667,5.046203157894737,79.24621052631579,98.62583333333333,9
6263,25.53322916666667,31.635,20.79489583333333,83.42156250000001,1.1208333333333333,4.7459375,2.111666666666667,5.046203157894737,79.24621052631579,97.14979166666666,34
6265,23.0734375,28.831458333333334,18.624166666666667,87.8690625,1.0888541666666667,5.0878125,2.293229166666667,5.046203157894737,79.24621052631579,93.205,50
6266,25.379583333333333,32.535000000000004,20.9421875,87.0415625,1.1267708333333333,10.729583333333332,1.6470833333333335,4.8998178947368425,75.64947368421052,97.54052083333333,6
6267,25.379583333333333,32.535000000000004,20.9421875,87.0415625,1.1267708333333333,10.729583333333332,1.6470833333333335,4.8998178947368425,75.64947368421052,97.54052083333333,6
6268,25.379583333333333,32.535000000000004,20.9421875,87.0415625,1.1267708333333333,10.729583333333332,1.6470833333333335,4.939378947368421,79.4718947368421,97.54052083333333,8
6269,26.652916666666666,29.980104166666667,24.133854166666666,83.05395833333334,1.1357291666666665,7.152291666666667,3.354270833333333,4.8998178947368425,75.64947368421052,98.60718750000001,7
6270,26.010416666666668,31.819479166666667,22.77354166666667,86.32583333333334,1.1329166666666666,9.82625,2.3989583333333333,4.939378947368421,79.4718947368421,98.23239583333333,46
6271,26.010416666666668,31.819479166666667,22.77354166666667,86.32583333333334,1.1329166666666666,9.82625,2.3989583333333333,4.939378947368421,79.4718947368421,98.23239583333333,49
6272,26.515,35.383125,21.00916666666667,84.86239583333334,1.1436458333333333,7.409270833333333,1.2126041666666667,4.8998178947368425,75.64947368421052,99.409375,11
6273,25.379583333333333,32.535000000000004,20.9421875,87.0415625,1.1267708333333333,10.729583333333332,1.6470833333333335,4.939378947368421,79.4718947368421,97.54052083333333,5
6274,25.379583333333333,32.535000000000004,20.9421875,87.0415625,1.1267708333333333,10.729583333333332,1.6470833333333335,4.8998178947368425,75.64947368421052,97.54052083333333,11
6275,25.379583333333333,32.535000000000004,20.9421875,87.0415625,1.1267708333333333,10.729583333333332,1.6470833333333335,4.939378947368421,79.4718947368421,97.54052083333333,8
6276,26.010416666666668,31.819479166666667,22.77354166666667,86.32583333333334,1.1329166666666666,9.82625,2.3989583333333333,4.939378947368421,79.4718947368421,98.23239583333333,65
6277,25.379583333333333,32.535000000000004,20.9421875,87.0415625,1.1267708333333333,10.729583333333332,1.6470833333333335,4.939378947368421,79.4718947368421,97.54052083333333,5
6278,26.515,35.383125,21.00916666666667,84.86239583333334,1.1436458333333333,7.409270833333333,1.2126041666666667,4.8998178947368425,75.64947368421052,99.409375,29
6279,26.654583333333335,31.669166666666666,23.346875,84.02666666666667,1.1426041666666666,9.140729166666667,2.5078125,4.8998178947368425,75.64947368421052,99.2803125,29
6280,26.515,35.383125,21.00916666666667,84.86239583333334,1.1436458333333333,7.409270833333333,1.2126041666666667,4.8998178947368425,75.64947368421052,99.409375,16
6281,26.515,35.383125,21.00916666666667,84.86239583333334,1.1436458333333333,7.409270833333333,1.2126041666666667,4.8998178947368425,75.64947368421052,99.409375,25
6282,25.418541666666666,34.021458333333335,20.182395833333334,86.74437499999999,1.1296875,7.92625,1.316875,4.8998178947368425,75.64947368421052,97.66708333333334,24
6283,26.515,35.383125,21.00916666666667,84.86239583333334,1.1436458333333333,7.409270833333333,1.2126041666666667,4.8998178947368425,75.64947368421052,99.409375,40
6284,27.300625,31.314791666666665,24.429479166666667,83.09802083333334,1.1512499999999999,9.895833333333334,3.005104166666667,5.008296842105263,76.76747368421053,100.18677083333334,28
6285,27.300625,31.314791666666665,24.429479166666667,83.09802083333334,1.1512499999999999,9.895833333333334,3.005104166666667,4.8998178947368425,75.64947368421052,100.18677083333334,33
6286,26.515,35.383125,21.00916666666667,84.86239583333334,1.1436458333333333,7.409270833333333,1.2126041666666667,4.8998178947368425,75.64947368421052,99.409375,18
6287,26.654583333333335,31.669166666666666,23.346875,84.02666666666667,1.1426041666666666,9.140729166666667,2.5078125,4.882143157894737,80.29463157894736,99.2803125,35
6288,25.379583333333333,32.535000000000004,20.9421875,87.0415625,1.1267708333333333,10.729583333333332,1.6470833333333335,4.8998178947368425,75.64947368421052,97.54052083333333,59
6289,26.515,35.383125,21.00916666666667,84.86239583333334,1.1436458333333333,7.409270833333333,1.2126041666666667,4.8998178947368425,75.64947368421052,99.409375,20
6290,26.654583333333335,31.669166666666666,23.346875,84.02666666666667,1.1426041666666666,9.140729166666667,2.5078125,5.008296842105263,76.76747368421053,99.2803125,34
6291,26.654583333333335,31.669166666666666,23.346875,84.02666666666667,1.1426041666666666,9.140729166666667,2.5078125,4.8998178947368425,75.64947368421052,99.2803125,33
6293,27.52416666666667,31.090625,25.3671875,83.97041666666667,1.1523958333333333,10.2659375,3.5767708333333332,4.939378947368421,79.4718947368421,100.43114583333333,3
6294,27.52416666666667,31.090625,25.3671875,83.97041666666667,1.1523958333333333,10.2659375,3.5767708333333332,4.935505263157895,78.26905263157896,100.43114583333333,45
6295,27.52416666666667,31.090625,25.3671875,83.97041666666667,1.1523958333333333,10.2659375,3.5767708333333332,4.935505263157895,78.26905263157896,100.43114583333333,0
6296,28.16208333333333,29.728333333333335,26.660833333333333,81.256875,1.1540625,9.163229166666666,5.12125,4.935505263157895,78.26905263157896,100.71499999999999,5
6297,27.52416666666667,31.090625,25.3671875,83.97041666666667,1.1523958333333333,10.2659375,3.5767708333333332,4.935505263157895,78.26905263157896,100.43114583333333,9
6298,28.16208333333333,29.728333333333335,26.660833333333333,81.256875,1.1540625,9.163229166666666,5.12125,4.935505263157895,78.26905263157896,100.71499999999999,0
6299,26.010416666666668,31.819479166666667,22.77354166666667,86.32583333333334,1.1329166666666666,9.82625,2.3989583333333333,4.939378947368421,79.4718947368421,98.23239583333333,54
6300,26.010416666666668,31.819479166666667,22.77354166666667,86.32583333333334,1.1329166666666666,9.82625,2.3989583333333333,4.939378947368421,79.4718947368421,98.23239583333333,5
6301,28.230729166666666,29.723229166666666,26.690208333333334,81.4471875,1.1573958333333332,9.793750000000001,4.614375,5.194321052631579,78.17031578947369,100.90322916666666,6
6302,26.010416666666668,31.819479166666667,22.77354166666667,86.32583333333334,1.1329166666666666,9.82625,2.3989583333333333,4.939378947368421,79.4718947368421,98.23239583333333,6
6303,28.230729166666666,29.723229166666666,26.690208333333334,81.4471875,1.1573958333333332,9.793750000000001,4.614375,5.035849473684211,77.7641052631579,100.90322916666666,6
6304,28.230729166666666,29.723229166666666,26.690208333333334,81.4471875,1.1573958333333332,9.793750000000001,4.614375,4.939378947368421,79.4718947368421,100.90322916666666,9
6305,28.230729166666666,29.723229166666666,26.690208333333334,81.4471875,1.1573958333333332,9.793750000000001,4.614375,5.035849473684211,77.7641052631579,100.90322916666666,5
6306,26.010416666666668,31.819479166666667,22.77354166666667,86.32583333333334,1.1329166666666666,9.82625,2.3989583333333333,4.939378947368421,79.4718947368421,98.23239583333333,5
6307,26.010416666666668,31.819479166666667,22.77354166666667,86.32583333333334,1.1329166666666666,9.82625,2.3989583333333333,4.939378947368421,79.4718947368421,98.23239583333333,45
6308,26.010416666666668,31.819479166666667,22.77354166666667,86.32583333333334,1.1329166666666666,9.82625,2.3989583333333333,4.939378947368421,79.4718947368421,98.23239583333333,9
6309,28.230729166666666,29.723229166666666,26.690208333333334,81.4471875,1.1573958333333332,9.793750000000001,4.614375,5.035849473684211,77.7641052631579,100.90322916666666,10
6310,26.010416666666668,31.819479166666667,22.77354166666667,86.32583333333334,1.1329166666666666,9.82625,2.3989583333333333,4.939378947368421,79.4718947368421,98.23239583333333,5
6311,28.230729166666666,29.723229166666666,26.690208333333334,81.4471875,1.1573958333333332,9.793750000000001,4.614375,5.035849473684211,77.7641052631579,100.90322916666666,4
6312,27.52416666666667,31.090625,25.3671875,83.97041666666667,1.1523958333333333,10.2659375,3.5767708333333332,4.939378947368421,79.4718947368421,100.43114583333333,6
6313,28.230729166666666,29.723229166666666,26.690208333333334,81.4471875,1.1573958333333332,9.793750000000001,4.614375,5.035849473684211,77.7641052631579,100.90322916666666,5
6315,26.010416666666668,31.819479166666667,22.77354166666667,86.32583333333334,1.1329166666666666,9.82625,2.3989583333333333,4.939378947368421,79.4718947368421,98.23239583333333,35
6316,27.8671875,30.270937500000002,26.063125,81.98,1.1526041666666667,9.933854166666666,3.7194791666666664,4.939378947368421,79.4718947368421,100.54322916666666,10
6317,27.52416666666667,31.090625,25.3671875,83.97041666666667,1.1523958333333333,10.2659375,3.5767708333333332,4.939378947368421,79.4718947368421,100.43114583333333,9
6318,26.010416666666668,31.819479166666667,22.77354166666667,86.32583333333334,1.1329166666666666,9.82625,2.3989583333333333,4.939378947368421,79.4718947368421,98.23239583333333,9
6319,26.010416666666668,31.819479166666667,22.77354166666667,86.32583333333334,1.1329166666666666,9.82625,2.3989583333333333,4.939378947368421,79.4718947368421,98.23239583333333,53
6320,27.300625,31.314791666666665,24.429479166666667,83.09802083333334,1.1512499999999999,9.895833333333334,3.005104166666667,5.008296842105263,76.76747368421053,100.18677083333334,6
6321,26.780312499999997,31.042083333333334,24.140625,84.05875,1.1423958333333333,10.3265625,2.9217708333333334,5.008296842105263,76.76747368421053,99.26135416666666,5
6322,26.654583333333335,31.669166666666666,23.346875,84.02666666666667,1.1426041666666666,9.140729166666667,2.5078125,5.008296842105263,76.76747368421053,99.2803125,4
6323,26.780312499999997,31.042083333333334,24.140625,84.05875,1.1423958333333333,10.3265625,2.9217708333333334,5.008296842105263,76.76747368421053,99.26135416666666,7
6324,27.8671875,30.270937500000002,26.063125,81.98,1.1526041666666667,9.933854166666666,3.7194791666666664,4.939378947368421,79.4718947368421,100.54322916666666,7
6325,26.780312499999997,31.042083333333334,24.140625,84.05875,1.1423958333333333,10.3265625,2.9217708333333334,5.035849473684211,77.7641052631579,99.26135416666666,8
6326,27.8671875,30.270937500000002,26.063125,81.98,1.1526041666666667,9.933854166666666,3.7194791666666664,4.939378947368421,79.4718947368421,100.54322916666666,7
6327,27.8671875,30.270937500000002,26.063125,81.98,1.1526041666666667,9.933854166666666,3.7194791666666664,5.035849473684211,77.7641052631579,100.54322916666666,4
6328,27.300625,31.314791666666665,24.429479166666667,83.09802083333334,1.1512499999999999,9.895833333333334,3.005104166666667,5.008296842105263,76.76747368421053,100.18677083333334,4
6329,26.780312499999997,31.042083333333334,24.140625,84.05875,1.1423958333333333,10.3265625,2.9217708333333334,5.035849473684211,77.7641052631579,99.26135416666666,9
6330,27.300625,31.314791666666665,24.429479166666667,83.09802083333334,1.1512499999999999,9.895833333333334,3.005104166666667,5.008296842105263,76.76747368421053,100.18677083333334,14
6331,26.654583333333335,31.669166666666666,23.346875,84.02666666666667,1.1426041666666666,9.140729166666667,2.5078125,5.008296842105263,76.76747368421053,99.2803125,5
6332,27.8671875,30.270937500000002,26.063125,81.98,1.1526041666666667,9.933854166666666,3.7194791666666664,4.939378947368421,79.4718947368421,100.54322916666666,15
6333,26.780312499999997,31.042083333333334,24.140625,84.05875,1.1423958333333333,10.3265625,2.9217708333333334,5.008296842105263,76.76747368421053,99.26135416666666,6
6334,27.300625,31.314791666666665,24.429479166666667,83.09802083333334,1.1512499999999999,9.895833333333334,3.005104166666667,5.008296842105263,76.76747368421053,100.18677083333334,6
6335,26.780312499999997,31.042083333333334,24.140625,84.05875,1.1423958333333333,10.3265625,2.9217708333333334,5.008296842105263,76.76747368421053,99.26135416666666,16
6336,27.300625,31.314791666666665,24.429479166666667,83.09802083333334,1.1512499999999999,9.895833333333334,3.005104166666667,5.008296842105263,76.76747368421053,100.18677083333334,35
6337,26.780312499999997,31.042083333333334,24.140625,84.05875,1.1423958333333333,10.3265625,2.9217708333333334,5.035849473684211,77.7641052631579,99.26135416666666,5
6338,26.780312499999997,31.042083333333334,24.140625,84.05875,1.1423958333333333,10.3265625,2.9217708333333334,5.035849473684211,77.7641052631579,99.26135416666666,5
6339,28.236145833333335,29.5246875,26.716145833333332,79.48677083333332,1.1570833333333332,4.888020833333333,3.2953125,5.272472631578948,79.42368421052632,100.75770833333333,8
6340,28.236145833333335,29.5246875,26.716145833333332,79.48677083333332,1.1570833333333332,4.888020833333333,3.2953125,5.272472631578948,79.42368421052632,100.75770833333333,0
6341,28.236145833333335,29.5246875,26.716145833333332,79.48677083333332,1.1570833333333332,4.888020833333333,3.2953125,5.272472631578948,79.42368421052632,100.75770833333333,0
6342,27.996666666666666,29.646145833333335,26.422395833333336,79.94052083333334,1.1519791666666666,4.004166666666666,3.3051041666666667,5.3240221052631584,79.00652631578947,100.52479166666666,6
6343,27.996666666666666,29.646145833333335,26.422395833333336,79.94052083333334,1.1519791666666666,4.004166666666666,3.3051041666666667,5.3240221052631584,79.00652631578947,100.52479166666666,13
6344,27.996666666666666,29.646145833333335,26.422395833333336,79.94052083333334,1.1519791666666666,4.004166666666666,3.3051041666666667,5.272472631578948,79.42368421052632,100.52479166666666,12
6345,27.996666666666666,29.646145833333335,26.422395833333336,79.94052083333334,1.1519791666666666,4.004166666666666,3.3051041666666667,5.3240221052631584,79.00652631578947,100.52479166666666,35
6346,27.996666666666666,29.646145833333335,26.422395833333336,79.94052083333334,1.1519791666666666,4.004166666666666,3.3051041666666667,5.3240221052631584,79.00652631578947,100.52479166666666,3
6347,27.996666666666666,29.646145833333335,26.422395833333336,79.94052083333334,1.1519791666666666,4.004166666666666,3.3051041666666667,5.272472631578948,79.42368421052632,100.52479166666666,33
6348,27.996666666666666,29.646145833333335,26.422395833333336,79.94052083333334,1.1519791666666666,4.004166666666666,3.3051041666666667,5.3240221052631584,79.00652631578947,100.52479166666666,11
6349,27.996666666666666,29.646145833333335,26.422395833333336,79.94052083333334,1.1519791666666666,4.004166666666666,3.3051041666666667,5.272472631578948,79.42368421052632,100.52479166666666,395
6350,27.996666666666666,29.646145833333335,26.422395833333336,79.94052083333334,1.1519791666666666,4.004166666666666,3.3051041666666667,5.272472631578948,79.42368421052632,100.52479166666666,123
6351,27.996666666666666,29.646145833333335,26.422395833333336,79.94052083333334,1.1519791666666666,4.004166666666666,3.3051041666666667,5.272472631578948,79.42368421052632,100.52479166666666,399
6352,23.248125,29.201562499999998,18.294791666666665,86.34833333333334,1.0804166666666668,6.82375,2.354375,5.0748926315789475,75.84094736842106,92.7578125,1009
6354,24.362708333333334,31.80270833333333,19.169999999999998,85.6325,1.0997916666666667,8.530312499999999,1.79875,5.0748926315789475,75.84094736842106,94.8134375,19
6355,23.248125,29.201562499999998,18.294791666666665,86.34833333333334,1.0804166666666668,6.82375,2.354375,5.0748926315789475,75.84094736842106,92.7578125,722
6356,23.248125,29.201562499999998,18.294791666666665,86.34833333333334,1.0804166666666668,6.82375,2.354375,5.0748926315789475,75.84094736842106,92.7578125,733
6357,23.248125,29.201562499999998,18.294791666666665,86.34833333333334,1.0804166666666668,6.82375,2.354375,5.0748926315789475,75.84094736842106,92.7578125,1011
6358,23.248125,29.201562499999998,18.294791666666665,86.34833333333334,1.0804166666666668,6.82375,2.354375,5.0748926315789475,75.84094736842106,92.7578125,709
6359,23.248125,29.201562499999998,18.294791666666665,86.34833333333334,1.0804166666666668,6.82375,2.354375,5.0748926315789475,75.84094736842106,92.7578125,710
6360,24.362708333333334,31.80270833333333,19.169999999999998,85.6325,1.0997916666666667,8.530312499999999,1.79875,5.0748926315789475,75.84094736842106,94.8134375,759
6361,24.362708333333334,31.80270833333333,19.169999999999998,85.6325,1.0997916666666667,8.530312499999999,1.79875,5.0748926315789475,75.84094736842106,94.8134375,718
6362,23.248125,29.201562499999998,18.294791666666665,86.34833333333334,1.0804166666666668,6.82375,2.354375,5.0748926315789475,75.84094736842106,92.7578125,706
6363,23.248125,29.201562499999998,18.294791666666665,86.34833333333334,1.0804166666666668,6.82375,2.354375,5.0748926315789475,75.84094736842106,92.7578125,706
6364,23.248125,29.201562499999998,18.294791666666665,86.34833333333334,1.0804166666666668,6.82375,2.354375,5.116216842105263,84.28905263157895,92.7578125,573
6365,24.362708333333334,31.80270833333333,19.169999999999998,85.6325,1.0997916666666667,8.530312499999999,1.79875,5.0748926315789475,75.84094736842106,94.8134375,426
6367,24.362708333333334,31.80270833333333,19.169999999999998,85.6325,1.0997916666666667,8.530312499999999,1.79875,5.0748926315789475,75.84094736842106,94.8134375,800
6368,23.248125,29.201562499999998,18.294791666666665,86.34833333333334,1.0804166666666668,6.82375,2.354375,5.0748926315789475,75.84094736842106,92.7578125,744
6369,23.248125,29.201562499999998,18.294791666666665,86.34833333333334,1.0804166666666668,6.82375,2.354375,5.0748926315789475,75.84094736842106,92.7578125,802
6370,23.248125,29.201562499999998,18.294791666666665,86.34833333333334,1.0804166666666668,6.82375,2.354375,5.0748926315789475,75.84094736842106,92.7578125,733
6371,25.881354166666668,31.250520833333336,22.22072916666667,85.22479166666666,1.1265625,7.726458333333333,2.591875,5.0748926315789475,75.84094736842106,97.59666666666668,1129
6372,23.248125,29.201562499999998,18.294791666666665,86.34833333333334,1.0804166666666668,6.82375,2.354375,5.0748926315789475,75.84094736842106,92.7578125,714
6373,24.362708333333334,31.80270833333333,19.169999999999998,85.6325,1.0997916666666667,8.530312499999999,1.79875,5.0748926315789475,75.84094736842106,94.8134375,8
6374,23.248125,29.201562499999998,18.294791666666665,86.34833333333334,1.0804166666666668,6.82375,2.354375,5.0748926315789475,75.84094736842106,92.7578125,714
6375,23.248125,29.201562499999998,18.294791666666665,86.34833333333334,1.0804166666666668,6.82375,2.354375,5.116216842105263,84.28905263157895,92.7578125,723
6376,24.362708333333334,31.80270833333333,19.169999999999998,85.6325,1.0997916666666667,8.530312499999999,1.79875,5.0748926315789475,75.84094736842106,94.8134375,364
6377,23.248125,29.201562499999998,18.294791666666665,86.34833333333334,1.0804166666666668,6.82375,2.354375,5.0748926315789475,75.84094736842106,92.7578125,710
6378,23.248125,29.201562499999998,18.294791666666665,86.34833333333334,1.0804166666666668,6.82375,2.354375,5.0748926315789475,75.84094736842106,92.7578125,707
6380,23.248125,29.201562499999998,18.294791666666665,86.34833333333334,1.0804166666666668,6.82375,2.354375,5.0748926315789475,75.84094736842106,92.7578125,869
6381,28.000416666666666,30.904479166666665,25.8553125,79.38958333333333,1.1496875,8.221041666666666,3.0478124999999996,5.442425263157895,78.47505263157895,100.12895833333333,42
6383,23.248125,29.201562499999998,18.294791666666665,86.34833333333334,1.0804166666666668,6.82375,2.354375,5.0748926315789475,75.84094736842106,92.7578125,809
6384,23.248125,29.201562499999998,18.294791666666665,86.34833333333334,1.0804166666666668,6.82375,2.354375,5.116216842105263,84.28905263157895,92.7578125,621
6385,23.248125,29.201562499999998,18.294791666666665,86.34833333333334,1.0804166666666668,6.82375,2.354375,5.0748926315789475,75.84094736842106,92.7578125,801
6386,23.248125,29.201562499999998,18.294791666666665,86.34833333333334,1.0804166666666668,6.82375,2.354375,5.116216842105263,84.28905263157895,92.7578125,572
6387,23.248125,29.201562499999998,18.294791666666665,86.34833333333334,1.0804166666666668,6.82375,2.354375,5.0748926315789475,75.84094736842106,92.7578125,704
6388,23.248125,29.201562499999998,18.294791666666665,86.34833333333334,1.0804166666666668,6.82375,2.354375,5.0748926315789475,75.84094736842106,92.7578125,704
6389,24.362708333333334,31.80270833333333,19.169999999999998,85.6325,1.0997916666666667,8.530312499999999,1.79875,5.0748926315789475,75.84094736842106,94.8134375,809
6390,23.248125,29.201562499999998,18.294791666666665,86.34833333333334,1.0804166666666668,6.82375,2.354375,5.0748926315789475,75.84094736842106,92.7578125,733
6391,24.1209375,30.034583333333334,19.308541666666667,86.98770833333333,1.1035416666666669,6.320416666666667,2.2701041666666666,5.0748926315789475,75.84094736842106,95.16291666666666,556
6392,26.086354166666666,32.3153125,20.785833333333333,84.61572916666667,1.1370833333333332,7.473645833333333,1.8322916666666667,5.046203157894737,79.24621052631579,98.52697916666666,28
6393,24.362708333333334,31.80270833333333,19.169999999999998,85.6325,1.0997916666666667,8.530312499999999,1.79875,5.0748926315789475,75.84094736842106,94.8134375,236
6394,24.362708333333334,31.80270833333333,19.169999999999998,85.6325,1.0997916666666667,8.530312499999999,1.79875,5.0748926315789475,75.84094736842106,94.8134375,412
6395,25.53322916666667,31.635,20.79489583333333,83.42156250000001,1.1208333333333333,4.7459375,2.111666666666667,5.046203157894737,79.24621052631579,97.14979166666666,18
6396,26.086354166666666,32.3153125,20.785833333333333,84.61572916666667,1.1370833333333332,7.473645833333333,1.8322916666666667,5.0748926315789475,75.84094736842106,98.52697916666666,7
6397,26.086354166666666,32.3153125,20.785833333333333,84.61572916666667,1.1370833333333332,7.473645833333333,1.8322916666666667,5.046203157894737,79.24621052631579,98.52697916666666,48
6398,26.086354166666666,32.3153125,20.785833333333333,84.61572916666667,1.1370833333333332,7.473645833333333,1.8322916666666667,5.046203157894737,79.24621052631579,98.52697916666666,41
6399,27.69604166666667,30.108437499999997,25.704270833333336,80.75979166666666,1.1496875,6.6553125,3.214166666666667,5.0748926315789475,75.84094736842106,99.97208333333333,3
6400,26.086354166666666,32.3153125,20.785833333333333,84.61572916666667,1.1370833333333332,7.473645833333333,1.8322916666666667,5.046203157894737,79.24621052631579,98.52697916666666,89
6401,26.086354166666666,32.3153125,20.785833333333333,84.61572916666667,1.1370833333333332,7.473645833333333,1.8322916666666667,5.0748926315789475,75.84094736842106,98.52697916666666,83
6402,25.53322916666667,31.635,20.79489583333333,83.42156250000001,1.1208333333333333,4.7459375,2.111666666666667,5.046203157894737,79.24621052631579,97.14979166666666,28
6403,26.086354166666666,32.3153125,20.785833333333333,84.61572916666667,1.1370833333333332,7.473645833333333,1.8322916666666667,5.0748926315789475,75.84094736842106,98.52697916666666,9
6404,26.086354166666666,32.3153125,20.785833333333333,84.61572916666667,1.1370833333333332,7.473645833333333,1.8322916666666667,5.046203157894737,79.24621052631579,98.52697916666666,8
6405,26.086354166666666,32.3153125,20.785833333333333,84.61572916666667,1.1370833333333332,7.473645833333333,1.8322916666666667,5.046203157894737,79.24621052631579,98.52697916666666,48
6406,26.086354166666666,32.3153125,20.785833333333333,84.61572916666667,1.1370833333333332,7.473645833333333,1.8322916666666667,5.046203157894737,79.24621052631579,98.52697916666666,54
6407,25.409583333333334,31.287604166666668,20.458125,84.7840625,1.1211458333333335,5.575,1.9792708333333333,5.046203157894737,79.24621052631579,97.19052083333334,20
6408,26.086354166666666,32.3153125,20.785833333333333,84.61572916666667,1.1370833333333332,7.473645833333333,1.8322916666666667,5.046203157894737,79.24621052631579,98.52697916666666,20
6409,26.086354166666666,32.3153125,20.785833333333333,84.61572916666667,1.1370833333333332,7.473645833333333,1.8322916666666667,5.0748926315789475,75.84094736842106,98.52697916666666,5
6410,26.086354166666666,32.3153125,20.785833333333333,84.61572916666667,1.1370833333333332,7.473645833333333,1.8322916666666667,5.046203157894737,79.24621052631579,98.52697916666666,16
6411,25.53322916666667,31.635,20.79489583333333,83.42156250000001,1.1208333333333333,4.7459375,2.111666666666667,5.046203157894737,79.24621052631579,97.14979166666666,16
6412,24.362708333333334,31.80270833333333,19.169999999999998,85.6325,1.0997916666666667,8.530312499999999,1.79875,5.0748926315789475,75.84094736842106,94.8134375,282
6413,26.086354166666666,32.3153125,20.785833333333333,84.61572916666667,1.1370833333333332,7.473645833333333,1.8322916666666667,5.0748926315789475,75.84094736842106,98.52697916666666,4
6414,25.409583333333334,31.287604166666668,20.458125,84.7840625,1.1211458333333335,5.575,1.9792708333333333,5.0748926315789475,75.84094736842106,97.19052083333334,16
6415,25.409583333333334,31.287604166666668,20.458125,84.7840625,1.1211458333333335,5.575,1.9792708333333333,5.0748926315789475,75.84094736842106,97.19052083333334,13
6416,25.409583333333334,31.287604166666668,20.458125,84.7840625,1.1211458333333335,5.575,1.9792708333333333,5.046203157894737,79.24621052631579,97.19052083333334,14
6417,25.53322916666667,31.635,20.79489583333333,83.42156250000001,1.1208333333333333,4.7459375,2.111666666666667,5.046203157894737,79.24621052631579,97.14979166666666,16
6418,24.362708333333334,31.80270833333333,19.169999999999998,85.6325,1.0997916666666667,8.530312499999999,1.79875,5.0748926315789475,75.84094736842106,94.8134375,63
6419,26.086354166666666,32.3153125,20.785833333333333,84.61572916666667,1.1370833333333332,7.473645833333333,1.8322916666666667,5.046203157894737,79.24621052631579,98.52697916666666,13
6420,26.086354166666666,32.3153125,20.785833333333333,84.61572916666667,1.1370833333333332,7.473645833333333,1.8322916666666667,5.046203157894737,79.24621052631579,98.52697916666666,43
6421,26.086354166666666,32.3153125,20.785833333333333,84.61572916666667,1.1370833333333332,7.473645833333333,1.8322916666666667,5.046203157894737,79.24621052631579,98.52697916666666,18
6422,26.086354166666666,32.3153125,20.785833333333333,84.61572916666667,1.1370833333333332,7.473645833333333,1.8322916666666667,5.046203157894737,79.24621052631579,98.52697916666666,698
6423,24.362708333333334,31.80270833333333,19.169999999999998,85.6325,1.0997916666666667,8.530312499999999,1.79875,5.0748926315789475,75.84094736842106,94.8134375,48
6424,24.362708333333334,31.80270833333333,19.169999999999998,85.6325,1.0997916666666667,8.530312499999999,1.79875,5.0748926315789475,75.84094736842106,94.8134375,21
6426,26.086354166666666,32.3153125,20.785833333333333,84.61572916666667,1.1370833333333332,7.473645833333333,1.8322916666666667,5.046203157894737,79.24621052631579,98.52697916666666,47
6427,26.086354166666666,32.3153125,20.785833333333333,84.61572916666667,1.1370833333333332,7.473645833333333,1.8322916666666667,5.0748926315789475,75.84094736842106,98.52697916666666,5
6428,26.086354166666666,32.3153125,20.785833333333333,84.61572916666667,1.1370833333333332,7.473645833333333,1.8322916666666667,5.0748926315789475,75.84094736842106,98.52697916666666,449
6430,28.005104166666666,29.97083333333333,26.35354166666667,80.34406249999999,1.1569791666666667,3.7796875,3.2571875,5.363686315789474,75.63357894736842,100.72854166666667,167
6431,28.005104166666666,29.97083333333333,26.35354166666667,80.34406249999999,1.1569791666666667,3.7796875,3.2571875,5.3240221052631584,79.00652631578947,100.72854166666667,5
6432,28.005104166666666,29.97083333333333,26.35354166666667,80.34406249999999,1.1569791666666667,3.7796875,3.2571875,5.333806315789474,76.17094736842105,100.72854166666667,20
6433,28.0721875,29.139583333333334,26.786458333333332,80.77145833333334,1.159375,3.931875,3.4139583333333334,5.363686315789474,75.63357894736842,100.91208333333333,4
6434,28.005104166666666,29.97083333333333,26.35354166666667,80.34406249999999,1.1569791666666667,3.7796875,3.2571875,5.333806315789474,76.17094736842105,100.72854166666667,36
6435,28.005104166666666,29.97083333333333,26.35354166666667,80.34406249999999,1.1569791666666667,3.7796875,3.2571875,5.333806315789474,76.17094736842105,100.72854166666667,6
6436,28.005104166666666,29.97083333333333,26.35354166666667,80.34406249999999,1.1569791666666667,3.7796875,3.2571875,5.333806315789474,76.17094736842105,100.72854166666667,18
6437,28.005104166666666,29.97083333333333,26.35354166666667,80.34406249999999,1.1569791666666667,3.7796875,3.2571875,5.3240221052631584,79.00652631578947,100.72854166666667,15
6438,28.0721875,29.139583333333334,26.786458333333332,80.77145833333334,1.159375,3.931875,3.4139583333333334,5.363686315789474,75.63357894736842,100.91208333333333,4
6440,28.101041666666664,29.191458333333333,26.644895833333333,81.28166666666667,1.1592708333333333,3.9810416666666666,3.7951041666666665,5.358293684210526,77.8922105263158,100.92395833333335,3
6441,28.045312499999998,29.431979166666665,26.66333333333333,80.67,1.15875,3.8816666666666664,3.501666666666667,5.363686315789474,75.63357894736842,100.8471875,5
6442,28.005104166666666,29.97083333333333,26.35354166666667,80.34406249999999,1.1569791666666667,3.7796875,3.2571875,5.333806315789474,76.17094736842105,100.72854166666667,3
6443,28.005104166666666,29.97083333333333,26.35354166666667,80.34406249999999,1.1569791666666667,3.7796875,3.2571875,5.3240221052631584,79.00652631578947,100.72854166666667,4
6444,28.0721875,29.139583333333334,26.786458333333332,80.77145833333334,1.159375,3.931875,3.4139583333333334,5.363686315789474,75.63357894736842,100.91208333333333,4
6445,28.005104166666666,29.97083333333333,26.35354166666667,80.34406249999999,1.1569791666666667,3.7796875,3.2571875,5.333806315789474,76.17094736842105,100.72854166666667,76
6446,28.0721875,29.139583333333334,26.786458333333332,80.77145833333334,1.159375,3.931875,3.4139583333333334,5.363686315789474,75.63357894736842,100.91208333333333,9
6447,28.2215625,29.406458333333333,26.854583333333334,79.68791666666667,1.1589583333333333,3.802604166666667,3.296041666666667,5.3240221052631584,79.00652631578947,100.89427083333334,9
6448,28.160625,29.5128125,26.7690625,80.60322916666667,1.15875,4.1821875,3.4234375,5.2985494736842105,77.80452631578947,100.88708333333334,12
6449,28.0896875,29.611875,26.610937500000002,80.75572916666667,1.1586458333333332,4.1440624999999995,3.4540624999999996,5.363686315789474,75.63357894736842,100.86562500000001,11
6450,28.219062500000003,29.22729166666667,26.821979166666665,81.50197916666667,1.1588541666666665,5.357187499999999,4.075,5.1441294736842105,78.16947368421053,100.92750000000001,71
6451,28.160625,29.5128125,26.7690625,80.60322916666667,1.15875,4.1821875,3.4234375,5.2985494736842105,77.80452631578947,100.88708333333334,14
6452,28.160625,29.5128125,26.7690625,80.60322916666667,1.15875,4.1821875,3.4234375,5.363686315789474,75.63357894736842,100.88708333333334,6
6453,28.14052083333333,29.454166666666666,26.80270833333333,80.74,1.1585416666666666,5.9790625,3.423958333333333,5.321995789473684,75.86736842105263,100.88677083333333,6
6454,28.160625,29.5128125,26.7690625,80.60322916666667,1.15875,4.1821875,3.4234375,5.321995789473684,75.86736842105263,100.88708333333334,9
6455,28.1353125,29.1684375,26.777395833333333,81.078125,1.1594791666666666,5.5495833333333335,3.4688541666666666,5.321995789473684,75.86736842105263,100.92489583333334,3
6456,28.168854166666666,29.174374999999998,26.913854166666667,80.66635416666666,1.1594791666666666,4.051145833333334,3.38875,5.363686315789474,75.63357894736842,100.9265625,4
6457,28.168854166666666,29.174374999999998,26.913854166666667,80.66635416666666,1.1594791666666666,4.051145833333334,3.38875,5.363686315789474,75.63357894736842,100.9265625,3
6458,27.496354166666666,29.86125,25.633854166666666,85.07927083333333,1.1592708333333333,7.288333333333334,2.2078124999999997,5.281855789473684,77.09852631578947,100.86843750000001,3
6459,26.008333333333336,32.38458333333333,21.10375,78.37656249999999,1.1151041666666668,8.149062500000001,3.177395833333333,5.3685989473684215,59.30210526315789,96.61979166666667,52
6460,26.008333333333336,32.38458333333333,21.10375,78.37656249999999,1.1151041666666668,8.149062500000001,3.177395833333333,5.3685989473684215,59.30210526315789,96.61979166666667,423
6461,26.008333333333336,32.38458333333333,21.10375,78.37656249999999,1.1151041666666668,8.149062500000001,3.177395833333333,5.3685989473684215,59.30210526315789,96.61979166666667,95
6462,26.008333333333336,32.38458333333333,21.10375,78.37656249999999,1.1151041666666668,8.149062500000001,3.177395833333333,5.3685989473684215,59.30210526315789,96.61979166666667,349
6463,26.008333333333336,32.38458333333333,21.10375,78.37656249999999,1.1151041666666668,8.149062500000001,3.177395833333333,5.3685989473684215,59.30210526315789,96.61979166666667,473
6464,26.008333333333336,32.38458333333333,21.10375,78.37656249999999,1.1151041666666668,8.149062500000001,3.177395833333333,5.3685989473684215,59.30210526315789,96.61979166666667,80
6465,26.008333333333336,32.38458333333333,21.10375,78.37656249999999,1.1151041666666668,8.149062500000001,3.1773958333333336,5.3685989473684215,59.30210526315789,96.61979166666667,79
6466,26.008333333333336,32.38458333333333,21.10375,78.37656249999999,1.1151041666666668,8.149062500000001,3.177395833333333,5.3685989473684215,59.30210526315789,96.61979166666667,86
6467,23.831354166666667,31.807291666666668,17.957916666666666,84.27177083333333,1.0997916666666667,7.906666666666666,2.3619791666666665,5.3685989473684215,59.30210526315789,94.565625,434
6468,26.008333333333336,32.38458333333333,21.10375,78.37656249999999,1.1151041666666668,8.149062500000001,3.177395833333333,5.3685989473684215,59.30210526315789,96.61979166666667,68
6469,26.008333333333336,32.38458333333333,21.10375,78.37656249999999,1.1151041666666668,8.149062500000001,3.177395833333333,5.3685989473684215,59.30210526315789,96.61979166666667,109
6470,26.008333333333336,32.38458333333333,21.10375,78.37656249999999,1.1151041666666668,8.149062500000001,3.177395833333333,5.3685989473684215,59.30210526315789,96.61979166666667,64
6471,26.008333333333336,32.38458333333333,21.10375,78.37656249999999,1.1151041666666668,8.149062500000001,3.177395833333333,5.3685989473684215,59.30210526315789,96.61979166666667,383
6472,26.008333333333336,32.38458333333333,21.10375,78.37656249999999,1.1151041666666668,8.149062500000001,3.177395833333333,5.3685989473684215,59.30210526315789,96.61979166666667,171
6473,23.831354166666667,31.807291666666668,17.957916666666666,84.27177083333333,1.0997916666666667,7.906666666666666,2.3619791666666665,5.3685989473684215,59.30210526315789,94.565625,773
6474,26.008333333333336,32.38458333333333,21.10375,78.37656249999999,1.1151041666666668,8.149062500000001,3.177395833333333,5.3685989473684215,59.30210526315789,96.61979166666667,120
6475,26.008333333333336,32.38458333333333,21.10375,78.37656249999999,1.1151041666666668,8.149062500000001,3.177395833333333,5.3685989473684215,59.30210526315789,96.61979166666667,95
6476,26.008333333333336,32.38458333333333,21.10375,78.37656249999999,1.1151041666666668,8.149062500000001,3.177395833333333,5.3685989473684215,59.30210526315789,96.61979166666667,60
6477,26.008333333333336,32.38458333333333,21.10375,78.37656249999999,1.1151041666666668,8.149062500000001,3.177395833333333,5.3685989473684215,59.30210526315789,96.61979166666667,322
6478,26.008333333333336,32.38458333333333,21.10375,78.37656249999999,1.1151041666666668,8.149062500000001,3.177395833333333,5.3685989473684215,59.30210526315789,96.61979166666667,172
6479,26.008333333333336,32.38458333333333,21.10375,78.37656249999999,1.1151041666666668,8.149062500000001,3.1773958333333336,5.3685989473684215,59.30210526315789,96.61979166666667,146
6480,26.008333333333336,32.38458333333333,21.10375,78.37656249999999,1.1151041666666668,8.149062500000001,3.177395833333333,5.3685989473684215,59.30210526315789,96.61979166666667,90
6481,26.008333333333336,32.38458333333333,21.10375,78.37656249999999,1.1151041666666668,8.149062500000001,3.177395833333333,5.3685989473684215,59.30210526315789,96.61979166666667,24
6482,26.008333333333336,32.38458333333333,21.10375,78.37656249999999,1.1151041666666668,8.149062500000001,3.177395833333333,5.3685989473684215,59.30210526315789,96.61979166666667,64
6483,26.008333333333336,32.38458333333333,21.10375,78.37656249999999,1.1151041666666668,8.149062500000001,3.177395833333333,5.3685989473684215,59.30210526315789,96.61979166666667,607
6484,26.008333333333336,32.38458333333333,21.10375,78.37656249999999,1.1151041666666668,8.149062500000001,3.177395833333333,5.3685989473684215,59.30210526315789,96.61979166666667,293
6485,26.008333333333336,32.38458333333333,21.10375,78.37656249999999,1.1151041666666668,8.149062500000001,3.177395833333333,5.3685989473684215,59.30210526315789,96.61979166666667,172
6486,26.483229166666664,33.183125,22.446770833333332,83.07802083333333,1.15,8.83375,3.1113541666666666,4.883813684210526,66.07442105263158,99.723125,284
6487,24.757395833333334,33.59229166666667,18.725520833333334,83.63041666666666,1.12,7.571041666666667,2.2221875,4.846844210526315,69.33757894736841,96.55958333333332,82
6488,24.757395833333334,33.59229166666667,18.725520833333334,83.63041666666666,1.12,7.571041666666667,2.2221875,4.883813684210526,66.07442105263158,96.55958333333332,68
6489,24.757395833333334,33.59229166666667,18.725520833333334,83.63041666666666,1.12,7.571041666666667,2.2221875,4.883813684210526,66.07442105263158,96.55958333333332,132
6490,26.483229166666664,33.183125,22.446770833333332,83.07802083333333,1.15,8.83375,3.1113541666666666,4.883813684210526,66.07442105263158,99.723125,17
6491,24.757395833333334,33.59229166666667,18.725520833333334,83.63041666666666,1.12,7.571041666666667,2.2221875,4.883813684210526,66.07442105263158,96.55958333333332,38
6492,26.483229166666664,33.183125,22.446770833333332,83.07802083333333,1.15,8.83375,3.1113541666666666,4.883813684210526,66.07442105263158,99.723125,17
6493,23.421354166666664,29.806145833333332,17.686979166666667,84.7509375,1.084375,9.006041666666667,2.283020833333333,5.185797894736842,64.92347368421052,93.12854166666666,2291
6494,23.421354166666664,29.806145833333332,17.686979166666667,84.7509375,1.084375,9.006041666666667,2.283020833333333,5.185797894736842,64.92347368421052,93.12854166666666,718
6495,24.6765625,30.239895833333335,19.856875,80.31197916666666,1.0926041666666668,8.937708333333333,2.5132291666666666,5.185797894736842,64.92347368421052,94.21375,1133
6496,23.421354166666664,29.806145833333332,17.686979166666667,84.7509375,1.084375,9.006041666666667,2.283020833333333,5.185797894736842,64.92347368421052,93.12854166666666,917
6497,24.6765625,30.239895833333335,19.856875,80.31197916666666,1.0926041666666668,8.937708333333333,2.5132291666666666,5.185797894736842,64.92347368421052,94.21375,1805
6498,23.421354166666664,29.806145833333332,17.686979166666667,84.7509375,1.084375,9.006041666666667,2.283020833333333,5.185797894736842,64.92347368421052,93.12854166666666,752
6499,23.421354166666664,29.806145833333332,17.686979166666667,84.7509375,1.084375,9.006041666666667,2.283020833333333,5.185797894736842,64.92347368421052,93.12854166666666,1171
6500,23.421354166666664,29.806145833333332,17.686979166666667,84.7509375,1.084375,9.006041666666667,2.283020833333333,5.185797894736842,64.92347368421052,93.12854166666666,949
6501,23.421354166666664,29.806145833333332,17.686979166666667,84.7509375,1.084375,9.006041666666667,2.283020833333333,5.185797894736842,64.92347368421052,93.12854166666666,1217
6502,23.421354166666664,29.806145833333332,17.686979166666667,84.7509375,1.084375,9.006041666666667,2.283020833333333,5.185797894736842,64.92347368421052,93.12854166666666,1318
6503,24.6765625,30.239895833333335,19.856875,80.31197916666666,1.0926041666666668,8.937708333333333,2.5132291666666666,5.185797894736842,64.92347368421052,94.21375,1302
6504,23.421354166666664,29.806145833333332,17.686979166666667,84.7509375,1.084375,9.006041666666667,2.283020833333333,5.185797894736842,64.92347368421052,93.12854166666666,612
6505,23.421354166666664,29.806145833333332,17.686979166666667,84.7509375,1.084375,9.006041666666667,2.283020833333333,5.185797894736842,64.92347368421052,93.12854166666666,1315
6506,23.421354166666664,29.806145833333332,17.686979166666667,84.7509375,1.084375,9.006041666666667,2.283020833333333,5.185797894736842,64.92347368421052,93.12854166666666,1395
6507,23.193020833333335,30.77916666666667,17.39375,85.75510416666667,1.0892708333333334,8.583125,2.1763541666666666,4.82822947368421,72.14473684210526,93.46656250000001,870
6508,23.193020833333335,30.77916666666667,17.39375,85.75510416666667,1.0892708333333334,8.583125,2.1763541666666666,4.82822947368421,72.14473684210526,93.46656250000001,142
6509,22.707604166666666,30.524583333333336,17.062291666666667,86.87697916666667,1.0828125,8.795416666666666,2.0717708333333333,4.82822947368421,72.14473684210526,92.72958333333334,947
6510,23.193020833333335,30.77916666666667,17.39375,85.75510416666667,1.0892708333333334,8.583125,2.1763541666666666,4.82822947368421,72.14473684210526,93.46656250000001,1050
6511,23.193020833333335,30.77916666666667,17.39375,85.75510416666667,1.0892708333333334,8.583125,2.1763541666666666,4.82822947368421,72.14473684210526,93.46656250000001,899
6512,23.193020833333335,30.77916666666667,17.39375,85.75510416666667,1.0892708333333334,8.583125,2.1763541666666666,4.82822947368421,72.14473684210526,93.46656250000001,1155
6513,23.193020833333335,30.77916666666667,17.39375,85.75510416666667,1.0892708333333334,8.583125,2.1763541666666666,4.82822947368421,72.14473684210526,93.46656250000001,750
6514,23.193020833333335,30.77916666666667,17.39375,85.75510416666667,1.0892708333333334,8.583125,2.1763541666666666,4.82822947368421,72.14473684210526,93.46656250000001,482
6515,22.707604166666666,30.524583333333336,17.062291666666667,86.87697916666667,1.0828125,8.795416666666666,2.0717708333333333,4.82822947368421,72.14473684210526,92.72958333333334,246
6516,23.193020833333335,30.77916666666667,17.39375,85.75510416666667,1.0892708333333334,8.583125,2.1763541666666666,4.82822947368421,72.14473684210526,93.46656250000001,1069
6517,23.421354166666664,29.806145833333332,17.686979166666667,84.7509375,1.084375,9.006041666666667,2.283020833333333,5.185797894736842,64.92347368421052,93.12854166666666,1479
6518,23.831354166666667,31.807291666666668,17.957916666666666,84.27177083333333,1.0997916666666667,7.906666666666666,2.3619791666666665,4.846844210526315,69.33757894736841,94.565625,1003
6519,23.831354166666667,31.807291666666668,17.957916666666666,84.27177083333333,1.0997916666666667,7.906666666666666,2.3619791666666665,4.846844210526315,69.33757894736841,94.565625,819
6520,23.831354166666667,31.807291666666668,17.957916666666666,84.27177083333333,1.0997916666666667,7.906666666666666,2.3619791666666665,4.846844210526315,69.33757894736841,94.565625,682
6521,23.831354166666667,31.807291666666668,17.957916666666666,84.27177083333333,1.0997916666666667,7.906666666666666,2.3619791666666665,4.846844210526315,69.33757894736841,94.565625,115
6522,25.5690625,32.557812500000004,20.381249999999998,83.0625,1.1334375,7.842083333333334,2.9890624999999997,4.846844210526315,69.33757894736841,98.04364583333334,85
6523,23.831354166666667,31.807291666666668,17.957916666666666,84.27177083333333,1.0997916666666667,7.906666666666666,2.3619791666666665,4.846844210526315,69.33757894736841,94.565625,186
6524,23.831354166666667,31.807291666666668,17.957916666666666,84.27177083333333,1.0997916666666667,7.906666666666666,2.3619791666666665,4.846844210526315,69.33757894736841,94.565625,548
6525,23.831354166666667,31.807291666666668,17.957916666666666,84.27177083333333,1.0997916666666667,7.906666666666666,2.3619791666666665,4.846844210526315,69.33757894736841,94.565625,572
6526,23.193020833333335,30.77916666666667,17.39375,85.75510416666667,1.0892708333333334,8.583125,2.1763541666666666,4.846844210526315,69.33757894736841,93.46656250000001,1558
6527,24.6765625,30.239895833333335,19.856875,80.31197916666666,1.0926041666666668,8.937708333333333,2.5132291666666666,5.185797894736842,64.92347368421052,94.21375,1289
6528,24.6765625,30.239895833333335,19.856875,80.31197916666666,1.0926041666666668,8.937708333333333,2.5132291666666666,5.3685989473684215,59.30210526315789,94.21375,1401
6529,23.193020833333335,30.77916666666667,17.39375,85.75510416666667,1.0892708333333334,8.583125,2.1763541666666666,5.3685989473684215,59.30210526315789,93.46656250000001,864
6530,23.193020833333335,30.77916666666667,17.39375,85.75510416666667,1.0892708333333334,8.583125,2.1763541666666666,4.846844210526315,69.33757894736841,93.46656250000001,958
6531,23.193020833333335,30.77916666666667,17.39375,85.75510416666667,1.0892708333333334,8.583125,2.1763541666666666,4.846844210526315,69.33757894736841,93.46656250000001,260
6532,24.6765625,30.239895833333335,19.856875,80.31197916666666,1.0926041666666668,8.937708333333333,2.5132291666666666,5.3685989473684215,59.30210526315789,94.21375,1037
6533,23.193020833333335,30.77916666666667,17.39375,85.75510416666667,1.0892708333333334,8.583125,2.1763541666666666,4.846844210526315,69.33757894736841,93.46656250000001,871
6534,24.6765625,30.239895833333335,19.856875,80.31197916666666,1.0926041666666668,8.937708333333333,2.5132291666666666,5.3685989473684215,59.30210526315789,94.21375,1580
6535,24.6765625,30.239895833333335,19.856875,80.31197916666666,1.0926041666666668,8.937708333333333,2.5132291666666666,5.185797894736842,64.92347368421052,94.21375,1325
6536,26.084791666666664,32.449062500000004,22.143020833333335,85.17458333333333,1.1388541666666665,9.240208333333333,2.8173958333333338,5.156048421052631,66.77442105263158,98.7309375,8
6537,26.084791666666664,32.449062500000004,22.143020833333335,85.17458333333333,1.1388541666666665,9.240208333333333,2.8173958333333338,4.624063157894737,75.42463157894737,98.7309375,9
6538,26.084791666666664,32.449062500000004,22.143020833333335,85.17458333333333,1.1388541666666665,9.240208333333333,2.8173958333333338,4.624063157894737,75.42463157894737,98.7309375,11
6539,26.084791666666664,32.449062500000004,22.143020833333335,85.17458333333333,1.1388541666666665,9.240208333333333,2.8173958333333338,5.156048421052631,66.77442105263158,98.7309375,6
6540,26.084791666666664,32.449062500000004,22.143020833333335,85.17458333333333,1.1388541666666665,9.240208333333333,2.8173958333333338,5.156048421052631,66.77442105263158,98.7309375,7
6541,26.084791666666664,32.449062500000004,22.143020833333335,85.17458333333333,1.1388541666666665,9.240208333333333,2.8173958333333338,5.156048421052631,66.77442105263158,98.7309375,7
6542,26.084791666666664,32.449062500000004,22.143020833333335,85.17458333333333,1.1388541666666665,9.240208333333333,2.8173958333333338,5.156048421052631,66.77442105263158,98.7309375,7
6543,26.084791666666664,32.449062500000004,22.143020833333335,85.17458333333333,1.1388541666666665,9.240208333333333,2.8173958333333338,5.156048421052631,66.77442105263158,98.7309375,10
6544,26.084791666666664,32.449062500000004,22.143020833333335,85.17458333333333,1.1388541666666665,9.240208333333333,2.8173958333333338,5.156048421052631,66.77442105263158,98.7309375,11
6546,26.084791666666664,32.449062500000004,22.143020833333335,85.17458333333333,1.1388541666666665,9.240208333333333,2.8173958333333338,4.624063157894737,75.42463157894737,98.7309375,7
6547,26.084791666666664,32.449062500000004,22.143020833333335,85.17458333333333,1.1388541666666665,9.240208333333333,2.8173958333333338,5.156048421052631,66.77442105263158,98.7309375,5
6548,26.084791666666664,32.449062500000004,22.143020833333335,85.17458333333333,1.1388541666666665,9.240208333333333,2.8173958333333338,5.156048421052631,66.77442105263158,98.7309375,9
6549,26.084791666666664,32.449062500000004,22.143020833333335,85.17458333333333,1.1388541666666665,9.240208333333333,2.8173958333333338,5.156048421052631,66.77442105263158,98.7309375,8
6550,26.084791666666664,32.449062500000004,22.143020833333335,85.17458333333333,1.1388541666666665,9.240208333333333,2.8173958333333338,5.156048421052631,66.77442105263158,98.7309375,6
6551,26.084791666666664,32.449062500000004,22.143020833333335,85.17458333333333,1.1388541666666665,9.240208333333333,2.8173958333333338,5.156048421052631,66.77442105263158,98.7309375,14
6552,26.084791666666664,32.449062500000004,22.143020833333335,85.17458333333333,1.1388541666666665,9.240208333333333,2.8173958333333338,4.624063157894737,75.42463157894737,98.7309375,5
6553,26.084791666666664,32.449062500000004,22.143020833333335,85.17458333333333,1.1388541666666665,9.240208333333333,2.8173958333333338,5.156048421052631,66.77442105263158,98.7309375,10
6554,26.084791666666664,32.449062500000004,22.143020833333335,85.17458333333333,1.1388541666666665,9.240208333333333,2.8173958333333338,5.156048421052631,66.77442105263158,98.7309375,6
6555,26.084791666666664,32.449062500000004,22.143020833333335,85.17458333333333,1.1388541666666665,9.240208333333333,2.8173958333333338,4.624063157894737,75.42463157894737,98.7309375,11
6556,26.084791666666664,32.449062500000004,22.143020833333335,85.17458333333333,1.1388541666666665,9.240208333333333,2.8173958333333338,4.624063157894737,75.42463157894737,98.7309375,14
6557,26.084791666666664,32.449062500000004,22.143020833333335,85.17458333333333,1.1388541666666665,9.240208333333333,2.8173958333333338,4.624063157894737,75.42463157894737,98.7309375,9
6558,26.084791666666664,32.449062500000004,22.143020833333335,85.17458333333333,1.1388541666666665,9.240208333333333,2.8173958333333338,4.624063157894737,75.42463157894737,98.7309375,56
6559,26.084791666666664,32.449062500000004,22.143020833333335,85.17458333333333,1.1388541666666665,9.240208333333333,2.8173958333333338,4.624063157894737,75.42463157894737,98.7309375,29
6560,26.084791666666664,32.449062500000004,22.143020833333335,85.17458333333333,1.1388541666666665,9.240208333333333,2.8173958333333338,5.156048421052631,66.77442105263158,98.7309375,15
6561,26.084791666666664,32.449062500000004,22.143020833333335,85.17458333333333,1.1388541666666665,9.240208333333333,2.8173958333333338,5.156048421052631,66.77442105263158,98.7309375,14
6562,26.084791666666664,32.449062500000004,22.143020833333335,85.17458333333333,1.1388541666666665,9.240208333333333,2.8173958333333338,5.156048421052631,66.77442105263158,98.7309375,4
6563,26.084791666666664,32.449062500000004,22.143020833333335,85.17458333333333,1.1388541666666665,9.240208333333333,2.8173958333333338,5.156048421052631,66.77442105263158,98.7309375,5
6564,26.084791666666664,32.449062500000004,22.143020833333335,85.17458333333333,1.1388541666666665,9.240208333333333,2.8173958333333338,4.624063157894737,75.42463157894737,98.7309375,7
6565,26.084791666666664,32.449062500000004,22.143020833333335,85.17458333333333,1.1388541666666665,9.240208333333333,2.8173958333333338,4.624063157894737,75.42463157894737,98.7309375,7
6566,26.084791666666664,32.449062500000004,22.143020833333335,85.17458333333333,1.1388541666666665,9.240208333333333,2.8173958333333338,5.156048421052631,66.77442105263158,98.7309375,6
6568,26.084791666666664,32.449062500000004,22.143020833333335,85.17458333333333,1.1388541666666665,9.240208333333333,2.8173958333333338,4.624063157894737,75.42463157894737,98.7309375,7
