geo_id,name,mode,solar_score,wind_score,hydro_score,solar_kwh,wind_kwh,hydro_kwh,recommended_source,suitability_recommended_source,suitability_recommended_score,hydro_data_source,hydro_catchment_name,hydro_stream_feasibility
252,ILOCOS NORTE,province,83.95,92.42,1.88,154.0071,277.2589,1.879,Wind,Wind,80.9,Boothroyd et al. 2023 catchment geodatabase,Laoag,moderate
253,ILOCOS SUR,province,82.02,26.96,4.67,150.4703,80.869,4.667,Solar,Solar,54.0,Boothroyd et al. 2023 catchment geodatabase,Abra,moderate
254,LA UNION,province,80.06,8.7,2.41,146.8771,26.0961,2.406,Solar,Solar,52.2,Boothroyd et al. 2023 catchment geodatabase,Amburayan,moderate
255,PANGASINAN,province,87.05,77.33,0.29,159.6979,232.0023,0.287,Wind,Wind,61.7,Boothroyd et al. 2023 catchment geodatabase,Patalan_Dagupan,moderate
256,BATANES,province,75.91,85.29,0.52,139.2656,255.8761,0.517,Wind,Wind,71.5,Boothroyd et al. 2023 catchment geodatabase,Abulug,none
257,CAGAYAN,province,79.84,84.21,0.65,146.4698,252.6343,0.646,Wind,Wind,70.2,Boothroyd et al. 2023 catchment geodatabase,Cagayan,low
258,ISABELA,province,76.62,34.0,0.73,140.5542,102.0065,0.731,Solar,Solar,49.1,Boothroyd et al. 2023 catchment geodatabase,Cagayan,moderate
259,NUEVA VIZCAYA,province,74.44,32.3,5.11,136.5636,96.904,5.106,Solar,Solar,47.2,Boothroyd et al. 2023 catchment geodatabase,Cagayan,high
260,QUIRINO,province,74.28,15.46,5.64,136.2668,46.3801,5.636,Solar,Solar,47.1,Boothroyd et al. 2023 catchment geodatabase,Cagayan,high
261,AURORA,province,73.19,34.52,3.75,134.2773,103.554,3.749,Solar,Solar,46.1,Boothroyd et al. 2023 catchment geodatabase,Cagayan,moderate
262,BATAAN,province,84.45,49.24,1.45,154.9235,147.7092,1.453,Solar,Solar,56.2,Boothroyd et al. 2023 catchment geodatabase,Lubao,none
263,BULACAN,province,76.29,100.0,0.1,139.9504,624.4834,0.097,Wind,Wind,100.0,Boothroyd et al. 2023 catchment geodatabase,Angat,low
264,NUEVA ECIJA,province,84.88,100.0,0.1,155.7055,342.5346,0.098,Wind,Wind,98.7,Boothroyd et al. 2023 catchment geodatabase,Pampanga,high
265,PAMPANGA,province,84.15,59.89,0.06,154.3753,179.662,0.059,Wind,Solar,55.9,Boothroyd et al. 2023 catchment geodatabase,Pampanga,moderate
266,TARLAC,province,85.71,45.23,0.2,157.24,135.7017,0.197,Solar,Solar,57.4,Boothroyd et al. 2023 catchment geodatabase,Agno,high
267,ZAMBALES,province,79.27,83.95,2.52,145.4176,251.8477,2.523,Wind,Wind,69.8,Boothroyd et al. 2023 catchment geodatabase,Bucao,low
268,BATANGAS,province,81.53,76.29,1.07,149.5634,228.8738,1.071,Wind,Wind,60.4,Boothroyd et al. 2023 catchment geodatabase,Pansipit,low
269,CAVITE,province,80.38,100.0,0.63,147.466,451.6803,0.628,Wind,Wind,100.0,Boothroyd et al. 2023 catchment geodatabase,Ternate,low
270,LAGUNA,province,77.04,100.0,0.97,141.3383,306.7954,0.973,Wind,Wind,92.6,Boothroyd et al. 2023 catchment geodatabase,Marikina_Pasig,high
272,RIZAL,province,78.7,53.4,2.38,144.3701,160.2037,2.377,Wind,Solar,51.0,Boothroyd et al. 2023 catchment geodatabase,Marikina_Pasig,high
273,MARINDUQUE,province,78.74,20.49,0.36,144.4575,61.4627,0.362,Solar,Solar,51.0,Boothroyd et al. 2023 catchment geodatabase,Lumangbayan,none
274,OCCIDENTAL MINDORO,province,76.31,90.69,9.41,139.9831,272.0799,9.411,Wind,Wind,78.6,Boothroyd et al. 2023 catchment geodatabase,Mamburao,none
275,ORIENTAL MINDORO,province,76.86,66.49,3.96,140.9964,199.4564,3.96,Wind,Solar,49.3,Boothroyd et al. 2023 catchment geodatabase,Malaylay,low
276,PALAWAN,province,78.4,39.78,0.06,143.8249,119.3275,0.064,Solar,Solar,50.7,Boothroyd et al. 2023 catchment geodatabase,Rizal,none
277,ROMBLON,province,82.59,57.99,0.01,151.5168,173.9555,0.009,Wind,Solar,54.5,Boothroyd et al. 2023 catchment geodatabase,Bongabong,none
278,ALBAY,province,77.58,77.68,5.94,142.3288,233.0362,5.941,Wind,Wind,62.1,Boothroyd et al. 2023 catchment geodatabase,Bicol,low
279,CAMARINES NORTE,province,74.42,50.61,1.01,136.5199,151.8346,1.009,Wind,Solar,47.2,Boothroyd et al. 2023 catchment geodatabase,Labo,moderate
280,CAMARINES SUR,province,76.47,78.24,5.23,140.2822,234.7149,5.231,Wind,Wind,62.8,Boothroyd et al. 2023 catchment geodatabase,Bicol,low
281,CATANDUANES,province,78.77,73.06,2.6,144.4989,219.1868,2.603,Wind,Wind,56.7,Boothroyd et al. 2023 catchment geodatabase,Bato,none
282,MASBATE,province,83.32,100.0,0.0,152.8534,326.0538,0.002,Wind,Wind,95.9,Boothroyd et al. 2023 catchment geodatabase,Ogod,none
283,SORSOGON,province,79.0,61.8,0.03,144.9324,185.4056,0.034,Wind,Solar,51.2,Boothroyd et al. 2023 catchment geodatabase,Ogod,none
284,AKLAN,province,73.68,48.71,0.57,135.1681,146.1245,0.566,Wind,Solar,46.5,Boothroyd et al. 2023 catchment geodatabase,Aklan,none
285,ANTIQUE,province,74.88,62.69,4.04,137.3652,188.0811,4.044,Wind,Solar,47.6,Boothroyd et al. 2023 catchment geodatabase,Sibalom,none
286,CAPIZ,province,75.41,23.91,0.17,138.3494,71.7434,0.174,Solar,Solar,48.0,Boothroyd et al. 2023 catchment geodatabase,Panay,high
287,GUIMARAS,province,82.67,100.0,0.0,151.6534,379.2977,0.001,Wind,Wind,100.0,Boothroyd et al. 2023 catchment geodatabase,Tigum,none
288,ILOILO,province,79.69,100.0,0.59,146.1981,315.9795,0.595,Wind,Wind,94.2,Boothroyd et al. 2023 catchment geodatabase,Jalaur,moderate
289,NEGROS OCCIDENTAL,province,75.0,78.97,1.6,137.5883,236.9195,1.596,Wind,Wind,63.7,Boothroyd et al. 2023 catchment geodatabase,Bago,low
290,BOHOL,province,76.24,41.92,0.25,139.8614,125.7645,0.25,Solar,Solar,48.8,Boothroyd et al. 2023 catchment geodatabase,Abatan,low
291,CEBU,province,77.62,29.43,0.03,142.3865,88.3019,0.031,Solar,Solar,50.0,Boothroyd et al. 2023 catchment geodatabase,Tanjay,none
292,NEGROS ORIENTAL,province,78.09,99.86,4.1,143.2639,299.572,4.099,Wind,Wind,91.2,Boothroyd et al. 2023 catchment geodatabase,Tanjay,low
293,SIQUIJOR,province,82.75,63.69,0.62,151.8087,191.0825,0.616,Wind,Solar,54.6,Boothroyd et al. 2023 catchment geodatabase,Tanjay,none
294,BILIRAN,province,76.3,30.66,0.01,139.9739,91.9725,0.007,Solar,Solar,48.8,Boothroyd et al. 2023 catchment geodatabase,Pagsangahan,none
295,EASTERN SAMAR,province,75.83,36.53,0.5,139.1124,109.5966,0.504,Solar,Solar,48.4,Boothroyd et al. 2023 catchment geodatabase,Llorente,low
296,LEYTE,province,74.08,32.84,0.18,135.8951,98.5167,0.18,Solar,Solar,46.9,Boothroyd et al. 2023 catchment geodatabase,Pagsangahan,low
297,NORTHERN SAMAR,province,79.7,46.73,0.09,146.2163,140.1956,0.092,Solar,Solar,51.9,Boothroyd et al. 2023 catchment geodatabase,Mano,moderate
298,SAMAR (WESTERN SAMAR),province,76.39,33.01,0.53,140.1308,99.0223,0.525,Solar,Solar,48.9,Boothroyd et al. 2023 catchment geodatabase,Gandara,low
299,SOUTHERN LEYTE,province,75.79,24.54,0.34,139.0374,73.6098,0.343,Solar,Solar,48.4,Boothroyd et al. 2023 catchment geodatabase,Cadacan,none
300,ZAMBOANGA DEL NORTE,province,74.27,24.26,2.47,136.2525,72.7893,2.469,Solar,Solar,47.1,Boothroyd et al. 2023 catchment geodatabase,Quipit,low
301,ZAMBOANGA DEL SUR,province,77.63,20.65,1.46,142.4066,61.9612,1.462,Solar,Solar,50.0,Boothroyd et al. 2023 catchment geodatabase,Dinas,moderate
302,ZAMBOANGA SIBUGAY,province,78.24,16.36,0.39,143.5253,49.0777,0.386,Solar,Solar,50.5,Boothroyd et al. 2023 catchment geodatabase,Sibuguey,low
303,BUKIDNON,province,75.12,27.17,5.59,137.806,81.5043,5.589,Solar,Solar,47.8,Boothroyd et al. 2023 catchment geodatabase,Rio_Grande_de_Mindanao,high
304,CAMIGUIN,province,76.86,32.19,0.1,140.9922,96.5633,0.102,Solar,Solar,49.3,Boothroyd et al. 2023 catchment geodatabase,Odiongan,none
305,LANAO DEL NORTE,province,73.46,11.29,0.85,134.7668,33.8768,0.85,Solar,Solar,46.4,Boothroyd et al. 2023 catchment geodatabase,Maranding,low
306,MISAMIS OCCIDENTAL,province,73.73,19.09,1.13,135.2569,57.2779,1.135,Solar,Solar,46.6,Boothroyd et al. 2023 catchment geodatabase,Paro_Dapitan,none
307,MISAMIS ORIENTAL,province,75.9,11.73,0.64,139.2466,35.1906,0.642,Solar,Solar,48.5,Boothroyd et al. 2023 catchment geodatabase,Tagoloan,none
310,DAVAO DEL SUR,province,80.41,14.21,1.34,147.5191,42.6413,1.335,Solar,Solar,52.5,Boothroyd et al. 2023 catchment geodatabase,Padada_Mainit,moderate
311,DAVAO OCCIDENTAL,province,73.89,54.0,3.62,135.5596,162.0135,3.62,Wind,Solar,46.7,Boothroyd et al. 2023 catchment geodatabase,Glan,none
312,DAVAO ORIENTAL,province,74.35,13.6,5.14,136.4035,40.8103,5.141,Solar,Solar,47.1,Boothroyd et al. 2023 catchment geodatabase,Sumlog,low
314,SARANGANI,province,75.21,19.75,1.95,137.9829,59.2501,1.951,Solar,Solar,47.9,Boothroyd et al. 2023 catchment geodatabase,Malungon,high
315,SOUTH COTABATO,province,72.63,5.13,1.76,133.2357,15.3824,1.76,Solar,Solar,45.6,Boothroyd et al. 2023 catchment geodatabase,Rio_Grande_de_Mindanao,high
316,SULTAN KUDARAT,province,72.71,20.74,2.44,133.3904,62.2324,2.437,Solar,Solar,45.7,Boothroyd et al. 2023 catchment geodatabase,Rio_Grande_de_Mindanao,high
317,AGUSAN DEL NORTE,province,70.36,7.01,41.72,129.0844,21.0347,41.724,Solar,Solar,43.7,Boothroyd et al. 2023 catchment geodatabase,Asiga,moderate
318,AGUSAN DEL SUR,province,75.58,17.65,0.3,138.6523,52.9421,0.305,Solar,Solar,48.2,Boothroyd et al. 2023 catchment geodatabase,Agusan,high
319,DINAGAT ISLANDS,province,75.01,60.89,1.6,137.6156,182.6766,1.604,Wind,Solar,47.7,Boothroyd et al. 2023 catchment geodatabase,Asiga,none
320,SURIGAO DEL NORTE,province,75.69,35.54,0.41,138.8548,106.6281,0.407,Solar,Solar,48.3,Boothroyd et al. 2023 catchment geodatabase,Asiga,none
321,SURIGAO DEL SUR,province,77.35,27.99,3.25,141.8912,83.9714,3.251,Solar,Solar,49.8,Boothroyd et al. 2023 catchment geodatabase,Tago,moderate
322,BASILAN,province,75.35,9.04,0.12,138.2402,27.114,0.121,Solar,Solar,48.0,Boothroyd et al. 2023 catchment geodatabase,Sibulao,none
323,LANAO DEL SUR,province,72.65,9.02,3.29,133.277,27.0597,3.294,Solar,Solar,45.7,Boothroyd et al. 2023 catchment geodatabase,Agus,high
325,SULU,province,79.61,18.1,0.12,146.0483,54.2983,0.119,Solar,Solar,51.8,Boothroyd et al. 2023 catchment geodatabase,Sibulao,none
326,TAWI-TAWI,province,79.26,16.31,0.14,145.4111,48.9434,0.138,Solar,Solar,51.5,Boothroyd et al. 2023 catchment geodatabase,Sibulao,none
327,ABRA,province,85.12,66.16,9.83,156.1519,198.4813,9.827,Wind,Solar,56.8,Boothroyd et al. 2023 catchment geodatabase,Abra,high
328,APAYAO,province,71.85,37.39,7.95,131.809,112.1801,7.951,Solar,Solar,45.0,Boothroyd et al. 2023 catchment geodatabase,Abulug,high
329,BENGUET,province,80.33,30.78,30.1,147.3698,92.3456,30.104,Solar,Solar,52.4,Boothroyd et al. 2023 catchment geodatabase,Amburayan,high
330,IFUGAO,province,78.53,5.71,27.53,144.0727,17.1308,27.531,Solar,Solar,50.8,Boothroyd et al. 2023 catchment geodatabase,Cagayan,high
331,KALINGA,province,77.34,15.61,40.33,141.8827,46.8442,40.327,Solar,Solar,49.7,Boothroyd et al. 2023 catchment geodatabase,Cagayan,high
338,MOUNTAIN PROVINCE,province,79.91,22.85,29.46,146.5909,68.5558,29.465,Solar,Solar,52.0,Boothroyd et al. 2023 catchment geodatabase,Cagayan,high
340,NCR - 1st DISTRICT (MANILA),province,77.41,100.0,1.16,142.0152,359.9561,1.16,Wind,Wind,100.0,Boothroyd et al. 2023 catchment geodatabase,Norte_Lauis,moderate
341,NCR - 2nd DISTRICT,province,75.94,26.76,0.13,139.3225,80.2778,0.135,Solar,Solar,48.5,Boothroyd et al. 2023 catchment geodatabase,Marikina_Pasig,high
4919,ADAMS,municipality,73.13,22.16,5.44,134.1606,66.4713,5.438,Solar,Solar,46.1,Boothroyd et al. 2023 catchment geodatabase,Abulug,moderate
4920,BACARRA,municipality,91.56,56.74,0.03,167.9614,170.2066,0.035,Wind,Solar,63.0,Boothroyd et al. 2023 catchment geodatabase,Bislak,moderate
4921,BADOC,municipality,90.38,55.64,0.02,165.8023,166.9253,0.023,Wind,Solar,61.8,Boothroyd et al. 2023 catchment geodatabase,Laoag,none
4922,BANGUI,municipality,85.41,100.0,1.77,156.682,3387.8423,1.766,Wind,Wind,100.0,Boothroyd et al. 2023 catchment geodatabase,Bislak,moderate
4923,BANNA (ESPIRITU),municipality,85.96,7.42,0.07,157.6871,22.2529,0.071,Solar,Solar,57.6,Boothroyd et al. 2023 catchment geodatabase,Laoag,high
4926,CARASI,municipality,80.78,58.16,41.67,148.1946,174.4801,41.668,Wind,Solar,52.8,Boothroyd et al. 2023 catchment geodatabase,Laoag,high
4927,CURRIMAO,municipality,91.82,28.31,1.02,168.4453,84.9435,1.02,Solar,Solar,63.2,Boothroyd et al. 2023 catchment geodatabase,Laoag,none
4928,DINGRAS,municipality,88.07,71.78,0.04,161.5586,215.3372,0.038,Wind,Solar,59.6,Boothroyd et al. 2023 catchment geodatabase,Laoag,high
4929,DUMALNEG,municipality,75.69,100.0,1.87,138.851,2605.7706,1.866,Wind,Wind,100.0,Boothroyd et al. 2023 catchment geodatabase,Bislak,moderate
4930,LAOAG CITY,municipality,92.41,63.72,1.42,169.5248,191.1544,1.419,Wind,Solar,63.8,Boothroyd et al. 2023 catchment geodatabase,Laoag,high
4931,MARCOS,municipality,86.75,20.78,0.05,159.1389,62.3385,0.047,Solar,Solar,58.4,Boothroyd et al. 2023 catchment geodatabase,Laoag,high
4932,NUEVA ERA,municipality,80.5,48.61,31.02,147.6735,145.8398,31.015,Solar,Solar,52.6,Boothroyd et al. 2023 catchment geodatabase,Laoag,high
4933,PAGUDPUD,municipality,74.73,100.0,0.61,137.1015,594.6982,0.61,Wind,Wind,100.0,Boothroyd et al. 2023 catchment geodatabase,Bislak,low
4934,PAOAY,municipality,93.36,57.92,0.01,171.2744,173.7715,0.015,Wind,Solar,64.8,Boothroyd et al. 2023 catchment geodatabase,Laoag,none
4935,PASUQUIN,municipality,89.89,83.76,0.96,164.9089,251.2825,0.965,Wind,Wind,69.6,Boothroyd et al. 2023 catchment geodatabase,Bislak,low
4936,PIDDIG,municipality,88.39,100.0,0.31,162.1542,450.2364,0.31,Wind,Wind,100.0,Boothroyd et al. 2023 catchment geodatabase,Laoag,high
4937,PINILI,municipality,90.68,24.07,0.09,166.3606,72.2061,0.089,Solar,Solar,62.1,Boothroyd et al. 2023 catchment geodatabase,Laoag,low
4938,SAN NICOLAS,municipality,78.95,100.0,0.56,144.8444,486.9687,0.561,Wind,Wind,100.0,Boothroyd et al. 2023 catchment geodatabase,Pansipit,moderate
4939,SARRAT,municipality,89.73,100.0,3.43,164.6111,311.2211,3.429,Wind,Wind,93.4,Boothroyd et al. 2023 catchment geodatabase,Laoag,high
4940,SOLSONA,municipality,86.58,100.0,0.22,158.8411,411.7718,0.219,Wind,Wind,100.0,Boothroyd et al. 2023 catchment geodatabase,Laoag,high
4941,VINTAR,municipality,84.47,100.0,3.29,154.9697,306.6039,3.288,Wind,Wind,92.6,Boothroyd et al. 2023 catchment geodatabase,Bislak,high
4942,ALILEM,municipality,73.03,2.47,6.18,133.9745,7.4163,6.176,Solar,Solar,46.0,Boothroyd et al. 2023 catchment geodatabase,Amburayan,high
4943,BANAYOYO,municipality,91.58,9.14,0.04,167.9986,27.4077,0.042,Solar,Solar,63.0,Boothroyd et al. 2023 catchment geodatabase,Silay,moderate
4944,BANTAY,municipality,89.81,100.0,1.06,164.7599,540.817,1.057,Wind,Wind,100.0,Boothroyd et al. 2023 catchment geodatabase,Abra,moderate
4946,CABUGAO,municipality,86.6,70.47,3.87,158.8783,211.4043,3.871,Wind,Solar,58.2,Boothroyd et al. 2023 catchment geodatabase,Abra,low
4947,CANDON CITY,municipality,92.35,14.9,0.32,169.4132,44.6869,0.316,Solar,Solar,63.8,Boothroyd et al. 2023 catchment geodatabase,Silay,low
4948,CAOAYAN,municipality,93.87,100.0,0.93,172.205,557.9399,0.931,Wind,Wind,100.0,Boothroyd et al. 2023 catchment geodatabase,Abra,moderate
4949,CERVANTES,municipality,88.19,15.17,2.19,161.782,45.515,2.19,Solar,Solar,59.7,Boothroyd et al. 2023 catchment geodatabase,Abra,high
4950,GALIMUYOD,municipality,87.25,8.85,0.6,160.0696,26.5415,0.602,Solar,Solar,58.8,Boothroyd et al. 2023 catchment geodatabase,Silay,moderate
4952,LIDLIDDA,municipality,89.3,5.47,0.04,163.8293,16.409,0.037,Solar,Solar,60.8,Boothroyd et al. 2023 catchment geodatabase,Silay,high
4953,MAGSINGAL,municipality,88.63,100.0,24.26,162.6009,467.1821,24.257,Wind,Wind,100.0,Boothroyd et al. 2023 catchment geodatabase,Abra,low
4954,NAGBUKEL,municipality,92.1,36.79,0.52,168.9665,110.382,0.515,Solar,Solar,63.5,Boothroyd et al. 2023 catchment geodatabase,Silay,moderate
4955,NARVACAN,municipality,93.81,54.72,0.09,172.0934,164.1728,0.094,Solar,Solar,65.2,Boothroyd et al. 2023 catchment geodatabase,Abra,low
4958,SAN EMILIO,municipality,88.0,9.08,0.38,161.4469,27.2407,0.384,Solar,Solar,59.6,Boothroyd et al. 2023 catchment geodatabase,Silay,high
4959,SAN ESTEBAN,municipality,93.65,46.92,0.03,171.7956,140.7516,0.032,Solar,Solar,65.0,Boothroyd et al. 2023 catchment geodatabase,Silay,moderate
4960,SAN ILDEFONSO,municipality,80.36,100.0,0.03,147.4129,316.5136,0.029,Wind,Wind,94.3,Boothroyd et al. 2023 catchment geodatabase,Pampanga,high
4963,SANTA,municipality,91.47,50.57,9.25,167.8125,151.7242,9.251,Solar,Solar,62.9,Boothroyd et al. 2023 catchment geodatabase,Abra,moderate
4966,SANTA LUCIA,municipality,91.33,14.08,0.37,167.5519,42.2504,0.367,Solar,Solar,62.8,Boothroyd et al. 2023 catchment geodatabase,Amburayan,none
4968,SANTIAGO,municipality,60.59,10.34,26.22,111.1552,31.0308,26.216,Solar,Solar,35.8,Boothroyd et al. 2023 catchment geodatabase,Asiga,high
4970,SIGAY,municipality,74.8,19.08,12.3,137.2132,57.2272,12.304,Solar,Solar,47.5,Boothroyd et al. 2023 catchment geodatabase,Amburayan,high
4971,SINAIT,municipality,89.99,70.22,0.31,165.095,210.6679,0.31,Wind,Solar,61.5,Boothroyd et al. 2023 catchment geodatabase,Abra,none
4972,SUGPON,municipality,71.22,4.13,32.14,130.6615,12.3998,32.136,Solar,Solar,44.4,Boothroyd et al. 2023 catchment geodatabase,Amburayan,high
4973,SUYO,municipality,77.9,21.81,41.2,142.9086,65.4176,41.204,Solar,Solar,50.2,Boothroyd et al. 2023 catchment geodatabase,Amburayan,high
4974,TAGUDIN,municipality,88.53,9.6,0.16,162.4148,28.8066,0.164,Solar,Solar,60.1,Boothroyd et al. 2023 catchment geodatabase,Amburayan,high
4975,VIGAN CITY,municipality,94.09,100.0,0.91,172.6145,416.3532,0.911,Wind,Wind,100.0,Boothroyd et al. 2023 catchment geodatabase,Abra,low
4976,AGOO,municipality,89.28,19.89,0.05,163.7921,59.6846,0.052,Solar,Solar,60.8,Boothroyd et al. 2023 catchment geodatabase,Aringay,moderate
4977,ARINGAY,municipality,84.05,19.88,0.29,154.188,59.6403,0.288,Solar,Solar,55.8,Boothroyd et al. 2023 catchment geodatabase,Aringay,high
4978,BACNOTAN,municipality,87.27,20.12,2.47,160.1068,60.3743,2.473,Solar,Solar,58.9,Boothroyd et al. 2023 catchment geodatabase,Amburayan,none
4979,BAGULIN,municipality,80.33,1.87,22.16,147.3757,5.6226,22.161,Solar,Solar,52.4,Boothroyd et al. 2023 catchment geodatabase,Bauang,high
4980,BALAOAN,municipality,87.78,28.48,0.05,161.0375,85.4419,0.047,Solar,Solar,59.3,Boothroyd et al. 2023 catchment geodatabase,Amburayan,low
4981,BANGAR,municipality,88.11,10.8,0.73,161.6331,32.3903,0.727,Solar,Solar,59.7,Boothroyd et al. 2023 catchment geodatabase,Amburayan,moderate
4982,BAUANG,municipality,90.03,16.0,0.03,165.1694,47.9868,0.03,Solar,Solar,61.5,Boothroyd et al. 2023 catchment geodatabase,Bauang,high
4984,CABA,municipality,86.73,42.73,0.93,159.1017,128.1991,0.934,Solar,Solar,58.3,Boothroyd et al. 2023 catchment geodatabase,Aringay,high
4986,LUNA,municipality,73.19,3.74,6.97,134.2723,11.212,6.965,Solar,Solar,46.1,Boothroyd et al. 2023 catchment geodatabase,Abulug,high
4988,PUGO,municipality,78.37,9.52,0.4,143.7648,28.5664,0.405,Solar,Solar,50.7,Boothroyd et al. 2023 catchment geodatabase,Aringay,high
4990,SAN GABRIEL,municipality,75.24,5.2,11.33,138.0321,15.6052,11.329,Solar,Solar,47.9,Boothroyd et al. 2023 catchment geodatabase,Amburayan,low
4993,SANTOL,municipality,78.35,5.99,4.62,143.7275,17.9605,4.623,Solar,Solar,50.6,Boothroyd et al. 2023 catchment geodatabase,Amburayan,high
4994,SUDIPEN,municipality,81.98,9.85,0.08,150.3909,29.5484,0.08,Solar,Solar,53.9,Boothroyd et al. 2023 catchment geodatabase,Amburayan,high
4995,TUBAO,municipality,84.94,14.1,0.03,155.8258,42.3126,0.034,Solar,Solar,56.7,Boothroyd et al. 2023 catchment geodatabase,Aringay,high
4996,AGNO,municipality,87.56,43.42,0.14,160.628,130.2743,0.136,Solar,Solar,59.1,Boothroyd et al. 2023 catchment geodatabase,Balite_Basit,none
4997,AGUILAR,municipality,87.74,100.0,4.43,160.963,542.4906,4.428,Wind,Wind,100.0,Boothroyd et al. 2023 catchment geodatabase,Agno,high
4998,ALAMINOS CITY,municipality,75.22,57.74,1.0,137.9949,173.2117,0.996,Wind,Solar,47.9,Boothroyd et al. 2023 catchment geodatabase,Malaking_Ilog,high
5001,ASINGAN,municipality,88.98,37.83,0.03,163.2337,113.4875,0.027,Solar,Solar,60.5,Boothroyd et al. 2023 catchment geodatabase,Patalan_Dagupan,high
5002,BALUNGAO,municipality,87.78,35.48,0.08,161.0375,106.4293,0.078,Solar,Solar,59.3,Boothroyd et al. 2023 catchment geodatabase,Agno,high
5003,BANI,municipality,88.15,65.68,0.06,161.7075,197.0536,0.059,Wind,Solar,59.7,Boothroyd et al. 2023 catchment geodatabase,Balite_Basit,none
5004,BASISTA,municipality,89.2,75.47,0.54,163.6432,226.3975,0.542,Wind,Solar,60.7,Boothroyd et al. 2023 catchment geodatabase,Patalan_Dagupan,high
5005,BAUTISTA,municipality,89.26,63.89,0.01,163.7549,191.6817,0.01,Wind,Solar,60.8,Boothroyd et al. 2023 catchment geodatabase,Agno,high
5006,BAYAMBANG,municipality,89.53,73.07,0.02,164.2388,219.2185,0.016,Wind,Solar,61.0,Boothroyd et al. 2023 catchment geodatabase,Patalan_Dagupan,high
5007,BINALONAN,municipality,89.83,73.14,0.06,164.7972,219.4307,0.057,Wind,Solar,61.3,Boothroyd et al. 2023 catchment geodatabase,Patalan_Dagupan,high
5008,BINMALEY,municipality,89.28,100.0,0.56,163.7921,512.4937,0.562,Wind,Wind,100.0,Boothroyd et al. 2023 catchment geodatabase,Patalan_Dagupan,high
5009,BOLINAO,municipality,89.16,40.58,0.06,163.5688,121.7481,0.062,Solar,Solar,60.7,Boothroyd et al. 2023 catchment geodatabase,Balite_Basit,none
5010,BUGALLON,municipality,88.17,93.81,1.59,161.7447,281.4316,1.586,Wind,Wind,82.8,Boothroyd et al. 2023 catchment geodatabase,Agno,high
5012,CALASIAO,municipality,89.81,65.08,0.54,164.7599,195.2276,0.542,Wind,Solar,61.3,Boothroyd et al. 2023 catchment geodatabase,Patalan_Dagupan,high
5013,DAGUPAN CITY,municipality,89.99,100.0,0.54,165.095,421.501,0.542,Wind,Wind,100.0,Boothroyd et al. 2023 catchment geodatabase,Patalan_Dagupan,high
5014,DASOL,municipality,87.29,66.85,0.16,160.1441,200.5399,0.165,Wind,Solar,58.9,Boothroyd et al. 2023 catchment geodatabase,Balite_Basit,low
5016,LABRADOR,municipality,87.66,100.0,8.82,160.8141,913.0802,8.82,Wind,Wind,100.0,Boothroyd et al. 2023 catchment geodatabase,Balite_Basit,high
5017,LAOAC,municipality,90.05,63.84,0.03,165.2067,191.5329,0.033,Wind,Solar,61.5,Boothroyd et al. 2023 catchment geodatabase,Patalan_Dagupan,moderate
5018,LINGAYEN,municipality,89.83,100.0,0.68,164.7972,343.8686,0.68,Wind,Wind,98.9,Boothroyd et al. 2023 catchment geodatabase,Agno,high
5020,MALASIQUI,municipality,89.3,58.22,0.54,163.8293,174.6706,0.542,Wind,Solar,60.8,Boothroyd et al. 2023 catchment geodatabase,Patalan_Dagupan,high
5021,MANAOAG,municipality,90.12,47.45,0.01,165.3183,142.344,0.014,Solar,Solar,61.6,Boothroyd et al. 2023 catchment geodatabase,Patalan_Dagupan,moderate
5022,MANGALDAN,municipality,90.34,83.93,0.54,165.7278,251.7818,0.542,Wind,Wind,69.8,Boothroyd et al. 2023 catchment geodatabase,Patalan_Dagupan,high
5023,MANGATAREM,municipality,86.75,72.55,2.21,159.1389,217.6406,2.211,Wind,Solar,58.4,Boothroyd et al. 2023 catchment geodatabase,Agno,high
5024,MAPANDAN,municipality,90.03,67.0,0.01,165.1694,200.9965,0.011,Wind,Solar,61.5,Boothroyd et al. 2023 catchment geodatabase,Patalan_Dagupan,high
5025,NATIVIDAD,municipality,77.92,100.0,23.74,142.9458,436.7187,23.743,Wind,Wind,100.0,Boothroyd et al. 2023 catchment geodatabase,Agno,high
5026,POZORRUBIO,municipality,89.22,79.86,0.03,163.6804,239.5674,0.034,Wind,Wind,64.7,Boothroyd et al. 2023 catchment geodatabase,Patalan_Dagupan,low
5027,ROSALES,municipality,88.31,49.49,0.02,162.0053,148.4561,0.02,Solar,Solar,59.8,Boothroyd et al. 2023 catchment geodatabase,Agno,high
5029,SAN FABIAN,municipality,90.09,59.31,0.11,165.2811,177.9222,0.108,Wind,Solar,61.6,Boothroyd et al. 2023 catchment geodatabase,Patalan_Dagupan,low
5034,SANTA BARBARA,municipality,80.66,100.0,0.02,147.9713,476.5491,0.019,Wind,Wind,100.0,Boothroyd et al. 2023 catchment geodatabase,Tigum,high
5038,SUAL,municipality,87.96,100.0,0.25,161.3725,303.0408,0.254,Wind,Wind,91.9,Boothroyd et al. 2023 catchment geodatabase,Balite_Basit,low
5039,TAYUG,municipality,87.62,56.3,0.07,160.7396,168.9105,0.072,Wind,Solar,59.2,Boothroyd et al. 2023 catchment geodatabase,Agno,high
5040,UMINGAN,municipality,86.56,67.8,0.13,158.8038,203.4061,0.127,Wind,Solar,58.2,Boothroyd et al. 2023 catchment geodatabase,Agno,high
5041,URBIZTONDO,municipality,89.06,84.0,0.54,163.3826,252.0079,0.542,Wind,Wind,69.9,Boothroyd et al. 2023 catchment geodatabase,Patalan_Dagupan,high
5042,URDANETA CITY,municipality,89.93,44.27,0.03,164.9833,132.8175,0.027,Solar,Solar,61.4,Boothroyd et al. 2023 catchment geodatabase,Patalan_Dagupan,high
5043,VILLASIS,municipality,89.38,53.92,0.02,163.9782,161.7504,0.016,Solar,Solar,60.9,Boothroyd et al. 2023 catchment geodatabase,Patalan_Dagupan,high
5044,BASCO,municipality,72.77,34.78,0.52,133.4905,104.3453,0.517,Solar,Solar,45.8,Boothroyd et al. 2023 catchment geodatabase,Abulug,none
5045,ITBAYAT,municipality,77.88,100.0,0.48,142.8714,324.0464,0.48,Wind,Wind,95.6,Boothroyd et al. 2023 catchment geodatabase,Abulug,none
5046,IVANA,municipality,76.09,47.65,0.38,139.5956,142.9574,0.377,Wind,Solar,48.6,Boothroyd et al. 2023 catchment geodatabase,Abulug,none
5047,MAHATAO,municipality,74.65,100.0,0.52,136.9526,891.4111,0.517,Wind,Wind,100.0,Boothroyd et al. 2023 catchment geodatabase,Abulug,none
5048,SABTANG,municipality,74.0,60.41,0.52,135.7614,181.221,0.517,Wind,Solar,46.8,Boothroyd et al. 2023 catchment geodatabase,Abulug,none
5049,UYUGAN,municipality,77.43,100.0,0.43,142.0524,437.0878,0.435,Wind,Wind,100.0,Boothroyd et al. 2023 catchment geodatabase,Abulug,none
5050,ABULUG,municipality,77.88,67.08,0.69,142.8714,201.2523,0.69,Wind,Solar,50.2,Boothroyd et al. 2023 catchment geodatabase,Abulug,high
5051,ALCALA,municipality,89.18,55.46,0.01,163.606,166.3795,0.012,Wind,Solar,60.7,Boothroyd et al. 2023 catchment geodatabase,Agno,high
5052,ALLACAPAN,municipality,77.49,36.69,0.01,142.1641,110.0783,0.014,Solar,Solar,49.9,Boothroyd et al. 2023 catchment geodatabase,Abulug,moderate
5053,AMULUNG,municipality,80.29,51.76,0.66,147.3012,155.2896,0.661,Wind,Solar,52.4,Boothroyd et al. 2023 catchment geodatabase,Cagayan,high
5054,APARRI,municipality,81.39689473684216,100.0,0.07,120.15763142437176,756.2772,0.065,Wind,Wind,100.0,Boothroyd et al. 2023 catchment geodatabase,Abulug,none
5055,BAGGAO,municipality,77.49,100.0,5.31,142.1641,417.8517,5.31,Wind,Wind,100.0,Boothroyd et al. 2023 catchment geodatabase,Cagayan,high
5056,BALLESTEROS,municipality,78.55,56.7,0.56,144.0999,170.0864,0.559,Wind,Solar,50.8,Boothroyd et al. 2023 catchment geodatabase,Abulug,moderate
5057,BUGUEY,municipality,78.71,61.89,0.0,144.3977,185.673,0.004,Wind,Solar,51.0,Boothroyd et al. 2023 catchment geodatabase,Cagayan,none
5058,CALAYAN,municipality,83.35494736842101,100.0,0.18,119.34560343013925,1589.7469,0.177,Wind,Wind,100.0,Boothroyd et al. 2023 catchment geodatabase,Abulug,none
5059,CAMALANIUGAN,municipality,78.93,92.16,0.6,144.8071,276.4937,0.598,Wind,Wind,80.6,Boothroyd et al. 2023 catchment geodatabase,Cagayan,moderate
5060,CLAVERIA,municipality,84.88,100.0,0.15,155.7142,697.748,0.147,Wind,Wind,100.0,Boothroyd et al. 2023 catchment geodatabase,Ogod,none
5061,ENRILE,municipality,81.15,52.96,0.01,148.8647,158.8887,0.009,Wind,Solar,53.2,Boothroyd et al. 2023 catchment geodatabase,Cagayan,high
5062,GATTARAN,municipality,76.26,50.48,0.07,139.8934,151.427,0.066,Wind,Solar,48.8,Boothroyd et al. 2023 catchment geodatabase,Cagayan,high
5063,GONZAGA,municipality,70.15,100.0,0.68,128.6885,785.0979,0.681,Wind,Wind,100.0,Boothroyd et al. 2023 catchment geodatabase,Taboan,none
5064,IGUIG,municipality,79.5,41.39,0.11,145.8495,124.1634,0.105,Solar,Solar,51.7,Boothroyd et al. 2023 catchment geodatabase,Cagayan,high
5065,LAL-LO,municipality,72.93,6.45,3.61,133.7883,19.3594,3.611,Solar,Solar,45.9,Boothroyd et al. 2023 catchment geodatabase,Cagayan,moderate
5066,LASAM,municipality,77.74,28.66,0.15,142.6108,85.9685,0.15,Solar,Solar,50.1,Boothroyd et al. 2023 catchment geodatabase,Cagayan,high
5068,PEÑABLANCA,municipality,74.41,0.33,43.76,136.5059,0.9793,43.755,Solar,Solar,47.2,Boothroyd et al. 2023 catchment geodatabase,Cagayan,high
5069,PIAT,municipality,79.99,48.8,0.05,146.7428,146.3974,0.051,Solar,Solar,52.1,Boothroyd et al. 2023 catchment geodatabase,Cagayan,high
5070,RIZAL,municipality,86.04,100.0,0.04,157.836,458.0287,0.037,Wind,Wind,100.0,Boothroyd et al. 2023 catchment geodatabase,Pampanga,high
5071,SANCHEZ-MIRA,municipality,74.37,32.05,0.03,136.4314,96.1502,0.03,Solar,Solar,47.1,Boothroyd et al. 2023 catchment geodatabase,Pamplona,low
5073,SANTA PRAXEDES,municipality,71.43,100.0,0.57,131.0337,300.0379,0.565,Wind,Wind,91.4,Boothroyd et al. 2023 catchment geodatabase,Abulug,low
5075,SANTO NIÑO (FAIRE),municipality,82.12,99.35,0.17,150.6515,298.0589,0.171,Wind,Wind,90.5,Boothroyd et al. 2023 catchment geodatabase,Jibatang,none
5076,SOLANA,municipality,80.82,49.93,0.09,148.2691,149.7869,0.093,Wind,Solar,52.9,Boothroyd et al. 2023 catchment geodatabase,Cagayan,high
5077,TUAO,municipality,80.88,45.26,0.03,148.3807,135.7785,0.028,Solar,Solar,52.9,Boothroyd et al. 2023 catchment geodatabase,Cagayan,high
5078,TUGUEGARAO CITY,municipality,80.96,33.9,0.02,148.5297,101.6888,0.022,Solar,Solar,53.0,Boothroyd et al. 2023 catchment geodatabase,Cagayan,high
5079,ALICIA,municipality,76.26,23.74,0.02,139.8934,71.2249,0.023,Solar,Solar,48.8,Boothroyd et al. 2023 catchment geodatabase,Inabanga,low
5080,ANGADANAN,municipality,78.53,25.76,0.07,144.0627,77.2664,0.068,Solar,Solar,50.8,Boothroyd et al. 2023 catchment geodatabase,Cagayan,high
5081,AURORA,municipality,80.23,40.79,0.47,147.1895,122.3776,0.467,Solar,Solar,52.3,Boothroyd et al. 2023 catchment geodatabase,Salug,low
5082,BENITO SOLIVEN,municipality,77.92,26.38,0.05,142.9458,79.1366,0.046,Solar,Solar,50.3,Boothroyd et al. 2023 catchment geodatabase,Cagayan,high
5084,CABAGAN,municipality,77.23,23.45,0.69,141.6802,70.3571,0.69,Solar,Solar,49.6,Boothroyd et al. 2023 catchment geodatabase,Cagayan,high
5085,CABATUAN,municipality,79.38,95.76,0.03,145.6261,287.2883,0.032,Wind,Wind,85.5,Boothroyd et al. 2023 catchment geodatabase,Tigum,high
5086,CAUAYAN CITY,municipality,72.83,93.48,4.44,133.6022,280.4339,4.441,Wind,Wind,82.3,Boothroyd et al. 2023 catchment geodatabase,Ilog_Hilabangan,high
5088,CORDON,municipality,83.22,16.87,1.47,152.6617,50.6049,1.472,Solar,Solar,55.1,Boothroyd et al. 2023 catchment geodatabase,Cagayan,high
5089,DELFIN ALBANO (MAGSAYSAY),municipality,81.63,42.27,0.14,149.7581,126.8176,0.137,Solar,Solar,53.6,Boothroyd et al. 2023 catchment geodatabase,Cagayan,high
5090,DINAPIGUE,municipality,68.38,35.72,2.89,125.4498,107.1488,2.888,Solar,Solar,42.1,Boothroyd et al. 2023 catchment geodatabase,Palanan,high
5091,DIVILACAN,municipality,65.89,29.14,14.58,120.8712,87.4329,14.583,Solar,Solar,40.0,Boothroyd et al. 2023 catchment geodatabase,Cagayan,low
5092,ECHAGUE,municipality,77.29,22.77,0.16,141.7918,68.3232,0.161,Solar,Solar,49.7,Boothroyd et al. 2023 catchment geodatabase,Cagayan,high
5093,GAMU,municipality,80.01,25.17,0.06,146.7801,75.521,0.055,Solar,Solar,52.1,Boothroyd et al. 2023 catchment geodatabase,Cagayan,high
5094,ILAGAN CITY,municipality,75.28,9.73,2.09,138.1066,29.1918,2.09,Solar,Solar,47.9,Boothroyd et al. 2023 catchment geodatabase,Cagayan,high
5095,JONES,municipality,75.28,13.43,0.09,138.1066,40.2852,0.09,Solar,Solar,47.9,Boothroyd et al. 2023 catchment geodatabase,Cagayan,high
5097,MACONACON,municipality,62.97,4.31,11.05,115.5107,12.9447,11.049,Solar,Solar,37.7,Boothroyd et al. 2023 catchment geodatabase,Cagayan,low
5098,MALLIG,municipality,82.38,36.36,0.05,151.1355,109.0845,0.052,Solar,Solar,54.3,Boothroyd et al. 2023 catchment geodatabase,Cagayan,high
5099,NAGUILIAN,municipality,82.91,3.37,0.47,152.1034,10.1145,0.467,Solar,Solar,54.8,Boothroyd et al. 2023 catchment geodatabase,Bauang,high
5100,PALANAN,municipality,75.32,50.24,1.9,138.181,150.7294,1.896,Wind,Solar,48.0,Boothroyd et al. 2023 catchment geodatabase,Palanan,high
5103,RAMON,municipality,83.85,22.9,0.1,153.8157,68.6864,0.099,Solar,Solar,55.6,Boothroyd et al. 2023 catchment geodatabase,Cagayan,high
5104,REINA MERCEDES,municipality,80.36,24.79,0.03,147.4129,74.3675,0.033,Solar,Solar,52.5,Boothroyd et al. 2023 catchment geodatabase,Cagayan,high
5105,ROXAS,municipality,81.43,57.89,0.06,149.3858,173.6698,0.056,Wind,Solar,53.4,Boothroyd et al. 2023 catchment geodatabase,Panay,low
5107,SAN GUILLERMO,municipality,73.72,17.47,0.26,135.2401,52.3991,0.265,Solar,Solar,46.6,Boothroyd et al. 2023 catchment geodatabase,Cagayan,high
5108,SAN ISIDRO,municipality,84.11,73.97,0.01,154.2996,221.924,0.005,Wind,Wind,57.7,Boothroyd et al. 2023 catchment geodatabase,Pampanga,high
5109,SAN MANUEL,municipality,88.82,61.54,0.01,162.9359,184.6202,0.013,Wind,Solar,60.3,Boothroyd et al. 2023 catchment geodatabase,Agno,high
5110,SAN MARIANO,municipality,74.25,30.22,0.88,136.208,90.6504,0.878,Solar,Solar,47.0,Boothroyd et al. 2023 catchment geodatabase,Cagayan,high
5113,SANTA MARIA (ISABELA),municipality,79.95,53.28,0.08,146.6684,159.8458,0.077,Wind,Solar,52.1,Boothroyd et al. 2023 catchment geodatabase,Angat,low
5114,SANTO TOMAS,municipality,81.19,43.0,0.02,148.9391,129.01,0.018,Solar,Solar,53.2,Boothroyd et al. 2023 catchment geodatabase,Tagum,low
5115,TUMAUINI,municipality,75.97,26.54,1.93,139.3722,79.6332,1.934,Solar,Solar,48.5,Boothroyd et al. 2023 catchment geodatabase,Cagayan,high
5116,ALFONSO CASTANEDA,municipality,68.42,20.65,14.46,125.5243,61.9592,14.456,Solar,Solar,42.1,Boothroyd et al. 2023 catchment geodatabase,Cagayan,high
5117,AMBAGUIO,municipality,77.84,48.21,61.89,142.7969,144.6375,61.893,Wind,Solar,50.2,Boothroyd et al. 2023 catchment geodatabase,Cagayan,high
5118,ARITAO,municipality,75.57,47.4,2.71,138.6277,142.2008,2.708,Wind,Solar,48.2,Boothroyd et al. 2023 catchment geodatabase,Cagayan,high
5119,BAGABAG,municipality,81.31,23.42,0.06,149.1625,70.2663,0.063,Solar,Solar,53.3,Boothroyd et al. 2023 catchment geodatabase,Cagayan,high
5120,BAMBANG,municipality,84.17,82.54,0.08,154.4113,247.6097,0.08,Wind,Wind,68.0,Boothroyd et al. 2023 catchment geodatabase,Cagayan,high
5121,BAYOMBONG,municipality,82.57,49.94,0.09,151.4705,149.8057,0.091,Solar,Solar,54.5,Boothroyd et al. 2023 catchment geodatabase,Cagayan,high
5122,DIADI,municipality,78.29,18.89,0.33,143.6159,56.6843,0.332,Solar,Solar,50.6,Boothroyd et al. 2023 catchment geodatabase,Cagayan,high
5123,DUPAX DEL NORTE,municipality,73.09,78.96,0.14,134.0861,236.8659,0.143,Wind,Wind,63.6,Boothroyd et al. 2023 catchment geodatabase,Cagayan,high
5124,DUPAX DEL SUR,municipality,69.64,74.86,2.21,127.7578,224.5653,2.21,Wind,Wind,58.8,Boothroyd et al. 2023 catchment geodatabase,Cagayan,high
5125,KASIBU,municipality,71.39,12.86,4.22,130.9593,38.5672,4.218,Solar,Solar,44.6,Boothroyd et al. 2023 catchment geodatabase,Cagayan,high
5126,KAYAPA,municipality,73.82,17.3,42.43,135.4263,51.8999,42.435,Solar,Solar,46.7,Boothroyd et al. 2023 catchment geodatabase,Cagayan,high
5129,SOLANO,municipality,82.3,31.16,0.07,150.9865,93.4834,0.07,Solar,Solar,54.2,Boothroyd et al. 2023 catchment geodatabase,Cagayan,high
5130,VILLAVERDE,municipality,82.99,6.11,2.14,152.2522,18.3296,2.138,Solar,Solar,54.9,Boothroyd et al. 2023 catchment geodatabase,Cagayan,high
5131,AGLIPAY,municipality,75.57,27.37,38.33,138.6277,82.1102,38.333,Solar,Solar,48.2,Boothroyd et al. 2023 catchment geodatabase,Cagayan,high
5132,CABARROGUIS,municipality,76.34,3.76,1.92,140.0422,11.2687,1.922,Solar,Solar,48.9,Boothroyd et al. 2023 catchment geodatabase,Cagayan,high
5133,DIFFUN,municipality,79.93,13.75,0.18,146.6312,41.26,0.182,Solar,Solar,52.1,Boothroyd et al. 2023 catchment geodatabase,Cagayan,high
5134,MADDELA,municipality,75.83,49.32,0.19,139.1116,147.9492,0.188,Wind,Solar,48.4,Boothroyd et al. 2023 catchment geodatabase,Cagayan,high
5135,NAGTIPUNAN,municipality,71.06,5.62,27.45,130.3637,16.8717,27.447,Solar,Solar,44.3,Boothroyd et al. 2023 catchment geodatabase,Cagayan,high
5136,SAGUDAY,municipality,79.5,21.21,0.03,145.8495,63.642,0.034,Solar,Solar,51.7,Boothroyd et al. 2023 catchment geodatabase,Cagayan,high
5137,BALER,municipality,78.29,26.94,1.35,143.6159,80.8115,1.354,Solar,Solar,50.6,Boothroyd et al. 2023 catchment geodatabase,Diteki,moderate
5139,DILASAG,municipality,69.66,10.5,2.04,127.795,31.4939,2.035,Solar,Solar,43.1,Boothroyd et al. 2023 catchment geodatabase,Cagayan,high
5140,DINALUNGAN,municipality,71.3,100.0,31.32,130.8103,815.5297,31.319,Wind,Wind,100.0,Boothroyd et al. 2023 catchment geodatabase,Cagayan,high
5141,DINGALAN,municipality,69.44,32.01,0.71,127.3856,96.0342,0.709,Solar,Solar,42.9,Boothroyd et al. 2023 catchment geodatabase,Pampanga,low
5142,DIPACULAO,municipality,78.18,33.7,2.07,143.4297,101.087,2.074,Solar,Solar,50.5,Boothroyd et al. 2023 catchment geodatabase,Cagayan,moderate
5143,MARIA AURORA,municipality,76.76,6.48,3.45,140.824,19.4533,3.447,Solar,Solar,49.2,Boothroyd et al. 2023 catchment geodatabase,Diteki,high
5145,ABUCAY,municipality,84.09,36.94,1.05,154.2624,110.8203,1.05,Solar,Solar,55.9,Boothroyd et al. 2023 catchment geodatabase,Lubao,low
5146,BAGAC,municipality,84.01,100.0,2.19,154.1135,372.4248,2.187,Wind,Wind,100.0,Boothroyd et al. 2023 catchment geodatabase,Lubao,none
5147,BALANGA CITY,municipality,85.29,77.24,2.19,156.4587,231.718,2.187,Wind,Wind,61.6,Boothroyd et al. 2023 catchment geodatabase,Lubao,none
5148,DINALUPIHAN,municipality,84.43,100.0,0.18,154.8952,363.4556,0.182,Wind,Wind,100.0,Boothroyd et al. 2023 catchment geodatabase,Lubao,high
5149,HERMOSA,municipality,83.28,36.3,1.11,152.7734,108.9081,1.11,Solar,Solar,55.1,Boothroyd et al. 2023 catchment geodatabase,Lubao,high
5150,LIMAY,municipality,83.44,11.88,0.3,153.0712,35.6275,0.303,Solar,Solar,55.3,Boothroyd et al. 2023 catchment geodatabase,Lubao,none
5151,MARIVELES,municipality,86.65,24.3,2.19,158.9529,72.9006,2.187,Solar,Solar,58.3,Boothroyd et al. 2023 catchment geodatabase,Lubao,none
5153,ORANI,municipality,85.47,44.25,0.53,156.7937,132.7463,0.535,Solar,Solar,57.2,Boothroyd et al. 2023 catchment geodatabase,Lubao,high
5154,ORION,municipality,81.82,24.7,0.23,150.0931,74.1055,0.235,Solar,Solar,53.8,Boothroyd et al. 2023 catchment geodatabase,Lubao,none
5156,SAMAL,municipality,85.02,35.28,0.44,155.9748,105.8388,0.44,Solar,Solar,56.7,Boothroyd et al. 2023 catchment geodatabase,Lubao,moderate
5157,ANGAT,municipality,80.05,82.26,0.04,146.8545,246.7798,0.043,Wind,Wind,67.7,Boothroyd et al. 2023 catchment geodatabase,Angat,high
5158,BALAGTAS (BIGAA),municipality,81.8,80.1,0.12,150.0559,240.3028,0.118,Wind,Wind,65.0,Boothroyd et al. 2023 catchment geodatabase,Angat,low
5160,BOCAUE,municipality,80.82,70.12,0.06,148.2691,210.375,0.056,Wind,Wind,53.3,Boothroyd et al. 2023 catchment geodatabase,Angat,none
5161,BULACAN,municipality,82.34,100.0,0.06,151.0611,344.0656,0.056,Wind,Wind,99.0,Boothroyd et al. 2023 catchment geodatabase,Angat,none
5162,BUSTOS,municipality,81.41,75.81,0.07,149.3486,227.4443,0.071,Wind,Wind,59.9,Boothroyd et al. 2023 catchment geodatabase,Angat,moderate
5163,CALUMPIT,municipality,83.76,73.56,0.5,153.6668,220.681,0.503,Wind,Wind,57.3,Boothroyd et al. 2023 catchment geodatabase,Pampanga,high
5164,DOÑA REMEDIOS TRINIDAD,municipality,74.43,100.0,2.39,136.5431,1414.8378,2.388,Wind,Wind,100.0,Boothroyd et al. 2023 catchment geodatabase,Angat,high
5165,GUIGUINTO,municipality,82.38,64.44,0.28,151.1355,193.3245,0.282,Wind,Solar,54.3,Boothroyd et al. 2023 catchment geodatabase,Angat,low
5167,MALOLOS CITY,municipality,83.2,82.94,0.25,152.6245,248.8147,0.254,Wind,Wind,68.6,Boothroyd et al. 2023 catchment geodatabase,Angat,low
5168,MARILAO,municipality,79.18,33.51,0.01,145.2539,100.5324,0.012,Solar,Solar,51.4,Boothroyd et al. 2023 catchment geodatabase,Marikina_Pasig,none
5170,NORZAGARAY,municipality,71.0,71.58,11.5,130.252,214.7342,11.502,Wind,Wind,55.0,Boothroyd et al. 2023 catchment geodatabase,Angat,high
5171,OBANDO,municipality,80.11,91.97,0.01,146.9662,275.922,0.01,Wind,Wind,80.3,Boothroyd et al. 2023 catchment geodatabase,Marikina_Pasig,none
5172,PANDI,municipality,80.6,66.07,1.13,147.8596,198.214,1.131,Wind,Solar,52.7,Boothroyd et al. 2023 catchment geodatabase,Angat,low
5173,PAOMBONG,municipality,83.85,100.0,0.19,153.8157,425.992,0.19,Wind,Wind,100.0,Boothroyd et al. 2023 catchment geodatabase,Angat,low
5175,PULILAN,municipality,82.61,59.31,0.52,151.545,177.9276,0.516,Wind,Solar,54.5,Boothroyd et al. 2023 catchment geodatabase,Angat,moderate
5177,SAN JOSE DEL MONTE CITY,municipality,77.41,28.79,0.37,142.0152,86.3713,0.37,Solar,Solar,49.8,Boothroyd et al. 2023 catchment geodatabase,Marikina_Pasig,low
5181,ALIAGA,municipality,85.89,69.37,0.01,157.5754,208.1183,0.01,Wind,Solar,57.6,Boothroyd et al. 2023 catchment geodatabase,Pampanga,high
5182,BONGABON,municipality,80.44,100.0,0.41,147.5618,1017.6816,0.41,Wind,Wind,100.0,Boothroyd et al. 2023 catchment geodatabase,Pampanga,high
5184,CABIAO,municipality,84.64,61.38,0.52,155.2675,184.1366,0.522,Wind,Solar,56.4,Boothroyd et al. 2023 catchment geodatabase,Pampanga,high
5185,CARRANGLAN,municipality,83.74,100.0,0.26,153.6296,480.2077,0.261,Wind,Wind,100.0,Boothroyd et al. 2023 catchment geodatabase,Pampanga,high
5186,CUYAPO,municipality,88.23,63.32,0.21,161.8564,189.9729,0.215,Wind,Solar,59.8,Boothroyd et al. 2023 catchment geodatabase,Agno,high
5188,GAPAN CITY,municipality,83.26,100.0,0.06,152.7362,333.5316,0.063,Wind,Wind,97.2,Boothroyd et al. 2023 catchment geodatabase,Pampanga,high
5189,GENERAL MAMERTO NATIVIDAD,municipality,84.94,86.45,0.05,155.8258,259.3473,0.045,Wind,Wind,73.0,Boothroyd et al. 2023 catchment geodatabase,Pampanga,high
5191,GUIMBA,municipality,88.76,100.0,0.02,162.8243,319.0136,0.021,Wind,Wind,94.7,Boothroyd et al. 2023 catchment geodatabase,Pampanga,high
5192,JAEN,municipality,84.37,49.05,0.01,154.7836,147.1532,0.01,Solar,Solar,56.1,Boothroyd et al. 2023 catchment geodatabase,Pampanga,high
5193,LAUR,municipality,80.96,50.86,0.18,148.5297,152.5679,0.183,Wind,Solar,53.0,Boothroyd et al. 2023 catchment geodatabase,Pampanga,high
5194,LICAB,municipality,87.66,78.77,0.01,160.8141,236.3025,0.005,Wind,Wind,63.4,Boothroyd et al. 2023 catchment geodatabase,Pampanga,high
5195,LLANERA,municipality,87.17,100.0,0.07,159.9207,413.9375,0.068,Wind,Wind,100.0,Boothroyd et al. 2023 catchment geodatabase,Pampanga,high
5196,LUPAO,municipality,86.28,100.0,0.18,158.2827,831.5992,0.178,Wind,Wind,100.0,Boothroyd et al. 2023 catchment geodatabase,Pampanga,high
5197,NAMPICUAN,municipality,88.96,96.52,0.02,163.1965,289.5641,0.016,Wind,Wind,86.5,Boothroyd et al. 2023 catchment geodatabase,Agno,high
5198,PALAYAN CITY,municipality,79.18,41.39,0.32,145.2539,124.1737,0.317,Solar,Solar,51.4,Boothroyd et al. 2023 catchment geodatabase,Pampanga,high
5199,PANTABANGAN,municipality,84.92,100.0,0.04,155.7886,1091.1096,0.041,Wind,Wind,100.0,Boothroyd et al. 2023 catchment geodatabase,Pampanga,high
5200,PEÑARANDA,municipality,82.0,55.01,0.1,150.4281,165.026,0.098,Wind,Solar,53.9,Boothroyd et al. 2023 catchment geodatabase,Pampanga,high
5201,QUEZON,municipality,87.42,100.0,0.02,160.3674,314.1826,0.016,Wind,Wind,93.9,Boothroyd et al. 2023 catchment geodatabase,Pampanga,high
5206,SAN LEONARDO,municipality,82.97,54.96,0.06,152.215,164.8742,0.06,Wind,Solar,54.8,Boothroyd et al. 2023 catchment geodatabase,Pampanga,high
5209,SCIENCE CITY OF MUÑOZ,municipality,88.03,100.0,0.05,161.4841,560.219,0.055,Wind,Wind,100.0,Boothroyd et al. 2023 catchment geodatabase,Pampanga,high
5210,TALAVERA,municipality,86.97,100.0,0.04,159.5484,419.3775,0.039,Wind,Wind,100.0,Boothroyd et al. 2023 catchment geodatabase,Pampanga,high
5211,TALUGTUG,municipality,88.39,100.0,0.03,162.1542,425.2649,0.033,Wind,Wind,100.0,Boothroyd et al. 2023 catchment geodatabase,Pampanga,moderate
5212,ZARAGOZA,municipality,86.4,47.84,0.01,158.506,143.5335,0.008,Solar,Solar,58.0,Boothroyd et al. 2023 catchment geodatabase,Pampanga,high
5214,APALIT,municipality,83.28,63.12,0.49,152.7734,189.3541,0.495,Wind,Solar,55.1,Boothroyd et al. 2023 catchment geodatabase,Pampanga,moderate
5215,ARAYAT,municipality,85.39,61.59,0.5,156.6448,184.7751,0.503,Wind,Solar,57.1,Boothroyd et al. 2023 catchment geodatabase,Pampanga,high
5216,BACOLOR,municipality,84.9,66.07,0.0,155.7514,198.1955,0.004,Wind,Solar,56.6,Boothroyd et al. 2023 catchment geodatabase,Lubao,none
5217,CANDABA,municipality,83.18,75.14,0.5,152.5873,225.4097,0.503,Wind,Wind,59.1,Boothroyd et al. 2023 catchment geodatabase,Pampanga,high
5218,FLORIDABLANCA,municipality,83.89,67.51,0.2,153.8902,202.5176,0.195,Wind,Solar,55.7,Boothroyd et al. 2023 catchment geodatabase,Lubao,high
5219,GUAGUA,municipality,85.08,59.36,0.02,156.0864,178.0699,0.019,Wind,Solar,56.8,Boothroyd et al. 2023 catchment geodatabase,Lubao,low
5220,LUBAO,municipality,85.96,89.34,0.54,157.6871,268.0156,0.542,Wind,Wind,76.8,Boothroyd et al. 2023 catchment geodatabase,Lubao,high
5221,MABALACAT CITY,municipality,82.69,28.37,0.16,151.6939,85.122,0.163,Solar,Solar,54.6,Boothroyd et al. 2023 catchment geodatabase,Pampanga,high
5222,MACABEBE,municipality,84.86,100.0,0.54,155.677,460.3992,0.539,Wind,Wind,100.0,Boothroyd et al. 2023 catchment geodatabase,Lubao,moderate
5223,MAGALANG,municipality,83.68,45.69,0.05,153.5179,137.0712,0.05,Solar,Solar,55.5,Boothroyd et al. 2023 catchment geodatabase,Pampanga,high
5224,MASANTOL,municipality,84.7,100.0,0.54,155.3792,467.3763,0.542,Wind,Wind,100.0,Boothroyd et al. 2023 catchment geodatabase,Lubao,high
5225,MEXICO,municipality,85.61,62.33,0.01,157.0543,187.0022,0.01,Wind,Solar,57.3,Boothroyd et al. 2023 catchment geodatabase,Pampanga,none
5226,MINALIN,municipality,85.0,100.0,0.22,155.9375,325.9797,0.216,Wind,Wind,95.9,Boothroyd et al. 2023 catchment geodatabase,Pampanga,low
5227,PORAC,municipality,80.31,14.4,0.35,147.3384,43.1978,0.347,Solar,Solar,52.4,Boothroyd et al. 2023 catchment geodatabase,Lubao,low
5230,SAN SIMON,municipality,84.17,64.63,0.5,154.4113,193.8791,0.503,Wind,Solar,55.9,Boothroyd et al. 2023 catchment geodatabase,Pampanga,high
5231,SANTA ANA,municipality,85.27,59.9,0.38,156.4214,179.6946,0.377,Wind,Solar,57.0,Boothroyd et al. 2023 catchment geodatabase,Pampanga,moderate
5232,SANTA RITA,municipality,84.39,65.17,0.02,154.8208,195.5186,0.021,Wind,Solar,56.2,Boothroyd et al. 2023 catchment geodatabase,Lubao,low
5235,ANAO,municipality,88.61,59.19,0.01,162.5637,177.5745,0.007,Wind,Solar,60.1,Boothroyd et al. 2023 catchment geodatabase,Agno,high
5236,BAMBAN,municipality,82.14,43.8,2.86,150.6887,131.398,2.862,Solar,Solar,54.1,Boothroyd et al. 2023 catchment geodatabase,Pampanga,high
5237,CAMILING,municipality,88.0,49.89,0.03,161.4469,149.6733,0.029,Solar,Solar,59.6,Boothroyd et al. 2023 catchment geodatabase,Agno,high
5238,CAPAS,municipality,83.38,35.12,0.14,152.9595,105.3597,0.137,Solar,Solar,55.2,Boothroyd et al. 2023 catchment geodatabase,Agno,high
5239,CITY OF TARLAC,municipality,87.07,38.73,0.04,159.7346,116.1841,0.037,Solar,Solar,58.7,Boothroyd et al. 2023 catchment geodatabase,Pampanga,high
5240,CONCEPCION,municipality,85.69,42.16,0.04,157.2032,126.4888,0.044,Solar,Solar,57.4,Boothroyd et al. 2023 catchment geodatabase,Pampanga,high
5241,GERONA,municipality,88.43,59.22,0.02,162.2286,177.6524,0.023,Wind,Solar,60.0,Boothroyd et al. 2023 catchment geodatabase,Agno,high
5243,MAYANTOC,municipality,83.78,57.84,2.54,153.704,173.5067,2.543,Wind,Solar,55.6,Boothroyd et al. 2023 catchment geodatabase,Agno,high
5244,MONCADA,municipality,88.92,61.1,0.01,163.1221,183.3051,0.01,Wind,Solar,60.4,Boothroyd et al. 2023 catchment geodatabase,Agno,high
5245,PANIQUI,municipality,88.69,57.35,0.01,162.7126,172.0616,0.01,Wind,Solar,60.2,Boothroyd et al. 2023 catchment geodatabase,Agno,high
5246,PURA,municipality,88.53,81.47,0.02,162.4148,244.4188,0.023,Wind,Wind,66.7,Boothroyd et al. 2023 catchment geodatabase,Agno,high
5247,RAMOS,municipality,88.57,65.51,0.01,162.4892,196.526,0.007,Wind,Solar,60.1,Boothroyd et al. 2023 catchment geodatabase,Agno,high
5248,SAN CLEMENTE,municipality,87.46,41.55,0.47,160.4419,124.665,0.473,Solar,Solar,59.0,Boothroyd et al. 2023 catchment geodatabase,Agno,high
5251,SANTA IGNACIA,municipality,87.72,37.5,0.17,160.9258,112.4885,0.166,Solar,Solar,59.3,Boothroyd et al. 2023 catchment geodatabase,Agno,high
5253,BOTOLAN,municipality,82.63,88.13,0.17,151.5821,264.3902,0.166,Wind,Wind,75.2,Boothroyd et al. 2023 catchment geodatabase,Bucao,high
5254,CABANGAN,municipality,77.35,100.0,22.32,141.9035,2127.6212,22.321,Wind,Wind,100.0,Boothroyd et al. 2023 catchment geodatabase,Bucao,low
5256,CASTILLEJOS,municipality,81.49,38.34,1.96,149.4975,115.0135,1.959,Solar,Solar,53.5,Boothroyd et al. 2023 catchment geodatabase,Lubao,none
5257,IBA,municipality,76.62,65.89,0.16,140.5634,197.6802,0.155,Wind,Solar,49.1,Boothroyd et al. 2023 catchment geodatabase,Bucao,low
5258,MASINLOC,municipality,73.46,100.0,9.16,134.7562,618.9683,9.161,Wind,Wind,100.0,Boothroyd et al. 2023 catchment geodatabase,Norte_Lauis,high
5260,PALAUIG,municipality,74.31,25.16,2.95,136.3198,75.4695,2.948,Solar,Solar,47.1,Boothroyd et al. 2023 catchment geodatabase,Norte_Lauis,low
5262,SAN FELIPE,municipality,79.2,39.94,2.4,145.2911,119.8077,2.396,Solar,Solar,51.4,Boothroyd et al. 2023 catchment geodatabase,Bucao,none
5263,SAN MARCELINO,municipality,78.53,35.59,12.9,144.0627,106.7781,12.902,Solar,Solar,50.8,Boothroyd et al. 2023 catchment geodatabase,Lubao,low
5264,SAN NARCISO,municipality,82.14,78.31,0.06,150.6887,234.9384,0.063,Wind,Wind,62.9,Boothroyd et al. 2023 catchment geodatabase,Bucao,none
5266,SUBIC,municipality,82.02,50.69,0.46,150.4653,152.0576,0.461,Wind,Solar,54.0,Boothroyd et al. 2023 catchment geodatabase,Lubao,low
5267,AGONCILLO,municipality,80.78,99.85,3.09,148.1946,299.5461,3.091,Wind,Wind,91.2,Boothroyd et al. 2023 catchment geodatabase,Pansipit,high
5268,ALITAGTAG,municipality,77.43,82.88,3.02,142.0524,248.6346,3.015,Wind,Wind,68.5,Boothroyd et al. 2023 catchment geodatabase,Pansipit,high
5269,BALAYAN,municipality,83.87,100.0,0.32,153.8529,722.7308,0.323,Wind,Wind,100.0,Boothroyd et al. 2023 catchment geodatabase,Pansipit,none
5271,BATANGAS CITY,municipality,79.69,26.0,0.15,146.1845,78.0147,0.155,Solar,Solar,51.8,Boothroyd et al. 2023 catchment geodatabase,Calumpang,low
5272,BAUAN,municipality,79.38,100.0,2.12,145.6261,300.3568,2.123,Wind,Wind,91.5,Boothroyd et al. 2023 catchment geodatabase,Pansipit,low
5273,CALACA,municipality,83.97,100.0,1.22,154.039,417.1228,1.223,Wind,Wind,100.0,Boothroyd et al. 2023 catchment geodatabase,Pansipit,low
5274,CALATAGAN,municipality,86.87,100.0,0.02,159.3623,1406.9326,0.024,Wind,Wind,100.0,Boothroyd et al. 2023 catchment geodatabase,Pansipit,none
5275,CUENCA,municipality,77.07,87.98,0.81,141.3824,263.9487,0.811,Wind,Wind,75.0,Boothroyd et al. 2023 catchment geodatabase,Pansipit,high
5276,IBAAN,municipality,79.85,75.22,0.11,146.4823,225.6698,0.115,Wind,Wind,59.2,Boothroyd et al. 2023 catchment geodatabase,Calumpang,high
5277,LAUREL,municipality,81.13,55.37,3.87,148.8274,166.0989,3.867,Wind,Solar,53.2,Boothroyd et al. 2023 catchment geodatabase,Pansipit,high
5279,LIAN,municipality,81.92,71.1,0.01,150.2792,213.2928,0.008,Wind,Wind,54.4,Boothroyd et al. 2023 catchment geodatabase,Ternate,none
5280,LIPA CITY,municipality,77.21,100.0,0.2,141.6429,316.3091,0.2,Wind,Wind,94.2,Boothroyd et al. 2023 catchment geodatabase,Malaking_Ilog,high
5281,LOBO,municipality,78.1,23.33,0.02,143.2808,69.9826,0.02,Solar,Solar,50.4,Boothroyd et al. 2023 catchment geodatabase,Calumpang,none
5283,MALVAR,municipality,78.43,100.0,0.82,143.8765,428.7435,0.819,Wind,Wind,100.0,Boothroyd et al. 2023 catchment geodatabase,Pansipit,high
5285,NASUGBU,municipality,79.52,67.61,0.04,145.8867,202.8297,0.039,Wind,Solar,51.7,Boothroyd et al. 2023 catchment geodatabase,Ternate,low
5286,PADRE GARCIA,municipality,79.42,52.97,0.22,145.7005,158.9027,0.224,Wind,Solar,51.6,Boothroyd et al. 2023 catchment geodatabase,Malaking_Ilog,high
5290,SAN LUIS,municipality,83.85,66.1,2.4,153.8157,198.2863,2.402,Wind,Solar,55.6,Boothroyd et al. 2023 catchment geodatabase,Pampanga,high
5292,SAN PASCUAL,municipality,79.3,58.15,0.12,145.4772,174.4637,0.117,Wind,Solar,51.5,Boothroyd et al. 2023 catchment geodatabase,Calumpang,moderate
5293,SANTA TERESITA,municipality,77.33,100.0,7.32,141.8663,346.6864,7.32,Wind,Wind,99.4,Boothroyd et al. 2023 catchment geodatabase,Pansipit,high
5295,TAAL,municipality,78.93,100.0,0.74,144.8071,394.8147,0.739,Wind,Wind,100.0,Boothroyd et al. 2023 catchment geodatabase,Pansipit,high
5297,TANAUAN CITY,municipality,77.92,97.02,3.96,142.9458,291.0591,3.957,Wind,Wind,87.2,Boothroyd et al. 2023 catchment geodatabase,Pansipit,high
5298,TAYSAN,municipality,80.4,68.64,0.09,147.4873,205.9155,0.085,Wind,Solar,52.5,Boothroyd et al. 2023 catchment geodatabase,Calumpang,high
5299,TINGLOY,municipality,83.54,51.19,0.03,153.2573,153.565,0.026,Wind,Solar,55.4,Boothroyd et al. 2023 catchment geodatabase,Calumpang,none
5300,TUY,municipality,80.5,100.0,0.07,147.6735,600.0331,0.067,Wind,Wind,100.0,Boothroyd et al. 2023 catchment geodatabase,Pansipit,none
5301,ALFONSO,municipality,78.71,100.0,0.27,144.3977,422.8766,0.273,Wind,Wind,100.0,Boothroyd et al. 2023 catchment geodatabase,Ternate,high
5302,AMADEO,municipality,79.38,100.0,0.25,145.6261,467.6379,0.248,Wind,Wind,100.0,Boothroyd et al. 2023 catchment geodatabase,Ternate,low
5303,BACOOR CITY,municipality,83.66,100.0,0.18,153.4807,358.3397,0.182,Wind,Wind,100.0,Boothroyd et al. 2023 catchment geodatabase,Marikina_Pasig,low
5304,CARMONA,municipality,81.84,80.57,0.45,150.1303,241.7106,0.452,Wind,Wind,65.6,Boothroyd et al. 2023 catchment geodatabase,Marikina_Pasig,high
5305,CAVITE CITY,municipality,81.51,100.0,0.02,149.5347,616.3176,0.024,Wind,Wind,100.0,Boothroyd et al. 2023 catchment geodatabase,Marikina_Pasig,none
5306,DASMARIÑAS CITY,municipality,82.04,100.0,2.97,150.5026,569.1628,2.967,Wind,Wind,100.0,Boothroyd et al. 2023 catchment geodatabase,Marikina_Pasig,moderate
5307,GEN. MARIANO ALVAREZ,municipality,81.17,100.0,1.3,148.9019,363.4909,1.304,Wind,Wind,100.0,Boothroyd et al. 2023 catchment geodatabase,Marikina_Pasig,high
5308,GENERAL EMILIO AGUINALDO,municipality,79.89,100.0,0.11,146.5567,333.6308,0.109,Wind,Wind,97.2,Boothroyd et al. 2023 catchment geodatabase,Ternate,high
5309,GENERAL TRIAS CITY,municipality,82.4,100.0,0.38,151.1726,710.1943,0.376,Wind,Wind,100.0,Boothroyd et al. 2023 catchment geodatabase,Marikina_Pasig,none
5310,IMUS CITY,municipality,83.38,100.0,0.04,152.9595,542.3703,0.041,Wind,Wind,100.0,Boothroyd et al. 2023 catchment geodatabase,Marikina_Pasig,low
5311,INDANG,municipality,80.33,100.0,0.09,147.3757,384.6062,0.087,Wind,Wind,100.0,Boothroyd et al. 2023 catchment geodatabase,Ternate,high
5312,KAWIT,municipality,81.69,100.0,0.02,149.8697,416.9733,0.024,Wind,Wind,100.0,Boothroyd et al. 2023 catchment geodatabase,Marikina_Pasig,none
5313,MAGALLANES,municipality,79.77,100.0,0.07,146.3334,405.7024,0.073,Wind,Wind,100.0,Boothroyd et al. 2023 catchment geodatabase,Ternate,high
5314,MARAGONDON,municipality,78.47,100.0,5.15,143.951,437.9672,5.148,Wind,Wind,100.0,Boothroyd et al. 2023 catchment geodatabase,Ternate,high
5315,MENDEZ (MENDEZ-NUÑEZ),municipality,78.77,100.0,0.46,144.5093,606.9297,0.465,Wind,Wind,100.0,Boothroyd et al. 2023 catchment geodatabase,Ternate,high
5316,NAIC,municipality,80.88,100.0,0.28,148.3807,528.9014,0.279,Wind,Wind,100.0,Boothroyd et al. 2023 catchment geodatabase,Ternate,moderate
5317,NOVELETA,municipality,81.59,100.0,0.02,149.6836,435.7464,0.024,Wind,Wind,100.0,Boothroyd et al. 2023 catchment geodatabase,Marikina_Pasig,none
5319,SILANG,municipality,78.2,100.0,0.59,143.467,400.7625,0.594,Wind,Wind,100.0,Boothroyd et al. 2023 catchment geodatabase,Marikina_Pasig,high
5320,TAGAYTAY CITY,municipality,81.43,100.0,1.55,149.3858,631.4835,1.549,Wind,Wind,100.0,Boothroyd et al. 2023 catchment geodatabase,Marikina_Pasig,moderate
5321,TANZA,municipality,82.34,100.0,0.03,151.0611,748.8812,0.033,Wind,Wind,100.0,Boothroyd et al. 2023 catchment geodatabase,Ternate,none
5322,TERNATE,municipality,78.53,21.64,0.05,144.0627,64.9325,0.045,Solar,Solar,50.8,Boothroyd et al. 2023 catchment geodatabase,Ternate,low
5325,BAY,municipality,74.25,41.58,0.19,136.208,124.7341,0.188,Solar,Solar,47.0,Boothroyd et al. 2023 catchment geodatabase,Marikina_Pasig,high
5326,CABUYAO CITY,municipality,81.9,76.79,0.17,150.242,230.3672,0.168,Wind,Wind,61.0,Boothroyd et al. 2023 catchment geodatabase,Marikina_Pasig,high
5327,CALAMBA CITY,municipality,80.48,100.0,1.34,147.6363,358.4951,1.339,Wind,Wind,100.0,Boothroyd et al. 2023 catchment geodatabase,Marikina_Pasig,high
5328,CALAUAN,municipality,75.55,89.33,0.06,138.5905,268.0042,0.061,Wind,Wind,76.8,Boothroyd et al. 2023 catchment geodatabase,Marikina_Pasig,high
5329,CAVINTI,municipality,74.02,100.0,0.12,135.7985,613.0215,0.121,Wind,Wind,100.0,Boothroyd et al. 2023 catchment geodatabase,Marikina_Pasig,high
5330,CITY OF BIÑAN,municipality,82.95,84.69,0.1,152.1778,254.0834,0.101,Wind,Wind,70.8,Boothroyd et al. 2023 catchment geodatabase,Marikina_Pasig,high
5331,FAMY,municipality,77.84,23.15,1.1,142.7969,69.4484,1.103,Solar,Solar,50.2,Boothroyd et al. 2023 catchment geodatabase,Marikina_Pasig,high
5332,KALAYAAN,municipality,76.86,100.0,0.01,141.0101,402.8493,0.015,Wind,Wind,100.0,Boothroyd et al. 2023 catchment geodatabase,Marikina_Pasig,high
5333,LILIW,municipality,72.64,70.28,1.62,133.2672,210.8425,1.616,Wind,Wind,53.5,Boothroyd et al. 2023 catchment geodatabase,Marikina_Pasig,high
5334,LOS BAÑOS,municipality,71.93,59.93,24.93,131.9643,179.7956,24.931,Wind,Solar,45.0,Boothroyd et al. 2023 catchment geodatabase,Marikina_Pasig,high
5335,LUISIANA,municipality,73.01,80.83,0.12,133.9373,242.4765,0.119,Wind,Wind,65.9,Boothroyd et al. 2023 catchment geodatabase,Marikina_Pasig,high
5336,LUMBAN,municipality,76.76,100.0,0.1,140.824,1115.3705,0.098,Wind,Wind,100.0,Boothroyd et al. 2023 catchment geodatabase,Marikina_Pasig,high
5337,MABITAC,municipality,79.02,53.49,0.17,144.9561,160.4634,0.174,Wind,Solar,51.2,Boothroyd et al. 2023 catchment geodatabase,Marikina_Pasig,high
5338,MAGDALENA,municipality,75.24,55.27,0.21,138.0321,165.8243,0.207,Wind,Solar,47.9,Boothroyd et al. 2023 catchment geodatabase,Marikina_Pasig,high
5339,MAJAYJAY,municipality,69.38,83.88,3.64,127.2739,251.626,3.64,Wind,Wind,69.7,Boothroyd et al. 2023 catchment geodatabase,Marikina_Pasig,high
5340,NAGCARLAN,municipality,72.83,74.97,1.66,133.6022,224.8972,1.66,Wind,Wind,58.9,Boothroyd et al. 2023 catchment geodatabase,Marikina_Pasig,high
5341,PAETE,municipality,75.89,100.0,0.03,139.2233,344.0964,0.035,Wind,Wind,99.0,Boothroyd et al. 2023 catchment geodatabase,Marikina_Pasig,moderate
5342,PAGSANJAN,municipality,77.43,45.24,6.33,142.0524,135.7288,6.326,Solar,Solar,49.8,Boothroyd et al. 2023 catchment geodatabase,Marikina_Pasig,high
5343,PAKIL,municipality,77.43,100.0,3.37,142.0524,1195.752,3.37,Wind,Wind,100.0,Boothroyd et al. 2023 catchment geodatabase,Marikina_Pasig,high
5344,PANGIL,municipality,77.03,100.0,2.45,141.3079,634.6452,2.455,Wind,Wind,100.0,Boothroyd et al. 2023 catchment geodatabase,Marikina_Pasig,high
5345,PILA,municipality,77.76,96.68,0.94,142.648,290.0365,0.938,Wind,Wind,86.7,Boothroyd et al. 2023 catchment geodatabase,Marikina_Pasig,high
5351,SANTA ROSA CITY,municipality,83.26,38.26,0.04,152.7362,114.7813,0.044,Solar,Solar,55.1,Boothroyd et al. 2023 catchment geodatabase,Pampanga,high
5352,SINILOAN,municipality,75.79,93.99,25.69,139.0372,281.9677,25.685,Wind,Wind,83.0,Boothroyd et al. 2023 catchment geodatabase,Marikina_Pasig,high
5354,AGDANGAN,municipality,81.73,55.05,0.02,149.9442,165.136,0.019,Wind,Solar,53.7,Boothroyd et al. 2023 catchment geodatabase,Marikina_Pasig,none
5355,ALABAT,municipality,79.2,54.49,0.07,145.2911,163.459,0.072,Wind,Solar,51.4,Boothroyd et al. 2023 catchment geodatabase,Marikina_Pasig,none
5356,ATIMONAN,municipality,77.45,100.0,0.02,142.0896,300.5567,0.019,Wind,Wind,91.5,Boothroyd et al. 2023 catchment geodatabase,Marikina_Pasig,none
5358,BURDEOS,municipality,78.87,79.05,0.05,144.6955,237.1494,0.055,Wind,Wind,63.8,Boothroyd et al. 2023 catchment geodatabase,Infanta,none
5359,CALAUAG,municipality,76.62,90.78,6.64,140.5634,272.354,6.638,Wind,Wind,78.7,Boothroyd et al. 2023 catchment geodatabase,Labo,none
5360,CANDELARIA,municipality,78.53,55.35,0.79,144.0627,166.0513,0.791,Wind,Solar,50.8,Boothroyd et al. 2023 catchment geodatabase,Norte_Lauis,high
5361,CATANAUAN,municipality,79.36,28.89,0.01,145.5889,86.6598,0.01,Solar,Solar,51.6,Boothroyd et al. 2023 catchment geodatabase,Kilbay_Catabangan,none
5362,DOLORES,municipality,77.51,13.76,2.2,142.2013,41.2839,2.199,Solar,Solar,49.9,Boothroyd et al. 2023 catchment geodatabase,Malaking_Ilog,high
5363,GENERAL LUNA,municipality,77.68,38.88,0.0,142.4991,116.6505,0.003,Solar,Solar,50.0,Boothroyd et al. 2023 catchment geodatabase,Kilbay_Catabangan,none
5364,GENERAL NAKAR,municipality,61.75,16.23,7.23,113.2772,48.7003,7.227,Solar,Solar,36.7,Boothroyd et al. 2023 catchment geodatabase,Infanta,high
5365,GUINAYANGAN,municipality,77.66,45.15,0.0,142.4619,135.438,0.004,Solar,Solar,50.0,Boothroyd et al. 2023 catchment geodatabase,Kilbay_Catabangan,none
5366,GUMACA,municipality,78.24,42.81,0.01,143.5415,128.4298,0.007,Solar,Solar,50.5,Boothroyd et al. 2023 catchment geodatabase,Labo,none
5367,INFANTA,municipality,71.77,23.67,44.81,131.6665,70.995,44.807,Solar,Solar,44.9,Boothroyd et al. 2023 catchment geodatabase,Infanta,moderate
5368,JOMALIG,municipality,83.82,77.63,0.27,153.7785,232.9013,0.272,Wind,Wind,62.0,Boothroyd et al. 2023 catchment geodatabase,Labo,none
5369,LOPEZ,municipality,75.67,38.38,0.01,138.8138,115.1444,0.008,Solar,Solar,48.3,Boothroyd et al. 2023 catchment geodatabase,Labo,none
5370,LUCBAN,municipality,69.72,47.66,0.18,127.9067,142.9928,0.185,Wind,Solar,43.2,Boothroyd et al. 2023 catchment geodatabase,Marikina_Pasig,high
5372,MACALELON,municipality,77.17,37.82,0.01,141.5685,113.4514,0.006,Solar,Solar,49.6,Boothroyd et al. 2023 catchment geodatabase,Labo,none
5373,MAUBAN,municipality,74.98,68.89,0.1,137.5482,206.6764,0.1,Wind,Wind,52.0,Boothroyd et al. 2023 catchment geodatabase,Marikina_Pasig,low
5374,MULANAY,municipality,82.22,37.13,0.01,150.8376,111.3757,0.01,Solar,Solar,54.1,Boothroyd et al. 2023 catchment geodatabase,Kilbay_Catabangan,none
5375,PADRE BURGOS,municipality,81.45,35.19,0.02,149.4231,105.5565,0.019,Solar,Solar,53.4,Boothroyd et al. 2023 catchment geodatabase,Marikina_Pasig,none
5376,PAGBILAO,municipality,79.44,100.0,0.02,145.7378,321.7131,0.019,Wind,Wind,95.2,Boothroyd et al. 2023 catchment geodatabase,Marikina_Pasig,none
5377,PANUKULAN,municipality,73.7,45.54,0.05,135.2029,136.6229,0.055,Wind,Solar,46.6,Boothroyd et al. 2023 catchment geodatabase,Infanta,none
5378,PATNANUNGAN,municipality,82.51,82.57,0.03,151.3587,247.7052,0.03,Wind,Wind,68.1,Boothroyd et al. 2023 catchment geodatabase,Infanta,none
5379,PEREZ,municipality,79.32,39.63,0.07,145.5144,118.8872,0.072,Solar,Solar,51.5,Boothroyd et al. 2023 catchment geodatabase,Marikina_Pasig,none
5380,PITOGO,municipality,79.18,52.03,0.01,145.2539,156.0997,0.007,Wind,Solar,51.4,Boothroyd et al. 2023 catchment geodatabase,Labo,none
5381,PLARIDEL,municipality,82.4,57.23,8.01,151.1726,171.6979,8.006,Wind,Solar,54.3,Boothroyd et al. 2023 catchment geodatabase,Angat,high
5382,POLILLO,municipality,77.62,30.04,0.04,142.3874,90.1135,0.04,Solar,Solar,50.0,Boothroyd et al. 2023 catchment geodatabase,Infanta,none
5384,REAL,municipality,70.92,100.0,1.37,130.1031,617.2126,1.371,Wind,Wind,100.0,Boothroyd et al. 2023 catchment geodatabase,Marikina_Pasig,low
5385,SAMPALOC (IV-A),municipality,72.42,67.52,0.25,132.8577,202.5604,0.25,Wind,Wind,50.5,Boothroyd et al. 2023 catchment geodatabase,Marikina_Pasig,moderate
5390,SARIAYA,municipality,83.07,100.0,0.34,152.4012,468.1752,0.338,Wind,Wind,100.0,Boothroyd et al. 2023 catchment geodatabase,Malaking_Ilog,none
5391,TAGKAWAYAN,municipality,76.44,66.6,0.1,140.2284,199.7888,0.101,Wind,Wind,49.4,Boothroyd et al. 2023 catchment geodatabase,Kilbay_Catabangan,high
5392,TAYABAS CITY,municipality,77.09,61.16,0.05,141.4196,183.4722,0.048,Wind,Solar,49.5,Boothroyd et al. 2023 catchment geodatabase,Marikina_Pasig,low
5393,TIAONG,municipality,80.66,15.81,0.07,147.9713,47.4401,0.071,Solar,Solar,52.7,Boothroyd et al. 2023 catchment geodatabase,Malaking_Ilog,high
5394,UNISAN,municipality,79.77,64.7,0.02,146.3334,194.1089,0.019,Wind,Solar,51.9,Boothroyd et al. 2023 catchment geodatabase,Marikina_Pasig,none
5395,ANGONO,municipality,80.84,99.37,4.85,148.3063,298.1108,4.848,Wind,Wind,90.5,Boothroyd et al. 2023 catchment geodatabase,Marikina_Pasig,high
5397,BINANGONAN,municipality,83.48,58.04,0.01,153.1456,174.1337,0.012,Wind,Solar,55.3,Boothroyd et al. 2023 catchment geodatabase,Marikina_Pasig,high
5398,CAINTA,municipality,77.49,33.82,0.65,142.1641,101.472,0.65,Solar,Solar,49.9,Boothroyd et al. 2023 catchment geodatabase,Marikina_Pasig,high
5399,CARDONA,municipality,82.71,63.08,5.85,151.7311,189.2288,5.853,Wind,Solar,54.6,Boothroyd et al. 2023 catchment geodatabase,Marikina_Pasig,high
5400,CITY OF ANTIPOLO,municipality,77.49,22.4,0.13,142.1641,67.1909,0.133,Solar,Solar,49.9,Boothroyd et al. 2023 catchment geodatabase,Marikina_Pasig,high
5402,MORONG,municipality,80.74,71.33,4.47,148.1202,214.0015,4.469,Wind,Wind,54.7,Boothroyd et al. 2023 catchment geodatabase,Lubao,low
5403,PILILLA,municipality,80.4,59.41,0.65,147.4873,178.222,0.649,Wind,Solar,52.5,Boothroyd et al. 2023 catchment geodatabase,Marikina_Pasig,high
5404,RODRIGUEZ (MONTALBAN),municipality,73.92,34.01,4.76,135.6124,102.0184,4.761,Solar,Solar,46.8,Boothroyd et al. 2023 catchment geodatabase,Marikina_Pasig,high
5405,SAN MATEO,municipality,74.55,23.67,37.01,136.7664,70.9957,37.011,Solar,Solar,47.3,Boothroyd et al. 2023 catchment geodatabase,Marikina_Pasig,high
5406,TANAY,municipality,78.35,100.0,3.33,143.7275,788.6024,3.325,Wind,Wind,100.0,Boothroyd et al. 2023 catchment geodatabase,Infanta,high
5407,TAYTAY,municipality,79.69,43.45,0.09,146.1845,130.3372,0.095,Solar,Solar,51.8,Boothroyd et al. 2023 catchment geodatabase,Marikina_Pasig,high
5408,TERESA,municipality,79.85,63.85,0.08,146.4823,191.5507,0.083,Wind,Solar,52.0,Boothroyd et al. 2023 catchment geodatabase,Marikina_Pasig,high
5409,BOAC,municipality,73.29,3.21,0.41,134.4584,9.6196,0.407,Solar,Solar,46.2,Boothroyd et al. 2023 catchment geodatabase,Lumangbayan,none
5410,BUENAVISTA,municipality,79.69,17.03,0.01,146.1845,51.0851,0.008,Solar,Solar,51.8,Boothroyd et al. 2023 catchment geodatabase,Kilbay_Catabangan,none
5411,GASAN,municipality,74.71,23.3,0.41,137.0642,69.9006,0.407,Solar,Solar,47.4,Boothroyd et al. 2023 catchment geodatabase,Lumangbayan,none
5412,MOGPOG,municipality,78.41,92.93,0.41,143.8393,278.7962,0.407,Wind,Wind,81.6,Boothroyd et al. 2023 catchment geodatabase,Lumangbayan,none
5414,TORRIJOS,municipality,83.6,73.88,0.98,153.369,221.6429,0.978,Wind,Wind,57.6,Boothroyd et al. 2023 catchment geodatabase,Lumangbayan,none
5415,ABRA DE ILOG,municipality,76.34,1.6,6.98,140.0422,4.7887,6.984,Solar,Solar,48.9,Boothroyd et al. 2023 catchment geodatabase,Mamburao,moderate
5416,CALINTAAN,municipality,83.68,7.92,0.1,153.5179,23.7716,0.096,Solar,Solar,55.5,Boothroyd et al. 2023 catchment geodatabase,Lumintao_Magasawang_Tubig,moderate
5417,LOOC,municipality,87.6,100.0,1.59,160.7024,962.8399,1.59,Wind,Wind,100.0,Boothroyd et al. 2023 catchment geodatabase,Mamburao,none
5418,LUBANG,municipality,85.89,100.0,1.6,157.5754,455.5962,1.605,Wind,Wind,100.0,Boothroyd et al. 2023 catchment geodatabase,Mamburao,none
5420,MAMBURAO,municipality,83.36,8.68,2.7,152.9223,26.0415,2.695,Solar,Solar,55.2,Boothroyd et al. 2023 catchment geodatabase,Mamburao,moderate
5421,PALUAN,municipality,84.37,100.0,1.67,154.7836,740.9024,1.671,Wind,Wind,100.0,Boothroyd et al. 2023 catchment geodatabase,Mamburao,none
5423,SABLAYAN,municipality,70.45,100.0,30.57,129.2469,484.3684,30.568,Wind,Wind,100.0,Boothroyd et al. 2023 catchment geodatabase,Sablayan,high
5426,BACO,municipality,63.8,100.0,32.32,117.0369,1149.6977,32.324,Wind,Wind,100.0,Boothroyd et al. 2023 catchment geodatabase,Malaylay,high
5427,BANSUD,municipality,75.2,7.91,2.21,137.9577,23.7403,2.214,Solar,Solar,47.9,Boothroyd et al. 2023 catchment geodatabase,Bongabong,low
5428,BONGABONG,municipality,82.08,68.99,0.09,150.577,206.9553,0.087,Wind,Solar,54.0,Boothroyd et al. 2023 catchment geodatabase,Bongabong,high
5430,CITY OF CALAPAN,municipality,79.54,24.74,1.51,145.9239,74.2083,1.506,Solar,Solar,51.7,Boothroyd et al. 2023 catchment geodatabase,Magasawang_Tubig,moderate
5431,GLORIA,municipality,76.24,9.57,2.15,139.8561,28.7096,2.148,Solar,Solar,48.8,Boothroyd et al. 2023 catchment geodatabase,Bongabong,none
5432,MANSALAY,municipality,80.21,100.0,8.39,147.1523,812.3895,8.391,Wind,Wind,100.0,Boothroyd et al. 2023 catchment geodatabase,Caguray,high
5433,NAUJAN,municipality,74.98,22.28,0.07,137.5482,66.8278,0.069,Solar,Solar,47.7,Boothroyd et al. 2023 catchment geodatabase,Magasawang_Tubig,high
5434,PINAMALAYAN,municipality,79.93,25.58,0.0,146.6312,76.7423,0.005,Solar,Solar,52.1,Boothroyd et al. 2023 catchment geodatabase,Lumangbayan,low
5435,POLA,municipality,79.71,42.82,0.0,146.2217,128.4599,0.002,Solar,Solar,51.9,Boothroyd et al. 2023 catchment geodatabase,Lumangbayan,low
5436,PUERTO GALERA,municipality,69.86,4.25,1.94,128.1674,12.7544,1.936,Solar,Solar,43.3,Boothroyd et al. 2023 catchment geodatabase,Malaylay,low
5438,SAN TEODORO,municipality,68.61,53.43,10.83,125.8593,160.2873,10.825,Wind,Solar,42.2,Boothroyd et al. 2023 catchment geodatabase,Malaylay,high
5439,SOCORRO,municipality,78.57,54.21,0.21,144.1371,162.6298,0.208,Wind,Solar,50.8,Boothroyd et al. 2023 catchment geodatabase,Asiga,none
5441,ABORLAN,municipality,70.01,21.39,0.28,128.4279,64.1669,0.28,Solar,Solar,43.4,Boothroyd et al. 2023 catchment geodatabase,Rizal,none
5442,AGUTAYA,municipality,88.57,100.0,0.21,162.4892,955.459,0.208,Wind,Wind,100.0,Boothroyd et al. 2023 catchment geodatabase,Caguray,none
5443,ARACELI,municipality,82.34,59.28,0.01,151.0611,177.8283,0.008,Wind,Solar,54.3,Boothroyd et al. 2023 catchment geodatabase,Ilian,none
5444,BALABAC,municipality,80.11,100.0,0.35,146.9662,366.6243,0.345,Wind,Wind,100.0,Boothroyd et al. 2023 catchment geodatabase,Rizal,none
5445,BATARAZA,municipality,77.9,63.09,0.3,142.9086,189.2843,0.296,Wind,Solar,50.2,Boothroyd et al. 2023 catchment geodatabase,Rizal,none
5446,BROOKE'S POINT,municipality,75.75,11.9,0.28,138.9627,35.6969,0.28,Solar,Solar,48.3,Boothroyd et al. 2023 catchment geodatabase,Rizal,none
5447,BUSUANGA,municipality,81.9,17.24,0.0,150.242,51.7349,0.002,Solar,Solar,53.9,Boothroyd et al. 2023 catchment geodatabase,Mongpong,none
5448,CAGAYANCILLO,municipality,84.58,100.0,0.03,155.1558,335.5554,0.031,Wind,Wind,97.5,Boothroyd et al. 2023 catchment geodatabase,Sipalay,none
5449,CORON,municipality,84.66,25.45,0.29,155.3047,76.3567,0.288,Solar,Solar,56.4,Boothroyd et al. 2023 catchment geodatabase,Lumintao_Magasawang_Tubig,none
5450,CULION,municipality,84.6,54.45,0.31,155.193,163.3372,0.309,Wind,Solar,56.3,Boothroyd et al. 2023 catchment geodatabase,Magbando,none
5451,CUYO,municipality,86.99,100.0,0.18,159.5857,908.253,0.182,Wind,Wind,100.0,Boothroyd et al. 2023 catchment geodatabase,Sibalom,none
5452,DUMARAN,municipality,79.18,65.71,0.08,145.2539,197.117,0.084,Wind,Solar,51.4,Boothroyd et al. 2023 catchment geodatabase,Ilian,low
5453,EL NIDO (BACUIT),municipality,79.69,66.78,0.01,146.1845,200.3328,0.005,Wind,Solar,51.8,Boothroyd et al. 2023 catchment geodatabase,Ilian,none
5455,LINAPACAN,municipality,87.27,62.69,0.01,160.1068,188.0702,0.008,Wind,Solar,58.9,Boothroyd et al. 2023 catchment geodatabase,Ilian,none
5456,MAGSAYSAY,municipality,74.06,54.3,0.37,135.8729,162.8921,0.374,Wind,Solar,46.9,Boothroyd et al. 2023 catchment geodatabase,Maranding,low
5457,NARRA,municipality,76.74,21.05,0.29,140.7868,63.1633,0.287,Solar,Solar,49.2,Boothroyd et al. 2023 catchment geodatabase,Rizal,none
5463,SOFRONIO ESPAÑOLA,municipality,77.84,16.84,0.28,142.7969,50.5094,0.28,Solar,Solar,50.2,Boothroyd et al. 2023 catchment geodatabase,Rizal,none
5465,ALCANTARA,municipality,74.49,65.67,0.03,136.6548,197.0089,0.03,Wind,Wind,48.4,Boothroyd et al. 2023 catchment geodatabase,Ilog_Hilabangan,none
5466,BANTON,municipality,85.96,42.34,0.01,157.6871,127.0066,0.007,Solar,Solar,57.6,Boothroyd et al. 2023 catchment geodatabase,Bongabong,none
5467,CAJIDIOCAN,municipality,77.51,26.61,0.84,142.2013,79.838,0.838,Solar,Solar,49.9,Boothroyd et al. 2023 catchment geodatabase,Aklan,none
5468,CALATRAVA,municipality,76.86,13.39,0.1,141.0101,40.1738,0.1,Solar,Solar,49.3,Boothroyd et al. 2023 catchment geodatabase,Himogaan,low
5470,CORCUERA,municipality,87.72,100.0,0.01,160.9258,590.8463,0.007,Wind,Wind,100.0,Boothroyd et al. 2023 catchment geodatabase,Bongabong,none
5471,FERROL,municipality,82.26,100.0,0.01,150.9121,609.7457,0.007,Wind,Wind,100.0,Boothroyd et al. 2023 catchment geodatabase,Bongabong,none
5473,MAGDIWANG,municipality,74.43,58.63,0.41,136.5431,175.8934,0.409,Wind,Solar,47.2,Boothroyd et al. 2023 catchment geodatabase,Aklan,none
5474,ODIONGAN,municipality,80.64,43.99,0.01,147.9341,131.9791,0.007,Solar,Solar,52.7,Boothroyd et al. 2023 catchment geodatabase,Bongabong,none
5475,ROMBLON,municipality,81.98,97.85,0.01,150.3909,293.5364,0.008,Wind,Wind,88.4,Boothroyd et al. 2023 catchment geodatabase,Bongabong,none
5478,SAN FERNANDO,municipality,84.98,58.62,0.64,155.9003,175.8697,0.64,Wind,Solar,56.7,Boothroyd et al. 2023 catchment geodatabase,Pampanga,none
5480,SANTA FE,municipality,85.41,100.0,0.12,156.682,398.0895,0.124,Wind,Wind,100.0,Boothroyd et al. 2023 catchment geodatabase,Himogaan,none
5482,BACACAY,municipality,76.62,96.86,6.2,140.5634,290.5943,6.199,Wind,Wind,87.0,Boothroyd et al. 2023 catchment geodatabase,Bicol,none
5483,CAMALIG,municipality,79.48,66.52,0.07,145.8122,199.5722,0.072,Wind,Solar,51.7,Boothroyd et al. 2023 catchment geodatabase,Ogod,high
5484,CITY OF LIGAO,municipality,77.15,42.85,1.35,141.5312,128.5493,1.346,Solar,Solar,49.6,Boothroyd et al. 2023 catchment geodatabase,Ogod,high
5486,GUINOBATAN,municipality,78.2,100.0,1.91,143.467,395.8792,1.914,Wind,Wind,100.0,Boothroyd et al. 2023 catchment geodatabase,Bicol,high
5487,JOVELLAR,municipality,79.12,100.0,0.59,145.1422,309.8469,0.59,Wind,Wind,93.1,Boothroyd et al. 2023 catchment geodatabase,Ogod,high
5489,LIBON,municipality,77.64,27.73,0.08,142.4246,83.1754,0.079,Solar,Solar,50.0,Boothroyd et al. 2023 catchment geodatabase,Bicol,high
5490,MALILIPOT,municipality,72.66,35.06,13.4,133.3044,105.1705,13.401,Solar,Solar,45.7,Boothroyd et al. 2023 catchment geodatabase,Bicol,low
5491,MALINAO,municipality,75.36,93.03,19.6,138.2554,279.1035,19.603,Wind,Wind,81.7,Boothroyd et al. 2023 catchment geodatabase,Bicol,low
5492,MANITO,municipality,71.75,100.0,0.01,131.6293,867.64,0.006,Wind,Wind,100.0,Boothroyd et al. 2023 catchment geodatabase,Ogod,none
5493,OAS,municipality,76.26,19.12,0.18,139.8934,57.3747,0.178,Solar,Solar,48.8,Boothroyd et al. 2023 catchment geodatabase,Bicol,high
5494,PIO DURAN,municipality,79.22,66.97,0.11,145.3283,200.9212,0.106,Wind,Solar,51.4,Boothroyd et al. 2023 catchment geodatabase,Ogod,high
5495,POLANGUI,municipality,76.68,61.99,0.85,140.6751,185.9805,0.851,Wind,Solar,49.2,Boothroyd et al. 2023 catchment geodatabase,Bicol,high
5496,RAPU-RAPU,municipality,80.8,100.0,0.01,148.2319,479.0074,0.013,Wind,Wind,100.0,Boothroyd et al. 2023 catchment geodatabase,Bicol,none
5497,SANTO DOMINGO (LIBOG),municipality,87.52,100.0,0.05,160.5535,474.5971,0.049,Wind,Wind,100.0,Boothroyd et al. 2023 catchment geodatabase,Pampanga,high
5498,TABACO CITY,municipality,73.31,31.85,14.26,134.4956,95.5521,14.264,Solar,Solar,46.2,Boothroyd et al. 2023 catchment geodatabase,Bicol,low
5499,TIWI,municipality,69.46,82.58,27.03,127.4228,247.7408,27.033,Wind,Wind,68.1,Boothroyd et al. 2023 catchment geodatabase,Bicol,moderate
5500,BASUD,municipality,73.64,88.47,0.26,135.0912,265.3976,0.256,Wind,Wind,75.6,Boothroyd et al. 2023 catchment geodatabase,Bicol,moderate
5501,CAPALONGA,municipality,74.11,10.82,1.28,135.9474,32.4654,1.281,Solar,Solar,46.9,Boothroyd et al. 2023 catchment geodatabase,Labo,low
5502,DAET,municipality,79.28,68.3,0.01,145.44,204.9119,0.014,Wind,Solar,51.5,Boothroyd et al. 2023 catchment geodatabase,Labo,low
5503,JOSE PANGANIBAN,municipality,74.84,68.74,0.09,137.2876,206.2207,0.087,Wind,Wind,51.8,Boothroyd et al. 2023 catchment geodatabase,Labo,moderate
5504,LABO,municipality,73.44,75.66,1.03,134.719,226.9866,1.034,Wind,Wind,59.7,Boothroyd et al. 2023 catchment geodatabase,Labo,high
5506,PARACALE,municipality,76.03,69.52,0.09,139.4839,208.5699,0.086,Wind,Wind,52.7,Boothroyd et al. 2023 catchment geodatabase,Labo,moderate
5508,SAN VICENTE,municipality,71.77,20.91,8.99,131.6665,62.7345,8.986,Solar,Solar,44.9,Boothroyd et al. 2023 catchment geodatabase,Labo,moderate
5509,SANTA ELENA,municipality,73.86,47.08,4.21,135.5007,141.2452,4.211,Wind,Solar,46.7,Boothroyd et al. 2023 catchment geodatabase,Labo,low
5510,TALISAY,municipality,80.15,81.48,0.5,147.0407,244.4547,0.497,Wind,Wind,66.7,Boothroyd et al. 2023 catchment geodatabase,Pansipit,high
5511,VINZONS,municipality,80.62,100.0,0.5,147.8968,479.9362,0.499,Wind,Wind,100.0,Boothroyd et al. 2023 catchment geodatabase,Labo,low
5512,BAAO,municipality,78.61,100.0,0.29,144.2115,345.2928,0.287,Wind,Wind,99.2,Boothroyd et al. 2023 catchment geodatabase,Bicol,high
5513,BALATAN,municipality,78.45,17.74,4.09,143.9137,53.2198,4.092,Solar,Solar,50.7,Boothroyd et al. 2023 catchment geodatabase,Bicol,moderate
5515,BOMBON,municipality,79.08,100.0,0.79,145.0677,433.9276,0.794,Wind,Wind,100.0,Boothroyd et al. 2023 catchment geodatabase,Bicol,high
5516,BUHI,municipality,74.11,100.0,0.06,135.9474,494.2414,0.059,Wind,Wind,100.0,Boothroyd et al. 2023 catchment geodatabase,Bicol,high
5517,BULA,municipality,79.0,66.11,0.08,144.9188,198.3171,0.082,Wind,Solar,51.2,Boothroyd et al. 2023 catchment geodatabase,Bicol,high
5518,CABUSAO,municipality,81.45,100.0,0.61,149.4231,799.6384,0.611,Wind,Wind,100.0,Boothroyd et al. 2023 catchment geodatabase,Bicol,high
5519,CALABANGA,municipality,76.13,100.0,1.16,139.67,332.3642,1.159,Wind,Wind,97.0,Boothroyd et al. 2023 catchment geodatabase,Bicol,low
5520,CAMALIGAN,municipality,78.2,100.0,0.61,143.467,412.3982,0.611,Wind,Wind,100.0,Boothroyd et al. 2023 catchment geodatabase,Bicol,high
5521,CANAMAN,municipality,79.3,100.0,0.61,145.4772,403.5116,0.611,Wind,Wind,100.0,Boothroyd et al. 2023 catchment geodatabase,Bicol,high
5522,CARAMOAN,municipality,78.39,100.0,1.25,143.8021,321.7178,1.245,Wind,Wind,95.2,Boothroyd et al. 2023 catchment geodatabase,Bato,none
5523,DEL GALLEGO,municipality,75.04,100.0,0.12,137.6598,375.5529,0.116,Wind,Wind,100.0,Boothroyd et al. 2023 catchment geodatabase,Kilbay_Catabangan,high
5524,GAINZA,municipality,78.37,100.0,0.61,143.7648,389.1061,0.611,Wind,Wind,100.0,Boothroyd et al. 2023 catchment geodatabase,Bicol,high
5525,GARCHITORENA,municipality,70.72,30.9,5.41,129.7308,92.6997,5.407,Solar,Solar,44.0,Boothroyd et al. 2023 catchment geodatabase,Bicol,none
5526,GOA,municipality,75.04,28.94,6.25,137.6598,86.8058,6.249,Solar,Solar,47.7,Boothroyd et al. 2023 catchment geodatabase,Bicol,none
5527,IRIGA CITY,municipality,75.77,100.0,12.95,139.0,371.2761,12.949,Wind,Wind,100.0,Boothroyd et al. 2023 catchment geodatabase,Bicol,high
5528,LAGONOY,municipality,69.19,19.54,6.25,126.9389,58.6091,6.249,Solar,Solar,42.7,Boothroyd et al. 2023 catchment geodatabase,Bicol,none
5529,LIBMANAN,municipality,74.33,21.0,1.75,136.357,63.0085,1.747,Solar,Solar,47.1,Boothroyd et al. 2023 catchment geodatabase,Bicol,high
5530,LUPI,municipality,77.39,100.0,0.75,141.978,344.0924,0.746,Wind,Wind,99.0,Boothroyd et al. 2023 catchment geodatabase,Bicol,high
5531,MAGARAO,municipality,79.69,100.0,0.61,146.1845,419.9624,0.611,Wind,Wind,100.0,Boothroyd et al. 2023 catchment geodatabase,Bicol,high
5532,MILAOR,municipality,77.31,100.0,0.61,141.829,336.6683,0.611,Wind,Wind,97.7,Boothroyd et al. 2023 catchment geodatabase,Bicol,high
5533,MINALABAC,municipality,77.74,91.69,0.61,142.6108,275.0827,0.611,Wind,Wind,79.9,Boothroyd et al. 2023 catchment geodatabase,Bicol,high
5534,NABUA,municipality,78.67,56.32,0.61,144.3232,168.9456,0.611,Wind,Solar,50.9,Boothroyd et al. 2023 catchment geodatabase,Bicol,high
5535,NAGA CITY,municipality,77.15,80.33,0.83,141.5312,240.989,0.832,Wind,Wind,65.3,Boothroyd et al. 2023 catchment geodatabase,Bicol,high
5536,OCAMPO,municipality,80.56,100.0,3.1,147.7851,517.0952,3.102,Wind,Wind,100.0,Boothroyd et al. 2023 catchment geodatabase,Bicol,high
5538,PASACAO,municipality,79.71,51.13,0.42,146.2217,153.3764,0.415,Wind,Solar,51.9,Boothroyd et al. 2023 catchment geodatabase,Bicol,low
5539,PILI,municipality,78.41,40.99,0.27,143.8393,122.9815,0.269,Solar,Solar,50.7,Boothroyd et al. 2023 catchment geodatabase,Bicol,high
5541,RAGAY,municipality,78.98,100.0,0.38,144.8816,315.3438,0.38,Wind,Wind,94.1,Boothroyd et al. 2023 catchment geodatabase,Kilbay_Catabangan,low
5542,SAGÑAY,municipality,77.35,100.0,0.87,141.9035,793.4079,0.871,Wind,Wind,100.0,Boothroyd et al. 2023 catchment geodatabase,Bicol,low
5545,SIPOCOT,municipality,79.56,50.44,1.06,145.9611,151.3292,1.058,Wind,Solar,51.7,Boothroyd et al. 2023 catchment geodatabase,Bicol,high
5546,SIRUMA,municipality,80.9,94.04,0.99,148.418,282.1346,0.992,Wind,Wind,83.1,Boothroyd et al. 2023 catchment geodatabase,Bicol,none
5547,TIGAON,municipality,78.85,76.14,0.65,144.6583,228.4105,0.652,Wind,Wind,60.3,Boothroyd et al. 2023 catchment geodatabase,Bicol,low
5548,TINAMBAC,municipality,76.01,100.0,6.23,139.4466,309.7248,6.23,Wind,Wind,93.1,Boothroyd et al. 2023 catchment geodatabase,Bicol,none
5549,BAGAMANOC,municipality,76.97,100.0,0.4,141.1962,470.7666,0.401,Wind,Wind,100.0,Boothroyd et al. 2023 catchment geodatabase,Bato,none
5550,BARAS,municipality,80.03,96.75,2.27,146.8173,290.2629,2.267,Wind,Wind,86.8,Boothroyd et al. 2023 catchment geodatabase,Marikina_Pasig,high
5552,CARAMORAN,municipality,72.79,100.0,1.36,133.5278,458.3796,1.364,Wind,Wind,100.0,Boothroyd et al. 2023 catchment geodatabase,Bato,moderate
5553,GIGMOTO,municipality,74.19,15.17,0.14,136.0964,45.5029,0.141,Solar,Solar,47.0,Boothroyd et al. 2023 catchment geodatabase,Bato,moderate
5556,SAN ANDRES (CALOLBON),municipality,85.35,74.87,1.07,156.5704,224.6208,1.066,Wind,Wind,58.8,Boothroyd et al. 2023 catchment geodatabase,Bicol,none
5558,VIGA,municipality,73.29,30.8,1.17,134.4584,92.4045,1.172,Solar,Solar,46.2,Boothroyd et al. 2023 catchment geodatabase,Bato,moderate
5559,VIRAC,municipality,79.69,37.1,0.96,146.1845,111.2873,0.96,Solar,Solar,51.8,Boothroyd et al. 2023 catchment geodatabase,Bato,low
5560,AROROY,municipality,80.36,100.0,0.35,147.4129,493.3721,0.346,Wind,Wind,100.0,Boothroyd et al. 2023 catchment geodatabase,Ogod,none
5561,BALENO,municipality,78.91,35.0,0.12,144.7699,104.9851,0.118,Solar,Solar,51.1,Boothroyd et al. 2023 catchment geodatabase,Ogod,none
5562,BALUD,municipality,84.64,100.0,0.06,155.2675,386.9383,0.062,Wind,Wind,100.0,Boothroyd et al. 2023 catchment geodatabase,Panay,none
5563,BATUAN,municipality,85.23,86.13,0.36,156.347,258.3945,0.361,Wind,Wind,72.6,Boothroyd et al. 2023 catchment geodatabase,Ogod,none
5564,CATAINGAN,municipality,84.82,91.16,0.0,155.6025,273.4736,0.004,Wind,Wind,79.2,Boothroyd et al. 2023 catchment geodatabase,Mano,none
5565,CAWAYAN,municipality,82.51,100.0,0.01,151.3587,421.0199,0.005,Wind,Wind,100.0,Boothroyd et al. 2023 catchment geodatabase,Mano,none
5567,DIMASALANG,municipality,81.33,13.8,0.01,149.1997,41.3918,0.005,Solar,Solar,53.3,Boothroyd et al. 2023 catchment geodatabase,Mano,none
5568,ESPERANZA,municipality,86.36,100.0,0.09,158.4316,308.9134,0.094,Wind,Wind,93.0,Boothroyd et al. 2023 catchment geodatabase,Jibatang,none
5569,MANDAON,municipality,79.46,100.0,0.09,145.775,352.2145,0.09,Wind,Wind,100.0,Boothroyd et al. 2023 catchment geodatabase,Ogod,none
5570,MASBATE CITY,municipality,81.21,43.9,0.13,148.9763,131.6853,0.133,Solar,Solar,53.2,Boothroyd et al. 2023 catchment geodatabase,Ogod,none
5571,MILAGROS,municipality,81.84,100.0,0.02,150.1303,598.5285,0.025,Wind,Wind,100.0,Boothroyd et al. 2023 catchment geodatabase,Ogod,none
5572,MOBO,municipality,79.64,71.4,0.37,146.11,214.2113,0.369,Wind,Wind,54.8,Boothroyd et al. 2023 catchment geodatabase,Ogod,none
5573,MONREAL,municipality,83.72,100.0,0.37,153.5924,599.8339,0.369,Wind,Wind,100.0,Boothroyd et al. 2023 catchment geodatabase,Ogod,none
5574,PALANAS,municipality,81.09,100.0,0.01,148.753,534.0732,0.005,Wind,Wind,100.0,Boothroyd et al. 2023 catchment geodatabase,Mano,none
5578,SAN JACINTO,municipality,83.07,52.69,0.21,152.4012,158.0603,0.213,Wind,Solar,54.9,Boothroyd et al. 2023 catchment geodatabase,Ogod,none
5580,USON,municipality,81.63,100.0,0.01,149.7581,325.944,0.006,Wind,Wind,95.9,Boothroyd et al. 2023 catchment geodatabase,Mano,none
5581,BARCELONA,municipality,77.96,65.66,0.01,143.0202,196.9926,0.006,Wind,Solar,50.3,Boothroyd et al. 2023 catchment geodatabase,Mano,none
5582,BULAN,municipality,79.62,24.17,0.03,146.0728,72.5023,0.03,Solar,Solar,51.8,Boothroyd et al. 2023 catchment geodatabase,Ogod,none
5583,BULUSAN,municipality,75.75,70.97,0.03,138.9627,212.9075,0.035,Wind,Wind,54.3,Boothroyd et al. 2023 catchment geodatabase,Mano,none
5584,CASIGURAN,municipality,79.44,34.49,2.84,145.7378,103.4717,2.843,Solar,Solar,51.6,Boothroyd et al. 2023 catchment geodatabase,Cagayan,none
5585,CASTILLA,municipality,81.43,66.38,0.01,149.3858,199.145,0.006,Wind,Solar,53.4,Boothroyd et al. 2023 catchment geodatabase,Ogod,none
5586,DONSOL,municipality,80.33,84.76,0.32,147.3757,254.2656,0.324,Wind,Wind,70.8,Boothroyd et al. 2023 catchment geodatabase,Ogod,high
5587,GUBAT,municipality,81.55,52.93,0.01,149.6092,158.7955,0.006,Wind,Solar,53.5,Boothroyd et al. 2023 catchment geodatabase,Ogod,none
5588,IROSIN,municipality,78.45,65.05,0.03,143.9137,195.1636,0.029,Wind,Solar,50.7,Boothroyd et al. 2023 catchment geodatabase,Mano,none
5589,JUBAN,municipality,75.67,45.27,0.13,138.8138,135.8156,0.13,Solar,Solar,48.3,Boothroyd et al. 2023 catchment geodatabase,Ogod,none
5591,MATNOG,municipality,81.45,38.21,0.03,149.4231,114.628,0.028,Solar,Solar,53.4,Boothroyd et al. 2023 catchment geodatabase,Mano,none
5593,PRIETO DIAZ,municipality,82.75,77.94,0.01,151.8056,233.8265,0.006,Wind,Wind,62.4,Boothroyd et al. 2023 catchment geodatabase,Ogod,none
5594,SANTA MAGDALENA,municipality,81.78,46.11,0.03,150.0187,138.3255,0.028,Solar,Solar,53.7,Boothroyd et al. 2023 catchment geodatabase,Mano,none
5596,ALTAVAS,municipality,76.72,23.3,0.11,140.7495,69.9063,0.105,Solar,Solar,49.2,Boothroyd et al. 2023 catchment geodatabase,Panay,moderate
5597,BALETE,municipality,77.35,78.2,0.17,141.9035,234.6041,0.166,Wind,Wind,62.7,Boothroyd et al. 2023 catchment geodatabase,Pansipit,high
5599,BATAN,municipality,79.99,38.5,0.03,146.7428,115.5093,0.03,Solar,Solar,52.1,Boothroyd et al. 2023 catchment geodatabase,Panay,low
5600,BURUANGA,municipality,74.9,100.0,0.58,137.3993,1562.6936,0.583,Wind,Wind,100.0,Boothroyd et al. 2023 catchment geodatabase,Aklan,none
5601,IBAJAY,municipality,75.85,64.1,0.58,139.1488,192.3055,0.583,Wind,Solar,48.4,Boothroyd et al. 2023 catchment geodatabase,Aklan,none
5602,KALIBO,municipality,83.89,49.94,0.63,153.8902,149.8065,0.628,Solar,Solar,55.7,Boothroyd et al. 2023 catchment geodatabase,Aklan,moderate
5603,LEZO,municipality,80.03,51.12,0.0,146.8173,153.357,0.003,Wind,Solar,52.2,Boothroyd et al. 2023 catchment geodatabase,Aklan,moderate
5604,LIBACAO,municipality,69.58,3.88,0.14,127.6461,11.6275,0.135,Solar,Solar,43.1,Boothroyd et al. 2023 catchment geodatabase,Aklan,high
5605,MADALAG,municipality,64.08,13.74,6.89,117.5581,41.2193,6.889,Solar,Solar,38.5,Boothroyd et al. 2023 catchment geodatabase,Aklan,high
5606,MAKATO,municipality,78.31,72.57,0.03,143.6532,217.7043,0.029,Wind,Wind,56.1,Boothroyd et al. 2023 catchment geodatabase,Aklan,low
5607,MALAY,municipality,74.98,100.0,0.58,137.5482,601.7952,0.583,Wind,Wind,100.0,Boothroyd et al. 2023 catchment geodatabase,Aklan,none
5609,NABAS,municipality,72.56,98.08,0.58,133.1183,294.2444,0.583,Wind,Wind,88.7,Boothroyd et al. 2023 catchment geodatabase,Aklan,none
5610,NEW WASHINGTON,municipality,82.1,53.47,0.27,150.6143,160.4033,0.271,Wind,Solar,54.0,Boothroyd et al. 2023 catchment geodatabase,Aklan,low
5611,NUMANCIA,municipality,83.18,52.25,0.65,152.5873,156.7546,0.653,Wind,Solar,55.0,Boothroyd et al. 2023 catchment geodatabase,Aklan,moderate
5612,TANGALAN,municipality,78.0,100.0,0.12,143.0947,420.465,0.116,Wind,Wind,100.0,Boothroyd et al. 2023 catchment geodatabase,Aklan,low
5613,ANINI-Y,municipality,84.05,8.76,0.25,154.188,26.2675,0.247,Solar,Solar,55.8,Boothroyd et al. 2023 catchment geodatabase,Sibalom,none
5614,BARBAZA,municipality,69.82,47.58,7.55,128.0928,142.7466,7.549,Wind,Solar,43.3,Boothroyd et al. 2023 catchment geodatabase,Aklan,none
5615,BELISON,municipality,80.96,30.53,0.7,148.5297,91.5954,0.702,Solar,Solar,53.0,Boothroyd et al. 2023 catchment geodatabase,Sibalom,moderate
5616,BUGASONG,municipality,75.4,24.09,10.59,138.3299,72.2708,10.59,Solar,Solar,48.0,Boothroyd et al. 2023 catchment geodatabase,Cagaranan,moderate
5617,CALUYA,municipality,88.23,100.0,0.08,161.8564,1871.443,0.084,Wind,Wind,100.0,Boothroyd et al. 2023 catchment geodatabase,Caguray,none
5618,CULASI,municipality,66.78,1.02,28.95,122.5091,3.0727,28.947,Solar,Solar,40.7,Boothroyd et al. 2023 catchment geodatabase,Aklan,moderate
5619,HAMTIC,municipality,76.44,26.9,0.89,140.2284,80.7118,0.89,Solar,Solar,49.0,Boothroyd et al. 2023 catchment geodatabase,Sibalom,low
5620,LAUA-AN,municipality,73.37,15.06,1.06,134.6073,45.192,1.056,Solar,Solar,46.3,Boothroyd et al. 2023 catchment geodatabase,Cagaranan,none
5622,PANDAN,municipality,77.39,100.0,0.34,141.978,349.3119,0.343,Wind,Wind,99.9,Boothroyd et al. 2023 catchment geodatabase,Bato,none
5623,PATNONGON,municipality,78.43,5.28,0.08,143.8765,15.8413,0.081,Solar,Solar,50.7,Boothroyd et al. 2023 catchment geodatabase,Sibalom,low
5625,SAN REMIGIO,municipality,73.52,100.0,10.07,134.8679,388.9081,10.066,Wind,Wind,100.0,Boothroyd et al. 2023 catchment geodatabase,Sibalom,high
5626,SEBASTE,municipality,68.5,100.0,6.11,125.6732,2936.8382,6.107,Wind,Wind,100.0,Boothroyd et al. 2023 catchment geodatabase,Aklan,low
5627,SIBALOM,municipality,75.36,12.59,0.07,138.2554,37.7757,0.069,Solar,Solar,48.0,Boothroyd et al. 2023 catchment geodatabase,Sibalom,high
5628,TIBIAO,municipality,74.77,32.08,5.53,137.1759,96.2451,5.534,Solar,Solar,47.5,Boothroyd et al. 2023 catchment geodatabase,Aklan,none
5629,TOBIAS FORNIER (DAO),municipality,81.55,56.4,0.25,149.6092,169.2083,0.247,Wind,Solar,53.5,Boothroyd et al. 2023 catchment geodatabase,Sibalom,none
5630,VALDERRAMA,municipality,72.73,75.19,11.75,133.4161,225.5727,11.749,Wind,Wind,59.2,Boothroyd et al. 2023 catchment geodatabase,Cagaranan,high
5631,CUARTERO,municipality,76.74,35.88,0.25,140.7868,107.6484,0.251,Solar,Solar,49.2,Boothroyd et al. 2023 catchment geodatabase,Panay,high
5632,DAO,municipality,78.47,30.64,0.66,143.951,91.9261,0.66,Solar,Solar,50.8,Boothroyd et al. 2023 catchment geodatabase,Panay,high
5633,DUMALAG,municipality,75.95,42.69,0.17,139.335,128.082,0.175,Solar,Solar,48.5,Boothroyd et al. 2023 catchment geodatabase,Panay,high
5634,DUMARAO,municipality,76.28,32.58,0.04,139.9306,97.7438,0.036,Solar,Solar,48.8,Boothroyd et al. 2023 catchment geodatabase,Panay,high
5635,IVISAN,municipality,77.72,45.53,0.17,142.5736,136.6023,0.172,Solar,Solar,50.1,Boothroyd et al. 2023 catchment geodatabase,Panay,moderate
5636,JAMINDAN,municipality,71.57,14.9,0.6,131.2943,44.6919,0.599,Solar,Solar,44.7,Boothroyd et al. 2023 catchment geodatabase,Panay,high
5637,MA-AYON,municipality,75.3,22.0,0.5,138.1438,65.9949,0.497,Solar,Solar,48.0,Boothroyd et al. 2023 catchment geodatabase,Panay,high
5638,MAMBUSAO,municipality,76.78,21.03,0.01,140.8612,63.0919,0.013,Solar,Solar,49.3,Boothroyd et al. 2023 catchment geodatabase,Panay,high
5639,PANAY,municipality,84.13,100.0,0.42,154.3368,304.0142,0.421,Wind,Wind,92.1,Boothroyd et al. 2023 catchment geodatabase,Panay,low
5640,PANITAN,municipality,80.03,56.01,2.51,146.8173,168.027,2.509,Wind,Solar,52.2,Boothroyd et al. 2023 catchment geodatabase,Panay,high
5645,SAPI-AN,municipality,78.14,55.55,0.12,143.3553,166.6497,0.123,Wind,Solar,50.5,Boothroyd et al. 2023 catchment geodatabase,Panay,moderate
5646,SIGMA,municipality,78.29,39.01,1.19,143.6159,117.0218,1.188,Solar,Solar,50.6,Boothroyd et al. 2023 catchment geodatabase,Panay,high
5647,TAPAZ,municipality,73.21,7.89,1.09,134.3095,23.6607,1.094,Solar,Solar,46.1,Boothroyd et al. 2023 catchment geodatabase,Panay,high
5649,JORDAN,municipality,81.51,96.02,0.23,149.5347,288.0738,0.227,Wind,Wind,85.8,Boothroyd et al. 2023 catchment geodatabase,Tigum,none
5650,NUEVA VALENCIA,municipality,82.79,100.0,0.0,151.88,616.4406,0.003,Wind,Wind,100.0,Boothroyd et al. 2023 catchment geodatabase,Tigum,none
5651,SAN LORENZO,municipality,82.89,100.0,0.06,152.0661,308.3631,0.059,Wind,Wind,92.9,Boothroyd et al. 2023 catchment geodatabase,Tigum,none
5652,SIBUNAG,municipality,83.24,100.0,0.54,152.699,334.2084,0.541,Wind,Wind,97.3,Boothroyd et al. 2023 catchment geodatabase,Bago,none
5653,AJUY,municipality,81.86,43.28,0.07,150.1675,129.8341,0.073,Solar,Solar,53.8,Boothroyd et al. 2023 catchment geodatabase,Panay,moderate
5654,ALIMODIAN,municipality,79.81,100.0,0.08,146.4078,791.6817,0.081,Wind,Wind,100.0,Boothroyd et al. 2023 catchment geodatabase,Tigum,moderate
5655,ANILAO,municipality,79.75,100.0,0.21,146.2961,613.1876,0.207,Wind,Wind,100.0,Boothroyd et al. 2023 catchment geodatabase,Jalaur,low
5656,BADIANGAN,municipality,77.66,41.72,0.09,142.4619,125.1649,0.088,Solar,Solar,50.0,Boothroyd et al. 2023 catchment geodatabase,Jalaur,high
5657,BALASAN,municipality,81.43,85.96,0.08,149.3858,257.8719,0.081,Wind,Wind,72.4,Boothroyd et al. 2023 catchment geodatabase,Panay,low
5658,BANATE,municipality,81.11,91.69,0.14,148.7902,275.0622,0.14,Wind,Wind,79.9,Boothroyd et al. 2023 catchment geodatabase,Jalaur,low
5659,BAROTAC NUEVO,municipality,83.42,100.0,0.5,153.034,464.728,0.505,Wind,Wind,100.0,Boothroyd et al. 2023 catchment geodatabase,Jalaur,moderate
5660,BAROTAC VIEJO,municipality,80.8,77.46,0.3,148.2319,232.3827,0.296,Wind,Wind,61.8,Boothroyd et al. 2023 catchment geodatabase,Jalaur,low
5661,BATAD,municipality,82.06,83.49,0.24,150.5398,250.4764,0.235,Wind,Wind,69.2,Boothroyd et al. 2023 catchment geodatabase,Panay,low
5662,BINGAWAN,municipality,76.97,44.87,0.25,141.1962,134.6008,0.254,Solar,Solar,49.4,Boothroyd et al. 2023 catchment geodatabase,Jalaur,high
5664,CALINOG,municipality,76.95,39.89,0.13,141.159,119.6725,0.127,Solar,Solar,49.4,Boothroyd et al. 2023 catchment geodatabase,Jalaur,high
5665,CARLES,municipality,85.1,100.0,0.08,156.1236,446.1536,0.078,Wind,Wind,100.0,Boothroyd et al. 2023 catchment geodatabase,Panay,none
5666,CITY OF PASSI,municipality,76.78,34.6,0.16,140.8612,103.7973,0.159,Solar,Solar,49.3,Boothroyd et al. 2023 catchment geodatabase,Jalaur,high
5668,DINGLE,municipality,77.9,30.49,0.05,142.9086,91.4799,0.046,Solar,Solar,50.2,Boothroyd et al. 2023 catchment geodatabase,Jalaur,high
5669,DUEÑAS,municipality,76.74,63.74,0.08,140.7868,191.212,0.078,Wind,Solar,49.2,Boothroyd et al. 2023 catchment geodatabase,Jalaur,high
5670,DUMANGAS,municipality,84.13,100.0,0.23,154.3368,420.9111,0.229,Wind,Wind,100.0,Boothroyd et al. 2023 catchment geodatabase,Jalaur,low
5671,ESTANCIA,municipality,83.78,70.07,0.05,153.704,210.217,0.051,Wind,Solar,55.6,Boothroyd et al. 2023 catchment geodatabase,Panay,none
5672,GUIMBAL,municipality,84.25,100.0,0.62,154.5602,605.9895,0.622,Wind,Wind,100.0,Boothroyd et al. 2023 catchment geodatabase,Sibalom,none
5673,IGBARAS,municipality,79.12,100.0,2.47,145.1422,534.1376,2.469,Wind,Wind,100.0,Boothroyd et al. 2023 catchment geodatabase,Sibalom,low
5675,JANIUAY,municipality,76.8,100.0,0.18,140.8984,601.6697,0.182,Wind,Wind,100.0,Boothroyd et al. 2023 catchment geodatabase,Jalaur,high
5676,LAMBUNAO,municipality,72.46,47.07,2.37,132.9322,141.2202,2.368,Wind,Solar,45.5,Boothroyd et al. 2023 catchment geodatabase,Jalaur,high
5677,LEGANES,municipality,81.73,100.0,0.65,149.9442,571.9341,0.65,Wind,Wind,100.0,Boothroyd et al. 2023 catchment geodatabase,Jalaur,high
5678,LEMERY,municipality,83.07,81.6,1.59,152.4012,244.8098,1.593,Wind,Wind,66.9,Boothroyd et al. 2023 catchment geodatabase,Pansipit,high
5679,LEON,municipality,80.68,100.0,0.28,148.0085,1067.477,0.28,Wind,Wind,100.0,Boothroyd et al. 2023 catchment geodatabase,Tigum,low
5681,MIAGAO,municipality,81.41,100.0,5.63,149.3486,909.2124,5.633,Wind,Wind,100.0,Boothroyd et al. 2023 catchment geodatabase,Sibalom,low
5682,MINA,municipality,78.67,100.0,0.08,144.3232,406.4392,0.078,Wind,Wind,100.0,Boothroyd et al. 2023 catchment geodatabase,Jalaur,high
5683,NEW LUCENA,municipality,79.87,100.0,0.07,146.5195,416.3792,0.072,Wind,Wind,100.0,Boothroyd et al. 2023 catchment geodatabase,Jalaur,high
5684,OTON,municipality,82.49,100.0,0.01,151.3215,1215.1915,0.012,Wind,Wind,100.0,Boothroyd et al. 2023 catchment geodatabase,Tigum,low
5685,PAVIA,municipality,81.49,100.0,0.27,149.4975,688.7262,0.266,Wind,Wind,100.0,Boothroyd et al. 2023 catchment geodatabase,Tigum,high
5686,POTOTAN,municipality,79.28,100.0,0.04,145.44,449.418,0.036,Wind,Wind,100.0,Boothroyd et al. 2023 catchment geodatabase,Jalaur,high
5687,SAN DIONISIO,municipality,82.83,58.49,0.14,151.9544,175.4739,0.135,Wind,Solar,54.7,Boothroyd et al. 2023 catchment geodatabase,Panay,moderate
5688,SAN ENRIQUE,municipality,77.03,53.19,0.1,141.3079,159.5725,0.101,Wind,Solar,49.5,Boothroyd et al. 2023 catchment geodatabase,Jalaur,high
5689,SAN JOAQUIN,municipality,80.9,100.0,0.44,148.418,338.3058,0.444,Wind,Wind,98.0,Boothroyd et al. 2023 catchment geodatabase,Sibalom,none
5691,SAN RAFAEL,municipality,80.58,75.26,0.06,147.8224,225.7818,0.059,Wind,Wind,59.2,Boothroyd et al. 2023 catchment geodatabase,Angat,high
5693,SARA,municipality,81.71,100.0,0.13,149.907,531.4754,0.131,Wind,Wind,100.0,Boothroyd et al. 2023 catchment geodatabase,Panay,high
5694,TIGBAUAN,municipality,83.48,100.0,0.0,153.1456,845.9898,0.002,Wind,Wind,100.0,Boothroyd et al. 2023 catchment geodatabase,Tigum,none
5695,TUBUNGAN,municipality,80.29,28.37,2.68,147.3012,85.1177,2.675,Solar,Solar,52.4,Boothroyd et al. 2023 catchment geodatabase,Tigum,low
5696,ZARRAGA,municipality,81.96,100.0,0.65,150.3537,569.8779,0.65,Wind,Wind,100.0,Boothroyd et al. 2023 catchment geodatabase,Jalaur,high
5697,BACOLOD CITY,municipality,76.38,12.6,0.19,140.1167,37.7935,0.193,Solar,Solar,48.9,Boothroyd et al. 2023 catchment geodatabase,Agus,none
5699,BINALBAGAN,municipality,73.01,60.83,1.04,133.9373,182.5001,1.041,Wind,Solar,46.0,Boothroyd et al. 2023 catchment geodatabase,Binalbagan,high
5702,CANDONI,municipality,73.58,100.0,0.26,134.9795,506.3341,0.263,Wind,Wind,100.0,Boothroyd et al. 2023 catchment geodatabase,Sipalay,high
5706,HIMAMAYLAN CITY,municipality,72.77,90.31,7.37,133.4905,270.9414,7.375,Wind,Wind,78.1,Boothroyd et al. 2023 catchment geodatabase,Binalbagan,low
5707,HINIGARAN,municipality,77.35,59.03,0.67,141.9035,177.0754,0.667,Wind,Solar,49.8,Boothroyd et al. 2023 catchment geodatabase,Binalbagan,moderate
5709,ILOG,municipality,74.82,23.05,0.31,137.2504,69.152,0.311,Solar,Solar,47.5,Boothroyd et al. 2023 catchment geodatabase,Ilog_Hilabangan,high
5710,ISABELA,municipality,73.96,100.0,0.31,135.6869,973.545,0.312,Wind,Wind,100.0,Boothroyd et al. 2023 catchment geodatabase,Binalbagan,high
5711,KABANKALAN CITY,municipality,73.92,27.19,0.68,135.6124,81.574,0.677,Solar,Solar,46.8,Boothroyd et al. 2023 catchment geodatabase,Ilog_Hilabangan,high
5712,LA CARLOTA CITY,municipality,74.08,23.47,1.39,135.9102,70.4023,1.392,Solar,Solar,46.9,Boothroyd et al. 2023 catchment geodatabase,Bago,moderate
5713,LA CASTELLANA,municipality,75.2,21.25,2.49,137.9577,63.7508,2.488,Solar,Solar,47.9,Boothroyd et al. 2023 catchment geodatabase,Binalbagan,high
5714,MANAPLA,municipality,78.67,100.0,0.55,144.3232,456.7129,0.55,Wind,Wind,100.0,Boothroyd et al. 2023 catchment geodatabase,Himogaan,none
5715,MOISES PADILLA (MAGALLON),municipality,78.43,100.0,0.67,143.8765,319.5314,0.669,Wind,Wind,94.8,Boothroyd et al. 2023 catchment geodatabase,Binalbagan,high
5716,MURCIA,municipality,76.52,61.06,0.95,140.3773,183.1754,0.95,Wind,Solar,49.0,Boothroyd et al. 2023 catchment geodatabase,Bago,high
5717,PONTEVEDRA,municipality,79.67,100.0,0.01,146.1473,351.7496,0.012,Wind,Wind,100.0,Boothroyd et al. 2023 catchment geodatabase,Panay,low
5718,PULUPANDAN,municipality,82.18,100.0,0.0,150.7632,928.5949,0.004,Wind,Wind,100.0,Boothroyd et al. 2023 catchment geodatabase,Bago,none
5720,SALVADOR BENEDICTO,municipality,75.87,100.0,3.6,139.1861,354.7866,3.603,Wind,Wind,100.0,Boothroyd et al. 2023 catchment geodatabase,Bago,high
5723,SILAY CITY,municipality,77.07,100.0,2.41,141.3824,432.7431,2.415,Wind,Wind,100.0,Boothroyd et al. 2023 catchment geodatabase,Bago,none
5724,SIPALAY CITY,municipality,75.12,33.13,0.01,137.8088,99.3764,0.006,Solar,Solar,47.8,Boothroyd et al. 2023 catchment geodatabase,Sipalay,high
5726,TOBOSO,municipality,77.92,20.0,0.04,142.9458,60.008,0.036,Solar,Solar,50.3,Boothroyd et al. 2023 catchment geodatabase,Himogaan,moderate
5727,VALLADOLID,municipality,80.94,100.0,0.0,148.4924,542.239,0.004,Wind,Wind,100.0,Boothroyd et al. 2023 catchment geodatabase,Bago,low
5729,ALBURQUERQUE,municipality,76.89,23.87,0.06,141.0473,71.603,0.065,Solar,Solar,49.3,Boothroyd et al. 2023 catchment geodatabase,Abatan,moderate
5731,ANDA,municipality,82.83,83.06,0.78,151.9544,249.1747,0.777,Wind,Wind,68.7,Boothroyd et al. 2023 catchment geodatabase,Inabanga,none
5732,ANTEQUERA,municipality,73.42,17.48,0.47,134.6817,52.4355,0.466,Solar,Solar,46.3,Boothroyd et al. 2023 catchment geodatabase,Abatan,high
5733,BACLAYON,municipality,77.09,40.38,0.03,141.4196,121.1474,0.034,Solar,Solar,49.5,Boothroyd et al. 2023 catchment geodatabase,Abatan,moderate
5734,BALILIHAN,municipality,73.44,24.84,0.05,134.719,74.5327,0.049,Solar,Solar,46.3,Boothroyd et al. 2023 catchment geodatabase,Abatan,high
5736,BIEN UNIDO,municipality,81.0,35.5,0.0,148.6041,106.5144,0.002,Solar,Solar,53.0,Boothroyd et al. 2023 catchment geodatabase,Inabanga,none
5737,BILAR,municipality,73.37,64.17,0.33,134.6073,192.515,0.328,Wind,Wind,46.8,Boothroyd et al. 2023 catchment geodatabase,Loboc,high
5739,CALAPE,municipality,72.68,25.21,0.22,133.3417,75.6344,0.217,Solar,Solar,45.7,Boothroyd et al. 2023 catchment geodatabase,Abatan,moderate
5740,CANDIJAY,municipality,79.46,26.55,0.01,145.775,79.6489,0.006,Solar,Solar,51.6,Boothroyd et al. 2023 catchment geodatabase,Inabanga,none
5742,CATIGBIAN,municipality,72.48,47.25,0.07,132.9694,141.7593,0.074,Wind,Solar,45.5,Boothroyd et al. 2023 catchment geodatabase,Loboc,high
5743,CLARIN,municipality,72.83,79.5,0.04,133.6022,238.4891,0.041,Wind,Wind,64.3,Boothroyd et al. 2023 catchment geodatabase,Abatan,moderate
5744,CORELLA,municipality,74.37,16.89,0.04,136.4314,50.6565,0.038,Solar,Solar,47.1,Boothroyd et al. 2023 catchment geodatabase,Abatan,high
5745,CORTES,municipality,74.11,22.77,0.18,135.9474,68.3227,0.185,Solar,Solar,46.9,Boothroyd et al. 2023 catchment geodatabase,Abatan,high
5746,DAGOHOY,municipality,75.65,35.22,0.04,138.7766,105.6544,0.037,Solar,Solar,48.3,Boothroyd et al. 2023 catchment geodatabase,Inabanga,high
5748,DAUIS,municipality,78.43,31.22,0.0,143.8765,93.6454,0.004,Solar,Solar,50.7,Boothroyd et al. 2023 catchment geodatabase,Abatan,none
5749,DIMIAO,municipality,77.07,51.95,0.41,141.3824,155.8604,0.414,Wind,Solar,49.5,Boothroyd et al. 2023 catchment geodatabase,Loboc,moderate
5750,DUERO,municipality,76.13,79.24,0.29,139.67,237.7316,0.292,Wind,Wind,64.0,Boothroyd et al. 2023 catchment geodatabase,Inabanga,moderate
5751,GARCIA HERNANDEZ,municipality,77.98,32.83,0.03,143.0575,98.487,0.029,Solar,Solar,50.3,Boothroyd et al. 2023 catchment geodatabase,Loboc,low
5752,GUINDULMAN,municipality,79.97,47.27,1.01,146.7056,141.8079,1.011,Solar,Solar,52.1,Boothroyd et al. 2023 catchment geodatabase,Inabanga,low
5753,INABANGA,municipality,74.29,21.53,0.02,136.2825,64.5876,0.02,Solar,Solar,47.1,Boothroyd et al. 2023 catchment geodatabase,Inabanga,high
5754,JAGNA,municipality,76.36,100.0,1.09,140.0795,954.7689,1.085,Wind,Wind,100.0,Boothroyd et al. 2023 catchment geodatabase,Inabanga,low
5756,LILA,municipality,80.27,49.24,1.09,147.264,147.7084,1.094,Wind,Solar,52.4,Boothroyd et al. 2023 catchment geodatabase,Loboc,moderate
5757,LOAY,municipality,77.98,27.53,0.95,143.0575,82.581,0.946,Solar,Solar,50.3,Boothroyd et al. 2023 catchment geodatabase,Loboc,high
5758,LOBOC,municipality,74.04,15.09,5.19,135.8357,45.2607,5.194,Solar,Solar,46.9,Boothroyd et al. 2023 catchment geodatabase,Loboc,high
5759,LOON,municipality,74.08,11.65,0.29,135.9102,34.9479,0.288,Solar,Solar,46.9,Boothroyd et al. 2023 catchment geodatabase,Abatan,low
5761,MARIBOJOC,municipality,74.86,30.55,0.15,137.3248,91.6524,0.154,Solar,Solar,47.6,Boothroyd et al. 2023 catchment geodatabase,Abatan,moderate
5762,PANGLAO,municipality,79.06,38.54,0.0,145.0305,115.6156,0.004,Solar,Solar,51.3,Boothroyd et al. 2023 catchment geodatabase,Abatan,none
5768,SEVILLA,municipality,73.68,8.52,2.35,135.1657,25.5459,2.347,Solar,Solar,46.5,Boothroyd et al. 2023 catchment geodatabase,Loboc,high
5769,SIERRA BULLONES,municipality,73.29,67.84,0.12,134.4584,203.5212,0.122,Wind,Wind,50.8,Boothroyd et al. 2023 catchment geodatabase,Inabanga,high
5770,SIKATUNA,municipality,74.43,11.78,0.06,136.5431,35.3363,0.062,Solar,Solar,47.2,Boothroyd et al. 2023 catchment geodatabase,Abatan,high
5771,TAGBILARAN CITY,municipality,76.26,32.41,0.03,139.8934,97.223,0.032,Solar,Solar,48.8,Boothroyd et al. 2023 catchment geodatabase,Abatan,moderate
5772,TALIBON,municipality,79.54,50.61,0.02,145.9239,151.8285,0.018,Wind,Solar,51.7,Boothroyd et al. 2023 catchment geodatabase,Inabanga,low
5773,TRINIDAD,municipality,77.21,23.22,0.02,141.6429,69.6496,0.017,Solar,Solar,49.6,Boothroyd et al. 2023 catchment geodatabase,Inabanga,low
5774,TUBIGON,municipality,73.52,34.29,0.03,134.8679,102.8722,0.034,Solar,Solar,46.4,Boothroyd et al. 2023 catchment geodatabase,Abatan,moderate
5775,UBAY,municipality,78.37,52.63,0.0,143.7648,157.8997,0.003,Wind,Solar,50.7,Boothroyd et al. 2023 catchment geodatabase,Inabanga,none
5778,ALCOY,municipality,79.1,91.88,0.15,145.1049,275.6312,0.148,Wind,Wind,80.2,Boothroyd et al. 2023 catchment geodatabase,Tanjay,none
5779,ALEGRIA,municipality,72.18,21.53,0.03,132.411,64.5851,0.03,Solar,Solar,45.3,Boothroyd et al. 2023 catchment geodatabase,Tanjay,none
5780,ALOGUINSAN,municipality,73.29,39.89,0.82,134.4584,119.6568,0.817,Solar,Solar,46.2,Boothroyd et al. 2023 catchment geodatabase,Binalbagan,none
5781,ARGAO,municipality,76.58,8.0,0.59,140.489,24.005,0.587,Solar,Solar,49.1,Boothroyd et al. 2023 catchment geodatabase,Abatan,none
5782,ASTURIAS,municipality,74.67,23.67,0.0,136.9898,71.0243,0.004,Solar,Solar,47.4,Boothroyd et al. 2023 catchment geodatabase,Himogaan,none
5783,BADIAN,municipality,66.96,31.36,0.68,122.8441,94.0873,0.68,Solar,Solar,40.9,Boothroyd et al. 2023 catchment geodatabase,Ilog_Hilabangan,none
5784,BALAMBAN,municipality,70.07,24.18,0.0,128.5396,72.5475,0.004,Solar,Solar,43.5,Boothroyd et al. 2023 catchment geodatabase,Himogaan,none
5785,BANTAYAN,municipality,85.77,62.86,0.05,157.3521,188.5682,0.046,Wind,Solar,57.4,Boothroyd et al. 2023 catchment geodatabase,Himogaan,none
5786,BARILI,municipality,73.88,31.88,0.03,135.5379,95.6327,0.028,Solar,Solar,46.7,Boothroyd et al. 2023 catchment geodatabase,Binalbagan,none
5787,BOGO CITY,municipality,83.01,38.37,0.01,152.2895,115.0972,0.007,Solar,Solar,54.9,Boothroyd et al. 2023 catchment geodatabase,Pagsangahan,none
5788,BOLJOON,municipality,80.46,20.22,0.15,147.599,60.6566,0.148,Solar,Solar,52.5,Boothroyd et al. 2023 catchment geodatabase,Tanjay,none
5789,BORBON,municipality,82.61,28.38,0.02,151.545,85.1367,0.024,Solar,Solar,54.5,Boothroyd et al. 2023 catchment geodatabase,Pagsangahan,none
5790,CARCAR CITY,municipality,79.26,7.27,0.03,145.4027,21.8088,0.031,Solar,Solar,51.5,Boothroyd et al. 2023 catchment geodatabase,Abatan,none
5792,CATMON,municipality,80.56,30.16,0.0,147.7851,90.4948,0.004,Solar,Solar,52.6,Boothroyd et al. 2023 catchment geodatabase,Himogaan,none
5794,COMPOSTELA,municipality,82.42,31.72,0.0,151.2098,95.1553,0.004,Solar,Solar,54.3,Boothroyd et al. 2023 catchment geodatabase,Inabanga,none
5795,CONSOLACION,municipality,82.16,61.45,0.0,150.7259,184.3514,0.004,Wind,Solar,54.1,Boothroyd et al. 2023 catchment geodatabase,Inabanga,none
5797,DAANBANTAYAN,municipality,84.15,43.46,0.01,154.3741,130.3754,0.007,Solar,Solar,55.9,Boothroyd et al. 2023 catchment geodatabase,Pagsangahan,none
5798,DALAGUETE,municipality,73.46,65.23,0.23,134.7562,195.7016,0.234,Wind,Wind,48.0,Boothroyd et al. 2023 catchment geodatabase,Abatan,none
5799,DANAO CITY,municipality,74.33,44.8,0.03,136.357,134.3869,0.033,Solar,Solar,47.1,Boothroyd et al. 2023 catchment geodatabase,Inabanga,high
5800,DUMANJUG,municipality,74.0,16.93,0.03,135.7614,50.7896,0.031,Solar,Solar,46.8,Boothroyd et al. 2023 catchment geodatabase,Binalbagan,none
5801,GINATILAN,municipality,74.71,19.66,0.15,137.0642,58.984,0.148,Solar,Solar,47.4,Boothroyd et al. 2023 catchment geodatabase,Tanjay,none
5803,LILOAN,municipality,83.36,23.13,0.0,152.9223,69.3758,0.004,Solar,Solar,55.2,Boothroyd et al. 2023 catchment geodatabase,Inabanga,none
5804,MADRIDEJOS,municipality,86.02,95.92,0.03,157.7988,287.7467,0.029,Wind,Wind,85.7,Boothroyd et al. 2023 catchment geodatabase,Himogaan,none
5805,MALABUYOC,municipality,74.31,23.66,0.15,136.3198,70.9909,0.148,Solar,Solar,47.1,Boothroyd et al. 2023 catchment geodatabase,Tanjay,none
5807,MEDELLIN,municipality,83.38,65.35,0.01,152.9595,196.0489,0.007,Wind,Solar,55.2,Boothroyd et al. 2023 catchment geodatabase,Pagsangahan,none
5808,MINGLANILLA,municipality,75.75,7.27,0.0,138.9627,21.795,0.003,Solar,Solar,48.3,Boothroyd et al. 2023 catchment geodatabase,Inabanga,none
5809,MOALBOAL,municipality,74.8,30.22,0.68,137.2132,90.6736,0.68,Solar,Solar,47.5,Boothroyd et al. 2023 catchment geodatabase,Ilog_Hilabangan,none
5811,OSLOB,municipality,82.79,100.0,0.15,151.88,927.1461,0.148,Wind,Wind,100.0,Boothroyd et al. 2023 catchment geodatabase,Tanjay,none
5814,PORO,municipality,80.74,29.57,0.22,148.1202,88.7009,0.222,Solar,Solar,52.8,Boothroyd et al. 2023 catchment geodatabase,Pagsangahan,none
5815,RONDA,municipality,74.13,25.05,0.03,135.9847,75.1378,0.031,Solar,Solar,46.9,Boothroyd et al. 2023 catchment geodatabase,Binalbagan,none
5816,SAMBOAN,municipality,75.28,8.58,0.15,138.1066,25.7388,0.148,Solar,Solar,47.9,Boothroyd et al. 2023 catchment geodatabase,Tanjay,none
5821,SANTANDER,municipality,80.42,21.59,0.14,147.5246,64.7624,0.138,Solar,Solar,52.5,Boothroyd et al. 2023 catchment geodatabase,Tanjay,none
5822,SIBONGA,municipality,77.94,11.24,0.03,142.983,33.7231,0.031,Solar,Solar,50.3,Boothroyd et al. 2023 catchment geodatabase,Abatan,none
5823,SOGOD,municipality,81.23,30.71,0.0,149.0136,92.1412,0.005,Solar,Solar,53.2,Boothroyd et al. 2023 catchment geodatabase,Himogaan,none
5824,TABOGON,municipality,82.83,39.9,0.02,151.9544,119.6927,0.024,Solar,Solar,54.7,Boothroyd et al. 2023 catchment geodatabase,Pagsangahan,none
5825,TABUELAN,municipality,78.91,20.21,0.01,144.7699,60.6339,0.005,Solar,Solar,51.1,Boothroyd et al. 2023 catchment geodatabase,Himogaan,none
5828,TUBURAN,municipality,76.4,6.7,0.0,140.1539,20.1073,0.004,Solar,Solar,48.9,Boothroyd et al. 2023 catchment geodatabase,Himogaan,none
5829,TUDELA,municipality,82.93,22.78,1.16,152.1406,68.3389,1.157,Solar,Solar,54.8,Boothroyd et al. 2023 catchment geodatabase,Pagsangahan,none
5831,AYUNGON,municipality,67.81,34.02,1.35,124.4076,102.0735,1.351,Solar,Solar,41.6,Boothroyd et al. 2023 catchment geodatabase,Ilog_Hilabangan,high
5832,BACONG,municipality,82.14,37.86,0.76,150.6887,113.5731,0.763,Solar,Solar,54.1,Boothroyd et al. 2023 catchment geodatabase,Tanjay,none
5833,BAIS CITY,municipality,72.1,100.0,2.98,132.2621,788.213,2.977,Wind,Wind,100.0,Boothroyd et al. 2023 catchment geodatabase,Ilog_Hilabangan,high
5834,BASAY,municipality,78.06,57.5,1.89,143.2064,172.4918,1.893,Wind,Solar,50.4,Boothroyd et al. 2023 catchment geodatabase,Pagatban,high
5836,BINDOY (PAYABON),municipality,75.06,100.0,12.79,137.6971,396.4096,12.786,Wind,Wind,100.0,Boothroyd et al. 2023 catchment geodatabase,Ilog_Hilabangan,low
5837,CANLAON CITY,municipality,78.49,100.0,8.65,143.9882,486.9156,8.652,Wind,Wind,100.0,Boothroyd et al. 2023 catchment geodatabase,Binalbagan,high
5838,DAUIN,municipality,83.8,100.0,0.76,153.7412,438.7196,0.763,Wind,Wind,100.0,Boothroyd et al. 2023 catchment geodatabase,Tanjay,none
5839,DUMAGUETE CITY,municipality,83.07,23.99,0.69,152.4012,71.9697,0.692,Solar,Solar,54.9,Boothroyd et al. 2023 catchment geodatabase,Tanjay,none
5841,JIMALALUD,municipality,67.73,39.95,6.94,124.2586,119.8628,6.936,Solar,Solar,41.5,Boothroyd et al. 2023 catchment geodatabase,Ilog_Hilabangan,moderate
5843,MABINAY,municipality,75.57,35.17,1.3,138.6277,105.5121,1.297,Solar,Solar,48.2,Boothroyd et al. 2023 catchment geodatabase,Ilog_Hilabangan,high
5844,MANJUYOD,municipality,74.75,14.9,4.85,137.1387,44.6921,4.848,Solar,Solar,47.5,Boothroyd et al. 2023 catchment geodatabase,Ilog_Hilabangan,moderate
5845,PAMPLONA,municipality,78.35,100.0,1.38,143.7275,335.0815,1.379,Wind,Wind,97.4,Boothroyd et al. 2023 catchment geodatabase,Bicol,high
5846,SAN JOSE,municipality,86.79,100.0,0.08,159.2133,704.6189,0.079,Wind,Wind,100.0,Boothroyd et al. 2023 catchment geodatabase,Pampanga,high
5847,SANTA CATALINA,municipality,69.8,68.61,0.58,128.0556,205.8258,0.582,Wind,Wind,51.7,Boothroyd et al. 2023 catchment geodatabase,Sipocong,low
5848,SIATON,municipality,78.18,14.71,0.13,143.4297,44.14,0.129,Solar,Solar,50.5,Boothroyd et al. 2023 catchment geodatabase,Tanjay,none
5849,SIBULAN,municipality,62.72,94.51,5.58,115.064,283.5193,5.583,Wind,Wind,83.7,Boothroyd et al. 2023 catchment geodatabase,Tanjay,moderate
5851,TAYASAN,municipality,76.15,100.0,4.08,139.7072,393.1583,4.08,Wind,Wind,100.0,Boothroyd et al. 2023 catchment geodatabase,Ilog_Hilabangan,high
5853,VALLEHERMOSO,municipality,80.62,14.86,3.7,147.8968,44.5922,3.696,Solar,Solar,52.7,Boothroyd et al. 2023 catchment geodatabase,Binalbagan,moderate
5854,ZAMBOANGUITA,municipality,83.74,100.0,0.76,153.6296,673.312,0.763,Wind,Wind,100.0,Boothroyd et al. 2023 catchment geodatabase,Tanjay,none
5855,ENRIQUE VILLANUEVA,municipality,83.85,100.0,0.0,153.8157,351.4111,0.004,Wind,Wind,100.0,Boothroyd et al. 2023 catchment geodatabase,Abatan,none
5856,LARENA,municipality,80.64,13.28,0.74,147.9341,39.8428,0.739,Solar,Solar,52.7,Boothroyd et al. 2023 catchment geodatabase,Tanjay,none
5857,LAZI,municipality,85.79,49.97,0.74,157.3893,149.9216,0.739,Solar,Solar,57.5,Boothroyd et al. 2023 catchment geodatabase,Tanjay,none
5858,MARIA,municipality,85.29,97.94,0.74,156.4587,293.8062,0.739,Wind,Wind,88.5,Boothroyd et al. 2023 catchment geodatabase,Tanjay,none
5860,SIQUIJOR,municipality,79.22,83.82,0.74,145.3283,251.4453,0.739,Wind,Wind,69.7,Boothroyd et al. 2023 catchment geodatabase,Tanjay,none
5861,ALMERIA,municipality,75.65,24.97,0.02,138.7766,74.9097,0.022,Solar,Solar,48.3,Boothroyd et al. 2023 catchment geodatabase,Pagsangahan,none
5862,BILIRAN,municipality,78.1,27.83,0.0,143.2808,83.4967,0.004,Solar,Solar,50.4,Boothroyd et al. 2023 catchment geodatabase,Pagsangahan,none
5863,CABUCGAYAN,municipality,77.92,10.28,0.0,142.9458,30.834,0.004,Solar,Solar,50.3,Boothroyd et al. 2023 catchment geodatabase,Pagsangahan,none
5864,CAIBIRAN,municipality,75.65,26.3,0.0,138.7766,78.8944,0.004,Solar,Solar,48.3,Boothroyd et al. 2023 catchment geodatabase,Pagsangahan,none
5865,CULABA,municipality,74.06,11.4,0.0,135.8729,34.1861,0.004,Solar,Solar,46.9,Boothroyd et al. 2023 catchment geodatabase,Gandara,none
5866,KAWAYAN,municipality,73.82,28.76,0.32,135.4263,86.274,0.32,Solar,Solar,46.7,Boothroyd et al. 2023 catchment geodatabase,Jibatang,none
5867,MARIPIPI,municipality,82.61,100.0,0.38,151.545,924.3923,0.382,Wind,Wind,100.0,Boothroyd et al. 2023 catchment geodatabase,Jibatang,none
5868,NAVAL,municipality,76.89,51.53,0.02,141.0473,154.5838,0.022,Wind,Solar,49.3,Boothroyd et al. 2023 catchment geodatabase,Pagsangahan,none
5869,ARTECHE,municipality,78.16,62.51,0.04,143.3925,187.5254,0.038,Wind,Solar,50.5,Boothroyd et al. 2023 catchment geodatabase,Oras,high
5870,BALANGIGA,municipality,76.48,41.8,0.3,140.3028,125.4128,0.304,Solar,Solar,49.0,Boothroyd et al. 2023 catchment geodatabase,Llorente,moderate
5871,BALANGKAYAN,municipality,73.7,55.18,0.11,135.2029,165.54,0.106,Wind,Solar,46.6,Boothroyd et al. 2023 catchment geodatabase,Suribao,high
5872,BORONGAN CITY,municipality,73.03,28.42,0.09,133.9745,85.2613,0.094,Solar,Solar,46.0,Boothroyd et al. 2023 catchment geodatabase,Suribao,moderate
5873,CAN-AVID,municipality,77.03,26.08,2.46,141.3079,78.2448,2.46,Solar,Solar,49.5,Boothroyd et al. 2023 catchment geodatabase,Ulot,high
5875,GENERAL MACARTHUR,municipality,75.57,33.2,1.73,138.6277,99.6056,1.73,Solar,Solar,48.2,Boothroyd et al. 2023 catchment geodatabase,Llorente,moderate
5876,GIPORLOS,municipality,77.43,27.72,0.06,142.0524,83.1628,0.056,Solar,Solar,49.8,Boothroyd et al. 2023 catchment geodatabase,Llorente,moderate
5877,GUIUAN,municipality,82.0,100.0,0.01,150.4281,486.4984,0.007,Wind,Wind,100.0,Boothroyd et al. 2023 catchment geodatabase,Llorente,none
5878,HERNANI,municipality,81.13,56.6,0.07,148.8274,169.7937,0.067,Wind,Solar,53.2,Boothroyd et al. 2023 catchment geodatabase,Llorente,low
5879,JIPAPAD,municipality,76.48,35.03,0.02,140.3028,105.0801,0.021,Solar,Solar,49.0,Boothroyd et al. 2023 catchment geodatabase,Oras,high
5880,LAWAAN,municipality,76.8,29.89,0.01,140.8984,89.6571,0.008,Solar,Solar,49.3,Boothroyd et al. 2023 catchment geodatabase,Llorente,low
5881,LLORENTE,municipality,73.5,40.26,1.53,134.8307,120.7704,1.526,Solar,Solar,46.4,Boothroyd et al. 2023 catchment geodatabase,Llorente,high
5882,MASLOG,municipality,73.48,20.73,0.44,134.7934,62.185,0.445,Solar,Solar,46.4,Boothroyd et al. 2023 catchment geodatabase,Dolores,high
5883,MAYDOLONG,municipality,74.8,7.91,2.8,137.2132,23.7236,2.802,Solar,Solar,47.5,Boothroyd et al. 2023 catchment geodatabase,Suribao,high
5884,MERCEDES,municipality,73.86,100.0,5.18,135.5007,421.9914,5.176,Wind,Wind,100.0,Boothroyd et al. 2023 catchment geodatabase,Bicol,low
5885,ORAS,municipality,78.98,34.36,1.51,144.8816,103.0913,1.513,Solar,Solar,51.2,Boothroyd et al. 2023 catchment geodatabase,Oras,high
5886,QUINAPONDAN,municipality,78.89,37.01,0.21,144.7327,111.0284,0.206,Solar,Solar,51.1,Boothroyd et al. 2023 catchment geodatabase,Llorente,low
5888,SAN JULIAN,municipality,75.02,23.88,0.31,137.6226,71.6339,0.314,Solar,Solar,47.7,Boothroyd et al. 2023 catchment geodatabase,Taft,low
5889,SAN POLICARPO,municipality,82.77,70.15,0.18,151.8428,210.4586,0.179,Wind,Solar,54.7,Boothroyd et al. 2023 catchment geodatabase,Oras,moderate
5890,SULAT,municipality,76.03,15.64,0.21,139.4839,46.9122,0.208,Solar,Solar,48.6,Boothroyd et al. 2023 catchment geodatabase,Taft,moderate
5891,TAFT,municipality,77.07,39.93,1.18,141.3824,119.7907,1.183,Solar,Solar,49.5,Boothroyd et al. 2023 catchment geodatabase,Taft,low
5892,ABUYOG,municipality,72.24,24.53,0.01,132.5227,73.5911,0.01,Solar,Solar,45.3,Boothroyd et al. 2023 catchment geodatabase,Cadacan,high
5893,ALANGALANG,municipality,76.09,24.63,0.01,139.5956,73.8776,0.013,Solar,Solar,48.6,Boothroyd et al. 2023 catchment geodatabase,Sangputan,high
5894,ALBUERA,municipality,72.89,22.28,0.57,133.7139,66.8401,0.571,Solar,Solar,45.9,Boothroyd et al. 2023 catchment geodatabase,Daguitan_Marabang,low
5895,BABATNGON,municipality,75.12,16.11,0.84,137.8088,48.316,0.843,Solar,Solar,47.8,Boothroyd et al. 2023 catchment geodatabase,Sangputan,low
5896,BARUGO,municipality,75.4,16.82,0.42,138.3299,50.4658,0.421,Solar,Solar,48.0,Boothroyd et al. 2023 catchment geodatabase,Sangputan,moderate
5897,BATO,municipality,79.5,60.44,0.56,145.8495,181.3338,0.562,Wind,Solar,51.7,Boothroyd et al. 2023 catchment geodatabase,Bicol,high
5898,BAYBAY CITY,municipality,73.33,35.56,3.51,134.5329,106.6731,3.506,Solar,Solar,46.2,Boothroyd et al. 2023 catchment geodatabase,Cadacan,low
5899,BURAUEN,municipality,71.57,20.49,0.08,131.2943,61.4817,0.085,Solar,Solar,44.7,Boothroyd et al. 2023 catchment geodatabase,Daguitan_Marabang,high
5900,CALUBIAN,municipality,80.44,52.18,0.01,147.5618,156.5454,0.006,Wind,Solar,52.5,Boothroyd et al. 2023 catchment geodatabase,Pagsangahan,none
5901,CAPOOCAN,municipality,72.75,82.25,0.06,133.4533,246.7627,0.06,Wind,Wind,67.7,Boothroyd et al. 2023 catchment geodatabase,Pagsangahan,low
5902,CARIGARA,municipality,73.66,38.7,0.34,135.1285,116.1006,0.341,Solar,Solar,46.5,Boothroyd et al. 2023 catchment geodatabase,Pagsangahan,none
5903,DAGAMI,municipality,74.82,13.17,0.02,137.2504,39.501,0.018,Solar,Solar,47.5,Boothroyd et al. 2023 catchment geodatabase,Palo,high
5904,DULAG,municipality,80.33,26.04,0.22,147.3757,78.1065,0.217,Solar,Solar,52.4,Boothroyd et al. 2023 catchment geodatabase,Daguitan_Marabang,high
5905,HILONGOS,municipality,72.54,27.51,0.11,133.0811,82.5154,0.11,Solar,Solar,45.6,Boothroyd et al. 2023 catchment geodatabase,Cadacan,none
5906,HINDANG,municipality,74.21,9.11,0.11,136.1336,27.3316,0.11,Solar,Solar,47.0,Boothroyd et al. 2023 catchment geodatabase,Cadacan,none
5907,INOPACAN,municipality,71.22,88.0,0.15,130.6615,263.991,0.147,Wind,Wind,75.0,Boothroyd et al. 2023 catchment geodatabase,Cadacan,none
5908,ISABEL,municipality,77.43,7.44,0.02,142.0524,22.3154,0.023,Solar,Solar,49.8,Boothroyd et al. 2023 catchment geodatabase,Pagsangahan,none
5909,JARO,municipality,71.93,12.98,0.47,131.9643,38.9283,0.468,Solar,Solar,45.0,Boothroyd et al. 2023 catchment geodatabase,Sangputan,high
5910,JAVIER (BUGHO),municipality,71.43,15.24,1.04,131.0337,45.7227,1.044,Solar,Solar,44.6,Boothroyd et al. 2023 catchment geodatabase,Daguitan_Marabang,low
5911,JULITA,municipality,78.24,23.11,0.03,143.5415,69.3409,0.026,Solar,Solar,50.5,Boothroyd et al. 2023 catchment geodatabase,Daguitan_Marabang,high
5912,KANANGA,municipality,68.79,38.51,2.41,126.1944,115.528,2.414,Solar,Solar,42.4,Boothroyd et al. 2023 catchment geodatabase,Pagsangahan,high
5914,LEYTE,municipality,78.1,100.0,0.03,143.2808,445.4949,0.029,Wind,Wind,100.0,Boothroyd et al. 2023 catchment geodatabase,Pagsangahan,none
5915,MACARTHUR,municipality,76.32,13.44,0.33,140.005,40.3053,0.332,Solar,Solar,48.8,Boothroyd et al. 2023 catchment geodatabase,Daguitan_Marabang,low
5916,MAHAPLAG,municipality,71.2,24.29,0.03,130.6242,72.8575,0.028,Solar,Solar,44.4,Boothroyd et al. 2023 catchment geodatabase,Cadacan,high
5917,MATAG-OB,municipality,74.69,18.42,0.02,137.027,55.2524,0.019,Solar,Solar,47.4,Boothroyd et al. 2023 catchment geodatabase,Pagsangahan,high
5918,MATALOM,municipality,72.71,48.37,0.11,133.3789,145.1107,0.11,Wind,Solar,45.7,Boothroyd et al. 2023 catchment geodatabase,Cadacan,none
5919,MAYORGA,municipality,79.58,27.8,0.0,145.9983,83.3933,0.002,Solar,Solar,51.7,Boothroyd et al. 2023 catchment geodatabase,Daguitan_Marabang,low
5920,MERIDA,municipality,77.98,13.72,0.39,143.0575,41.1619,0.391,Solar,Solar,50.3,Boothroyd et al. 2023 catchment geodatabase,Pagsangahan,low
5921,ORMOC CITY,municipality,71.51,72.85,0.02,131.1826,218.5433,0.021,Wind,Wind,56.4,Boothroyd et al. 2023 catchment geodatabase,Palo,moderate
5922,PALO,municipality,78.77,19.25,0.3,144.5093,57.7482,0.303,Solar,Solar,51.0,Boothroyd et al. 2023 catchment geodatabase,Palo,high
5923,PALOMPON,municipality,75.69,14.51,0.12,138.851,43.5305,0.117,Solar,Solar,48.3,Boothroyd et al. 2023 catchment geodatabase,Pagsangahan,low
5924,PASTRANA,municipality,76.17,13.71,0.03,139.7444,41.1253,0.029,Solar,Solar,48.7,Boothroyd et al. 2023 catchment geodatabase,Palo,high
5928,TABANGO,municipality,78.93,45.6,0.01,144.8071,136.8136,0.006,Solar,Solar,51.2,Boothroyd et al. 2023 catchment geodatabase,Pagsangahan,none
5929,TABONTABON,municipality,78.14,26.39,0.02,143.3553,79.1634,0.016,Solar,Solar,50.5,Boothroyd et al. 2023 catchment geodatabase,Palo,moderate
5932,TOLOSA,municipality,80.05,33.71,0.13,146.8545,101.1229,0.13,Solar,Solar,52.2,Boothroyd et al. 2023 catchment geodatabase,Palo,low
5933,TUNGA,municipality,74.73,19.74,0.01,137.1015,59.206,0.01,Solar,Solar,47.5,Boothroyd et al. 2023 catchment geodatabase,Sangputan,low
5934,VILLABA,municipality,76.89,19.21,0.06,141.0473,57.629,0.059,Solar,Solar,49.3,Boothroyd et al. 2023 catchment geodatabase,Pagsangahan,high
5935,ALLEN,municipality,79.3,55.85,0.17,145.4772,167.5593,0.174,Wind,Solar,51.5,Boothroyd et al. 2023 catchment geodatabase,Mano,low
5936,BIRI,municipality,84.21,100.0,0.0,154.4858,516.4633,0.005,Wind,Wind,100.0,Boothroyd et al. 2023 catchment geodatabase,Mano,none
5937,BOBON,municipality,76.11,40.14,0.03,139.6328,120.4294,0.028,Solar,Solar,48.7,Boothroyd et al. 2023 catchment geodatabase,Catarman,moderate
5938,CAPUL,municipality,82.57,58.56,0.03,151.4705,175.6724,0.028,Wind,Solar,54.5,Boothroyd et al. 2023 catchment geodatabase,Mano,none
5940,CATUBIG,municipality,78.08,18.02,0.05,143.2437,54.0484,0.047,Solar,Solar,50.4,Boothroyd et al. 2023 catchment geodatabase,Catubig,high
5941,GAMAY,municipality,81.23,64.72,0.01,149.0136,194.1674,0.015,Wind,Solar,53.2,Boothroyd et al. 2023 catchment geodatabase,Oras,low
5942,LAOANG,municipality,79.12,82.43,1.57,145.1422,247.2902,1.57,Wind,Wind,67.9,Boothroyd et al. 2023 catchment geodatabase,Catubig,moderate
5943,LAPINIG,municipality,80.66,96.54,0.02,147.9713,289.6231,0.023,Wind,Wind,86.5,Boothroyd et al. 2023 catchment geodatabase,Oras,moderate
5944,LAS NAVAS,municipality,77.09,54.18,1.71,141.4196,162.5357,1.714,Wind,Solar,49.5,Boothroyd et al. 2023 catchment geodatabase,Catubig,high
5945,LAVEZARES,municipality,80.15,88.16,0.03,147.0407,264.4773,0.035,Wind,Wind,75.2,Boothroyd et al. 2023 catchment geodatabase,Mano,moderate
5946,LOPE DE VEGA,municipality,75.48,15.14,0.07,138.4788,45.4212,0.067,Solar,Solar,48.1,Boothroyd et al. 2023 catchment geodatabase,Catarman,high
5947,MAPANAS,municipality,78.51,100.0,0.18,144.0254,370.6445,0.177,Wind,Wind,100.0,Boothroyd et al. 2023 catchment geodatabase,Oras,low
5948,MONDRAGON,municipality,75.44,45.13,0.11,138.4044,135.399,0.106,Solar,Solar,48.1,Boothroyd et al. 2023 catchment geodatabase,Catarman,low
5949,PALAPAG,municipality,77.68,36.29,0.51,142.4991,108.8817,0.508,Solar,Solar,50.0,Boothroyd et al. 2023 catchment geodatabase,Catubig,none
5950,PAMBUJAN,municipality,76.24,28.75,0.46,139.8561,86.2584,0.463,Solar,Solar,48.8,Boothroyd et al. 2023 catchment geodatabase,Pambu_Khan,high
5952,SAN ANTONIO,municipality,84.47,50.86,4.47,154.9697,152.5709,4.469,Solar,Solar,56.2,Boothroyd et al. 2023 catchment geodatabase,Pampanga,high
5955,SAN ROQUE,municipality,76.01,33.48,0.13,139.4466,100.4508,0.133,Solar,Solar,48.6,Boothroyd et al. 2023 catchment geodatabase,Pambu_Khan,moderate
5957,SILVINO LOBOS,municipality,75.83,19.35,0.07,139.1116,58.0396,0.067,Solar,Solar,48.4,Boothroyd et al. 2023 catchment geodatabase,Pambu_Khan,high
5958,VICTORIA,municipality,88.41,78.27,0.01,162.1914,234.813,0.008,Wind,Wind,62.8,Boothroyd et al. 2023 catchment geodatabase,Pampanga,high
5959,ALMAGRO,municipality,83.13,21.99,0.38,152.5128,65.9837,0.382,Solar,Solar,55.0,Boothroyd et al. 2023 catchment geodatabase,Jibatang,none
5960,BASEY,municipality,75.48,16.34,0.1,138.4788,49.0244,0.103,Solar,Solar,48.1,Boothroyd et al. 2023 catchment geodatabase,Basey,high
5961,CALBAYOG CITY,municipality,76.74,33.49,0.01,140.7868,100.4686,0.009,Solar,Solar,49.2,Boothroyd et al. 2023 catchment geodatabase,Jibatang,high
5962,CALBIGA,municipality,77.05,32.31,0.11,141.3451,96.929,0.109,Solar,Solar,49.5,Boothroyd et al. 2023 catchment geodatabase,Calbiga,high
5963,CATBALOGAN CITY,municipality,76.42,13.14,0.02,140.1912,39.4151,0.022,Solar,Solar,48.9,Boothroyd et al. 2023 catchment geodatabase,Gandara,high
5964,DARAM,municipality,79.97,33.21,0.01,146.7056,99.6216,0.006,Solar,Solar,52.1,Boothroyd et al. 2023 catchment geodatabase,Gandara,none
5965,GANDARA,municipality,76.56,31.45,3.89,140.4517,94.338,3.894,Solar,Solar,49.1,Boothroyd et al. 2023 catchment geodatabase,Gandara,high
5966,HINABANGAN,municipality,74.92,23.42,4.2,137.4365,70.2499,4.196,Solar,Solar,47.6,Boothroyd et al. 2023 catchment geodatabase,Taft,high
5967,JIABONG,municipality,76.93,53.1,0.1,141.1218,159.2944,0.105,Wind,Solar,49.4,Boothroyd et al. 2023 catchment geodatabase,Ulot,high
5968,MARABUT,municipality,76.07,100.0,0.02,139.5583,561.7461,0.022,Wind,Wind,100.0,Boothroyd et al. 2023 catchment geodatabase,Suribao,low
5969,MATUGUINAO,municipality,74.06,37.25,3.24,135.8729,111.7385,3.238,Solar,Solar,46.9,Boothroyd et al. 2023 catchment geodatabase,Catubig,high
5970,MOTIONG,municipality,77.53,54.16,7.25,142.2385,162.4677,7.25,Wind,Solar,49.9,Boothroyd et al. 2023 catchment geodatabase,Ulot,high
5971,PAGSANGHAN,municipality,78.35,33.91,3.22,143.7275,101.7326,3.22,Solar,Solar,50.6,Boothroyd et al. 2023 catchment geodatabase,Gandara,high
5972,PARANAS (WRIGHT),municipality,76.68,32.78,0.35,140.6751,98.3277,0.348,Solar,Solar,49.2,Boothroyd et al. 2023 catchment geodatabase,Ulot,high
5973,PINABACDAO,municipality,76.03,25.68,0.03,139.4839,77.0365,0.033,Solar,Solar,48.6,Boothroyd et al. 2023 catchment geodatabase,Calbiga,high
5974,SAN JORGE,municipality,76.52,47.37,9.0,140.3773,142.1197,9.004,Wind,Solar,49.0,Boothroyd et al. 2023 catchment geodatabase,Gandara,high
5975,SAN JOSE DE BUAN,municipality,75.57,36.43,9.86,138.6277,109.2893,9.863,Solar,Solar,48.2,Boothroyd et al. 2023 catchment geodatabase,Dolores,high
5976,SAN SEBASTIAN,municipality,76.72,19.36,0.02,140.7495,58.0712,0.018,Solar,Solar,49.2,Boothroyd et al. 2023 catchment geodatabase,Calbiga,low
5977,SANTA MARGARITA,municipality,78.55,42.23,0.22,144.0999,126.6981,0.224,Solar,Solar,50.8,Boothroyd et al. 2023 catchment geodatabase,Gandara,high
5980,TAGAPUL-AN,municipality,84.05,100.0,0.0,154.188,433.0691,0.004,Wind,Wind,100.0,Boothroyd et al. 2023 catchment geodatabase,Mano,none
5981,TALALORA,municipality,76.82,16.2,0.35,140.9356,48.6008,0.348,Solar,Solar,49.3,Boothroyd et al. 2023 catchment geodatabase,Sangputan,none
5982,TARANGNAN,municipality,78.08,47.4,2.46,143.2437,142.1997,2.464,Solar,Solar,50.4,Boothroyd et al. 2023 catchment geodatabase,Gandara,moderate
5983,VILLAREAL,municipality,76.54,15.44,0.02,140.4145,46.319,0.018,Solar,Solar,49.0,Boothroyd et al. 2023 catchment geodatabase,Calbiga,low
5984,ZUMARRAGA,municipality,80.44,78.66,0.28,147.5618,235.9677,0.283,Wind,Wind,63.3,Boothroyd et al. 2023 catchment geodatabase,Calbiga,none
5985,ANAHAWAN,municipality,71.97,35.96,0.24,132.0388,107.8807,0.242,Solar,Solar,45.1,Boothroyd et al. 2023 catchment geodatabase,Cadacan,none
5986,BONTOC,municipality,73.86,1.81,0.65,135.5007,5.4382,0.653,Solar,Solar,46.7,Boothroyd et al. 2023 catchment geodatabase,Cadacan,low
5987,HINUNANGAN,municipality,73.37,11.44,0.24,134.6073,34.3097,0.242,Solar,Solar,46.3,Boothroyd et al. 2023 catchment geodatabase,Cadacan,none
5988,HINUNDAYAN,municipality,77.19,40.15,0.24,141.6057,120.4458,0.242,Solar,Solar,49.6,Boothroyd et al. 2023 catchment geodatabase,Cadacan,none
5989,LIBAGON,municipality,67.65,46.56,0.31,124.1098,139.69,0.311,Wind,Solar,41.5,Boothroyd et al. 2023 catchment geodatabase,Cadacan,none
5992,MAASIN CITY,municipality,77.9,82.66,0.39,142.9086,247.9738,0.385,Wind,Wind,68.2,Boothroyd et al. 2023 catchment geodatabase,Tigum,high
5993,MACROHON,municipality,77.94,70.09,0.3,142.983,210.2617,0.301,Wind,Wind,53.3,Boothroyd et al. 2023 catchment geodatabase,Cadacan,none
5994,MALITBOG,municipality,75.87,10.68,0.3,139.1861,32.0478,0.301,Solar,Solar,48.5,Boothroyd et al. 2023 catchment geodatabase,Cadacan,none
5996,PINTUYAN,municipality,71.3,35.04,1.88,130.8103,105.1242,1.882,Solar,Solar,44.5,Boothroyd et al. 2023 catchment geodatabase,Asiga,none
5997,SAINT BERNARD,municipality,70.86,30.55,0.31,129.9914,91.6511,0.311,Solar,Solar,44.1,Boothroyd et al. 2023 catchment geodatabase,Cadacan,none
5999,SAN JUAN (CABALIAN),municipality,81.47,46.37,0.01,149.4603,139.0974,0.009,Solar,Solar,53.5,Boothroyd et al. 2023 catchment geodatabase,Malaking_Ilog,none
6000,SAN RICARDO,municipality,72.32,100.0,1.88,132.6716,646.5575,1.882,Wind,Wind,100.0,Boothroyd et al. 2023 catchment geodatabase,Asiga,none
6001,SILAGO,municipality,70.61,15.83,1.27,129.5447,47.5018,1.271,Solar,Solar,43.9,Boothroyd et al. 2023 catchment geodatabase,Cadacan,low
6003,TOMAS OPPUS,municipality,75.46,18.51,0.31,138.4416,55.5304,0.311,Solar,Solar,48.1,Boothroyd et al. 2023 catchment geodatabase,Cadacan,none
6005,BALIGUIAN,municipality,72.81,80.88,0.22,133.565,242.6317,0.221,Wind,Wind,66.0,Boothroyd et al. 2023 catchment geodatabase,Siocon,high
6007,DIPOLOG CITY,municipality,77.33,13.61,0.01,141.8663,40.8204,0.012,Solar,Solar,49.7,Boothroyd et al. 2023 catchment geodatabase,Dipolog,high
6008,GODOD,municipality,74.11,10.86,1.42,135.9474,32.5948,1.422,Solar,Solar,46.9,Boothroyd et al. 2023 catchment geodatabase,Sibuguey,none
6009,GUTALAC,municipality,71.91,17.83,0.2,131.9271,53.4812,0.195,Solar,Solar,45.0,Boothroyd et al. 2023 catchment geodatabase,Quipit,high
6011,KALAWIT,municipality,75.22,31.8,0.11,137.9949,95.3953,0.114,Solar,Solar,47.9,Boothroyd et al. 2023 catchment geodatabase,Quipit,high
6012,KATIPUNAN,municipality,69.58,63.54,1.0,127.6461,190.6312,1.001,Wind,Wind,46.2,Boothroyd et al. 2023 catchment geodatabase,Dikayu,high
6013,LA LIBERTAD,municipality,75.24,36.12,6.91,138.0321,108.3591,6.912,Solar,Solar,47.9,Boothroyd et al. 2023 catchment geodatabase,Binalbagan,low
6014,LABASON,municipality,75.79,19.18,0.23,139.0372,57.5378,0.231,Solar,Solar,48.4,Boothroyd et al. 2023 catchment geodatabase,Quipit,moderate
6015,LILOY,municipality,80.07,25.96,0.01,146.8917,77.8795,0.01,Solar,Solar,52.2,Boothroyd et al. 2023 catchment geodatabase,Quipit,none
6016,MANUKAN,municipality,71.91,29.54,0.95,131.9271,88.6074,0.953,Solar,Solar,45.0,Boothroyd et al. 2023 catchment geodatabase,Sindangan,none
6017,MUTIA,municipality,71.18,36.66,5.36,130.587,109.9892,5.358,Solar,Solar,44.4,Boothroyd et al. 2023 catchment geodatabase,Dipolog,high
6019,POLANCO,municipality,74.39,9.38,0.05,136.4686,28.1451,0.053,Solar,Solar,47.2,Boothroyd et al. 2023 catchment geodatabase,Dipolog,high
6022,SALUG,municipality,78.65,20.26,0.43,144.286,60.7731,0.431,Solar,Solar,50.9,Boothroyd et al. 2023 catchment geodatabase,Ingin_Maras,none
6023,SERGIO OSMEÑA SR.,municipality,73.31,54.18,21.0,134.4956,162.5303,21.002,Wind,Solar,46.2,Boothroyd et al. 2023 catchment geodatabase,Salug,high
6024,SIAYAN,municipality,76.28,5.97,1.5,139.9306,17.9221,1.5,Solar,Solar,48.8,Boothroyd et al. 2023 catchment geodatabase,Sindangan,high
6025,SIBUCO,municipality,75.97,10.69,0.73,139.3722,32.0835,0.726,Solar,Solar,48.5,Boothroyd et al. 2023 catchment geodatabase,Sibulao,low
6026,SIBUTAD,municipality,77.82,25.96,0.04,142.7597,77.8713,0.041,Solar,Solar,50.2,Boothroyd et al. 2023 catchment geodatabase,Paro_Dapitan,high
6027,SINDANGAN,municipality,76.64,15.21,5.92,140.6006,45.619,5.925,Solar,Solar,49.1,Boothroyd et al. 2023 catchment geodatabase,Sindangan,moderate
6028,SIOCON,municipality,74.29,11.68,0.28,136.2825,35.0264,0.281,Solar,Solar,47.1,Boothroyd et al. 2023 catchment geodatabase,Siocon,high
6029,SIRAWAI,municipality,76.07,43.25,0.07,139.5583,129.7519,0.072,Solar,Solar,48.6,Boothroyd et al. 2023 catchment geodatabase,Siocon,low
6030,TAMPILISAN,municipality,75.79,32.23,0.09,139.0372,96.692,0.088,Solar,Solar,48.4,Boothroyd et al. 2023 catchment geodatabase,Quipit,low
6032,BAYOG,municipality,77.31,1.78,0.84,141.829,5.348,0.836,Solar,Solar,49.7,Boothroyd et al. 2023 catchment geodatabase,Sibuguey,high
6033,DIMATALING,municipality,83.87,13.84,0.17,153.8529,41.5184,0.173,Solar,Solar,55.7,Boothroyd et al. 2023 catchment geodatabase,Dinas,low
6034,DINAS,municipality,82.26,8.91,0.51,150.9121,26.722,0.514,Solar,Solar,54.2,Boothroyd et al. 2023 catchment geodatabase,Dinas,high
6035,DUMALINAO,municipality,81.86,8.75,0.56,150.1675,26.261,0.558,Solar,Solar,53.8,Boothroyd et al. 2023 catchment geodatabase,Dinas,high
6036,DUMINGAG,municipality,77.23,35.02,4.52,141.6802,105.0583,4.517,Solar,Solar,49.6,Boothroyd et al. 2023 catchment geodatabase,Salug,high
6037,GUIPOS,municipality,79.58,7.45,0.2,145.9983,22.3632,0.2,Solar,Solar,51.7,Boothroyd et al. 2023 catchment geodatabase,Dinas,high
6038,JOSEFINA,municipality,67.81,4.39,7.14,124.4076,13.1825,7.139,Solar,Solar,41.6,Boothroyd et al. 2023 catchment geodatabase,Salug,high
6039,KUMALARANG,municipality,77.82,12.24,0.13,142.7597,36.7205,0.133,Solar,Solar,50.2,Boothroyd et al. 2023 catchment geodatabase,Sibuguey,moderate
6040,LABANGAN,municipality,78.49,13.04,0.82,143.9882,39.1197,0.817,Solar,Solar,50.8,Boothroyd et al. 2023 catchment geodatabase,Labangan,high
6041,LAKEWOOD,municipality,73.92,4.61,0.17,135.6124,13.8249,0.173,Solar,Solar,46.8,Boothroyd et al. 2023 catchment geodatabase,Sibuguey,high
6042,LAPUYAN,municipality,76.32,11.13,3.06,140.005,33.3809,3.062,Solar,Solar,48.8,Boothroyd et al. 2023 catchment geodatabase,Dinas,low
6043,MAHAYAG,municipality,76.84,15.65,0.15,140.9729,46.95,0.147,Solar,Solar,49.3,Boothroyd et al. 2023 catchment geodatabase,Salug,high
6044,MARGOSATUBIG,municipality,78.45,3.04,0.46,143.9137,9.1184,0.459,Solar,Solar,50.7,Boothroyd et al. 2023 catchment geodatabase,Dinas,none
6045,MIDSALIP,municipality,72.81,97.76,1.15,133.565,293.2699,1.152,Wind,Wind,88.2,Boothroyd et al. 2023 catchment geodatabase,Sindangan,high
6046,MOLAVE,municipality,75.06,4.81,2.16,137.6971,14.4296,2.163,Solar,Solar,47.7,Boothroyd et al. 2023 catchment geodatabase,Salug,high
6047,PAGADIAN CITY,municipality,77.55,20.94,0.91,142.2758,62.8149,0.908,Solar,Solar,49.9,Boothroyd et al. 2023 catchment geodatabase,Labangan,high
6051,SAN PABLO,municipality,77.09,66.69,0.08,141.4196,200.0845,0.084,Wind,Wind,49.6,Boothroyd et al. 2023 catchment geodatabase,Malaking_Ilog,high
6053,TABINA,municipality,85.98,13.05,0.2,157.7243,39.1506,0.197,Solar,Solar,57.6,Boothroyd et al. 2023 catchment geodatabase,Dinas,none
6054,TAMBULIG,municipality,78.69,3.03,15.56,144.3605,9.0963,15.562,Solar,Solar,50.9,Boothroyd et al. 2023 catchment geodatabase,Salug,high
6055,TIGBAO,municipality,76.52,6.16,0.46,140.3773,18.4887,0.461,Solar,Solar,49.0,Boothroyd et al. 2023 catchment geodatabase,Labangan,high
6056,TUKURAN,municipality,81.33,91.56,0.99,149.1997,274.6835,0.99,Wind,Wind,79.7,Boothroyd et al. 2023 catchment geodatabase,Labangan,low
6057,VINCENZO A. SAGUN,municipality,83.4,8.73,0.46,152.9968,26.1792,0.459,Solar,Solar,55.2,Boothroyd et al. 2023 catchment geodatabase,Dinas,none
6060,BUUG,municipality,77.15,8.73,0.04,141.5312,26.1904,0.039,Solar,Solar,49.6,Boothroyd et al. 2023 catchment geodatabase,Sibuguey,high
6061,DIPLAHAN,municipality,78.91,15.19,0.01,144.7699,45.5779,0.008,Solar,Solar,51.1,Boothroyd et al. 2023 catchment geodatabase,Sibuguey,high
6062,IMELDA,municipality,78.24,5.99,0.0,143.5415,17.9792,0.004,Solar,Solar,50.5,Boothroyd et al. 2023 catchment geodatabase,Sibuguey,high
6063,IPIL,municipality,79.93,16.27,0.01,146.6312,48.8188,0.012,Solar,Solar,52.1,Boothroyd et al. 2023 catchment geodatabase,Quipit,low
6064,KABASALAN,municipality,72.85,28.72,3.3,133.6394,86.1721,3.297,Solar,Solar,45.8,Boothroyd et al. 2023 catchment geodatabase,Sibuguey,low
6065,MABUHAY,municipality,83.2,8.6,0.05,152.6245,25.7953,0.051,Solar,Solar,55.0,Boothroyd et al. 2023 catchment geodatabase,Sibuguey,none
6066,MALANGAS,municipality,82.0,2.16,3.65,150.4281,6.4745,3.651,Solar,Solar,53.9,Boothroyd et al. 2023 catchment geodatabase,Sibuguey,low
6068,OLUTANGA,municipality,82.59,7.28,0.05,151.5078,21.8476,0.051,Solar,Solar,54.5,Boothroyd et al. 2023 catchment geodatabase,Sibuguey,none
6069,PAYAO,municipality,79.16,6.53,0.15,145.2166,19.5816,0.148,Solar,Solar,51.4,Boothroyd et al. 2023 catchment geodatabase,Sibuguey,low
6070,ROSELLER LIM,municipality,77.82,51.26,0.34,142.7597,153.7712,0.34,Wind,Solar,50.2,Boothroyd et al. 2023 catchment geodatabase,Quipit,high
6071,SIAY,municipality,79.02,4.28,0.18,144.9561,12.8529,0.182,Solar,Solar,51.2,Boothroyd et al. 2023 catchment geodatabase,Sibuguey,moderate
6072,TALUSAN,municipality,83.18,7.2,0.05,152.5873,21.5854,0.05,Solar,Solar,55.0,Boothroyd et al. 2023 catchment geodatabase,Sibuguey,none
6073,TITAY,municipality,76.38,34.75,0.45,140.1167,104.2434,0.451,Solar,Solar,48.9,Boothroyd et al. 2023 catchment geodatabase,Quipit,high
6074,TUNGAWAN,municipality,79.6,22.59,0.09,146.0356,67.785,0.086,Solar,Solar,51.8,Boothroyd et al. 2023 catchment geodatabase,Siocon,low
6075,BAUNGON,municipality,73.05,4.44,1.44,134.0117,13.3295,1.443,Solar,Solar,46.0,Boothroyd et al. 2023 catchment geodatabase,Cagayan_de_Oro,high
6076,CABANGLASAN,municipality,78.41,47.01,3.49,143.8393,141.0446,3.494,Solar,Solar,50.7,Boothroyd et al. 2023 catchment geodatabase,Rio_Grande_de_Mindanao,high
6077,CITY OF MALAYBALAY,municipality,75.36,52.52,0.16,138.2554,157.5613,0.157,Wind,Solar,48.0,Boothroyd et al. 2023 catchment geodatabase,Tagoloan,high
6078,DAMULOG,municipality,82.0,10.34,0.16,150.4281,31.0344,0.16,Solar,Solar,53.9,Boothroyd et al. 2023 catchment geodatabase,Rio_Grande_de_Mindanao,high
6079,DANGCAGAN,municipality,80.78,42.44,0.39,148.1946,127.3209,0.39,Solar,Solar,52.8,Boothroyd et al. 2023 catchment geodatabase,Rio_Grande_de_Mindanao,high
6080,DON CARLOS,municipality,82.97,63.25,0.5,152.215,189.7624,0.499,Wind,Solar,54.8,Boothroyd et al. 2023 catchment geodatabase,Rio_Grande_de_Mindanao,high
6081,IMPASUG-ONG,municipality,65.34,12.44,37.43,119.866,37.3154,37.431,Solar,Solar,39.6,Boothroyd et al. 2023 catchment geodatabase,Rio_Grande_de_Mindanao,high
6082,KADINGILAN,municipality,82.51,24.36,0.08,151.3587,73.0888,0.076,Solar,Solar,54.4,Boothroyd et al. 2023 catchment geodatabase,Rio_Grande_de_Mindanao,high
6083,KALILANGAN,municipality,79.48,19.64,4.12,145.8122,58.9176,4.12,Solar,Solar,51.7,Boothroyd et al. 2023 catchment geodatabase,Rio_Grande_de_Mindanao,high
6084,KIBAWE,municipality,81.63,19.2,2.56,149.7581,57.598,2.556,Solar,Solar,53.6,Boothroyd et al. 2023 catchment geodatabase,Rio_Grande_de_Mindanao,high
6085,KITAOTAO,municipality,75.1,27.44,2.2,137.7715,82.3304,2.204,Solar,Solar,47.8,Boothroyd et al. 2023 catchment geodatabase,Rio_Grande_de_Mindanao,high
6086,LANTAPAN,municipality,72.34,14.55,43.09,132.7088,43.6568,43.092,Solar,Solar,45.4,Boothroyd et al. 2023 catchment geodatabase,Rio_Grande_de_Mindanao,high
6087,LIBONA,municipality,75.24,9.49,1.37,138.0321,28.4631,1.37,Solar,Solar,47.9,Boothroyd et al. 2023 catchment geodatabase,Cagayan_de_Oro,high
6089,MANOLO FORTICH,municipality,77.35,12.51,30.63,141.9035,37.5319,30.63,Solar,Solar,49.8,Boothroyd et al. 2023 catchment geodatabase,Tagoloan,high
6090,MARAMAG,municipality,83.4,33.35,0.24,152.9968,100.0409,0.235,Solar,Solar,55.2,Boothroyd et al. 2023 catchment geodatabase,Rio_Grande_de_Mindanao,high
6091,PANGANTUCAN,municipality,79.89,38.84,37.1,146.5567,116.5308,37.103,Solar,Solar,52.0,Boothroyd et al. 2023 catchment geodatabase,Rio_Grande_de_Mindanao,high
6094,SUMILAO,municipality,74.53,40.48,5.27,136.7292,121.4544,5.268,Solar,Solar,47.3,Boothroyd et al. 2023 catchment geodatabase,Tagoloan,high
6095,TALAKAG,municipality,72.44,33.64,7.96,132.8949,100.9263,7.957,Solar,Solar,45.5,Boothroyd et al. 2023 catchment geodatabase,Cagayan_de_Oro,high
6096,VALENCIA CITY,municipality,75.51,44.86,0.35,138.516,134.5823,0.353,Solar,Solar,48.1,Boothroyd et al. 2023 catchment geodatabase,Loboc,moderate
6097,CATARMAN,municipality,76.32,22.91,0.04,140.005,68.7198,0.04,Solar,Solar,48.8,Boothroyd et al. 2023 catchment geodatabase,Catarman,high
6098,GUINSILIBAN,municipality,81.98,100.0,0.2,150.3909,327.4209,0.203,Wind,Wind,96.1,Boothroyd et al. 2023 catchment geodatabase,Odiongan,none
6099,MAHINOG,municipality,78.69,57.15,0.2,144.3605,171.455,0.203,Wind,Solar,50.9,Boothroyd et al. 2023 catchment geodatabase,Odiongan,none
6100,MAMBAJAO,municipality,74.69,100.0,0.2,137.027,775.5731,0.203,Wind,Wind,100.0,Boothroyd et al. 2023 catchment geodatabase,Odiongan,none
6101,SAGAY,municipality,77.31,19.09,0.09,141.829,57.2783,0.09,Solar,Solar,49.7,Boothroyd et al. 2023 catchment geodatabase,Himogaan,high
6103,BALOI,municipality,74.98,9.06,0.04,137.5482,27.181,0.038,Solar,Solar,47.7,Boothroyd et al. 2023 catchment geodatabase,Agus,high
6104,BAROY,municipality,79.36,24.1,0.05,145.5889,72.3005,0.055,Solar,Solar,51.6,Boothroyd et al. 2023 catchment geodatabase,Maranding,low
6107,KAUSWAGAN,municipality,76.36,5.15,0.18,140.0795,15.4553,0.182,Solar,Solar,48.9,Boothroyd et al. 2023 catchment geodatabase,Agus,none
6108,KOLAMBUGAN,municipality,75.85,48.11,0.08,139.1488,144.3415,0.084,Wind,Solar,48.4,Boothroyd et al. 2023 catchment geodatabase,Maranding,none
6109,LALA,municipality,80.66,46.5,0.28,147.9713,139.5014,0.283,Solar,Solar,52.7,Boothroyd et al. 2023 catchment geodatabase,Maranding,moderate
6110,LINAMON,municipality,79.16,3.55,1.23,145.2166,10.6461,1.226,Solar,Solar,51.4,Boothroyd et al. 2023 catchment geodatabase,Agus,low
6112,MAIGO,municipality,74.9,1.06,0.07,137.3993,3.1797,0.074,Solar,Solar,47.6,Boothroyd et al. 2023 catchment geodatabase,Maranding,none
6113,MATUNGAO,municipality,76.32,4.33,0.23,140.005,12.9973,0.229,Solar,Solar,48.8,Boothroyd et al. 2023 catchment geodatabase,Agus,moderate
6114,MUNAI,municipality,71.37,2.59,2.22,130.922,7.7792,2.215,Solar,Solar,44.6,Boothroyd et al. 2023 catchment geodatabase,Maranding,none
6115,NUNUNGAN,municipality,65.3,2.36,0.28,119.7915,7.0849,0.277,Solar,Solar,39.5,Boothroyd et al. 2023 catchment geodatabase,Maranding,high
6116,PANTAO RAGAT,municipality,72.56,1.49,0.36,133.1183,4.4726,0.359,Solar,Solar,45.6,Boothroyd et al. 2023 catchment geodatabase,Agus,high
6117,PANTAR,municipality,72.75,8.83,0.22,133.4533,26.4794,0.219,Solar,Solar,45.7,Boothroyd et al. 2023 catchment geodatabase,Agus,high
6118,POONA PIAGAPO,municipality,72.56,6.24,0.48,133.1183,18.7335,0.477,Solar,Solar,45.6,Boothroyd et al. 2023 catchment geodatabase,Agus,low
6119,SALVADOR,municipality,73.76,42.36,0.11,135.3146,127.0728,0.111,Solar,Solar,46.6,Boothroyd et al. 2023 catchment geodatabase,Maranding,high
6120,SAPAD,municipality,72.18,10.48,0.06,132.411,31.4425,0.058,Solar,Solar,45.3,Boothroyd et al. 2023 catchment geodatabase,Maranding,high
6123,TANGCAL,municipality,71.51,1.38,0.07,131.1826,4.1346,0.074,Solar,Solar,44.7,Boothroyd et al. 2023 catchment geodatabase,Maranding,none
6125,ALORAN,municipality,75.24,10.24,0.91,138.0321,30.727,0.908,Solar,Solar,47.9,Boothroyd et al. 2023 catchment geodatabase,Paro_Dapitan,none
6126,BALIANGAO,municipality,80.27,23.48,0.01,147.264,70.4524,0.014,Solar,Solar,52.4,Boothroyd et al. 2023 catchment geodatabase,Paro_Dapitan,low
6127,BONIFACIO,municipality,75.46,4.25,10.05,138.4416,12.7605,10.05,Solar,Solar,48.1,Boothroyd et al. 2023 catchment geodatabase,Salug,high
6132,JIMENEZ,municipality,76.74,27.41,0.61,140.7868,82.2226,0.606,Solar,Solar,49.2,Boothroyd et al. 2023 catchment geodatabase,Paro_Dapitan,none
6133,LOPEZ JAENA,municipality,74.04,4.32,0.24,135.8357,12.9648,0.239,Solar,Solar,46.9,Boothroyd et al. 2023 catchment geodatabase,Paro_Dapitan,none
6136,PANAON,municipality,79.56,13.29,0.3,145.9611,39.8605,0.305,Solar,Solar,51.7,Boothroyd et al. 2023 catchment geodatabase,Paro_Dapitan,none
6138,SAPANG DALAGA,municipality,73.01,16.3,0.62,133.9373,48.9067,0.624,Solar,Solar,46.0,Boothroyd et al. 2023 catchment geodatabase,Paro_Dapitan,high
6139,SINACABAN,municipality,77.39,15.1,1.5,141.978,45.3023,1.503,Solar,Solar,49.8,Boothroyd et al. 2023 catchment geodatabase,Salug,none
6142,ALUBIJID,municipality,79.3,13.84,0.37,145.4772,41.522,0.372,Solar,Solar,51.5,Boothroyd et al. 2023 catchment geodatabase,Iponan,low
6143,BALINGASAG,municipality,72.08,1.48,3.61,132.2249,4.43,3.61,Solar,Solar,45.2,Boothroyd et al. 2023 catchment geodatabase,Tagoloan,none
6144,BALINGOAN,municipality,73.52,100.0,4.32,134.8679,382.9899,4.321,Wind,Wind,100.0,Boothroyd et al. 2023 catchment geodatabase,Odiongan,none
6145,BINUANGAN,municipality,76.44,26.86,0.42,140.2284,80.5701,0.415,Solar,Solar,49.0,Boothroyd et al. 2023 catchment geodatabase,Tagoloan,none
6148,EL SALVADOR CITY,municipality,82.67,15.17,0.27,151.6565,45.5015,0.268,Solar,Solar,54.6,Boothroyd et al. 2023 catchment geodatabase,Iponan,low
6149,GINGOOG CITY,municipality,75.04,5.21,0.14,137.6598,15.6313,0.139,Solar,Solar,47.7,Boothroyd et al. 2023 catchment geodatabase,Odiongan,low
6150,GITAGUM,municipality,84.82,15.12,0.07,155.6025,45.3735,0.066,Solar,Solar,56.6,Boothroyd et al. 2023 catchment geodatabase,Iponan,none
6151,INITAO,municipality,79.67,3.84,0.28,146.1473,11.5342,0.278,Solar,Solar,51.8,Boothroyd et al. 2023 catchment geodatabase,Iponan,none
6152,JASAAN,municipality,79.83,1.63,0.01,146.4451,4.8858,0.006,Solar,Solar,52.0,Boothroyd et al. 2023 catchment geodatabase,Tagoloan,none
6153,KINOGUITAN,municipality,78.55,37.22,0.42,144.0999,111.6696,0.415,Solar,Solar,50.8,Boothroyd et al. 2023 catchment geodatabase,Tagoloan,none
6154,LAGONGLONG,municipality,71.75,5.88,0.52,131.6293,17.6545,0.524,Solar,Solar,44.9,Boothroyd et al. 2023 catchment geodatabase,Tagoloan,none
6155,LAGUINDINGAN,municipality,86.2,24.56,0.07,158.1338,73.6879,0.066,Solar,Solar,57.8,Boothroyd et al. 2023 catchment geodatabase,Iponan,none
6156,LIBERTAD,municipality,77.37,100.0,0.45,141.9407,410.5033,0.45,Wind,Wind,100.0,Boothroyd et al. 2023 catchment geodatabase,Aklan,none
6157,LUGAIT,municipality,76.17,14.87,9.66,139.7444,44.6209,9.662,Solar,Solar,48.7,Boothroyd et al. 2023 catchment geodatabase,Mandulog,moderate
6159,MANTICAO,municipality,70.19,11.96,11.9,128.763,35.888,11.903,Solar,Solar,43.6,Boothroyd et al. 2023 catchment geodatabase,Mandulog,moderate
6160,MEDINA,municipality,72.58,20.11,0.01,133.1555,60.3291,0.005,Solar,Solar,45.6,Boothroyd et al. 2023 catchment geodatabase,Odiongan,none
6161,NAAWAN,municipality,75.04,1.84,2.4,137.6598,5.517,2.396,Solar,Solar,47.7,Boothroyd et al. 2023 catchment geodatabase,Mandulog,low
6162,OPOL,municipality,79.85,13.78,0.16,146.4823,41.3281,0.158,Solar,Solar,52.0,Boothroyd et al. 2023 catchment geodatabase,Iponan,high
6163,SALAY,municipality,68.71,12.81,0.42,126.0454,38.4286,0.415,Solar,Solar,42.3,Boothroyd et al. 2023 catchment geodatabase,Tagoloan,none
6164,SUGBONGCOGON,municipality,76.11,54.47,0.42,139.6328,163.4216,0.415,Wind,Solar,48.7,Boothroyd et al. 2023 catchment geodatabase,Tagoloan,none
6165,TAGOLOAN,municipality,72.26,5.11,11.85,132.5599,15.3151,11.847,Solar,Solar,45.3,Boothroyd et al. 2023 catchment geodatabase,Mandulog,moderate
6166,TALISAYAN,municipality,77.78,36.11,0.01,142.6852,108.3244,0.005,Solar,Solar,50.1,Boothroyd et al. 2023 catchment geodatabase,Odiongan,none
6167,VILLANUEVA,municipality,79.79,1.24,0.04,146.3706,3.7284,0.039,Solar,Solar,51.9,Boothroyd et al. 2023 catchment geodatabase,Tagoloan,low
6169,LAAK (SAN VICENTE),municipality,77.49,17.43,0.46,142.1641,52.2969,0.459,Solar,Solar,49.9,Boothroyd et al. 2023 catchment geodatabase,Agusan,high
6171,MACO,municipality,71.89,0.9,5.46,131.8899,2.6851,5.461,Solar,Solar,45.0,Boothroyd et al. 2023 catchment geodatabase,Agusan,none
6173,MAWAB,municipality,76.03,18.87,7.52,139.4839,56.5983,7.522,Solar,Solar,48.6,Boothroyd et al. 2023 catchment geodatabase,Tagum,low
6174,MONKAYO,municipality,74.86,14.61,0.1,137.3248,43.816,0.102,Solar,Solar,47.6,Boothroyd et al. 2023 catchment geodatabase,Agusan,high
6175,MONTEVISTA,municipality,76.76,64.34,0.77,140.824,193.0296,0.766,Wind,Solar,49.2,Boothroyd et al. 2023 catchment geodatabase,Tagum,high
6176,NABUNTURAN,municipality,74.82,7.03,0.09,137.2504,21.0756,0.093,Solar,Solar,47.5,Boothroyd et al. 2023 catchment geodatabase,Agusan,high
6177,NEW BATAAN,municipality,60.77,15.27,24.32,111.4903,45.812,24.315,Solar,Solar,35.9,Boothroyd et al. 2023 catchment geodatabase,Agusan,high
6178,PANTUKAN,municipality,66.03,2.7,9.2,121.1318,8.0961,9.199,Solar,Solar,40.1,Boothroyd et al. 2023 catchment geodatabase,Sumlog,low
6179,ASUNCION (SAUG),municipality,78.39,28.3,0.03,143.8021,84.9034,0.035,Solar,Solar,50.7,Boothroyd et al. 2023 catchment geodatabase,Tagum,high
6180,BRAULIO E. DUJALI,municipality,81.59,59.79,0.35,149.6836,179.3702,0.348,Wind,Solar,53.6,Boothroyd et al. 2023 catchment geodatabase,Tagum,low
6182,CITY OF TAGUM,municipality,77.94,36.56,0.82,142.983,109.6864,0.82,Solar,Solar,50.3,Boothroyd et al. 2023 catchment geodatabase,Tagum,high
6183,ISLAND GARDEN CITY OF SAMAL,municipality,82.53,38.33,0.0,151.3961,114.9964,0.003,Solar,Solar,54.4,Boothroyd et al. 2023 catchment geodatabase,Davao,none
6184,KAPALONG,municipality,77.33,5.24,0.09,141.8663,15.7053,0.085,Solar,Solar,49.7,Boothroyd et al. 2023 catchment geodatabase,Tagum,high
6185,NEW CORELLA,municipality,76.66,19.81,0.1,140.6378,59.4414,0.101,Solar,Solar,49.1,Boothroyd et al. 2023 catchment geodatabase,Tagum,high
6186,PANABO CITY,municipality,81.49,17.05,0.02,149.4975,51.1562,0.02,Solar,Solar,53.5,Boothroyd et al. 2023 catchment geodatabase,Lasang,high
6189,TALAINGOD,municipality,74.69,100.0,22.62,137.027,798.8254,22.617,Wind,Wind,100.0,Boothroyd et al. 2023 catchment geodatabase,Tagum,high
6190,BANSALAN,municipality,71.67,7.58,6.6,131.4804,22.7386,6.597,Solar,Solar,44.8,Boothroyd et al. 2023 catchment geodatabase,Padada_Mainit,high
6192,DIGOS CITY,municipality,80.6,41.76,1.62,147.8596,125.2784,1.619,Solar,Solar,52.7,Boothroyd et al. 2023 catchment geodatabase,Padada_Mainit,low
6193,HAGONOY,municipality,84.56,100.0,0.34,155.1186,473.3297,0.339,Wind,Wind,100.0,Boothroyd et al. 2023 catchment geodatabase,Lubao,low
6194,KIBLAWAN,municipality,77.47,17.53,5.73,142.1268,52.5846,5.727,Solar,Solar,49.9,Boothroyd et al. 2023 catchment geodatabase,Padada_Mainit,high
6196,MALALAG,municipality,78.45,26.88,0.5,143.9137,80.6396,0.5,Solar,Solar,50.7,Boothroyd et al. 2023 catchment geodatabase,Malungon,high
6197,MATANAO,municipality,83.6,12.86,0.24,153.369,38.594,0.237,Solar,Solar,55.4,Boothroyd et al. 2023 catchment geodatabase,Padada_Mainit,high
6198,PADADA,municipality,86.22,19.41,0.01,158.171,58.2437,0.01,Solar,Solar,57.9,Boothroyd et al. 2023 catchment geodatabase,Padada_Mainit,moderate
6200,SULOP,municipality,83.58,17.86,0.48,153.3318,53.5942,0.484,Solar,Solar,55.4,Boothroyd et al. 2023 catchment geodatabase,Padada_Mainit,high
6201,DON MARCELINO,municipality,73.62,34.77,0.49,135.054,104.3228,0.493,Solar,Solar,46.5,Boothroyd et al. 2023 catchment geodatabase,Little_Lun,low
6203,MALITA,municipality,75.61,34.54,1.24,138.7022,103.6229,1.24,Solar,Solar,48.2,Boothroyd et al. 2023 catchment geodatabase,Malungon,low
6205,SARANGANI,municipality,81.47,39.58,1.02,149.4603,118.7393,1.016,Solar,Solar,53.5,Boothroyd et al. 2023 catchment geodatabase,Glan,none
6206,BAGANGA,municipality,72.08,15.89,10.45,132.2249,47.6646,10.451,Solar,Solar,45.2,Boothroyd et al. 2023 catchment geodatabase,Cateel,low
6207,BANAYBANAY,municipality,66.13,2.38,5.68,121.3179,7.1477,5.678,Solar,Solar,40.2,Boothroyd et al. 2023 catchment geodatabase,Sumlog,moderate
6208,BOSTON,municipality,71.55,18.75,44.16,131.2571,56.255,44.156,Solar,Solar,44.7,Boothroyd et al. 2023 catchment geodatabase,Agusan,high
6209,CARAGA,municipality,72.6,16.64,18.57,133.1927,49.9187,18.565,Solar,Solar,45.6,Boothroyd et al. 2023 catchment geodatabase,Caraga,high
6210,CATEEL,municipality,76.22,1.86,0.44,139.8189,5.5807,0.438,Solar,Solar,48.8,Boothroyd et al. 2023 catchment geodatabase,Cateel,high
6211,GOVERNOR GENEROSO,municipality,73.09,15.04,0.0,134.0861,45.1253,0.002,Solar,Solar,46.0,Boothroyd et al. 2023 catchment geodatabase,Sumlog,none
6212,LUPON,municipality,71.41,3.24,1.48,130.9965,9.7282,1.482,Solar,Solar,44.6,Boothroyd et al. 2023 catchment geodatabase,Sumlog,high
6213,MANAY,municipality,79.3,34.98,0.06,145.4772,104.9519,0.062,Solar,Solar,51.5,Boothroyd et al. 2023 catchment geodatabase,Casauman,high
6214,MATI CITY,municipality,81.13,42.24,0.03,148.8274,126.7117,0.028,Solar,Solar,53.2,Boothroyd et al. 2023 catchment geodatabase,Sumlog,none
6216,TARRAGONA,municipality,75.06,3.46,0.6,137.6971,10.3808,0.595,Solar,Solar,47.7,Boothroyd et al. 2023 catchment geodatabase,Casauman,none
6235,ALABEL,municipality,77.68,68.17,2.19,142.4991,204.5007,2.19,Wind,Wind,51.2,Boothroyd et al. 2023 catchment geodatabase,Malungon,high
6236,GLAN,municipality,74.23,20.03,1.06,136.1708,60.0757,1.059,Solar,Solar,47.0,Boothroyd et al. 2023 catchment geodatabase,Glan,high
6237,KIAMBA,municipality,65.93,0.34,3.95,120.9456,1.009,3.949,Solar,Solar,40.0,Boothroyd et al. 2023 catchment geodatabase,Rio_Grande_de_Mindanao,low
6238,MAASIM,municipality,77.47,49.56,1.81,142.1268,148.667,1.813,Wind,Solar,49.9,Boothroyd et al. 2023 catchment geodatabase,Siguel,high
6239,MAITUM,municipality,73.56,10.7,0.12,134.9423,32.109,0.116,Solar,Solar,46.4,Boothroyd et al. 2023 catchment geodatabase,Kalaong,high
6240,MALAPATAN,municipality,73.74,11.92,1.92,135.2773,35.7629,1.921,Solar,Solar,46.6,Boothroyd et al. 2023 catchment geodatabase,Little_Lun,high
6241,MALUNGON,municipality,80.11,23.4,0.19,146.9662,70.2071,0.193,Solar,Solar,52.2,Boothroyd et al. 2023 catchment geodatabase,Malungon,high
6242,BANGA,municipality,77.11,22.47,0.04,141.4568,67.415,0.038,Solar,Solar,49.5,Boothroyd et al. 2023 catchment geodatabase,Aklan,high
6244,KORONADAL CITY,municipality,81.63,4.34,0.15,149.7581,13.0077,0.154,Solar,Solar,53.6,Boothroyd et al. 2023 catchment geodatabase,Rio_Grande_de_Mindanao,high
6245,LAKE SEBU,municipality,65.68,3.34,4.07,120.4988,10.0181,4.065,Solar,Solar,39.8,Boothroyd et al. 2023 catchment geodatabase,Kalaong,high
6246,NORALA,municipality,81.07,4.89,0.05,148.7158,14.6824,0.052,Solar,Solar,53.1,Boothroyd et al. 2023 catchment geodatabase,Rio_Grande_de_Mindanao,high
6247,POLOMOLOK,municipality,75.4,21.06,1.15,138.3299,63.1924,1.153,Solar,Solar,48.0,Boothroyd et al. 2023 catchment geodatabase,Makar,high
6249,SURALLAH,municipality,81.51,3.45,0.17,149.5347,10.3539,0.166,Solar,Solar,53.5,Boothroyd et al. 2023 catchment geodatabase,Rio_Grande_de_Mindanao,high
6251,TAMPAKAN,municipality,72.02,0.44,10.86,132.1132,1.3274,10.861,Solar,Solar,45.1,Boothroyd et al. 2023 catchment geodatabase,Rio_Grande_de_Mindanao,high
6252,TANTANGAN,municipality,82.99,4.0,0.24,152.2522,12.0,0.239,Solar,Solar,54.9,Boothroyd et al. 2023 catchment geodatabase,Rio_Grande_de_Mindanao,high
6253,TUPI,municipality,73.7,4.71,1.8,135.2029,14.1439,1.8,Solar,Solar,46.6,Boothroyd et al. 2023 catchment geodatabase,Rio_Grande_de_Mindanao,high
6254,BAGUMBAYAN,municipality,75.59,92.24,4.84,138.6649,276.72,4.839,Wind,Wind,80.7,Boothroyd et al. 2023 catchment geodatabase,Rio_Grande_de_Mindanao,high
6255,COLUMBIO,municipality,77.29,66.75,10.28,141.7918,200.2429,10.284,Wind,Solar,49.7,Boothroyd et al. 2023 catchment geodatabase,Rio_Grande_de_Mindanao,high
6257,ISULAN,municipality,71.16,50.08,31.13,130.5498,150.2541,31.127,Wind,Solar,44.4,Boothroyd et al. 2023 catchment geodatabase,Rio_Grande_de_Mindanao,high
6258,KALAMANSIG,municipality,66.92,1.99,1.38,122.7696,5.9792,1.384,Solar,Solar,40.9,Boothroyd et al. 2023 catchment geodatabase,Tian,moderate
6259,LAMBAYONG (MARIANO MARCOS),municipality,83.85,8.16,0.05,153.8157,24.4946,0.048,Solar,Solar,55.6,Boothroyd et al. 2023 catchment geodatabase,Rio_Grande_de_Mindanao,high
6260,LEBAK,municipality,73.52,21.02,0.72,134.8679,63.0518,0.717,Solar,Solar,46.4,Boothroyd et al. 2023 catchment geodatabase,Tian,high
6261,LUTAYAN,municipality,81.71,7.1,0.0,149.907,21.3089,0.004,Solar,Solar,53.7,Boothroyd et al. 2023 catchment geodatabase,Rio_Grande_de_Mindanao,high
6262,PALIMBANG,municipality,63.17,9.77,0.34,115.8829,29.3084,0.343,Solar,Solar,37.8,Boothroyd et al. 2023 catchment geodatabase,Kraan,moderate
6263,PRESIDENT QUIRINO,municipality,83.11,7.36,0.04,152.4756,22.093,0.044,Solar,Solar,55.0,Boothroyd et al. 2023 catchment geodatabase,Rio_Grande_de_Mindanao,high
6265,TACURONG CITY,municipality,81.78,3.9,0.07,150.0187,11.7003,0.074,Solar,Solar,53.7,Boothroyd et al. 2023 catchment geodatabase,Rio_Grande_de_Mindanao,high
6268,CABADBARAN CITY,municipality,68.55,2.86,61.03,125.7476,8.5713,61.031,Solar,Solar,42.2,Boothroyd et al. 2023 catchment geodatabase,Asiga,moderate
6270,JABONGA,municipality,67.77,2.6,46.14,124.3331,7.8067,46.136,Solar,Solar,41.6,Boothroyd et al. 2023 catchment geodatabase,Asiga,high
6271,KITCHARAO,municipality,69.86,17.18,5.21,128.1674,51.5295,5.207,Solar,Solar,43.3,Boothroyd et al. 2023 catchment geodatabase,Asiga,high
6272,LAS NIEVES,municipality,76.99,22.89,0.87,141.2334,68.6644,0.869,Solar,Solar,49.4,Boothroyd et al. 2023 catchment geodatabase,Agusan,high
6274,NASIPIT,municipality,75.99,33.06,8.84,139.4094,99.167,8.844,Solar,Solar,48.6,Boothroyd et al. 2023 catchment geodatabase,Agusan,none
6275,REMEDIOS T. ROMUALDEZ,municipality,64.28,2.41,14.06,117.9303,7.2217,14.063,Solar,Solar,38.7,Boothroyd et al. 2023 catchment geodatabase,Agusan,low
6277,TUBAY,municipality,70.41,2.54,31.81,129.1725,7.621,31.809,Solar,Solar,43.8,Boothroyd et al. 2023 catchment geodatabase,Asiga,high
6278,BAYUGAN CITY,municipality,73.46,93.25,0.88,134.7562,279.7477,0.883,Wind,Wind,82.0,Boothroyd et al. 2023 catchment geodatabase,Agusan,high
6279,BUNAWAN,municipality,74.63,8.95,0.36,136.9154,26.8435,0.357,Solar,Solar,47.4,Boothroyd et al. 2023 catchment geodatabase,Agusan,high
6282,LORETO,municipality,75.99,6.85,1.19,139.4094,20.5465,1.189,Solar,Solar,48.6,Boothroyd et al. 2023 catchment geodatabase,Agusan,high
6283,PROSPERIDAD,municipality,75.91,5.82,0.24,139.2605,17.4607,0.244,Solar,Solar,48.5,Boothroyd et al. 2023 catchment geodatabase,Agusan,high
6284,ROSARIO,municipality,80.68,74.39,0.15,148.0085,223.176,0.15,Wind,Wind,58.2,Boothroyd et al. 2023 catchment geodatabase,Malaking_Ilog,high
6287,SANTA JOSEFA,municipality,75.69,19.35,0.02,138.851,58.0625,0.015,Solar,Solar,48.3,Boothroyd et al. 2023 catchment geodatabase,Agusan,high
6288,SIBAGAT,municipality,70.82,15.03,3.28,129.9169,45.09,3.283,Solar,Solar,44.1,Boothroyd et al. 2023 catchment geodatabase,Agusan,high
6289,TALACOGON,municipality,76.36,5.2,0.01,140.0795,15.6052,0.006,Solar,Solar,48.9,Boothroyd et al. 2023 catchment geodatabase,Agusan,high
6290,TRENTO,municipality,75.42,14.72,0.04,138.3671,44.1702,0.038,Solar,Solar,48.1,Boothroyd et al. 2023 catchment geodatabase,Agusan,high
6291,VERUELA,municipality,76.54,10.71,0.06,140.4145,32.1288,0.064,Solar,Solar,49.0,Boothroyd et al. 2023 catchment geodatabase,Agusan,high
6293,CAGDIANAO,municipality,75.87,100.0,2.26,139.1861,511.7785,2.262,Wind,Wind,100.0,Boothroyd et al. 2023 catchment geodatabase,Asiga,none
6294,DINAGAT,municipality,76.17,39.1,2.26,139.7444,117.3014,2.262,Solar,Solar,48.7,Boothroyd et al. 2023 catchment geodatabase,Asiga,none
6295,LIBJO (ALBOR),municipality,74.61,29.59,2.26,136.8781,88.7773,2.262,Solar,Solar,47.4,Boothroyd et al. 2023 catchment geodatabase,Asiga,none
6298,TUBAJON,municipality,73.94,30.22,0.25,135.6496,90.6556,0.251,Solar,Solar,46.8,Boothroyd et al. 2023 catchment geodatabase,Cadacan,none
6300,BACUAG,municipality,75.28,33.54,0.19,138.1066,100.6148,0.187,Solar,Solar,47.9,Boothroyd et al. 2023 catchment geodatabase,Asiga,moderate
6301,BURGOS,municipality,79.99,23.49,0.02,146.7428,70.4627,0.019,Solar,Solar,52.1,Boothroyd et al. 2023 catchment geodatabase,Asiga,none
6302,CLAVER,municipality,68.04,27.72,0.29,124.817,83.1564,0.29,Solar,Solar,41.8,Boothroyd et al. 2023 catchment geodatabase,Asiga,none
6303,DAPA,municipality,76.84,66.47,0.29,140.9729,199.4195,0.289,Wind,Solar,49.3,Boothroyd et al. 2023 catchment geodatabase,Asiga,none
6304,DEL CARMEN,municipality,74.92,30.69,0.02,137.4365,92.0717,0.019,Solar,Solar,47.6,Boothroyd et al. 2023 catchment geodatabase,Asiga,none
6306,GIGAQUIT,municipality,70.88,11.24,30.86,130.0286,33.7255,30.859,Solar,Solar,44.2,Boothroyd et al. 2023 catchment geodatabase,Asiga,low
6307,MAINIT,municipality,74.29,26.06,4.35,136.2825,78.1791,4.354,Solar,Solar,47.1,Boothroyd et al. 2023 catchment geodatabase,Asiga,high
6308,MALIMONO,municipality,70.09,32.75,20.95,128.5769,98.2627,20.951,Solar,Solar,43.5,Boothroyd et al. 2023 catchment geodatabase,Asiga,moderate
6310,PLACER,municipality,84.39,84.71,0.01,154.8208,254.1434,0.005,Wind,Wind,70.8,Boothroyd et al. 2023 catchment geodatabase,Mano,none
6311,SAN BENITO,municipality,75.42,49.12,0.02,138.3671,147.374,0.019,Wind,Solar,48.1,Boothroyd et al. 2023 catchment geodatabase,Asiga,none
6315,SISON,municipality,72.14,26.54,0.73,132.3366,79.6176,0.727,Solar,Solar,45.2,Boothroyd et al. 2023 catchment geodatabase,Asiga,moderate
6317,SURIGAO CITY,municipality,76.32,75.21,2.26,140.005,225.6239,2.262,Wind,Wind,59.2,Boothroyd et al. 2023 catchment geodatabase,Asiga,none
6318,TAGANA-AN,municipality,76.28,46.49,0.02,139.9306,139.4684,0.018,Solar,Solar,48.8,Boothroyd et al. 2023 catchment geodatabase,Asiga,none
6319,TUBOD,municipality,75.3,20.74,0.92,138.1438,62.2341,0.918,Solar,Solar,48.0,Boothroyd et al. 2023 catchment geodatabase,Maranding,moderate
6320,BAROBO,municipality,78.08,17.97,0.04,143.2437,53.9234,0.038,Solar,Solar,50.4,Boothroyd et al. 2023 catchment geodatabase,Hinatuan,high
6321,BAYABAS,municipality,77.9,25.65,0.49,142.9086,76.9625,0.489,Solar,Solar,50.2,Boothroyd et al. 2023 catchment geodatabase,Tago,high
6322,BISLIG CITY,municipality,77.25,14.41,0.43,141.7174,43.2229,0.426,Solar,Solar,49.7,Boothroyd et al. 2023 catchment geodatabase,Bislig,high
6323,CAGWAIT,municipality,77.9,13.72,1.23,142.9086,41.1599,1.226,Solar,Solar,50.2,Boothroyd et al. 2023 catchment geodatabase,Tago,moderate
6324,CANTILAN,municipality,72.16,3.0,2.12,132.3738,8.9978,2.122,Solar,Solar,45.2,Boothroyd et al. 2023 catchment geodatabase,Cantilan,high
6326,CARRASCAL,municipality,72.71,3.87,2.38,133.3789,11.6072,2.376,Solar,Solar,45.7,Boothroyd et al. 2023 catchment geodatabase,Cantilan,low
6328,HINATUAN,municipality,77.84,17.69,0.08,142.7969,53.0609,0.075,Solar,Solar,50.2,Boothroyd et al. 2023 catchment geodatabase,Hinatuan,low
6329,LANUZA,municipality,70.92,88.79,0.73,130.1031,266.3564,0.733,Wind,Wind,76.1,Boothroyd et al. 2023 catchment geodatabase,Tago,low
6330,LIANGA,municipality,75.3,56.02,15.8,138.1438,168.0519,15.8,Wind,Solar,48.0,Boothroyd et al. 2023 catchment geodatabase,Agusan,low
6331,LINGIG,municipality,77.31,5.0,0.61,141.829,14.9885,0.612,Solar,Solar,49.7,Boothroyd et al. 2023 catchment geodatabase,Bislig,moderate
6332,MADRID,municipality,71.57,3.78,19.28,131.2943,11.3286,19.278,Solar,Solar,44.7,Boothroyd et al. 2023 catchment geodatabase,Cantilan,high
6333,MARIHATAG,municipality,75.16,3.05,6.48,137.8832,9.1473,6.48,Solar,Solar,47.8,Boothroyd et al. 2023 catchment geodatabase,Tago,low
6334,SAN AGUSTIN,municipality,77.74,2.21,2.46,142.6108,6.6313,2.456,Solar,Solar,50.1,Boothroyd et al. 2023 catchment geodatabase,Tago,none
6335,SAN MIGUEL,municipality,82.28,100.0,0.07,150.9493,356.718,0.074,Wind,Wind,100.0,Boothroyd et al. 2023 catchment geodatabase,Pampanga,high
6336,TAGBINA,municipality,74.82,9.39,0.2,137.2504,28.1552,0.196,Solar,Solar,47.5,Boothroyd et al. 2023 catchment geodatabase,Hinatuan,high
6337,TAGO,municipality,74.96,13.61,0.82,137.511,40.8395,0.818,Solar,Solar,47.7,Boothroyd et al. 2023 catchment geodatabase,Tago,high
6338,TANDAG CITY,municipality,77.45,10.6,2.28,142.0896,31.7894,2.285,Solar,Solar,49.8,Boothroyd et al. 2023 catchment geodatabase,Tago,low
6339,AKBAR,municipality,78.73,12.84,0.15,144.4349,38.5053,0.154,Solar,Solar,51.0,Boothroyd et al. 2023 catchment geodatabase,Sibulao,none
6340,AL-BARKA,municipality,81.47,9.11,0.15,149.4603,27.328,0.154,Solar,Solar,53.5,Boothroyd et al. 2023 catchment geodatabase,Sibulao,none
6341,HADJI MOHAMMAD AJUL,municipality,81.21,11.8,0.04,148.9763,35.4139,0.038,Solar,Solar,53.2,Boothroyd et al. 2023 catchment geodatabase,Sibulao,none
6342,HADJI MUHTAMAD,municipality,81.67,16.01,0.12,149.8325,48.0275,0.124,Solar,Solar,53.6,Boothroyd et al. 2023 catchment geodatabase,Sibulao,none
6344,LAMITAN CITY,municipality,75.44,8.29,0.12,138.4044,24.8651,0.124,Solar,Solar,48.1,Boothroyd et al. 2023 catchment geodatabase,Sibulao,none
6345,LANTAWAN,municipality,73.56,6.96,0.12,134.9423,20.8799,0.124,Solar,Solar,46.4,Boothroyd et al. 2023 catchment geodatabase,Sibulao,none
6346,MALUSO,municipality,73.17,8.97,0.12,134.235,26.8979,0.124,Solar,Solar,46.1,Boothroyd et al. 2023 catchment geodatabase,Sibulao,none
6347,SUMISIP,municipality,72.22,9.72,0.12,132.4855,29.1659,0.124,Solar,Solar,45.3,Boothroyd et al. 2023 catchment geodatabase,Sibulao,none
6348,TABUAN-LASA,municipality,82.57,22.73,0.12,151.4705,68.1796,0.124,Solar,Solar,54.5,Boothroyd et al. 2023 catchment geodatabase,Sibulao,none
6349,TIPO-TIPO,municipality,76.82,5.7,0.12,140.9356,17.092,0.124,Solar,Solar,49.3,Boothroyd et al. 2023 catchment geodatabase,Sibulao,none
6351,UNGKAYA PUKAN,municipality,73.9,5.59,0.12,135.5751,16.7592,0.124,Solar,Solar,46.7,Boothroyd et al. 2023 catchment geodatabase,Sibulao,none
6352,AMAI MANABILANG (BUMBARAN),municipality,75.04,3.15,0.07,137.6598,9.4574,0.072,Solar,Solar,47.7,Boothroyd et al. 2023 catchment geodatabase,Agus,high
6354,BALABAGAN,municipality,78.12,2.67,0.2,143.318,8.007,0.2,Solar,Solar,50.4,Boothroyd et al. 2023 catchment geodatabase,Matling,none
6355,BALINDONG (WATU),municipality,78.81,37.5,13.13,144.5838,112.4892,13.127,Solar,Solar,51.1,Boothroyd et al. 2023 catchment geodatabase,Agus,high
6356,BAYANG,municipality,77.21,35.66,0.59,141.6429,106.9731,0.588,Solar,Solar,49.6,Boothroyd et al. 2023 catchment geodatabase,Matling,high
6357,BINIDAYAN,municipality,76.22,51.99,0.54,139.8189,155.9773,0.537,Wind,Solar,48.8,Boothroyd et al. 2023 catchment geodatabase,Matling,high
6358,BUADIPOSO-BUNTONG,municipality,73.64,12.03,0.01,135.0912,36.0905,0.013,Solar,Solar,46.5,Boothroyd et al. 2023 catchment geodatabase,Agus,high
6359,BUBONG,municipality,70.98,10.33,6.63,130.2147,30.9831,6.625,Solar,Solar,44.2,Boothroyd et al. 2023 catchment geodatabase,Agus,high
6360,BUTIG,municipality,62.36,1.35,22.93,114.3939,4.0564,22.93,Solar,Solar,37.2,Boothroyd et al. 2023 catchment geodatabase,Agus,high
6361,CALANOGAS,municipality,72.52,11.66,1.95,133.0439,34.9709,1.955,Solar,Solar,45.5,Boothroyd et al. 2023 catchment geodatabase,Matling,high
6362,DITSAAN-RAMAIN,municipality,76.07,14.3,0.1,139.5583,42.9144,0.102,Solar,Solar,48.6,Boothroyd et al. 2023 catchment geodatabase,Agus,high
6363,GANASSI,municipality,76.36,22.07,2.11,140.0795,66.2227,2.111,Solar,Solar,48.9,Boothroyd et al. 2023 catchment geodatabase,Agus,high
6364,KAPAI,municipality,74.21,16.07,1.47,136.1336,48.2014,1.467,Solar,Solar,47.0,Boothroyd et al. 2023 catchment geodatabase,Mandulog,high
6365,KAPATAGAN,municipality,80.01,51.07,0.01,146.7801,153.2218,0.015,Wind,Solar,52.1,Boothroyd et al. 2023 catchment geodatabase,Maranding,moderate
6367,LUMBACA-UNAYAN,municipality,73.94,29.14,1.0,135.6496,87.4274,1.002,Solar,Solar,46.8,Boothroyd et al. 2023 catchment geodatabase,Matling,high
6368,LUMBATAN,municipality,75.93,29.75,0.1,139.2978,89.2427,0.096,Solar,Solar,48.5,Boothroyd et al. 2023 catchment geodatabase,Matling,high
6369,LUMBAYANAGUE,municipality,77.45,25.44,0.62,142.0896,76.308,0.623,Solar,Solar,49.8,Boothroyd et al. 2023 catchment geodatabase,Agus,high
6370,MADALUM,municipality,66.31,10.97,1.72,121.6529,32.9091,1.716,Solar,Solar,40.4,Boothroyd et al. 2023 catchment geodatabase,Agus,moderate
6371,MADAMBA,municipality,69.26,7.53,4.22,127.0505,22.5909,4.217,Solar,Solar,42.8,Boothroyd et al. 2023 catchment geodatabase,Maranding,high
6372,MAGUING,municipality,71.33,5.44,4.12,130.8476,16.3292,4.119,Solar,Solar,44.5,Boothroyd et al. 2023 catchment geodatabase,Agus,high
6373,MALABANG,municipality,78.41,3.49,0.96,143.8393,10.4839,0.958,Solar,Solar,50.7,Boothroyd et al. 2023 catchment geodatabase,Matling,high
6374,MARANTAO,municipality,78.89,36.87,12.28,144.7327,110.5983,12.281,Solar,Solar,51.1,Boothroyd et al. 2023 catchment geodatabase,Agus,high
6375,MARAWI CITY,municipality,75.1,100.0,0.23,137.7715,541.1304,0.228,Wind,Wind,100.0,Boothroyd et al. 2023 catchment geodatabase,Agus,high
6376,MAROGONG,municipality,63.39,2.46,19.46,116.2924,7.39,19.464,Solar,Solar,38.0,Boothroyd et al. 2023 catchment geodatabase,Matling,high
6377,MASIU,municipality,70.33,1.64,7.33,129.0235,4.9092,7.329,Solar,Solar,43.7,Boothroyd et al. 2023 catchment geodatabase,Agus,high
6378,MULONDO,municipality,77.43,31.37,0.01,142.0524,94.0979,0.013,Solar,Solar,49.8,Boothroyd et al. 2023 catchment geodatabase,Agus,high
6380,PIAGAPO,municipality,72.52,19.95,1.17,133.0439,59.8591,1.174,Solar,Solar,45.5,Boothroyd et al. 2023 catchment geodatabase,Agus,moderate
6381,PICONG (SULTAN GUMANDER),municipality,78.98,2.4,0.03,144.8816,7.1916,0.03,Solar,Solar,51.2,Boothroyd et al. 2023 catchment geodatabase,Maranding,none
6383,PUALAS,municipality,71.99,27.1,0.02,132.076,81.2893,0.021,Solar,Solar,45.1,Boothroyd et al. 2023 catchment geodatabase,Matling,high
6384,SAGUIARAN,municipality,74.41,18.76,3.87,136.5059,56.2874,3.871,Solar,Solar,47.2,Boothroyd et al. 2023 catchment geodatabase,Agus,high
6385,SULTAN DUMALONDONG,municipality,73.64,19.1,0.07,135.0912,57.2937,0.068,Solar,Solar,46.5,Boothroyd et al. 2023 catchment geodatabase,Matling,high
6387,TAMPARAN,municipality,78.47,34.36,0.01,143.951,103.0834,0.011,Solar,Solar,50.8,Boothroyd et al. 2023 catchment geodatabase,Agus,high
6388,TARAKA,municipality,79.28,36.8,0.01,145.44,110.3876,0.013,Solar,Solar,51.5,Boothroyd et al. 2023 catchment geodatabase,Agus,high
6389,TUBARAN,municipality,73.78,5.05,15.69,135.3518,15.1468,15.691,Solar,Solar,46.6,Boothroyd et al. 2023 catchment geodatabase,Matling,high
6390,TUGAYA,municipality,77.15,76.03,37.56,141.5312,228.0963,37.562,Wind,Wind,60.1,Boothroyd et al. 2023 catchment geodatabase,Agus,high
6391,WAO,municipality,80.17,9.93,17.67,147.0779,29.7891,17.67,Solar,Solar,52.3,Boothroyd et al. 2023 catchment geodatabase,Rio_Grande_de_Mindanao,high
6392,AMPATUAN,municipality,78.83,9.11,1.54,144.621,27.3199,1.543,Solar,Solar,51.1,Boothroyd et al. 2023 catchment geodatabase,Rio_Grande_de_Mindanao,high
6393,BARIRA,municipality,78.31,4.15,2.32,143.6532,12.4453,2.322,Solar,Solar,50.6,Boothroyd et al. 2023 catchment geodatabase,Agus,none
6394,BULDON,municipality,72.4,9.71,0.37,132.8205,29.1268,0.369,Solar,Solar,45.4,Boothroyd et al. 2023 catchment geodatabase,Agus,none
6395,BULUAN,municipality,82.18,11.57,0.0,150.7632,34.7146,0.002,Solar,Solar,54.1,Boothroyd et al. 2023 catchment geodatabase,Rio_Grande_de_Mindanao,high
6396,COTABATO CITY,municipality,87.72,51.79,0.59,160.9258,155.3737,0.586,Solar,Solar,59.3,Boothroyd et al. 2023 catchment geodatabase,Rio_Grande_de_Mindanao,moderate
6397,DATU ABDULLAH SANGKI,municipality,83.66,7.76,0.02,153.4807,23.2653,0.016,Solar,Solar,55.5,Boothroyd et al. 2023 catchment geodatabase,Rio_Grande_de_Mindanao,high
6398,DATU ANGGAL MIDTIMBANG,municipality,85.65,5.24,1.41,157.1287,15.715,1.409,Solar,Solar,57.3,Boothroyd et al. 2023 catchment geodatabase,Rio_Grande_de_Mindanao,high
6399,DATU BLAH T. SINSUAT,municipality,75.46,42.81,0.28,138.4416,128.439,0.28,Solar,Solar,48.1,Boothroyd et al. 2023 catchment geodatabase,Tian,low
6400,DATU HOFFER AMPATUAN,municipality,81.88,18.27,13.7,150.2048,54.7983,13.705,Solar,Solar,53.8,Boothroyd et al. 2023 catchment geodatabase,Rio_Grande_de_Mindanao,high
6401,DATU ODIN SINSUAT (DINAIG),municipality,84.17,60.86,0.16,154.4113,182.5769,0.16,Wind,Solar,55.9,Boothroyd et al. 2023 catchment geodatabase,Rio_Grande_de_Mindanao,high
6402,DATU PAGLAS,municipality,80.94,8.42,0.03,148.4924,25.2727,0.032,Solar,Solar,53.0,Boothroyd et al. 2023 catchment geodatabase,Rio_Grande_de_Mindanao,high
6403,DATU PIANG,municipality,85.98,23.61,0.64,157.7243,70.8232,0.64,Solar,Solar,57.6,Boothroyd et al. 2023 catchment geodatabase,Rio_Grande_de_Mindanao,high
6404,DATU SALIBO,municipality,86.06,24.15,0.64,157.8732,72.4626,0.64,Solar,Solar,57.7,Boothroyd et al. 2023 catchment geodatabase,Rio_Grande_de_Mindanao,high
6405,DATU SAUDI AMPATUAN,municipality,85.23,9.72,8.01,156.347,29.1699,8.006,Solar,Solar,56.9,Boothroyd et al. 2023 catchment geodatabase,Rio_Grande_de_Mindanao,high
6406,DATU UNSAY,municipality,83.56,11.67,0.37,153.2946,35.0075,0.369,Solar,Solar,55.4,Boothroyd et al. 2023 catchment geodatabase,Rio_Grande_de_Mindanao,high
6408,GUINDULUNGAN,municipality,83.3,22.66,27.34,152.8106,67.987,27.345,Solar,Solar,55.1,Boothroyd et al. 2023 catchment geodatabase,Rio_Grande_de_Mindanao,high
6409,KABUNTALAN (TUMBAO),municipality,86.71,48.41,0.64,159.0644,145.245,0.64,Solar,Solar,58.3,Boothroyd et al. 2023 catchment geodatabase,Rio_Grande_de_Mindanao,high
6410,MAMASAPANO,municipality,84.76,10.43,0.01,155.4908,31.2826,0.006,Solar,Solar,56.5,Boothroyd et al. 2023 catchment geodatabase,Rio_Grande_de_Mindanao,high
6411,MANGUDADATU,municipality,80.19,9.28,0.43,147.1151,27.8497,0.429,Solar,Solar,52.3,Boothroyd et al. 2023 catchment geodatabase,Rio_Grande_de_Mindanao,high
6412,MATANOG,municipality,77.07,16.66,1.58,141.3824,49.9788,1.577,Solar,Solar,49.5,Boothroyd et al. 2023 catchment geodatabase,Matling,none
6413,NORTHERN KABUNTALAN,municipality,86.2,66.95,0.4,158.1338,200.8425,0.404,Wind,Solar,57.8,Boothroyd et al. 2023 catchment geodatabase,Rio_Grande_de_Mindanao,low
6414,PAGAGAWAN,municipality,84.56,15.36,0.48,155.1186,46.0663,0.483,Solar,Solar,56.3,Boothroyd et al. 2023 catchment geodatabase,Rio_Grande_de_Mindanao,high
6415,PAGALUNGAN,municipality,84.76,12.72,0.48,155.4908,38.175,0.483,Solar,Solar,56.5,Boothroyd et al. 2023 catchment geodatabase,Rio_Grande_de_Mindanao,high
6416,PAGLAT,municipality,83.11,7.61,0.48,152.4756,22.8387,0.483,Solar,Solar,55.0,Boothroyd et al. 2023 catchment geodatabase,Rio_Grande_de_Mindanao,high
6417,PANDAG,municipality,82.3,9.88,0.0,150.9865,29.6388,0.002,Solar,Solar,54.2,Boothroyd et al. 2023 catchment geodatabase,Rio_Grande_de_Mindanao,high
6419,RAJAH BUAYAN,municipality,84.98,12.85,0.64,155.9003,38.5636,0.64,Solar,Solar,56.7,Boothroyd et al. 2023 catchment geodatabase,Rio_Grande_de_Mindanao,high
6420,SHARIFF AGUAK (MAGANOY),municipality,84.66,8.1,0.03,155.3047,24.2892,0.029,Solar,Solar,56.4,Boothroyd et al. 2023 catchment geodatabase,Rio_Grande_de_Mindanao,high
6421,SHARIFF SAYDONA MUSTAPHA,municipality,84.98,12.35,0.64,155.9003,37.0519,0.64,Solar,Solar,56.7,Boothroyd et al. 2023 catchment geodatabase,Rio_Grande_de_Mindanao,high
6422,SOUTH UPI,municipality,79.58,70.23,10.86,145.9983,210.6986,10.86,Wind,Wind,53.5,Boothroyd et al. 2023 catchment geodatabase,Tian,high
6423,SULTAN KUDARAT (NULING),municipality,86.34,20.71,0.34,158.3944,62.1269,0.335,Solar,Solar,58.0,Boothroyd et al. 2023 catchment geodatabase,Rio_Grande_de_Mindanao,none
6424,SULTAN MASTURA,municipality,86.12,26.52,0.16,157.9849,79.5523,0.16,Solar,Solar,57.8,Boothroyd et al. 2023 catchment geodatabase,Rio_Grande_de_Mindanao,none
6426,TALAYAN,municipality,82.67,8.1,1.84,151.6565,24.293,1.837,Solar,Solar,54.6,Boothroyd et al. 2023 catchment geodatabase,Rio_Grande_de_Mindanao,high
6427,TALITAY,municipality,86.48,13.72,0.77,158.655,41.1475,0.769,Solar,Solar,58.1,Boothroyd et al. 2023 catchment geodatabase,Rio_Grande_de_Mindanao,high
6428,UPI,municipality,77.78,100.0,0.09,142.6852,314.1426,0.095,Wind,Wind,93.9,Boothroyd et al. 2023 catchment geodatabase,Rio_Grande_de_Mindanao,low
6430,INDANAN,municipality,74.41,59.1,0.12,136.5059,177.3144,0.119,Wind,Solar,47.2,Boothroyd et al. 2023 catchment geodatabase,Sibulao,none
6431,JOLO,municipality,76.05,24.75,0.12,139.5211,74.2525,0.119,Solar,Solar,48.6,Boothroyd et al. 2023 catchment geodatabase,Sibulao,none
6432,KALINGALAN CALUANG,municipality,79.28,28.63,0.12,145.44,85.8807,0.119,Solar,Solar,51.5,Boothroyd et al. 2023 catchment geodatabase,Sibulao,none
6433,LUGUS,municipality,84.25,8.92,0.12,154.5602,26.7587,0.124,Solar,Solar,56.0,Boothroyd et al. 2023 catchment geodatabase,Sibulao,none
6434,LUUK,municipality,79.04,8.73,0.12,144.9933,26.2024,0.119,Solar,Solar,51.3,Boothroyd et al. 2023 catchment geodatabase,Sibulao,none
6435,MAIMBUNG,municipality,78.04,12.05,0.12,143.1692,36.1477,0.119,Solar,Solar,50.4,Boothroyd et al. 2023 catchment geodatabase,Sibulao,none
6436,OLD PANAMAO,municipality,78.39,9.58,0.12,143.8021,28.7398,0.119,Solar,Solar,50.7,Boothroyd et al. 2023 catchment geodatabase,Sibulao,none
6437,OMAR,municipality,81.98,9.55,0.12,150.3909,28.6614,0.119,Solar,Solar,53.9,Boothroyd et al. 2023 catchment geodatabase,Sibulao,none
6438,PANDAMI,municipality,83.18,33.41,0.12,152.5873,100.2413,0.124,Solar,Solar,55.0,Boothroyd et al. 2023 catchment geodatabase,Sibulao,none
6440,PANGUTARAN,municipality,83.6,48.8,0.12,153.369,146.3968,0.124,Solar,Solar,55.4,Boothroyd et al. 2023 catchment geodatabase,Sibulao,none
6441,PARANG,municipality,77.33,10.55,0.12,141.8663,31.6409,0.122,Solar,Solar,49.7,Boothroyd et al. 2023 catchment geodatabase,Sibulao,none
6442,PATA,municipality,83.01,13.01,0.12,152.2895,39.0197,0.119,Solar,Solar,54.9,Boothroyd et al. 2023 catchment geodatabase,Sibulao,none
6443,PATIKUL,municipality,72.97,5.31,0.12,133.8628,15.9396,0.119,Solar,Solar,45.9,Boothroyd et al. 2023 catchment geodatabase,Sibulao,none
6444,SIASI,municipality,81.02,14.72,0.12,148.6413,44.1575,0.124,Solar,Solar,53.1,Boothroyd et al. 2023 catchment geodatabase,Sibulao,none
6445,TALIPAO,municipality,77.03,9.47,0.12,141.3079,28.3986,0.119,Solar,Solar,49.5,Boothroyd et al. 2023 catchment geodatabase,Sibulao,none
6446,TAPUL,municipality,84.39,28.92,0.12,154.8208,86.7558,0.124,Solar,Solar,56.2,Boothroyd et al. 2023 catchment geodatabase,Sibulao,none
6447,TONGKIL,municipality,83.24,28.28,0.12,152.699,84.8251,0.119,Solar,Solar,55.1,Boothroyd et al. 2023 catchment geodatabase,Sibulao,none
6448,BONGAO,municipality,77.86,22.23,0.13,142.8341,66.6859,0.13,Solar,Solar,50.2,Boothroyd et al. 2023 catchment geodatabase,Sibulao,none
6449,LANGUYAN,municipality,76.46,11.06,0.13,140.2656,33.1841,0.13,Solar,Solar,49.0,Boothroyd et al. 2023 catchment geodatabase,Sibulao,none
6452,SAPA-SAPA,municipality,82.36,35.07,0.13,151.0983,105.1968,0.13,Solar,Solar,54.3,Boothroyd et al. 2023 catchment geodatabase,Sibulao,none
6453,SIBUTU,municipality,81.55,8.92,0.19,149.6092,26.7643,0.187,Solar,Solar,53.5,Boothroyd et al. 2023 catchment geodatabase,Sibulao,none
6454,SIMUNUL,municipality,81.49,11.42,0.13,149.4975,34.2749,0.13,Solar,Solar,53.5,Boothroyd et al. 2023 catchment geodatabase,Sibulao,none
6455,SITANGKAI,municipality,80.62,26.14,0.17,147.8968,78.4252,0.173,Solar,Solar,52.7,Boothroyd et al. 2023 catchment geodatabase,Sibulao,none
6456,SOUTH UBIAN,municipality,85.51,32.29,0.13,156.8682,96.865,0.127,Solar,Solar,57.2,Boothroyd et al. 2023 catchment geodatabase,Sibulao,none
6457,TANDUBAS,municipality,78.93,12.94,0.13,144.8071,38.8143,0.127,Solar,Solar,51.2,Boothroyd et al. 2023 catchment geodatabase,Sibulao,none
6458,TURTLE ISLANDS,municipality,83.99,78.27,0.23,154.0763,234.8014,0.23,Wind,Wind,62.8,Boothroyd et al. 2023 catchment geodatabase,Sibulao,none
6459,BANGUED,municipality,92.57,100.0,0.04,169.8226,351.3358,0.042,Wind,Wind,100.0,Boothroyd et al. 2023 catchment geodatabase,Abra,high
6460,BOLINEY,municipality,83.34,6.36,1.81,152.8851,19.0792,1.807,Solar,Solar,55.2,Boothroyd et al. 2023 catchment geodatabase,Abra,high
6461,BUCAY,municipality,90.56,20.82,0.08,166.1373,62.4667,0.085,Solar,Solar,62.0,Boothroyd et al. 2023 catchment geodatabase,Abra,high
6462,BUCLOC,municipality,85.79,0.14,3.51,157.3893,0.4077,3.511,Solar,Solar,57.5,Boothroyd et al. 2023 catchment geodatabase,Abra,high
6463,DAGUIOMAN,municipality,73.27,3.58,45.67,134.4212,10.7534,45.67,Solar,Solar,46.2,Boothroyd et al. 2023 catchment geodatabase,Abra,high
6464,DANGLAS,municipality,86.42,48.22,37.1,158.5433,144.6661,37.096,Solar,Solar,58.1,Boothroyd et al. 2023 catchment geodatabase,Abra,high
6466,LA PAZ,municipality,87.01,54.91,0.01,159.6229,164.7208,0.008,Wind,Solar,58.6,Boothroyd et al. 2023 catchment geodatabase,Pampanga,high
6467,LACUB,municipality,84.25,100.0,54.71,154.5602,402.0506,54.713,Wind,Wind,100.0,Boothroyd et al. 2023 catchment geodatabase,Abra,high
6468,LAGANGILANG,municipality,90.5,100.0,3.52,166.0256,301.7934,3.523,Wind,Wind,91.7,Boothroyd et al. 2023 catchment geodatabase,Abra,high
6469,LAGAYAN,municipality,88.82,73.76,63.63,162.9359,221.2795,63.631,Wind,Solar,60.3,Boothroyd et al. 2023 catchment geodatabase,Abra,high
6470,LANGIDEN,municipality,92.29,100.0,1.34,169.3015,1444.2391,1.336,Wind,Wind,100.0,Boothroyd et al. 2023 catchment geodatabase,Abra,high
6471,LICUAN-BAAY (LICUAN),municipality,85.69,100.0,49.85,157.2032,1021.3538,49.853,Wind,Wind,100.0,Boothroyd et al. 2023 catchment geodatabase,Abra,high
6472,LUBA,municipality,86.2,3.43,0.2,158.1338,10.2907,0.204,Solar,Solar,57.8,Boothroyd et al. 2023 catchment geodatabase,Abra,high
6473,MALIBCONG,municipality,82.81,100.0,24.73,151.9172,1332.4626,24.733,Wind,Wind,100.0,Boothroyd et al. 2023 catchment geodatabase,Abra,high
6474,MANABO,municipality,89.22,9.46,0.97,163.6804,28.3893,0.971,Solar,Solar,60.7,Boothroyd et al. 2023 catchment geodatabase,Abra,high
6475,PEÑARRUBIA,municipality,90.85,42.03,27.36,166.6584,126.0841,27.36,Solar,Solar,62.3,Boothroyd et al. 2023 catchment geodatabase,Abra,high
6476,PIDIGAN,municipality,92.87,54.35,0.61,170.381,163.0474,0.615,Solar,Solar,64.3,Boothroyd et al. 2023 catchment geodatabase,Abra,high
6477,PILAR,municipality,83.87,44.74,0.7,153.8529,134.2177,0.702,Solar,Solar,55.7,Boothroyd et al. 2023 catchment geodatabase,Lubao,none
6478,SALLAPADAN,municipality,89.18,8.08,1.22,163.606,24.2417,1.219,Solar,Solar,60.7,Boothroyd et al. 2023 catchment geodatabase,Abra,high
6481,SAN QUINTIN,municipality,91.84,50.99,0.09,168.4826,152.973,0.092,Solar,Solar,63.3,Boothroyd et al. 2023 catchment geodatabase,Abra,high
6482,TAYUM,municipality,91.96,55.2,0.16,168.7059,165.5925,0.158,Solar,Solar,63.4,Boothroyd et al. 2023 catchment geodatabase,Abra,high
6483,TINEG,municipality,79.79,47.01,52.35,146.3706,141.0272,52.348,Solar,Solar,51.9,Boothroyd et al. 2023 catchment geodatabase,Abra,high
6484,TUBO,municipality,80.33,100.0,18.08,147.3757,390.6263,18.081,Wind,Wind,100.0,Boothroyd et al. 2023 catchment geodatabase,Abra,high
6485,VILLAVICIOSA,municipality,89.36,25.89,5.31,163.941,77.6815,5.315,Solar,Solar,60.9,Boothroyd et al. 2023 catchment geodatabase,Abra,high
6486,CALANASAN (BAYAG),municipality,66.86,100.0,26.13,122.658,575.9878,26.128,Wind,Wind,100.0,Boothroyd et al. 2023 catchment geodatabase,Abulug,high
6487,CONNER,municipality,73.19,0.98,12.04,134.2723,2.9466,12.044,Solar,Solar,46.1,Boothroyd et al. 2023 catchment geodatabase,Cagayan,high
6488,FLORA,municipality,76.56,13.01,0.07,140.4517,39.0209,0.071,Solar,Solar,49.1,Boothroyd et al. 2023 catchment geodatabase,Abulug,high
6489,KABUGAO,municipality,75.42,12.06,1.74,138.3671,36.1776,1.741,Solar,Solar,48.1,Boothroyd et al. 2023 catchment geodatabase,Abulug,high
6491,PUDTOL,municipality,74.63,10.88,36.39,136.9154,32.628,36.391,Solar,Solar,47.4,Boothroyd et al. 2023 catchment geodatabase,Abulug,high
6492,SANTA MARCELA,municipality,77.05,40.03,0.01,141.3451,120.0772,0.014,Solar,Solar,49.5,Boothroyd et al. 2023 catchment geodatabase,Abulug,high
6493,ATOK,municipality,69.99,21.9,59.04,128.3906,65.7113,59.039,Solar,Solar,43.4,Boothroyd et al. 2023 catchment geodatabase,Amburayan,high
6495,BAKUN,municipality,80.23,81.16,17.57,147.1895,243.4769,17.573,Wind,Wind,66.3,Boothroyd et al. 2023 catchment geodatabase,Amburayan,high
6496,BOKOD,municipality,84.96,11.5,50.37,155.8631,34.5015,50.368,Solar,Solar,56.7,Boothroyd et al. 2023 catchment geodatabase,Agno,high
6497,BUGUIAS,municipality,82.2,27.36,25.86,150.8004,82.0704,25.863,Solar,Solar,54.1,Boothroyd et al. 2023 catchment geodatabase,Agno,high
6498,ITOGON,municipality,83.3,100.0,62.63,152.8106,446.6857,62.63,Wind,Wind,100.0,Boothroyd et al. 2023 catchment geodatabase,Agno,high
6499,KABAYAN,municipality,81.19,16.66,60.87,148.9391,49.9772,60.873,Solar,Solar,53.2,Boothroyd et al. 2023 catchment geodatabase,Agno,high
6500,KAPANGAN,municipality,82.99,1.25,1.62,152.2522,3.7615,1.624,Solar,Solar,54.9,Boothroyd et al. 2023 catchment geodatabase,Amburayan,high
6501,KIBUNGAN,municipality,75.83,14.54,47.8,139.1116,43.6347,47.795,Solar,Solar,48.4,Boothroyd et al. 2023 catchment geodatabase,Amburayan,high
6502,LA TRINIDAD,municipality,80.36,82.16,0.24,147.4129,246.4845,0.238,Wind,Wind,67.6,Boothroyd et al. 2023 catchment geodatabase,Bauang,high
6503,MANKAYAN,municipality,84.9,18.51,6.87,155.7514,55.5245,6.867,Solar,Solar,56.6,Boothroyd et al. 2023 catchment geodatabase,Abra,high
6504,SABLAN,municipality,70.47,21.11,3.63,129.2841,63.3213,3.627,Solar,Solar,43.8,Boothroyd et al. 2023 catchment geodatabase,Bauang,high
6505,TUBA,municipality,76.91,18.53,22.86,141.0846,55.5883,22.862,Solar,Solar,49.4,Boothroyd et al. 2023 catchment geodatabase,Aringay,high
6506,TUBLAY,municipality,80.8,3.65,17.13,148.2319,10.9467,17.13,Solar,Solar,52.9,Boothroyd et al. 2023 catchment geodatabase,Bauang,high
6507,AGUINALDO,municipality,78.83,14.15,3.24,144.621,42.4636,3.243,Solar,Solar,51.1,Boothroyd et al. 2023 catchment geodatabase,Cagayan,high
6509,ASIPULO,municipality,77.49,5.4,13.35,142.1641,16.1957,13.348,Solar,Solar,49.9,Boothroyd et al. 2023 catchment geodatabase,Cagayan,high
6510,BANAUE,municipality,76.68,1.05,68.81,140.6751,3.1629,68.807,Solar,Solar,49.2,Boothroyd et al. 2023 catchment geodatabase,Cagayan,high
6511,HINGYON,municipality,79.18,1.59,4.72,145.2539,4.7676,4.723,Solar,Solar,51.4,Boothroyd et al. 2023 catchment geodatabase,Cagayan,high
6512,HUNGDUAN,municipality,73.46,2.05,61.11,134.7562,6.1564,61.112,Solar,Solar,46.4,Boothroyd et al. 2023 catchment geodatabase,Cagayan,high
6513,KIANGAN,municipality,78.18,8.07,37.22,143.4297,24.2104,37.217,Solar,Solar,50.5,Boothroyd et al. 2023 catchment geodatabase,Cagayan,high
6514,LAGAWE,municipality,81.82,1.82,7.46,150.0931,5.4485,7.463,Solar,Solar,53.8,Boothroyd et al. 2023 catchment geodatabase,Cagayan,high
6515,LAMUT,municipality,82.87,4.17,0.22,152.0289,12.5012,0.22,Solar,Solar,54.7,Boothroyd et al. 2023 catchment geodatabase,Cagayan,high
6516,MAYOYAO,municipality,79.32,2.0,4.81,145.5144,5.9929,4.81,Solar,Solar,51.5,Boothroyd et al. 2023 catchment geodatabase,Cagayan,high
6517,TINOC,municipality,71.61,4.96,91.88,131.3687,14.8774,91.877,Solar,Hydropower,51.2,Boothroyd et al. 2023 catchment geodatabase,Cagayan,high
6518,BALBALAN,municipality,72.24,11.19,48.1,132.5227,33.5815,48.101,Solar,Solar,45.3,Boothroyd et al. 2023 catchment geodatabase,Cagayan,high
6519,LUBUAGAN,municipality,77.62,0.34,68.97,142.3874,1.017,68.966,Solar,Solar,50.0,Boothroyd et al. 2023 catchment geodatabase,Cagayan,high
6520,PASIL,municipality,76.91,10.89,83.8,141.0846,32.6601,83.802,Solar,Solar,49.4,Boothroyd et al. 2023 catchment geodatabase,Cagayan,high
6521,PINUKPUK,municipality,79.91,17.12,0.8,146.5939,51.3554,0.804,Solar,Solar,52.0,Boothroyd et al. 2023 catchment geodatabase,Cagayan,high
6524,TANUDAN,municipality,71.61,17.59,31.73,131.3687,52.7821,31.734,Solar,Solar,44.8,Boothroyd et al. 2023 catchment geodatabase,Cagayan,high
6525,TINGLAYAN,municipality,80.01,57.02,42.6,146.7801,171.054,42.604,Wind,Solar,52.1,Boothroyd et al. 2023 catchment geodatabase,Cagayan,high
6526,BARLIG,municipality,74.53,3.41,63.55,136.7292,10.2307,63.553,Solar,Solar,47.3,Boothroyd et al. 2023 catchment geodatabase,Cagayan,high
6527,BAUKO,municipality,84.15,68.03,12.08,154.3741,204.1035,12.076,Wind,Solar,55.9,Boothroyd et al. 2023 catchment geodatabase,Cagayan,high
6528,BESAO,municipality,83.24,100.0,16.61,152.699,663.8775,16.614,Wind,Wind,100.0,Boothroyd et al. 2023 catchment geodatabase,Abra,high
6530,NATONIN,municipality,75.48,6.05,40.03,138.4788,18.1498,40.03,Solar,Solar,48.1,Boothroyd et al. 2023 catchment geodatabase,Cagayan,high
6531,PARACELIS,municipality,82.06,29.25,1.04,150.5398,87.737,1.043,Solar,Solar,54.0,Boothroyd et al. 2023 catchment geodatabase,Cagayan,high
6532,SABANGAN,municipality,74.61,21.06,25.36,136.8781,63.1678,25.359,Solar,Solar,47.4,Boothroyd et al. 2023 catchment geodatabase,Cagayan,high
6533,SADANGA,municipality,83.89,7.03,35.08,153.8902,21.1008,35.081,Solar,Solar,55.7,Boothroyd et al. 2023 catchment geodatabase,Cagayan,high
6534,SAGADA,municipality,86.75,72.83,0.54,159.1389,218.4778,0.544,Wind,Solar,58.4,Boothroyd et al. 2023 catchment geodatabase,Cagayan,high
6535,TADIAN,municipality,82.93,44.24,70.77,152.1406,132.7086,70.765,Solar,Solar,54.8,Boothroyd et al. 2023 catchment geodatabase,Abra,high
6536,CITY OF LAS PIÑAS,municipality,83.66,90.96,0.11,153.4807,272.866,0.112,Wind,Wind,78.9,Boothroyd et al. 2023 catchment geodatabase,Marikina_Pasig,moderate
6537,CITY OF MAKATI,municipality,78.63,40.79,0.01,144.2488,122.3794,0.006,Solar,Solar,50.9,Boothroyd et al. 2023 catchment geodatabase,Marikina_Pasig,high
6538,CITY OF MUNTINLUPA,municipality,84.01,85.77,0.13,154.1135,257.3127,0.133,Wind,Wind,72.1,Boothroyd et al. 2023 catchment geodatabase,Marikina_Pasig,high
6539,CITY OF PARAÑAQUE,municipality,83.09,75.6,0.04,152.4384,226.7855,0.036,Wind,Wind,59.6,Boothroyd et al. 2023 catchment geodatabase,Marikina_Pasig,moderate
6540,PASAY CITY,municipality,80.09,57.03,0.51,146.929,171.0806,0.51,Wind,Solar,52.2,Boothroyd et al. 2023 catchment geodatabase,Marikina_Pasig,moderate
6553,SANTA CRUZ (MANILA),municipality,79.44,100.0,1.58,145.7378,798.7235,1.582,Wind,Wind,100.0,Boothroyd et al. 2023 catchment geodatabase,Norte_Lauis,low
6555,CITY OF MANDALUYONG,municipality,75.97,32.52,0.48,139.3722,97.5711,0.476,Solar,Solar,48.5,Boothroyd et al. 2023 catchment geodatabase,Marikina_Pasig,high
6556,CITY OF MARIKINA,municipality,75.53,22.6,0.01,138.5532,67.8131,0.015,Solar,Solar,48.2,Boothroyd et al. 2023 catchment geodatabase,Marikina_Pasig,high
6557,CITY OF PASIG,municipality,76.34,25.69,0.01,140.0422,77.0597,0.015,Solar,Solar,48.9,Boothroyd et al. 2023 catchment geodatabase,Marikina_Pasig,high
6560,CALOOCAN CITY,municipality,76.2,23.07,0.1,139.7817,69.2068,0.098,Solar,Solar,48.7,Boothroyd et al. 2023 catchment geodatabase,Marikina_Pasig,moderate
6561,CITY OF VALENZUELA,municipality,76.99,26.92,0.08,141.2334,80.7474,0.082,Solar,Solar,49.4,Boothroyd et al. 2023 catchment geodatabase,Marikina_Pasig,moderate
6562,MALABON CITY,municipality,76.66,36.95,0.09,140.6378,110.8532,0.086,Solar,Solar,49.1,Boothroyd et al. 2023 catchment geodatabase,Marikina_Pasig,moderate
6563,NAVOTAS CITY,municipality,77.09,58.75,0.06,141.4196,176.2411,0.062,Wind,Solar,49.5,Boothroyd et al. 2023 catchment geodatabase,Marikina_Pasig,low
6564,PATEROS,municipality,80.56,47.09,1.54,147.7851,141.2567,1.537,Solar,Solar,52.6,Boothroyd et al. 2023 catchment geodatabase,Marikina_Pasig,high
6565,TAGUIG,municipality,82.32,69.47,0.59,151.0237,208.4183,0.591,Wind,Solar,54.2,Boothroyd et al. 2023 catchment geodatabase,Marikina_Pasig,high
